Graph_N,Graph_M,Update_ID,Type,Magnitude,Time_Static_ns,Ops_Static,Time_Dyn_ns,Ops_Dyn,Speedup
1000,4000,0,Del,Struct,234244,2662,424,0,552.46
1000,4000,1,Inc,Large,199808,2664,1703,2,117.33
1000,4000,2,Inc,Large,182813,2664,497,0,367.83
1000,4000,3,Del,Struct,149086,2662,465,0,320.62
1000,4000,4,Add,Struct,147738,2664,326,0,453.18
1000,4000,5,Inc,Large,145304,2664,329,0,441.65
1000,4000,6,Add,Struct,144720,2664,164,0,882.44
1000,4000,7,Add,Struct,155672,2664,420,0,370.65
1000,4000,8,Inc,Large,143193,2664,223,0,642.12
1000,4000,9,Add,Struct,148692,2666,311,0,478.11
1000,4000,10,Add,Struct,146343,2666,505,0,289.79
1000,4000,11,Inc,Large,145692,2666,428,0,340.40
1000,4000,12,Add,Struct,146934,2666,286,2,513.76
1000,4000,13,Del,Struct,146441,2666,302,0,484.90
1000,4000,14,Inc,Large,166216,2666,380,0,437.41
1000,4000,15,Inc,Large,144064,2666,430,0,335.03
1000,4000,16,Del,Struct,142975,2666,252,0,567.36
1000,4000,17,Add,Struct,140742,2666,227,0,620.01
1000,4000,18,Add,Struct,141688,2666,162,0,874.62
1000,4000,19,Inc,Large,141383,2666,329,0,429.74
1000,4000,20,Del,Struct,150136,2666,161,0,932.52
1000,4000,21,Dec,Large,141205,2666,309,0,456.97
1000,4000,22,Del,Struct,140661,2666,143,0,983.64
1000,4000,23,Dec,Large,145805,2666,562,2,259.44
1000,4000,24,Add,Struct,144881,2666,132,0,1097.58
1000,4000,25,Del,Struct,151236,2668,5520,32,27.40
1000,4000,26,Del,Struct,150977,2688,23359,220,6.46
1000,4000,27,Del,Struct,156408,2686,675,2,231.72
1000,4000,28,Del,Struct,147434,2686,135,0,1092.10
1000,4000,29,Dec,Large,145049,2686,199,0,728.89
1000,4000,30,Inc,Large,144117,2686,291,0,495.25
1000,4000,31,Add,Struct,149889,2690,495,4,302.81
1000,4000,32,Inc,Large,147289,2690,250,0,589.16
1000,4000,33,Add,Struct,169973,2690,119,0,1428.34
1000,4000,34,Inc,Large,148548,2690,101,0,1470.77
1000,4000,35,Del,Struct,146036,2690,405,0,360.58
1000,4000,36,Dec,Large,145837,2692,512,4,284.84
1000,4000,37,Dec,Large,145023,2692,242,0,599.27
1000,4000,38,Inc,Large,146326,2692,717,2,204.08
1000,4000,39,Inc,Large,145684,2692,261,0,558.18
1000,4000,40,Inc,Large,157309,2694,1500,4,104.87
1000,4000,41,Add,Struct,147160,2694,204,0,721.37
1000,4000,42,Inc,Large,144850,2694,368,0,393.61
1000,4000,43,Add,Struct,144551,2694,312,0,463.30
1000,4000,44,Add,Struct,143110,2694,328,0,436.31
1000,4000,45,Inc,Large,143231,2694,180,0,795.73
1000,4000,46,Del,Struct,148503,2698,1110,4,133.79
1000,4000,47,Inc,Large,155501,2698,728,2,213.60
1000,4000,48,Del,Struct,151430,2696,872,4,173.66
1000,4000,49,Del,Struct,147870,2696,212,0,697.50
1000,4000,50,Inc,Large,146599,2696,4066,0,36.05
1000,4000,51,Inc,Large,146289,2696,306,0,478.07
1000,4000,52,Dec,Large,148821,2696,1635,20,91.02
1000,4000,53,Add,Struct,154927,2696,612,0,253.15
1000,4000,54,Dec,Large,149042,2696,371,2,401.73
1000,4000,55,Dec,Large,147240,2696,84,0,1752.86
1000,4000,56,Del,Struct,146138,2696,174,0,839.87
1000,4000,57,Dec,Large,144085,2696,236,0,610.53
1000,4000,58,Del,Struct,141938,2696,159,0,892.69
1000,4000,59,Add,Struct,142588,2696,294,0,484.99
1000,4000,60,Del,Struct,150135,2696,215,0,698.30
1000,4000,61,Inc,Large,141439,2696,196,0,721.63
1000,4000,62,Add,Struct,147697,2698,214,0,690.17
1000,4000,63,Inc,Large,146098,2698,138,0,1058.68
1000,4000,64,Dec,Large,144890,2698,256,0,565.98
1000,4000,65,Inc,Large,145042,2698,131,0,1107.19
1000,4000,66,Del,Struct,149520,2696,936,4,159.74
1000,4000,67,Add,Struct,157047,2696,473,0,332.02
1000,4000,68,Del,Struct,148108,2694,661,2,224.07
1000,4000,69,Inc,Large,161099,2694,417,0,386.33
1000,4000,70,Inc,Large,189076,2694,505,0,374.41
1000,4000,71,Del,Struct,193065,2694,681,0,283.50
1000,4000,72,Add,Struct,190329,2694,1088,0,174.93
1000,4000,73,Dec,Large,158254,2694,1594,0,99.28
1000,4000,74,Add,Struct,157694,2696,1482,2,106.41
1000,4000,75,Inc,Large,164785,2696,1336,0,123.34
1000,4000,76,Del,Struct,165396,2694,1337,0,123.71
1000,4000,77,Add,Struct,174305,2694,1568,0,111.16
1000,4000,78,Dec,Large,185627,2694,690,0,269.02
1000,4000,79,Add,Struct,166684,2694,605,0,275.51
1000,4000,80,Dec,Large,176092,2694,682,0,258.20
1000,4000,81,Dec,Large,149530,2694,756,0,197.79
1000,4000,82,Inc,Large,150177,2694,430,0,349.25
1000,4000,83,Add,Struct,163555,2696,541,0,302.32
1000,4000,84,Dec,Large,175560,2696,325,0,540.18
1000,4000,85,Inc,Large,165875,2698,898,0,184.72
1000,4000,86,Inc,Large,152800,2698,502,0,304.38
1000,4000,87,Dec,Large,178671,2696,514,0,347.61
1000,4000,88,Del,Struct,161167,2696,327,0,492.87
1000,4000,89,Inc,Large,144700,2696,467,0,309.85
1000,4000,90,Add,Struct,154877,2698,597,2,259.43
1000,4000,91,Del,Struct,145506,2698,317,0,459.01
1000,4000,92,Inc,Large,143303,2698,365,0,392.61
1000,4000,93,Dec,Large,151782,2698,1275,10,119.04
1000,4000,94,Dec,Large,168415,2698,301,0,559.52
1000,4000,95,Add,Struct,150486,2698,296,0,508.40
1000,4000,96,Dec,Large,148381,2698,267,0,555.73
1000,4000,97,Add,Struct,153400,2698,246,0,623.58
1000,4000,98,Inc,Large,148935,2700,487,0,305.82
1000,4000,99,Inc,Large,146318,2700,628,0,232.99
1000,4000,100,Dec,Large,158430,2702,632,2,250.68
1000,4000,101,Add,Struct,154682,2702,467,2,331.22
1000,4000,102,Dec,Large,151001,2700,514,2,293.78
1000,4000,103,Del,Struct,161510,2700,3967,14,40.71
1000,4000,104,Del,Struct,151322,2700,656,0,230.67
1000,4000,105,Add,Struct,187444,2700,617,0,303.80
1000,4000,106,Add,Struct,192297,2698,969,2,198.45
1000,4000,107,Inc,Large,201001,2700,2795,4,71.91
1000,4000,108,Add,Struct,206315,2700,562,0,367.11
1000,4000,109,Dec,Large,151898,2702,555,2,273.69
1000,4000,110,Dec,Large,150728,2706,1318,10,114.36
1000,4000,111,Inc,Large,148476,2706,724,2,205.08
1000,4000,112,Del,Struct,152140,2706,1060,4,143.53
1000,4000,113,Inc,Large,149171,2706,338,0,441.33
1000,4000,114,Inc,Large,147826,2706,303,0,487.87
1000,4000,115,Add,Struct,158356,2708,2762,0,57.33
1000,4000,116,Inc,Large,149042,2708,287,0,519.31
1000,4000,117,Add,Struct,149822,2710,660,6,227.00
1000,4000,118,Del,Struct,150766,2710,324,0,465.33
1000,4000,119,Del,Struct,146817,2710,367,0,400.05
1000,4000,120,Add,Struct,148020,2710,450,2,328.93
1000,4000,121,Dec,Large,175646,2712,1427,10,123.09
1000,4000,122,Inc,Large,146757,2712,307,0,478.04
1000,4000,123,Add,Struct,148159,2712,332,2,446.26
1000,4000,124,Add,Struct,147722,2714,1073,6,137.67
1000,4000,125,Dec,Large,147167,2714,538,0,273.54
1000,4000,126,Dec,Large,151334,2714,1142,8,132.52
1000,4000,127,Add,Struct,149536,2714,727,6,205.69
1000,4000,128,Inc,Large,156187,2714,298,0,524.12
1000,4000,129,Del,Struct,145976,2714,198,0,737.25
1000,4000,130,Dec,Large,150466,2710,2137,22,70.41
1000,4000,131,Add,Struct,148767,2712,379,2,392.53
1000,4000,132,Dec,Large,147819,2714,693,4,213.30
1000,4000,133,Add,Struct,147835,2714,291,0,508.02
1000,4000,134,Inc,Large,152975,2712,1737,4,88.07
1000,4000,135,Dec,Large,147408,2712,334,0,441.34
1000,4000,136,Inc,Large,145895,2712,339,0,430.37
1000,4000,137,Inc,Large,144049,2712,345,0,417.53
1000,4000,138,Del,Struct,150490,2712,216,0,696.71
1000,4000,139,Add,Struct,161797,2714,558,2,289.96
1000,4000,140,Add,Struct,152206,2712,561,4,271.31
1000,4000,141,Del,Struct,169978,2712,185,0,918.80
1000,4000,142,Del,Struct,148018,2712,267,0,554.37
1000,4000,143,Inc,Large,146162,2712,880,0,166.09
1000,4000,144,Dec,Large,151533,2714,686,2,220.89
1000,4000,145,Dec,Large,149163,2714,982,4,151.90
1000,4000,146,Dec,Large,147718,2714,356,0,414.94
1000,4000,147,Del,Struct,154893,2714,294,0,526.85
1000,4000,148,Inc,Large,146806,2714,368,0,398.93
1000,4000,149,Inc,Large,145557,2714,264,0,551.35
1000,4000,150,Del,Struct,145063,2714,260,0,557.93
1000,4000,151,Del,Struct,149379,2710,1011,4,147.75
1000,4000,152,Del,Struct,150007,2710,627,2,239.25
1000,4000,153,Inc,Large,148298,2710,378,0,392.32
1000,4000,154,Del,Struct,157383,2708,277,0,568.17
1000,4000,155,Add,Struct,148550,2708,410,0,362.32
1000,4000,156,Del,Struct,145631,2708,308,0,472.83
1000,4000,157,Inc,Large,144808,2708,296,0,489.22
1000,4000,158,Dec,Large,145791,2708,286,0,509.76
1000,4000,159,Del,Struct,144532,2708,213,0,678.55
1000,4000,160,Del,Struct,143848,2708,5725,0,25.13
1000,4000,161,Add,Struct,144970,2708,265,0,547.06
1000,4000,162,Inc,Large,143379,2708,204,0,702.84
1000,4000,163,Dec,Large,148663,2708,845,6,175.93
1000,4000,164,Del,Struct,146546,2708,289,0,507.08
1000,4000,165,Dec,Large,147529,2706,396,2,372.55
1000,4000,166,Add,Struct,146127,2706,171,0,854.54
1000,4000,167,Dec,Large,156418,2706,488,2,320.53
1000,4000,168,Add,Struct,155798,2706,456,0,341.66
1000,4000,169,Inc,Large,153405,2700,7064,40,21.72
1000,4000,170,Add,Struct,149786,2700,124,0,1207.95
1000,4000,171,Add,Struct,147937,2700,118,0,1253.70
1000,4000,172,Dec,Large,146814,2700,232,0,632.82
1000,4000,173,Inc,Large,165718,2700,436,0,380.09
1000,4000,174,Del,Struct,185818,2700,486,0,382.34
1000,4000,175,Del,Struct,192656,2702,1908,4,100.97
1000,4000,176,Add,Struct,187281,2702,451,0,415.26
1000,4000,177,Del,Struct,196221,2706,2797,4,70.15
1000,4000,178,Add,Struct,204237,2708,2028,8,100.71
1000,4000,179,Inc,Large,187176,2708,939,0,199.34
1000,4000,180,Del,Struct,191480,2708,490,0,390.78
1000,4000,181,Inc,Large,196178,2708,506,0,387.70
1000,4000,182,Inc,Large,192115,2708,987,0,194.65
1000,4000,183,Dec,Large,186234,2708,771,0,241.55
1000,4000,184,Del,Struct,150005,2708,315,0,476.21
1000,4000,185,Del,Struct,151889,2708,894,2,169.90
1000,4000,186,Dec,Large,149161,2708,327,0,456.15
1000,4000,187,Inc,Large,150696,2708,401,0,375.80
1000,4000,188,Del,Struct,147492,2708,270,0,546.27
1000,4000,189,Inc,Large,150530,2702,2906,8,51.80
1000,4000,190,Del,Struct,161743,2702,260,0,622.09
1000,4000,191,Del,Struct,147357,2702,152,0,969.45
1000,4000,192,Del,Struct,153263,2698,2000,6,76.63
1000,4000,193,Add,Struct,149729,2698,163,0,918.58
1000,4000,194,Dec,Large,148374,2700,633,4,234.40
1000,4000,195,Dec,Large,162026,2702,1386,4,116.90
1000,4000,196,Add,Struct,168561,2704,251,0,671.56
1000,4000,197,Del,Struct,147377,2704,320,0,460.55
1000,4000,198,Dec,Large,151003,2704,351,0,430.21
1000,4000,199,Del,Struct,144304,2704,246,0,586.60
1000,4000,200,Dec,Large,142949,2704,368,0,388.45
1000,4000,201,Inc,Large,143748,2704,345,0,416.66
1000,4000,202,Inc,Large,143096,2704,227,0,630.38
1000,4000,203,Dec,Large,151647,2704,378,0,401.18
1000,4000,204,Del,Struct,144960,2704,256,0,566.25
1000,4000,205,Dec,Large,148326,2706,642,2,231.04
1000,4000,206,Add,Struct,153980,2712,3613,34,42.62
1000,4000,207,Inc,Large,150486,2712,3078,16,48.89
1000,4000,208,Inc,Large,148409,2712,351,0,422.82
1000,4000,209,Add,Struct,160656,2712,6474,18,24.82
1000,4000,210,Inc,Large,150025,2712,608,2,246.75
1000,4000,211,Dec,Large,147582,2712,370,0,398.87
1000,4000,212,Dec,Large,146245,2712,287,0,509.56
1000,4000,213,Dec,Large,145851,2712,173,0,843.07
1000,4000,214,Del,Struct,144849,2712,274,0,528.65
1000,4000,215,Dec,Large,144115,2712,126,0,1143.77
1000,4000,216,Del,Struct,149547,2712,229,0,653.04
1000,4000,217,Inc,Large,144755,2712,201,0,720.17
1000,4000,218,Inc,Large,151376,2708,3710,24,40.80
1000,4000,219,Dec,Large,148543,2708,278,0,534.33
1000,4000,220,Inc,Large,146379,2708,127,0,1152.59
1000,4000,221,Del,Struct,149383,2708,1648,4,90.65
1000,4000,222,Del,Struct,174452,2706,688,2,253.56
1000,4000,223,Inc,Large,149783,2706,355,0,421.92
1000,4000,224,Inc,Large,189385,2706,360,0,526.07
1000,4000,225,Add,Struct,192618,2708,174,0,1107.00
1000,4000,226,Inc,Large,180516,2706,1508,4,119.71
1000,4000,227,Add,Struct,192543,2708,280,0,687.65
1000,4000,228,Del,Struct,184507,2702,2500,6,73.80
1000,4000,229,Add,Struct,148710,2702,173,0,859.60
1000,4000,230,Dec,Large,155244,2700,1037,4,149.70
1000,4000,231,Del,Struct,140364,2700,164,0,855.88
1000,4000,232,Del,Struct,138262,2700,236,0,585.86
1000,4000,233,Add,Struct,137850,2700,145,0,950.69
1000,4000,234,Add,Struct,166214,2702,175,0,949.79
1000,4000,235,Del,Struct,196507,2702,774,2,253.89
1000,4000,236,Add,Struct,139279,2702,248,0,561.61
1000,4000,237,Add,Struct,137083,2702,452,0,303.28
1000,4000,238,Add,Struct,139836,2704,301,0,464.57
1000,4000,239,Add,Struct,139143,2704,528,0,263.53
1000,4000,240,Dec,Large,139514,2708,620,6,225.02
1000,4000,241,Dec,Large,198204,2708,781,6,253.78
1000,4000,242,Dec,Large,139968,2708,2469,0,56.69
1000,4000,243,Dec,Large,137907,2708,281,0,490.77
1000,4000,244,Inc,Large,138062,2708,333,0,414.60
1000,4000,245,Del,Struct,155648,2708,235,0,662.33
1000,4000,246,Inc,Large,183698,2708,339,0,541.88
1000,4000,247,Dec,Large,195481,2708,414,0,472.18
1000,4000,248,Del,Struct,172053,2706,2662,8,64.63
1000,4000,249,Del,Struct,139784,2706,291,0,480.36
1000,4000,250,Del,Struct,138288,2706,274,0,504.70
1000,4000,251,Inc,Large,137641,2706,231,0,595.85
1000,4000,252,Inc,Large,170640,2704,752,2,226.91
1000,4000,253,Del,Struct,138883,2704,325,0,427.33
1000,4000,254,Del,Struct,206458,2702,226,0,913.53
1000,4000,255,Inc,Large,138702,2702,301,0,460.80
1000,4000,256,Add,Struct,137490,2702,139,0,989.14
1000,4000,257,Inc,Large,137192,2702,124,0,1106.39
1000,4000,258,Del,Struct,137200,2702,206,0,666.02
1000,4000,259,Inc,Large,135809,2702,3665,0,37.06
1000,4000,260,Dec,Large,193177,2702,360,0,536.60
1000,4000,261,Inc,Large,135503,2702,265,0,511.33
1000,4000,262,Del,Struct,135289,2702,459,0,294.75
1000,4000,263,Add,Struct,135408,2702,404,0,335.17
1000,4000,264,Del,Struct,136151,2702,311,0,437.78
1000,4000,265,Add,Struct,135414,2702,6360,0,21.29
1000,4000,266,Dec,Large,137497,2702,493,2,278.90
1000,4000,267,Del,Struct,201200,2700,233,0,863.52
1000,4000,268,Dec,Large,142502,2700,595,4,239.50
1000,4000,269,Del,Struct,140241,2700,479,0,292.78
1000,4000,270,Dec,Large,140221,2700,1527,10,91.83
1000,4000,271,Del,Struct,149463,2696,1135,4,131.69
1000,4000,272,Inc,Large,142181,2696,1536,6,92.57
1000,4000,273,Del,Struct,173809,2696,281,0,618.54
1000,4000,274,Add,Struct,207457,2698,906,6,228.98
1000,4000,275,Add,Struct,224005,2692,1148,8,195.13
1000,4000,276,Del,Struct,241814,2692,246,0,982.98
1000,4000,277,Add,Struct,150966,2692,167,0,903.99
1000,4000,278,Dec,Large,181783,2692,273,0,665.87
1000,4000,279,Add,Struct,255853,2692,504,0,507.64
1000,4000,280,Inc,Large,279782,2692,529,0,528.89
1000,4000,281,Add,Struct,177404,2692,254,0,698.44
1000,4000,282,Add,Struct,182887,2692,478,0,382.61
1000,4000,283,Inc,Large,206331,2694,4343,8,47.51
1000,4000,284,Del,Struct,199273,2688,6443,14,30.93
1000,4000,285,Del,Struct,188474,2686,1747,2,107.88
1000,4000,286,Del,Struct,191358,2686,631,0,303.26
1000,4000,287,Inc,Large,174652,2686,606,0,288.20
1000,4000,288,Inc,Large,204921,2686,20888,0,9.81
1000,4000,289,Del,Struct,177455,2686,848,2,209.26
1000,4000,290,Del,Struct,163549,2686,386,0,423.70
1000,4000,291,Inc,Large,162389,2686,378,0,429.60
1000,4000,292,Dec,Large,158751,2686,1900,10,83.55
1000,4000,293,Inc,Large,215867,2686,586,0,368.37
1000,4000,294,Add,Struct,171903,2686,783,2,219.54
1000,4000,295,Add,Struct,183024,2686,1293,2,141.55
1000,4000,296,Inc,Large,151650,2686,452,0,335.51
1000,4000,297,Del,Struct,156512,2686,407,0,384.55
1000,4000,298,Del,Struct,148679,2686,11046,2,13.46
1000,4000,299,Inc,Large,193116,2686,734,0,263.10
1000,4000,300,Del,Struct,181273,2686,367,0,493.93
1000,4000,301,Dec,Large,199516,2686,827,2,241.25
1000,4000,302,Add,Struct,141064,2686,292,0,483.10
1000,4000,303,Del,Struct,138402,2686,1522,0,90.93
1000,4000,304,Del,Struct,136942,2686,477,0,287.09
1000,4000,305,Add,Struct,185047,2686,378,0,489.54
1000,4000,306,Inc,Large,136067,2686,442,0,307.84
1000,4000,307,Add,Struct,140117,2688,567,0,247.12
1000,4000,308,Del,Struct,208851,2688,197,0,1060.16
1000,4000,309,Dec,Large,137600,2688,286,0,481.12
1000,4000,310,Add,Struct,137081,2688,218,0,628.81
1000,4000,311,Del,Struct,194831,2688,247,0,788.79
1000,4000,312,Dec,Large,136495,2688,189,0,722.20
1000,4000,313,Inc,Large,136081,2688,354,0,384.41
1000,4000,314,Del,Struct,135030,2688,226,0,597.48
1000,4000,315,Del,Struct,144613,2688,179,0,807.89
1000,4000,316,Add,Struct,178986,2688,163,0,1098.07
1000,4000,317,Dec,Large,178671,2688,340,0,525.50
1000,4000,318,Add,Struct,154904,2690,201,0,770.67
1000,4000,319,Add,Struct,140199,2696,1687,22,83.11
1000,4000,320,Add,Struct,138779,2696,187,0,742.13
1000,4000,321,Dec,Large,136887,2696,353,0,387.78
1000,4000,322,Inc,Large,135740,2696,236,0,575.17
1000,4000,323,Add,Struct,154362,2696,141,0,1094.77
1000,4000,324,Add,Struct,192402,2696,387,0,497.16
1000,4000,325,Inc,Large,150879,2696,357,0,422.63
1000,4000,326,Inc,Large,159457,2694,1122,2,142.12
1000,4000,327,Inc,Large,138474,2694,393,0,352.35
1000,4000,328,Dec,Large,135999,2694,346,0,393.06
1000,4000,329,Add,Struct,135250,2694,313,0,432.11
1000,4000,330,Add,Struct,170481,2694,176,0,968.64
1000,4000,331,Add,Struct,204108,2694,1135,12,179.83
1000,4000,332,Inc,Large,223677,2694,511,0,437.72
1000,4000,333,Del,Struct,222008,2694,1697,6,130.82
1000,4000,334,Dec,Large,169886,2694,376,0,451.82
1000,4000,335,Dec,Large,159264,2692,7892,2,20.18
1000,4000,336,Add,Struct,169214,2692,193,0,876.76
1000,4000,337,Inc,Large,170211,2692,471,0,361.38
1000,4000,338,Dec,Large,172194,2692,381,0,451.95
1000,4000,339,Dec,Large,145934,2692,431,0,338.59
1000,4000,340,Add,Struct,146453,2694,599,2,244.50
1000,4000,341,Del,Struct,161138,2702,5387,24,29.91
1000,4000,342,Add,Struct,150450,2702,326,0,461.50
1000,4000,343,Inc,Large,164450,2702,569,0,289.02
1000,4000,344,Dec,Large,158915,2704,840,4,189.18
1000,4000,345,Del,Struct,169176,2704,977,0,173.16
1000,4000,346,Inc,Large,161897,2704,772,0,209.71
1000,4000,347,Inc,Large,157955,2704,790,0,199.94
1000,4000,348,Inc,Large,175314,2704,1447,0,121.16
1000,4000,349,Add,Struct,168955,2704,792,0,213.33
1000,4000,350,Dec,Large,224340,2704,868,0,258.46
1000,4000,351,Add,Struct,168179,2704,221,0,760.99
1000,4000,352,Inc,Large,153681,2702,2140,4,71.81
1000,4000,353,Add,Struct,160065,2702,832,4,192.39
1000,4000,354,Del,Struct,181689,2702,331,0,548.91
1000,4000,355,Del,Struct,151595,2700,333,0,455.24
1000,4000,356,Add,Struct,196060,2700,319,0,614.61
1000,4000,357,Del,Struct,163166,2700,346,0,471.58
1000,4000,358,Dec,Large,161391,2700,13364,0,12.08
1000,4000,359,Add,Struct,157876,2700,705,6,223.94
1000,4000,360,Del,Struct,140098,2700,212,0,660.84
1000,4000,361,Dec,Large,141450,2700,474,0,298.42
1000,4000,362,Del,Struct,166468,2700,215,0,774.27
1000,4000,363,Inc,Large,143221,2702,3241,10,44.19
1000,4000,364,Add,Struct,166199,2702,334,0,497.60
1000,4000,365,Add,Struct,218407,2702,394,0,554.33
1000,4000,366,Dec,Large,189131,2704,451,2,419.36
1000,4000,367,Dec,Large,231795,2700,3377,32,68.64
1000,4000,368,Add,Struct,195309,2700,333,0,586.51
1000,4000,369,Inc,Large,188457,2696,17863,58,10.55
1000,4000,370,Del,Struct,239731,2696,1899,0,126.24
1000,4000,371,Add,Struct,239305,2696,1546,0,154.79
1000,4000,372,Add,Struct,201424,2696,1034,0,194.80
1000,4000,373,Inc,Large,174187,2696,3304,0,52.72
1000,4000,374,Del,Struct,205492,2696,679,0,302.64
1000,4000,375,Dec,Large,234416,2700,2171,8,107.98
1000,4000,376,Inc,Large,214519,2702,1760,2,121.89
1000,4000,377,Inc,Large,240600,2702,622,0,386.82
1000,4000,378,Del,Struct,228487,2702,689,0,331.62
1000,4000,379,Inc,Large,185929,2702,655,0,283.86
1000,4000,380,Inc,Large,157657,2702,500,0,315.31
1000,4000,381,Add,Struct,149389,2700,757,2,197.34
1000,4000,382,Add,Struct,144737,2700,284,0,509.64
1000,4000,383,Inc,Large,159655,2698,1231,2,129.70
1000,4000,384,Del,Struct,190771,2698,434,0,439.56
1000,4000,385,Inc,Large,147332,2698,791,0,186.26
1000,4000,386,Dec,Large,183628,2692,3216,22,57.10
1000,4000,387,Dec,Large,145806,2692,309,0,471.86
1000,4000,388,Dec,Large,144536,2692,6187,0,23.36
1000,4000,389,Dec,Large,143119,2692,469,0,305.16
1000,4000,390,Add,Struct,184541,2694,278,0,663.82
1000,4000,391,Add,Struct,179207,2694,436,0,411.03
1000,4000,392,Del,Struct,195997,2694,227,0,863.42
1000,4000,393,Dec,Large,176100,2694,622,2,283.12
1000,4000,394,Del,Struct,144319,2694,725,2,199.06
1000,4000,395,Inc,Large,142239,2694,363,0,391.84
1000,4000,396,Inc,Large,183494,2694,365,0,502.72
1000,4000,397,Inc,Large,147352,2696,918,2,160.51
1000,4000,398,Del,Struct,145773,2696,340,0,428.74
1000,4000,399,Inc,Large,147594,2694,19878,6,7.42
1000,4000,400,Add,Struct,163821,2694,758,0,216.12
1000,4000,401,Dec,Large,171089,2694,485,0,352.76
1000,4000,402,Add,Struct,159370,2694,434,0,367.21
1000,4000,403,Inc,Large,153388,2694,329,0,466.22
1000,4000,404,Dec,Large,189804,2694,652,2,291.11
1000,4000,405,Inc,Large,149203,2692,1471,4,101.43
1000,4000,406,Dec,Large,165712,2692,347,0,477.56
1000,4000,407,Del,Struct,164586,2692,689,0,238.88
1000,4000,408,Dec,Large,178365,2692,427,0,417.72
1000,4000,409,Add,Struct,157582,2692,506,0,311.43
1000,4000,410,Dec,Large,153092,2688,658,0,232.66
1000,4000,411,Dec,Large,179275,2688,9840,36,18.22
1000,4000,412,Inc,Large,148957,2688,1055,2,141.19
1000,4000,413,Dec,Large,166547,2690,546,2,305.03
1000,4000,414,Dec,Large,277229,2694,1662,8,166.80
1000,4000,415,Dec,Large,161135,2694,538,2,299.51
1000,4000,416,Del,Struct,147642,2694,277,0,533.00
1000,4000,417,Inc,Large,143355,2694,319,0,449.39
1000,4000,418,Inc,Large,143762,2694,243,0,591.61
1000,4000,419,Inc,Large,140995,2694,250,0,563.98
1000,4000,420,Del,Struct,200836,2694,246,0,816.41
1000,4000,421,Inc,Large,142004,2694,236,0,601.71
1000,4000,422,Inc,Large,150510,2694,800,2,188.14
1000,4000,423,Dec,Large,141621,2694,311,0,455.37
1000,4000,424,Dec,Large,141814,2694,1215,12,116.72
1000,4000,425,Dec,Large,141765,2694,235,0,603.26
1000,4000,426,Del,Struct,180781,2690,1767,4,102.31
1000,4000,427,Add,Struct,141949,2690,322,0,440.84
1000,4000,428,Add,Struct,144857,2692,492,0,294.42
1000,4000,429,Add,Struct,160900,2694,199,0,808.54
1000,4000,430,Add,Struct,144751,2690,742,2,195.08
1000,4000,431,Del,Struct,144395,2690,219,0,659.34
1000,4000,432,Add,Struct,169031,2690,186,0,908.77
1000,4000,433,Add,Struct,157104,2690,227,0,692.09
1000,4000,434,Add,Struct,149857,2692,446,2,336.00
1000,4000,435,Dec,Large,144194,2692,732,4,196.99
1000,4000,436,Dec,Large,148782,2692,268,0,555.16
1000,4000,437,Dec,Large,143062,2692,450,2,317.92
1000,4000,438,Del,Struct,141049,2692,249,0,566.46
1000,4000,439,Dec,Large,224028,2692,418,0,535.95
1000,4000,440,Add,Struct,176839,2694,199,0,888.64
1000,4000,441,Inc,Large,148140,2694,877,0,168.92
1000,4000,442,Del,Struct,181977,2694,1299,2,140.09
1000,4000,443,Del,Struct,166002,2694,409,0,405.87
1000,4000,444,Inc,Large,173032,2694,657,0,263.37
1000,4000,445,Inc,Large,149014,2696,823,2,181.06
1000,4000,446,Add,Struct,158952,2696,518,0,306.86
1000,4000,447,Dec,Large,155809,2722,8142,90,19.14
1000,4000,448,Del,Struct,147179,2722,255,0,577.17
1000,4000,449,Inc,Large,153111,2710,10794,80,14.18
1000,4000,450,Add,Struct,145092,2710,339,0,428.00
1000,4000,451,Del,Struct,197193,2708,2033,6,97.00
1000,4000,452,Dec,Large,166000,2708,313,0,530.35
1000,4000,453,Inc,Large,138981,2708,371,0,374.61
1000,4000,454,Inc,Large,243360,2708,258,0,943.26
1000,4000,455,Add,Struct,139884,2708,141,0,992.09
1000,4000,456,Inc,Large,237264,2708,5621,0,42.21
1000,4000,457,Inc,Large,154501,2708,318,0,485.85
1000,4000,458,Dec,Large,137952,2708,916,2,150.60
1000,4000,459,Del,Struct,137959,2708,245,0,563.10
1000,4000,460,Inc,Large,137349,2708,748,2,183.62
1000,4000,461,Inc,Large,151298,2708,428,0,353.50
1000,4000,462,Inc,Large,174454,2708,394,0,442.78
1000,4000,463,Del,Struct,160274,2708,252,0,636.01
1000,4000,464,Add,Struct,235336,2708,176,0,1337.14
1000,4000,465,Dec,Large,203693,2706,789,4,258.17
1000,4000,466,Inc,Large,140156,2706,217,0,645.88
1000,4000,467,Dec,Large,171591,2704,619,2,277.21
1000,4000,468,Inc,Large,184544,2704,605,0,305.03
1000,4000,469,Del,Struct,276131,2704,608,0,454.16
1000,4000,470,Dec,Large,187939,2704,546,0,344.21
1000,4000,471,Dec,Large,214278,2704,1355,8,158.14
1000,4000,472,Del,Struct,213088,2704,449,0,474.58
1000,4000,473,Add,Struct,190902,2704,1290,4,147.99
1000,4000,474,Inc,Large,187506,2704,494,0,379.57
1000,4000,475,Del,Struct,194651,2690,7249,22,26.85
1000,4000,476,Del,Struct,198798,2690,6751,28,29.45
1000,4000,477,Add,Struct,227093,2690,813,2,279.33
1000,4000,478,Del,Struct,216889,2690,345,0,628.66
1000,4000,479,Del,Struct,144699,2690,222,0,651.80
1000,4000,480,Del,Struct,200613,2690,232,0,864.71
1000,4000,481,Inc,Large,142290,2690,569,0,250.07
1000,4000,482,Inc,Large,166416,2690,461,0,360.99
1000,4000,483,Inc,Large,207079,2690,532,0,389.25
1000,4000,484,Add,Struct,192435,2690,296,0,650.12
1000,4000,485,Add,Struct,182696,2692,368,0,496.46
1000,4000,486,Del,Struct,158643,2692,993,2,159.76
1000,4000,487,Del,Struct,146187,2692,335,0,436.38
1000,4000,488,Del,Struct,204986,2690,1941,6,105.61
1000,4000,489,Inc,Large,147546,2690,392,0,376.39
1000,4000,490,Add,Struct,141926,2690,341,0,416.21
1000,4000,491,Dec,Large,140106,2690,398,0,352.03
1000,4000,492,Del,Struct,139659,2690,271,0,515.35
1000,4000,493,Del,Struct,260039,2690,528,0,492.50
1000,4000,494,Del,Struct,219706,2688,3816,12,57.57
1000,4000,495,Del,Struct,162263,2686,656,2,247.35
1000,4000,496,Inc,Large,145636,2686,349,0,417.30
1000,4000,497,Inc,Large,195651,2686,506,0,386.66
1000,4000,498,Add,Struct,169643,2686,1049,0,161.72
1000,4000,499,Del,Struct,261495,2686,416,0,628.59
1000,4000,500,Del,Struct,223221,2684,307,0,727.10
1000,4000,501,Dec,Large,168055,2684,1074,2,156.48
1000,4000,502,Dec,Large,174289,2684,786,2,221.74
1000,4000,503,Dec,Large,173351,2682,1375,6,126.07
1000,4000,504,Dec,Large,182139,2682,437,0,416.79
1000,4000,505,Dec,Large,157228,2682,531,0,296.10
1000,4000,506,Add,Struct,150345,2682,330,0,455.59
1000,4000,507,Del,Struct,151408,2682,258,0,586.85
1000,4000,508,Dec,Large,162802,2682,1022,2,159.30
1000,4000,509,Dec,Large,241502,2682,974,0,247.95
1000,4000,510,Dec,Large,155969,2682,646,0,241.44
1000,4000,511,Add,Struct,165679,2682,1038,0,159.61
1000,4000,512,Inc,Large,176000,2682,476,0,369.75
1000,4000,513,Del,Struct,256425,2680,1381,2,185.68
1000,4000,514,Dec,Large,191448,2680,574,0,333.53
1000,4000,515,Add,Struct,150203,2680,430,0,349.31
1000,4000,516,Add,Struct,147051,2680,580,0,253.54
1000,4000,517,Dec,Large,156273,2684,27543,44,5.67
1000,4000,518,Add,Struct,153913,2684,604,0,254.82
1000,4000,519,Inc,Large,150104,2684,284,0,528.54
1000,4000,520,Dec,Large,166925,2682,460,0,362.88
1000,4000,521,Inc,Large,166862,2684,1183,2,141.05
1000,4000,522,Add,Struct,152101,2686,1581,16,96.21
1000,4000,523,Add,Struct,147763,2686,132,0,1119.42
1000,4000,524,Del,Struct,145206,2686,348,0,417.26
1000,4000,525,Dec,Large,143264,2686,435,0,329.34
1000,4000,526,Add,Struct,142236,2686,198,0,718.36
1000,4000,527,Del,Struct,163190,2686,280,0,582.82
1000,4000,528,Inc,Large,158706,2686,373,0,425.49
1000,4000,529,Del,Struct,194447,2686,287,0,677.52
1000,4000,530,Add,Struct,152812,2686,125,0,1222.50
1000,4000,531,Del,Struct,167499,2688,1778,4,94.21
1000,4000,532,Dec,Large,154731,2688,673,2,229.91
1000,4000,533,Inc,Large,184254,2686,1973,4,93.39
1000,4000,534,Dec,Large,149493,2686,340,0,439.69
1000,4000,535,Dec,Large,180178,2686,446,0,403.99
1000,4000,536,Dec,Large,179912,2686,214,0,840.71
1000,4000,537,Del,Struct,141798,2686,326,0,434.96
1000,4000,538,Add,Struct,147513,2686,297,0,496.68
1000,4000,539,Del,Struct,185485,2686,294,0,630.90
1000,4000,540,Inc,Large,139588,2686,312,0,447.40
1000,4000,541,Del,Struct,140909,2686,337,0,418.13
1000,4000,542,Dec,Large,140446,2686,228,0,615.99
1000,4000,543,Inc,Large,145462,2682,3253,16,44.72
1000,4000,544,Dec,Large,149910,2682,597,0,251.11
1000,4000,545,Inc,Large,198485,2682,317,0,626.14
1000,4000,546,Dec,Large,143128,2682,297,0,481.91
1000,4000,547,Dec,Large,140026,2682,371,0,377.43
1000,4000,548,Add,Struct,144850,2684,438,0,330.71
1000,4000,549,Del,Struct,147255,2684,276,0,533.53
1000,4000,550,Dec,Large,146071,2684,352,0,414.97
1000,4000,551,Inc,Large,142033,2684,353,0,402.36
1000,4000,552,Add,Struct,189594,2684,900,2,210.66
1000,4000,553,Add,Struct,208309,2686,595,2,350.10
1000,4000,554,Add,Struct,234402,2688,259,0,905.03
1000,4000,555,Dec,Large,166140,2688,471,0,352.74
1000,4000,556,Inc,Large,164677,2688,1728,2,95.30
1000,4000,557,Del,Struct,175345,2688,451,0,388.79
1000,4000,558,Del,Struct,149898,2688,356,0,421.06
1000,4000,559,Dec,Large,232308,2688,1147,0,202.54
1000,4000,560,Inc,Large,230008,2688,1257,0,182.98
1000,4000,561,Add,Struct,154477,2688,1226,0,126.00
1000,4000,562,Add,Struct,193129,2688,820,0,235.52
1000,4000,563,Del,Struct,155100,2688,788,0,196.83
1000,4000,564,Add,Struct,158017,2688,3328,0,47.48
1000,4000,565,Inc,Large,161669,2686,1448,2,111.65
1000,4000,566,Dec,Large,177406,2686,720,0,246.40
1000,4000,567,Dec,Large,163073,2686,866,4,188.31
1000,4000,568,Inc,Large,214833,2680,11921,64,18.02
1000,4000,569,Dec,Large,181449,2680,354,0,512.57
1000,4000,570,Inc,Large,178758,2680,328,0,544.99
1000,4000,571,Inc,Large,162438,2680,472,0,344.15
1000,4000,572,Del,Struct,163483,2680,642,0,254.65
1000,4000,573,Add,Struct,195935,2686,1825,10,107.36
1000,4000,574,Dec,Large,162949,2686,383,0,425.45
1000,4000,575,Dec,Large,164021,2686,373,0,439.73
1000,4000,576,Del,Struct,145839,2686,220,0,662.90
1000,4000,577,Inc,Large,143207,2686,283,0,506.03
1000,4000,578,Add,Struct,143947,2686,445,0,323.48
1000,4000,579,Add,Struct,188293,2688,528,2,356.62
1000,4000,580,Del,Struct,193899,2688,1413,2,137.23
1000,4000,581,Add,Struct,144980,2688,808,2,179.43
1000,4000,582,Add,Struct,146620,2690,191,0,767.64
1000,4000,583,Add,Struct,146431,2690,411,4,356.28
1000,4000,584,Add,Struct,143486,2690,215,0,667.38
1000,4000,585,Inc,Large,144945,2690,365,0,397.11
1000,4000,586,Del,Struct,184420,2690,286,0,644.83
1000,4000,587,Del,Struct,141722,2690,249,0,569.16
1000,4000,588,Dec,Large,157397,2692,1804,12,87.25
1000,4000,589,Inc,Large,179082,2692,350,0,511.66
1000,4000,590,Dec,Large,200228,2692,647,0,309.47
1000,4000,591,Inc,Large,170868,2692,422,0,404.90
1000,4000,592,Inc,Large,144464,2692,4626,28,31.23
1000,4000,593,Dec,Large,155437,2694,2367,36,65.67
1000,4000,594,Del,Struct,178994,2694,249,0,718.85
1000,4000,595,Del,Struct,142826,2694,636,2,224.57
1000,4000,596,Inc,Large,138831,2694,366,0,379.32
1000,4000,597,Dec,Large,138191,2694,290,0,476.52
1000,4000,598,Inc,Large,192836,2694,311,0,620.05
1000,4000,599,Add,Struct,163673,2696,831,6,196.96
1000,4000,600,Dec,Large,153386,2696,551,0,278.38
1000,4000,601,Dec,Large,184661,2696,453,0,407.64
1000,4000,602,Del,Struct,138413,2696,483,0,286.57
1000,4000,603,Add,Struct,142132,2694,479,2,296.73
1000,4000,604,Dec,Large,179689,2696,1575,2,114.09
1000,4000,605,Del,Struct,158550,2696,344,0,460.90
1000,4000,606,Del,Struct,166560,2696,1209,0,137.77
1000,4000,607,Inc,Large,143255,2696,1482,4,96.66
1000,4000,608,Del,Struct,152621,2692,956,2,159.65
1000,4000,609,Add,Struct,140009,2692,132,0,1060.67
1000,4000,610,Inc,Large,193608,2692,367,0,527.54
1000,4000,611,Del,Struct,136447,2692,201,0,678.84
1000,4000,612,Add,Struct,135702,2692,259,0,523.95
1000,4000,613,Add,Struct,135362,2692,217,0,623.79
1000,4000,614,Add,Struct,134288,2692,359,0,374.06
1000,4000,615,Del,Struct,136456,2692,466,0,292.82
1000,4000,616,Dec,Large,135657,2692,373,0,363.69
1000,4000,617,Dec,Large,191098,2692,409,0,467.23
1000,4000,618,Del,Struct,133057,2692,187,0,711.53
1000,4000,619,Del,Struct,146844,2692,252,0,582.71
1000,4000,620,Del,Struct,142102,2694,663,2,214.33
1000,4000,621,Inc,Large,140814,2694,308,0,457.19
1000,4000,622,Inc,Large,139352,2694,209,0,666.76
1000,4000,623,Add,Struct,159058,2694,7618,4,20.88
1000,4000,624,Dec,Large,145516,2694,787,6,184.90
1000,4000,625,Add,Struct,142849,2694,225,0,634.88
1000,4000,626,Del,Struct,144950,2694,974,4,148.82
1000,4000,627,Inc,Large,143303,2694,273,0,524.92
1000,4000,628,Inc,Large,141465,2694,257,0,550.45
1000,4000,629,Del,Struct,139376,2694,194,0,718.43
1000,4000,630,Inc,Large,178553,2694,1133,4,157.59
1000,4000,631,Dec,Large,161424,2694,323,2,499.76
1000,4000,632,Del,Struct,141624,2694,283,0,500.44
1000,4000,633,Dec,Large,140999,2694,308,0,457.79
1000,4000,634,Dec,Large,139504,2694,239,0,583.70
1000,4000,635,Del,Struct,139125,2694,366,0,380.12
1000,4000,636,Dec,Large,141333,2694,432,0,327.16
1000,4000,637,Dec,Large,191928,2694,344,0,557.93
1000,4000,638,Del,Struct,140813,2694,253,0,556.57
1000,4000,639,Inc,Large,140174,2694,175,0,800.99
1000,4000,640,Dec,Large,139067,2694,207,0,671.82
1000,4000,641,Dec,Large,143737,2690,15836,6,9.08
1000,4000,642,Dec,Large,141424,2690,537,6,263.36
1000,4000,643,Add,Struct,146903,2690,253,0,580.64
1000,4000,644,Del,Struct,190984,2690,223,0,856.43
1000,4000,645,Inc,Large,143904,2686,2659,14,54.12
1000,4000,646,Inc,Large,141336,2686,488,0,289.62
1000,4000,647,Del,Struct,140226,2686,196,0,715.44
1000,4000,648,Dec,Large,144361,2696,4027,58,35.85
1000,4000,649,Dec,Large,144183,2698,577,4,249.88
1000,4000,650,Inc,Large,192263,2698,771,2,249.37
1000,4000,651,Add,Struct,144166,2700,1250,12,115.33
1000,4000,652,Inc,Large,143058,2700,214,0,668.50
1000,4000,653,Del,Struct,140437,2700,204,0,688.42
1000,4000,654,Dec,Large,140237,2700,138,0,1016.21
1000,4000,655,Del,Struct,138691,2700,129,0,1075.12
1000,4000,656,Dec,Large,138362,2700,247,0,560.17
1000,4000,657,Dec,Large,192980,2700,268,0,720.07
1000,4000,658,Del,Struct,138990,2700,162,0,857.96
1000,4000,659,Add,Struct,139251,2700,365,0,381.51
1000,4000,660,Inc,Large,141079,2698,1156,4,122.04
1000,4000,661,Add,Struct,139376,2698,367,0,379.77
1000,4000,662,Dec,Large,199813,2694,1053,2,189.76
1000,4000,663,Del,Struct,230790,2692,2256,2,102.30
1000,4000,664,Dec,Large,267875,2692,987,2,271.40
1000,4000,665,Del,Struct,172934,2692,455,0,380.07
1000,4000,666,Add,Struct,167746,2692,553,0,303.34
1000,4000,667,Inc,Large,165187,2692,657,0,251.43
1000,4000,668,Del,Struct,171696,2692,404,0,424.99
1000,4000,669,Dec,Large,184237,2692,1364,4,135.07
1000,4000,670,Dec,Large,151238,2694,1037,4,145.84
1000,4000,671,Dec,Large,154565,2694,1149,6,134.52
1000,4000,672,Del,Struct,155336,2694,323,0,480.92
1000,4000,673,Inc,Large,172439,2690,2939,6,58.67
1000,4000,674,Del,Struct,173196,2690,391,0,442.96
1000,4000,675,Add,Struct,148289,2694,1704,12,87.02
1000,4000,676,Del,Struct,144988,2694,259,0,559.80
1000,4000,677,Del,Struct,172429,2692,864,2,199.57
1000,4000,678,Inc,Large,206249,2692,1075,2,191.86
1000,4000,679,Dec,Large,177709,2692,1768,12,100.51
1000,4000,680,Del,Struct,182021,2692,287,0,634.22
1000,4000,681,Inc,Large,207745,2660,20545,144,10.11
1000,4000,682,Inc,Large,144186,2660,235,0,613.56
1000,4000,683,Inc,Large,190390,2670,22103,192,8.61
1000,4000,684,Add,Struct,159588,2672,472,2,338.11
1000,4000,685,Inc,Large,148677,2670,1617,6,91.95
1000,4000,686,Dec,Large,146639,2670,212,0,691.69
1000,4000,687,Del,Struct,148277,2672,1247,4,118.91
1000,4000,688,Dec,Large,146496,2672,179,0,818.41
1000,4000,689,Inc,Large,145718,2672,174,0,837.46
1000,4000,690,Add,Struct,147160,2672,132,0,1114.85
1000,4000,691,Inc,Large,174529,2672,1991,8,87.66
1000,4000,692,Inc,Large,138314,2672,174,0,794.91
1000,4000,693,Del,Struct,144376,2672,593,2,243.47
1000,4000,694,Dec,Large,137707,2672,244,0,564.37
1000,4000,695,Add,Struct,140101,2678,977,14,143.40
1000,4000,696,Dec,Large,138752,2678,269,2,515.81
1000,4000,697,Add,Struct,164886,2678,693,0,237.93
1000,4000,698,Inc,Large,247550,2678,269,0,920.26
1000,4000,699,Dec,Large,269445,2678,439,0,613.77
1000,4000,700,Dec,Large,188097,2678,294,2,639.79
1000,4000,701,Dec,Large,138458,2678,185,0,748.42
1000,4000,702,Dec,Large,169104,2678,308,0,549.04
1000,4000,703,Inc,Large,162601,2678,153,0,1062.75
1000,4000,704,Del,Struct,170210,2676,855,4,199.08
1000,4000,705,Dec,Large,138076,2674,1246,16,110.82
1000,4000,706,Inc,Large,137969,2674,315,0,438.00
1000,4000,707,Del,Struct,135992,2674,234,0,581.16
1000,4000,708,Del,Struct,135920,2674,133,0,1021.95
1000,4000,709,Dec,Large,190728,2674,248,0,769.06
1000,4000,710,Add,Struct,140918,2674,934,2,150.88
1000,4000,711,Del,Struct,139103,2674,182,0,764.30
1000,4000,712,Add,Struct,136895,2674,254,0,538.96
1000,4000,713,Del,Struct,143433,2690,12053,120,11.90
1000,4000,714,Inc,Large,142882,2692,1789,12,79.87
1000,4000,715,Add,Struct,170224,2690,556,2,306.16
1000,4000,716,Inc,Large,166898,2690,262,0,637.02
1000,4000,717,Del,Struct,138297,2690,225,0,614.65
1000,4000,718,Add,Struct,137394,2690,147,0,934.65
1000,4000,719,Add,Struct,142345,2690,180,0,790.81
1000,4000,720,Inc,Large,136416,2690,203,0,672.00
1000,4000,721,Dec,Large,134981,2690,186,0,725.70
1000,4000,722,Inc,Large,261218,2690,792,0,329.82
1000,4000,723,Add,Struct,262581,2692,394,2,666.45
1000,4000,724,Del,Struct,167006,2692,162,0,1030.90
1000,4000,725,Add,Struct,152288,2692,342,0,445.29
1000,4000,726,Inc,Large,139135,2692,462,0,301.16
1000,4000,727,Inc,Large,194504,2692,255,0,762.76
1000,4000,728,Inc,Large,134811,2692,643,0,209.66
1000,4000,729,Inc,Large,137311,2692,248,0,553.67
1000,4000,730,Add,Struct,137310,2692,241,0,569.75
1000,4000,731,Dec,Large,136044,2692,302,0,450.48
1000,4000,732,Add,Struct,145996,2690,684,2,213.44
1000,4000,733,Add,Struct,141581,2692,349,2,405.68
1000,4000,734,Add,Struct,235071,2692,336,0,699.62
1000,4000,735,Dec,Large,158479,2692,610,0,259.80
1000,4000,736,Del,Struct,219213,2692,1661,0,131.98
1000,4000,737,Inc,Large,293765,2692,1155,0,254.34
1000,4000,738,Inc,Large,208682,2692,1178,0,177.15
1000,4000,739,Dec,Large,157982,2692,344,0,459.25
1000,4000,740,Add,Struct,194130,2692,492,0,394.57
1000,4000,741,Add,Struct,229814,2692,353,0,651.03
1000,4000,742,Del,Struct,145628,2692,295,0,493.65
1000,4000,743,Dec,Large,172885,2692,663,0,260.76
1000,4000,744,Dec,Large,309135,2692,738,2,418.88
1000,4000,745,Dec,Large,173833,2692,510,0,340.85
1000,4000,746,Dec,Large,161542,2692,430,0,375.68
1000,4000,747,Dec,Large,178875,2688,1535,6,116.53
1000,4000,748,Del,Struct,166084,2688,573,0,289.85
1000,4000,749,Dec,Large,158485,2686,1085,4,146.07
1000,4000,750,Inc,Large,151549,2686,863,0,175.61
1000,4000,751,Dec,Large,158869,2688,1085,6,146.42
1000,4000,752,Add,Struct,156124,2688,470,0,332.18
1000,4000,753,Del,Struct,153475,2688,755,0,203.28
1000,4000,754,Del,Struct,190064,2688,264,0,719.94
1000,4000,755,Inc,Large,153673,2688,870,0,176.64
1000,4000,756,Dec,Large,153844,2688,349,0,440.81
1000,4000,757,Inc,Large,195671,2688,2372,2,82.49
1000,4000,758,Add,Struct,215878,2688,318,0,678.86
1000,4000,759,Del,Struct,249723,2686,1945,2,128.39
1000,4000,760,Del,Struct,215830,2688,1621,2,133.15
1000,4000,761,Inc,Large,212923,2688,955,0,222.96
1000,4000,762,Inc,Large,241725,2688,675,0,358.11
1000,4000,763,Dec,Large,233966,2684,1308,2,178.87
1000,4000,764,Inc,Large,245586,2684,781,0,314.45
1000,4000,765,Dec,Large,234245,2684,497,0,471.32
1000,4000,766,Add,Struct,214645,2684,272,0,789.14
1000,4000,767,Del,Struct,215403,2684,450,0,478.67
1000,4000,768,Add,Struct,235545,2684,1252,2,188.13
1000,4000,769,Del,Struct,195122,2684,291,0,670.52
1000,4000,770,Inc,Large,216471,2684,467,0,463.54
1000,4000,771,Dec,Large,192984,2684,714,0,270.29
1000,4000,772,Inc,Large,213827,2684,2712,2,78.84
1000,4000,773,Inc,Large,214171,2684,1264,0,169.44
1000,4000,774,Del,Struct,262767,2684,350,0,750.76
1000,4000,775,Inc,Large,171038,2684,570,0,300.07
1000,4000,776,Dec,Large,145770,2684,513,0,284.15
1000,4000,777,Del,Struct,161133,2684,431,0,373.86
1000,4000,778,Add,Struct,230027,2686,421,0,546.38
1000,4000,779,Del,Struct,169210,2686,1711,2,98.90
1000,4000,780,Del,Struct,202203,2686,354,0,571.19
1000,4000,781,Dec,Large,191446,2686,2048,10,93.48
1000,4000,782,Del,Struct,180550,2686,478,0,377.72
1000,4000,783,Add,Struct,196018,2686,3726,0,52.61
1000,4000,784,Dec,Large,233221,2686,566,0,412.05
1000,4000,785,Dec,Large,153174,2680,3734,28,41.02
1000,4000,786,Del,Struct,160158,2680,296,0,541.07
1000,4000,787,Add,Struct,173644,2680,451,2,385.02
1000,4000,788,Inc,Large,217268,2680,2096,6,103.66
1000,4000,789,Inc,Large,144251,2680,391,0,368.93
1000,4000,790,Inc,Large,143049,2680,367,0,389.78
1000,4000,791,Del,Struct,188748,2680,443,0,426.07
1000,4000,792,Del,Struct,156217,2680,282,0,553.96
1000,4000,793,Add,Struct,146822,2682,2209,0,66.47
1000,4000,794,Add,Struct,192225,2684,271,0,709.32
1000,4000,795,Del,Struct,143803,2684,311,0,462.39
1000,4000,796,Del,Struct,140810,2684,287,0,490.63
1000,4000,797,Add,Struct,140347,2684,345,0,406.80
1000,4000,798,Inc,Large,140110,2684,344,0,407.30
1000,4000,799,Dec,Large,139707,2684,253,0,552.20
1000,4000,800,Dec,Large,143312,2684,2061,16,69.54
1000,4000,801,Del,Struct,189699,2684,763,2,248.62
1000,4000,802,Del,Struct,145413,2686,624,2,233.03
1000,4000,803,Del,Struct,145648,2688,500,2,291.30
1000,4000,804,Dec,Large,147699,2686,473,2,312.26
1000,4000,805,Del,Struct,146339,2684,675,2,216.80
1000,4000,806,Add,Struct,142819,2684,305,0,468.26
1000,4000,807,Del,Struct,181874,2684,251,0,724.60
1000,4000,808,Dec,Large,141117,2684,298,0,473.55
1000,4000,809,Dec,Large,141116,2684,304,0,464.20
1000,4000,810,Inc,Large,140971,2684,294,0,479.49
1000,4000,811,Add,Struct,139410,2684,388,0,359.30
1000,4000,812,Add,Struct,143841,2684,400,2,359.60
1000,4000,813,Del,Struct,142166,2684,360,0,394.91
1000,4000,814,Del,Struct,183215,2684,237,0,773.06
1000,4000,815,Inc,Large,150155,2684,409,0,367.13
1000,4000,816,Del,Struct,141440,2684,1993,0,70.97
1000,4000,817,Inc,Large,140256,2684,1205,4,116.40
1000,4000,818,Del,Struct,139982,2684,314,0,445.80
1000,4000,819,Add,Struct,147358,2678,2380,32,61.92
1000,4000,820,Add,Struct,173358,2678,241,0,719.33
1000,4000,821,Del,Struct,156893,2676,615,2,255.11
1000,4000,822,Dec,Large,141786,2676,317,0,447.27
1000,4000,823,Dec,Large,140945,2676,210,0,671.17
1000,4000,824,Add,Struct,139544,2676,122,0,1143.80
1000,4000,825,Add,Struct,139426,2676,123,0,1133.54
1000,4000,826,Dec,Large,145607,2678,467,4,311.79
1000,4000,827,Del,Struct,246275,2676,1698,2,145.04
1000,4000,828,Add,Struct,187048,2678,405,0,461.85
1000,4000,829,Add,Struct,157381,2678,400,0,393.45
1000,4000,830,Dec,Large,166966,2680,1351,2,123.59
1000,4000,831,Dec,Large,182671,2680,429,0,425.81
1000,4000,832,Inc,Large,188010,2680,436,0,431.22
1000,4000,833,Del,Struct,238970,2680,439,0,544.35
1000,4000,834,Add,Struct,197492,2678,752,2,262.62
1000,4000,835,Del,Struct,156876,2678,295,0,531.78
1000,4000,836,Del,Struct,148513,2678,252,0,589.34
1000,4000,837,Del,Struct,155591,2678,313,0,497.10
1000,4000,838,Add,Struct,147141,2678,183,0,804.05
1000,4000,839,Add,Struct,157501,2678,206,0,764.57
1000,4000,840,Inc,Large,194448,2678,425,0,457.52
1000,4000,841,Inc,Large,169217,2678,727,0,232.76
1000,4000,842,Inc,Large,201942,2678,481,0,419.84
1000,4000,843,Del,Struct,210952,2678,296,0,712.68
1000,4000,844,Del,Struct,148460,2676,1529,4,97.10
1000,4000,845,Del,Struct,145694,2676,255,0,571.35
1000,4000,846,Dec,Large,151395,2676,1285,8,117.82
1000,4000,847,Inc,Large,147222,2676,417,0,353.05
1000,4000,848,Dec,Large,146030,2676,453,0,322.36
1000,4000,849,Add,Struct,165168,2676,485,0,340.55
1000,4000,850,Inc,Large,146236,2674,2190,6,66.77
1000,4000,851,Del,Struct,159662,2666,6776,26,23.56
1000,4000,852,Add,Struct,161485,2666,177,0,912.34
1000,4000,853,Inc,Large,146100,2666,4448,22,32.85
1000,4000,854,Dec,Large,177709,2666,613,0,289.90
1000,4000,855,Dec,Large,186567,2666,1549,2,120.44
1000,4000,856,Add,Struct,167587,2666,1363,0,122.95
1000,4000,857,Dec,Large,157125,2666,6427,2,24.45
1000,4000,858,Inc,Large,182294,2666,2885,2,63.19
1000,4000,859,Dec,Large,167953,2666,1144,0,146.81
1000,4000,860,Del,Struct,163833,2666,586,0,279.58
1000,4000,861,Dec,Large,185471,2666,753,0,246.31
1000,4000,862,Inc,Large,197299,2666,1179,2,167.34
1000,4000,863,Inc,Large,152259,2666,244,0,624.01
1000,4000,864,Add,Struct,149694,2666,526,0,284.59
1000,4000,865,Add,Struct,192865,2666,434,0,444.39
1000,4000,866,Add,Struct,215580,2666,205,0,1051.61
1000,4000,867,Dec,Large,228957,2666,813,0,281.62
1000,4000,868,Inc,Large,179398,2666,520,0,345.00
1000,4000,869,Dec,Large,162918,2666,945,2,172.40
1000,4000,870,Add,Struct,166340,2666,472,0,352.42
1000,4000,871,Inc,Large,208831,2654,37399,112,5.58
1000,4000,872,Del,Struct,163337,2654,343,0,476.20
1000,4000,873,Dec,Large,196236,2654,291,0,674.35
1000,4000,874,Inc,Large,134330,2654,202,0,665.00
1000,4000,875,Add,Struct,134790,2654,201,0,670.60
1000,4000,876,Inc,Large,134328,2654,333,0,403.39
1000,4000,877,Del,Struct,163031,2654,280,0,582.25
1000,4000,878,Add,Struct,199834,2654,358,0,558.20
1000,4000,879,Inc,Large,165879,2654,4033,20,41.13
1000,4000,880,Add,Struct,148466,2654,276,0,537.92
1000,4000,881,Inc,Large,155954,2654,228,0,684.01
1000,4000,882,Inc,Large,138126,2654,343,0,402.70
1000,4000,883,Inc,Large,137963,2654,304,0,453.83
1000,4000,884,Del,Struct,157557,2654,244,0,645.73
1000,4000,885,Inc,Large,136770,2654,286,0,478.22
1000,4000,886,Del,Struct,136532,2654,651,0,209.73
1000,4000,887,Add,Struct,145935,2654,164,0,889.85
1000,4000,888,Add,Struct,138610,2654,111,0,1248.74
1000,4000,889,Del,Struct,142672,2652,263,0,542.48
1000,4000,890,Inc,Large,193406,2652,412,0,469.43
1000,4000,891,Inc,Large,135692,2652,263,0,515.94
1000,4000,892,Del,Struct,139185,2652,706,2,197.15
1000,4000,893,Del,Struct,137039,2652,216,0,634.44
1000,4000,894,Del,Struct,191467,2650,262,0,730.79
1000,4000,895,Del,Struct,140994,2650,209,0,674.61
1000,4000,896,Inc,Large,139970,2650,297,0,471.28
1000,4000,897,Add,Struct,198490,2646,836,4,237.43
1000,4000,898,Add,Struct,137413,2646,128,0,1073.54
1000,4000,899,Del,Struct,136176,2646,294,0,463.18
1000,4000,900,Dec,Large,134917,2646,637,0,211.80
1000,4000,901,Inc,Large,154406,2646,585,0,263.94
1000,4000,902,Inc,Large,189284,2644,1958,4,96.67
1000,4000,903,Inc,Large,202178,2644,799,0,253.04
1000,4000,904,Dec,Large,151294,2644,968,0,156.30
1000,4000,905,Del,Struct,142901,2644,315,0,453.65
1000,4000,906,Add,Struct,135229,2646,383,2,353.08
1000,4000,907,Dec,Large,134340,2646,943,0,142.46
1000,4000,908,Add,Struct,133429,2646,547,0,243.93
1000,4000,909,Add,Struct,167877,2646,353,0,475.57
1000,4000,910,Inc,Large,216818,2646,363,0,597.29
1000,4000,911,Del,Struct,173726,2646,222,0,782.55
1000,4000,912,Inc,Large,151385,2646,301,0,502.94
1000,4000,913,Dec,Large,133756,2646,217,0,616.39
1000,4000,914,Del,Struct,133814,2646,187,0,715.58
1000,4000,915,Inc,Large,201454,2646,9165,2,21.98
1000,4000,916,Add,Struct,146334,2648,216,0,677.47
1000,4000,917,Del,Struct,141260,2648,280,0,504.50
1000,4000,918,Dec,Large,139581,2648,308,0,453.19
1000,4000,919,Dec,Large,138659,2648,286,0,484.82
1000,4000,920,Inc,Large,138542,2648,291,0,476.09
1000,4000,921,Add,Struct,137611,2648,214,0,643.04
1000,4000,922,Del,Struct,193476,2650,906,2,213.55
1000,4000,923,Dec,Large,144190,2654,858,6,168.05
1000,4000,924,Add,Struct,141748,2654,256,0,553.70
1000,4000,925,Inc,Large,140414,2654,570,0,246.34
1000,4000,926,Dec,Large,139841,2654,449,0,311.45
1000,4000,927,Add,Struct,139738,2654,204,0,684.99
1000,4000,928,Dec,Large,144499,2654,417,0,346.52
1000,4000,929,Inc,Large,182884,2654,551,0,331.91
1000,4000,930,Add,Struct,160891,2654,112,0,1436.53
1000,4000,931,Dec,Large,161147,2652,864,4,186.51
1000,4000,932,Inc,Large,145476,2650,2507,10,58.03
1000,4000,933,Add,Struct,146071,2652,159,0,918.69
1000,4000,934,Dec,Large,145537,2662,3058,34,47.59
1000,4000,935,Del,Struct,187927,2662,329,0,571.21
1000,4000,936,Inc,Large,157303,2664,911,2,172.67
1000,4000,937,Inc,Large,140765,2664,329,0,427.86
1000,4000,938,Add,Struct,138049,2664,260,0,530.96
1000,4000,939,Inc,Large,137331,2664,300,0,457.77
1000,4000,940,Inc,Large,137339,2664,1089,4,126.11
1000,4000,941,Inc,Large,171154,2662,2220,12,77.10
1000,4000,942,Add,Struct,160416,2664,141,0,1137.70
1000,4000,943,Inc,Large,141754,2664,1495,6,94.82
1000,4000,944,Del,Struct,143632,2662,259,0,554.56
1000,4000,945,Inc,Large,143887,2662,796,2,180.76
1000,4000,946,Dec,Large,141721,2662,248,0,571.46
1000,4000,947,Add,Struct,143334,2664,129,0,1111.12
1000,4000,948,Dec,Large,192894,2662,1160,10,166.29
1000,4000,949,Add,Struct,143078,2662,274,0,522.18
1000,4000,950,Inc,Large,152865,2662,1040,4,146.99
1000,4000,951,Dec,Large,140803,2662,243,0,579.44
1000,4000,952,Inc,Large,139392,2662,268,0,520.12
1000,4000,953,Add,Struct,143876,2662,576,4,249.78
1000,4000,954,Del,Struct,209381,2662,473,0,442.67
1000,4000,955,Dec,Large,263214,2662,548,0,480.32
1000,4000,956,Del,Struct,217950,2662,900,0,242.17
1000,4000,957,Inc,Large,191214,2662,906,0,211.05
1000,4000,958,Add,Struct,153428,2662,700,2,219.18
1000,4000,959,Inc,Large,172620,2662,830,0,207.98
1000,4000,960,Dec,Large,145855,2662,659,0,221.33
1000,4000,961,Del,Struct,146924,2662,414,0,354.89
1000,4000,962,Inc,Large,168347,2662,601,0,280.11
1000,4000,963,Inc,Large,153312,2662,270,0,567.82
1000,4000,964,Inc,Large,158360,2662,549,0,288.45
1000,4000,965,Inc,Large,182545,2662,335,0,544.91
1000,4000,966,Dec,Large,138006,2662,464,0,297.43
1000,4000,967,Inc,Large,136756,2662,453,0,301.89
1000,4000,968,Del,Struct,137217,2662,277,0,495.37
1000,4000,969,Del,Struct,194379,2662,473,0,410.95
1000,4000,970,Add,Struct,209304,2666,1786,6,117.19
1000,4000,971,Add,Struct,166628,2666,372,0,447.92
1000,4000,972,Del,Struct,146105,2666,15583,0,9.38
1000,4000,973,Dec,Large,166024,2666,502,0,330.73
1000,4000,974,Add,Struct,178919,2666,500,0,357.84
1000,4000,975,Inc,Large,210293,2664,2809,6,74.86
1000,4000,976,Dec,Large,196097,2666,829,2,236.55
1000,4000,977,Inc,Large,185420,2666,1249,0,148.45
1000,4000,978,Del,Struct,232478,2664,962,0,241.66
1000,4000,979,Del,Struct,217287,2662,401,0,541.86
1000,4000,980,Del,Struct,159700,2658,2771,6,57.63
1000,4000,981,Add,Struct,188156,2658,629,0,299.14
1000,4000,982,Del,Struct,147382,2658,230,0,640.79
1000,4000,983,Add,Struct,142201,2658,315,0,451.43
1000,4000,984,Del,Struct,150355,2658,249,0,603.84
1000,4000,985,Dec,Large,161909,2658,872,2,185.68
1000,4000,986,Del,Struct,152651,2658,286,0,533.74
1000,4000,987,Add,Struct,138965,2658,226,0,614.89
1000,4000,988,Inc,Large,193286,2658,425,0,454.79
1000,4000,989,Del,Struct,134743,2658,271,0,497.21
1000,4000,990,Add,Struct,137417,2658,136,0,1010.42
1000,4000,991,Inc,Large,133494,2658,383,0,348.55
1000,4000,992,Inc,Large,229656,2660,775,0,296.33
1000,4000,993,Inc,Large,201496,2660,1003,0,200.89
1000,4000,994,Inc,Large,203888,2660,624,0,326.74
1000,4000,995,Inc,Large,222520,2660,1205,2,184.66
1000,4000,996,Add,Struct,167926,2660,307,0,546.99
1000,4000,997,Inc,Large,166443,2660,510,0,326.36
1000,4000,998,Add,Struct,167109,2660,877,0,190.55
1000,4000,999,Del,Struct,167525,2660,837,0,200.15
2000,8000,0,Del,Struct,349434,5298,461,0,757.99
2000,8000,1,Inc,Large,345990,5298,241,0,1435.64
2000,8000,2,Inc,Large,333642,5300,1104,2,302.21
2000,8000,3,Del,Struct,312358,5300,269,0,1161.18
2000,8000,4,Add,Struct,350575,5302,1731,4,202.53
2000,8000,5,Inc,Large,359037,5302,803,0,447.12
2000,8000,6,Add,Struct,314277,5302,687,0,457.46
2000,8000,7,Add,Struct,354965,5304,1695,0,209.42
2000,8000,8,Inc,Large,327810,5304,928,0,353.24
2000,8000,9,Add,Struct,314154,5304,357,0,879.98
2000,8000,10,Add,Struct,363986,5304,445,0,817.95
2000,8000,11,Inc,Large,356031,5304,439,0,811.00
2000,8000,12,Add,Struct,313221,5308,30602,378,10.24
2000,8000,13,Del,Struct,626970,5308,1422,0,440.91
2000,8000,14,Inc,Large,692722,5308,1942,0,356.71
2000,8000,15,Inc,Large,387929,5308,561,0,691.50
2000,8000,16,Del,Struct,381693,5306,3459,8,110.35
2000,8000,17,Add,Struct,339722,5306,882,0,385.17
2000,8000,18,Add,Struct,437945,5306,954,0,459.06
2000,8000,19,Inc,Large,542842,5306,2154,0,252.02
2000,8000,20,Del,Struct,485216,5306,1072,0,452.63
2000,8000,21,Dec,Large,379948,5306,1041,0,364.98
2000,8000,22,Del,Struct,329283,5306,434,0,758.72
2000,8000,23,Dec,Large,323472,5306,1058,2,305.74
2000,8000,24,Add,Struct,377006,5306,927,0,406.69
2000,8000,25,Del,Struct,318362,5306,358,0,889.28
2000,8000,26,Del,Struct,315713,5296,16892,42,18.69
2000,8000,27,Del,Struct,322040,5296,185,0,1740.76
2000,8000,28,Del,Struct,310352,5294,1266,4,245.14
2000,8000,29,Dec,Large,327250,5294,487,0,671.97
2000,8000,30,Inc,Large,427629,5294,1006,0,425.08
2000,8000,31,Add,Struct,333163,5300,2568,20,129.74
2000,8000,32,Inc,Large,355147,5300,448,0,792.74
2000,8000,33,Add,Struct,312737,5300,342,0,914.44
2000,8000,34,Inc,Large,309331,5300,419,0,738.26
2000,8000,35,Del,Struct,350512,5302,1682,4,208.39
2000,8000,36,Dec,Large,310483,5302,350,0,887.09
2000,8000,37,Dec,Large,309138,5302,478,2,646.73
2000,8000,38,Inc,Large,351935,5302,1581,2,222.60
2000,8000,39,Inc,Large,311574,5302,443,0,703.33
2000,8000,40,Inc,Large,329122,5302,413,0,796.91
2000,8000,41,Add,Struct,357184,5304,738,0,483.99
2000,8000,42,Inc,Large,329035,5304,1784,0,184.44
2000,8000,43,Add,Struct,322566,5304,2036,0,158.43
2000,8000,44,Add,Struct,360120,5304,2291,0,157.19
2000,8000,45,Inc,Large,315134,5304,2917,2,108.03
2000,8000,46,Del,Struct,332735,5304,374,0,889.67
2000,8000,47,Inc,Large,359101,5304,800,0,448.88
2000,8000,48,Del,Struct,350050,5304,449,0,779.62
2000,8000,49,Del,Struct,311863,5304,244,0,1278.13
2000,8000,50,Inc,Large,350026,5304,977,2,358.27
2000,8000,51,Inc,Large,310480,5304,529,0,586.92
2000,8000,52,Dec,Large,308447,5304,5092,0,60.57
2000,8000,53,Dec,Large,356851,5302,2808,20,127.08
2000,8000,54,Inc,Large,383478,5302,415,0,924.04
2000,8000,55,Inc,Large,308685,5302,261,0,1182.70
2000,8000,56,Dec,Large,356719,5302,508,0,702.20
2000,8000,57,Del,Struct,406612,5302,268,0,1517.21
2000,8000,58,Del,Struct,343365,5302,355,0,967.23
2000,8000,59,Dec,Large,418781,5302,762,0,549.58
2000,8000,60,Del,Struct,337910,5302,534,0,632.79
2000,8000,61,Del,Struct,356414,5302,973,0,366.30
2000,8000,62,Add,Struct,357484,5302,421,0,849.13
2000,8000,63,Add,Struct,423952,5302,936,0,452.94
2000,8000,64,Inc,Large,427602,5302,637,0,671.27
2000,8000,65,Dec,Large,373965,5302,516,0,724.74
2000,8000,66,Inc,Large,403073,5302,349,0,1154.94
2000,8000,67,Dec,Large,331646,5302,446,0,743.60
2000,8000,68,Del,Struct,337737,5302,318,0,1062.07
2000,8000,69,Add,Struct,351654,5302,953,0,369.00
2000,8000,70,Add,Struct,299327,5302,334,0,896.19
2000,8000,71,Del,Struct,331752,5302,270,0,1228.71
2000,8000,72,Add,Struct,350200,5302,375,0,933.87
2000,8000,73,Dec,Large,298624,5302,400,0,746.56
2000,8000,74,Dec,Large,334434,5302,495,0,675.62
2000,8000,75,Del,Struct,360928,5300,246,0,1467.19
2000,8000,76,Del,Struct,544827,5300,236,0,2308.59
2000,8000,77,Add,Struct,390571,5302,1786,14,218.68
2000,8000,78,Dec,Large,307750,5300,653,2,471.29
2000,8000,79,Del,Struct,300747,5300,361,0,833.09
2000,8000,80,Dec,Large,340327,5300,379,0,897.96
2000,8000,81,Inc,Large,352298,5302,951,2,370.45
2000,8000,82,Dec,Large,301713,5306,1302,10,231.73
2000,8000,83,Inc,Large,360153,5302,15394,10,23.40
2000,8000,84,Del,Struct,315639,5302,240,0,1315.16
2000,8000,85,Inc,Large,300045,5302,1119,4,268.14
2000,8000,86,Inc,Large,300950,5302,184,0,1635.60
2000,8000,87,Dec,Large,607143,5302,397,0,1529.33
2000,8000,88,Del,Struct,314244,5302,234,0,1342.92
2000,8000,89,Inc,Large,389826,5302,420,0,928.16
2000,8000,90,Add,Struct,492581,5302,437,0,1127.19
2000,8000,91,Del,Struct,360233,5302,644,0,559.37
2000,8000,92,Inc,Large,300855,5302,363,0,828.80
2000,8000,93,Dec,Large,334340,5306,4790,56,69.80
2000,8000,94,Dec,Large,359823,5306,391,0,920.26
2000,8000,95,Add,Struct,300045,5306,226,0,1327.63
2000,8000,96,Dec,Large,302671,5304,1638,16,184.78
2000,8000,97,Add,Struct,357839,5304,193,0,1854.09
2000,8000,98,Inc,Large,434837,5304,397,0,1095.31
2000,8000,99,Inc,Large,354586,5304,311,0,1140.15
2000,8000,100,Dec,Large,387008,5304,329,0,1176.32
2000,8000,101,Add,Struct,301469,5304,974,8,309.52
2000,8000,102,Dec,Large,434819,5306,701,2,620.28
2000,8000,103,Del,Struct,589879,5306,6098,4,96.73
2000,8000,104,Del,Struct,634268,5306,697,0,910.00
2000,8000,105,Add,Struct,323680,5306,387,0,836.38
2000,8000,106,Add,Struct,418598,5306,1115,2,375.42
2000,8000,107,Inc,Large,499751,5304,1769,2,282.50
2000,8000,108,Add,Struct,322626,5302,973,4,331.58
2000,8000,109,Dec,Large,356315,5302,469,0,759.73
2000,8000,110,Dec,Large,311931,5302,430,0,725.42
2000,8000,111,Inc,Large,373943,5302,406,0,921.04
2000,8000,112,Del,Struct,335180,5302,541,0,619.56
2000,8000,113,Inc,Large,312039,5304,8294,42,37.62
2000,8000,114,Inc,Large,313427,5304,351,0,892.95
2000,8000,115,Add,Struct,351569,5304,178,0,1975.11
2000,8000,116,Inc,Large,311887,5304,271,0,1150.87
2000,8000,117,Add,Struct,309055,5306,464,2,666.07
2000,8000,118,Del,Struct,409352,5306,370,0,1106.36
2000,8000,119,Del,Struct,380026,5306,330,0,1151.59
2000,8000,120,Add,Struct,371933,5306,1045,0,355.92
2000,8000,121,Dec,Large,364997,5302,6556,30,55.67
2000,8000,122,Inc,Large,312089,5300,1586,4,196.78
2000,8000,123,Add,Struct,360863,5300,250,0,1443.45
2000,8000,124,Add,Struct,309927,5300,136,0,2278.88
2000,8000,125,Dec,Large,309090,5298,539,2,573.45
2000,8000,126,Dec,Large,355708,5298,293,0,1214.02
2000,8000,127,Add,Struct,308856,5298,301,0,1026.10
2000,8000,128,Inc,Large,307705,5298,379,0,811.89
2000,8000,129,Del,Struct,356769,5298,246,0,1450.28
2000,8000,130,Dec,Large,451619,5300,711,4,635.19
2000,8000,131,Add,Struct,309329,5300,219,0,1412.46
2000,8000,132,Dec,Large,356483,5300,376,0,948.09
2000,8000,133,Add,Struct,308853,5300,347,0,890.07
2000,8000,134,Inc,Large,308757,5300,290,0,1064.68
2000,8000,135,Dec,Large,353517,5300,417,0,847.76
2000,8000,136,Inc,Large,311546,5300,304,0,1024.82
2000,8000,137,Inc,Large,307567,5300,435,0,707.05
2000,8000,138,Del,Struct,354415,5302,1382,2,256.45
2000,8000,139,Add,Struct,319504,5302,288,0,1109.39
2000,8000,140,Add,Struct,305269,5298,1460,12,209.09
2000,8000,141,Del,Struct,438227,5298,293,0,1495.66
2000,8000,142,Del,Struct,398486,5298,228,0,1747.75
2000,8000,143,Inc,Large,300591,5300,814,2,369.28
2000,8000,144,Dec,Large,360422,5302,566,2,636.79
2000,8000,145,Dec,Large,301175,5302,362,0,831.98
2000,8000,146,Dec,Large,299728,5302,670,2,447.36
2000,8000,147,Del,Struct,426687,5302,243,0,1755.91
2000,8000,148,Inc,Large,367898,5302,396,0,929.04
2000,8000,149,Inc,Large,456796,5302,614,0,743.97
2000,8000,150,Del,Struct,343834,5302,740,0,464.64
2000,8000,151,Del,Struct,322303,5302,260,0,1239.63
2000,8000,152,Del,Struct,397102,5302,347,0,1144.39
2000,8000,153,Inc,Large,484887,5302,1473,2,329.18
2000,8000,154,Del,Struct,361292,5300,262,0,1378.98
2000,8000,155,Add,Struct,367539,5300,4113,0,89.36
2000,8000,156,Del,Struct,300577,5300,216,0,1391.56
2000,8000,157,Inc,Large,451547,5300,1468,2,307.59
2000,8000,158,Dec,Large,407944,5300,504,0,809.41
2000,8000,159,Del,Struct,536850,5298,1294,2,414.88
2000,8000,160,Del,Struct,405248,5298,550,0,736.81
2000,8000,161,Add,Struct,337396,5298,396,0,852.01
2000,8000,162,Inc,Large,355430,5298,476,0,746.70
2000,8000,163,Dec,Large,318694,5298,626,0,509.10
2000,8000,164,Del,Struct,374615,5296,3306,8,113.31
2000,8000,165,Dec,Large,322100,5298,311,0,1035.69
2000,8000,166,Add,Struct,320103,5298,557,0,574.69
2000,8000,167,Dec,Large,329326,5300,1282,8,256.88
2000,8000,168,Add,Struct,321409,5292,5630,60,57.09
2000,8000,169,Inc,Large,321826,5292,538,0,598.19
2000,8000,170,Add,Struct,337575,5292,574,0,588.11
2000,8000,171,Add,Struct,311408,5294,437,0,712.60
2000,8000,172,Dec,Large,310302,5294,414,0,749.52
2000,8000,173,Inc,Large,346769,5294,378,0,917.38
2000,8000,174,Del,Struct,310199,5294,595,0,521.34
2000,8000,175,Del,Struct,308974,5292,710,0,435.17
2000,8000,176,Add,Struct,333663,5292,389,0,857.75
2000,8000,177,Del,Struct,326274,5292,413,0,790.01
2000,8000,178,Add,Struct,309712,5292,525,0,589.93
2000,8000,179,Inc,Large,309631,5292,701,0,441.70
2000,8000,180,Del,Struct,329256,5292,297,0,1108.61
2000,8000,181,Inc,Large,306835,5292,2081,0,147.45
2000,8000,182,Inc,Large,310192,5292,1863,4,166.50
2000,8000,183,Dec,Large,361029,5294,695,2,519.47
2000,8000,184,Del,Struct,308956,5294,333,0,927.80
2000,8000,185,Del,Struct,312035,5290,7401,44,42.16
2000,8000,186,Dec,Large,359510,5290,1341,12,268.09
2000,8000,187,Inc,Large,310190,5288,1254,4,247.36
2000,8000,188,Del,Struct,307605,5288,554,0,555.24
2000,8000,189,Inc,Large,354337,5290,6492,38,54.58
2000,8000,190,Del,Struct,308724,5290,195,0,1583.20
2000,8000,191,Del,Struct,307565,5290,213,0,1443.97
2000,8000,192,Del,Struct,313007,5290,244,0,1282.82
2000,8000,193,Add,Struct,309497,5292,346,0,894.50
2000,8000,194,Dec,Large,310399,5294,5814,66,53.39
2000,8000,195,Dec,Large,358947,5294,372,0,964.91
2000,8000,196,Add,Struct,314640,5294,246,0,1279.02
2000,8000,197,Del,Struct,431461,5294,684,0,630.79
2000,8000,198,Dec,Large,498830,5294,873,0,571.40
2000,8000,199,Del,Struct,319921,5294,442,0,723.80
2000,8000,200,Dec,Large,364054,5294,829,2,439.15
2000,8000,201,Inc,Large,391831,5294,2922,6,134.10
2000,8000,202,Inc,Large,306037,5294,286,0,1070.06
2000,8000,203,Dec,Large,476863,5294,841,2,567.02
2000,8000,204,Del,Struct,309729,5294,397,0,780.17
2000,8000,205,Dec,Large,349137,5294,12925,2,27.01
2000,8000,206,Add,Struct,304191,5294,343,0,886.85
2000,8000,207,Inc,Large,302032,5294,803,2,376.13
2000,8000,208,Dec,Large,360951,5294,678,0,532.38
2000,8000,209,Inc,Large,573418,5294,3039,10,188.69
2000,8000,210,Inc,Large,314315,5294,398,0,789.74
2000,8000,211,Dec,Large,361144,5288,2925,28,123.47
2000,8000,212,Inc,Large,370001,5288,536,0,690.30
2000,8000,213,Dec,Large,334095,5290,1809,14,184.68
2000,8000,214,Dec,Large,330863,5290,291,0,1136.99
2000,8000,215,Inc,Large,352279,5288,21343,36,16.51
2000,8000,216,Add,Struct,358622,5288,738,0,485.94
2000,8000,217,Inc,Large,298866,5288,1973,0,151.48
2000,8000,218,Add,Struct,301277,5288,260,0,1158.76
2000,8000,219,Del,Struct,344329,5288,261,0,1319.27
2000,8000,220,Del,Struct,483017,5288,847,2,570.27
2000,8000,221,Inc,Large,317837,5288,254,0,1251.33
2000,8000,222,Del,Struct,355648,5286,6517,46,54.57
2000,8000,223,Add,Struct,320454,5286,359,0,892.63
2000,8000,224,Del,Struct,307077,5286,237,0,1295.68
2000,8000,225,Inc,Large,353273,5286,330,0,1070.52
2000,8000,226,Dec,Large,306686,5286,351,0,873.75
2000,8000,227,Dec,Large,307782,5286,235,0,1309.71
2000,8000,228,Del,Struct,350585,5286,300,0,1168.62
2000,8000,229,Del,Struct,308320,5286,494,0,624.13
2000,8000,230,Dec,Large,306494,5286,591,0,518.60
2000,8000,231,Inc,Large,370000,5286,428,0,864.49
2000,8000,232,Dec,Large,362432,5292,851,6,425.89
2000,8000,233,Add,Struct,311112,5294,1774,18,175.37
2000,8000,234,Del,Struct,352395,5294,233,0,1512.42
2000,8000,235,Del,Struct,308340,5294,190,0,1622.84
2000,8000,236,Inc,Large,306523,5294,204,0,1502.56
2000,8000,237,Add,Struct,355846,5298,1149,6,309.70
2000,8000,238,Inc,Large,310388,5298,607,0,511.35
2000,8000,239,Inc,Large,309263,5300,941,2,328.65
2000,8000,240,Del,Struct,348837,5300,303,0,1151.28
2000,8000,241,Del,Struct,308840,5300,1716,8,179.98
2000,8000,242,Dec,Large,307162,5300,347,0,885.19
2000,8000,243,Dec,Large,350998,5302,534,2,657.30
2000,8000,244,Inc,Large,307926,5302,266,0,1157.62
2000,8000,245,Del,Struct,476621,5300,1001,0,476.14
2000,8000,246,Inc,Large,651985,5300,8943,22,72.90
2000,8000,247,Dec,Large,352557,5300,545,0,646.89
2000,8000,248,Del,Struct,382844,5300,516,0,741.95
2000,8000,249,Del,Struct,321018,5300,529,0,606.84
2000,8000,250,Del,Struct,409987,5300,283,0,1448.72
2000,8000,251,Inc,Large,322548,5300,303,0,1064.51
2000,8000,252,Inc,Large,319190,5300,400,0,797.98
2000,8000,253,Del,Struct,388853,5302,999,2,389.24
2000,8000,254,Del,Struct,314574,5302,239,0,1316.21
2000,8000,255,Inc,Large,301021,5302,281,0,1071.25
2000,8000,256,Add,Struct,394395,5306,2970,26,132.79
2000,8000,257,Inc,Large,317761,5306,2947,0,107.83
2000,8000,258,Del,Struct,301978,5304,234,0,1290.50
2000,8000,259,Inc,Large,379296,5304,341,0,1112.30
2000,8000,260,Dec,Large,301362,5304,292,0,1032.06
2000,8000,261,Inc,Large,333246,5304,358,0,930.85
2000,8000,262,Del,Struct,373505,5304,793,0,471.00
2000,8000,263,Add,Struct,312139,5304,371,0,841.35
2000,8000,264,Del,Struct,356824,5304,1810,4,197.14
2000,8000,265,Add,Struct,410674,5304,218,0,1883.83
2000,8000,266,Dec,Large,441103,5304,425,0,1037.89
2000,8000,267,Del,Struct,344918,5304,579,0,595.71
2000,8000,268,Dec,Large,407912,5304,683,2,597.24
2000,8000,269,Del,Struct,338085,5304,223,0,1516.08
2000,8000,270,Dec,Large,362798,5304,494,0,734.41
2000,8000,271,Del,Struct,302237,5300,4438,20,68.10
2000,8000,272,Inc,Large,301427,5300,443,0,680.42
2000,8000,273,Del,Struct,409792,5298,272,0,1506.59
2000,8000,274,Add,Struct,316418,5300,539,2,587.05
2000,8000,275,Add,Struct,300409,5300,320,0,938.78
2000,8000,276,Del,Struct,390751,5300,342,0,1142.55
2000,8000,277,Add,Struct,366964,5300,138,0,2659.16
2000,8000,278,Dec,Large,300774,5300,271,0,1109.87
2000,8000,279,Add,Struct,357752,5300,186,0,1923.40
2000,8000,280,Inc,Large,301148,5300,248,0,1214.31
2000,8000,281,Add,Struct,301543,5300,428,0,704.54
2000,8000,282,Add,Struct,364442,5306,14675,8,24.83
2000,8000,283,Inc,Large,303510,5306,275,0,1103.67
2000,8000,284,Del,Struct,338189,5306,293,0,1154.23
2000,8000,285,Del,Struct,385252,5306,214,0,1800.24
2000,8000,286,Del,Struct,481741,5298,5090,24,94.64
2000,8000,287,Inc,Large,424486,5298,390,0,1088.43
2000,8000,288,Inc,Large,394322,5300,3613,10,109.14
2000,8000,289,Del,Struct,361039,5298,553,0,652.87
2000,8000,290,Del,Struct,425647,5298,544,0,782.44
2000,8000,291,Inc,Large,331848,5298,687,0,483.04
2000,8000,292,Dec,Large,379097,5298,959,0,395.30
2000,8000,293,Inc,Large,351502,5298,783,0,448.92
2000,8000,294,Add,Struct,373825,5298,654,0,571.60
2000,8000,295,Del,Struct,359070,5300,2703,6,132.84
2000,8000,296,Dec,Large,333990,5300,532,0,627.80
2000,8000,297,Inc,Large,340829,5300,548,0,621.95
2000,8000,298,Add,Struct,468827,5300,342,0,1370.84
2000,8000,299,Del,Struct,401021,5300,411,0,975.72
2000,8000,300,Dec,Large,356777,5300,678,2,526.22
2000,8000,301,Dec,Large,312552,5304,29600,342,10.56
2000,8000,302,Add,Struct,315078,5306,295,0,1068.06
2000,8000,303,Del,Struct,362314,5306,210,0,1725.30
2000,8000,304,Dec,Large,302678,5304,7222,124,41.91
2000,8000,305,Add,Struct,330150,5304,285,0,1158.42
2000,8000,306,Inc,Large,350778,5304,324,0,1082.65
2000,8000,307,Add,Struct,318358,5304,422,0,754.40
2000,8000,308,Del,Struct,309189,5300,4259,26,72.60
2000,8000,309,Dec,Large,349842,5300,564,2,620.29
2000,8000,310,Add,Struct,313199,5302,1459,12,214.67
2000,8000,311,Del,Struct,318645,5302,313,0,1018.04
2000,8000,312,Dec,Large,353065,5302,491,0,719.07
2000,8000,313,Inc,Large,309847,5302,361,0,858.30
2000,8000,314,Del,Struct,307049,5302,227,0,1352.64
2000,8000,315,Del,Struct,353020,5302,1298,4,271.97
2000,8000,316,Add,Struct,309694,5302,441,0,702.25
2000,8000,317,Dec,Large,308184,5302,329,0,936.73
2000,8000,318,Add,Struct,354455,5302,253,0,1401.01
2000,8000,319,Add,Struct,312991,5300,1197,16,261.48
2000,8000,320,Add,Struct,308142,5300,246,0,1252.61
2000,8000,321,Dec,Large,434360,5300,749,0,579.92
2000,8000,322,Inc,Large,552979,5300,453,0,1220.70
2000,8000,323,Add,Struct,375758,5300,1658,0,226.63
2000,8000,324,Add,Struct,321288,5300,485,0,662.45
2000,8000,325,Inc,Large,321540,5300,375,0,857.44
2000,8000,326,Inc,Large,350314,5300,1342,2,261.04
2000,8000,327,Inc,Large,427600,5300,3653,8,117.05
2000,8000,328,Dec,Large,381119,5300,439,0,868.15
2000,8000,329,Add,Struct,335148,5302,1896,8,176.77
2000,8000,330,Add,Struct,310258,5302,442,0,701.94
2000,8000,331,Add,Struct,308105,5302,281,0,1096.46
2000,8000,332,Inc,Large,346631,5304,1058,2,327.63
2000,8000,333,Del,Struct,310426,5302,963,2,322.35
2000,8000,334,Dec,Large,309610,5302,390,0,793.87
2000,8000,335,Dec,Large,423624,5302,1508,4,280.92
2000,8000,336,Add,Struct,329474,5302,554,0,594.72
2000,8000,337,Inc,Large,415909,5302,973,0,427.45
2000,8000,338,Dec,Large,805182,5302,3094,0,260.24
2000,8000,339,Dec,Large,472128,5302,1195,0,395.09
2000,8000,340,Add,Struct,380681,5302,791,0,481.27
2000,8000,341,Del,Struct,436335,5304,9290,16,46.97
2000,8000,342,Add,Struct,513905,5304,1460,2,351.99
2000,8000,343,Inc,Large,409034,5302,5857,8,69.84
2000,8000,344,Dec,Large,343709,5300,660,0,520.77
2000,8000,345,Del,Struct,327456,5300,350,0,935.59
2000,8000,346,Inc,Large,351054,5300,456,0,769.86
2000,8000,347,Inc,Large,349249,5304,1542,2,226.49
2000,8000,348,Inc,Large,329875,5306,266,0,1240.13
2000,8000,349,Add,Struct,351150,5308,960,2,365.78
2000,8000,350,Dec,Large,366157,5308,777,0,471.24
2000,8000,351,Add,Struct,319715,5310,728,2,439.17
2000,8000,352,Inc,Large,357644,5308,1163,2,307.52
2000,8000,353,Add,Struct,312664,5312,1915,10,163.27
2000,8000,354,Del,Struct,345225,5312,3118,6,110.72
2000,8000,355,Del,Struct,332345,5306,1547,2,214.83
2000,8000,356,Add,Struct,324912,5306,945,0,343.82
2000,8000,357,Del,Struct,358665,5306,466,0,769.67
2000,8000,358,Dec,Large,372489,5306,579,0,643.33
2000,8000,359,Add,Struct,314625,5306,605,0,520.04
2000,8000,360,Del,Struct,356601,5304,223,0,1599.11
2000,8000,361,Dec,Large,321374,5304,451,0,712.58
2000,8000,362,Del,Struct,322892,5308,1045,2,308.99
2000,8000,363,Inc,Large,363880,5308,400,0,909.70
2000,8000,364,Add,Struct,301095,5308,252,0,1194.82
2000,8000,365,Add,Struct,299853,5308,401,0,747.76
2000,8000,366,Dec,Large,360004,5310,1065,6,338.03
2000,8000,367,Dec,Large,359632,5310,612,0,587.63
2000,8000,368,Add,Struct,355401,5310,479,0,741.96
2000,8000,369,Inc,Large,373655,5310,707,0,528.51
2000,8000,370,Del,Struct,354580,5302,5158,16,68.74
2000,8000,371,Add,Struct,362412,5302,511,0,709.22
2000,8000,372,Add,Struct,430624,5302,611,0,704.79
2000,8000,373,Inc,Large,299294,5302,352,0,850.27
2000,8000,374,Del,Struct,297745,5302,289,0,1030.26
2000,8000,375,Dec,Large,426982,5304,345,0,1237.63
2000,8000,376,Inc,Large,400195,5304,381,0,1050.38
2000,8000,377,Inc,Large,360141,5304,473,0,761.40
2000,8000,378,Del,Struct,300389,5304,265,0,1133.54
2000,8000,379,Inc,Large,300063,5304,735,0,408.25
2000,8000,380,Inc,Large,357012,5304,2898,8,123.19
2000,8000,381,Add,Struct,301907,5304,593,2,509.12
2000,8000,382,Add,Struct,543473,5306,661,0,822.20
2000,8000,383,Inc,Large,446104,5306,411,0,1085.41
2000,8000,384,Del,Struct,331070,5306,321,0,1031.37
2000,8000,385,Inc,Large,396166,5306,814,0,486.69
2000,8000,386,Dec,Large,427786,5306,403,0,1061.50
2000,8000,387,Dec,Large,367402,5306,1475,8,249.09
2000,8000,388,Dec,Large,397874,5306,407,0,977.58
2000,8000,389,Dec,Large,311644,5306,364,0,856.16
2000,8000,390,Add,Struct,311712,5306,306,0,1018.67
2000,8000,391,Add,Struct,351383,5308,538,0,653.13
2000,8000,392,Del,Struct,309754,5308,346,0,895.24
2000,8000,393,Dec,Large,312126,5308,2031,18,153.68
2000,8000,394,Del,Struct,355179,5308,260,0,1366.07
2000,8000,395,Inc,Large,310900,5310,355,0,875.77
2000,8000,396,Inc,Large,310929,5310,291,0,1068.48
2000,8000,397,Inc,Large,352093,5310,311,0,1132.13
2000,8000,398,Del,Struct,314088,5304,2563,8,122.55
2000,8000,399,Inc,Large,310573,5306,922,2,336.85
2000,8000,400,Add,Struct,349092,5306,450,0,775.76
2000,8000,401,Dec,Large,311715,5306,676,4,461.12
2000,8000,402,Add,Struct,311165,5306,424,2,733.88
2000,8000,403,Inc,Large,356041,5306,381,0,934.49
2000,8000,404,Dec,Large,309379,5306,388,2,797.37
2000,8000,405,Inc,Large,308132,5306,218,0,1413.45
2000,8000,406,Dec,Large,370056,5306,2064,20,179.29
2000,8000,407,Del,Struct,309800,5306,248,0,1249.19
2000,8000,408,Dec,Large,309160,5306,308,0,1003.77
2000,8000,409,Add,Struct,352310,5306,173,0,2036.47
2000,8000,410,Dec,Large,346467,5312,4620,48,74.99
2000,8000,411,Dec,Large,312097,5316,2979,34,104.77
2000,8000,412,Inc,Large,357964,5316,404,0,886.05
2000,8000,413,Dec,Large,311196,5316,228,0,1364.89
2000,8000,414,Dec,Large,309344,5316,584,2,529.70
2000,8000,415,Dec,Large,388696,5314,491,2,791.64
2000,8000,416,Del,Struct,311314,5314,183,0,1701.17
2000,8000,417,Inc,Large,309445,5304,20304,126,15.24
2000,8000,418,Inc,Large,361786,5304,263,0,1375.61
2000,8000,419,Inc,Large,311568,5304,214,0,1455.93
2000,8000,420,Del,Struct,308734,5304,273,0,1130.89
2000,8000,421,Inc,Large,350263,5304,183,0,1914.01
2000,8000,422,Inc,Large,319424,5302,338,0,945.04
2000,8000,423,Dec,Large,298746,5302,403,0,741.31
2000,8000,424,Dec,Large,400570,5306,1362,12,294.10
2000,8000,425,Dec,Large,335308,5306,282,0,1189.04
2000,8000,426,Del,Struct,303340,5306,228,0,1330.44
2000,8000,427,Add,Struct,363922,5306,376,0,967.88
2000,8000,428,Add,Struct,345183,5306,220,0,1569.01
2000,8000,429,Add,Struct,398975,5306,412,0,968.39
2000,8000,430,Add,Struct,358963,5310,977,2,367.41
2000,8000,431,Del,Struct,331563,5310,361,0,918.46
2000,8000,432,Add,Struct,364351,5310,222,0,1641.22
2000,8000,433,Add,Struct,466842,5310,2954,0,158.04
2000,8000,434,Add,Struct,313448,5312,570,4,549.91
2000,8000,435,Dec,Large,367530,5312,753,2,488.09
2000,8000,436,Dec,Large,333283,5312,185,0,1801.53
2000,8000,437,Dec,Large,303894,5312,501,0,606.57
2000,8000,438,Del,Struct,360493,5312,286,0,1260.47
2000,8000,439,Dec,Large,303039,5308,1238,8,244.78
2000,8000,440,Add,Struct,303031,5308,608,0,498.41
2000,8000,441,Inc,Large,376731,5308,1057,2,356.42
2000,8000,442,Del,Struct,302048,5308,256,0,1179.88
2000,8000,443,Del,Struct,300696,5308,248,0,1212.48
2000,8000,444,Inc,Large,477276,5308,330,0,1446.29
2000,8000,445,Inc,Large,378314,5308,470,0,804.92
2000,8000,446,Add,Struct,366959,5308,279,0,1315.27
2000,8000,447,Dec,Large,513529,5308,389,0,1320.13
2000,8000,448,Del,Struct,302236,5308,258,0,1171.46
2000,8000,449,Inc,Large,367334,5368,210762,1972,1.74
2000,8000,450,Add,Struct,310506,5368,241,0,1288.41
2000,8000,451,Del,Struct,371606,5368,811,2,458.21
2000,8000,452,Dec,Large,304215,5368,172,0,1768.69
2000,8000,453,Inc,Large,304492,5368,121,0,2516.46
2000,8000,454,Inc,Large,433049,5368,168,0,2577.67
2000,8000,455,Add,Struct,429643,5368,159,0,2702.16
2000,8000,456,Inc,Large,335167,5368,178,0,1882.96
2000,8000,457,Inc,Large,319554,5368,168,0,1902.11
2000,8000,458,Dec,Large,306538,5368,145,0,2114.06
2000,8000,459,Del,Struct,328255,5368,221,0,1485.32
2000,8000,460,Inc,Large,373201,5368,271,0,1377.13
2000,8000,461,Inc,Large,355236,5372,993,2,357.74
2000,8000,462,Inc,Large,398015,5372,266,0,1496.30
2000,8000,463,Del,Struct,303970,5372,184,0,1652.01
2000,8000,464,Add,Struct,304445,5372,194,0,1569.30
2000,8000,465,Dec,Large,364501,5368,1669,16,218.39
2000,8000,466,Inc,Large,497581,5368,178,0,2795.40
2000,8000,467,Dec,Large,303319,5368,243,0,1248.23
2000,8000,468,Inc,Large,440247,5368,777,2,566.60
2000,8000,469,Del,Struct,303788,5368,228,0,1332.40
2000,8000,470,Dec,Large,330619,5368,253,0,1306.79
2000,8000,471,Dec,Large,336151,5366,500,4,672.30
2000,8000,472,Del,Struct,304424,5362,744,2,409.17
2000,8000,473,Add,Struct,302384,5362,245,0,1234.22
2000,8000,474,Inc,Large,416291,5360,3710,10,112.21
2000,8000,475,Del,Struct,624235,5360,1593,0,391.86
2000,8000,476,Del,Struct,710524,5360,468,0,1518.21
2000,8000,477,Add,Struct,417722,5360,785,0,532.13
2000,8000,478,Del,Struct,537563,5358,688,0,781.34
2000,8000,479,Del,Struct,505031,5356,532,0,949.31
2000,8000,480,Del,Struct,407019,5356,1324,2,307.42
2000,8000,481,Inc,Large,460623,5356,509,0,904.96
2000,8000,482,Inc,Large,404330,5354,513,0,788.17
2000,8000,483,Inc,Large,403556,5354,432,0,934.16
2000,8000,484,Add,Struct,524018,5354,893,0,586.81
2000,8000,485,Add,Struct,461829,5354,1205,4,383.26
2000,8000,486,Del,Struct,437994,5352,2083,4,210.27
2000,8000,487,Del,Struct,426011,5352,416,0,1024.06
2000,8000,488,Del,Struct,435080,5350,3785,12,114.95
2000,8000,489,Inc,Large,424972,5350,418,0,1016.68
2000,8000,490,Add,Struct,435045,5348,766,2,567.94
2000,8000,491,Dec,Large,423989,5348,419,0,1011.91
2000,8000,492,Del,Struct,457414,5348,263,0,1739.22
2000,8000,493,Del,Struct,531758,5348,261,0,2037.39
2000,8000,494,Del,Struct,459097,5348,339,0,1354.27
2000,8000,495,Del,Struct,432869,5348,2477,6,174.76
2000,8000,496,Inc,Large,446938,5346,1320,2,338.59
2000,8000,497,Inc,Large,388024,5346,953,0,407.16
2000,8000,498,Add,Struct,329768,5344,699,0,471.77
2000,8000,499,Del,Struct,405367,5344,11583,32,35.00
2000,8000,500,Del,Struct,332281,5344,463,0,717.67
2000,8000,501,Dec,Large,311638,5346,1322,8,235.73
2000,8000,502,Dec,Large,358488,5346,594,0,603.52
2000,8000,503,Dec,Large,310339,5346,483,0,642.52
2000,8000,504,Dec,Large,313251,5348,1949,20,160.72
2000,8000,505,Dec,Large,354835,5348,849,2,417.94
2000,8000,506,Add,Struct,313929,5348,639,2,491.28
2000,8000,507,Del,Struct,310942,5348,224,0,1388.13
2000,8000,508,Dec,Large,357554,5346,1343,12,266.24
2000,8000,509,Dec,Large,310674,5346,299,0,1039.04
2000,8000,510,Dec,Large,309065,5346,569,2,543.17
2000,8000,511,Add,Struct,348215,5346,519,0,670.93
2000,8000,512,Inc,Large,325492,5346,370,0,879.71
2000,8000,513,Del,Struct,310104,5346,233,0,1330.92
2000,8000,514,Dec,Large,348656,5346,321,0,1086.16
2000,8000,515,Add,Struct,391828,5346,540,0,725.61
2000,8000,516,Add,Struct,426918,5346,752,0,567.71
2000,8000,517,Dec,Large,373846,5346,546,0,684.70
2000,8000,518,Add,Struct,342536,5346,738,0,464.14
2000,8000,519,Inc,Large,351476,5346,598,0,587.75
2000,8000,520,Dec,Large,355163,5346,498,0,713.18
2000,8000,521,Inc,Large,313042,5346,275,0,1138.33
2000,8000,522,Add,Struct,350045,5346,1158,2,302.28
2000,8000,523,Add,Struct,415792,5346,541,2,768.56
2000,8000,524,Del,Struct,396744,5346,490,0,809.68
2000,8000,525,Dec,Large,492506,5350,3291,30,149.65
2000,8000,526,Add,Struct,355775,5350,153,0,2325.33
2000,8000,527,Del,Struct,301503,5350,324,0,930.56
2000,8000,528,Inc,Large,365012,5350,1867,4,195.51
2000,8000,529,Del,Struct,330703,5350,419,0,789.27
2000,8000,530,Add,Struct,363349,5350,374,0,971.52
2000,8000,531,Del,Struct,348482,5350,235,0,1482.90
2000,8000,532,Dec,Large,371573,5350,430,0,864.12
2000,8000,533,Inc,Large,366417,5352,3484,14,105.17
2000,8000,534,Dec,Large,304663,5352,315,0,967.18
2000,8000,535,Dec,Large,301633,5352,329,0,916.82
2000,8000,536,Inc,Large,363127,5354,2238,8,162.26
2000,8000,537,Dec,Large,386137,5356,334,0,1156.10
2000,8000,538,Add,Struct,306379,5358,347,0,882.94
2000,8000,539,Add,Struct,362887,5358,378,0,960.02
2000,8000,540,Inc,Large,302783,5358,242,0,1251.17
2000,8000,541,Del,Struct,306257,5358,747,2,409.98
2000,8000,542,Dec,Large,365757,5358,649,2,563.57
2000,8000,543,Inc,Large,305113,5358,341,0,894.76
2000,8000,544,Dec,Large,302434,5358,361,0,837.77
2000,8000,545,Inc,Large,372415,5358,230,0,1619.20
2000,8000,546,Dec,Large,302818,5358,279,0,1085.37
2000,8000,547,Dec,Large,303864,5362,978,6,310.70
2000,8000,548,Add,Struct,469400,5364,181,0,2593.37
2000,8000,549,Del,Struct,431789,5364,262,0,1648.05
2000,8000,550,Dec,Large,334414,5362,740,2,451.91
2000,8000,551,Inc,Large,373741,5362,316,0,1182.72
2000,8000,552,Add,Struct,303941,5362,486,2,625.39
2000,8000,553,Add,Struct,333531,5362,304,0,1097.14
2000,8000,554,Add,Struct,350397,5362,122,0,2872.11
2000,8000,555,Dec,Large,303076,5362,309,0,980.83
2000,8000,556,Inc,Large,343092,5362,405,0,847.14
2000,8000,557,Del,Struct,307206,5362,280,0,1097.16
2000,8000,558,Del,Struct,303982,5360,675,2,450.34
2000,8000,559,Dec,Large,348205,5360,390,0,892.83
2000,8000,560,Inc,Large,508822,5360,347,0,1466.35
2000,8000,561,Dec,Large,302780,5360,352,0,860.17
2000,8000,562,Del,Struct,448008,5358,339,0,1321.56
2000,8000,563,Inc,Large,375234,5356,18334,50,20.47
2000,8000,564,Dec,Large,403535,5358,1757,2,229.67
2000,8000,565,Dec,Large,410294,5358,394,0,1041.36
2000,8000,566,Del,Struct,396488,5358,280,0,1416.03
2000,8000,567,Inc,Large,550566,5358,1005,0,547.83
2000,8000,568,Inc,Large,429153,5358,827,0,518.93
2000,8000,569,Del,Struct,621339,5358,572,0,1086.26
2000,8000,570,Inc,Large,474658,5358,473,0,1003.51
2000,8000,571,Inc,Large,414140,5358,463,0,894.47
2000,8000,572,Del,Struct,401264,5358,234,0,1714.80
2000,8000,573,Add,Struct,477828,5358,647,0,738.53
2000,8000,574,Dec,Large,403021,5358,493,0,817.49
2000,8000,575,Dec,Large,480981,5356,1134,2,424.15
2000,8000,576,Del,Struct,426933,5358,2388,6,178.78
2000,8000,577,Inc,Large,453622,5358,514,0,882.53
2000,8000,578,Add,Struct,414441,5358,505,0,820.68
2000,8000,579,Add,Struct,414686,5336,59809,298,6.93
2000,8000,580,Del,Struct,425496,5334,802,2,530.54
2000,8000,581,Add,Struct,410406,5334,564,0,727.67
2000,8000,582,Add,Struct,452369,5334,711,0,636.24
2000,8000,583,Add,Struct,411705,5334,461,0,893.07
2000,8000,584,Add,Struct,453138,5334,277,0,1635.88
2000,8000,585,Inc,Large,404576,5334,482,0,839.37
2000,8000,586,Del,Struct,329832,5340,4971,24,66.35
2000,8000,587,Del,Struct,392940,5338,806,0,487.52
2000,8000,588,Dec,Large,331491,5338,4120,36,80.46
2000,8000,589,Inc,Large,318000,5338,491,0,647.66
2000,8000,590,Dec,Large,347862,5336,753,2,461.97
2000,8000,591,Inc,Large,308363,5336,271,0,1137.87
2000,8000,592,Inc,Large,309126,5336,317,0,975.16
2000,8000,593,Dec,Large,357590,5336,368,0,971.71
2000,8000,594,Del,Struct,310527,5336,203,0,1529.69
2000,8000,595,Del,Struct,309129,5336,226,0,1367.83
2000,8000,596,Inc,Large,350942,5336,1204,4,291.48
2000,8000,597,Dec,Large,310898,5336,782,2,397.57
2000,8000,598,Inc,Large,309423,5338,3520,18,87.90
2000,8000,599,Add,Struct,359681,5340,791,6,454.72
2000,8000,600,Dec,Large,312333,5338,487,2,641.34
2000,8000,601,Dec,Large,311799,5338,613,2,508.64
2000,8000,602,Del,Struct,358590,5338,283,0,1267.10
2000,8000,603,Add,Struct,383701,5338,272,0,1410.67
2000,8000,604,Dec,Large,399813,5338,1011,0,395.46
2000,8000,605,Del,Struct,371929,5338,1360,2,273.48
2000,8000,606,Del,Struct,332031,5338,589,0,563.72
2000,8000,607,Inc,Large,386248,5338,505,0,764.85
2000,8000,608,Del,Struct,310107,5340,2235,6,138.75
2000,8000,609,Add,Struct,337588,5340,702,4,480.89
2000,8000,610,Inc,Large,375211,5340,972,0,386.02
2000,8000,611,Del,Struct,357699,5340,395,0,905.57
2000,8000,612,Add,Struct,383837,5340,425,0,903.15
2000,8000,613,Add,Struct,439685,5340,13763,0,31.95
2000,8000,614,Add,Struct,333738,5340,586,0,569.52
2000,8000,615,Del,Struct,365252,5340,340,0,1074.27
2000,8000,616,Dec,Large,384422,5340,294,0,1307.56
2000,8000,617,Dec,Large,301589,5340,371,0,812.91
2000,8000,618,Del,Struct,351800,5340,213,0,1651.64
2000,8000,619,Del,Struct,301033,5340,340,0,885.39
2000,8000,620,Del,Struct,299922,5340,357,0,840.12
2000,8000,621,Inc,Large,360570,5322,56357,224,6.40
2000,8000,622,Inc,Large,472093,5322,222,0,2126.55
2000,8000,623,Add,Struct,300452,5322,247,0,1216.40
2000,8000,624,Dec,Large,348167,5326,1011,10,344.38
2000,8000,625,Add,Struct,302070,5326,143,0,2112.38
2000,8000,626,Del,Struct,302416,5326,227,0,1332.23
2000,8000,627,Inc,Large,362669,5326,228,0,1590.65
2000,8000,628,Inc,Large,301171,5328,398,0,756.71
2000,8000,629,Del,Struct,300947,5328,169,0,1780.75
2000,8000,630,Inc,Large,359502,5328,769,2,467.49
2000,8000,631,Dec,Large,300760,5328,225,0,1336.71
2000,8000,632,Del,Struct,300760,5326,187,0,1608.34
2000,8000,633,Dec,Large,451920,5326,266,0,1698.95
2000,8000,634,Dec,Large,397570,5326,466,2,853.15
2000,8000,635,Del,Struct,342354,5326,263,0,1301.73
2000,8000,636,Dec,Large,333321,5322,667,4,499.73
2000,8000,637,Dec,Large,310049,5322,545,0,568.90
2000,8000,638,Del,Struct,367044,5322,496,0,740.01
2000,8000,639,Inc,Large,320836,5322,285,0,1125.74
2000,8000,640,Dec,Large,314860,5322,751,4,419.25
2000,8000,641,Dec,Large,360748,5322,331,0,1089.87
2000,8000,642,Dec,Large,302780,5322,473,2,640.13
2000,8000,643,Add,Struct,300047,5322,243,0,1234.76
2000,8000,644,Del,Struct,331292,5322,270,0,1227.01
2000,8000,645,Inc,Large,490703,5322,332,0,1478.02
2000,8000,646,Inc,Large,313758,5322,202,0,1553.26
2000,8000,647,Del,Struct,361528,5320,1482,6,243.95
2000,8000,648,Dec,Large,387611,5322,528,2,734.11
2000,8000,649,Dec,Large,431152,5322,456,0,945.51
2000,8000,650,Inc,Large,381611,5322,1874,0,203.63
2000,8000,651,Add,Struct,392474,5322,1187,0,330.64
2000,8000,652,Inc,Large,386354,5322,1017,0,379.90
2000,8000,653,Del,Struct,349039,5322,402,0,868.26
2000,8000,654,Dec,Large,346404,5322,1215,2,285.11
2000,8000,655,Del,Struct,675043,5322,1108,0,609.24
2000,8000,656,Dec,Large,555530,5324,1042,2,533.14
2000,8000,657,Dec,Large,428219,5324,608,0,704.31
2000,8000,658,Del,Struct,460879,5324,641,0,719.00
2000,8000,659,Add,Struct,447985,5324,601,0,745.40
2000,8000,660,Inc,Large,466098,5322,1008,0,462.40
2000,8000,661,Add,Struct,527356,5322,1192,0,442.41
2000,8000,662,Dec,Large,507607,5322,1236,0,410.69
2000,8000,663,Del,Struct,458807,5320,1998,2,229.63
2000,8000,664,Dec,Large,462880,5320,878,0,527.20
2000,8000,665,Del,Struct,423387,5320,397,0,1066.47
2000,8000,666,Add,Struct,448510,5320,686,0,653.80
2000,8000,667,Inc,Large,479720,5320,733,0,654.46
2000,8000,668,Del,Struct,523683,5320,546,0,959.13
2000,8000,669,Dec,Large,455280,5318,1424,2,319.72
2000,8000,670,Dec,Large,423234,5318,8858,0,47.78
2000,8000,671,Dec,Large,492792,5312,11897,42,41.42
2000,8000,672,Del,Struct,531927,5312,1057,0,503.24
2000,8000,673,Inc,Large,460322,5312,1462,0,314.86
2000,8000,674,Del,Struct,374386,5312,998,0,375.14
2000,8000,675,Add,Struct,376746,5312,981,2,384.04
2000,8000,676,Del,Struct,399264,5312,648,0,616.15
2000,8000,677,Del,Struct,317255,5312,542,0,585.34
2000,8000,678,Inc,Large,371551,5312,651,0,570.74
2000,8000,679,Dec,Large,334926,5312,366,0,915.10
2000,8000,680,Del,Struct,307647,5312,249,0,1235.53
2000,8000,681,Inc,Large,351752,5312,2409,0,146.02
2000,8000,682,Inc,Large,309170,5312,388,0,796.83
2000,8000,683,Inc,Large,307242,5312,335,0,917.14
2000,8000,684,Add,Struct,361950,5308,515,2,702.82
2000,8000,685,Inc,Large,310313,5306,2001,4,155.08
2000,8000,686,Dec,Large,309756,5306,272,0,1138.81
2000,8000,687,Del,Struct,354332,5306,296,0,1197.07
2000,8000,688,Dec,Large,309384,5306,329,0,940.38
2000,8000,689,Inc,Large,307780,5306,288,0,1068.68
2000,8000,690,Add,Struct,350370,5306,228,0,1536.71
2000,8000,691,Inc,Large,357964,5306,618,0,579.23
2000,8000,692,Inc,Large,463929,5306,507,0,915.05
2000,8000,693,Dec,Large,360873,5306,1030,0,350.36
2000,8000,694,Add,Struct,369060,5306,801,0,460.75
2000,8000,695,Add,Struct,453232,5306,491,0,923.08
2000,8000,696,Dec,Large,595783,5306,2718,0,219.20
2000,8000,697,Dec,Large,509631,5306,644,0,791.35
2000,8000,698,Del,Struct,449512,5306,464,0,968.78
2000,8000,699,Dec,Large,464655,5306,549,0,846.37
2000,8000,700,Dec,Large,419631,5306,546,0,768.55
2000,8000,701,Add,Struct,470283,5304,1702,4,276.31
2000,8000,702,Del,Struct,434883,5304,1656,2,262.61
2000,8000,703,Dec,Large,471789,5304,479,0,984.95
2000,8000,704,Add,Struct,416977,5304,544,0,766.50
2000,8000,705,Del,Struct,394493,5302,1050,2,375.71
2000,8000,706,Dec,Large,487585,5302,477,0,1022.19
2000,8000,707,Del,Struct,466131,5302,321,0,1452.12
2000,8000,708,Inc,Large,456406,5304,2089,4,218.48
2000,8000,709,Dec,Large,394405,5304,454,0,868.73
2000,8000,710,Del,Struct,457400,5304,289,0,1582.70
2000,8000,711,Del,Struct,437063,5304,504,0,867.19
2000,8000,712,Del,Struct,426884,5304,361,0,1182.50
2000,8000,713,Inc,Large,408167,5304,418,0,976.48
2000,8000,714,Inc,Large,441411,5304,380,0,1161.61
2000,8000,715,Add,Struct,437514,5304,763,2,573.41
2000,8000,716,Inc,Large,487790,5312,49810,296,9.79
2000,8000,717,Dec,Large,453475,5312,459,0,987.96
2000,8000,718,Add,Struct,469623,5316,578,2,812.50
2000,8000,719,Del,Struct,542440,5316,365,0,1486.14
2000,8000,720,Inc,Large,449195,5316,384,0,1169.78
2000,8000,721,Inc,Large,432312,5316,324,0,1334.30
2000,8000,722,Dec,Large,399495,5316,1619,6,246.75
2000,8000,723,Inc,Large,450850,5316,531,0,849.06
2000,8000,724,Inc,Large,365750,5316,597,0,612.65
2000,8000,725,Inc,Large,301464,5316,376,0,801.77
2000,8000,726,Dec,Large,378224,5316,990,0,382.04
2000,8000,727,Del,Struct,422753,5318,2428,2,174.12
2000,8000,728,Inc,Large,404699,5316,1280,0,316.17
2000,8000,729,Del,Struct,348610,5316,3048,2,114.37
2000,8000,730,Del,Struct,360925,5318,1061,2,340.17
2000,8000,731,Del,Struct,372051,5318,471,0,789.92
2000,8000,732,Add,Struct,344034,5318,866,0,397.27
2000,8000,733,Add,Struct,411481,5318,581,0,708.23
2000,8000,734,Dec,Large,380451,5320,1497,4,254.14
2000,8000,735,Add,Struct,321922,5320,363,0,886.84
2000,8000,736,Dec,Large,338530,5320,458,0,739.15
2000,8000,737,Del,Struct,394190,5320,400,0,985.48
2000,8000,738,Dec,Large,303035,5320,1497,8,202.43
2000,8000,739,Inc,Large,303684,5320,335,0,906.52
2000,8000,740,Del,Struct,453664,5320,261,0,1738.18
2000,8000,741,Inc,Large,317233,5320,371,0,855.08
2000,8000,742,Add,Struct,353197,5322,448,0,788.39
2000,8000,743,Del,Struct,408417,5322,329,0,1241.39
2000,8000,744,Inc,Large,362309,5322,844,0,429.28
2000,8000,745,Dec,Large,404286,5322,395,0,1023.51
2000,8000,746,Inc,Large,343403,5322,1808,2,189.94
2000,8000,747,Del,Struct,359175,5322,536,0,670.10
2000,8000,748,Inc,Large,379947,5324,1018,2,373.23
2000,8000,749,Inc,Large,378458,5324,354,0,1069.09
2000,8000,750,Dec,Large,358266,5326,918,4,390.27
2000,8000,751,Del,Struct,417169,5326,392,0,1064.21
2000,8000,752,Add,Struct,308728,5326,319,0,967.80
2000,8000,753,Add,Struct,393036,5328,307,0,1280.25
2000,8000,754,Inc,Large,325240,5328,377,0,862.71
2000,8000,755,Inc,Large,358341,5328,541,0,662.37
2000,8000,756,Del,Struct,363976,5326,358,0,1016.69
2000,8000,757,Inc,Large,301561,5328,1492,4,202.12
2000,8000,758,Inc,Large,299696,5330,548,2,546.89
2000,8000,759,Inc,Large,355286,5330,244,0,1456.09
2000,8000,760,Del,Struct,365815,5330,371,0,986.02
2000,8000,761,Inc,Large,300007,5330,411,0,729.94
2000,8000,762,Dec,Large,492738,5330,472,0,1043.94
2000,8000,763,Dec,Large,461856,5330,492,0,938.73
2000,8000,764,Add,Struct,387835,5330,717,0,540.91
2000,8000,765,Dec,Large,309273,5330,757,2,408.55
2000,8000,766,Del,Struct,301467,5332,1300,4,231.90
2000,8000,767,Dec,Large,364146,5332,633,2,575.27
2000,8000,768,Inc,Large,301424,5332,330,0,913.41
2000,8000,769,Dec,Large,303636,5330,389,0,780.56
2000,8000,770,Inc,Large,359849,5330,312,0,1153.36
2000,8000,771,Add,Struct,322776,5330,520,0,620.72
2000,8000,772,Add,Struct,429966,5328,2809,18,153.07
2000,8000,773,Del,Struct,503121,5324,18986,6,26.50
2000,8000,774,Add,Struct,526149,5324,7607,0,69.17
2000,8000,775,Del,Struct,439241,5324,461,0,952.80
2000,8000,776,Del,Struct,439354,5324,390,0,1126.55
2000,8000,777,Dec,Large,467451,5324,577,0,810.14
2000,8000,778,Del,Struct,348077,5324,585,0,595.00
2000,8000,779,Del,Struct,367373,5324,523,0,702.43
2000,8000,780,Inc,Large,313163,5322,1559,2,200.87
2000,8000,781,Dec,Large,309412,5322,566,0,546.66
2000,8000,782,Dec,Large,354725,5322,688,0,515.59
2000,8000,783,Inc,Large,356528,5322,772,0,461.82
2000,8000,784,Inc,Large,341447,5322,543,0,628.82
2000,8000,785,Add,Struct,356156,5322,606,0,587.72
2000,8000,786,Dec,Large,331543,5322,622,2,533.03
2000,8000,787,Del,Struct,324417,5322,289,0,1122.55
2000,8000,788,Add,Struct,356878,5322,327,0,1091.37
2000,8000,789,Add,Struct,328024,5322,297,0,1104.46
2000,8000,790,Inc,Large,334457,5324,392,0,853.21
2000,8000,791,Del,Struct,385454,5322,297,0,1297.82
2000,8000,792,Add,Struct,304226,5324,1772,4,171.69
2000,8000,793,Add,Struct,304253,5326,369,0,824.53
2000,8000,794,Add,Struct,431410,5326,374,0,1153.50
2000,8000,795,Dec,Large,303978,5330,586,2,518.73
2000,8000,796,Del,Struct,302804,5330,2756,0,109.87
2000,8000,797,Inc,Large,365861,5328,866,2,422.47
2000,8000,798,Dec,Large,343366,5326,586,2,585.95
2000,8000,799,Del,Struct,332497,5324,287,0,1158.53
2000,8000,800,Dec,Large,347917,5322,1776,16,195.90
2000,8000,801,Del,Struct,376156,5322,303,0,1241.44
2000,8000,802,Del,Struct,362128,5322,208,0,1741.00
2000,8000,803,Del,Struct,302771,5320,683,2,443.30
2000,8000,804,Dec,Large,302634,5318,507,2,596.91
2000,8000,805,Del,Struct,397307,5318,383,0,1037.36
2000,8000,806,Add,Struct,474558,5318,458,0,1036.15
2000,8000,807,Del,Struct,319168,5318,348,0,917.15
2000,8000,808,Dec,Large,359457,5318,380,0,945.94
2000,8000,809,Dec,Large,300555,5318,348,0,863.66
2000,8000,810,Inc,Large,332768,5318,388,0,857.65
2000,8000,811,Add,Struct,362365,5318,202,0,1793.89
2000,8000,812,Add,Struct,442315,5318,193,0,2291.79
2000,8000,813,Del,Struct,495210,5318,316,0,1567.12
2000,8000,814,Del,Struct,376967,5318,234,0,1610.97
2000,8000,815,Inc,Large,326444,5318,10108,0,32.30
2000,8000,816,Del,Struct,341453,5322,938,2,364.02
2000,8000,817,Inc,Large,321992,5322,346,0,930.61
2000,8000,818,Del,Struct,400620,5322,325,0,1232.68
2000,8000,819,Add,Struct,424594,5322,859,0,494.29
2000,8000,820,Add,Struct,398882,5322,802,0,497.36
2000,8000,821,Del,Struct,348275,5320,2877,6,121.05
2000,8000,822,Dec,Large,340982,5320,2125,0,160.46
2000,8000,823,Dec,Large,406938,5320,830,0,490.29
2000,8000,824,Add,Struct,332794,5320,457,0,728.21
2000,8000,825,Add,Struct,369482,5320,604,0,611.73
2000,8000,826,Dec,Large,370355,5320,3049,12,121.47
2000,8000,827,Del,Struct,391769,5320,312,0,1255.67
2000,8000,828,Add,Struct,399182,5320,364,0,1096.65
2000,8000,829,Add,Struct,399168,5316,1595,2,250.26
2000,8000,830,Dec,Large,323627,5316,400,0,809.07
2000,8000,831,Dec,Large,337784,5316,524,0,644.63
2000,8000,832,Inc,Large,330978,5316,319,0,1037.55
2000,8000,833,Del,Struct,398173,5316,236,0,1687.17
2000,8000,834,Add,Struct,434310,5316,565,0,768.69
2000,8000,835,Del,Struct,303517,5318,3242,14,93.62
2000,8000,836,Del,Struct,302775,5318,252,0,1201.49
2000,8000,837,Del,Struct,448640,5318,252,0,1780.32
2000,8000,838,Add,Struct,330104,5318,629,0,524.81
2000,8000,839,Add,Struct,303488,5318,181,0,1676.73
2000,8000,840,Inc,Large,362817,5318,413,0,878.49
2000,8000,841,Inc,Large,307522,5318,763,0,403.04
2000,8000,842,Inc,Large,300854,5318,339,0,887.47
2000,8000,843,Del,Struct,362420,5318,305,0,1188.26
2000,8000,844,Del,Struct,302717,5318,236,0,1282.70
2000,8000,845,Del,Struct,307241,5318,216,0,1422.41
2000,8000,846,Dec,Large,357122,5318,356,0,1003.15
2000,8000,847,Inc,Large,307282,5318,299,0,1027.70
2000,8000,848,Dec,Large,302128,5318,373,0,809.99
2000,8000,849,Add,Struct,403692,5318,19133,0,21.10
2000,8000,850,Inc,Large,394691,5318,504,0,783.12
2000,8000,851,Del,Struct,360667,5318,420,0,858.73
2000,8000,852,Add,Struct,367051,5320,2554,14,143.72
2000,8000,853,Inc,Large,300196,5320,334,0,898.79
2000,8000,854,Dec,Large,359433,5320,371,0,968.82
2000,8000,855,Dec,Large,302075,5320,642,0,470.52
2000,8000,856,Add,Struct,335546,5320,283,0,1185.67
2000,8000,857,Dec,Large,366440,5320,576,2,636.18
2000,8000,858,Inc,Large,301246,5320,343,0,878.27
2000,8000,859,Dec,Large,299919,5320,361,0,830.80
2000,8000,860,Del,Struct,341949,5320,276,0,1238.95
2000,8000,861,Dec,Large,416169,5320,545,0,763.61
2000,8000,862,Inc,Large,408151,5320,714,0,571.64
2000,8000,863,Inc,Large,426143,5320,443,0,961.95
2000,8000,864,Add,Struct,385035,5320,1909,0,201.69
2000,8000,865,Add,Struct,409841,5320,1342,0,305.40
2000,8000,866,Add,Struct,390469,5320,528,0,739.52
2000,8000,867,Dec,Large,303472,5320,821,2,369.64
2000,8000,868,Inc,Large,473733,5320,1098,0,431.45
2000,8000,869,Dec,Large,472942,5320,3181,8,148.68
2000,8000,870,Add,Struct,586934,5320,1075,0,545.99
2000,8000,871,Inc,Large,534222,5320,608,0,878.65
2000,8000,872,Del,Struct,464653,5320,317,0,1465.78
2000,8000,873,Dec,Large,430170,5320,488,0,881.50
2000,8000,874,Del,Struct,451625,5318,1225,0,368.67
2000,8000,875,Inc,Large,398120,5318,401,0,992.82
2000,8000,876,Del,Struct,457998,5318,396,0,1156.56
2000,8000,877,Inc,Large,411427,5318,578,0,711.81
2000,8000,878,Inc,Large,441612,5318,526,0,839.57
2000,8000,879,Dec,Large,538517,5318,5302,0,101.57
2000,8000,880,Del,Struct,509972,5318,706,0,722.34
2000,8000,881,Del,Struct,466018,5318,322,0,1447.26
2000,8000,882,Dec,Large,455690,5320,1182,2,385.52
2000,8000,883,Inc,Large,426052,5320,365,0,1167.27
2000,8000,884,Del,Struct,435021,5320,379,0,1147.81
2000,8000,885,Inc,Large,482695,5320,564,0,855.84
2000,8000,886,Del,Struct,412245,5318,1554,2,265.28
2000,8000,887,Del,Struct,514242,5322,27337,28,18.81
2000,8000,888,Dec,Large,348963,5322,1529,0,228.23
2000,8000,889,Add,Struct,346228,5322,1689,0,204.99
2000,8000,890,Dec,Large,384931,5324,769,2,500.56
2000,8000,891,Del,Struct,312193,5324,294,0,1061.88
2000,8000,892,Add,Struct,353835,5324,788,2,449.03
2000,8000,893,Del,Struct,312945,5324,816,2,383.51
2000,8000,894,Dec,Large,309307,5324,380,0,813.97
2000,8000,895,Dec,Large,347199,5324,318,0,1091.82
2000,8000,896,Dec,Large,310606,5324,294,0,1056.48
2000,8000,897,Inc,Large,309703,5324,1011,2,306.33
2000,8000,898,Add,Struct,338775,5324,509,0,665.57
2000,8000,899,Inc,Large,323050,5324,385,0,839.09
2000,8000,900,Add,Struct,312927,5326,1112,8,281.41
2000,8000,901,Dec,Large,342014,5326,324,0,1055.60
2000,8000,902,Dec,Large,328158,5326,276,0,1188.98
2000,8000,903,Dec,Large,310420,5326,540,2,574.85
2000,8000,904,Inc,Large,316319,5326,303,0,1043.96
2000,8000,905,Inc,Large,335270,5326,1036,2,323.62
2000,8000,906,Inc,Large,425187,5326,547,0,777.31
2000,8000,907,Inc,Large,404502,5326,645,0,627.13
2000,8000,908,Dec,Large,375419,5326,721,0,520.69
2000,8000,909,Dec,Large,419040,5326,867,0,483.32
2000,8000,910,Dec,Large,370427,5326,491,0,754.43
2000,8000,911,Inc,Large,356426,5326,658,0,541.68
2000,8000,912,Inc,Large,350738,5328,3035,8,115.56
2000,8000,913,Dec,Large,412192,5328,417,0,988.47
2000,8000,914,Del,Struct,337768,5328,335,0,1008.26
2000,8000,915,Inc,Large,347549,5328,275,0,1263.81
2000,8000,916,Add,Struct,376186,5320,2284,20,164.70
2000,8000,917,Del,Struct,309928,5320,264,0,1173.97
2000,8000,918,Dec,Large,320508,5320,960,6,333.86
2000,8000,919,Dec,Large,312994,5320,550,2,569.08
2000,8000,920,Inc,Large,308988,5320,688,0,449.11
2000,8000,921,Add,Struct,349198,5320,277,0,1260.64
2000,8000,922,Del,Struct,362052,5320,262,0,1381.88
2000,8000,923,Dec,Large,311366,5322,616,2,505.46
2000,8000,924,Add,Struct,351671,5322,524,0,671.13
2000,8000,925,Inc,Large,310157,5322,247,0,1255.70
2000,8000,926,Dec,Large,309957,5322,373,0,830.98
2000,8000,927,Add,Struct,355467,5324,528,2,673.23
2000,8000,928,Dec,Large,310321,5326,1403,10,221.18
2000,8000,929,Inc,Large,308617,5324,1719,6,179.53
2000,8000,930,Add,Struct,353304,5324,363,0,973.29
2000,8000,931,Dec,Large,307059,5324,408,0,752.60
2000,8000,932,Inc,Large,308012,5324,601,0,512.50
2000,8000,933,Add,Struct,361418,5324,266,0,1358.71
2000,8000,934,Dec,Large,391918,5326,451,2,869.00
2000,8000,935,Del,Struct,307096,5326,648,0,473.91
2000,8000,936,Inc,Large,349961,5328,293,0,1194.41
2000,8000,937,Inc,Large,307849,5328,6340,0,48.56
2000,8000,938,Add,Struct,314494,5324,642,4,489.87
2000,8000,939,Inc,Large,365700,5324,546,0,669.78
2000,8000,940,Inc,Large,310583,5324,387,0,802.54
2000,8000,941,Inc,Large,309663,5324,263,0,1177.43
2000,8000,942,Add,Struct,392647,5328,1222,8,321.32
2000,8000,943,Inc,Large,348127,5326,2123,6,163.98
2000,8000,944,Del,Struct,405340,5328,13651,2,29.69
2000,8000,945,Inc,Large,492272,5328,426,0,1155.57
2000,8000,946,Dec,Large,339050,5328,328,0,1033.69
2000,8000,947,Add,Struct,329133,5328,488,0,674.45
2000,8000,948,Dec,Large,402764,5328,383,0,1051.60
2000,8000,949,Add,Struct,302395,5328,269,0,1124.14
2000,8000,950,Inc,Large,359702,5328,316,0,1138.30
2000,8000,951,Dec,Large,438360,5330,1486,6,294.99
2000,8000,952,Inc,Large,409851,5330,526,0,779.18
2000,8000,953,Add,Struct,397676,5330,1554,4,255.90
2000,8000,954,Del,Struct,340264,5330,1037,0,328.12
2000,8000,955,Dec,Large,360001,5330,1375,0,261.82
2000,8000,956,Del,Struct,389332,5330,571,0,681.84
2000,8000,957,Inc,Large,454839,5330,488,0,932.05
2000,8000,958,Add,Struct,306084,5330,622,0,492.10
2000,8000,959,Inc,Large,367464,5330,408,0,900.65
2000,8000,960,Dec,Large,364535,5330,611,2,596.62
2000,8000,961,Del,Struct,302544,5330,283,0,1069.06
2000,8000,962,Inc,Large,332995,5330,253,0,1316.19
2000,8000,963,Inc,Large,376234,5330,332,0,1133.23
2000,8000,964,Inc,Large,301412,5330,342,0,881.32
2000,8000,965,Inc,Large,300518,5330,340,0,883.88
2000,8000,966,Dec,Large,358501,5330,477,0,751.57
2000,8000,967,Inc,Large,335785,5330,343,0,978.97
2000,8000,968,Del,Struct,302069,5330,834,2,362.19
2000,8000,969,Del,Struct,352942,5330,254,0,1389.54
2000,8000,970,Add,Struct,317376,5330,434,0,731.28
2000,8000,971,Add,Struct,307979,5330,315,0,977.71
2000,8000,972,Del,Struct,349511,5330,252,0,1386.95
2000,8000,973,Dec,Large,309688,5330,334,0,927.21
2000,8000,974,Add,Struct,310137,5332,398,0,779.24
2000,8000,975,Inc,Large,354464,5332,651,0,544.49
2000,8000,976,Dec,Large,507908,5332,629,0,807.48
2000,8000,977,Inc,Large,447016,5332,1028,0,434.84
2000,8000,978,Del,Struct,435866,5332,559,0,779.72
2000,8000,979,Del,Struct,357364,5332,316,0,1130.90
2000,8000,980,Del,Struct,355934,5332,292,0,1218.95
2000,8000,981,Add,Struct,371086,5334,517,0,717.77
2000,8000,982,Del,Struct,371081,5334,335,0,1107.70
2000,8000,983,Add,Struct,365741,5336,1027,2,356.13
2000,8000,984,Del,Struct,438292,5336,526,0,833.25
2000,8000,985,Dec,Large,372064,5336,1769,0,210.32
2000,8000,986,Del,Struct,369736,5336,1363,0,271.27
2000,8000,987,Add,Struct,447521,5338,694,0,644.84
2000,8000,988,Inc,Large,432091,5340,1600,2,270.06
2000,8000,989,Del,Struct,314596,5340,461,0,682.42
2000,8000,990,Add,Struct,374962,5354,42670,478,8.79
2000,8000,991,Inc,Large,324782,5354,375,0,866.09
2000,8000,992,Inc,Large,315042,5354,346,0,910.53
2000,8000,993,Inc,Large,417566,5354,534,0,781.96
2000,8000,994,Inc,Large,392891,5354,664,0,591.70
2000,8000,995,Inc,Large,385477,5354,410,0,940.19
2000,8000,996,Add,Struct,336836,5354,502,0,670.99
2000,8000,997,Inc,Large,312660,5352,1250,2,250.13
2000,8000,998,Add,Struct,413567,5352,503,0,822.20
2000,8000,999,Del,Struct,713924,5352,23103,32,30.90
4000,16000,0,Del,Struct,824663,10614,11007,4,74.92
4000,16000,1,Inc,Large,909220,10614,1076,0,845.00
4000,16000,2,Inc,Large,959324,10614,1209,2,793.49
4000,16000,3,Del,Struct,686984,10614,359,0,1913.60
4000,16000,4,Add,Struct,712394,10614,618,0,1152.74
4000,16000,5,Inc,Large,698085,10612,2072,6,336.91
4000,16000,6,Add,Struct,785752,10612,891,0,881.88
4000,16000,7,Add,Struct,951183,10612,917,0,1037.28
4000,16000,8,Inc,Large,805663,10612,692,0,1164.25
4000,16000,9,Add,Struct,861885,10612,395,0,2181.99
4000,16000,10,Add,Struct,733356,10608,1696,6,432.40
4000,16000,11,Inc,Large,715362,10608,361,0,1981.61
4000,16000,12,Add,Struct,680784,10608,431,0,1579.55
4000,16000,13,Del,Struct,720286,10606,409,0,1761.09
4000,16000,14,Inc,Large,712316,10606,523,0,1361.98
4000,16000,15,Inc,Large,714568,10606,447,0,1598.59
4000,16000,16,Del,Struct,674393,10608,1733,4,389.15
4000,16000,17,Add,Struct,782170,10610,871,0,898.01
4000,16000,18,Add,Struct,720353,10610,379,0,1900.67
4000,16000,19,Inc,Large,674257,10610,752,0,896.62
4000,16000,20,Del,Struct,719880,10610,222,0,3242.70
4000,16000,21,Dec,Large,717638,10610,765,2,938.09
4000,16000,22,Del,Struct,712319,10608,191,0,3729.42
4000,16000,23,Dec,Large,674948,10608,390,0,1730.64
4000,16000,24,Add,Struct,724435,10608,917,4,790.01
4000,16000,25,Del,Struct,712512,10606,1710,4,416.67
4000,16000,26,Del,Struct,690246,10632,180018,1116,3.83
4000,16000,27,Del,Struct,784451,10632,164,0,4783.24
4000,16000,28,Del,Struct,714085,10632,1090,6,655.12
4000,16000,29,Dec,Large,758474,10632,208,0,3646.51
4000,16000,30,Inc,Large,837780,10632,1377,0,608.41
4000,16000,31,Add,Struct,820151,10632,532,0,1541.64
4000,16000,32,Inc,Large,1068357,10632,717,0,1490.04
4000,16000,33,Add,Struct,1094063,10632,645,0,1696.22
4000,16000,34,Inc,Large,982066,10632,592,0,1658.90
4000,16000,35,Del,Struct,914412,10632,415,0,2203.40
4000,16000,36,Dec,Large,853722,10632,1120,4,762.25
4000,16000,37,Dec,Large,907719,10632,465,0,1952.08
4000,16000,38,Inc,Large,982656,10634,3579,8,274.56
4000,16000,39,Inc,Large,908675,10634,450,0,2019.28
4000,16000,40,Inc,Large,962956,10634,1039,0,926.81
4000,16000,41,Add,Struct,774374,10634,1025,0,755.49
4000,16000,42,Inc,Large,948072,10634,901,0,1052.24
4000,16000,43,Add,Struct,908934,10634,333,0,2729.53
4000,16000,44,Add,Struct,719502,10634,304,0,2366.78
4000,16000,45,Inc,Large,718797,10632,1109,2,648.15
4000,16000,46,Del,Struct,716038,10632,403,0,1776.77
4000,16000,47,Inc,Large,711229,10632,468,0,1519.72
4000,16000,48,Del,Struct,786652,10632,371,0,2120.36
4000,16000,49,Del,Struct,771428,10632,1424,2,541.73
4000,16000,50,Inc,Large,824414,10632,869,0,948.69
4000,16000,51,Inc,Large,744649,10632,704,0,1057.74
4000,16000,52,Dec,Large,734779,10632,517,0,1421.24
4000,16000,53,Add,Struct,674922,10632,374,0,1804.60
4000,16000,54,Dec,Large,722397,10626,1426,8,506.59
4000,16000,55,Dec,Large,715644,10622,2853,22,250.84
4000,16000,56,Del,Struct,675166,10622,255,0,2647.71
4000,16000,57,Dec,Large,715546,10622,422,0,1695.61
4000,16000,58,Del,Struct,712695,10622,6565,4,108.56
4000,16000,59,Add,Struct,711838,10622,293,0,2429.48
4000,16000,60,Del,Struct,672068,10622,240,0,2800.28
4000,16000,61,Inc,Large,729821,10624,1787,4,408.41
4000,16000,62,Add,Struct,865142,10624,975,2,887.33
4000,16000,63,Inc,Large,744955,10624,323,0,2306.36
4000,16000,64,Dec,Large,722181,10620,1206,4,598.82
4000,16000,65,Inc,Large,780110,10620,9742,0,80.08
4000,16000,66,Del,Struct,740144,10620,263,0,2814.24
4000,16000,67,Add,Struct,718226,10620,481,0,1493.19
4000,16000,68,Del,Struct,654554,10620,215,0,3044.44
4000,16000,69,Inc,Large,714622,10618,2677,8,266.95
4000,16000,70,Inc,Large,763622,10618,289,0,2642.29
4000,16000,71,Del,Struct,879889,10620,12260,16,71.77
4000,16000,72,Add,Struct,871276,10620,433,0,2012.18
4000,16000,73,Dec,Large,1122447,10620,946,0,1186.52
4000,16000,74,Add,Struct,1008646,10620,696,0,1449.20
4000,16000,75,Inc,Large,917733,10622,1545,2,594.00
4000,16000,76,Del,Struct,881848,10622,376,0,2345.34
4000,16000,77,Add,Struct,1074372,10622,729,0,1473.76
4000,16000,78,Dec,Large,862425,10622,507,0,1701.04
4000,16000,79,Add,Struct,914679,10622,470,0,1946.13
4000,16000,80,Dec,Large,964066,10622,550,0,1752.85
4000,16000,81,Dec,Large,916921,10622,932,2,983.82
4000,16000,82,Inc,Large,782024,10622,714,0,1095.27
4000,16000,83,Add,Struct,847356,10622,436,0,1943.48
4000,16000,84,Dec,Large,905695,10622,19466,0,46.53
4000,16000,85,Inc,Large,919954,10622,1183,0,777.64
4000,16000,86,Inc,Large,867923,10622,443,0,1959.19
4000,16000,87,Dec,Large,655079,10624,933,2,702.12
4000,16000,88,Del,Struct,710053,10624,485,0,1464.03
4000,16000,89,Inc,Large,809200,10624,547,0,1479.34
4000,16000,90,Add,Struct,1001419,10620,7823,48,128.01
4000,16000,91,Del,Struct,902057,10618,1067,2,845.41
4000,16000,92,Inc,Large,674298,10614,2634,8,256.00
4000,16000,93,Dec,Large,711424,10614,482,0,1475.98
4000,16000,94,Dec,Large,712972,10614,309,0,2307.35
4000,16000,95,Add,Struct,789719,10616,808,2,977.38
4000,16000,96,Dec,Large,922299,10616,468,0,1970.72
4000,16000,97,Add,Struct,686324,10618,620,2,1106.97
4000,16000,98,Inc,Large,718932,10618,382,0,1882.02
4000,16000,99,Inc,Large,716974,10620,2107,4,340.28
4000,16000,100,Dec,Large,676137,10620,312,0,2167.11
4000,16000,101,Add,Struct,899644,10624,1589,12,566.17
4000,16000,102,Dec,Large,721341,10624,1642,12,439.31
4000,16000,103,Del,Struct,725838,10622,838,0,866.16
4000,16000,104,Del,Struct,674236,10622,572,0,1178.73
4000,16000,105,Add,Struct,725870,10622,620,0,1170.76
4000,16000,106,Add,Struct,818154,10620,876,2,933.97
4000,16000,107,Inc,Large,719081,10620,443,0,1623.21
4000,16000,108,Add,Struct,673654,10620,164,0,4107.65
4000,16000,109,Dec,Large,729562,10620,5324,0,137.03
4000,16000,110,Dec,Large,711769,10620,371,0,1918.51
4000,16000,111,Inc,Large,726051,10620,1744,2,416.31
4000,16000,112,Del,Struct,957345,10618,2133,2,448.83
4000,16000,113,Inc,Large,898511,10618,499,0,1800.62
4000,16000,114,Inc,Large,748561,10618,433,0,1728.78
4000,16000,115,Add,Struct,723075,10618,525,0,1377.29
4000,16000,116,Inc,Large,719999,10618,2895,6,248.70
4000,16000,117,Add,Struct,716445,10618,693,2,1033.83
4000,16000,118,Del,Struct,728229,10618,346,0,2104.71
4000,16000,119,Del,Struct,722713,10618,1012,2,714.14
4000,16000,120,Add,Struct,686637,10618,462,0,1486.23
4000,16000,121,Dec,Large,676797,10620,1275,6,530.82
4000,16000,122,Inc,Large,687649,10620,406,0,1693.72
4000,16000,123,Add,Struct,683326,10622,488,2,1400.26
4000,16000,124,Add,Struct,755071,10624,2512,20,300.59
4000,16000,125,Dec,Large,726817,10624,907,4,801.34
4000,16000,126,Dec,Large,719042,10624,2657,0,270.62
4000,16000,127,Add,Struct,755422,10624,656,0,1151.56
4000,16000,128,Inc,Large,821123,10624,448,0,1832.86
4000,16000,129,Del,Struct,726580,10624,290,0,2505.45
4000,16000,130,Dec,Large,718748,10618,1752,10,410.24
4000,16000,131,Add,Struct,717478,10618,400,0,1793.69
4000,16000,132,Dec,Large,653529,10618,445,0,1468.60
4000,16000,133,Add,Struct,752611,10618,532,0,1414.68
4000,16000,134,Inc,Large,1158330,10618,3289,0,352.18
4000,16000,135,Dec,Large,1510037,10618,3221,0,468.81
4000,16000,136,Inc,Large,1295598,10620,3393,2,381.84
4000,16000,137,Inc,Large,1042452,10620,1347,0,773.91
4000,16000,138,Del,Struct,786564,10620,1760,2,446.91
4000,16000,139,Add,Struct,756831,10620,964,0,785.09
4000,16000,140,Add,Struct,720143,10620,902,0,798.38
4000,16000,141,Del,Struct,1048220,10620,1921,0,545.66
4000,16000,142,Del,Struct,929404,10618,386,0,2407.78
4000,16000,143,Inc,Large,757376,10618,906,0,835.96
4000,16000,144,Dec,Large,718158,10618,1064,4,674.96
4000,16000,145,Dec,Large,721096,10618,448,0,1609.59
4000,16000,146,Dec,Large,663972,10618,495,0,1341.36
4000,16000,147,Del,Struct,714074,10618,260,0,2746.44
4000,16000,148,Inc,Large,718249,10618,484,0,1483.99
4000,16000,149,Inc,Large,837682,10620,2558,6,327.48
4000,16000,150,Del,Struct,652277,10620,241,0,2706.54
4000,16000,151,Del,Struct,708778,10620,220,0,3221.72
4000,16000,152,Del,Struct,738631,10616,2141,4,344.99
4000,16000,153,Inc,Large,787553,10616,1207,0,652.49
4000,16000,154,Del,Struct,794905,10616,312,0,2547.77
4000,16000,155,Add,Struct,721284,10618,619,0,1165.24
4000,16000,156,Del,Struct,699350,10618,266,0,2629.14
4000,16000,157,Inc,Large,658145,10618,521,0,1263.23
4000,16000,158,Dec,Large,703955,10616,1345,4,523.39
4000,16000,159,Del,Struct,700640,10616,342,0,2048.65
4000,16000,160,Del,Struct,692320,10616,264,0,2622.42
4000,16000,161,Add,Struct,656602,10616,226,0,2905.32
4000,16000,162,Inc,Large,841907,10616,394,0,2136.82
4000,16000,163,Dec,Large,735641,10616,430,0,1710.79
4000,16000,164,Del,Struct,655001,10616,250,0,2620.00
4000,16000,165,Dec,Large,714432,10616,305,0,2342.40
4000,16000,166,Add,Struct,746856,10618,459,0,1627.14
4000,16000,167,Dec,Large,740966,10618,407,0,1820.56
4000,16000,168,Add,Struct,858868,10618,518,0,1658.05
4000,16000,169,Inc,Large,709071,10618,411,0,1725.23
4000,16000,170,Add,Struct,847866,10618,457,0,1855.29
4000,16000,171,Add,Struct,711178,10618,395,0,1800.45
4000,16000,172,Dec,Large,663701,10620,24251,2,27.37
4000,16000,173,Inc,Large,673640,10620,208,0,3238.65
4000,16000,174,Del,Struct,716569,10624,2331,8,307.41
4000,16000,175,Del,Struct,832196,10624,1338,0,621.97
4000,16000,176,Add,Struct,817511,10626,1390,0,588.14
4000,16000,177,Del,Struct,1031105,10626,1006,0,1024.96
4000,16000,178,Add,Struct,995256,10626,598,0,1664.31
4000,16000,179,Inc,Large,683294,10626,668,0,1022.90
4000,16000,180,Del,Struct,714040,10626,378,0,1888.99
4000,16000,181,Inc,Large,734718,10628,5755,18,127.67
4000,16000,182,Inc,Large,718529,10628,108189,472,6.64
4000,16000,183,Dec,Large,657640,10628,979,0,671.75
4000,16000,184,Del,Struct,815421,10628,260,0,3136.23
4000,16000,185,Del,Struct,848554,10628,353,0,2403.84
4000,16000,186,Dec,Large,692155,10628,4676,2,148.02
4000,16000,187,Inc,Large,657203,10630,1087,2,604.60
4000,16000,188,Del,Struct,692095,10630,475,0,1457.04
4000,16000,189,Inc,Large,729282,10630,256,0,2848.76
4000,16000,190,Del,Struct,723790,10630,231,0,3133.29
4000,16000,191,Del,Struct,755027,10630,894,2,844.55
4000,16000,192,Del,Struct,699292,10632,600,2,1165.49
4000,16000,193,Add,Struct,706990,10632,302,0,2341.03
4000,16000,194,Dec,Large,652783,10632,500,2,1305.57
4000,16000,195,Dec,Large,706778,10632,340,0,2078.76
4000,16000,196,Add,Struct,716859,10632,488,0,1468.97
4000,16000,197,Del,Struct,964364,10632,1564,2,616.60
4000,16000,198,Dec,Large,773033,10632,937,4,825.01
4000,16000,199,Del,Struct,934789,10630,278,0,3362.55
4000,16000,200,Dec,Large,720070,10630,312,0,2307.92
4000,16000,201,Inc,Large,741696,10636,2841,6,261.07
4000,16000,202,Inc,Large,743924,10636,3689,10,201.66
4000,16000,203,Dec,Large,655170,10636,301,0,2176.64
4000,16000,204,Del,Struct,945337,10632,1405,4,672.84
4000,16000,205,Dec,Large,853844,10632,380,0,2246.96
4000,16000,206,Add,Struct,699675,10632,279,0,2507.80
4000,16000,207,Inc,Large,656785,10632,353,0,1860.58
4000,16000,208,Inc,Large,764453,10624,2116,6,361.27
4000,16000,209,Add,Struct,877628,10630,4147,34,211.63
4000,16000,210,Inc,Large,719468,10630,331,0,2173.62
4000,16000,211,Dec,Large,701272,10630,649,0,1080.54
4000,16000,212,Dec,Large,727500,10630,1560,6,466.35
4000,16000,213,Dec,Large,736347,10620,1758,14,418.85
4000,16000,214,Del,Struct,753317,10618,356,0,2116.06
4000,16000,215,Dec,Large,773617,10618,195,0,3967.27
4000,16000,216,Del,Struct,830212,10618,383,0,2167.66
4000,16000,217,Inc,Large,811511,10618,513,0,1581.89
4000,16000,218,Inc,Large,834979,10618,817,0,1022.01
4000,16000,219,Dec,Large,864105,10618,413,0,2092.26
4000,16000,220,Inc,Large,770046,10618,449,0,1715.02
4000,16000,221,Del,Struct,655508,10616,1163,2,563.64
4000,16000,222,Del,Struct,719985,10614,292,0,2465.70
4000,16000,223,Inc,Large,723523,10612,266,0,2720.01
4000,16000,224,Inc,Large,659886,10612,373,0,1769.13
4000,16000,225,Add,Struct,838351,10614,534,0,1569.95
4000,16000,226,Inc,Large,793156,10614,322,0,2463.22
4000,16000,227,Add,Struct,712138,10616,634,0,1123.25
4000,16000,228,Del,Struct,652623,10616,346,0,1886.19
4000,16000,229,Add,Struct,714681,10616,372,0,1921.19
4000,16000,230,Dec,Large,718697,10616,1070,4,671.68
4000,16000,231,Del,Struct,720604,10616,231,0,3119.50
4000,16000,232,Del,Struct,659242,10612,2030,6,324.75
4000,16000,233,Add,Struct,699721,10614,300,0,2332.40
4000,16000,234,Add,Struct,822689,10614,222,0,3705.81
4000,16000,235,Del,Struct,738684,10614,236,0,3130.02
4000,16000,236,Add,Struct,776239,10614,428,0,1813.64
4000,16000,237,Add,Struct,759293,10612,1648,10,460.74
4000,16000,238,Add,Struct,711723,10612,512,0,1390.08
4000,16000,239,Add,Struct,655657,10612,280,0,2341.63
4000,16000,240,Dec,Large,812691,10612,832,0,976.79
4000,16000,241,Dec,Large,890928,10614,2372,8,375.60
4000,16000,242,Dec,Large,874382,10614,457,0,1913.31
4000,16000,243,Dec,Large,883109,10612,717,0,1231.67
4000,16000,244,Inc,Large,725445,10612,404,0,1795.66
4000,16000,245,Del,Struct,653256,10612,293,0,2229.54
4000,16000,246,Inc,Large,823865,10612,424,0,1943.08
4000,16000,247,Dec,Large,733185,10610,1762,8,416.11
4000,16000,248,Del,Struct,772678,10612,2875,8,268.76
4000,16000,249,Del,Struct,725209,10612,731,0,992.08
4000,16000,250,Del,Struct,884829,10612,343,0,2579.68
4000,16000,251,Inc,Large,920915,10612,464,0,1984.73
4000,16000,252,Inc,Large,712759,10614,3396,10,209.88
4000,16000,253,Del,Struct,711641,10614,266,0,2675.34
4000,16000,254,Del,Struct,661904,10614,983,2,673.35
4000,16000,255,Inc,Large,794620,10616,1276,2,622.74
4000,16000,256,Add,Struct,719625,10616,477,0,1508.65
4000,16000,257,Inc,Large,756084,10616,421,0,1795.92
4000,16000,258,Del,Struct,656981,10616,684,2,960.50
4000,16000,259,Inc,Large,722633,10616,278,0,2599.40
4000,16000,260,Dec,Large,721347,10618,244,0,2956.34
4000,16000,261,Inc,Large,662494,10618,341,0,1942.80
4000,16000,262,Del,Struct,862126,10616,914,0,943.25
4000,16000,263,Add,Struct,753224,10616,1288,0,584.80
4000,16000,264,Del,Struct,884395,10616,654,0,1352.29
4000,16000,265,Add,Struct,727099,10614,874,2,831.92
4000,16000,266,Dec,Large,655809,10614,414,0,1584.08
4000,16000,267,Del,Struct,717800,10614,282,0,2545.39
4000,16000,268,Dec,Large,722752,10614,371,0,1948.12
4000,16000,269,Del,Struct,652339,10614,230,0,2836.26
4000,16000,270,Dec,Large,703312,10616,1125,4,625.17
4000,16000,271,Del,Struct,693376,10616,226,0,3068.04
4000,16000,272,Inc,Large,655937,10616,355,0,1847.71
4000,16000,273,Del,Struct,694190,10614,1542,2,450.19
4000,16000,274,Add,Struct,732431,10622,1885,16,388.56
4000,16000,275,Add,Struct,693117,10622,185,0,3746.58
4000,16000,276,Del,Struct,694885,10622,243,0,2859.61
4000,16000,277,Add,Struct,690771,10622,137,0,5042.12
4000,16000,278,Dec,Large,724811,10622,390,0,1858.49
4000,16000,279,Add,Struct,762100,10622,350,0,2177.43
4000,16000,280,Inc,Large,699736,10620,2149,6,325.61
4000,16000,281,Add,Struct,720781,10620,406,0,1775.32
4000,16000,282,Add,Struct,710541,10620,2118,0,335.48
4000,16000,283,Inc,Large,660823,10620,435,0,1519.13
4000,16000,284,Del,Struct,714767,10620,217,0,3293.86
4000,16000,285,Del,Struct,713823,10620,243,0,2937.54
4000,16000,286,Del,Struct,784791,10620,1215,0,645.92
4000,16000,287,Inc,Large,813863,10620,640,0,1271.66
4000,16000,288,Inc,Large,847820,10620,705,0,1202.58
4000,16000,289,Del,Struct,794898,10620,1411,2,563.36
4000,16000,290,Del,Struct,729326,10620,255,0,2860.10
4000,16000,291,Inc,Large,1071673,10620,745,0,1438.49
4000,16000,292,Dec,Large,954874,10620,708,0,1348.69
4000,16000,293,Inc,Large,973800,10620,941,0,1034.86
4000,16000,294,Add,Struct,1046610,10620,1193,0,877.29
4000,16000,295,Del,Struct,1168189,10620,688,0,1697.95
4000,16000,296,Dec,Large,1145863,10620,784,0,1461.56
4000,16000,297,Inc,Large,1177307,10620,1111,0,1059.68
4000,16000,298,Add,Struct,1231674,10620,19396,0,63.50
4000,16000,299,Del,Struct,876008,10620,546,0,1604.41
4000,16000,300,Dec,Large,796116,10622,1916,6,415.51
4000,16000,301,Dec,Large,741819,10622,830,0,893.76
4000,16000,302,Add,Struct,728961,10622,663,0,1099.49
4000,16000,303,Del,Struct,857728,10622,816,0,1051.14
4000,16000,304,Dec,Large,904873,10622,1527,4,592.58
4000,16000,305,Add,Struct,771962,10622,1222,0,631.72
4000,16000,306,Inc,Large,1025799,10622,1309,0,783.65
4000,16000,307,Add,Struct,760522,10622,676,0,1125.03
4000,16000,308,Del,Struct,718650,10622,379,0,1896.17
4000,16000,309,Dec,Large,775344,10622,459,0,1689.20
4000,16000,310,Add,Struct,653043,10622,666,2,980.55
4000,16000,311,Del,Struct,748585,10622,273,0,2742.07
4000,16000,312,Dec,Large,956976,10620,1003,4,954.11
4000,16000,313,Inc,Large,713374,10620,4377,16,162.98
4000,16000,314,Del,Struct,835907,10620,367,0,2277.68
4000,16000,315,Del,Struct,683479,10620,350,0,1952.80
4000,16000,316,Add,Struct,762685,10620,359,0,2124.47
4000,16000,317,Dec,Large,722194,10626,15638,12,46.18
4000,16000,318,Add,Struct,675515,10628,238,0,2838.30
4000,16000,319,Add,Struct,723896,10628,453,0,1598.00
4000,16000,320,Add,Struct,715955,10628,505,0,1417.73
4000,16000,321,Dec,Large,715780,10628,459,0,1559.43
4000,16000,322,Inc,Large,673857,10628,431,0,1563.47
4000,16000,323,Add,Struct,715966,10628,247,0,2898.65
4000,16000,324,Add,Struct,729257,10628,672,0,1085.20
4000,16000,325,Inc,Large,814982,10628,669,0,1218.21
4000,16000,326,Inc,Large,742961,10628,653,0,1137.77
4000,16000,327,Inc,Large,902818,10628,2119,2,426.06
4000,16000,328,Dec,Large,743117,10628,458,0,1622.53
4000,16000,329,Add,Struct,748304,10628,246,0,3041.89
4000,16000,330,Add,Struct,690107,10628,479,0,1440.72
4000,16000,331,Add,Struct,744708,10628,170,0,4380.64
4000,16000,332,Inc,Large,755805,10628,969,0,779.98
4000,16000,333,Del,Struct,785088,10628,364,0,2156.84
4000,16000,334,Dec,Large,857224,10628,1949,12,439.83
4000,16000,335,Dec,Large,657779,10628,951,6,691.67
4000,16000,336,Add,Struct,720385,10628,817,0,881.74
4000,16000,337,Inc,Large,762794,10628,586,0,1301.70
4000,16000,338,Del,Struct,820767,10628,354,0,2318.55
4000,16000,339,Inc,Large,656753,10628,283,0,2320.68
4000,16000,340,Inc,Large,765943,10628,527,0,1453.40
4000,16000,341,Del,Struct,737308,10628,362,0,2036.76
4000,16000,342,Inc,Large,654297,10628,376,0,1740.15
4000,16000,343,Del,Struct,805645,10628,317,0,2541.47
4000,16000,344,Del,Struct,783488,10628,309,0,2535.56
4000,16000,345,Dec,Large,713339,10630,1143,6,624.09
4000,16000,346,Del,Struct,829631,10630,312,0,2659.07
4000,16000,347,Dec,Large,1030867,10630,848,0,1215.65
4000,16000,348,Inc,Large,764883,10630,421,0,1816.82
4000,16000,349,Inc,Large,730652,10630,598,0,1221.83
4000,16000,350,Inc,Large,713845,10630,2223,4,321.12
4000,16000,351,Del,Struct,702976,10630,397,0,1770.72
4000,16000,352,Inc,Large,754552,10630,526,0,1434.51
4000,16000,353,Add,Struct,744232,10630,609,0,1222.06
4000,16000,354,Del,Struct,716516,10628,289,0,2479.29
4000,16000,355,Del,Struct,656454,10626,262,0,2505.55
4000,16000,356,Add,Struct,706762,10626,266,0,2657.00
4000,16000,357,Del,Struct,701846,10626,222,0,3161.47
4000,16000,358,Dec,Large,665291,10626,434,0,1532.93
4000,16000,359,Add,Struct,691284,10626,410,0,1686.06
4000,16000,360,Del,Struct,758116,10626,218,0,3477.60
4000,16000,361,Dec,Large,698483,10626,426,0,1639.63
4000,16000,362,Del,Struct,691253,10626,485,0,1425.26
4000,16000,363,Inc,Large,729083,10626,389,0,1874.25
4000,16000,364,Add,Struct,713985,10626,487,0,1466.09
4000,16000,365,Add,Struct,655673,10626,357,0,1836.62
4000,16000,366,Dec,Large,726408,10626,236,0,3078.00
4000,16000,367,Dec,Large,697977,10626,408,0,1710.73
4000,16000,368,Add,Struct,715492,10626,699,2,1023.59
4000,16000,369,Inc,Large,720273,10626,346,0,2081.71
4000,16000,370,Del,Struct,965902,10624,1016,0,950.69
4000,16000,371,Add,Struct,919928,10624,1873,2,491.15
4000,16000,372,Add,Struct,786077,10624,538,0,1461.11
4000,16000,373,Inc,Large,779477,10630,7169,28,108.73
4000,16000,374,Del,Struct,658807,10628,713,0,923.99
4000,16000,375,Dec,Large,718641,10628,377,0,1906.21
4000,16000,376,Inc,Large,702082,10628,416,0,1687.70
4000,16000,377,Inc,Large,762997,10628,481,0,1586.27
4000,16000,378,Del,Struct,655074,10628,245,0,2673.77
4000,16000,379,Inc,Large,707935,10628,420,0,1685.56
4000,16000,380,Inc,Large,828372,10628,530,0,1562.97
4000,16000,381,Add,Struct,755805,10628,413,0,1830.04
4000,16000,382,Add,Struct,716338,10628,343,0,2088.45
4000,16000,383,Inc,Large,750816,10628,449,0,1672.20
4000,16000,384,Del,Struct,718030,10626,4742,18,151.42
4000,16000,385,Inc,Large,732557,10626,15445,6,47.43
4000,16000,386,Dec,Large,750612,10626,404,0,1857.95
4000,16000,387,Dec,Large,714182,10626,9851,0,72.50
4000,16000,388,Dec,Large,714639,10626,394,0,1813.80
4000,16000,389,Dec,Large,653041,10626,305,0,2141.12
4000,16000,390,Add,Struct,712563,10624,871,2,818.10
4000,16000,391,Add,Struct,908442,10624,1911,0,475.38
4000,16000,392,Del,Struct,961489,10624,508,0,1892.69
4000,16000,393,Dec,Large,901110,10624,825,0,1092.25
4000,16000,394,Del,Struct,784617,10624,556,0,1411.18
4000,16000,395,Inc,Large,678189,10624,604,0,1122.83
4000,16000,396,Inc,Large,843457,10624,2352,4,358.61
4000,16000,397,Inc,Large,770867,10624,452,0,1705.46
4000,16000,398,Del,Struct,744208,10622,382,0,1948.19
4000,16000,399,Inc,Large,934480,10622,993,0,941.07
4000,16000,400,Add,Struct,899727,10616,2527,10,356.05
4000,16000,401,Dec,Large,836448,10616,731,0,1144.25
4000,16000,402,Add,Struct,759124,10616,254,0,2988.68
4000,16000,403,Inc,Large,715727,10616,449,0,1594.05
4000,16000,404,Dec,Large,744616,10616,708,2,1051.72
4000,16000,405,Inc,Large,673097,10620,2657,6,253.33
4000,16000,406,Dec,Large,855680,10620,393,0,2177.30
4000,16000,407,Del,Struct,771228,10620,296,0,2605.50
4000,16000,408,Dec,Large,706482,10620,1383,6,510.83
4000,16000,409,Add,Struct,672964,10620,315,0,2136.39
4000,16000,410,Dec,Large,710631,10622,712,2,998.08
4000,16000,411,Dec,Large,778595,10624,644,4,1209.00
4000,16000,412,Inc,Large,717383,10624,341,0,2103.76
4000,16000,413,Dec,Large,886148,10624,1548,2,572.45
4000,16000,414,Dec,Large,738761,10624,497,0,1486.44
4000,16000,415,Dec,Large,874581,10622,3229,2,270.85
4000,16000,416,Del,Struct,1459594,10622,1040,0,1403.46
4000,16000,417,Inc,Large,755750,10628,7364,20,102.63
4000,16000,418,Inc,Large,747587,10626,1383,2,540.55
4000,16000,419,Inc,Large,751691,10626,418,0,1798.30
4000,16000,420,Del,Struct,708506,10626,319,0,2221.02
4000,16000,421,Inc,Large,655806,10626,7330,0,89.47
4000,16000,422,Inc,Large,740644,10628,2113,6,350.52
4000,16000,423,Dec,Large,711707,10628,416,0,1710.83
4000,16000,424,Dec,Large,690278,10628,14730,132,46.86
4000,16000,425,Dec,Large,838843,10628,344,0,2438.50
4000,16000,426,Del,Struct,883480,10628,764,0,1156.39
4000,16000,427,Add,Struct,745634,10628,919,0,811.35
4000,16000,428,Add,Struct,833903,10634,5247,26,158.93
4000,16000,429,Add,Struct,837519,10632,903,4,927.49
4000,16000,430,Add,Struct,655703,10632,355,0,1847.05
4000,16000,431,Del,Struct,693949,10632,229,0,3030.34
4000,16000,432,Add,Struct,734939,10632,688,2,1068.23
4000,16000,433,Add,Struct,716700,10632,1048,0,683.87
4000,16000,434,Add,Struct,865668,10632,579,0,1495.11
4000,16000,435,Dec,Large,886704,10632,1102,0,804.63
4000,16000,436,Dec,Large,1092360,10632,721,0,1515.06
4000,16000,437,Dec,Large,768191,10632,438,0,1753.86
4000,16000,438,Del,Struct,715461,10632,349,0,2050.03
4000,16000,439,Dec,Large,656911,10632,388,0,1693.07
4000,16000,440,Add,Struct,948581,10632,534,0,1776.37
4000,16000,441,Inc,Large,750290,10632,365,0,2055.59
4000,16000,442,Del,Struct,772612,10632,733,0,1054.04
4000,16000,443,Del,Struct,749692,10632,2182,2,343.58
4000,16000,444,Inc,Large,745572,10632,478,0,1559.77
4000,16000,445,Inc,Large,722245,10632,422,0,1711.48
4000,16000,446,Add,Struct,717728,10632,607,0,1182.42
4000,16000,447,Dec,Large,1222783,10632,950,0,1287.14
4000,16000,448,Del,Struct,961669,10632,548,0,1754.87
4000,16000,449,Inc,Large,1152397,10642,1528684,7606,0.75
4000,16000,450,Add,Struct,954875,10642,575,0,1660.65
4000,16000,451,Del,Struct,896570,10642,526,0,1704.51
4000,16000,452,Dec,Large,913221,10644,2861,4,319.20
4000,16000,453,Inc,Large,994063,10644,629,0,1580.39
4000,16000,454,Inc,Large,736751,10644,837,0,880.23
4000,16000,455,Add,Struct,807448,10644,1596,0,505.92
4000,16000,456,Inc,Large,807425,10644,696,0,1160.09
4000,16000,457,Inc,Large,727484,10644,747,0,973.87
4000,16000,458,Dec,Large,716295,10644,478,0,1498.53
4000,16000,459,Del,Struct,717171,10644,420,0,1707.55
4000,16000,460,Inc,Large,722747,10644,598,0,1208.61
4000,16000,461,Inc,Large,720111,10644,3092,10,232.89
4000,16000,462,Inc,Large,672186,10646,852,2,788.95
4000,16000,463,Del,Struct,719013,10646,283,0,2540.68
4000,16000,464,Add,Struct,722204,10646,495,0,1459.00
4000,16000,465,Dec,Large,675749,10646,257,0,2629.37
4000,16000,466,Inc,Large,727424,10644,1584,2,459.23
4000,16000,467,Dec,Large,725690,10644,369,0,1966.64
4000,16000,468,Inc,Large,909326,10644,475,0,1914.37
4000,16000,469,Del,Struct,810817,10644,360,0,2252.27
4000,16000,470,Dec,Large,656121,10644,452,0,1451.60
4000,16000,471,Dec,Large,708301,10646,622,2,1138.75
4000,16000,472,Del,Struct,761423,10644,335,0,2272.90
4000,16000,473,Add,Struct,869460,10644,1263,0,688.41
4000,16000,474,Inc,Large,909500,10644,1027,0,885.59
4000,16000,475,Del,Struct,740416,10644,606,0,1221.81
4000,16000,476,Del,Struct,721573,10644,217,0,3325.22
4000,16000,477,Add,Struct,968547,10644,620,0,1562.17
4000,16000,478,Del,Struct,766092,10644,490,0,1563.45
4000,16000,479,Del,Struct,679219,10644,3764,0,180.45
4000,16000,480,Del,Struct,708407,10644,286,0,2476.95
4000,16000,481,Inc,Large,711086,10644,716,0,993.14
4000,16000,482,Inc,Large,733021,10644,1335,2,549.08
4000,16000,483,Inc,Large,672420,10644,397,0,1693.75
4000,16000,484,Add,Struct,716709,10644,420,0,1706.45
4000,16000,485,Add,Struct,713162,10644,443,0,1609.85
4000,16000,486,Del,Struct,671986,10644,237,0,2835.38
4000,16000,487,Del,Struct,764985,10644,3171,8,241.24
4000,16000,488,Del,Struct,714951,10644,1309,2,546.18
4000,16000,489,Inc,Large,773213,10644,498,0,1552.64
4000,16000,490,Add,Struct,725056,10644,270,0,2685.39
4000,16000,491,Dec,Large,714289,10644,395,0,1808.33
4000,16000,492,Del,Struct,714256,10644,285,0,2506.16
4000,16000,493,Del,Struct,711510,10644,202,0,3522.33
4000,16000,494,Del,Struct,920720,10642,1514,0,608.14
4000,16000,495,Del,Struct,1307335,10642,13508,0,96.78
4000,16000,496,Inc,Large,1477954,10640,1141,0,1295.31
4000,16000,497,Inc,Large,812992,10640,638,0,1274.28
4000,16000,498,Add,Struct,717255,10640,898,0,798.72
4000,16000,499,Del,Struct,787317,10640,469,0,1678.71
4000,16000,500,Del,Struct,710318,10640,1923,4,369.38
4000,16000,501,Dec,Large,783738,10640,439,0,1785.28
4000,16000,502,Dec,Large,741302,10640,864,0,857.99
4000,16000,503,Dec,Large,804408,10640,2189,16,367.48
4000,16000,504,Dec,Large,983304,10640,23700,42,41.49
4000,16000,505,Dec,Large,916002,10640,642,0,1426.79
4000,16000,506,Add,Struct,844871,10640,520,0,1624.75
4000,16000,507,Del,Struct,725714,10640,332,0,2185.89
4000,16000,508,Dec,Large,835432,10640,6501,0,128.51
4000,16000,509,Dec,Large,937239,10640,795,0,1178.92
4000,16000,510,Dec,Large,751979,10640,1236,4,608.40
4000,16000,511,Add,Struct,717667,10640,868,0,826.81
4000,16000,512,Inc,Large,658323,10638,2466,6,266.96
4000,16000,513,Del,Struct,880145,10638,630,0,1397.06
4000,16000,514,Dec,Large,1041711,10638,1135,0,917.81
4000,16000,515,Add,Struct,1230757,10638,1837,0,669.98
4000,16000,516,Add,Struct,1221135,10638,1360,2,897.89
4000,16000,517,Dec,Large,952218,10638,510,0,1867.09
4000,16000,518,Add,Struct,836312,10638,903,0,926.15
4000,16000,519,Inc,Large,920666,10638,1489,2,618.31
4000,16000,520,Dec,Large,726559,10638,456,0,1593.33
4000,16000,521,Inc,Large,724389,10638,729,0,993.67
4000,16000,522,Add,Struct,721789,10638,274,0,2634.27
4000,16000,523,Add,Struct,659085,10638,410,0,1607.52
4000,16000,524,Del,Struct,720020,10638,318,0,2264.21
4000,16000,525,Dec,Large,751183,10638,503,0,1493.41
4000,16000,526,Add,Struct,657171,10638,399,0,1647.05
4000,16000,527,Del,Struct,735736,10638,323,0,2277.82
4000,16000,528,Inc,Large,850002,10636,967,0,879.01
4000,16000,529,Del,Struct,1108898,10634,1680,2,660.06
4000,16000,530,Add,Struct,853890,10634,747,0,1143.09
4000,16000,531,Del,Struct,713544,10634,298,0,2394.44
4000,16000,532,Dec,Large,786419,10634,724,0,1086.21
4000,16000,533,Inc,Large,1240020,10634,1658,0,747.90
4000,16000,534,Dec,Large,1271319,10634,1362,0,933.42
4000,16000,535,Dec,Large,1311541,10634,1263,0,1038.43
4000,16000,536,Inc,Large,970240,10634,1033,0,939.24
4000,16000,537,Dec,Large,979183,10634,1417,0,691.03
4000,16000,538,Add,Struct,941466,10634,1297,0,725.88
4000,16000,539,Add,Struct,922764,10634,924,0,998.66
4000,16000,540,Inc,Large,814276,10634,482,0,1689.37
4000,16000,541,Del,Struct,732872,10634,564,0,1299.42
4000,16000,542,Dec,Large,703335,10634,1829,0,384.55
4000,16000,543,Inc,Large,769918,10634,1217,0,632.64
4000,16000,544,Dec,Large,729112,10634,5482,12,133.00
4000,16000,545,Inc,Large,818738,10634,598,0,1369.13
4000,16000,546,Dec,Large,776780,10634,362,0,2145.80
4000,16000,547,Dec,Large,931914,10634,675,0,1380.61
4000,16000,548,Add,Struct,710708,10634,8143,0,87.28
4000,16000,549,Del,Struct,720675,10634,400,0,1801.69
4000,16000,550,Dec,Large,719060,10634,526,0,1367.03
4000,16000,551,Inc,Large,777273,10634,568,0,1368.44
4000,16000,552,Add,Struct,1118349,10634,1910,0,585.52
4000,16000,553,Add,Struct,1240626,10634,1359,0,912.90
4000,16000,554,Add,Struct,1075635,10634,819,0,1313.35
4000,16000,555,Dec,Large,929778,10634,622,0,1494.82
4000,16000,556,Inc,Large,922063,10634,722,0,1277.10
4000,16000,557,Del,Struct,695286,10632,394,0,1764.69
4000,16000,558,Del,Struct,715463,10632,401,0,1784.20
4000,16000,559,Dec,Large,716076,10632,503,0,1423.61
4000,16000,560,Inc,Large,712221,10634,1341,2,531.11
4000,16000,561,Add,Struct,657992,10634,379,0,1736.13
4000,16000,562,Add,Struct,761660,10634,565,0,1348.07
4000,16000,563,Del,Struct,717428,10634,337,0,2128.87
4000,16000,564,Add,Struct,782178,10632,1039,4,752.82
4000,16000,565,Inc,Large,690536,10632,340,0,2030.99
4000,16000,566,Dec,Large,845388,10632,5892,0,143.48
4000,16000,567,Dec,Large,943169,10632,611,0,1543.65
4000,16000,568,Inc,Large,789657,10632,4797,0,164.61
4000,16000,569,Dec,Large,717583,10632,1204,6,596.00
4000,16000,570,Inc,Large,658885,10632,966,2,682.08
4000,16000,571,Inc,Large,830725,10632,479,0,1734.29
4000,16000,572,Del,Struct,920327,10632,1137,0,809.43
4000,16000,573,Add,Struct,980637,10632,2391,0,410.14
4000,16000,574,Dec,Large,1261136,10638,3902,16,323.20
4000,16000,575,Dec,Large,932157,10638,1243,4,749.93
4000,16000,576,Del,Struct,917212,10636,314,0,2921.06
4000,16000,577,Inc,Large,1034501,10636,616,0,1679.38
4000,16000,578,Add,Struct,962258,10636,792,0,1214.97
4000,16000,579,Add,Struct,923019,10636,482,0,1914.98
4000,16000,580,Del,Struct,973137,10636,371,0,2623.01
4000,16000,581,Add,Struct,927065,10636,880,0,1053.48
4000,16000,582,Add,Struct,1003981,10636,1237,0,811.63
4000,16000,583,Add,Struct,982887,10634,4491,14,218.86
4000,16000,584,Add,Struct,742171,10634,7148,0,103.83
4000,16000,585,Inc,Large,971562,10634,3777,4,257.23
4000,16000,586,Del,Struct,997306,10634,394,0,2531.23
4000,16000,587,Del,Struct,737754,10634,330,0,2235.62
4000,16000,588,Dec,Large,876140,10634,851,0,1029.54
4000,16000,589,Inc,Large,778235,10634,10461,36,74.39
4000,16000,590,Dec,Large,1077769,10634,1187,0,907.98
4000,16000,591,Inc,Large,797087,10634,555,0,1436.19
4000,16000,592,Inc,Large,781129,10634,637,0,1226.26
4000,16000,593,Dec,Large,963924,10634,1350,0,714.02
4000,16000,594,Del,Struct,1091800,10634,671,0,1627.12
4000,16000,595,Del,Struct,846990,10632,1997,2,424.13
4000,16000,596,Inc,Large,879826,10632,1830,0,480.78
4000,16000,597,Dec,Large,915983,10632,1012,0,905.12
4000,16000,598,Inc,Large,750469,10632,969,0,774.48
4000,16000,599,Add,Struct,935456,10634,2848,4,328.46
4000,16000,600,Dec,Large,798285,10632,1824,6,437.66
4000,16000,601,Dec,Large,782801,10632,634,0,1234.70
4000,16000,602,Del,Struct,1048166,10632,969,0,1081.70
4000,16000,603,Add,Struct,1414622,10632,1701,2,831.64
4000,16000,604,Dec,Large,1096845,10632,2359,0,464.96
4000,16000,605,Del,Struct,1093628,10632,925,0,1182.30
4000,16000,606,Del,Struct,1228122,10632,1090,0,1126.72
4000,16000,607,Inc,Large,1160350,10632,2335,0,496.94
4000,16000,608,Del,Struct,1172464,10630,3140,2,373.40
4000,16000,609,Add,Struct,1179070,10630,1722,0,684.71
4000,16000,610,Inc,Large,965259,10630,2317,2,416.60
4000,16000,611,Del,Struct,1103977,10630,1129,0,977.84
4000,16000,612,Add,Struct,1059997,10632,822,0,1289.53
4000,16000,613,Add,Struct,1261457,10632,1978,0,637.74
4000,16000,614,Add,Struct,1159753,10632,1743,0,665.38
4000,16000,615,Del,Struct,1503897,10632,2111,0,712.41
4000,16000,616,Dec,Large,2015600,10632,4241,0,475.27
4000,16000,617,Dec,Large,1268303,10632,1997,0,635.10
4000,16000,618,Del,Struct,1108243,10632,908,0,1220.53
4000,16000,619,Del,Struct,927115,10630,756,0,1226.34
4000,16000,620,Del,Struct,989404,10630,700,0,1413.43
4000,16000,621,Inc,Large,1028235,10630,1672,0,614.97
4000,16000,622,Inc,Large,1297816,10630,19213,0,67.55
4000,16000,623,Add,Struct,1083548,10630,2729,4,397.05
4000,16000,624,Dec,Large,1084757,10630,1268,0,855.49
4000,16000,625,Add,Struct,901006,10630,1209,0,745.25
4000,16000,626,Del,Struct,1118583,10630,1558,0,717.96
4000,16000,627,Inc,Large,4745899,10630,2852,0,1664.06
4000,16000,628,Inc,Large,2202095,10630,1785,0,1233.67
4000,16000,629,Del,Struct,1509765,10628,860,0,1755.54
4000,16000,630,Inc,Large,1139595,10628,1690,0,674.32
4000,16000,631,Dec,Large,1245100,10628,1259,0,988.96
4000,16000,632,Del,Struct,1296113,10628,2594,0,499.66
4000,16000,633,Dec,Large,1239957,10628,1253,0,989.59
4000,16000,634,Dec,Large,1103622,10628,1325,0,832.92
4000,16000,635,Del,Struct,1358289,10628,725,0,1873.50
4000,16000,636,Dec,Large,1476758,10628,9925,24,148.79
4000,16000,637,Dec,Large,1633865,10628,5229,16,312.46
4000,16000,638,Del,Struct,1278227,10628,1252,0,1020.95
4000,16000,639,Inc,Large,1458238,10628,2646,0,551.11
4000,16000,640,Dec,Large,1256829,10628,1034,0,1215.50
4000,16000,641,Dec,Large,1230326,10630,2555,2,481.54
4000,16000,642,Dec,Large,1261449,10630,1324,0,952.76
4000,16000,643,Add,Struct,1253839,10630,2372,0,528.60
4000,16000,644,Del,Struct,1260672,10630,1058,0,1191.56
4000,16000,645,Inc,Large,1212187,10630,1193,0,1016.08
4000,16000,646,Inc,Large,1788809,10630,1025,0,1745.18
4000,16000,647,Del,Struct,1482747,10614,41370,108,35.84
4000,16000,648,Dec,Large,1476433,10616,2762,2,534.55
4000,16000,649,Dec,Large,1410597,10616,2065,0,683.10
4000,16000,650,Inc,Large,1397322,10616,2642,0,528.89
4000,16000,651,Add,Struct,1505118,10618,6669,20,225.69
4000,16000,652,Inc,Large,1433850,10618,8379,12,171.12
4000,16000,653,Del,Struct,1344667,10616,1179,0,1140.51
4000,16000,654,Dec,Large,1277691,10616,1835,2,696.29
4000,16000,655,Del,Struct,1150916,10616,1366,0,842.54
4000,16000,656,Dec,Large,1098063,10616,1074,0,1022.41
4000,16000,657,Dec,Large,1254709,10616,1317,0,952.70
4000,16000,658,Del,Struct,1456403,10616,1888,0,771.40
4000,16000,659,Add,Struct,1449791,10616,2283,0,635.04
4000,16000,660,Inc,Large,1293843,10616,11887,0,108.85
4000,16000,661,Add,Struct,1172938,10616,1010,0,1161.32
4000,16000,662,Dec,Large,1088947,10616,986,0,1104.41
4000,16000,663,Del,Struct,1226230,10616,1665,0,736.47
4000,16000,664,Dec,Large,2192310,10616,1602,0,1368.48
4000,16000,665,Del,Struct,1827750,10616,2195,0,832.69
4000,16000,666,Add,Struct,1905401,10614,2045,2,931.74
4000,16000,667,Inc,Large,1472140,10616,2284,0,644.54
4000,16000,668,Del,Struct,1275945,10614,1686,0,756.79
4000,16000,669,Dec,Large,2079295,10614,2602,0,799.11
4000,16000,670,Dec,Large,1784201,10614,3694,0,483.00
4000,16000,671,Dec,Large,1413258,10618,7390,6,191.24
4000,16000,672,Del,Struct,1336874,10616,2961,0,451.49
4000,16000,673,Inc,Large,1299606,10616,1734,0,749.48
4000,16000,674,Del,Struct,1357799,10616,1354,0,1002.81
4000,16000,675,Add,Struct,1344750,10616,2056,0,654.06
4000,16000,676,Del,Struct,1213777,10616,989,0,1227.28
4000,16000,677,Del,Struct,1264818,10614,1103,0,1146.71
4000,16000,678,Inc,Large,1376342,10614,2582,0,533.05
4000,16000,679,Dec,Large,1394332,10612,3137,4,444.48
4000,16000,680,Del,Struct,1455764,10612,740,0,1967.25
4000,16000,681,Inc,Large,1326106,10612,1725,0,768.76
4000,16000,682,Inc,Large,1398827,10612,1492,0,937.55
4000,16000,683,Inc,Large,1367208,10610,30592,64,44.69
4000,16000,684,Add,Struct,1359290,10610,5825,0,233.35
4000,16000,685,Inc,Large,1885804,10610,3403,0,554.16
4000,16000,686,Dec,Large,2151510,10610,1254,0,1715.72
4000,16000,687,Del,Struct,1453973,10610,1493,0,973.86
4000,16000,688,Dec,Large,1574679,10612,2227,4,707.09
4000,16000,689,Inc,Large,1186108,10612,1089,0,1089.17
4000,16000,690,Add,Struct,960364,10612,2281,0,421.03
4000,16000,691,Inc,Large,938165,10612,956,0,981.34
4000,16000,692,Inc,Large,862279,10612,1462,0,589.79
4000,16000,693,Dec,Large,1031143,10610,4371,8,235.91
4000,16000,694,Add,Struct,1324172,10610,2078,2,637.23
4000,16000,695,Add,Struct,1701207,10614,7404,8,229.77
4000,16000,696,Dec,Large,1641329,10614,4705,0,348.85
4000,16000,697,Dec,Large,2202524,10612,6400,4,344.14
4000,16000,698,Del,Struct,1884070,10612,1844,0,1021.73
4000,16000,699,Dec,Large,1507362,10612,3148,4,478.83
4000,16000,700,Add,Struct,1827314,10612,771,0,2370.06
4000,16000,701,Inc,Large,1374487,10612,1267,0,1084.84
4000,16000,702,Inc,Large,1427299,10612,1459,0,978.27
4000,16000,703,Add,Struct,1196871,10612,865,0,1383.67
4000,16000,704,Inc,Large,987126,10612,1035,0,953.74
4000,16000,705,Dec,Large,1013925,10612,3602,4,281.49
4000,16000,706,Inc,Large,969470,10612,745,0,1301.30
4000,16000,707,Inc,Large,853932,10612,733,0,1164.98
4000,16000,708,Del,Struct,869576,10612,900,0,966.20
4000,16000,709,Dec,Large,1725095,10612,4861,2,354.88
4000,16000,710,Add,Struct,1768340,10612,4192,0,421.84
4000,16000,711,Del,Struct,1629609,10612,2084,0,781.96
4000,16000,712,Add,Struct,1252950,10612,1345,0,931.56
4000,16000,713,Del,Struct,1011018,10612,715,0,1414.01
4000,16000,714,Inc,Large,1031699,10612,4964,4,207.84
4000,16000,715,Add,Struct,977392,10612,627,0,1558.84
4000,16000,716,Inc,Large,876818,10614,5941,14,147.59
4000,16000,717,Del,Struct,881353,10614,857,0,1028.42
4000,16000,718,Add,Struct,939014,10614,980,0,958.18
4000,16000,719,Add,Struct,985355,10614,666,0,1479.51
4000,16000,720,Inc,Large,767429,10614,697,0,1101.05
4000,16000,721,Dec,Large,844678,10614,567,0,1489.73
4000,16000,722,Inc,Large,755924,10614,721,0,1048.44
4000,16000,723,Add,Struct,931540,10608,5467,16,170.39
4000,16000,724,Del,Struct,1889055,10608,2411,0,783.52
4000,16000,725,Add,Struct,1909194,10608,3159,0,604.37
4000,16000,726,Inc,Large,1812528,10608,2823,0,642.06
4000,16000,727,Inc,Large,1548577,10608,1901,0,814.61
4000,16000,728,Inc,Large,1469631,10608,1184,0,1241.24
4000,16000,729,Inc,Large,919184,10608,738,0,1245.51
4000,16000,730,Add,Struct,914888,10608,813,0,1125.32
4000,16000,731,Dec,Large,853283,10608,1293,0,659.92
4000,16000,732,Add,Struct,1067555,10608,1027,0,1039.49
4000,16000,733,Add,Struct,881520,10608,1799,0,490.01
4000,16000,734,Add,Struct,871152,10608,1176,0,740.78
4000,16000,735,Dec,Large,1046959,10608,1523,0,687.43
4000,16000,736,Del,Struct,1014091,10608,2704,2,375.03
4000,16000,737,Inc,Large,1180748,10608,5316,2,222.11
4000,16000,738,Inc,Large,1726095,10608,2912,0,592.75
4000,16000,739,Dec,Large,1744485,10608,5091,0,342.66
4000,16000,740,Add,Struct,1634310,10608,930,0,1757.32
4000,16000,741,Add,Struct,1415472,10608,2492,0,568.01
4000,16000,742,Del,Struct,1157089,10608,1894,0,610.92
4000,16000,743,Dec,Large,994491,10608,1825,0,544.93
4000,16000,744,Dec,Large,1220690,10608,1204,0,1013.86
4000,16000,745,Dec,Large,1171105,10604,3046,8,384.47
4000,16000,746,Dec,Large,1007673,10604,824,0,1222.90
4000,16000,747,Dec,Large,971391,10604,1304,2,744.93
4000,16000,748,Del,Struct,1009025,10604,921,0,1095.58
4000,16000,749,Dec,Large,1184755,10606,1291,0,917.70
4000,16000,750,Inc,Large,1055633,10606,2598,0,406.33
4000,16000,751,Dec,Large,2035159,10606,4148,0,490.64
4000,16000,752,Add,Struct,1748661,10606,2293,0,762.61
4000,16000,753,Del,Struct,1617770,10606,2204,0,734.02
4000,16000,754,Del,Struct,1292967,10606,1433,0,902.28
4000,16000,755,Inc,Large,1322848,10610,10346,20,127.86
4000,16000,756,Dec,Large,1365467,10610,1456,0,937.82
4000,16000,757,Inc,Large,1193318,10610,2240,0,532.73
4000,16000,758,Add,Struct,1770933,10612,3958,0,447.43
4000,16000,759,Del,Struct,2092124,10612,1954,0,1070.69
4000,16000,760,Del,Struct,1856780,10610,1300,0,1428.29
4000,16000,761,Inc,Large,1657203,10610,1263,0,1312.12
4000,16000,762,Inc,Large,1505713,10610,2916,0,516.36
4000,16000,763,Dec,Large,1378372,10610,3296,4,418.20
4000,16000,764,Inc,Large,1363625,10610,2043,0,667.46
4000,16000,765,Del,Struct,1344482,10610,1992,0,674.94
4000,16000,766,Inc,Large,1459514,10610,1367,0,1067.68
4000,16000,767,Add,Struct,1530766,10610,2560,0,597.96
4000,16000,768,Del,Struct,1262864,10610,851,0,1483.98
4000,16000,769,Dec,Large,1105374,10612,2931,2,377.13
4000,16000,770,Add,Struct,1332149,10614,3767,0,353.64
4000,16000,771,Add,Struct,1849887,10614,4783,0,386.76
4000,16000,772,Del,Struct,2148283,10614,4791,0,448.40
4000,16000,773,Inc,Large,1862058,10614,1770,0,1052.01
4000,16000,774,Inc,Large,1231699,10614,1263,0,975.22
4000,16000,775,Inc,Large,1183033,10616,2843,2,416.12
4000,16000,776,Inc,Large,1563721,10616,3702,0,422.40
4000,16000,777,Add,Struct,1940133,10618,3126,0,620.64
4000,16000,778,Del,Struct,1521353,10618,1668,0,912.08
4000,16000,779,Inc,Large,1565295,10618,2699,0,579.95
4000,16000,780,Dec,Large,1632079,10618,1669,0,977.88
4000,16000,781,Dec,Large,1303818,10618,933,0,1397.45
4000,16000,782,Inc,Large,1858710,10618,2540,0,731.78
4000,16000,783,Inc,Large,2181740,10618,2524,0,864.40
4000,16000,784,Add,Struct,1706485,10618,2546,0,670.26
4000,16000,785,Dec,Large,1979623,10618,2506,0,789.95
4000,16000,786,Del,Struct,1936073,10620,6045,2,320.28
4000,16000,787,Add,Struct,1691673,10620,1897,0,891.76
4000,16000,788,Add,Struct,1421598,10620,1702,0,835.25
4000,16000,789,Inc,Large,1065607,10620,1572,0,677.87
4000,16000,790,Del,Struct,973279,10620,664,0,1465.78
4000,16000,791,Add,Struct,913240,10620,2213,0,412.67
4000,16000,792,Add,Struct,1090433,10620,3477,0,313.61
4000,16000,793,Dec,Large,1122570,10620,1244,0,902.39
4000,16000,794,Add,Struct,1007077,10620,941,0,1070.22
4000,16000,795,Add,Struct,1079802,10620,1562,0,691.29
4000,16000,796,Add,Struct,993125,10622,2364,2,420.10
4000,16000,797,Del,Struct,860193,10622,779,0,1104.23
4000,16000,798,Del,Struct,977924,10620,3195,2,306.08
4000,16000,799,Inc,Large,1049959,10620,3880,2,270.61
4000,16000,800,Inc,Large,1232530,10620,972,0,1268.03
4000,16000,801,Add,Struct,1173207,10624,3048,8,384.91
4000,16000,802,Dec,Large,916177,10624,2044,2,448.23
4000,16000,803,Inc,Large,1192796,10626,1051,0,1134.92
4000,16000,804,Del,Struct,961889,10628,3167,4,303.72
4000,16000,805,Del,Struct,744943,10628,429,0,1736.46
4000,16000,806,Del,Struct,896990,10628,498,0,1801.18
4000,16000,807,Dec,Large,784296,10628,842,0,931.47
4000,16000,808,Add,Struct,1037778,10628,1462,2,709.83
4000,16000,809,Del,Struct,1497724,10628,1923,0,778.85
4000,16000,810,Inc,Large,1725099,10628,1231,0,1401.38
4000,16000,811,Del,Struct,1395201,10628,1122,0,1243.49
4000,16000,812,Add,Struct,1747389,10628,4700,0,371.78
4000,16000,813,Del,Struct,1848537,10626,7504,0,246.34
4000,16000,814,Dec,Large,1308862,10626,1626,0,804.96
4000,16000,815,Add,Struct,920013,10626,1887,0,487.55
4000,16000,816,Del,Struct,1105009,10624,3919,2,281.96
4000,16000,817,Del,Struct,1197302,10624,948,0,1262.98
4000,16000,818,Dec,Large,865718,10624,969,0,893.41
4000,16000,819,Add,Struct,884500,10626,1434,2,616.81
4000,16000,820,Dec,Large,1019515,10628,1767,2,576.98
4000,16000,821,Del,Struct,884067,10628,1015,0,871.00
4000,16000,822,Dec,Large,1023580,10628,1123,0,911.47
4000,16000,823,Dec,Large,1024753,10628,1871,0,547.70
4000,16000,824,Dec,Large,1075211,10628,3222,12,333.71
4000,16000,825,Add,Struct,942821,10628,1618,2,582.71
4000,16000,826,Dec,Large,958468,10628,1521,2,630.16
4000,16000,827,Inc,Large,1097277,10628,2255,0,486.60
4000,16000,828,Dec,Large,1367097,10628,2632,2,519.41
4000,16000,829,Del,Struct,1206031,10628,1465,0,823.23
4000,16000,830,Inc,Large,1532590,10628,6515,6,235.24
4000,16000,831,Inc,Large,1329220,10626,9943,12,133.68
4000,16000,832,Dec,Large,1347685,10626,1148,0,1173.94
4000,16000,833,Inc,Large,1535805,10626,7069,2,217.26
4000,16000,834,Del,Struct,1513004,10626,2759,0,548.39
4000,16000,835,Add,Struct,1744003,10626,2059,0,847.01
4000,16000,836,Inc,Large,1686288,10630,5221,4,322.98
4000,16000,837,Del,Struct,1341457,10630,9790,14,137.02
4000,16000,838,Inc,Large,1441533,10630,1459,0,988.03
4000,16000,839,Dec,Large,1436933,10632,8353,30,172.03
4000,16000,840,Dec,Large,1378714,10638,14694,52,93.83
4000,16000,841,Del,Struct,1400049,10642,11802,12,118.63
4000,16000,842,Inc,Large,1614208,10642,3698,2,436.51
4000,16000,843,Del,Struct,1444961,10640,12765,8,113.20
4000,16000,844,Del,Struct,1626912,10640,911,0,1785.85
4000,16000,845,Del,Struct,1198005,10640,1014,0,1181.46
4000,16000,846,Add,Struct,1056760,10640,1024,0,1031.99
4000,16000,847,Dec,Large,1059540,10640,2169,0,488.49
4000,16000,848,Del,Struct,1176352,10640,978,0,1202.81
4000,16000,849,Dec,Large,1216860,10640,1084,0,1122.56
4000,16000,850,Del,Struct,1258654,10642,5079,2,247.82
4000,16000,851,Dec,Large,1369510,10640,21530,8,63.61
4000,16000,852,Dec,Large,1402350,10640,2296,2,610.78
4000,16000,853,Del,Struct,1296061,10638,1154,0,1123.10
4000,16000,854,Add,Struct,1580928,10640,1709,2,925.06
4000,16000,855,Dec,Large,1247729,10640,1644,2,758.96
4000,16000,856,Del,Struct,1119332,10640,417,0,2684.25
4000,16000,857,Add,Struct,980010,10640,1068,0,917.61
4000,16000,858,Inc,Large,978727,10640,526,0,1860.70
4000,16000,859,Dec,Large,1001453,10640,642,0,1559.90
4000,16000,860,Del,Struct,1099056,10640,613,0,1792.91
4000,16000,861,Dec,Large,997187,10640,784,0,1271.92
4000,16000,862,Dec,Large,981651,10638,776,2,1265.01
4000,16000,863,Dec,Large,956589,10638,891,0,1073.61
4000,16000,864,Del,Struct,1091316,10638,452,0,2414.42
4000,16000,865,Del,Struct,985767,10638,416,0,2369.63
4000,16000,866,Add,Struct,1093703,10638,16540,0,66.12
4000,16000,867,Inc,Large,1232890,10638,1137,0,1084.34
4000,16000,868,Del,Struct,1194300,10638,374,0,3193.32
4000,16000,869,Add,Struct,966425,10638,1054,0,916.91
4000,16000,870,Del,Struct,1073666,10638,2060,2,521.20
4000,16000,871,Add,Struct,1265076,10638,1884,0,671.48
4000,16000,872,Dec,Large,1086744,10638,740,0,1468.57
4000,16000,873,Add,Struct,962275,10638,638,0,1508.27
4000,16000,874,Inc,Large,951383,10638,627,0,1517.36
4000,16000,875,Add,Struct,959541,10638,874,0,1097.87
4000,16000,876,Inc,Large,975948,10638,982,0,993.84
4000,16000,877,Del,Struct,973164,10638,452,0,2153.02
4000,16000,878,Add,Struct,997177,10638,664,0,1501.77
4000,16000,879,Inc,Large,1095324,10638,1922,2,569.89
4000,16000,880,Add,Struct,1029904,10646,3429,14,300.35
4000,16000,881,Inc,Large,1116241,10646,769,0,1451.55
4000,16000,882,Inc,Large,1067550,10646,839,0,1272.41
4000,16000,883,Inc,Large,1025335,10646,846,0,1211.98
4000,16000,884,Del,Struct,1017375,10646,381,0,2670.28
4000,16000,885,Inc,Large,986977,10646,601,0,1642.22
4000,16000,886,Del,Struct,958778,10654,4896,10,195.83
4000,16000,887,Add,Struct,1058014,10654,479,0,2208.80
4000,16000,888,Add,Struct,955350,10646,2142,10,446.01
4000,16000,889,Del,Struct,946391,10646,611,0,1548.92
4000,16000,890,Inc,Large,946727,10646,757,0,1250.63
4000,16000,891,Inc,Large,959110,10646,7341,0,130.65
4000,16000,892,Del,Struct,1093448,10646,12848,40,85.11
4000,16000,893,Del,Struct,975790,10646,346,0,2820.20
4000,16000,894,Del,Struct,971768,10646,321,0,3027.31
4000,16000,895,Del,Struct,1074513,10644,3041,4,353.34
4000,16000,896,Inc,Large,1015701,10644,902,0,1126.05
4000,16000,897,Add,Struct,1080683,10644,638,0,1693.86
4000,16000,898,Add,Struct,1255647,10644,451,0,2784.14
4000,16000,899,Del,Struct,1074512,10644,660,0,1628.05
4000,16000,900,Dec,Large,966605,10644,550,0,1757.46
4000,16000,901,Inc,Large,1001944,10644,753,0,1330.60
4000,16000,902,Inc,Large,1131036,10644,401,0,2820.54
4000,16000,903,Inc,Large,987978,10642,641,0,1541.31
4000,16000,904,Dec,Large,1011681,10644,465,0,2175.66
4000,16000,905,Del,Struct,929744,10642,1839,2,505.57
4000,16000,906,Add,Struct,737880,10646,1140,4,647.26
4000,16000,907,Dec,Large,820381,10650,1614,8,508.29
4000,16000,908,Add,Struct,752578,10650,484,0,1554.91
4000,16000,909,Add,Struct,765896,10650,664,0,1153.46
4000,16000,910,Inc,Large,911444,10650,1909,0,477.45
4000,16000,911,Del,Struct,812550,10654,11751,20,69.15
4000,16000,912,Inc,Large,859562,10654,1413,0,608.32
4000,16000,913,Dec,Large,1159851,10654,1134,0,1022.80
4000,16000,914,Del,Struct,1038972,10654,964,0,1077.77
4000,16000,915,Inc,Large,1413468,10654,3608,0,391.76
4000,16000,916,Add,Struct,1479465,10654,2208,0,670.05
4000,16000,917,Del,Struct,1108113,10654,1054,0,1051.34
4000,16000,918,Dec,Large,843955,10654,1693,0,498.50
4000,16000,919,Dec,Large,1216503,10654,3482,0,349.37
4000,16000,920,Inc,Large,1929255,10654,2098,0,919.57
4000,16000,921,Add,Struct,1416129,10654,3325,6,425.90
4000,16000,922,Del,Struct,1242962,10654,1309,0,949.55
4000,16000,923,Dec,Large,1300554,10654,1150,0,1130.92
4000,16000,924,Add,Struct,1270904,10654,2765,0,459.64
4000,16000,925,Inc,Large,1128452,10654,1077,0,1047.77
4000,16000,926,Dec,Large,1064196,10654,830,0,1282.16
4000,16000,927,Add,Struct,1041752,10654,2687,0,387.70
4000,16000,928,Dec,Large,1193622,10652,7516,32,158.81
4000,16000,929,Inc,Large,1213327,10652,1503,0,807.27
4000,16000,930,Add,Struct,1295165,10652,1962,0,660.12
4000,16000,931,Dec,Large,1294704,10658,3142,8,412.06
4000,16000,932,Inc,Large,1319650,10658,1209,0,1091.52
4000,16000,933,Add,Struct,1107710,10658,1659,0,667.70
4000,16000,934,Dec,Large,1219688,10658,1133,0,1076.51
4000,16000,935,Del,Struct,950703,10658,602,0,1579.24
4000,16000,936,Inc,Large,969098,10658,923,0,1049.94
4000,16000,937,Inc,Large,989302,10658,910,0,1087.15
4000,16000,938,Add,Struct,1088373,10658,3771,2,288.62
4000,16000,939,Inc,Large,889149,10648,7405,14,120.07
4000,16000,940,Inc,Large,888506,10648,961,0,924.56
4000,16000,941,Inc,Large,1114535,10648,1170,0,952.59
4000,16000,942,Add,Struct,1204558,10648,2277,0,529.01
4000,16000,943,Inc,Large,1158346,10644,7747,16,149.52
4000,16000,944,Del,Struct,1098217,10644,549,0,2000.40
4000,16000,945,Inc,Large,1213856,10644,1527,0,794.93
4000,16000,946,Dec,Large,1015689,10644,2765,2,367.34
4000,16000,947,Add,Struct,1373511,10642,3197,2,429.62
4000,16000,948,Dec,Large,900434,10642,1092,0,824.57
4000,16000,949,Add,Struct,858511,10642,975,0,880.52
4000,16000,950,Inc,Large,838464,10644,1444,0,580.65
4000,16000,951,Dec,Large,1207716,10646,5106,12,236.53
4000,16000,952,Inc,Large,926146,10646,605,0,1530.82
4000,16000,953,Add,Struct,809274,10652,2114,8,382.82
4000,16000,954,Del,Struct,818035,10652,484,0,1690.15
4000,16000,955,Del,Struct,795436,10652,1383,2,575.15
4000,16000,956,Dec,Large,727700,10654,1049,2,693.71
4000,16000,957,Dec,Large,772326,10654,565,0,1366.95
4000,16000,958,Dec,Large,828840,10654,2421,12,342.35
4000,16000,959,Del,Struct,725390,10654,504,0,1439.27
4000,16000,960,Inc,Large,1068527,10654,2574,0,415.12
4000,16000,961,Inc,Large,1304804,10654,3056,0,426.96
4000,16000,962,Inc,Large,1410854,10654,1819,0,775.62
4000,16000,963,Inc,Large,1047377,10654,975,0,1074.23
4000,16000,964,Inc,Large,799587,10654,1176,0,679.92
4000,16000,965,Dec,Large,786388,10654,1475,0,533.14
4000,16000,966,Add,Struct,957861,10654,1556,0,615.59
4000,16000,967,Dec,Large,865177,10654,1495,0,578.71
4000,16000,968,Dec,Large,983092,10654,2728,6,360.37
4000,16000,969,Inc,Large,921073,10646,34967,104,26.34
4000,16000,970,Del,Struct,886297,10646,701,0,1264.33
4000,16000,971,Inc,Large,955381,10646,2472,2,386.48
4000,16000,972,Add,Struct,759009,10646,711,0,1067.52
4000,16000,973,Inc,Large,874915,10646,563,0,1554.02
4000,16000,974,Del,Struct,761117,10646,377,0,2018.88
4000,16000,975,Del,Struct,903500,10646,2125,4,425.18
4000,16000,976,Dec,Large,771396,10646,588,0,1311.90
4000,16000,977,Dec,Large,925262,10646,1286,0,719.49
4000,16000,978,Del,Struct,1172890,10646,1028,0,1140.94
4000,16000,979,Add,Struct,1105415,10646,918,0,1204.16
4000,16000,980,Inc,Large,1110507,10646,1766,0,628.83
4000,16000,981,Dec,Large,946744,10646,1458,0,649.34
4000,16000,982,Del,Struct,855627,10646,1318,0,649.19
4000,16000,983,Add,Struct,1092164,10648,1613,0,677.10
4000,16000,984,Inc,Large,824431,10648,1700,0,484.96
4000,16000,985,Add,Struct,812623,10650,1208,0,672.70
4000,16000,986,Del,Struct,738348,10650,778,0,949.03
4000,16000,987,Add,Struct,809939,10650,758,0,1068.52
4000,16000,988,Add,Struct,897301,10650,708,0,1267.37
4000,16000,989,Add,Struct,740189,10652,569,0,1300.86
4000,16000,990,Del,Struct,763688,10652,654,0,1167.72
4000,16000,991,Inc,Large,780549,10652,495,0,1576.87
4000,16000,992,Del,Struct,725691,10652,302,0,2402.95
4000,16000,993,Inc,Large,797582,10652,763,0,1045.32
4000,16000,994,Del,Struct,742888,10654,1554,2,478.05
4000,16000,995,Dec,Large,722886,10654,532,0,1358.81
4000,16000,996,Del,Struct,810347,10654,900,0,900.39
4000,16000,997,Inc,Large,1143326,10654,1549,0,738.11
4000,16000,998,Inc,Large,994638,10654,664,0,1497.95
4000,16000,999,Del,Struct,743785,10654,481,0,1546.33
8000,32000,0,Del,Struct,2967803,21246,2823,2,1051.29
8000,32000,1,Inc,Large,2685308,21246,967,0,2776.95
8000,32000,2,Inc,Large,1659421,21246,3710,8,447.28
8000,32000,3,Del,Struct,1570255,21246,765,0,2052.62
8000,32000,4,Add,Struct,1594030,21246,1062,0,1500.97
8000,32000,5,Inc,Large,1670154,21246,897,0,1861.93
8000,32000,6,Add,Struct,1661074,21246,857,0,1938.24
8000,32000,7,Add,Struct,1602091,21246,1273,2,1258.52
8000,32000,8,Inc,Large,2235987,21246,4090,0,546.70
8000,32000,9,Add,Struct,2085712,21248,1647,0,1266.37
8000,32000,10,Add,Struct,3153302,21248,1581,0,1994.50
8000,32000,11,Inc,Large,2239181,21248,1169,0,1915.47
8000,32000,12,Add,Struct,2210383,21248,1181,0,1871.62
8000,32000,13,Del,Struct,2444108,21248,1623,0,1505.92
8000,32000,14,Inc,Large,1916758,21248,5172,0,370.60
8000,32000,15,Inc,Large,2093569,21248,1824,0,1147.79
8000,32000,16,Del,Struct,2830877,21246,3069,0,922.41
8000,32000,17,Add,Struct,2321174,21246,1473,0,1575.81
8000,32000,18,Add,Struct,1697390,21246,983,0,1726.74
8000,32000,19,Inc,Large,1687313,21248,1991,2,847.47
8000,32000,20,Del,Struct,1724540,21252,704,0,2449.63
8000,32000,21,Dec,Large,1750894,21252,762,0,2297.76
8000,32000,22,Del,Struct,1554180,21252,444,0,3500.41
8000,32000,23,Dec,Large,1703736,21252,1335,2,1276.21
8000,32000,24,Add,Struct,2161850,21252,2450,0,882.39
8000,32000,25,Del,Struct,2164839,21252,1794,0,1206.71
8000,32000,26,Del,Struct,1878467,21318,148093,1026,12.68
8000,32000,27,Del,Struct,1716179,21318,322,0,5329.75
8000,32000,28,Del,Struct,1590362,21318,837,2,1900.07
8000,32000,29,Dec,Large,1812883,21318,489,0,3707.33
8000,32000,30,Inc,Large,1687832,21320,1345,2,1254.89
8000,32000,31,Add,Struct,1692826,21320,395,0,4285.64
8000,32000,32,Inc,Large,1736282,21320,705,0,2462.81
8000,32000,33,Add,Struct,1981721,21320,1252,0,1582.84
8000,32000,34,Inc,Large,2687518,21320,1289,0,2084.96
8000,32000,35,Del,Struct,2937449,21320,859,0,3419.61
8000,32000,36,Dec,Large,2252290,21320,4199,2,536.39
8000,32000,37,Dec,Large,1996882,21324,3137,14,636.56
8000,32000,38,Inc,Large,1839419,21324,2686,4,684.82
8000,32000,39,Inc,Large,1749604,21326,3032,6,577.05
8000,32000,40,Inc,Large,1772744,21328,2247,2,788.94
8000,32000,41,Add,Struct,2644803,21328,2310,4,1144.94
8000,32000,42,Inc,Large,2228289,21328,1090,0,2044.30
8000,32000,43,Add,Struct,1811069,21328,1121,0,1615.58
8000,32000,44,Add,Struct,1614659,21330,1175,2,1374.18
8000,32000,45,Inc,Large,1717911,21336,8399,28,204.54
8000,32000,46,Del,Struct,1753183,21336,692,0,2533.50
8000,32000,47,Inc,Large,1685134,21336,1102,0,1529.16
8000,32000,48,Del,Struct,1583021,21334,256,0,6183.68
8000,32000,49,Del,Struct,1774150,21334,1143,0,1552.19
8000,32000,50,Inc,Large,2040858,21334,1962,0,1040.19
8000,32000,51,Inc,Large,2270586,21334,902,0,2517.28
8000,32000,52,Dec,Large,2082331,21334,1240,0,1679.30
8000,32000,53,Add,Struct,2001562,21336,2372,2,843.83
8000,32000,54,Dec,Large,2014572,21336,1013,0,1988.72
8000,32000,55,Dec,Large,2156863,21336,994,0,2169.88
8000,32000,56,Del,Struct,1821141,21336,825,0,2207.44
8000,32000,57,Dec,Large,1991974,21336,2360,0,844.06
8000,32000,58,Del,Struct,3380756,21336,1226,0,2757.55
8000,32000,59,Add,Struct,2746081,21336,1007,0,2726.99
8000,32000,60,Del,Struct,2178829,21336,869,0,2507.28
8000,32000,61,Inc,Large,2245562,21336,1240,0,1810.94
8000,32000,62,Add,Struct,2292151,21336,1449,0,1581.88
8000,32000,63,Inc,Large,1915598,21336,3602,4,531.82
8000,32000,64,Dec,Large,2772080,21334,7735,18,358.38
8000,32000,65,Inc,Large,3436120,21334,2411,0,1425.18
8000,32000,66,Del,Struct,2566036,21334,2728,2,940.63
8000,32000,67,Add,Struct,1947686,21334,1514,0,1286.45
8000,32000,68,Del,Struct,2056243,21334,3330,4,617.49
8000,32000,69,Inc,Large,1884878,21334,2825,4,667.21
8000,32000,70,Inc,Large,1638922,21334,622,0,2634.92
8000,32000,71,Del,Struct,1641636,21334,493,0,3329.89
8000,32000,72,Add,Struct,2008526,21334,2172,0,924.74
8000,32000,73,Dec,Large,2802370,21334,7005,14,400.05
8000,32000,74,Add,Struct,3211789,21336,4161,6,771.88
8000,32000,75,Inc,Large,2402417,21336,3502,0,686.01
8000,32000,76,Del,Struct,2701910,21338,3076,2,878.38
8000,32000,77,Add,Struct,2562440,21338,2464,0,1039.95
8000,32000,78,Dec,Large,2560056,21338,4286,2,597.31
8000,32000,79,Add,Struct,4828866,21338,2289,0,2109.60
8000,32000,80,Dec,Large,3067555,21338,1799,0,1705.14
8000,32000,81,Dec,Large,2741734,21338,1381,0,1985.33
8000,32000,82,Inc,Large,1853394,21338,1034,0,1792.45
8000,32000,83,Add,Struct,1628047,21336,1145,4,1421.88
8000,32000,84,Dec,Large,2247070,21336,2146,2,1047.10
8000,32000,85,Inc,Large,1970088,21336,864,0,2280.19
8000,32000,86,Inc,Large,1639871,21336,1555,0,1054.58
8000,32000,87,Dec,Large,2111611,21336,2805,8,752.80
8000,32000,88,Del,Struct,1560248,21336,547,0,2852.37
8000,32000,89,Inc,Large,1679929,21336,844,0,1990.44
8000,32000,90,Add,Struct,1601841,21336,1370,0,1169.23
8000,32000,91,Del,Struct,1581901,21332,2336,4,677.18
8000,32000,92,Inc,Large,1671234,21332,760,0,2198.99
8000,32000,93,Dec,Large,1648239,21328,3282,8,502.21
8000,32000,94,Dec,Large,2598030,21328,941,0,2760.92
8000,32000,95,Add,Struct,1737576,21326,1366,2,1272.02
8000,32000,96,Dec,Large,1618657,21326,514,0,3149.14
8000,32000,97,Add,Struct,1529707,21326,572,0,2674.31
8000,32000,98,Inc,Large,1511546,21326,695,0,2174.89
8000,32000,99,Inc,Large,1559380,21326,601,0,2594.64
8000,32000,100,Dec,Large,1597333,21326,668,0,2391.22
8000,32000,101,Add,Struct,1617928,21326,1126,0,1436.88
8000,32000,102,Dec,Large,1553783,21328,1192,2,1303.51
8000,32000,103,Del,Struct,1652511,21328,2245,2,736.09
8000,32000,104,Del,Struct,2025093,21328,818,0,2475.66
8000,32000,105,Add,Struct,1580868,21328,1053,2,1501.30
8000,32000,106,Add,Struct,1552115,21330,672,0,2309.69
8000,32000,107,Inc,Large,1544215,21328,1851,2,834.26
8000,32000,108,Add,Struct,1538716,21328,299,0,5146.21
8000,32000,109,Dec,Large,1519630,21330,1395,2,1089.34
8000,32000,110,Dec,Large,1558580,21330,1186,0,1314.15
8000,32000,111,Inc,Large,1573463,21330,853,0,1844.62
8000,32000,112,Del,Struct,1545520,21332,1153,2,1340.43
8000,32000,113,Inc,Large,1699742,21332,6345,6,267.89
8000,32000,114,Inc,Large,2291771,21332,1171,0,1957.11
8000,32000,115,Add,Struct,1631681,21332,1414,0,1153.95
8000,32000,116,Inc,Large,1535377,21332,771,0,1991.41
8000,32000,117,Add,Struct,1572460,21332,576,0,2729.97
8000,32000,118,Del,Struct,1623566,21332,543,0,2989.99
8000,32000,119,Del,Struct,1528795,21332,385,0,3970.90
8000,32000,120,Add,Struct,1571553,21332,568,0,2766.82
8000,32000,121,Dec,Large,1591821,21332,1245,2,1278.57
8000,32000,122,Inc,Large,1567048,21332,500,0,3134.10
8000,32000,123,Add,Struct,1639191,21332,1965,0,834.19
8000,32000,124,Add,Struct,1876970,21332,2868,0,654.45
8000,32000,125,Dec,Large,2614456,21332,1016,0,2573.28
8000,32000,126,Dec,Large,1943946,21332,853,0,2278.95
8000,32000,127,Add,Struct,1800910,21334,20110,2,89.55
8000,32000,128,Inc,Large,2378631,21334,1249,0,1904.43
8000,32000,129,Del,Struct,2132648,21336,2286,2,932.92
8000,32000,130,Dec,Large,1956553,21336,1211,0,1615.65
8000,32000,131,Add,Struct,2168619,21334,1932,2,1122.47
8000,32000,132,Dec,Large,1865435,21334,3586,18,520.20
8000,32000,133,Add,Struct,1588158,21334,369,0,4303.95
8000,32000,134,Inc,Large,1543740,21334,833,0,1853.23
8000,32000,135,Dec,Large,1553523,21334,741,2,2096.52
8000,32000,136,Inc,Large,1556034,21334,1436,2,1083.59
8000,32000,137,Inc,Large,1499462,21334,436,0,3439.13
8000,32000,138,Del,Struct,1508498,21334,361,0,4178.66
8000,32000,139,Add,Struct,1533677,21336,586,0,2617.20
8000,32000,140,Add,Struct,1710062,21338,2625,12,651.45
8000,32000,141,Del,Struct,1702301,21338,511,0,3331.31
8000,32000,142,Del,Struct,1782621,21336,406,0,4390.69
8000,32000,143,Inc,Large,1612627,21336,387,0,4166.99
8000,32000,144,Dec,Large,1563702,21336,847,0,1846.17
8000,32000,145,Dec,Large,1674011,21336,496,0,3375.02
8000,32000,146,Dec,Large,1521178,21336,707,0,2151.60
8000,32000,147,Del,Struct,1609976,21334,4008,10,401.69
8000,32000,148,Inc,Large,1554649,21334,572,0,2717.92
8000,32000,149,Inc,Large,1509205,21334,328,0,4601.23
8000,32000,150,Del,Struct,1733120,21334,375,0,4621.65
8000,32000,151,Del,Struct,1566678,21334,355,0,4413.18
8000,32000,152,Del,Struct,1605252,21334,371,0,4326.82
8000,32000,153,Inc,Large,1606401,21334,418,0,3843.06
8000,32000,154,Del,Struct,1506867,21332,354,0,4256.69
8000,32000,155,Add,Struct,1561006,21332,1116,0,1398.75
8000,32000,156,Del,Struct,1562563,21332,395,0,3955.86
8000,32000,157,Inc,Large,1583273,21332,3328,6,475.74
8000,32000,158,Dec,Large,1553182,21332,502,0,3093.99
8000,32000,159,Del,Struct,1497216,21332,382,0,3919.41
8000,32000,160,Del,Struct,1515818,21332,197,0,7694.51
8000,32000,161,Add,Struct,1499304,21332,926,0,1619.12
8000,32000,162,Inc,Large,1501786,21332,480,0,3128.72
8000,32000,163,Dec,Large,1731478,21332,1162,0,1490.08
8000,32000,164,Del,Struct,1610975,21330,451,0,3572.01
8000,32000,165,Dec,Large,1528206,21330,541,0,2824.78
8000,32000,166,Add,Struct,1620791,21330,1513,0,1071.24
8000,32000,167,Dec,Large,1568773,21330,1300,2,1206.75
8000,32000,168,Add,Struct,1508423,21330,561,0,2688.81
8000,32000,169,Inc,Large,1551422,21330,2341,4,662.72
8000,32000,170,Add,Struct,1645085,21322,3405,24,483.14
8000,32000,171,Add,Struct,1748004,21322,359,0,4869.09
8000,32000,172,Dec,Large,1566346,21322,740,0,2116.68
8000,32000,173,Inc,Large,1574041,21322,536,0,2936.64
8000,32000,174,Del,Struct,1533677,21320,424,0,3617.16
8000,32000,175,Del,Struct,1578387,21320,1264,2,1248.72
8000,32000,176,Add,Struct,1453941,21320,882,0,1648.46
8000,32000,177,Del,Struct,1461844,21320,332,0,4403.14
8000,32000,178,Add,Struct,1455204,21320,668,0,2178.45
8000,32000,179,Inc,Large,1531095,21320,538,0,2845.90
8000,32000,180,Del,Struct,1455168,21320,1712,4,849.98
8000,32000,181,Inc,Large,1456455,21320,8044,0,181.06
8000,32000,182,Inc,Large,1567566,21322,2188,2,716.44
8000,32000,183,Dec,Large,1590890,21322,938,2,1696.04
8000,32000,184,Del,Struct,1694928,21322,672,0,2522.21
8000,32000,185,Del,Struct,1581291,21322,438,0,3610.25
8000,32000,186,Dec,Large,1560516,21322,660,0,2364.42
8000,32000,187,Inc,Large,1607407,21322,1494,2,1075.91
8000,32000,188,Del,Struct,1538516,21322,613,0,2509.81
8000,32000,189,Inc,Large,1542278,21322,1258,2,1225.98
8000,32000,190,Del,Struct,1545062,21322,340,0,4544.30
8000,32000,191,Del,Struct,1498775,21322,565,0,2652.70
8000,32000,192,Del,Struct,1576861,21306,8855,40,178.08
8000,32000,193,Add,Struct,1539880,21308,740,0,2080.92
8000,32000,194,Dec,Large,1632380,21308,1042,0,1566.58
8000,32000,195,Dec,Large,1703608,21308,1703,6,1000.36
8000,32000,196,Add,Struct,1619794,21308,480,0,3374.57
8000,32000,197,Del,Struct,1548922,21308,519,0,2984.44
8000,32000,198,Dec,Large,1535765,21308,459,0,3345.89
8000,32000,199,Del,Struct,1539587,21308,354,0,4349.12
8000,32000,200,Dec,Large,1667944,21308,551,0,3027.12
8000,32000,201,Inc,Large,1530311,21306,1446,2,1058.31
8000,32000,202,Inc,Large,1919924,21306,475,0,4041.95
8000,32000,203,Dec,Large,1605120,21306,406,0,3953.50
8000,32000,204,Del,Struct,1935531,21304,2930,4,660.59
8000,32000,205,Dec,Large,1650993,21304,851,0,1940.06
8000,32000,206,Add,Struct,1739452,21304,1403,6,1239.81
8000,32000,207,Inc,Large,1729610,21304,572,0,3023.79
8000,32000,208,Inc,Large,1780004,21304,464,0,3836.22
8000,32000,209,Add,Struct,1756200,21300,1835,6,957.06
8000,32000,210,Inc,Large,1572609,21300,503,0,3126.46
8000,32000,211,Dec,Large,1622265,21302,2165,4,749.31
8000,32000,212,Dec,Large,1550247,21302,975,2,1590.00
8000,32000,213,Dec,Large,1542285,21302,615,2,2507.78
8000,32000,214,Del,Struct,1732178,21302,715,0,2422.63
8000,32000,215,Dec,Large,1809310,21302,1380,2,1311.09
8000,32000,216,Del,Struct,1834105,21302,991,0,1850.76
8000,32000,217,Inc,Large,1891421,21302,702,0,2694.33
8000,32000,218,Inc,Large,1895220,21302,1131,0,1675.70
8000,32000,219,Dec,Large,1673745,21300,1164,2,1437.93
8000,32000,220,Inc,Large,1597112,21300,929,0,1719.17
8000,32000,221,Del,Struct,1850071,21300,708,0,2613.09
8000,32000,222,Del,Struct,1901858,21300,8211,14,231.62
8000,32000,223,Inc,Large,2305761,21298,13321,42,173.09
8000,32000,224,Inc,Large,2098146,21298,1113,0,1885.13
8000,32000,225,Add,Struct,2207519,21298,1902,0,1160.63
8000,32000,226,Inc,Large,2660869,21298,1373,0,1938.00
8000,32000,227,Add,Struct,1975898,21298,2870,0,688.47
8000,32000,228,Del,Struct,1971805,21298,611,0,3227.18
8000,32000,229,Add,Struct,2155783,21300,2269,6,950.10
8000,32000,230,Dec,Large,1813976,21300,1267,0,1431.71
8000,32000,231,Del,Struct,2250280,21298,786,0,2862.95
8000,32000,232,Del,Struct,1959279,21298,635,0,3085.48
8000,32000,233,Add,Struct,1690765,21298,1260,0,1341.88
8000,32000,234,Add,Struct,1908308,21298,1153,0,1655.08
8000,32000,235,Del,Struct,1789526,21296,489,0,3659.56
8000,32000,236,Add,Struct,1890508,21296,1537,0,1230.00
8000,32000,237,Add,Struct,1941611,21294,2357,2,823.76
8000,32000,238,Add,Struct,2253240,21294,1504,0,1498.16
8000,32000,239,Add,Struct,1922966,21294,2529,10,760.37
8000,32000,240,Dec,Large,2088957,21294,1054,0,1981.93
8000,32000,241,Dec,Large,1681191,21296,1347,4,1248.10
8000,32000,242,Dec,Large,1753656,21298,919,2,1908.22
8000,32000,243,Dec,Large,1607885,21306,5996,38,268.16
8000,32000,244,Inc,Large,1600036,21310,3459,8,462.57
8000,32000,245,Del,Struct,1615158,21310,435,0,3713.01
8000,32000,246,Inc,Large,1646157,21310,1925,2,855.15
8000,32000,247,Dec,Large,1600936,21310,1051,2,1523.25
8000,32000,248,Del,Struct,1559525,21308,1263,2,1234.78
8000,32000,249,Del,Struct,1628589,21308,788,0,2066.74
8000,32000,250,Del,Struct,2165295,21306,3504,4,617.95
8000,32000,251,Inc,Large,1658364,21306,684,0,2424.51
8000,32000,252,Inc,Large,1490490,21306,521,0,2860.83
8000,32000,253,Del,Struct,1599868,21302,3951,12,404.93
8000,32000,254,Del,Struct,1719494,21302,1173,2,1465.89
8000,32000,255,Inc,Large,1583158,21304,2138,2,740.49
8000,32000,256,Add,Struct,1602896,21304,2071,8,773.97
8000,32000,257,Inc,Large,1849876,21304,658,0,2811.36
8000,32000,258,Del,Struct,1548132,21304,692,0,2237.18
8000,32000,259,Inc,Large,1816036,21304,721,0,2518.77
8000,32000,260,Dec,Large,1736000,21304,488,0,3557.38
8000,32000,261,Inc,Large,1563412,21306,2215,4,705.83
8000,32000,262,Del,Struct,1571537,21306,313,0,5020.88
8000,32000,263,Add,Struct,1472305,21306,766,0,1922.07
8000,32000,264,Del,Struct,1735034,21306,318,0,5456.08
8000,32000,265,Add,Struct,1552359,21306,440,0,3528.09
8000,32000,266,Dec,Large,1566778,21300,2173,12,721.02
8000,32000,267,Del,Struct,2000401,21302,4358,12,459.02
8000,32000,268,Dec,Large,1632706,21300,1236,4,1320.96
8000,32000,269,Del,Struct,1720052,21300,599,0,2871.54
8000,32000,270,Dec,Large,1529464,21300,836,0,1829.50
8000,32000,271,Del,Struct,1721859,21300,627,0,2746.19
8000,32000,272,Inc,Large,1554468,21300,988,0,1573.35
8000,32000,273,Del,Struct,1642695,21300,406,0,4046.05
8000,32000,274,Add,Struct,1564589,21300,1141,0,1371.24
8000,32000,275,Add,Struct,1670821,21300,964,0,1733.22
8000,32000,276,Del,Struct,1864309,21300,1597,0,1167.38
8000,32000,277,Add,Struct,2077200,21300,750,0,2769.60
8000,32000,278,Dec,Large,1641050,21300,769,0,2134.01
8000,32000,279,Add,Struct,1704303,21300,560,0,3043.40
8000,32000,280,Inc,Large,2026649,21300,1155,0,1754.67
8000,32000,281,Add,Struct,1621150,21300,427,0,3796.60
8000,32000,282,Add,Struct,1541631,21300,931,0,1655.89
8000,32000,283,Inc,Large,1496142,21300,945,0,1583.22
8000,32000,284,Del,Struct,1544437,21298,3234,10,477.56
8000,32000,285,Del,Struct,1584438,21298,1552,2,1020.90
8000,32000,286,Del,Struct,1719750,21298,1036,0,1659.99
8000,32000,287,Inc,Large,2399325,21298,1008,0,2380.28
8000,32000,288,Inc,Large,2677492,21298,1165,0,2298.28
8000,32000,289,Del,Struct,3156681,21298,797,0,3960.70
8000,32000,290,Del,Struct,3259889,21298,6990,2,466.36
8000,32000,291,Inc,Large,2343625,21298,1207,0,1941.69
8000,32000,292,Dec,Large,1592122,21298,469,0,3394.72
8000,32000,293,Inc,Large,1743483,21296,3671,8,474.93
8000,32000,294,Add,Struct,1517968,21296,752,0,2018.57
8000,32000,295,Del,Struct,1544108,21296,586,0,2635.00
8000,32000,296,Dec,Large,1633837,21296,655,0,2494.41
8000,32000,297,Inc,Large,1734864,21296,563,0,3081.46
8000,32000,298,Add,Struct,1653339,21296,1007,0,1641.85
8000,32000,299,Del,Struct,1470078,21306,6019,20,244.24
8000,32000,300,Dec,Large,1612341,21306,472,0,3415.98
8000,32000,301,Dec,Large,1602344,21308,1075,2,1490.55
8000,32000,302,Add,Struct,1647490,21308,431,0,3822.48
8000,32000,303,Del,Struct,2040017,21308,508,0,4015.78
8000,32000,304,Dec,Large,1645063,21308,670,0,2455.32
8000,32000,305,Add,Struct,1533853,21308,558,0,2748.84
8000,32000,306,Inc,Large,1861053,21308,938,0,1984.07
8000,32000,307,Add,Struct,1646427,21308,750,0,2195.24
8000,32000,308,Del,Struct,1510381,21308,541,0,2791.83
8000,32000,309,Dec,Large,1531742,21308,526,0,2912.06
8000,32000,310,Add,Struct,1492889,21308,734,0,2033.91
8000,32000,311,Del,Struct,1595678,21308,420,0,3799.23
8000,32000,312,Dec,Large,1509841,21308,1142,4,1322.10
8000,32000,313,Inc,Large,1641447,21308,885,0,1854.74
8000,32000,314,Del,Struct,1675480,21312,5687,20,294.62
8000,32000,315,Del,Struct,1701450,21312,374,0,4549.33
8000,32000,316,Add,Struct,1816866,21312,1179,2,1541.02
8000,32000,317,Dec,Large,1655700,21312,640,0,2587.03
8000,32000,318,Add,Struct,1827487,21312,971,0,1882.07
8000,32000,319,Add,Struct,1576906,21312,728,0,2166.08
8000,32000,320,Add,Struct,1633657,21312,279,0,5855.40
8000,32000,321,Dec,Large,1732683,21314,3081,8,562.38
8000,32000,322,Inc,Large,2255488,21314,1295,0,1741.69
8000,32000,323,Add,Struct,2922817,21314,1200,0,2435.68
8000,32000,324,Add,Struct,2460863,21314,1088,0,2261.82
8000,32000,325,Inc,Large,1910530,21314,1337,0,1428.97
8000,32000,326,Inc,Large,2162706,21314,1268,0,1705.60
8000,32000,327,Inc,Large,1581765,21314,645,0,2452.35
8000,32000,328,Dec,Large,1609418,21314,1313,4,1225.76
8000,32000,329,Add,Struct,1496410,21314,1178,0,1270.30
8000,32000,330,Add,Struct,1610662,21314,486,0,3314.12
8000,32000,331,Add,Struct,1769258,21314,1353,0,1307.66
8000,32000,332,Inc,Large,1682264,21320,5311,18,316.75
8000,32000,333,Del,Struct,1656932,21320,434,0,3817.82
8000,32000,334,Dec,Large,1956072,21320,1006,0,1944.41
8000,32000,335,Dec,Large,1891231,21320,1286,2,1470.63
8000,32000,336,Add,Struct,1518628,21320,448,0,3389.79
8000,32000,337,Inc,Large,1538599,21320,688,0,2236.34
8000,32000,338,Dec,Large,1788249,21320,566,0,3159.45
8000,32000,339,Dec,Large,1617689,21318,1744,8,927.57
8000,32000,340,Add,Struct,1669403,21318,742,0,2249.87
8000,32000,341,Del,Struct,1763285,21318,571,0,3088.06
8000,32000,342,Add,Struct,1622171,21318,608,0,2668.04
8000,32000,343,Inc,Large,1583943,21318,835,0,1896.94
8000,32000,344,Dec,Large,1656184,21318,942,0,1758.16
8000,32000,345,Del,Struct,1650912,21318,375,0,4402.43
8000,32000,346,Inc,Large,1533459,21318,571,0,2685.57
8000,32000,347,Inc,Large,1544660,21318,649,0,2380.06
8000,32000,348,Inc,Large,1586501,21316,1175,2,1350.21
8000,32000,349,Add,Struct,1585511,21316,602,0,2633.74
8000,32000,350,Dec,Large,1465850,21320,6712,52,218.39
8000,32000,351,Add,Struct,1637592,21320,656,0,2496.33
8000,32000,352,Inc,Large,1932949,21320,1398,0,1382.65
8000,32000,353,Add,Struct,1577048,21320,380,0,4150.13
8000,32000,354,Del,Struct,1754593,21320,688,0,2550.28
8000,32000,355,Del,Struct,1730747,21334,36736,206,47.11
8000,32000,356,Add,Struct,1568768,21334,286,0,5485.20
8000,32000,357,Del,Struct,1511854,21336,804,2,1880.42
8000,32000,358,Dec,Large,1620802,21336,17793,0,91.09
8000,32000,359,Add,Struct,1504739,21336,455,0,3307.12
8000,32000,360,Del,Struct,1512783,21336,1026,2,1474.45
8000,32000,361,Dec,Large,1660791,21336,510,0,3256.45
8000,32000,362,Del,Struct,1869303,21336,13075,0,142.97
8000,32000,363,Inc,Large,1565474,21336,458,0,3418.07
8000,32000,364,Add,Struct,1678759,21336,550,0,3052.29
8000,32000,365,Add,Struct,1784522,21338,1510,2,1181.80
8000,32000,366,Dec,Large,1607916,21338,661,0,2432.55
8000,32000,367,Dec,Large,1471223,21336,2210,12,665.71
8000,32000,368,Add,Struct,1555274,21336,447,0,3479.36
8000,32000,369,Inc,Large,1946921,21336,1179,0,1651.33
8000,32000,370,Del,Struct,1990465,21334,568,0,3504.34
8000,32000,371,Add,Struct,1738327,21334,1096,0,1586.06
8000,32000,372,Add,Struct,1611281,21334,825,0,1953.07
8000,32000,373,Inc,Large,1531845,21334,759,0,2018.24
8000,32000,374,Del,Struct,2019620,21334,1407,0,1435.41
8000,32000,375,Dec,Large,1905833,21334,1648,2,1156.45
8000,32000,376,Inc,Large,2735110,21334,3604,0,758.91
8000,32000,377,Inc,Large,1858830,21334,673,0,2762.01
8000,32000,378,Del,Struct,1543735,21334,538,0,2869.40
8000,32000,379,Inc,Large,1497055,21334,601,0,2490.94
8000,32000,380,Inc,Large,1738501,21334,1446,0,1202.28
8000,32000,381,Add,Struct,1682653,21334,876,0,1920.84
8000,32000,382,Add,Struct,1542394,21336,487,0,3167.13
8000,32000,383,Inc,Large,1833049,21336,3740,6,490.12
8000,32000,384,Del,Struct,2005909,21336,663,0,3025.50
8000,32000,385,Inc,Large,1594322,21336,1046,0,1524.21
8000,32000,386,Dec,Large,1548202,21336,649,0,2385.52
8000,32000,387,Dec,Large,1772604,21336,973,2,1821.79
8000,32000,388,Dec,Large,1592008,21336,405,0,3930.88
8000,32000,389,Dec,Large,1908524,21336,1188,2,1606.50
8000,32000,390,Add,Struct,1961586,21336,1104,0,1776.80
8000,32000,391,Add,Struct,1683089,21336,537,0,3134.24
8000,32000,392,Del,Struct,1688066,21334,1943,4,868.79
8000,32000,393,Dec,Large,2050249,21334,1057,0,1939.69
8000,32000,394,Del,Struct,1651736,21334,488,0,3384.70
8000,32000,395,Inc,Large,1548297,21336,4421,14,350.21
8000,32000,396,Inc,Large,1819695,21338,1062,2,1713.46
8000,32000,397,Inc,Large,1615508,21340,5913,22,273.21
8000,32000,398,Del,Struct,1651873,21338,867,0,1905.27
8000,32000,399,Inc,Large,1693829,21338,1951,2,868.19
8000,32000,400,Add,Struct,2187719,21336,1444,2,1515.04
8000,32000,401,Dec,Large,2213003,21336,2045,0,1082.15
8000,32000,402,Add,Struct,2499782,21336,1559,0,1603.45
8000,32000,403,Inc,Large,1842797,21336,1017,0,1811.99
8000,32000,404,Dec,Large,1789148,21338,3303,8,541.67
8000,32000,405,Inc,Large,1705958,21338,785,0,2173.19
8000,32000,406,Dec,Large,1741157,21338,1337,2,1302.29
8000,32000,407,Del,Struct,1727331,21336,2174,4,794.54
8000,32000,408,Dec,Large,1833242,21336,1287,0,1424.43
8000,32000,409,Add,Struct,1775619,21336,1217,0,1459.01
8000,32000,410,Dec,Large,1587147,21336,933,0,1701.12
8000,32000,411,Dec,Large,2054865,21336,712,0,2886.05
8000,32000,412,Inc,Large,1898023,21336,944,0,2010.62
8000,32000,413,Dec,Large,1792898,21336,937,0,1913.45
8000,32000,414,Dec,Large,1527340,21336,887,2,1721.92
8000,32000,415,Dec,Large,1838000,21344,3246,20,566.24
8000,32000,416,Del,Struct,1788551,21344,635,0,2816.62
8000,32000,417,Inc,Large,2090874,21344,2167,0,964.87
8000,32000,418,Inc,Large,1898030,21346,1645,2,1153.82
8000,32000,419,Inc,Large,1559957,21346,490,0,3183.59
8000,32000,420,Del,Struct,1917059,21346,1449,0,1323.02
8000,32000,421,Inc,Large,2317296,21346,3112,0,744.63
8000,32000,422,Inc,Large,2325640,21346,3188,0,729.50
8000,32000,423,Dec,Large,2527107,21346,902,0,2801.67
8000,32000,424,Dec,Large,1546447,21342,2921,16,529.42
8000,32000,425,Dec,Large,1665561,21342,865,0,1925.50
8000,32000,426,Del,Struct,1972434,21340,983,0,2006.55
8000,32000,427,Add,Struct,1636586,21338,931,2,1757.88
8000,32000,428,Add,Struct,1756774,21334,6365,40,276.01
8000,32000,429,Add,Struct,2057892,21336,1671,0,1231.53
8000,32000,430,Add,Struct,2130553,21336,6117,4,348.30
8000,32000,431,Del,Struct,1796898,21336,591,0,3040.44
8000,32000,432,Add,Struct,1776104,21336,613,0,2897.40
8000,32000,433,Add,Struct,1598238,21336,583,0,2741.40
8000,32000,434,Add,Struct,1883796,21344,3652,10,515.83
8000,32000,435,Dec,Large,1989203,21344,827,0,2405.32
8000,32000,436,Dec,Large,1680963,21344,732,0,2296.40
8000,32000,437,Dec,Large,2405127,21344,1155,0,2082.36
8000,32000,438,Del,Struct,2308629,21344,808,0,2857.21
8000,32000,439,Dec,Large,1834302,21344,1113,0,1648.07
8000,32000,440,Add,Struct,2151878,21344,1555,2,1383.84
8000,32000,441,Inc,Large,1784618,21346,3444,6,518.18
8000,32000,442,Del,Struct,1721456,21346,2044,4,842.20
8000,32000,443,Del,Struct,1582768,21346,298,0,5311.30
8000,32000,444,Inc,Large,1553364,21346,861,0,1804.14
8000,32000,445,Inc,Large,1576298,21358,11001,52,143.29
8000,32000,446,Add,Struct,1606451,21358,1390,0,1155.72
8000,32000,447,Dec,Large,1660114,21358,786,0,2112.10
8000,32000,448,Del,Struct,1562285,21358,426,0,3667.34
8000,32000,449,Inc,Large,1587399,21216,1171923,7708,1.35
8000,32000,450,Add,Struct,1640506,21216,417,0,3934.07
8000,32000,451,Del,Struct,1706654,21216,261,0,6538.90
8000,32000,452,Dec,Large,1608389,21216,919,0,1750.15
8000,32000,453,Inc,Large,1635108,21216,249,0,6566.70
8000,32000,454,Inc,Large,1799590,21216,550,0,3271.98
8000,32000,455,Add,Struct,1654885,21216,534,0,3099.04
8000,32000,456,Inc,Large,1782853,21216,573,0,3111.44
8000,32000,457,Inc,Large,1520184,21216,309,0,4919.69
8000,32000,458,Dec,Large,1834521,21216,837,0,2191.78
8000,32000,459,Del,Struct,1637613,21216,309,0,5299.72
8000,32000,460,Inc,Large,1559504,21216,497,0,3137.84
8000,32000,461,Inc,Large,1706130,21216,539,0,3165.36
8000,32000,462,Inc,Large,1633861,21216,758,0,2155.49
8000,32000,463,Del,Struct,1714488,21214,2479,6,691.60
8000,32000,464,Add,Struct,1576046,21214,507,0,3108.57
8000,32000,465,Dec,Large,1540074,21214,434,0,3548.56
8000,32000,466,Inc,Large,1527453,21214,407,0,3752.96
8000,32000,467,Dec,Large,1558321,21214,768,2,2029.06
8000,32000,468,Inc,Large,1642198,21214,791,0,2076.10
8000,32000,469,Del,Struct,1582305,21214,380,0,4163.96
8000,32000,470,Dec,Large,1462455,21214,457,0,3200.12
8000,32000,471,Dec,Large,1605055,21214,416,0,3858.31
8000,32000,472,Del,Struct,1489666,21214,26376,0,56.48
8000,32000,473,Add,Struct,1798878,21214,471,0,3819.27
8000,32000,474,Inc,Large,1608812,21214,842,0,1910.70
8000,32000,475,Del,Struct,1469994,21214,344,0,4273.24
8000,32000,476,Del,Struct,1636236,21212,409,0,4000.58
8000,32000,477,Add,Struct,1520792,21214,503,0,3023.44
8000,32000,478,Del,Struct,1542841,21214,335,0,4605.50
8000,32000,479,Del,Struct,1515899,21214,1094,2,1385.65
8000,32000,480,Del,Struct,1463701,21212,252,0,5808.34
8000,32000,481,Inc,Large,1697399,21212,827,0,2052.48
8000,32000,482,Inc,Large,1456821,21212,431,0,3380.10
8000,32000,483,Inc,Large,1548566,21212,996,0,1554.79
8000,32000,484,Add,Struct,1478323,21212,412,0,3588.16
8000,32000,485,Add,Struct,1619300,21212,543,0,2982.14
8000,32000,486,Del,Struct,1483955,21212,355,0,4180.15
8000,32000,487,Del,Struct,1535551,21212,335,0,4583.73
8000,32000,488,Del,Struct,1476614,21212,303,0,4873.31
8000,32000,489,Inc,Large,1582000,21212,507,0,3120.32
8000,32000,490,Add,Struct,1502124,21212,622,0,2414.99
8000,32000,491,Dec,Large,1646181,21212,7053,14,233.40
8000,32000,492,Del,Struct,1524644,21212,289,0,5275.58
8000,32000,493,Del,Struct,1515079,21210,313,0,4840.51
8000,32000,494,Del,Struct,1548309,21210,2321,4,667.09
8000,32000,495,Del,Struct,1486323,21208,1702,4,873.28
8000,32000,496,Inc,Large,1558295,21210,775,0,2010.70
8000,32000,497,Inc,Large,2199138,21212,27393,2,80.28
8000,32000,498,Add,Struct,2131349,21212,1117,0,1908.10
8000,32000,499,Del,Struct,1686636,21210,528,0,3194.39
8000,32000,500,Del,Struct,1835881,21212,2948,4,622.75
8000,32000,501,Dec,Large,1833495,21212,1272,0,1441.43
8000,32000,502,Dec,Large,1554717,21210,893,2,1741.00
8000,32000,503,Dec,Large,1583384,21210,910,2,1739.98
8000,32000,504,Dec,Large,1571271,21210,1225,4,1282.67
8000,32000,505,Dec,Large,1543164,21212,676,2,2282.79
8000,32000,506,Add,Struct,1555147,21212,850,0,1829.58
8000,32000,507,Del,Struct,1780445,21212,627,0,2839.63
8000,32000,508,Dec,Large,1679040,21212,1056,0,1590.00
8000,32000,509,Dec,Large,1489697,21214,1774,4,839.74
8000,32000,510,Dec,Large,1623339,21214,824,0,1970.07
8000,32000,511,Add,Struct,1708432,21214,650,0,2628.36
8000,32000,512,Inc,Large,1498736,21214,19135,2,78.32
8000,32000,513,Del,Struct,1641977,21214,410,0,4004.82
8000,32000,514,Dec,Large,1631613,21214,583,0,2798.65
8000,32000,515,Add,Struct,1655618,21214,526,0,3147.56
8000,32000,516,Add,Struct,1568078,21214,381,0,4115.69
8000,32000,517,Dec,Large,1678658,21214,715,0,2347.77
8000,32000,518,Add,Struct,1946031,21214,1159,0,1679.06
8000,32000,519,Inc,Large,1679496,21212,3592,6,467.57
8000,32000,520,Dec,Large,1730276,21210,3985,26,434.20
8000,32000,521,Inc,Large,1486388,21210,438,0,3393.58
8000,32000,522,Add,Struct,2071659,21208,2737,8,756.91
8000,32000,523,Add,Struct,1702052,21208,1211,0,1405.49
8000,32000,524,Del,Struct,1653917,21208,753,0,2196.44
8000,32000,525,Dec,Large,1602688,21208,1057,0,1516.26
8000,32000,526,Add,Struct,1631828,21208,1126,0,1449.23
8000,32000,527,Del,Struct,1945357,21208,573,0,3395.04
8000,32000,528,Inc,Large,1799332,21208,899,0,2001.48
8000,32000,529,Del,Struct,1770057,21208,1492,2,1186.37
8000,32000,530,Add,Struct,1534560,21210,1168,2,1313.84
8000,32000,531,Del,Struct,1577946,21210,328,0,4810.81
8000,32000,532,Dec,Large,1630461,21210,715,0,2280.37
8000,32000,533,Inc,Large,1538544,21210,1024,0,1502.48
8000,32000,534,Dec,Large,1726179,21210,775,0,2227.33
8000,32000,535,Dec,Large,1555529,21210,466,0,3338.05
8000,32000,536,Inc,Large,1547855,21210,526,0,2942.69
8000,32000,537,Dec,Large,1842117,21210,952,0,1935.00
8000,32000,538,Add,Struct,1647138,21210,1029,0,1600.72
8000,32000,539,Add,Struct,1754456,21210,1041,0,1685.36
8000,32000,540,Inc,Large,1536969,21210,719,0,2137.65
8000,32000,541,Del,Struct,1694104,21210,438,0,3867.82
8000,32000,542,Dec,Large,1551925,21210,529,0,2933.70
8000,32000,543,Inc,Large,1524821,21210,426,0,3579.39
8000,32000,544,Dec,Large,1724317,21210,639,0,2698.46
8000,32000,545,Inc,Large,1546690,21210,458,0,3377.05
8000,32000,546,Dec,Large,1617410,21210,755,0,2142.26
8000,32000,547,Dec,Large,1738866,21210,983,0,1768.94
8000,32000,548,Add,Struct,1689128,21210,820,0,2059.91
8000,32000,549,Del,Struct,1808698,21210,15863,0,114.02
8000,32000,550,Dec,Large,1609520,21210,854,0,1884.68
8000,32000,551,Inc,Large,1840385,21210,1382,0,1331.68
8000,32000,552,Add,Struct,2192935,21212,1869,2,1173.32
8000,32000,553,Add,Struct,1959635,21212,1434,0,1366.55
8000,32000,554,Add,Struct,1674252,21212,956,0,1751.31
8000,32000,555,Dec,Large,1748529,21212,1817,2,962.32
8000,32000,556,Inc,Large,1664203,21212,901,0,1847.06
8000,32000,557,Del,Struct,1805024,21212,584,0,3090.79
8000,32000,558,Del,Struct,1668359,21212,368,0,4533.58
8000,32000,559,Dec,Large,1628810,21212,1523,4,1069.47
8000,32000,560,Inc,Large,1868469,21212,1285,0,1454.06
8000,32000,561,Add,Struct,1672714,21212,522,0,3204.43
8000,32000,562,Add,Struct,1876223,21214,837,0,2241.60
8000,32000,563,Del,Struct,1603183,21212,445,0,3602.66
8000,32000,564,Add,Struct,1797065,21212,528,0,3403.53
8000,32000,565,Inc,Large,1599798,21212,658,0,2431.30
8000,32000,566,Dec,Large,1542398,21212,500,0,3084.80
8000,32000,567,Dec,Large,1817014,21212,860,0,2112.81
8000,32000,568,Inc,Large,1538722,21212,568,0,2709.02
8000,32000,569,Dec,Large,1655709,21212,825,0,2006.92
8000,32000,570,Inc,Large,1981992,21212,1067,0,1857.54
8000,32000,571,Inc,Large,1726948,21212,713,0,2422.09
8000,32000,572,Del,Struct,1615149,21212,704,0,2294.25
8000,32000,573,Add,Struct,1617188,21212,2114,10,764.99
8000,32000,574,Dec,Large,1663488,21212,972,2,1711.41
8000,32000,575,Dec,Large,1616299,21212,1891,6,854.73
8000,32000,576,Del,Struct,1638664,21212,490,0,3344.21
8000,32000,577,Inc,Large,1553346,21212,1044,2,1487.88
8000,32000,578,Add,Struct,1505292,21212,783,0,1922.47
8000,32000,579,Add,Struct,1607799,21212,695,0,2313.38
8000,32000,580,Del,Struct,1529461,21210,751,0,2036.57
8000,32000,581,Add,Struct,1645799,21210,426,0,3863.38
8000,32000,582,Add,Struct,1663530,21210,673,0,2471.81
8000,32000,583,Add,Struct,1679680,21210,588,0,2856.60
8000,32000,584,Add,Struct,1669991,21210,648,0,2577.15
8000,32000,585,Inc,Large,1522932,21210,1100,0,1384.48
8000,32000,586,Del,Struct,2048939,21210,680,0,3013.15
8000,32000,587,Del,Struct,1684456,21206,19017,20,88.58
8000,32000,588,Dec,Large,1630636,21206,512,0,3184.84
8000,32000,589,Inc,Large,1551437,21206,717,0,2163.79
8000,32000,590,Dec,Large,1480419,21206,594,0,2492.29
8000,32000,591,Inc,Large,1732798,21206,603,0,2873.63
8000,32000,592,Inc,Large,1558623,21206,423,0,3684.69
8000,32000,593,Dec,Large,1822219,21206,1066,2,1709.40
8000,32000,594,Del,Struct,1616745,21208,2384,6,678.16
8000,32000,595,Del,Struct,1468165,21206,2340,6,627.42
8000,32000,596,Inc,Large,2022844,21206,1495,0,1353.07
8000,32000,597,Dec,Large,2390205,21206,963,0,2482.04
8000,32000,598,Inc,Large,2427967,21206,1224,0,1983.63
8000,32000,599,Add,Struct,2294213,21204,5512,24,416.22
8000,32000,600,Dec,Large,2476414,21206,3612,6,685.61
8000,32000,601,Dec,Large,1852728,21206,1003,0,1847.19
8000,32000,602,Del,Struct,1527233,21206,8247,0,185.19
8000,32000,603,Add,Struct,1555555,21206,1349,2,1153.12
8000,32000,604,Dec,Large,1603056,21206,634,0,2528.48
8000,32000,605,Del,Struct,1494614,21206,241,0,6201.72
8000,32000,606,Del,Struct,1577238,21206,452,0,3489.46
8000,32000,607,Inc,Large,1492920,21206,706,0,2114.62
8000,32000,608,Del,Struct,1522663,21206,270,0,5639.49
8000,32000,609,Add,Struct,1445962,21206,577,0,2506.00
8000,32000,610,Inc,Large,1437814,21206,411,0,3498.33
8000,32000,611,Del,Struct,1984189,21204,1063,0,1866.59
8000,32000,612,Add,Struct,1528191,21206,941,2,1624.01
8000,32000,613,Add,Struct,1573029,21206,592,0,2657.14
8000,32000,614,Add,Struct,1525009,21206,453,0,3366.47
8000,32000,615,Del,Struct,1552571,21206,473,0,3282.39
8000,32000,616,Dec,Large,1538555,21206,587,0,2621.05
8000,32000,617,Dec,Large,1580358,21206,409,0,3863.96
8000,32000,618,Del,Struct,1509287,21206,286,0,5277.23
8000,32000,619,Del,Struct,1439786,21206,307,0,4689.86
8000,32000,620,Del,Struct,1505061,21200,5613,4,268.14
8000,32000,621,Inc,Large,1571637,21200,498,0,3155.90
8000,32000,622,Inc,Large,1523724,21200,451,0,3378.55
8000,32000,623,Add,Struct,1498889,21200,704,2,2129.10
8000,32000,624,Dec,Large,1590261,21200,307,0,5180.00
8000,32000,625,Add,Struct,1581547,21200,537,0,2945.15
8000,32000,626,Del,Struct,1633579,21200,662,0,2467.64
8000,32000,627,Inc,Large,1568287,21200,802,0,1955.47
8000,32000,628,Inc,Large,1581094,21198,2446,2,646.40
8000,32000,629,Del,Struct,1730048,21198,495,0,3495.05
8000,32000,630,Inc,Large,1563201,21198,1123,0,1391.99
8000,32000,631,Dec,Large,1840786,21200,1582,2,1163.58
8000,32000,632,Del,Struct,1739926,21200,415,0,4192.59
8000,32000,633,Dec,Large,1522145,21198,20424,10,74.53
8000,32000,634,Dec,Large,1554680,21198,645,0,2410.36
8000,32000,635,Del,Struct,1621218,21198,346,0,4685.60
8000,32000,636,Dec,Large,1580054,21198,559,0,2826.57
8000,32000,637,Dec,Large,1656531,21198,443,0,3739.35
8000,32000,638,Del,Struct,1675304,21198,354,0,4732.50
8000,32000,639,Inc,Large,1447889,21198,390,0,3712.54
8000,32000,640,Dec,Large,1519609,21198,1139,2,1334.16
8000,32000,641,Dec,Large,1462890,21198,1021,4,1432.80
8000,32000,642,Dec,Large,1589466,21202,1015,2,1565.98
8000,32000,643,Add,Struct,1465101,21202,643,0,2278.54
8000,32000,644,Del,Struct,1678240,21200,420,0,3995.81
8000,32000,645,Inc,Large,1518910,21200,495,0,3068.51
8000,32000,646,Inc,Large,1612002,21200,2394,4,673.35
8000,32000,647,Del,Struct,1493575,21198,283,0,5277.65
8000,32000,648,Dec,Large,1559725,21198,307,0,5080.54
8000,32000,649,Dec,Large,1487753,21198,405,0,3673.46
8000,32000,650,Inc,Large,1611350,21198,393,0,4100.13
8000,32000,651,Add,Struct,1640415,21196,3060,20,536.08
8000,32000,652,Inc,Large,1539367,21196,708,0,2174.25
8000,32000,653,Del,Struct,1559278,21200,2700,6,577.51
8000,32000,654,Dec,Large,1468013,21200,454,0,3233.51
8000,32000,655,Del,Struct,1655307,21200,418,0,3960.06
8000,32000,656,Dec,Large,1452920,21200,435,0,3340.05
8000,32000,657,Dec,Large,1656303,21200,479,0,3457.84
8000,32000,658,Del,Struct,1522870,21208,3534,12,430.92
8000,32000,659,Add,Struct,1445385,21208,357,0,4048.70
8000,32000,660,Inc,Large,1535299,21208,967,2,1587.69
8000,32000,661,Add,Struct,1527157,21208,265,0,5762.86
8000,32000,662,Dec,Large,1553123,21208,499,0,3112.47
8000,32000,663,Del,Struct,1629448,21208,392,0,4156.76
8000,32000,664,Dec,Large,1594841,21208,423,0,3770.31
8000,32000,665,Del,Struct,1618768,21208,292,0,5543.73
8000,32000,666,Add,Struct,1525535,21208,379,0,4025.16
8000,32000,667,Inc,Large,1605060,21208,644,0,2492.33
8000,32000,668,Del,Struct,1549376,21208,842,2,1840.11
8000,32000,669,Dec,Large,1543701,21208,476,0,3243.07
8000,32000,670,Dec,Large,1562452,21208,391,0,3996.04
8000,32000,671,Inc,Large,1531231,21208,498,0,3074.76
8000,32000,672,Dec,Large,1493312,21206,1457,4,1024.92
8000,32000,673,Del,Struct,1520223,21206,520,0,2923.51
8000,32000,674,Inc,Large,1801518,21204,2305,2,781.57
8000,32000,675,Dec,Large,1719094,21204,1163,2,1478.15
8000,32000,676,Inc,Large,1633275,21204,9724,44,167.96
8000,32000,677,Inc,Large,1533207,21204,840,0,1825.25
8000,32000,678,Del,Struct,1589246,21204,607,0,2618.20
8000,32000,679,Del,Struct,1560994,21204,353,0,4422.08
8000,32000,680,Dec,Large,1468194,21204,480,0,3058.74
8000,32000,681,Dec,Large,1527296,21210,4271,34,357.60
8000,32000,682,Dec,Large,1518180,21210,328,0,4628.60
8000,32000,683,Del,Struct,1553184,21204,18980,16,81.83
8000,32000,684,Del,Struct,1476053,21202,321,0,4598.30
8000,32000,685,Dec,Large,1548751,21202,432,0,3585.07
8000,32000,686,Del,Struct,1520932,21200,292,0,5208.67
8000,32000,687,Del,Struct,1492838,21196,2187,6,682.60
8000,32000,688,Dec,Large,1451932,21196,219,0,6629.83
8000,32000,689,Add,Struct,1637757,21196,187,0,8758.06
8000,32000,690,Del,Struct,1524152,21196,309,0,4932.53
8000,32000,691,Inc,Large,1477204,21196,484,0,3052.07
8000,32000,692,Del,Struct,1624890,21196,308,0,5275.62
8000,32000,693,Del,Struct,1534154,21194,979,2,1567.06
8000,32000,694,Add,Struct,1524483,21194,289,0,5275.03
8000,32000,695,Add,Struct,1472376,21194,1207,6,1219.86
8000,32000,696,Dec,Large,1645492,21194,531,0,3098.85
8000,32000,697,Dec,Large,1585123,21198,3194,20,496.28
8000,32000,698,Del,Struct,1560762,21196,353,0,4421.42
8000,32000,699,Dec,Large,1512710,21196,373,0,4055.52
8000,32000,700,Dec,Large,1584140,21196,1846,6,858.15
8000,32000,701,Add,Struct,1553795,21196,767,0,2025.81
8000,32000,702,Del,Struct,1631678,21194,1344,2,1214.05
8000,32000,703,Dec,Large,1563964,21194,751,0,2082.51
8000,32000,704,Add,Struct,1781122,21194,1404,0,1268.61
8000,32000,705,Del,Struct,1949518,21194,695,0,2805.06
8000,32000,706,Dec,Large,1666755,21194,978,2,1704.25
8000,32000,707,Del,Struct,1599186,21194,3064,8,521.93
8000,32000,708,Inc,Large,1653474,21194,796,0,2077.23
8000,32000,709,Dec,Large,1675000,21194,1003,0,1669.99
8000,32000,710,Del,Struct,1853841,21194,698,0,2655.93
8000,32000,711,Del,Struct,1637988,21194,468,0,3499.97
8000,32000,712,Del,Struct,1522299,21194,718,0,2120.19
8000,32000,713,Inc,Large,1533138,21194,593,0,2585.39
8000,32000,714,Inc,Large,1792910,21192,3353,4,534.72
8000,32000,715,Add,Struct,2038091,21192,1096,0,1859.57
8000,32000,716,Inc,Large,2354501,21192,1535,0,1533.88
8000,32000,717,Dec,Large,1963052,21194,2233,6,879.11
8000,32000,718,Add,Struct,2309104,21194,2070,0,1115.51
8000,32000,719,Del,Struct,2419856,21194,1272,0,1902.40
8000,32000,720,Inc,Large,2405033,21194,1214,0,1981.08
8000,32000,721,Inc,Large,1984441,21196,4951,8,400.82
8000,32000,722,Dec,Large,1928350,21196,1231,0,1566.49
8000,32000,723,Inc,Large,1726135,21196,942,0,1832.42
8000,32000,724,Inc,Large,1572103,21196,774,0,2031.14
8000,32000,725,Inc,Large,1651854,21196,786,0,2101.60
8000,32000,726,Dec,Large,2036217,21196,1174,0,1734.43
8000,32000,727,Del,Struct,2335558,21196,708,0,3298.81
8000,32000,728,Inc,Large,1835752,21196,896,0,2048.83
8000,32000,729,Del,Struct,1769304,21196,519,0,3409.06
8000,32000,730,Del,Struct,1598930,21194,556,0,2875.77
8000,32000,731,Del,Struct,1903525,21194,786,0,2421.79
8000,32000,732,Add,Struct,1720590,21196,1363,0,1262.36
8000,32000,733,Add,Struct,1723908,21196,866,0,1990.66
8000,32000,734,Dec,Large,1596934,21202,3011,12,530.37
8000,32000,735,Add,Struct,1667140,21202,1250,2,1333.71
8000,32000,736,Dec,Large,1943278,21204,1711,2,1135.76
8000,32000,737,Del,Struct,2066103,21206,20768,4,99.48
8000,32000,738,Dec,Large,2364603,21206,1879,2,1258.44
8000,32000,739,Inc,Large,1923376,21206,1186,0,1621.73
8000,32000,740,Del,Struct,1832052,21204,3080,4,594.82
8000,32000,741,Inc,Large,2386363,21200,3160,2,755.18
8000,32000,742,Add,Struct,2125969,21200,1139,0,1866.52
8000,32000,743,Del,Struct,1610352,21198,562,0,2865.40
8000,32000,744,Inc,Large,1864828,21198,1173,0,1589.79
8000,32000,745,Dec,Large,2392025,21198,1547,0,1546.23
8000,32000,746,Inc,Large,2543243,21198,1373,0,1852.33
8000,32000,747,Dec,Large,2552536,21198,1170,0,2181.65
8000,32000,748,Dec,Large,2447085,21198,1228,0,1992.74
8000,32000,749,Add,Struct,2871172,21198,1059,0,2711.21
8000,32000,750,Add,Struct,2145161,21198,898,0,2388.82
8000,32000,751,Dec,Large,1760845,21198,961,0,1832.30
8000,32000,752,Add,Struct,1705875,21200,1131,2,1508.29
8000,32000,753,Add,Struct,1540847,21200,911,0,1691.38
8000,32000,754,Inc,Large,1591272,21200,865,0,1839.62
8000,32000,755,Inc,Large,1536384,21200,571,0,2690.69
8000,32000,756,Del,Struct,1464342,21200,457,0,3204.25
8000,32000,757,Inc,Large,1792398,21200,705,0,2542.41
8000,32000,758,Inc,Large,1702117,21200,657,0,2590.74
8000,32000,759,Inc,Large,1873893,21202,2653,4,706.33
8000,32000,760,Del,Struct,1525614,21202,1721,4,886.47
8000,32000,761,Inc,Large,2089153,21202,798,0,2617.99
8000,32000,762,Dec,Large,1671579,21202,531,0,3147.98
8000,32000,763,Dec,Large,1584255,21202,490,0,3233.17
8000,32000,764,Add,Struct,1774922,21202,1090,2,1628.37
8000,32000,765,Dec,Large,1534364,21202,559,0,2744.84
8000,32000,766,Del,Struct,1799457,21202,389,0,4625.85
8000,32000,767,Dec,Large,1547946,21202,566,0,2734.89
8000,32000,768,Inc,Large,2605392,21202,1345,0,1937.09
8000,32000,769,Dec,Large,1960403,21202,1184,0,1655.75
8000,32000,770,Inc,Large,2105023,21202,2757,0,763.52
8000,32000,771,Add,Struct,1840107,21202,1545,0,1191.01
8000,32000,772,Add,Struct,1884221,21202,1270,0,1483.64
8000,32000,773,Del,Struct,1643925,21202,551,0,2983.53
8000,32000,774,Add,Struct,1578148,21202,806,0,1958.00
8000,32000,775,Del,Struct,1546170,21202,382,0,4047.57
8000,32000,776,Del,Struct,1542908,21202,405,0,3809.65
8000,32000,777,Dec,Large,1902040,21202,937,0,2029.93
8000,32000,778,Del,Struct,1662785,21202,761,0,2185.00
8000,32000,779,Del,Struct,1702969,21202,286,0,5954.44
8000,32000,780,Inc,Large,1733306,21204,2715,4,638.42
8000,32000,781,Dec,Large,1609750,21204,6633,0,242.69
8000,32000,782,Dec,Large,2035700,21204,854,0,2383.72
8000,32000,783,Inc,Large,1578560,21204,1012,0,1559.84
8000,32000,784,Inc,Large,1734889,21204,768,0,2258.97
8000,32000,785,Add,Struct,1780858,21204,656,0,2714.72
8000,32000,786,Dec,Large,1530468,21204,1188,2,1288.27
8000,32000,787,Del,Struct,1646513,21204,403,0,4085.64
8000,32000,788,Add,Struct,1545886,21204,309,0,5002.87
8000,32000,789,Add,Struct,1654897,21206,1401,2,1181.23
8000,32000,790,Inc,Large,1766139,21206,889,0,1986.66
8000,32000,791,Del,Struct,1785137,21206,2899,6,615.78
8000,32000,792,Add,Struct,1602270,21206,565,0,2835.88
8000,32000,793,Add,Struct,1826700,21206,341,0,5356.89
8000,32000,794,Dec,Large,1632421,21206,734,0,2224.01
8000,32000,795,Add,Struct,1468636,21206,5906,0,248.67
8000,32000,796,Add,Struct,1616727,21206,939,0,1721.75
8000,32000,797,Add,Struct,1612964,21206,1249,0,1291.40
8000,32000,798,Del,Struct,1588417,21206,1075,2,1477.60
8000,32000,799,Del,Struct,1662692,21206,445,0,3736.39
8000,32000,800,Inc,Large,1849027,21206,921,0,2007.63
8000,32000,801,Inc,Large,1765200,21206,792,0,2228.79
8000,32000,802,Add,Struct,1488643,21206,510,0,2918.91
8000,32000,803,Dec,Large,1591119,21208,2021,10,787.29
8000,32000,804,Inc,Large,1491382,21208,687,0,2170.86
8000,32000,805,Del,Struct,1545975,21206,368,0,4201.02
8000,32000,806,Del,Struct,1538086,21212,8770,40,175.38
8000,32000,807,Del,Struct,1600553,21212,287,0,5576.84
8000,32000,808,Dec,Large,1478546,21214,3861,32,382.94
8000,32000,809,Add,Struct,1560146,21212,1180,2,1322.16
8000,32000,810,Del,Struct,1818114,21212,698,0,2604.75
8000,32000,811,Inc,Large,1810084,21212,660,0,2742.55
8000,32000,812,Del,Struct,2135681,21212,696,0,3068.51
8000,32000,813,Add,Struct,1885378,21212,1377,2,1369.19
8000,32000,814,Del,Struct,1529053,21212,1265,2,1208.74
8000,32000,815,Dec,Large,1550359,21212,1072,2,1446.23
8000,32000,816,Add,Struct,1574598,21212,1120,4,1405.89
8000,32000,817,Del,Struct,1538871,21212,343,0,4486.50
8000,32000,818,Del,Struct,1537288,21212,349,0,4404.84
8000,32000,819,Dec,Large,1594676,21214,1126,2,1416.23
8000,32000,820,Add,Struct,1940482,21214,758,0,2560.00
8000,32000,821,Dec,Large,1942984,21214,1145,0,1696.93
8000,32000,822,Del,Struct,2319933,21212,1716,2,1351.94
8000,32000,823,Dec,Large,1715651,21210,1578,6,1087.23
8000,32000,824,Dec,Large,1667482,21210,2812,4,592.99
8000,32000,825,Dec,Large,1664771,21210,608,0,2738.11
8000,32000,826,Add,Struct,1990929,21210,1024,0,1944.27
8000,32000,827,Dec,Large,1620698,21210,764,0,2121.33
8000,32000,828,Inc,Large,1593862,21210,2451,4,650.29
8000,32000,829,Dec,Large,1940099,21210,838,0,2315.15
8000,32000,830,Del,Struct,1580740,21208,1256,2,1258.55
8000,32000,831,Inc,Large,1538882,21208,394,0,3905.79
8000,32000,832,Inc,Large,1568925,21208,1279,2,1226.68
8000,32000,833,Dec,Large,1578442,21208,577,0,2735.60
8000,32000,834,Inc,Large,1575800,21210,1799,4,875.93
8000,32000,835,Del,Struct,1527992,21206,2167,6,705.12
8000,32000,836,Add,Struct,1514900,21206,472,0,3209.53
8000,32000,837,Inc,Large,1631085,21206,470,0,3470.39
8000,32000,838,Del,Struct,1634748,21206,407,0,4016.58
8000,32000,839,Inc,Large,1878530,21204,2460,4,763.63
8000,32000,840,Dec,Large,1661848,21204,1367,2,1215.69
8000,32000,841,Dec,Large,1661406,21204,816,0,2036.04
8000,32000,842,Del,Struct,1562634,21206,6737,14,231.95
8000,32000,843,Inc,Large,1577012,21206,4501,0,350.37
8000,32000,844,Del,Struct,1684252,21206,1663,2,1012.78
8000,32000,845,Del,Struct,1593371,21204,1260,2,1264.58
8000,32000,846,Del,Struct,1782733,21202,918,0,1941.97
8000,32000,847,Add,Struct,1801036,21204,2003,2,899.17
8000,32000,848,Dec,Large,1697735,21204,505,0,3361.85
8000,32000,849,Del,Struct,1786716,21204,695,0,2570.81
8000,32000,850,Dec,Large,1684684,21204,1202,2,1401.57
8000,32000,851,Del,Struct,1604030,21204,409,0,3921.83
8000,32000,852,Dec,Large,1671463,21204,383,0,4364.13
8000,32000,853,Dec,Large,1551152,21204,880,2,1762.67
8000,32000,854,Del,Struct,1487436,21204,392,0,3794.48
8000,32000,855,Add,Struct,1569398,21204,729,0,2152.81
8000,32000,856,Dec,Large,1625912,21204,789,2,2060.72
8000,32000,857,Del,Struct,1469895,21204,340,0,4323.22
8000,32000,858,Add,Struct,1528431,21204,807,0,1893.97
8000,32000,859,Inc,Large,1489003,21204,659,0,2259.49
8000,32000,860,Dec,Large,1561422,21204,1535,8,1017.21
8000,32000,861,Del,Struct,1473654,21204,376,0,3919.29
8000,32000,862,Dec,Large,1550861,21204,627,0,2473.46
8000,32000,863,Dec,Large,1495967,21204,450,0,3324.37
8000,32000,864,Dec,Large,1523551,21204,431,0,3534.92
8000,32000,865,Del,Struct,1447006,21202,463,0,3125.28
8000,32000,866,Del,Struct,1549539,21202,1575,4,983.83
8000,32000,867,Add,Struct,1462618,21202,834,0,1753.74
8000,32000,868,Inc,Large,1648221,21202,559,0,2948.52
8000,32000,869,Del,Struct,1466687,21202,266,0,5513.86
8000,32000,870,Add,Struct,1581689,21202,652,0,2425.90
8000,32000,871,Del,Struct,1509680,21200,1140,2,1324.28
8000,32000,872,Add,Struct,1548294,21200,357,0,4336.96
8000,32000,873,Dec,Large,1506839,21200,672,0,2242.32
8000,32000,874,Add,Struct,2003678,21200,1655,0,1210.68
8000,32000,875,Inc,Large,2162362,21200,2281,0,947.99
8000,32000,876,Add,Struct,2386983,21200,952,0,2507.34
8000,32000,877,Inc,Large,2152903,21200,1332,0,1616.29
8000,32000,878,Del,Struct,2577062,21200,2303,2,1119.00
8000,32000,879,Add,Struct,2842452,21196,2389,2,1189.81
8000,32000,880,Inc,Large,2889332,21196,1406,0,2055.00
8000,32000,881,Add,Struct,2881834,21196,1399,0,2059.92
8000,32000,882,Inc,Large,2430938,21196,1474,0,1649.21
8000,32000,883,Inc,Large,2254283,21180,38207,154,59.00
8000,32000,884,Inc,Large,2258836,21180,1183,0,1909.41
8000,32000,885,Del,Struct,2586555,21178,1235,0,2094.38
8000,32000,886,Inc,Large,1933167,21178,3887,2,497.34
8000,32000,887,Del,Struct,3279474,21178,1895,0,1730.59
8000,32000,888,Add,Struct,1906825,21178,972,0,1961.75
8000,32000,889,Add,Struct,1515210,21178,1015,0,1492.82
8000,32000,890,Del,Struct,1751858,21178,516,0,3395.07
8000,32000,891,Inc,Large,1681415,21178,878,0,1915.05
8000,32000,892,Inc,Large,1608439,21178,427,0,3766.84
8000,32000,893,Del,Struct,1705439,21178,1412,2,1207.82
8000,32000,894,Del,Struct,2179753,21178,640,0,3405.86
8000,32000,895,Del,Struct,1902946,21174,2489,4,764.54
8000,32000,896,Del,Struct,2203344,21174,728,0,3026.57
8000,32000,897,Inc,Large,1831507,21174,1042,0,1757.68
8000,32000,898,Add,Struct,1774966,21176,1564,4,1134.89
8000,32000,899,Add,Struct,2038450,21176,2268,0,898.79
8000,32000,900,Del,Struct,2297737,21176,479,0,4796.95
8000,32000,901,Dec,Large,1519264,21176,703,0,2161.12
8000,32000,902,Inc,Large,1947182,21176,1252,0,1555.26
8000,32000,903,Inc,Large,1671358,21176,2618,4,638.41
8000,32000,904,Inc,Large,1631375,21176,777,0,2099.58
8000,32000,905,Dec,Large,1620123,21176,553,0,2929.70
8000,32000,906,Del,Struct,1549761,21166,2609,6,594.01
8000,32000,907,Add,Struct,1472606,21166,481,0,3061.55
8000,32000,908,Dec,Large,1525363,21158,2541,18,600.30
8000,32000,909,Add,Struct,1845511,21158,1253,0,1472.87
8000,32000,910,Add,Struct,1630421,21154,2491,12,654.52
8000,32000,911,Inc,Large,1530960,21154,691,0,2215.57
8000,32000,912,Del,Struct,1854188,21152,775,0,2392.50
8000,32000,913,Inc,Large,1838408,21152,2441,4,753.14
8000,32000,914,Dec,Large,1530897,21152,1818,10,842.08
8000,32000,915,Del,Struct,1568877,21150,1618,4,969.64
8000,32000,916,Inc,Large,1459411,21152,367,0,3976.60
8000,32000,917,Add,Struct,1521283,21152,327,0,4652.24
8000,32000,918,Del,Struct,1540965,21150,2181,6,706.54
8000,32000,919,Dec,Large,2031834,21150,614,0,3309.18
8000,32000,920,Dec,Large,1602110,21150,2060,10,777.72
8000,32000,921,Inc,Large,1601644,21150,552,0,2901.53
8000,32000,922,Add,Struct,1748223,21150,937,0,1865.77
8000,32000,923,Del,Struct,1861303,21150,451,0,4127.06
8000,32000,924,Dec,Large,1552773,21150,1037,0,1497.37
8000,32000,925,Add,Struct,1469211,21150,613,0,2396.76
8000,32000,926,Inc,Large,1519690,21150,531,0,2861.94
8000,32000,927,Dec,Large,1495760,21150,430,0,3478.51
8000,32000,928,Add,Struct,1587284,21150,640,0,2480.13
8000,32000,929,Dec,Large,1774082,21152,2505,6,708.22
8000,32000,930,Inc,Large,1702033,21152,452,0,3765.56
8000,32000,931,Add,Struct,1640517,21152,805,0,2037.91
8000,32000,932,Dec,Large,1745184,21150,1905,8,916.11
8000,32000,933,Inc,Large,1878923,21152,1781,2,1054.98
8000,32000,934,Add,Struct,1706859,21152,4071,0,419.27
8000,32000,935,Dec,Large,1530334,21152,765,0,2000.44
8000,32000,936,Del,Struct,1480894,21150,529,0,2799.42
8000,32000,937,Inc,Large,1515045,21150,457,0,3315.20
8000,32000,938,Inc,Large,1456251,21150,501,0,2906.69
8000,32000,939,Add,Struct,1942763,21150,1151,0,1687.89
8000,32000,940,Inc,Large,1741391,21156,2426,4,717.80
8000,32000,941,Inc,Large,1580807,21156,692,0,2284.40
8000,32000,942,Inc,Large,1692253,21156,1093,0,1548.26
8000,32000,943,Add,Struct,1987257,21158,1397,2,1422.52
8000,32000,944,Inc,Large,1780397,21158,1136,0,1567.25
8000,32000,945,Del,Struct,1609192,21158,424,0,3795.26
8000,32000,946,Inc,Large,1485134,21156,4358,10,340.78
8000,32000,947,Dec,Large,1483666,21156,572,0,2593.82
8000,32000,948,Add,Struct,1437089,21156,2477,0,580.17
8000,32000,949,Dec,Large,1847791,21156,764,0,2418.57
8000,32000,950,Add,Struct,1762434,21156,670,0,2630.50
8000,32000,951,Inc,Large,1599738,21156,745,0,2147.30
8000,32000,952,Dec,Large,1682203,21150,2959,10,568.50
8000,32000,953,Inc,Large,1863020,21150,3412,4,546.02
8000,32000,954,Add,Struct,1534160,21150,683,0,2246.21
8000,32000,955,Del,Struct,1582924,21150,394,0,4017.57
8000,32000,956,Dec,Large,1516999,21150,622,0,2438.91
8000,32000,957,Del,Struct,1621063,21150,1190,2,1362.24
8000,32000,958,Inc,Large,1510740,21154,9233,44,163.62
8000,32000,959,Add,Struct,1903239,21154,1145,0,1662.22
8000,32000,960,Inc,Large,1815934,21154,1545,2,1175.36
8000,32000,961,Dec,Large,1725973,21156,2690,20,641.63
8000,32000,962,Del,Struct,1792603,21156,640,0,2800.94
8000,32000,963,Inc,Large,1966095,21156,863,0,2278.21
8000,32000,964,Inc,Large,1572583,21156,503,0,3126.41
8000,32000,965,Inc,Large,1497182,21156,535,0,2798.47
8000,32000,966,Inc,Large,1580027,21156,584,0,2705.53
8000,32000,967,Dec,Large,1564252,21154,1185,4,1320.04
8000,32000,968,Inc,Large,1649613,21156,1924,4,857.39
8000,32000,969,Del,Struct,1961430,21156,4623,6,424.28
8000,32000,970,Del,Struct,1728464,21154,3757,12,460.06
8000,32000,971,Add,Struct,1521737,21154,571,0,2665.04
8000,32000,972,Add,Struct,1812559,21154,559,0,3242.50
8000,32000,973,Del,Struct,1836333,21156,1213,2,1513.88
8000,32000,974,Dec,Large,1543230,21156,766,0,2014.66
8000,32000,975,Add,Struct,1531032,21156,1102,2,1389.32
8000,32000,976,Inc,Large,1526327,21156,646,0,2362.74
8000,32000,977,Dec,Large,1528142,21156,907,2,1684.83
8000,32000,978,Inc,Large,1499648,21162,9491,42,158.01
8000,32000,979,Del,Struct,2002252,21162,713,0,2808.21
8000,32000,980,Del,Struct,1841052,21162,494,0,3726.83
8000,32000,981,Del,Struct,1995678,21162,759,0,2629.35
8000,32000,982,Add,Struct,2632736,21162,938,0,2806.75
8000,32000,983,Del,Struct,1841463,21162,748,0,2461.85
8000,32000,984,Add,Struct,1641647,21164,1252,2,1311.22
8000,32000,985,Del,Struct,1573381,21164,534,0,2946.41
8000,32000,986,Dec,Large,1565977,21164,901,0,1738.04
8000,32000,987,Del,Struct,1534958,21162,4627,6,331.74
8000,32000,988,Add,Struct,1959355,21162,1777,0,1102.62
8000,32000,989,Inc,Large,1761447,21162,1173,0,1501.66
8000,32000,990,Del,Struct,1582406,21162,611,0,2589.86
8000,32000,991,Add,Struct,2117975,21156,2799,10,756.69
8000,32000,992,Inc,Large,1687471,21156,2950,4,572.02
8000,32000,993,Inc,Large,1558478,21156,1719,4,906.62
8000,32000,994,Inc,Large,1599676,21156,594,0,2693.06
8000,32000,995,Inc,Large,1545503,21156,403,0,3835.00
8000,32000,996,Inc,Large,1445270,21156,511,0,2828.32
8000,32000,997,Add,Struct,1497254,21156,333,0,4496.26
8000,32000,998,Inc,Large,1894488,21156,1117,0,1696.05
8000,32000,999,Add,Struct,1769807,21158,721,2,2454.66
16000,64000,0,Del,Struct,4634909,42522,6574,16,705.04
16000,64000,1,Inc,Large,4231417,42522,1307,0,3237.50
16000,64000,2,Inc,Large,3786079,42522,885,0,4278.06
16000,64000,3,Del,Struct,3495417,42522,489,0,7148.09
16000,64000,4,Add,Struct,4077631,42522,2175,0,1874.77
16000,64000,5,Inc,Large,3839970,42522,1271,0,3021.22
16000,64000,6,Add,Struct,4056578,42522,1572,0,2580.52
16000,64000,7,Add,Struct,3546979,42522,1139,0,3114.12
16000,64000,8,Inc,Large,3975492,42524,2312,2,1719.50
16000,64000,9,Add,Struct,3575853,42524,867,0,4124.40
16000,64000,10,Add,Struct,4339824,42524,1549,0,2801.69
16000,64000,11,Inc,Large,3761622,42524,1060,0,3548.70
16000,64000,12,Add,Struct,3805345,42526,4011,16,948.73
16000,64000,13,Del,Struct,3835389,42524,595,0,6446.03
16000,64000,14,Inc,Large,4170785,42528,3669,4,1136.76
16000,64000,15,Inc,Large,4998592,42528,1640,0,3047.92
16000,64000,16,Del,Struct,5144368,42528,725,0,7095.68
16000,64000,17,Add,Struct,3908896,42528,1913,2,2043.33
16000,64000,18,Add,Struct,4029264,42528,1769,0,2277.71
16000,64000,19,Inc,Large,3452622,42528,827,0,4174.88
16000,64000,20,Del,Struct,3897030,42528,2003,0,1945.60
16000,64000,21,Dec,Large,4060735,42528,1358,0,2990.23
16000,64000,22,Del,Struct,4515990,42526,2245,2,2011.58
16000,64000,23,Dec,Large,3434144,42526,833,0,4122.62
16000,64000,24,Add,Struct,3262279,42526,539,0,6052.47
16000,64000,25,Del,Struct,3827080,42526,500,0,7654.16
16000,64000,26,Del,Struct,3877516,42526,694,0,5587.20
16000,64000,27,Del,Struct,4300803,42526,798,0,5389.48
16000,64000,28,Del,Struct,6128097,42526,1803,0,3398.83
16000,64000,29,Dec,Large,8060327,42528,3924,2,2054.11
16000,64000,30,Inc,Large,5721751,42528,1539,0,3717.84
16000,64000,31,Add,Struct,5833208,42528,1272,0,4585.86
16000,64000,32,Inc,Large,5974456,42528,1435,0,4163.38
16000,64000,33,Add,Struct,6167044,42528,1082,0,5699.67
16000,64000,34,Inc,Large,7270150,42528,1743,0,4171.06
16000,64000,35,Del,Struct,6746928,42526,902,0,7479.96
16000,64000,36,Dec,Large,7065398,42526,2862,2,2468.69
16000,64000,37,Dec,Large,6778570,42526,1174,0,5773.91
16000,64000,38,Inc,Large,6576293,42526,2225,0,2955.64
16000,64000,39,Inc,Large,6943511,42526,9178,4,756.54
16000,64000,40,Inc,Large,6961005,42526,1631,0,4267.94
16000,64000,41,Add,Struct,6729267,42526,2599,0,2589.18
16000,64000,42,Inc,Large,6280306,42526,1940,0,3237.27
16000,64000,43,Add,Struct,6992080,42526,1854,0,3771.35
16000,64000,44,Add,Struct,7894445,42526,3085,0,2558.98
16000,64000,45,Inc,Large,7793896,42526,2192,0,3555.61
16000,64000,46,Del,Struct,5559391,42530,4916,6,1130.88
16000,64000,47,Inc,Large,4397225,42530,1315,0,3343.90
16000,64000,48,Del,Struct,4113586,42530,2550,2,1613.17
16000,64000,49,Del,Struct,3952320,42530,725,0,5451.48
16000,64000,50,Inc,Large,4335011,42530,1997,0,2170.76
16000,64000,51,Inc,Large,5019704,42530,1190,0,4218.24
16000,64000,52,Dec,Large,3940583,42530,1912,4,2060.97
16000,64000,53,Add,Struct,3896740,42530,1159,0,3362.16
16000,64000,54,Dec,Large,4538450,42530,2106,2,2155.01
16000,64000,55,Dec,Large,4279394,42530,1246,0,3434.51
16000,64000,56,Del,Struct,3770203,42530,2469,2,1527.02
16000,64000,57,Dec,Large,3733367,42528,1936,2,1928.39
16000,64000,58,Del,Struct,3877074,42528,694,0,5586.56
16000,64000,59,Add,Struct,3988016,42528,1275,0,3127.86
16000,64000,60,Del,Struct,4118844,42528,16037,0,256.83
16000,64000,61,Inc,Large,3907002,42528,1537,0,2541.97
16000,64000,62,Add,Struct,4480631,42528,3822,2,1172.33
16000,64000,63,Inc,Large,4820525,42528,1219,0,3954.49
16000,64000,64,Dec,Large,4093522,42528,1427,0,2868.62
16000,64000,65,Inc,Large,3759930,42528,926,0,4060.40
16000,64000,66,Del,Struct,4027822,42526,3256,4,1237.05
16000,64000,67,Add,Struct,4135153,42526,1947,4,2123.86
16000,64000,68,Del,Struct,3793631,42526,522,0,7267.49
16000,64000,69,Inc,Large,3521409,42526,1059,0,3325.22
16000,64000,70,Inc,Large,3442294,42526,1062,0,3241.33
16000,64000,71,Del,Struct,4463064,42526,3450,4,1293.64
16000,64000,72,Add,Struct,4017551,42528,1467,2,2738.62
16000,64000,73,Dec,Large,3541809,42528,979,0,3617.78
16000,64000,74,Add,Struct,3583770,42528,1117,0,3208.39
16000,64000,75,Inc,Large,3711978,42528,1395,0,2660.92
16000,64000,76,Del,Struct,3961837,42528,21580,0,183.59
16000,64000,77,Add,Struct,3693674,42530,1140,0,3240.06
16000,64000,78,Dec,Large,3882677,42530,1197,0,3243.67
16000,64000,79,Add,Struct,4816260,42530,2365,0,2036.47
16000,64000,80,Dec,Large,4192394,42528,4578,20,915.77
16000,64000,81,Dec,Large,3592662,42526,2145,4,1674.90
16000,64000,82,Inc,Large,3559440,42526,820,0,4340.78
16000,64000,83,Add,Struct,3628973,42526,1427,0,2543.08
16000,64000,84,Dec,Large,4645754,42522,2843,2,1634.10
16000,64000,85,Inc,Large,5483542,42522,2653,2,2066.92
16000,64000,86,Inc,Large,3950893,42522,693,0,5701.14
16000,64000,87,Dec,Large,3496072,42518,15659,96,223.26
16000,64000,88,Del,Struct,4155609,42518,808,0,5143.08
16000,64000,89,Inc,Large,3609199,42518,1337,0,2699.48
16000,64000,90,Add,Struct,3982149,42518,1127,0,3533.41
16000,64000,91,Del,Struct,3707909,42518,510,0,7270.41
16000,64000,92,Inc,Large,3637268,42518,1104,0,3294.63
16000,64000,93,Dec,Large,3552799,42518,1067,0,3329.71
16000,64000,94,Dec,Large,4090541,42518,983,0,4161.28
16000,64000,95,Add,Struct,3636346,42516,1528,2,2379.81
16000,64000,96,Dec,Large,3502366,42516,712,0,4919.05
16000,64000,97,Add,Struct,3616587,42516,730,0,4954.23
16000,64000,98,Inc,Large,3795105,42516,9658,28,392.95
16000,64000,99,Inc,Large,4317651,42516,1202,0,3592.06
16000,64000,100,Dec,Large,4617895,42516,5240,6,881.28
16000,64000,101,Add,Struct,4583859,42534,51796,326,88.50
16000,64000,102,Dec,Large,3385430,42534,964,0,3511.86
16000,64000,103,Del,Struct,3330961,42534,741,0,4495.22
16000,64000,104,Del,Struct,3767729,42534,2533,4,1487.46
16000,64000,105,Add,Struct,3726720,42534,1384,2,2692.72
16000,64000,106,Add,Struct,3493430,42534,1342,4,2603.15
16000,64000,107,Inc,Large,3475332,42534,2316,2,1500.58
16000,64000,108,Add,Struct,3509132,42534,712,0,4928.56
16000,64000,109,Dec,Large,3462904,42534,1135,0,3051.02
16000,64000,110,Dec,Large,4491559,42534,1335,0,3364.46
16000,64000,111,Inc,Large,4240668,42534,1507,0,2813.98
16000,64000,112,Del,Struct,4103774,42534,489,0,8392.18
16000,64000,113,Inc,Large,3702065,42536,2961,4,1250.28
16000,64000,114,Inc,Large,3632594,42536,818,0,4440.82
16000,64000,115,Add,Struct,3577091,42536,1526,0,2344.10
16000,64000,116,Inc,Large,3644907,42536,891,0,4090.80
16000,64000,117,Add,Struct,4143990,42538,1544,0,2683.93
16000,64000,118,Del,Struct,4818364,42538,1106,0,4356.57
16000,64000,119,Del,Struct,3563764,42538,508,0,7015.28
16000,64000,120,Add,Struct,3285630,42540,1569,2,2094.09
16000,64000,121,Dec,Large,3369934,42542,2742,12,1229.01
16000,64000,122,Inc,Large,3776030,42540,2529,2,1493.09
16000,64000,123,Add,Struct,3609564,42540,1374,2,2627.05
16000,64000,124,Add,Struct,3317029,42540,697,0,4759.01
16000,64000,125,Dec,Large,3352226,42540,804,0,4169.44
16000,64000,126,Dec,Large,3319539,42540,559,0,5938.35
16000,64000,127,Add,Struct,3926697,42546,27648,90,142.02
16000,64000,128,Inc,Large,4161508,42546,1066,0,3903.85
16000,64000,129,Del,Struct,3994202,42546,907,0,4403.75
16000,64000,130,Dec,Large,3653918,42548,2333,6,1566.19
16000,64000,131,Add,Struct,3542776,42550,1605,6,2207.34
16000,64000,132,Dec,Large,3402133,42550,685,0,4966.62
16000,64000,133,Add,Struct,3475380,42550,1001,0,3471.91
16000,64000,134,Inc,Large,3504654,42550,712,0,4922.27
16000,64000,135,Dec,Large,3363331,42550,730,0,4607.30
16000,64000,136,Inc,Large,4379053,42550,3574,2,1225.25
16000,64000,137,Inc,Large,3864692,42542,5819,16,664.15
16000,64000,138,Del,Struct,4220777,42542,760,0,5553.65
16000,64000,139,Add,Struct,3848611,42542,1496,0,2572.60
16000,64000,140,Add,Struct,3731684,42542,1697,0,2198.99
16000,64000,141,Del,Struct,4010881,42542,4276,10,938.00
16000,64000,142,Del,Struct,3578209,42546,5930,20,603.41
16000,64000,143,Inc,Large,3459581,42546,841,0,4113.65
16000,64000,144,Dec,Large,3440511,42542,1837,6,1872.90
16000,64000,145,Dec,Large,4731121,42542,1030,0,4593.32
16000,64000,146,Dec,Large,4060191,42542,765,0,5307.44
16000,64000,147,Del,Struct,3370774,42542,449,0,7507.29
16000,64000,148,Inc,Large,3371600,42542,837,0,4028.20
16000,64000,149,Inc,Large,4853241,42570,156489,986,31.01
16000,64000,150,Del,Struct,4553473,42568,760,0,5991.41
16000,64000,151,Del,Struct,4435914,42568,817,0,5429.52
16000,64000,152,Del,Struct,3725604,42566,10708,38,347.93
16000,64000,153,Inc,Large,4696994,42566,1239,0,3790.96
16000,64000,154,Del,Struct,3831452,42566,474,0,8083.23
16000,64000,155,Add,Struct,3482466,42566,848,0,4106.68
16000,64000,156,Del,Struct,3548844,42566,471,0,7534.70
16000,64000,157,Inc,Large,3662497,42566,1233,0,2970.39
16000,64000,158,Dec,Large,3482403,42566,773,0,4505.05
16000,64000,159,Del,Struct,3364467,42566,438,0,7681.43
16000,64000,160,Del,Struct,3594351,42566,556,0,6464.66
16000,64000,161,Add,Struct,3565812,42566,989,0,3605.47
16000,64000,162,Inc,Large,5347439,42564,7148,16,748.10
16000,64000,163,Dec,Large,4002970,42560,2298,4,1741.94
16000,64000,164,Del,Struct,3952099,42560,1365,0,2895.31
16000,64000,165,Dec,Large,3968901,42560,1176,0,3374.92
16000,64000,166,Add,Struct,4225958,42560,1722,0,2454.10
16000,64000,167,Dec,Large,3914806,42560,1095,0,3575.17
16000,64000,168,Add,Struct,3518143,42560,971,0,3623.22
16000,64000,169,Inc,Large,3408261,42560,14591,0,233.59
16000,64000,170,Add,Struct,4964976,42560,2216,2,2240.51
16000,64000,171,Add,Struct,3891403,42560,1530,2,2543.40
16000,64000,172,Dec,Large,3697737,42558,4516,24,818.81
16000,64000,173,Inc,Large,3590468,42556,1722,2,2085.06
16000,64000,174,Del,Struct,3703706,42556,608,0,6091.62
16000,64000,175,Del,Struct,3444355,42556,269,0,12804.29
16000,64000,176,Add,Struct,3611192,42556,1324,0,2727.49
16000,64000,177,Del,Struct,3816712,42558,2621,4,1456.20
16000,64000,178,Add,Struct,3457875,42558,2083,6,1660.05
16000,64000,179,Inc,Large,4450213,42558,1695,0,2625.49
16000,64000,180,Del,Struct,3766562,42558,383,0,9834.37
16000,64000,181,Inc,Large,3360092,42558,1147,0,2929.46
16000,64000,182,Inc,Large,3567506,42558,954,0,3739.52
16000,64000,183,Dec,Large,3735745,42558,1013,0,3687.80
16000,64000,184,Del,Struct,3694718,42558,542,0,6816.82
16000,64000,185,Del,Struct,3523204,42558,555,0,6348.12
16000,64000,186,Dec,Large,3484300,42558,740,0,4708.51
16000,64000,187,Inc,Large,3394600,42558,571,0,5945.01
16000,64000,188,Del,Struct,3800470,42558,494,0,7693.26
16000,64000,189,Inc,Large,3742298,42558,1221,0,3064.95
16000,64000,190,Del,Struct,3541696,42558,407,0,8701.96
16000,64000,191,Del,Struct,3496555,42556,429,0,8150.48
16000,64000,192,Del,Struct,3333834,42556,309,0,10789.11
16000,64000,193,Add,Struct,4566284,42556,933,0,4894.20
16000,64000,194,Dec,Large,3598405,42558,720,0,4997.78
16000,64000,195,Dec,Large,3593138,42558,968,0,3711.92
16000,64000,196,Add,Struct,3681668,42558,986,0,3733.94
16000,64000,197,Del,Struct,4189883,42558,711,0,5892.94
16000,64000,198,Dec,Large,3682611,42558,864,0,4262.28
16000,64000,199,Del,Struct,3396501,42558,352,0,9649.15
16000,64000,200,Dec,Large,3570923,42558,1105,0,3231.60
16000,64000,201,Inc,Large,3946356,42556,5186,10,760.96
16000,64000,202,Inc,Large,3610124,42556,788,0,4581.38
16000,64000,203,Dec,Large,3405910,42556,591,0,5762.96
16000,64000,204,Del,Struct,3582238,42556,759,0,4719.68
16000,64000,205,Dec,Large,3475452,42556,644,0,5396.66
16000,64000,206,Add,Struct,3767566,42558,2604,6,1446.84
16000,64000,207,Inc,Large,3542622,42558,652,0,5433.47
16000,64000,208,Inc,Large,3589264,42558,814,0,4409.42
16000,64000,209,Add,Struct,3583092,42558,573,0,6253.21
16000,64000,210,Inc,Large,3400507,42558,767,0,4433.52
16000,64000,211,Dec,Large,4555584,42560,3143,8,1449.44
16000,64000,212,Dec,Large,3752572,42560,1256,2,2987.72
16000,64000,213,Dec,Large,3427469,42562,1151,4,2977.82
16000,64000,214,Del,Struct,3464739,42562,451,0,7682.35
16000,64000,215,Dec,Large,4361193,42562,1756,2,2483.60
16000,64000,216,Del,Struct,3847151,42562,428,0,8988.67
16000,64000,217,Inc,Large,3305799,42564,2642,4,1251.25
16000,64000,218,Inc,Large,3758653,42564,768,0,4894.08
16000,64000,219,Dec,Large,3661662,42564,711,0,5150.02
16000,64000,220,Inc,Large,3465567,42564,585,0,5924.05
16000,64000,221,Del,Struct,3315631,42564,472,0,7024.64
16000,64000,222,Del,Struct,3442655,42564,422,0,8157.95
16000,64000,223,Inc,Large,3423054,42564,595,0,5753.03
16000,64000,224,Inc,Large,3902934,42564,710,0,5497.09
16000,64000,225,Add,Struct,3775501,42564,1175,0,3213.19
16000,64000,226,Inc,Large,3672692,42564,877,0,4187.79
16000,64000,227,Add,Struct,3394255,42564,1260,2,2693.85
16000,64000,228,Del,Struct,3811525,42564,691,0,5515.96
16000,64000,229,Add,Struct,5428358,42564,2169,0,2502.70
16000,64000,230,Dec,Large,3912400,42564,1342,0,2915.35
16000,64000,231,Del,Struct,4118159,42564,996,0,4134.70
16000,64000,232,Del,Struct,4641003,42564,772,0,6011.66
16000,64000,233,Add,Struct,4418582,42564,1140,0,3875.95
16000,64000,234,Add,Struct,4155748,42564,1995,2,2083.08
16000,64000,235,Del,Struct,3486534,42564,578,0,6032.07
16000,64000,236,Add,Struct,3748279,42564,1065,0,3519.51
16000,64000,237,Add,Struct,4044978,42564,743,0,5444.12
16000,64000,238,Add,Struct,3391500,42564,586,0,5787.54
16000,64000,239,Add,Struct,3781035,42566,1721,0,2197.00
16000,64000,240,Dec,Large,4039679,42562,2797,12,1444.29
16000,64000,241,Dec,Large,3651968,42564,1414,2,2582.72
16000,64000,242,Dec,Large,3450582,42564,1110,2,3108.63
16000,64000,243,Dec,Large,3402956,42562,1017,2,3346.07
16000,64000,244,Inc,Large,3354754,42562,750,0,4473.01
16000,64000,245,Del,Struct,3287027,42562,405,0,8116.12
16000,64000,246,Inc,Large,4501252,42560,2985,2,1507.96
16000,64000,247,Dec,Large,3617670,42560,681,0,5312.29
16000,64000,248,Del,Struct,3432087,42560,703,0,4882.06
16000,64000,249,Del,Struct,3522989,42560,888,0,3967.33
16000,64000,250,Del,Struct,3536648,42558,739,0,4785.72
16000,64000,251,Inc,Large,4296558,42558,1060,0,4053.36
16000,64000,252,Inc,Large,3519056,42558,921,0,3820.91
16000,64000,253,Del,Struct,3263965,42558,462,0,7064.86
16000,64000,254,Del,Struct,3450086,42556,415,0,8313.46
16000,64000,255,Inc,Large,3538785,42554,10381,38,340.89
16000,64000,256,Add,Struct,3337250,42554,451,0,7399.67
16000,64000,257,Inc,Large,3542260,42554,870,0,4071.56
16000,64000,258,Del,Struct,3686210,42554,555,0,6641.82
16000,64000,259,Inc,Large,3465517,42554,1118,0,3099.75
16000,64000,260,Dec,Large,4896258,42552,2655,2,1844.16
16000,64000,261,Inc,Large,4345164,42552,12241,44,354.97
16000,64000,262,Del,Struct,3498970,42550,1387,2,2522.69
16000,64000,263,Add,Struct,3450187,42550,1066,0,3236.57
16000,64000,264,Del,Struct,4342586,42550,1185,0,3664.63
16000,64000,265,Add,Struct,3433573,42550,656,0,5234.11
16000,64000,266,Dec,Large,3451161,42548,3269,16,1055.72
16000,64000,267,Del,Struct,3357650,42548,426,0,7881.81
16000,64000,268,Dec,Large,3673483,42548,1315,0,2793.52
16000,64000,269,Del,Struct,4208963,42548,727,0,5789.50
16000,64000,270,Dec,Large,3392294,42548,815,0,4162.32
16000,64000,271,Del,Struct,3450120,42548,504,0,6845.48
16000,64000,272,Inc,Large,3586188,42548,932,0,3847.84
16000,64000,273,Del,Struct,3833128,42548,581,0,6597.47
16000,64000,274,Add,Struct,4280074,42548,1474,0,2903.71
16000,64000,275,Add,Struct,3939646,42550,1216,4,3239.84
16000,64000,276,Del,Struct,3506491,42546,3696,10,948.73
16000,64000,277,Add,Struct,4163471,42548,2546,2,1635.30
16000,64000,278,Dec,Large,4522213,42548,1102,0,4103.64
16000,64000,279,Add,Struct,3562231,42548,791,0,4503.45
16000,64000,280,Inc,Large,3606816,42546,2330,2,1547.99
16000,64000,281,Add,Struct,3821504,42546,1466,0,2606.76
16000,64000,282,Add,Struct,3897528,42546,1125,0,3464.47
16000,64000,283,Inc,Large,3448391,42548,2189,2,1575.33
16000,64000,284,Del,Struct,3476362,42546,2413,6,1440.68
16000,64000,285,Del,Struct,3305552,42546,2955,6,1118.63
16000,64000,286,Del,Struct,4048270,42546,747,0,5419.37
16000,64000,287,Inc,Large,3752337,42546,849,0,4419.71
16000,64000,288,Inc,Large,4039868,42544,3589,2,1125.62
16000,64000,289,Del,Struct,3902900,42544,492,0,7932.72
16000,64000,290,Del,Struct,4159459,42542,901,0,4616.49
16000,64000,291,Inc,Large,4207365,42542,990,0,4249.86
16000,64000,292,Dec,Large,3544152,42542,750,0,4725.54
16000,64000,293,Inc,Large,3458382,42542,1079,0,3205.17
16000,64000,294,Add,Struct,3774526,42542,1578,0,2391.97
16000,64000,295,Del,Struct,4415213,42542,1232,0,3583.78
16000,64000,296,Dec,Large,3994385,42542,1453,0,2749.06
16000,64000,297,Inc,Large,6205817,42544,4254,2,1458.82
16000,64000,298,Add,Struct,5201977,42544,2513,0,2070.03
16000,64000,299,Del,Struct,4435084,42544,688,0,6446.34
16000,64000,300,Dec,Large,3709405,42544,1161,0,3195.01
16000,64000,301,Dec,Large,3509866,42544,1294,2,2712.42
16000,64000,302,Add,Struct,4589456,42548,2774,6,1654.45
16000,64000,303,Del,Struct,3642873,42548,447,0,8149.60
16000,64000,304,Dec,Large,3442518,42548,917,0,3754.11
16000,64000,305,Add,Struct,3654839,42550,1038,0,3521.04
16000,64000,306,Inc,Large,3620250,42550,812,0,4458.44
16000,64000,307,Add,Struct,3678591,42550,761,0,4833.89
16000,64000,308,Del,Struct,3393955,42550,430,0,7892.92
16000,64000,309,Dec,Large,3315487,42550,728,0,4554.24
16000,64000,310,Add,Struct,3454622,42552,1151,4,3001.41
16000,64000,311,Del,Struct,4352873,42550,852,0,5109.01
16000,64000,312,Dec,Large,3947634,42550,1203,0,3281.49
16000,64000,313,Inc,Large,3469834,42550,879,0,3947.48
16000,64000,314,Del,Struct,3427483,42550,824,0,4159.57
16000,64000,315,Del,Struct,3642384,42550,3627,6,1004.24
16000,64000,316,Add,Struct,3530711,42550,1122,0,3146.80
16000,64000,317,Dec,Large,3475945,42548,1702,6,2042.27
16000,64000,318,Add,Struct,3617032,42550,1181,0,3062.69
16000,64000,319,Add,Struct,3572700,42550,409,0,8735.21
16000,64000,320,Add,Struct,3752936,42550,679,0,5527.15
16000,64000,321,Dec,Large,3584507,42550,825,0,4344.86
16000,64000,322,Inc,Large,3310378,42556,12701,52,260.64
16000,64000,323,Add,Struct,3252549,42558,657,0,4950.61
16000,64000,324,Add,Struct,3381783,42558,258,0,13107.69
16000,64000,325,Inc,Large,4360363,42558,1271,0,3430.66
16000,64000,326,Inc,Large,3679021,42556,1823,2,2018.11
16000,64000,327,Inc,Large,3436046,42556,792,0,4338.44
16000,64000,328,Dec,Large,3663391,42558,1720,2,2129.88
16000,64000,329,Add,Struct,3904288,42558,748,0,5219.64
16000,64000,330,Add,Struct,4177383,42558,1651,0,2530.21
16000,64000,331,Add,Struct,3408429,42558,509,0,6696.32
16000,64000,332,Inc,Large,3509290,42554,4381,4,801.02
16000,64000,333,Del,Struct,3444816,42554,440,0,7829.13
16000,64000,334,Dec,Large,3558274,42548,2661,12,1337.19
16000,64000,335,Dec,Large,3399405,42548,11693,0,290.72
16000,64000,336,Add,Struct,3572446,42548,730,0,4893.76
16000,64000,337,Inc,Large,3409118,42548,1269,0,2686.46
16000,64000,338,Dec,Large,3719419,42548,964,0,3858.32
16000,64000,339,Dec,Large,3787095,42548,1485,2,2550.23
16000,64000,340,Add,Struct,3692748,42548,930,0,3970.70
16000,64000,341,Del,Struct,3473111,42548,504,0,6891.09
16000,64000,342,Add,Struct,3603314,42548,809,0,4454.03
16000,64000,343,Inc,Large,4353703,42548,1339,0,3251.46
16000,64000,344,Dec,Large,3789725,42546,3943,18,961.13
16000,64000,345,Del,Struct,3579036,42546,535,0,6689.79
16000,64000,346,Inc,Large,3514188,42546,849,0,4139.21
16000,64000,347,Inc,Large,3455591,42546,712,0,4853.36
16000,64000,348,Inc,Large,4494215,42546,1132,0,3970.15
16000,64000,349,Add,Struct,3457767,42546,653,0,5295.20
16000,64000,350,Dec,Large,3555698,42546,2910,10,1221.89
16000,64000,351,Add,Struct,3490100,42546,1261,0,2767.72
16000,64000,352,Inc,Large,3522357,42544,1415,0,2489.30
16000,64000,353,Add,Struct,3495244,42544,740,0,4723.30
16000,64000,354,Del,Struct,3850271,42546,626,0,6150.59
16000,64000,355,Del,Struct,3513446,42572,31707,158,110.81
16000,64000,356,Add,Struct,3420262,42572,1178,0,2903.45
16000,64000,357,Del,Struct,4512946,42572,690,0,6540.50
16000,64000,358,Dec,Large,3710672,42572,1991,0,1863.72
16000,64000,359,Add,Struct,4513422,42572,1970,0,2291.08
16000,64000,360,Del,Struct,3902938,42572,899,0,4341.42
16000,64000,361,Dec,Large,3671194,42572,1238,0,2965.42
16000,64000,362,Del,Struct,3907290,42572,568,0,6879.03
16000,64000,363,Inc,Large,4383664,42572,1111,0,3945.69
16000,64000,364,Add,Struct,5083579,42574,3025,0,1680.52
16000,64000,365,Add,Struct,4838016,42574,1307,0,3701.62
16000,64000,366,Dec,Large,3810394,42574,897,0,4247.93
16000,64000,367,Dec,Large,3654196,42580,11136,50,328.14
16000,64000,368,Add,Struct,3870543,42580,891,0,4344.04
16000,64000,369,Inc,Large,3968483,42580,1154,0,3438.89
16000,64000,370,Del,Struct,3765323,42580,3238,4,1162.85
16000,64000,371,Add,Struct,3817452,42580,1862,0,2050.19
16000,64000,372,Add,Struct,3867787,42580,1112,0,3478.23
16000,64000,373,Inc,Large,3578911,42580,1075,0,3329.22
16000,64000,374,Del,Struct,3771430,42580,636,0,5929.92
16000,64000,375,Dec,Large,3851942,42578,5555,28,693.42
16000,64000,376,Inc,Large,3791102,42578,937,0,4046.00
16000,64000,377,Inc,Large,4239337,42578,1655,0,2561.53
16000,64000,378,Del,Struct,4313145,42578,692,0,6232.87
16000,64000,379,Inc,Large,3807079,42578,950,0,4007.45
16000,64000,380,Inc,Large,4006305,42578,2474,2,1619.36
16000,64000,381,Add,Struct,4041231,42578,1928,2,2096.07
16000,64000,382,Add,Struct,4602650,42580,1384,0,3325.61
16000,64000,383,Inc,Large,3549717,42580,963,0,3686.10
16000,64000,384,Del,Struct,3666058,42580,996,0,3680.78
16000,64000,385,Inc,Large,3741362,42580,890,0,4203.78
16000,64000,386,Dec,Large,4045512,42582,3639,12,1111.71
16000,64000,387,Dec,Large,3840626,42582,857,0,4481.48
16000,64000,388,Dec,Large,3600800,42582,835,0,4312.34
16000,64000,389,Dec,Large,3929692,42582,943,0,4167.22
16000,64000,390,Add,Struct,4164467,42584,1717,0,2425.43
16000,64000,391,Add,Struct,3865411,42586,998,0,3873.16
16000,64000,392,Del,Struct,3845566,42586,3419,8,1124.76
16000,64000,393,Dec,Large,3713130,42586,639,0,5810.85
16000,64000,394,Del,Struct,3948637,42586,790,0,4998.27
16000,64000,395,Inc,Large,4450301,42586,1166,0,3816.72
16000,64000,396,Inc,Large,3644412,42586,845,0,4312.91
16000,64000,397,Inc,Large,3746726,42586,1091,0,3434.21
16000,64000,398,Del,Struct,3618839,42586,2257,2,1603.38
16000,64000,399,Inc,Large,5095768,42586,2522,2,2020.53
16000,64000,400,Add,Struct,4350149,42586,1255,0,3466.25
16000,64000,401,Dec,Large,3671155,42586,989,0,3711.99
16000,64000,402,Add,Struct,4200108,42586,2291,0,1833.31
16000,64000,403,Inc,Large,4297624,42586,1123,0,3826.91
16000,64000,404,Dec,Large,3628460,42586,603,0,6017.35
16000,64000,405,Inc,Large,3815942,42586,2370,2,1610.10
16000,64000,406,Dec,Large,3877949,42586,1323,0,2931.18
16000,64000,407,Del,Struct,5067041,42586,1003,0,5051.89
16000,64000,408,Dec,Large,3815953,42586,816,0,4676.41
16000,64000,409,Add,Struct,3886723,42586,1722,0,2257.10
16000,64000,410,Dec,Large,4104008,42586,1114,0,3684.03
16000,64000,411,Dec,Large,4404189,42586,1238,0,3557.50
16000,64000,412,Inc,Large,4053223,42584,3971,6,1020.71
16000,64000,413,Dec,Large,3708177,42584,690,0,5374.17
16000,64000,414,Dec,Large,3454486,42584,676,0,5110.19
16000,64000,415,Dec,Large,4993628,42584,1395,0,3579.66
16000,64000,416,Del,Struct,5916008,42584,1103,0,5363.56
16000,64000,417,Inc,Large,7449553,42584,1565,0,4760.10
16000,64000,418,Inc,Large,7253155,42584,1360,0,5333.20
16000,64000,419,Inc,Large,7464607,42584,3898,0,1914.98
16000,64000,420,Del,Struct,6957899,42584,853,0,8156.97
16000,64000,421,Inc,Large,7612980,42584,4624,0,1646.41
16000,64000,422,Inc,Large,10017095,42580,14904,10,672.11
16000,64000,423,Dec,Large,5747908,42580,2499,0,2300.08
16000,64000,424,Dec,Large,4763577,42580,1421,0,3352.27
16000,64000,425,Dec,Large,5148006,42580,1755,0,2933.34
16000,64000,426,Del,Struct,8528288,42580,973,0,8764.94
16000,64000,427,Add,Struct,5048588,42580,1213,0,4162.07
16000,64000,428,Add,Struct,4361456,42580,1107,0,3939.89
16000,64000,429,Add,Struct,4511044,42580,1376,0,3278.38
16000,64000,430,Add,Struct,5126026,42582,2540,2,2018.12
16000,64000,431,Del,Struct,5545956,42582,22948,6,241.67
16000,64000,432,Add,Struct,6411207,42582,2487,0,2577.89
16000,64000,433,Add,Struct,5116660,42584,7226,18,708.09
16000,64000,434,Add,Struct,4993163,42584,2382,4,2096.21
16000,64000,435,Dec,Large,4176186,42582,5231,20,798.35
16000,64000,436,Dec,Large,4115702,42580,2552,2,1612.74
16000,64000,437,Dec,Large,4529541,42580,1309,0,3460.31
16000,64000,438,Del,Struct,5130706,42578,2817,0,1821.34
16000,64000,439,Dec,Large,4814294,42578,1154,0,4171.83
16000,64000,440,Add,Struct,4027813,42578,1866,0,2158.53
16000,64000,441,Inc,Large,6381996,42578,1403,0,4548.82
16000,64000,442,Del,Struct,6834936,42576,28146,2,242.84
16000,64000,443,Del,Struct,7086495,42576,6939,2,1021.26
16000,64000,444,Inc,Large,8216735,42576,1593,0,5158.03
16000,64000,445,Inc,Large,6799911,42576,1577,0,4311.93
16000,64000,446,Add,Struct,6387265,42578,1453,0,4395.92
16000,64000,447,Dec,Large,4665368,42578,1577,0,2958.38
16000,64000,448,Del,Struct,3830502,42576,2110,2,1815.40
16000,64000,449,Inc,Large,6613785,42498,2820765,14730,2.34
16000,64000,450,Add,Struct,5037544,42498,1900,0,2651.34
16000,64000,451,Del,Struct,4522217,42496,3105,2,1456.43
16000,64000,452,Dec,Large,7195351,42496,2114,0,3403.67
16000,64000,453,Inc,Large,5139998,42492,5207,6,987.13
16000,64000,454,Inc,Large,6124732,42490,9448,2,648.26
16000,64000,455,Add,Struct,5505407,42490,2324,0,2368.94
16000,64000,456,Inc,Large,4950874,42490,1545,0,3204.45
16000,64000,457,Inc,Large,4169921,42490,1255,0,3322.65
16000,64000,458,Dec,Large,4386154,42490,3920,6,1118.92
16000,64000,459,Del,Struct,4524433,42490,673,0,6722.78
16000,64000,460,Inc,Large,3613308,42490,874,0,4134.22
16000,64000,461,Inc,Large,4288647,42490,1153,0,3719.56
16000,64000,462,Inc,Large,4024654,42490,993,0,4053.03
16000,64000,463,Del,Struct,3811187,42490,776,0,4911.32
16000,64000,464,Add,Struct,4625909,42490,2124,2,2177.92
16000,64000,465,Dec,Large,8260795,42490,1996,0,4138.67
16000,64000,466,Inc,Large,5514579,42494,5775,2,954.91
16000,64000,467,Dec,Large,5036315,42498,3181,4,1583.25
16000,64000,468,Inc,Large,7129489,42498,1611,0,4425.51
16000,64000,469,Del,Struct,4606049,42498,2347,2,1962.53
16000,64000,470,Dec,Large,4691798,42502,5535,14,847.66
16000,64000,471,Dec,Large,4438219,42502,1358,0,3268.20
16000,64000,472,Del,Struct,5278197,42502,869,0,6073.87
16000,64000,473,Add,Struct,4614831,42504,4497,12,1026.20
16000,64000,474,Inc,Large,5633612,42504,2203,0,2557.25
16000,64000,475,Del,Struct,6176872,42504,1235,0,5001.52
16000,64000,476,Del,Struct,5695981,42504,755,0,7544.35
16000,64000,477,Add,Struct,6403703,42504,5900,0,1085.37
16000,64000,478,Del,Struct,5386300,42500,6326,8,851.45
16000,64000,479,Del,Struct,4370427,42500,810,0,5395.59
16000,64000,480,Del,Struct,6094997,42500,1799,0,3387.99
16000,64000,481,Inc,Large,5251422,42502,2681,2,1958.75
16000,64000,482,Inc,Large,6006318,42502,1115,0,5386.83
16000,64000,483,Inc,Large,5156154,42520,354038,1282,14.56
16000,64000,484,Add,Struct,4449056,42520,803,0,5540.54
16000,64000,485,Add,Struct,4151508,42520,881,0,4712.27
16000,64000,486,Del,Struct,3831369,42520,579,0,6617.22
16000,64000,487,Del,Struct,3444149,42518,1154,0,2984.53
16000,64000,488,Del,Struct,3310135,42518,419,0,7900.08
16000,64000,489,Inc,Large,3791217,42518,907,0,4179.95
16000,64000,490,Add,Struct,3526350,42518,699,0,5044.85
16000,64000,491,Dec,Large,3877112,42522,8322,16,465.89
16000,64000,492,Del,Struct,5516472,42522,968,0,5698.83
16000,64000,493,Del,Struct,3611302,42522,543,0,6650.65
16000,64000,494,Del,Struct,3604614,42522,719,0,5013.37
16000,64000,495,Del,Struct,3980318,42522,3691,2,1078.38
16000,64000,496,Inc,Large,6065220,42522,1242,0,4883.43
16000,64000,497,Inc,Large,3921190,42522,2056,2,1907.19
16000,64000,498,Add,Struct,4020517,42522,869,0,4626.60
16000,64000,499,Del,Struct,3718538,42522,823,0,4518.27
16000,64000,500,Del,Struct,3867673,42520,1974,2,1959.31
16000,64000,501,Dec,Large,3896288,42520,1112,0,3503.86
16000,64000,502,Dec,Large,3833529,42520,1023,0,3747.34
16000,64000,503,Dec,Large,4339899,42524,10336,28,419.88
16000,64000,504,Dec,Large,5680840,42520,2039,2,2786.09
16000,64000,505,Dec,Large,3651766,42520,826,0,4421.02
16000,64000,506,Add,Struct,3557551,42520,531,0,6699.72
16000,64000,507,Del,Struct,3914997,42518,2971,6,1317.74
16000,64000,508,Dec,Large,3694121,42518,1566,2,2358.95
16000,64000,509,Dec,Large,3333922,42516,2393,10,1393.20
16000,64000,510,Dec,Large,3496227,42516,890,0,3928.34
16000,64000,511,Add,Struct,3506184,42516,1214,0,2888.13
16000,64000,512,Inc,Large,4291718,42516,1243,0,3452.71
16000,64000,513,Del,Struct,3955111,42516,837,0,4725.34
16000,64000,514,Dec,Large,4095176,42518,2429,6,1685.95
16000,64000,515,Add,Struct,3965587,42518,870,0,4558.15
16000,64000,516,Add,Struct,6079172,42518,1553,0,3914.47
16000,64000,517,Dec,Large,4270860,42518,1083,0,3943.55
16000,64000,518,Add,Struct,3746817,42518,622,0,6023.82
16000,64000,519,Inc,Large,3463126,42518,1212,0,2857.36
16000,64000,520,Dec,Large,6390554,42518,1178,0,5424.92
16000,64000,521,Inc,Large,5821347,42516,8512,4,683.90
16000,64000,522,Add,Struct,5712445,42516,3121,2,1830.33
16000,64000,523,Add,Struct,5145789,42516,1361,0,3780.89
16000,64000,524,Del,Struct,4922914,42516,759,0,6486.05
16000,64000,525,Dec,Large,3708448,42516,2407,6,1540.69
16000,64000,526,Add,Struct,5468986,42516,4909,0,1114.07
16000,64000,527,Del,Struct,4232725,42516,1630,2,2596.76
16000,64000,528,Inc,Large,3577438,42516,1091,0,3279.04
16000,64000,529,Del,Struct,3731993,42516,553,0,6748.63
16000,64000,530,Add,Struct,3536223,42516,2507,10,1410.54
16000,64000,531,Del,Struct,3394736,42514,1951,2,1740.00
16000,64000,532,Dec,Large,3297997,42514,727,0,4536.45
16000,64000,533,Inc,Large,3625995,42514,872,0,4158.25
16000,64000,534,Dec,Large,3589056,42514,1046,0,3431.22
16000,64000,535,Dec,Large,7201434,42514,1235,0,5831.12
16000,64000,536,Inc,Large,4078456,42516,1880,2,2169.39
16000,64000,537,Dec,Large,3599103,42516,841,0,4279.55
16000,64000,538,Add,Struct,3473906,42516,7327,0,474.12
16000,64000,539,Add,Struct,3359267,42518,892,0,3765.99
16000,64000,540,Inc,Large,3275461,42518,797,0,4109.74
16000,64000,541,Del,Struct,3324707,42518,1335,2,2490.42
16000,64000,542,Dec,Large,3673466,42518,739,0,4970.86
16000,64000,543,Inc,Large,5854532,42518,1603,0,3652.23
16000,64000,544,Dec,Large,4309423,42518,1436,2,3000.99
16000,64000,545,Inc,Large,3395854,42518,954,0,3559.60
16000,64000,546,Dec,Large,3340110,42518,562,0,5943.26
16000,64000,547,Dec,Large,3786998,42518,1036,0,3655.40
16000,64000,548,Add,Struct,3624954,42518,951,0,3811.73
16000,64000,549,Del,Struct,3713372,42518,2874,4,1292.06
16000,64000,550,Dec,Large,3540535,42518,702,0,5043.50
16000,64000,551,Inc,Large,3462613,42518,1002,0,3455.70
16000,64000,552,Add,Struct,6080441,42518,957,0,6353.65
16000,64000,553,Add,Struct,3834007,42518,1052,0,3644.49
16000,64000,554,Add,Struct,3633896,42518,575,0,6319.82
16000,64000,555,Dec,Large,3532555,42518,886,0,3987.08
16000,64000,556,Inc,Large,3309040,42518,643,0,5146.25
16000,64000,557,Del,Struct,3522837,42518,547,0,6440.29
16000,64000,558,Del,Struct,3314348,42518,335,0,9893.58
16000,64000,559,Dec,Large,3694855,42518,754,0,4900.34
16000,64000,560,Inc,Large,3814968,42518,1209,0,3155.47
16000,64000,561,Add,Struct,3774875,42518,811,0,4654.59
16000,64000,562,Add,Struct,3523070,42518,697,0,5054.62
16000,64000,563,Del,Struct,3324939,42518,455,0,7307.56
16000,64000,564,Add,Struct,3714072,42518,892,0,4163.76
16000,64000,565,Inc,Large,5825948,42518,1551,0,3756.25
16000,64000,566,Dec,Large,3932463,42518,850,0,4626.43
16000,64000,567,Dec,Large,3754063,42518,926,0,4054.06
16000,64000,568,Inc,Large,3395034,42518,2796,4,1214.25
16000,64000,569,Dec,Large,5815715,42518,1426,0,4078.34
16000,64000,570,Inc,Large,3851298,42518,988,0,3898.07
16000,64000,571,Inc,Large,3607564,42516,2588,2,1393.96
16000,64000,572,Del,Struct,3507630,42516,439,0,7990.05
16000,64000,573,Add,Struct,3482047,42516,1034,0,3367.55
16000,64000,574,Dec,Large,3399062,42516,1076,0,3158.98
16000,64000,575,Dec,Large,4221955,42516,13817,0,305.56
16000,64000,576,Del,Struct,3588177,42512,2257,4,1589.80
16000,64000,577,Inc,Large,4087942,42512,2158,0,1894.32
16000,64000,578,Add,Struct,5481868,42512,2837,2,1932.28
16000,64000,579,Add,Struct,3548308,42510,829,2,4280.23
16000,64000,580,Del,Struct,3570810,42510,630,0,5667.95
16000,64000,581,Add,Struct,4148156,42510,1061,0,3909.67
16000,64000,582,Add,Struct,4107844,42510,2098,2,1957.98
16000,64000,583,Add,Struct,4928075,42510,861,0,5723.66
16000,64000,584,Add,Struct,5409742,42512,1233,0,4387.46
16000,64000,585,Inc,Large,7823366,42512,1422,0,5501.66
16000,64000,586,Del,Struct,4972117,42510,2536,0,1960.61
16000,64000,587,Del,Struct,5568699,42508,4091,2,1361.21
16000,64000,588,Dec,Large,4626921,42508,1257,0,3680.92
16000,64000,589,Inc,Large,4621018,42514,9920,26,465.83
16000,64000,590,Dec,Large,3897746,42518,2769,8,1407.64
16000,64000,591,Inc,Large,6407641,42514,17571,10,364.67
16000,64000,592,Inc,Large,5460343,42514,1838,0,2970.81
16000,64000,593,Dec,Large,4437130,42510,2899,10,1530.57
16000,64000,594,Del,Struct,3465418,42510,6018,0,575.84
16000,64000,595,Del,Struct,3407738,42510,649,0,5250.75
16000,64000,596,Inc,Large,3422622,42510,1858,2,1842.10
16000,64000,597,Dec,Large,3455613,42512,908,2,3805.74
16000,64000,598,Inc,Large,3536166,42512,2047,2,1727.49
16000,64000,599,Add,Struct,5751576,42512,8624,14,666.93
16000,64000,600,Dec,Large,4335453,42516,3316,10,1307.43
16000,64000,601,Dec,Large,3376697,42516,1233,0,2738.60
16000,64000,602,Del,Struct,3273765,42514,2080,4,1573.93
16000,64000,603,Add,Struct,3563942,42514,1962,0,1816.48
16000,64000,604,Dec,Large,3754229,42514,821,0,4572.75
16000,64000,605,Del,Struct,3472580,42512,1469,2,2363.91
16000,64000,606,Del,Struct,3411930,42512,439,0,7772.05
16000,64000,607,Inc,Large,3268059,42512,615,0,5313.92
16000,64000,608,Del,Struct,6758301,42512,914,0,7394.20
16000,64000,609,Add,Struct,7389330,42512,1352,0,5465.48
16000,64000,610,Inc,Large,8330412,42512,1469,0,5670.80
16000,64000,611,Del,Struct,5865131,42514,6121,10,958.20
16000,64000,612,Add,Struct,6996290,42514,6285,6,1113.17
16000,64000,613,Add,Struct,5868370,42514,1729,0,3394.08
16000,64000,614,Add,Struct,4512991,42512,5241,6,861.09
16000,64000,615,Del,Struct,5098302,42512,765,0,6664.45
16000,64000,616,Dec,Large,6622818,42512,2712,0,2442.04
16000,64000,617,Dec,Large,9733916,42514,2138,0,4552.81
16000,64000,618,Del,Struct,7668796,42512,5290,2,1449.68
16000,64000,619,Del,Struct,4017471,42512,1024,0,3923.31
16000,64000,620,Del,Struct,3726661,42514,2312,4,1611.88
16000,64000,621,Inc,Large,4482338,42510,4712,8,951.26
16000,64000,622,Inc,Large,3477026,42510,1288,2,2699.55
16000,64000,623,Add,Struct,3756854,42510,1071,0,3507.80
16000,64000,624,Dec,Large,3968998,42510,966,0,4108.69
16000,64000,625,Add,Struct,4206393,42510,1531,0,2747.48
16000,64000,626,Del,Struct,3847154,42510,579,0,6644.48
16000,64000,627,Inc,Large,3399992,42516,14208,60,239.30
16000,64000,628,Inc,Large,3320334,42522,14759,78,224.97
16000,64000,629,Del,Struct,3783351,42510,12357,50,306.17
16000,64000,630,Inc,Large,3427497,42510,676,0,5070.26
16000,64000,631,Dec,Large,3461970,42508,933,2,3710.58
16000,64000,632,Del,Struct,3209730,42508,435,0,7378.69
16000,64000,633,Dec,Large,3223662,42508,612,0,5267.42
16000,64000,634,Dec,Large,3524785,42508,827,0,4262.13
16000,64000,635,Del,Struct,4507183,42504,4620,8,975.58
16000,64000,636,Dec,Large,3939173,42504,826,0,4768.97
16000,64000,637,Dec,Large,4152598,42504,1223,0,3395.42
16000,64000,638,Del,Struct,4366059,42504,761,0,5737.27
16000,64000,639,Inc,Large,4604794,42504,1817,0,2534.28
16000,64000,640,Dec,Large,4412781,42504,1078,0,4093.49
16000,64000,641,Dec,Large,3452343,42504,1075,0,3211.48
16000,64000,642,Dec,Large,3407720,42504,948,0,3594.64
16000,64000,643,Add,Struct,3451495,42506,988,0,3493.42
16000,64000,644,Del,Struct,3434339,42506,479,0,7169.81
16000,64000,645,Inc,Large,3298435,42506,7454,0,442.51
16000,64000,646,Inc,Large,3365776,42504,778,0,4326.19
16000,64000,647,Del,Struct,3378086,42504,576,0,5864.73
16000,64000,648,Dec,Large,4632057,42504,1272,0,3641.55
16000,64000,649,Dec,Large,3459682,42504,1586,6,2181.39
16000,64000,650,Inc,Large,3221794,42504,613,0,5255.78
16000,64000,651,Add,Struct,3467987,42504,1094,0,3170.01
16000,64000,652,Inc,Large,3532160,42504,970,0,3641.40
16000,64000,653,Del,Struct,3457251,42504,512,0,6752.44
16000,64000,654,Dec,Large,3253069,42504,601,0,5412.76
16000,64000,655,Del,Struct,3218671,42504,1297,2,2481.63
16000,64000,656,Dec,Large,3191309,42506,676,0,4720.87
16000,64000,657,Dec,Large,4632100,42504,1996,2,2320.69
16000,64000,658,Del,Struct,4034428,42498,1709,2,2360.70
16000,64000,659,Add,Struct,3287293,42498,809,0,4063.40
16000,64000,660,Inc,Large,3484324,42498,908,0,3837.36
16000,64000,661,Add,Struct,3385191,42494,1561,8,2168.60
16000,64000,662,Dec,Large,3606985,42494,827,0,4361.53
16000,64000,663,Del,Struct,3235429,42494,2846,6,1136.83
16000,64000,664,Dec,Large,3541838,42494,636,0,5568.93
16000,64000,665,Del,Struct,3471576,42494,593,0,5854.26
16000,64000,666,Add,Struct,3487441,42494,965,0,3613.93
16000,64000,667,Inc,Large,3414238,42494,986,0,3462.72
16000,64000,668,Del,Struct,3574608,42492,16371,6,218.35
16000,64000,669,Dec,Large,3463233,42492,1434,2,2415.09
16000,64000,670,Dec,Large,3608876,42492,9999,8,360.92
16000,64000,671,Dec,Large,4401916,42492,1187,0,3708.44
16000,64000,672,Del,Struct,4257360,42492,559,0,7616.03
16000,64000,673,Inc,Large,3821371,42492,955,0,4001.44
16000,64000,674,Del,Struct,3498428,42492,1960,4,1784.91
16000,64000,675,Add,Struct,4115824,42492,1746,0,2357.29
16000,64000,676,Del,Struct,3876726,42492,604,0,6418.42
16000,64000,677,Del,Struct,3427544,42492,356,0,9627.93
16000,64000,678,Inc,Large,3386868,42492,976,0,3470.15
16000,64000,679,Dec,Large,3364980,42492,753,0,4468.76
16000,64000,680,Del,Struct,3556801,42490,573,0,6207.33
16000,64000,681,Inc,Large,3689692,42490,3216,4,1147.29
16000,64000,682,Inc,Large,3504072,42490,664,0,5277.22
16000,64000,683,Inc,Large,3286336,42490,573,0,5735.32
16000,64000,684,Add,Struct,3398999,42492,609,0,5581.28
16000,64000,685,Inc,Large,3334565,42492,654,0,5098.72
16000,64000,686,Dec,Large,3279388,42490,1110,2,2954.40
16000,64000,687,Del,Struct,3264835,42488,2959,6,1103.36
16000,64000,688,Dec,Large,3482083,42488,975,0,3571.37
16000,64000,689,Inc,Large,3738516,42488,1147,0,3259.39
16000,64000,690,Add,Struct,3980622,42488,2004,2,1986.34
16000,64000,691,Inc,Large,3182202,42488,643,0,4948.99
16000,64000,692,Inc,Large,3296737,42488,732,0,4503.74
16000,64000,693,Dec,Large,3418548,42488,752,0,4545.94
16000,64000,694,Add,Struct,3964535,42488,728,0,5445.79
16000,64000,695,Add,Struct,3798821,42492,2228,10,1705.04
16000,64000,696,Dec,Large,3515116,42492,862,0,4077.86
16000,64000,697,Dec,Large,3531022,42492,2447,10,1443.00
16000,64000,698,Del,Struct,3666460,42492,493,0,7437.04
16000,64000,699,Dec,Large,3437934,42488,1004,2,3424.24
16000,64000,700,Dec,Large,3493335,42490,1094,2,3193.18
16000,64000,701,Add,Struct,3505021,42490,649,0,5400.65
16000,64000,702,Del,Struct,3813439,42490,566,0,6737.52
16000,64000,703,Dec,Large,4548113,42490,1322,0,3440.33
16000,64000,704,Add,Struct,4142855,42490,1401,0,2957.07
16000,64000,705,Del,Struct,3993079,42488,2963,2,1347.65
16000,64000,706,Dec,Large,3855063,42490,2311,4,1668.14
16000,64000,707,Del,Struct,5025667,42490,833,0,6033.21
16000,64000,708,Inc,Large,4337359,42490,1346,0,3222.41
16000,64000,709,Dec,Large,3900375,42490,1006,0,3877.11
16000,64000,710,Del,Struct,3647558,42490,516,0,7068.91
16000,64000,711,Del,Struct,4332796,42490,787,0,5505.46
16000,64000,712,Del,Struct,3646872,42490,359,0,10158.42
16000,64000,713,Inc,Large,3257448,42490,1070,0,3044.34
16000,64000,714,Inc,Large,3508795,42490,745,0,4709.79
16000,64000,715,Add,Struct,3377457,42490,1038,0,3253.81
16000,64000,716,Inc,Large,3753787,42492,2529,4,1484.30
16000,64000,717,Dec,Large,3515737,42492,2065,6,1702.54
16000,64000,718,Add,Struct,3326165,42486,3595,26,925.22
16000,64000,719,Del,Struct,3644613,42486,688,0,5297.40
16000,64000,720,Inc,Large,3536511,42484,2915,2,1213.21
16000,64000,721,Inc,Large,4287845,42482,2423,2,1769.64
16000,64000,722,Dec,Large,3737355,42482,785,0,4760.96
16000,64000,723,Inc,Large,3330186,42482,882,0,3775.72
16000,64000,724,Inc,Large,4315529,42482,3772,4,1144.10
16000,64000,725,Inc,Large,3630518,42484,1767,2,2054.62
16000,64000,726,Dec,Large,3408650,42486,2051,8,1661.95
16000,64000,727,Del,Struct,3250287,42486,433,0,7506.44
16000,64000,728,Inc,Large,3494212,42484,2854,4,1224.32
16000,64000,729,Del,Struct,4031964,42484,1043,0,3865.74
16000,64000,730,Del,Struct,3985101,42484,1788,2,2228.80
16000,64000,731,Del,Struct,3331397,42484,340,0,9798.23
16000,64000,732,Add,Struct,3319552,42484,694,0,4783.22
16000,64000,733,Add,Struct,3347735,42484,602,0,5561.02
16000,64000,734,Dec,Large,3770734,42484,807,0,4672.53
16000,64000,735,Add,Struct,3570847,42484,724,0,4932.11
16000,64000,736,Dec,Large,3393248,42484,617,0,5499.59
16000,64000,737,Del,Struct,3263348,42488,5043,14,647.10
16000,64000,738,Dec,Large,3300891,42488,700,0,4715.56
16000,64000,739,Inc,Large,4931751,42486,2715,2,1816.48
16000,64000,740,Del,Struct,3562757,42486,371,0,9603.12
16000,64000,741,Inc,Large,3403225,42486,862,0,3948.06
16000,64000,742,Add,Struct,3309323,42484,1277,2,2591.48
16000,64000,743,Del,Struct,3695272,42484,544,0,6792.78
16000,64000,744,Inc,Large,3946488,42488,1105,0,3571.48
16000,64000,745,Dec,Large,4604879,42498,10104,52,455.75
16000,64000,746,Inc,Large,4382018,42498,1112,0,3940.66
16000,64000,747,Dec,Large,3690449,42498,1052,0,3508.03
16000,64000,748,Dec,Large,3607101,42498,1703,2,2118.09
16000,64000,749,Add,Struct,3850225,42498,1413,0,2724.86
16000,64000,750,Add,Struct,3355341,42498,582,0,5765.19
16000,64000,751,Dec,Large,3519899,42498,744,0,4731.05
16000,64000,752,Add,Struct,4427088,42498,1687,0,2624.24
16000,64000,753,Add,Struct,3953910,42498,1497,0,2641.22
16000,64000,754,Inc,Large,3247892,42498,1035,0,3138.06
16000,64000,755,Inc,Large,3395052,42498,531,0,6393.69
16000,64000,756,Del,Struct,3748474,42498,664,0,5645.29
16000,64000,757,Inc,Large,4691524,42498,867,0,5411.22
16000,64000,758,Inc,Large,3439683,42498,681,0,5050.93
16000,64000,759,Inc,Large,3291960,42498,1352,0,2434.88
16000,64000,760,Del,Struct,3290114,42492,4629,12,710.76
16000,64000,761,Inc,Large,3879419,42492,1340,0,2895.09
16000,64000,762,Dec,Large,3911433,42494,1975,4,1980.47
16000,64000,763,Dec,Large,3351329,42494,486,0,6895.74
16000,64000,764,Add,Struct,3419065,42494,1144,0,2988.69
16000,64000,765,Dec,Large,3896642,42490,22646,32,172.07
16000,64000,766,Del,Struct,4264276,42488,3322,6,1283.65
16000,64000,767,Dec,Large,3431626,42488,847,0,4051.51
16000,64000,768,Inc,Large,3628584,42488,1656,0,2191.17
16000,64000,769,Dec,Large,3383948,42488,846,0,3999.94
16000,64000,770,Inc,Large,3631094,42484,3677,4,987.52
16000,64000,771,Add,Struct,3657234,42484,1357,0,2695.09
16000,64000,772,Add,Struct,3832887,42478,7151,36,535.99
16000,64000,773,Del,Struct,4169592,42478,19046,0,218.92
16000,64000,774,Add,Struct,4193923,42478,2123,0,1975.47
16000,64000,775,Del,Struct,4999080,42478,671,0,7450.19
16000,64000,776,Del,Struct,3727912,42478,443,0,8415.15
16000,64000,777,Dec,Large,3367744,42478,902,0,3733.64
16000,64000,778,Del,Struct,3797325,42478,3443,2,1102.91
16000,64000,779,Del,Struct,4466955,42468,10653,26,419.31
16000,64000,780,Inc,Large,3718307,42468,793,0,4688.91
16000,64000,781,Dec,Large,3402835,42468,690,0,4931.64
16000,64000,782,Dec,Large,3481402,42470,2372,6,1467.71
16000,64000,783,Inc,Large,3988594,42470,1412,0,2824.78
16000,64000,784,Inc,Large,3793588,42470,923,0,4110.06
16000,64000,785,Add,Struct,4073378,42470,942,0,4324.18
16000,64000,786,Dec,Large,4056711,42470,1050,0,3863.53
16000,64000,787,Del,Struct,4046652,42470,700,0,5780.93
16000,64000,788,Add,Struct,3665604,42468,2015,4,1819.16
16000,64000,789,Add,Struct,3520375,42468,843,0,4176.01
16000,64000,790,Inc,Large,3940605,42468,988,0,3988.47
16000,64000,791,Del,Struct,4319005,42468,967,0,4466.40
16000,64000,792,Add,Struct,4123407,42468,996,0,4139.97
16000,64000,793,Add,Struct,3602972,42468,525,0,6862.80
16000,64000,794,Add,Struct,3954839,42468,1212,0,3263.07
16000,64000,795,Dec,Large,3954526,42468,978,0,4043.48
16000,64000,796,Del,Struct,3971033,42468,1200,0,3309.19
16000,64000,797,Inc,Large,4243580,42468,1278,0,3320.49
16000,64000,798,Dec,Large,4459037,42468,2787,8,1599.94
16000,64000,799,Dec,Large,4770263,42468,1526,0,3125.99
16000,64000,800,Dec,Large,4661249,42474,7906,36,589.58
16000,64000,801,Del,Struct,4463248,42476,3368,2,1325.19
16000,64000,802,Add,Struct,4688141,42476,1622,0,2890.35
16000,64000,803,Add,Struct,4595845,42476,868,0,5294.75
16000,64000,804,Add,Struct,4164124,42476,1023,0,4070.50
16000,64000,805,Add,Struct,4515379,42476,1609,0,2806.33
16000,64000,806,Add,Struct,4243549,42476,786,0,5398.92
16000,64000,807,Del,Struct,4828692,42476,1027,0,4701.74
16000,64000,808,Dec,Large,4248105,42476,4699,22,904.04
16000,64000,809,Dec,Large,4476487,42474,2194,0,2040.33
16000,64000,810,Inc,Large,5660741,42476,4024,2,1406.74
16000,64000,811,Add,Struct,5240447,42476,2630,2,1992.57
16000,64000,812,Add,Struct,5155460,42476,1857,0,2776.23
16000,64000,813,Del,Struct,4380908,42476,2206,2,1985.91
16000,64000,814,Del,Struct,5041527,42476,831,0,6066.82
16000,64000,815,Inc,Large,3871492,42476,1260,0,3072.61
16000,64000,816,Del,Struct,3663145,42478,3310,4,1106.69
16000,64000,817,Inc,Large,4778398,42478,6155,16,776.34
16000,64000,818,Del,Struct,3783419,42478,564,0,6708.19
16000,64000,819,Add,Struct,3925925,42478,1301,0,3017.62
16000,64000,820,Add,Struct,3699791,42478,691,0,5354.26
16000,64000,821,Del,Struct,3978176,42478,836,0,4758.58
16000,64000,822,Dec,Large,3931862,42478,1228,0,3201.84
16000,64000,823,Dec,Large,3656732,42478,995,0,3675.11
16000,64000,824,Add,Struct,3635812,42478,822,0,4423.13
16000,64000,825,Add,Struct,3736809,42478,13951,0,267.85
16000,64000,826,Dec,Large,4454531,42478,1120,0,3977.26
16000,64000,827,Del,Struct,3824181,42472,2647,4,1444.72
16000,64000,828,Add,Struct,3431477,42472,27938,6,122.82
16000,64000,829,Add,Struct,3559687,42472,1027,0,3466.10
16000,64000,830,Dec,Large,4515209,42472,1173,0,3849.28
16000,64000,831,Dec,Large,4487247,42472,1217,0,3687.14
16000,64000,832,Inc,Large,4296324,42472,1328,0,3235.18
16000,64000,833,Del,Struct,4527265,42464,5118,8,884.58
16000,64000,834,Add,Struct,4589817,42464,913,0,5027.18
16000,64000,835,Del,Struct,4039676,42464,2996,4,1348.36
16000,64000,836,Del,Struct,3677443,42460,1443,2,2548.47
16000,64000,837,Del,Struct,3639021,42460,542,0,6714.06
16000,64000,838,Add,Struct,4410676,42460,1368,0,3224.18
16000,64000,839,Add,Struct,4075281,42460,1840,2,2214.83
16000,64000,840,Inc,Large,4138970,42458,2596,2,1594.36
16000,64000,841,Inc,Large,3941055,42456,2174,2,1812.81
16000,64000,842,Inc,Large,4041782,42458,3207,4,1260.30
16000,64000,843,Del,Struct,4099364,42458,637,0,6435.42
16000,64000,844,Del,Struct,3693755,42458,1625,2,2273.08
16000,64000,845,Del,Struct,3703638,42458,875,0,4232.73
16000,64000,846,Dec,Large,4412051,42458,1242,0,3552.38
16000,64000,847,Inc,Large,4403225,42458,1161,0,3792.61
16000,64000,848,Dec,Large,3684987,42468,5012,32,735.23
16000,64000,849,Add,Struct,3887875,42468,732,0,5311.30
16000,64000,850,Inc,Large,4289633,42468,1482,0,2894.49
16000,64000,851,Del,Struct,4629894,42468,726,0,6377.26
16000,64000,852,Add,Struct,3508689,42468,821,0,4273.68
16000,64000,853,Inc,Large,3513191,42468,1660,0,2116.38
16000,64000,854,Dec,Large,3807046,42468,1549,2,2457.74
16000,64000,855,Dec,Large,4997459,42468,1091,0,4580.62
16000,64000,856,Add,Struct,3901372,42468,1058,0,3687.50
16000,64000,857,Dec,Large,3539613,42466,2050,2,1726.64
16000,64000,858,Inc,Large,3578297,42466,866,0,4131.98
16000,64000,859,Dec,Large,3974262,42466,1052,0,3777.82
16000,64000,860,Del,Struct,3636334,42466,460,0,7905.07
16000,64000,861,Dec,Large,3720758,42466,852,0,4367.09
16000,64000,862,Inc,Large,4257144,42466,913,0,4662.81
16000,64000,863,Inc,Large,4780185,42466,1183,0,4040.73
16000,64000,864,Add,Struct,3853402,42466,1222,0,3153.36
16000,64000,865,Add,Struct,4304386,42466,2065,0,2084.45
16000,64000,866,Add,Struct,3796199,42462,1950,6,1946.77
16000,64000,867,Dec,Large,4044540,42462,2086,4,1938.90
16000,64000,868,Inc,Large,3916809,42462,985,0,3976.46
16000,64000,869,Dec,Large,4045448,42462,1055,0,3834.55
16000,64000,870,Add,Struct,4132936,42462,955,0,4327.68
16000,64000,871,Inc,Large,4069558,42464,3110,2,1308.54
16000,64000,872,Del,Struct,4347816,42464,2371,2,1833.75
16000,64000,873,Dec,Large,4413202,42466,1789,2,2466.85
16000,64000,874,Del,Struct,4151766,42466,750,0,5535.69
16000,64000,875,Inc,Large,4857275,42472,4067,6,1194.31
16000,64000,876,Del,Struct,4327927,42472,2478,2,1746.54
16000,64000,877,Inc,Large,4143486,42472,2529,2,1638.39
16000,64000,878,Inc,Large,4176968,42474,3168,4,1318.49
16000,64000,879,Dec,Large,4587646,42474,1411,0,3251.34
16000,64000,880,Del,Struct,3971961,42476,3958,8,1003.53
16000,64000,881,Del,Struct,3757178,42470,4031,8,932.07
16000,64000,882,Dec,Large,4252921,42470,954,0,4457.99
16000,64000,883,Inc,Large,4447245,42470,1046,0,4251.67
16000,64000,884,Del,Struct,4207330,42472,14955,62,281.33
16000,64000,885,Inc,Large,3616514,42472,733,0,4933.85
16000,64000,886,Del,Struct,3701515,42472,924,0,4005.97
16000,64000,887,Del,Struct,4376923,42472,745,0,5875.06
16000,64000,888,Dec,Large,3844253,42472,1328,0,2894.77
16000,64000,889,Add,Struct,3543305,42472,919,0,3855.61
16000,64000,890,Dec,Large,3875845,42472,1047,0,3701.86
16000,64000,891,Del,Struct,5361404,42472,851,0,6300.12
16000,64000,892,Add,Struct,5301780,42474,4369,12,1213.50
16000,64000,893,Del,Struct,5243361,42472,833,0,6294.55
16000,64000,894,Dec,Large,4721916,42470,3163,4,1492.86
16000,64000,895,Dec,Large,6013241,42470,3223,0,1865.73
16000,64000,896,Dec,Large,5073452,42470,3731,2,1359.81
16000,64000,897,Inc,Large,4665243,42474,3339,2,1397.20
16000,64000,898,Add,Struct,4499451,42474,807,0,5575.53
16000,64000,899,Inc,Large,4065655,42474,22827,30,178.11
16000,64000,900,Add,Struct,3974917,42474,800,0,4968.65
16000,64000,901,Dec,Large,3821421,42474,1070,0,3571.42
16000,64000,902,Dec,Large,5068420,42474,3136,8,1616.21
16000,64000,903,Dec,Large,4515408,42470,6551,16,689.27
16000,64000,904,Inc,Large,3559756,42470,905,0,3933.43
16000,64000,905,Inc,Large,3750203,42470,1428,0,2626.19
16000,64000,906,Inc,Large,3989377,42470,1290,0,3092.54
16000,64000,907,Inc,Large,4427381,42472,7268,10,609.16
16000,64000,908,Dec,Large,3991048,42472,1441,0,2769.64
16000,64000,909,Dec,Large,3764582,42472,971,0,3877.02
16000,64000,910,Dec,Large,4730670,42472,962,0,4917.54
16000,64000,911,Inc,Large,3913955,42472,939,0,4168.22
16000,64000,912,Inc,Large,3934448,42472,1783,0,2206.64
16000,64000,913,Dec,Large,3706752,42472,946,0,3918.34
16000,64000,914,Del,Struct,4349392,42472,2603,2,1670.92
16000,64000,915,Inc,Large,3683378,42472,979,0,3762.39
16000,64000,916,Add,Struct,3929829,42472,710,0,5534.97
16000,64000,917,Del,Struct,4118607,42472,598,0,6887.30
16000,64000,918,Dec,Large,3981472,42472,1130,0,3523.43
16000,64000,919,Dec,Large,5483191,42472,1909,2,2872.28
16000,64000,920,Inc,Large,3994321,42472,1187,0,3365.06
16000,64000,921,Add,Struct,3674262,42472,1414,0,2598.49
16000,64000,922,Del,Struct,4620382,42472,772,0,5984.95
16000,64000,923,Dec,Large,3542737,42472,1370,2,2585.94
16000,64000,924,Add,Struct,3460274,42472,1069,0,3236.93
16000,64000,925,Inc,Large,3556382,42472,840,0,4233.79
16000,64000,926,Dec,Large,4254965,42472,1133,0,3755.49
16000,64000,927,Add,Struct,4138398,42472,1759,0,2352.70
16000,64000,928,Dec,Large,3574595,42472,1480,0,2415.27
16000,64000,929,Inc,Large,4069639,42474,2457,2,1656.34
16000,64000,930,Add,Struct,3799057,42474,1432,0,2652.97
16000,64000,931,Dec,Large,3787434,42474,1045,0,3624.34
16000,64000,932,Inc,Large,3379657,42474,681,0,4962.79
16000,64000,933,Add,Struct,3710275,42474,633,0,5861.41
16000,64000,934,Dec,Large,3492401,42476,1509,2,2314.38
16000,64000,935,Del,Struct,4246676,42476,953,0,4456.11
16000,64000,936,Inc,Large,4192308,42476,1147,0,3655.02
16000,64000,937,Inc,Large,3697369,42476,1269,0,2913.61
16000,64000,938,Add,Struct,4820638,42476,2046,0,2356.13
16000,64000,939,Inc,Large,4314920,42476,1443,0,2990.24
16000,64000,940,Inc,Large,3616425,42478,3364,4,1075.04
16000,64000,941,Inc,Large,3467595,42476,1031,0,3363.33
16000,64000,942,Add,Struct,3522874,42476,1326,0,2656.77
16000,64000,943,Inc,Large,3680775,42478,2435,2,1511.61
16000,64000,944,Del,Struct,4616394,42478,967,0,4773.93
16000,64000,945,Inc,Large,3824342,42478,2401,2,1592.81
16000,64000,946,Dec,Large,3764142,42478,559,0,6733.71
16000,64000,947,Add,Struct,3550813,42480,1380,0,2573.05
16000,64000,948,Dec,Large,3899020,42480,1402,0,2781.04
16000,64000,949,Add,Struct,3825021,42478,2266,4,1688.01
16000,64000,950,Inc,Large,3717398,42478,848,0,4383.72
16000,64000,951,Dec,Large,3544486,42478,2310,6,1534.41
16000,64000,952,Inc,Large,5887000,42478,1400,0,4205.00
16000,64000,953,Add,Struct,4899134,42478,1646,0,2976.39
16000,64000,954,Del,Struct,5541314,42478,1003,0,5524.74
16000,64000,955,Dec,Large,5379527,42480,2437,2,2207.44
16000,64000,956,Del,Struct,4575723,42480,771,0,5934.79
16000,64000,957,Inc,Large,4476937,42480,4855,2,922.13
16000,64000,958,Add,Struct,4721705,42480,1569,0,3009.37
16000,64000,959,Inc,Large,4663938,42480,1398,0,3336.15
16000,64000,960,Dec,Large,4263104,42480,1194,0,3570.44
16000,64000,961,Del,Struct,4562198,42480,1146,0,3980.98
16000,64000,962,Inc,Large,4617026,42480,1106,0,4174.53
16000,64000,963,Inc,Large,4231242,42484,4659,8,908.19
16000,64000,964,Inc,Large,4052165,42484,1099,0,3687.14
16000,64000,965,Inc,Large,4257093,42488,2979,2,1429.03
16000,64000,966,Dec,Large,4471998,42488,2057,0,2174.04
16000,64000,967,Inc,Large,4179352,42488,1009,0,4142.07
16000,64000,968,Del,Struct,4207073,42486,994,0,4232.47
16000,64000,969,Del,Struct,4642773,42486,5824,12,797.18
16000,64000,970,Add,Struct,5429478,42488,1986,0,2733.88
16000,64000,971,Add,Struct,4605872,42488,3421,0,1346.35
16000,64000,972,Del,Struct,5929437,42488,679,0,8732.60
16000,64000,973,Dec,Large,4453453,42488,1095,0,4067.08
16000,64000,974,Add,Struct,4109834,42488,1608,0,2555.87
16000,64000,975,Inc,Large,3738157,42490,5080,10,735.86
16000,64000,976,Dec,Large,4330963,42490,2189,0,1978.51
16000,64000,977,Inc,Large,4767743,42490,1696,0,2811.17
16000,64000,978,Del,Struct,4551034,42486,3356,4,1356.09
16000,64000,979,Del,Struct,4948130,42486,3543,2,1396.59
16000,64000,980,Del,Struct,4733740,42484,832,0,5689.59
16000,64000,981,Add,Struct,4467122,42484,1821,0,2453.11
16000,64000,982,Del,Struct,4421960,42484,719,0,6150.15
16000,64000,983,Add,Struct,4014817,42486,1637,2,2452.55
16000,64000,984,Del,Struct,3913411,42486,662,0,5911.50
16000,64000,985,Dec,Large,3879772,42486,948,0,4092.59
16000,64000,986,Del,Struct,3593155,42484,564,0,6370.84
16000,64000,987,Add,Struct,3732544,42484,1244,0,3000.44
16000,64000,988,Inc,Large,3787805,42484,1087,0,3484.64
16000,64000,989,Del,Struct,4339030,42484,769,0,5642.43
16000,64000,990,Add,Struct,4293645,42486,1359,0,3159.42
16000,64000,991,Inc,Large,4034517,42486,4422,2,912.37
16000,64000,992,Inc,Large,3750388,42486,1221,0,3071.57
16000,64000,993,Inc,Large,5397255,42486,1159,0,4656.82
16000,64000,994,Inc,Large,4085434,42482,1846,2,2213.13
16000,64000,995,Inc,Large,3703642,42482,1904,0,1945.19
16000,64000,996,Add,Struct,3804302,42482,1723,0,2207.95
16000,64000,997,Inc,Large,5284329,42482,1141,0,4631.31
16000,64000,998,Add,Struct,4116595,42482,1386,0,2970.13
16000,64000,999,Del,Struct,4882311,42482,764,0,6390.46
32000,128000,0,Del,Struct,10032889,84786,1272,0,7887.49
32000,128000,1,Inc,Large,9676141,84786,1093,0,8852.83
32000,128000,2,Inc,Large,8639664,84786,1180,0,7321.75
32000,128000,3,Del,Struct,9706206,84786,916,0,10596.29
32000,128000,4,Add,Struct,8491974,84786,24698,0,343.83
32000,128000,5,Inc,Large,10258488,84786,1170,0,8767.94
32000,128000,6,Add,Struct,9003493,84786,1799,0,5004.72
32000,128000,7,Add,Struct,9288267,84786,1552,0,5984.71
32000,128000,8,Inc,Large,8856804,84786,1069,0,8285.13
32000,128000,9,Add,Struct,9668162,84786,1327,0,7285.73
32000,128000,10,Add,Struct,10199194,84786,1511,0,6749.96
32000,128000,11,Inc,Large,9253551,84786,1041,0,8889.10
32000,128000,12,Add,Struct,10096374,84786,1304,0,7742.62
32000,128000,13,Del,Struct,9997046,84786,731,0,13675.85
32000,128000,14,Inc,Large,9793635,84788,9150,6,1070.34
32000,128000,15,Inc,Large,9496842,84788,1017,0,9338.09
32000,128000,16,Del,Struct,8960648,84790,2851,2,3142.98
32000,128000,17,Add,Struct,10528883,84790,969,0,10865.72
32000,128000,18,Add,Struct,9570869,84790,1942,0,4928.36
32000,128000,19,Inc,Large,9250863,84790,1300,0,7116.05
32000,128000,20,Del,Struct,10236413,84786,4654,8,2199.49
32000,128000,21,Dec,Large,11379364,84786,1446,0,7869.55
32000,128000,22,Del,Struct,10656990,84786,781,0,13645.31
32000,128000,23,Dec,Large,10441856,84786,1062,0,9832.26
32000,128000,24,Add,Struct,9880857,84786,886,0,11152.21
32000,128000,25,Del,Struct,9873838,84784,4493,6,2197.60
32000,128000,26,Del,Struct,9155729,84784,702,0,13042.35
32000,128000,27,Del,Struct,9998032,84784,768,0,13018.27
32000,128000,28,Del,Struct,11871542,84784,789,0,15046.31
32000,128000,29,Dec,Large,10506493,84784,1047,0,10034.85
32000,128000,30,Inc,Large,10885363,84784,1303,0,8354.08
32000,128000,31,Add,Struct,9545492,84792,5156,20,1851.34
32000,128000,32,Inc,Large,9788803,84792,1107,0,8842.64
32000,128000,33,Add,Struct,10495744,84790,4846,18,2165.86
32000,128000,34,Inc,Large,9782773,84790,1014,0,9647.71
32000,128000,35,Del,Struct,9961103,84790,673,0,14801.04
32000,128000,36,Dec,Large,10106791,84790,1102,0,9171.32
32000,128000,37,Dec,Large,9918092,84790,1550,0,6398.77
32000,128000,38,Inc,Large,10506375,84788,1257,0,8358.29
32000,128000,39,Inc,Large,9688871,84788,1294,0,7487.54
32000,128000,40,Inc,Large,10699244,84788,1112,0,9621.62
32000,128000,41,Add,Struct,9764544,84788,1598,0,6110.48
32000,128000,42,Inc,Large,9767521,84788,2449,0,3988.37
32000,128000,43,Add,Struct,10160539,84788,1605,0,6330.55
32000,128000,44,Add,Struct,9325006,84788,1926,0,4841.64
32000,128000,45,Inc,Large,9996090,84788,1187,0,8421.31
32000,128000,46,Del,Struct,10521217,84788,4979,6,2113.12
32000,128000,47,Inc,Large,10164016,84788,1514,0,6713.35
32000,128000,48,Del,Struct,10636028,84788,909,0,11700.80
32000,128000,49,Del,Struct,9032541,84784,5442,10,1659.78
32000,128000,50,Inc,Large,10201246,84784,3704,4,2754.12
32000,128000,51,Inc,Large,9521689,84784,1319,0,7218.87
32000,128000,52,Dec,Large,9298186,84784,1089,0,8538.28
32000,128000,53,Add,Struct,10842439,84784,2796,6,3877.84
32000,128000,54,Dec,Large,9088213,84786,1094,0,8307.32
32000,128000,55,Dec,Large,9337413,84786,16606,0,562.29
32000,128000,56,Del,Struct,10183528,84786,741,0,13742.95
32000,128000,57,Dec,Large,9433285,84786,1443,0,6537.27
32000,128000,58,Del,Struct,10290656,84786,830,0,12398.38
32000,128000,59,Add,Struct,9632782,84800,10458,68,921.09
32000,128000,60,Del,Struct,10193698,84800,663,0,15375.11
32000,128000,61,Inc,Large,10362019,84800,1034,0,10021.29
32000,128000,62,Add,Struct,8984205,84802,977,0,9195.71
32000,128000,63,Inc,Large,10408612,84802,1462,0,7119.43
32000,128000,64,Dec,Large,9535945,84802,1984,2,4806.42
32000,128000,65,Inc,Large,9542245,84804,4368,4,2184.58
32000,128000,66,Del,Struct,10672770,84804,745,0,14325.87
32000,128000,67,Add,Struct,9453094,84804,776,0,12181.82
32000,128000,68,Del,Struct,10818131,84802,774,0,13976.91
32000,128000,69,Inc,Large,9767676,84802,1650,0,5919.80
32000,128000,70,Inc,Large,10896005,84802,1704,0,6394.37
32000,128000,71,Del,Struct,11041426,84800,4352,6,2537.09
32000,128000,72,Add,Struct,10686615,84800,2134,0,5007.79
32000,128000,73,Dec,Large,10570858,84800,1359,0,7778.41
32000,128000,74,Add,Struct,9325783,84796,2617,6,3563.54
32000,128000,75,Inc,Large,9066907,84798,5108,6,1775.04
32000,128000,76,Del,Struct,9831773,84798,2449,2,4014.61
32000,128000,77,Add,Struct,9229294,84796,4283,4,2154.87
32000,128000,78,Dec,Large,10753299,84796,1277,0,8420.75
32000,128000,79,Add,Struct,8671280,84796,1116,0,7769.96
32000,128000,80,Dec,Large,9965143,84796,1252,0,7959.38
32000,128000,81,Dec,Large,8964256,84796,1012,0,8857.96
32000,128000,82,Inc,Large,9188422,84798,2884,2,3186.00
32000,128000,83,Add,Struct,10469461,84798,1455,0,7195.51
32000,128000,84,Dec,Large,9214887,84798,7771,38,1185.80
32000,128000,85,Inc,Large,9702823,84798,1190,0,8153.63
32000,128000,86,Inc,Large,8076458,84798,976,0,8275.06
32000,128000,87,Dec,Large,9686622,84798,1386,0,6988.90
32000,128000,88,Del,Struct,9517206,84798,866,0,10989.85
32000,128000,89,Inc,Large,10066594,84798,1254,0,8027.59
32000,128000,90,Add,Struct,9301997,84798,1161,0,8012.06
32000,128000,91,Del,Struct,9873977,84796,10037,22,983.76
32000,128000,92,Inc,Large,9722202,84796,1217,0,7988.66
32000,128000,93,Dec,Large,9729952,84796,1041,0,9346.74
32000,128000,94,Dec,Large,10062656,84794,2604,4,3864.31
32000,128000,95,Add,Struct,8655454,84794,2130,0,4063.59
32000,128000,96,Dec,Large,9985726,84794,1437,0,6949.01
32000,128000,97,Add,Struct,11540706,84794,1284,0,8988.09
32000,128000,98,Inc,Large,10773554,84794,1150,0,9368.31
32000,128000,99,Inc,Large,11329435,84794,1411,0,8029.37
32000,128000,100,Dec,Large,11666831,84794,1094,0,10664.38
32000,128000,101,Add,Struct,9249534,84796,2151,4,4300.11
32000,128000,102,Dec,Large,10586677,84796,1097,0,9650.57
32000,128000,103,Del,Struct,8721629,84796,949,0,9190.34
32000,128000,104,Del,Struct,10009526,84796,888,0,11271.99
32000,128000,105,Add,Struct,8717101,84796,1010,0,8630.79
32000,128000,106,Add,Struct,8827404,84796,1377,0,6410.61
32000,128000,107,Inc,Large,9444667,84796,1026,0,9205.33
32000,128000,108,Add,Struct,9285657,84796,4353,18,2133.16
32000,128000,109,Dec,Large,9026119,84796,986,0,9154.28
32000,128000,110,Dec,Large,9090238,84796,1168,0,7782.74
32000,128000,111,Add,Struct,9954460,84796,1733,0,5744.06
32000,128000,112,Del,Struct,9576826,84796,723,0,13245.96
32000,128000,113,Dec,Large,8948437,84796,2339,0,3825.75
32000,128000,114,Del,Struct,10446091,84796,2730,2,3826.41
32000,128000,115,Del,Struct,8811738,84796,1138,0,7743.18
32000,128000,116,Dec,Large,10075369,84796,1308,0,7702.88
32000,128000,117,Inc,Large,9360753,84796,1121,0,8350.36
32000,128000,118,Inc,Large,10164676,84796,1046,0,9717.66
32000,128000,119,Dec,Large,9009917,84794,2415,2,3730.81
32000,128000,120,Del,Struct,8882239,84794,710,0,12510.20
32000,128000,121,Dec,Large,9668178,84794,986,0,9805.45
32000,128000,122,Del,Struct,10205366,84794,1120,0,9111.93
32000,128000,123,Del,Struct,10222593,84794,695,0,14708.77
32000,128000,124,Del,Struct,11562998,84794,1067,0,10836.92
32000,128000,125,Dec,Large,9314057,84794,3240,8,2874.71
32000,128000,126,Dec,Large,9523274,84796,2306,4,4129.78
32000,128000,127,Add,Struct,7943684,84792,3166,10,2509.06
32000,128000,128,Inc,Large,8862414,84794,1193,0,7428.68
32000,128000,129,Del,Struct,9916967,84790,3418,0,2901.39
32000,128000,130,Dec,Large,13167606,84790,2148,2,6130.17
32000,128000,131,Add,Struct,13433813,84790,1244,0,10798.89
32000,128000,132,Dec,Large,13696884,84790,1501,0,9125.17
32000,128000,133,Add,Struct,12523966,84790,1603,0,7812.83
32000,128000,134,Inc,Large,11650624,84790,1558,0,7477.94
32000,128000,135,Dec,Large,11955024,84790,1314,0,9098.19
32000,128000,136,Inc,Large,12625379,84790,9000,8,1402.82
32000,128000,137,Inc,Large,16196037,84790,4952,2,3270.61
32000,128000,138,Del,Struct,12136895,84790,738,0,16445.66
32000,128000,139,Add,Struct,10645221,84790,1220,0,8725.59
32000,128000,140,Add,Struct,10127825,84790,1542,0,6567.98
32000,128000,141,Del,Struct,10753364,84790,713,0,15081.86
32000,128000,142,Del,Struct,11083127,84788,6794,2,1631.31
32000,128000,143,Inc,Large,11018096,84786,3486,2,3160.67
32000,128000,144,Dec,Large,12022362,84786,1515,0,7935.55
32000,128000,145,Dec,Large,13797378,84788,3993,6,3455.39
32000,128000,146,Dec,Large,10741577,84788,1132,0,9489.03
32000,128000,147,Del,Struct,10208111,84788,1033,0,9882.00
32000,128000,148,Inc,Large,10098116,84788,1462,0,6907.06
32000,128000,149,Inc,Large,9245169,84790,6170,6,1498.41
32000,128000,150,Del,Struct,10266144,84788,844,0,12163.68
32000,128000,151,Del,Struct,10646365,84788,757,0,14063.89
32000,128000,152,Del,Struct,10058034,84788,1063,0,9461.93
32000,128000,153,Inc,Large,9930880,84788,4198,4,2365.62
32000,128000,154,Del,Struct,11077152,84788,750,0,14769.54
32000,128000,155,Add,Struct,9367316,84788,2159,0,4338.73
32000,128000,156,Del,Struct,10221393,84786,1026,0,9962.37
32000,128000,157,Inc,Large,12197102,84786,3396,2,3591.61
32000,128000,158,Dec,Large,10052905,84784,3522,2,2854.32
32000,128000,159,Del,Struct,10179754,84784,960,0,10603.91
32000,128000,160,Del,Struct,11373263,84784,1104,0,10301.87
32000,128000,161,Add,Struct,11398769,84784,1049,0,10866.32
32000,128000,162,Inc,Large,12011472,84784,778,0,15438.91
32000,128000,163,Dec,Large,8387184,84784,1003,0,8362.10
32000,128000,164,Del,Struct,8397433,84784,683,0,12294.92
32000,128000,165,Dec,Large,8002872,84784,1040,0,7695.07
32000,128000,166,Add,Struct,10966747,84784,1490,0,7360.23
32000,128000,167,Dec,Large,11154271,84784,1204,0,9264.34
32000,128000,168,Add,Struct,12886204,84784,2955,4,4360.81
32000,128000,169,Inc,Large,12865689,84784,1334,0,9644.44
32000,128000,170,Add,Struct,10726137,84784,1673,0,6411.32
32000,128000,171,Add,Struct,10373245,84786,1560,0,6649.52
32000,128000,172,Dec,Large,11758061,84786,1169,0,10058.22
32000,128000,173,Inc,Large,11999097,84786,1088,0,11028.58
32000,128000,174,Del,Struct,10493716,84786,842,0,12462.85
32000,128000,175,Del,Struct,9285159,84786,895,0,10374.48
32000,128000,176,Add,Struct,11744672,84786,1391,0,8443.33
32000,128000,177,Del,Struct,9352289,84784,3753,4,2491.95
32000,128000,178,Add,Struct,10480670,84786,1797,2,5832.31
32000,128000,179,Inc,Large,10198763,84784,3234,2,3153.61
32000,128000,180,Del,Struct,9666670,84784,838,0,11535.41
32000,128000,181,Inc,Large,10974692,84778,5298,6,2071.48
32000,128000,182,Inc,Large,10257102,84778,1345,0,7626.10
32000,128000,183,Dec,Large,10168551,84778,1121,0,9070.96
32000,128000,184,Del,Struct,10721189,84778,1226,0,8744.85
32000,128000,185,Del,Struct,10130074,84778,1011,0,10019.86
32000,128000,186,Dec,Large,10479216,84778,1145,0,9152.15
32000,128000,187,Inc,Large,10707670,84778,1077,0,9942.13
32000,128000,188,Del,Struct,9669121,84778,905,0,10684.11
32000,128000,189,Inc,Large,11354509,84778,1295,0,8767.96
32000,128000,190,Del,Struct,10108260,84778,672,0,15042.05
32000,128000,191,Del,Struct,10550312,84776,832,0,12680.66
32000,128000,192,Del,Struct,14705310,84776,782,0,18804.74
32000,128000,193,Add,Struct,12204298,84776,1036,0,11780.21
32000,128000,194,Dec,Large,9330969,84776,1436,0,6497.89
32000,128000,195,Dec,Large,9929685,84776,2032,2,4886.66
32000,128000,196,Add,Struct,9837503,84776,1714,0,5739.50
32000,128000,197,Del,Struct,9834885,84776,919,0,10701.72
32000,128000,198,Dec,Large,10033412,84778,14477,2,693.06
32000,128000,199,Del,Struct,9190213,84778,960,0,9573.14
32000,128000,200,Dec,Large,9972258,84778,1141,0,8739.93
32000,128000,201,Inc,Large,10021084,84778,1393,0,7193.89
32000,128000,202,Inc,Large,10941128,84778,1341,0,8158.93
32000,128000,203,Dec,Large,10171744,84778,1198,0,8490.60
32000,128000,204,Del,Struct,9103451,84778,1022,0,8907.49
32000,128000,205,Dec,Large,10009224,84778,1498,0,6681.72
32000,128000,206,Add,Struct,9260435,84778,3030,2,3056.25
32000,128000,207,Inc,Large,10978590,84778,1029,0,10669.18
32000,128000,208,Inc,Large,10087635,84778,950,0,10618.56
32000,128000,209,Add,Struct,8947568,84778,4972,16,1799.59
32000,128000,210,Inc,Large,9872701,84788,33046,56,298.76
32000,128000,211,Dec,Large,9845672,84772,152264,472,64.66
32000,128000,212,Dec,Large,10168084,84772,1149,0,8849.51
32000,128000,213,Dec,Large,10301116,84772,1647,0,6254.47
32000,128000,214,Del,Struct,10301436,84772,916,0,11246.11
32000,128000,215,Dec,Large,10338756,84774,4292,8,2408.84
32000,128000,216,Del,Struct,13789630,84774,694,0,19869.78
32000,128000,217,Inc,Large,13969466,84774,1071,0,13043.39
32000,128000,218,Inc,Large,12921829,84774,987,0,13092.03
32000,128000,219,Dec,Large,12053133,84774,1284,0,9387.18
32000,128000,220,Inc,Large,11209126,84776,17688,28,633.71
32000,128000,221,Del,Struct,10966229,84776,913,0,12011.20
32000,128000,222,Del,Struct,9174568,84776,1002,0,9156.26
32000,128000,223,Inc,Large,9790647,84776,1438,0,6808.52
32000,128000,224,Inc,Large,10332700,84776,1079,0,9576.18
32000,128000,225,Add,Struct,9833211,84776,950,0,10350.75
32000,128000,226,Inc,Large,9612305,84776,1029,0,9341.40
32000,128000,227,Add,Struct,9986041,84776,851,0,11734.48
32000,128000,228,Del,Struct,10112787,84776,763,0,13253.98
32000,128000,229,Add,Struct,11184765,84776,1178,0,9494.71
32000,128000,230,Dec,Large,10188154,84776,1052,0,9684.56
32000,128000,231,Del,Struct,9688826,84776,940,0,10307.26
32000,128000,232,Del,Struct,9993480,84776,1104,0,9052.07
32000,128000,233,Add,Struct,9438809,84776,2626,0,3594.37
32000,128000,234,Add,Struct,10161286,84776,3480,0,2919.91
32000,128000,235,Del,Struct,11094337,84776,931,0,11916.58
32000,128000,236,Add,Struct,9425101,84778,1095,0,8607.40
32000,128000,237,Add,Struct,10195184,84776,2493,2,4089.52
32000,128000,238,Add,Struct,9906450,84776,2092,0,4735.40
32000,128000,239,Add,Struct,12257237,84776,2335,0,5249.35
32000,128000,240,Dec,Large,13417207,84776,1599,0,8391.00
32000,128000,241,Dec,Large,11157336,84776,1823,2,6120.32
32000,128000,242,Dec,Large,9055882,84776,20155,2,449.31
32000,128000,243,Dec,Large,9527976,84774,4620,8,2062.33
32000,128000,244,Inc,Large,10056903,84774,5222,8,1925.87
32000,128000,245,Del,Struct,8532075,84774,792,0,10772.82
32000,128000,246,Inc,Large,9962958,84774,1349,0,7385.44
32000,128000,247,Dec,Large,9079595,84774,1457,0,6231.71
32000,128000,248,Del,Struct,10344171,84774,1030,0,10042.88
32000,128000,249,Del,Struct,9063357,84772,697,0,13003.38
32000,128000,250,Del,Struct,10254642,84772,975,0,10517.58
32000,128000,251,Inc,Large,9322517,84772,4561,6,2043.96
32000,128000,252,Inc,Large,9276203,84770,3971,4,2335.99
32000,128000,253,Del,Struct,9842402,84772,757,0,13001.85
32000,128000,254,Del,Struct,9284944,84772,3153,2,2944.80
32000,128000,255,Inc,Large,9208121,84772,1334,0,6902.64
32000,128000,256,Add,Struct,9209553,84772,1767,2,5211.97
32000,128000,257,Inc,Large,9346534,84772,1296,0,7211.83
32000,128000,258,Del,Struct,9982738,84772,1212,0,8236.58
32000,128000,259,Inc,Large,9644803,84772,1597,0,6039.33
32000,128000,260,Dec,Large,10802420,84770,3235,6,3339.23
32000,128000,261,Inc,Large,10248456,84770,1315,0,7793.50
32000,128000,262,Del,Struct,10817005,84768,2455,0,4406.11
32000,128000,263,Add,Struct,12451739,84766,3522,6,3535.42
32000,128000,264,Del,Struct,12780978,84766,975,0,13108.70
32000,128000,265,Add,Struct,13372389,84768,2475,0,5402.99
32000,128000,266,Dec,Large,12524616,84768,1873,0,6686.93
32000,128000,267,Del,Struct,13015265,84768,6036,4,2156.27
32000,128000,268,Dec,Large,12966623,84770,3777,4,3433.05
32000,128000,269,Del,Struct,11224512,84770,1540,0,7288.64
32000,128000,270,Dec,Large,11912388,84770,2735,2,4355.53
32000,128000,271,Del,Struct,13867981,84768,3894,2,3561.37
32000,128000,272,Inc,Large,12132258,84768,1439,0,8431.03
32000,128000,273,Del,Struct,12045861,84764,13310,30,905.02
32000,128000,274,Add,Struct,11791665,84764,2943,6,4006.68
32000,128000,275,Add,Struct,10679902,84764,1391,0,7677.86
32000,128000,276,Del,Struct,12802384,84764,1252,0,10225.55
32000,128000,277,Add,Struct,14974835,84766,4784,2,3130.19
32000,128000,278,Dec,Large,16017149,84766,1326,0,12079.30
32000,128000,279,Add,Struct,15607086,84766,3042,0,5130.53
32000,128000,280,Inc,Large,14942275,84766,1351,0,11060.16
32000,128000,281,Add,Struct,17430464,84766,2065,0,8440.90
32000,128000,282,Add,Struct,10205360,84766,1762,0,5791.92
32000,128000,283,Inc,Large,14228560,84766,2228,0,6386.25
32000,128000,284,Del,Struct,13293026,84766,885,0,15020.37
32000,128000,285,Del,Struct,8924708,84766,873,0,10223.03
32000,128000,286,Del,Struct,9125899,84764,3700,2,2466.46
32000,128000,287,Inc,Large,8400135,84764,1182,0,7106.71
32000,128000,288,Inc,Large,10128247,84764,1234,0,8207.66
32000,128000,289,Del,Struct,9418771,84764,1005,0,9371.91
32000,128000,290,Del,Struct,9791023,84764,714,0,13712.92
32000,128000,291,Inc,Large,8932354,84762,9363,22,954.01
32000,128000,292,Dec,Large,8976047,84762,1803,0,4978.40
32000,128000,293,Inc,Large,9837357,84766,3177,2,3096.43
32000,128000,294,Add,Struct,9611822,84766,1692,0,5680.75
32000,128000,295,Del,Struct,11776762,84766,1026,0,11478.33
32000,128000,296,Dec,Large,12849969,84766,1437,0,8942.22
32000,128000,297,Inc,Large,10751374,84766,1393,0,7718.14
32000,128000,298,Add,Struct,10124283,84768,27038,4,374.45
32000,128000,299,Del,Struct,10264203,84766,1192,0,8610.91
32000,128000,300,Dec,Large,10828459,84766,1422,0,7614.95
32000,128000,301,Dec,Large,12028372,84762,3588,2,3352.39
32000,128000,302,Add,Struct,10464794,84762,2259,0,4632.49
32000,128000,303,Del,Struct,10949848,84762,23050,0,475.05
32000,128000,304,Dec,Large,11788881,84760,2623,4,4494.43
32000,128000,305,Add,Struct,9430125,84760,1199,0,7864.99
32000,128000,306,Inc,Large,11274850,84760,1709,0,6597.34
32000,128000,307,Add,Struct,13819751,84760,11462,34,1205.70
32000,128000,308,Del,Struct,12864275,84760,1150,0,11186.33
32000,128000,309,Dec,Large,12153662,84758,2029,2,5989.98
32000,128000,310,Add,Struct,10869114,84758,1427,0,7616.76
32000,128000,311,Del,Struct,10027722,84758,763,0,13142.49
32000,128000,312,Dec,Large,9602984,84758,1754,0,5474.91
32000,128000,313,Inc,Large,9318031,84758,1151,0,8095.60
32000,128000,314,Del,Struct,9307130,84758,752,0,12376.50
32000,128000,315,Del,Struct,11458062,84758,3777,4,3033.64
32000,128000,316,Add,Struct,13758538,84760,2491,0,5523.30
32000,128000,317,Dec,Large,11406761,84760,1022,0,11161.21
32000,128000,318,Add,Struct,11456313,84760,1274,0,8992.40
32000,128000,319,Add,Struct,12101827,84762,1081,0,11195.03
32000,128000,320,Add,Struct,11733152,84762,2143,0,5475.11
32000,128000,321,Dec,Large,13220820,84762,1502,0,8802.14
32000,128000,322,Inc,Large,12206247,84762,2027,0,6021.83
32000,128000,323,Add,Struct,12963924,84764,1992,2,6507.99
32000,128000,324,Add,Struct,12221972,84766,3231,2,3782.72
32000,128000,325,Inc,Large,12737612,84766,1773,0,7184.21
32000,128000,326,Inc,Large,11064983,84766,1277,0,8664.83
32000,128000,327,Inc,Large,10730027,84766,1362,0,7878.14
32000,128000,328,Dec,Large,12285002,84766,1562,0,7864.92
32000,128000,329,Add,Struct,10568976,84766,980,0,10784.67
32000,128000,330,Add,Struct,8434358,84766,1454,0,5800.80
32000,128000,331,Add,Struct,8044981,84766,1562,0,5150.44
32000,128000,332,Inc,Large,9005222,84762,3840,4,2345.11
32000,128000,333,Del,Struct,8864344,84762,1100,0,8058.49
32000,128000,334,Dec,Large,8460274,84762,947,0,8933.76
32000,128000,335,Dec,Large,8000499,84762,960,0,8333.85
32000,128000,336,Add,Struct,8632980,84762,1779,0,4852.72
32000,128000,337,Inc,Large,9001820,84762,1141,0,7889.41
32000,128000,338,Dec,Large,9455857,84762,2710,4,3489.25
32000,128000,339,Dec,Large,8727276,84762,2324,2,3755.28
32000,128000,340,Add,Struct,10102434,84762,1873,0,5393.72
32000,128000,341,Del,Struct,8898134,84762,653,0,13626.55
32000,128000,342,Add,Struct,9185114,84762,2220,0,4137.44
32000,128000,343,Inc,Large,10593963,84762,1235,0,8578.11
32000,128000,344,Dec,Large,8447062,84762,1894,0,4459.91
32000,128000,345,Del,Struct,9991270,84758,4019,6,2486.01
32000,128000,346,Inc,Large,8291069,84758,1071,0,7741.43
32000,128000,347,Inc,Large,9468053,84756,1502,0,6303.63
32000,128000,348,Inc,Large,8370599,84756,1265,0,6617.07
32000,128000,349,Add,Struct,8208497,84756,1503,0,5461.41
32000,128000,350,Dec,Large,9062240,84756,1215,0,7458.63
32000,128000,351,Add,Struct,12124017,84756,1692,0,7165.49
32000,128000,352,Inc,Large,14212615,84756,1635,0,8692.73
32000,128000,353,Add,Struct,11829460,84758,1156,0,10233.10
32000,128000,354,Del,Struct,11346018,84758,1115,0,10175.80
32000,128000,355,Del,Struct,14469199,84756,6967,8,2076.82
32000,128000,356,Add,Struct,14214594,84756,3125,2,4548.67
32000,128000,357,Del,Struct,13184337,84754,4646,8,2837.78
32000,128000,358,Dec,Large,12617106,84754,2156,2,5852.09
32000,128000,359,Add,Struct,13432053,84754,3117,0,4309.29
32000,128000,360,Del,Struct,14454573,84754,820,0,17627.53
32000,128000,361,Dec,Large,12171492,84754,1242,0,9799.91
32000,128000,362,Del,Struct,11631850,84760,39012,90,298.16
32000,128000,363,Inc,Large,10787506,84760,954,0,11307.66
32000,128000,364,Add,Struct,11139053,84760,1062,0,10488.75
32000,128000,365,Add,Struct,10288939,84760,1295,0,7945.13
32000,128000,366,Dec,Large,10062442,84760,2774,4,3627.41
32000,128000,367,Dec,Large,11390654,84760,1390,0,8194.72
32000,128000,368,Add,Struct,10286919,84760,1325,0,7763.71
32000,128000,369,Inc,Large,11902945,84760,1572,0,7571.85
32000,128000,370,Del,Struct,10918887,84760,1064,0,10262.11
32000,128000,371,Add,Struct,10058194,84760,1876,0,5361.51
32000,128000,372,Add,Struct,11324721,84758,2994,4,3782.47
32000,128000,373,Inc,Large,10675905,84758,1204,0,8867.03
32000,128000,374,Del,Struct,9566201,84758,1060,0,9024.72
32000,128000,375,Dec,Large,9997752,84758,1517,0,6590.48
32000,128000,376,Inc,Large,10451107,84758,1017,0,10276.41
32000,128000,377,Inc,Large,9996200,84758,1172,0,8529.18
32000,128000,378,Del,Struct,10168563,84756,1072,0,9485.60
32000,128000,379,Inc,Large,8935266,84756,1337,0,6683.07
32000,128000,380,Inc,Large,10970532,84756,1717,0,6389.36
32000,128000,381,Add,Struct,11984432,84756,3468,6,3455.72
32000,128000,382,Add,Struct,12393825,84756,2280,2,5435.89
32000,128000,383,Inc,Large,10422081,84756,4046,2,2575.90
32000,128000,384,Del,Struct,9998613,84756,1060,0,9432.65
32000,128000,385,Inc,Large,9544124,84756,1131,0,8438.66
32000,128000,386,Dec,Large,10320949,84756,1195,0,8636.78
32000,128000,387,Dec,Large,11234229,84756,1199,0,9369.67
32000,128000,388,Dec,Large,10196099,84756,1155,0,8827.79
32000,128000,389,Dec,Large,11713602,84756,1871,2,6260.61
32000,128000,390,Add,Struct,10174272,84756,1783,0,5706.27
32000,128000,391,Add,Struct,10783558,84756,2840,0,3797.03
32000,128000,392,Del,Struct,9931443,84754,3594,4,2763.34
32000,128000,393,Dec,Large,10651706,84754,2988,2,3564.83
32000,128000,394,Del,Struct,11510888,84754,6036,4,1907.04
32000,128000,395,Inc,Large,11697294,84754,1348,0,8677.52
32000,128000,396,Inc,Large,11751934,84754,1152,0,10201.33
32000,128000,397,Inc,Large,12778163,84754,5476,6,2333.48
32000,128000,398,Del,Struct,11306759,84754,1270,0,8902.96
32000,128000,399,Inc,Large,14507436,84754,1336,0,10858.86
32000,128000,400,Add,Struct,14186322,84754,907,0,15640.93
32000,128000,401,Dec,Large,14626593,84754,1571,0,9310.37
32000,128000,402,Add,Struct,12598060,84756,4669,12,2698.24
32000,128000,403,Inc,Large,10967153,84756,1096,0,10006.53
32000,128000,404,Dec,Large,12139895,84756,1058,0,11474.38
32000,128000,405,Inc,Large,11994270,84756,2083,0,5758.17
32000,128000,406,Dec,Large,17276286,84756,1650,0,10470.48
32000,128000,407,Del,Struct,16995425,84756,2639,0,6440.10
32000,128000,408,Dec,Large,15534918,84756,2534,0,6130.59
32000,128000,409,Add,Struct,16132986,84756,4795,6,3364.54
32000,128000,410,Dec,Large,16750958,84754,7570,2,2212.81
32000,128000,411,Dec,Large,18407838,84754,1520,0,12110.42
32000,128000,412,Inc,Large,18069931,84754,1395,0,12953.36
32000,128000,413,Dec,Large,12743424,84754,3087,2,4128.09
32000,128000,414,Dec,Large,12966269,84740,15471,20,838.10
32000,128000,415,Dec,Large,12118180,84740,961,0,12609.97
32000,128000,416,Del,Struct,12113890,84740,1016,0,11923.12
32000,128000,417,Inc,Large,13093065,84740,1178,0,11114.66
32000,128000,418,Inc,Large,13018143,84740,1263,0,10307.32
32000,128000,419,Inc,Large,10693038,84742,3148,2,3396.77
32000,128000,420,Del,Struct,11525900,84742,2568,0,4488.28
32000,128000,421,Inc,Large,13205574,84742,1116,0,11832.95
32000,128000,422,Inc,Large,9950821,84740,2995,2,3322.48
32000,128000,423,Dec,Large,10956788,84740,2517,0,4353.11
32000,128000,424,Dec,Large,12377653,84740,1320,0,9377.01
32000,128000,425,Dec,Large,12597614,84746,10067,34,1251.38
32000,128000,426,Del,Struct,15333848,84746,1045,0,14673.54
32000,128000,427,Add,Struct,15657972,84746,1848,0,8472.93
32000,128000,428,Add,Struct,15269504,84746,2141,0,7131.95
32000,128000,429,Add,Struct,15530278,84746,1671,0,9294.00
32000,128000,430,Add,Struct,14084679,84746,2180,0,6460.86
32000,128000,431,Del,Struct,15588733,84746,1352,0,11530.13
32000,128000,432,Add,Struct,14938599,84746,2607,0,5730.19
32000,128000,433,Add,Struct,14022113,84746,1906,2,7356.83
32000,128000,434,Add,Struct,15292444,84750,2793,4,5475.28
32000,128000,435,Dec,Large,16605371,84750,1069,0,15533.56
32000,128000,436,Dec,Large,14250712,84750,1163,0,12253.41
32000,128000,437,Dec,Large,15392209,84750,1616,0,9524.88
32000,128000,438,Del,Struct,15767672,84746,10421,14,1513.07
32000,128000,439,Dec,Large,15679640,84744,1227,0,12778.84
32000,128000,440,Add,Struct,14134976,84746,2682,2,5270.31
32000,128000,441,Inc,Large,14411950,84746,1311,0,10993.10
32000,128000,442,Del,Struct,11149193,84744,12905,40,863.94
32000,128000,443,Del,Struct,12691089,84744,1325,0,9578.18
32000,128000,444,Inc,Large,12173961,84744,1285,0,9473.90
32000,128000,445,Inc,Large,11838871,84744,2137,0,5539.95
32000,128000,446,Add,Struct,13557855,84746,1684,0,8050.98
32000,128000,447,Dec,Large,11739441,84746,1262,0,9302.25
32000,128000,448,Del,Struct,13373094,84746,941,0,14211.58
32000,128000,449,Inc,Large,14239922,84746,3415,2,4169.82
32000,128000,450,Add,Struct,11735573,84746,935,0,12551.41
32000,128000,451,Del,Struct,12199994,84746,900,0,13555.55
32000,128000,452,Dec,Large,13676217,84746,1345,0,10168.19
32000,128000,453,Inc,Large,12370078,84746,7652,12,1616.58
32000,128000,454,Inc,Large,12138056,84744,1448,0,8382.64
32000,128000,455,Add,Struct,12419079,84744,1192,0,10418.69
32000,128000,456,Inc,Large,9895122,84742,2491,2,3972.35
32000,128000,457,Inc,Large,9147863,84742,13578,0,673.73
32000,128000,458,Dec,Large,15107055,84742,1811,0,8341.83
32000,128000,459,Del,Struct,13929481,84742,971,0,14345.50
32000,128000,460,Inc,Large,11038159,84742,1177,0,9378.21
32000,128000,461,Inc,Large,8345156,84742,843,0,9899.35
32000,128000,462,Inc,Large,12355056,84742,1366,0,9044.70
32000,128000,463,Del,Struct,12429926,84740,1073,0,11584.27
32000,128000,464,Add,Struct,12433313,84740,4556,6,2729.00
32000,128000,465,Dec,Large,10372991,84740,1861,0,5573.88
32000,128000,466,Inc,Large,11996234,84740,1242,0,9658.80
32000,128000,467,Dec,Large,10809222,84740,1280,0,8444.70
32000,128000,468,Inc,Large,9876046,84740,1346,0,7337.33
32000,128000,469,Del,Struct,11858354,84740,1542,0,7690.24
32000,128000,470,Dec,Large,10016216,84740,994,0,10076.68
32000,128000,471,Dec,Large,9693069,84740,7399,0,1310.05
32000,128000,472,Del,Struct,10003605,84740,4778,4,2093.68
32000,128000,473,Add,Struct,10601444,84740,2199,0,4821.03
32000,128000,474,Inc,Large,9730509,84740,938,0,10373.68
32000,128000,475,Del,Struct,7780422,84740,664,0,11717.50
32000,128000,476,Del,Struct,9837799,84740,894,0,11004.25
32000,128000,477,Add,Struct,9207227,84740,1964,0,4688.00
32000,128000,478,Del,Struct,11518833,84740,2698,2,4269.40
32000,128000,479,Del,Struct,10221800,84740,971,0,10527.09
32000,128000,480,Del,Struct,9572322,84740,622,0,15389.59
32000,128000,481,Inc,Large,10658342,84740,1017,0,10480.18
32000,128000,482,Inc,Large,9817453,84740,1757,0,5587.62
32000,128000,483,Inc,Large,9083975,84740,952,0,9541.99
32000,128000,484,Add,Struct,11435895,84740,2368,0,4829.35
32000,128000,485,Add,Struct,9124703,84740,1884,2,4843.26
32000,128000,486,Del,Struct,11028781,84740,2045,0,5393.05
32000,128000,487,Del,Struct,10847594,84738,687,0,15789.80
32000,128000,488,Del,Struct,9729836,84738,2646,2,3677.19
32000,128000,489,Inc,Large,11003116,84736,4405,4,2497.87
32000,128000,490,Add,Struct,13422920,84736,1384,0,9698.64
32000,128000,491,Dec,Large,9506113,84742,11914,74,797.89
32000,128000,492,Del,Struct,13866124,84742,1734,0,7996.61
32000,128000,493,Del,Struct,13746465,84742,2392,0,5746.85
32000,128000,494,Del,Struct,15098400,84742,2689,2,5614.88
32000,128000,495,Del,Struct,16718173,84742,1161,0,14399.80
32000,128000,496,Inc,Large,15319336,84740,3493,2,4385.72
32000,128000,497,Inc,Large,11971757,84740,1796,0,6665.79
32000,128000,498,Add,Struct,13226143,84740,3839,0,3445.21
32000,128000,499,Del,Struct,13835275,84742,3853,2,3590.78
32000,128000,500,Del,Struct,12058966,84742,967,0,12470.49
32000,128000,501,Dec,Large,9262291,84742,1394,0,6644.40
32000,128000,502,Dec,Large,12432993,84744,2610,2,4763.60
32000,128000,503,Dec,Large,12664536,84744,1223,0,10355.30
32000,128000,504,Dec,Large,11038406,84744,2650,0,4165.44
32000,128000,505,Dec,Large,11342746,84744,1949,0,5819.78
32000,128000,506,Add,Struct,11583253,84746,2921,0,3965.51
32000,128000,507,Del,Struct,12121156,84744,1082,0,11202.55
32000,128000,508,Dec,Large,13425246,84744,1382,0,9714.36
32000,128000,509,Dec,Large,10093815,84744,1961,2,5147.28
32000,128000,510,Dec,Large,11400662,84744,1166,0,9777.58
32000,128000,511,Add,Struct,9930930,84746,3828,4,2594.29
32000,128000,512,Inc,Large,12677656,84746,1405,0,9023.24
32000,128000,513,Del,Struct,14513864,84750,19093,8,760.17
32000,128000,514,Dec,Large,15679286,84744,3024,4,5184.95
32000,128000,515,Del,Struct,14807999,84744,1088,0,13610.29
32000,128000,516,Dec,Large,11023070,84744,2588,2,4259.30
32000,128000,517,Dec,Large,10206340,84744,906,0,11265.28
32000,128000,518,Del,Struct,10081560,84744,1060,0,9510.91
32000,128000,519,Inc,Large,10346074,84744,1112,0,9304.02
32000,128000,520,Dec,Large,9754435,84746,1901,2,5131.21
32000,128000,521,Inc,Large,10023669,84744,15350,6,653.01
32000,128000,522,Inc,Large,10975288,84742,4822,4,2276.09
32000,128000,523,Inc,Large,12042093,84742,1030,0,11691.35
32000,128000,524,Dec,Large,10416156,84742,6479,2,1607.68
32000,128000,525,Inc,Large,15208684,84742,3053,0,4981.55
32000,128000,526,Inc,Large,11699848,84742,5968,6,1960.43
32000,128000,527,Del,Struct,11093478,84742,790,0,14042.38
32000,128000,528,Del,Struct,11131995,84740,1433,0,7768.31
32000,128000,529,Del,Struct,12757042,84740,805,0,15847.26
32000,128000,530,Dec,Large,10083695,84740,1124,0,8971.26
32000,128000,531,Inc,Large,9948108,84740,1574,0,6320.27
32000,128000,532,Inc,Large,13102704,84740,1755,0,7465.93
32000,128000,533,Del,Struct,10489831,84740,730,0,14369.63
32000,128000,534,Inc,Large,13502288,84740,1409,0,9582.89
32000,128000,535,Dec,Large,10702033,84742,2403,4,4453.61
32000,128000,536,Dec,Large,12701836,84742,1014,0,12526.47
32000,128000,537,Del,Struct,10117699,84742,1189,0,8509.42
32000,128000,538,Add,Struct,9711094,84742,1571,0,6181.47
32000,128000,539,Del,Struct,10503042,84742,1034,0,10157.68
32000,128000,540,Inc,Large,10115574,84742,1045,0,9679.98
32000,128000,541,Del,Struct,10145023,84742,717,0,14149.26
32000,128000,542,Dec,Large,9785415,84740,2586,2,3784.00
32000,128000,543,Inc,Large,11127785,84740,4274,6,2603.60
32000,128000,544,Dec,Large,9661782,84740,1173,0,8236.81
32000,128000,545,Inc,Large,9543536,84740,1395,0,6841.24
32000,128000,546,Dec,Large,10516546,84740,1144,0,9192.78
32000,128000,547,Dec,Large,11530530,84740,2938,0,3924.62
32000,128000,548,Add,Struct,9224806,84740,1078,0,8557.33
32000,128000,549,Del,Struct,11162775,84740,668,0,16710.74
32000,128000,550,Dec,Large,10454037,84740,1222,0,8554.86
32000,128000,551,Inc,Large,11358978,84740,1161,0,9783.79
32000,128000,552,Add,Struct,9718624,84740,1863,2,5216.65
32000,128000,553,Add,Struct,11022772,84740,2321,0,4749.15
32000,128000,554,Add,Struct,8852625,84740,1743,0,5078.96
32000,128000,555,Dec,Large,11162507,84740,1364,0,8183.66
32000,128000,556,Inc,Large,10340949,84740,2654,0,3896.36
32000,128000,557,Del,Struct,10118117,84740,908,0,11143.30
32000,128000,558,Del,Struct,15179733,84740,880,0,17249.70
32000,128000,559,Dec,Large,14066134,84740,2902,4,4847.05
32000,128000,560,Inc,Large,11492067,84742,17837,4,644.28
32000,128000,561,Add,Struct,13545615,84742,5267,0,2571.79
32000,128000,562,Add,Struct,10234487,84742,998,0,10255.00
32000,128000,563,Del,Struct,8854581,84742,1007,0,8793.03
32000,128000,564,Add,Struct,10216436,84742,833,0,12264.63
32000,128000,565,Inc,Large,11192122,84742,3118,2,3589.52
32000,128000,566,Dec,Large,10533563,84742,1039,0,10138.17
32000,128000,567,Dec,Large,11050842,84732,7933,34,1393.02
32000,128000,568,Inc,Large,12315575,84732,1185,0,10392.89
32000,128000,569,Dec,Large,12394517,84732,1274,0,9728.82
32000,128000,570,Inc,Large,8827350,84732,3146,2,2805.90
32000,128000,571,Inc,Large,14870526,84734,6530,6,2277.26
32000,128000,572,Del,Struct,13207777,84736,3114,2,4241.42
32000,128000,573,Add,Struct,12083966,84736,2641,0,4575.53
32000,128000,574,Dec,Large,11149218,84736,1131,0,9857.84
32000,128000,575,Dec,Large,13190908,84736,3265,0,4040.09
32000,128000,576,Del,Struct,13592519,84736,897,0,15153.31
32000,128000,577,Inc,Large,10202782,84736,1057,0,9652.58
32000,128000,578,Add,Struct,14958863,84736,2479,0,6034.23
32000,128000,579,Add,Struct,11287013,84736,1111,0,10159.33
32000,128000,580,Del,Struct,10051513,84736,3054,2,3291.26
32000,128000,581,Add,Struct,10356960,84736,1583,0,6542.62
32000,128000,582,Add,Struct,11564828,84736,2905,0,3981.01
32000,128000,583,Add,Struct,11291542,84736,1071,0,10542.99
32000,128000,584,Add,Struct,9795339,84738,1681,0,5827.09
32000,128000,585,Inc,Large,12306595,84738,1085,0,11342.48
32000,128000,586,Del,Struct,11940105,84738,1321,0,9038.69
32000,128000,587,Del,Struct,8921658,84738,872,0,10231.26
32000,128000,588,Dec,Large,10693318,84740,2570,4,4160.82
32000,128000,589,Inc,Large,9285130,84740,894,0,10386.05
32000,128000,590,Dec,Large,10736881,84740,9207,8,1166.16
32000,128000,591,Inc,Large,11631836,84740,1199,0,9701.28
32000,128000,592,Inc,Large,9747724,84740,1011,0,9641.67
32000,128000,593,Dec,Large,12175955,84740,1254,0,9709.69
32000,128000,594,Del,Struct,12192789,84740,834,0,14619.65
32000,128000,595,Del,Struct,10004389,84740,2114,2,4732.45
32000,128000,596,Inc,Large,12328515,84740,2100,0,5870.72
32000,128000,597,Dec,Large,12035138,84740,1072,0,11226.81
32000,128000,598,Inc,Large,8738499,84740,1237,0,7064.27
32000,128000,599,Add,Struct,10208191,84740,2121,2,4812.91
32000,128000,600,Dec,Large,14022960,84742,4806,12,2917.80
32000,128000,601,Dec,Large,13915482,84742,1550,0,8977.73
32000,128000,602,Del,Struct,10543153,84742,776,0,13586.54
32000,128000,603,Add,Struct,12020956,84742,2214,0,5429.52
32000,128000,604,Dec,Large,9629318,84742,1414,0,6809.98
32000,128000,605,Del,Struct,9373559,84742,943,0,9940.15
32000,128000,606,Del,Struct,12578495,84742,745,0,16883.89
32000,128000,607,Inc,Large,9986644,84742,2944,0,3392.20
32000,128000,608,Del,Struct,11340682,84742,760,0,14921.95
32000,128000,609,Add,Struct,10233252,84742,1896,0,5397.28
32000,128000,610,Inc,Large,8719846,84742,1032,0,8449.46
32000,128000,611,Del,Struct,11003266,84742,841,0,13083.55
32000,128000,612,Add,Struct,9670938,84746,5119,4,1889.22
32000,128000,613,Add,Struct,10868872,84746,2896,0,3753.06
32000,128000,614,Add,Struct,11520833,84746,2703,0,4262.24
32000,128000,615,Del,Struct,12258936,84744,8104,16,1512.70
32000,128000,616,Dec,Large,8958451,84744,960,0,9331.72
32000,128000,617,Dec,Large,10617931,84744,1251,0,8487.55
32000,128000,618,Del,Struct,9745327,84744,890,0,10949.81
32000,128000,619,Del,Struct,16927880,84744,2665,0,6351.92
32000,128000,620,Del,Struct,12741925,84744,5329,4,2391.05
32000,128000,621,Inc,Large,12698581,84744,1529,0,8305.15
32000,128000,622,Inc,Large,13626686,84744,1206,0,11299.08
32000,128000,623,Add,Struct,11187551,84746,2123,0,5269.69
32000,128000,624,Dec,Large,10421705,84746,883,0,11802.61
32000,128000,625,Add,Struct,11149219,84746,2237,0,4984.00
32000,128000,626,Del,Struct,10905442,84746,671,0,16252.52
32000,128000,627,Inc,Large,11306949,84748,3971,4,2847.38
32000,128000,628,Inc,Large,11097146,84746,5798,6,1913.96
32000,128000,629,Del,Struct,12037096,84746,1345,0,8949.51
32000,128000,630,Inc,Large,12168940,84746,1522,0,7995.36
32000,128000,631,Dec,Large,12331589,84746,1218,0,10124.46
32000,128000,632,Del,Struct,9695839,84742,22115,6,438.43
32000,128000,633,Dec,Large,9572944,84742,1477,0,6481.34
32000,128000,634,Dec,Large,9695564,84742,1208,0,8026.13
32000,128000,635,Del,Struct,8783936,84742,3881,2,2263.32
32000,128000,636,Dec,Large,11129365,84742,1595,0,6977.66
32000,128000,637,Dec,Large,10413243,84742,1017,0,10239.18
32000,128000,638,Del,Struct,13949480,84742,964,0,14470.41
32000,128000,639,Inc,Large,15121431,84742,1612,0,9380.54
32000,128000,640,Dec,Large,11053673,84740,1947,2,5677.28
32000,128000,641,Dec,Large,8895913,84740,1199,0,7419.44
32000,128000,642,Dec,Large,10069871,84740,1179,0,8541.03
32000,128000,643,Add,Struct,10113959,84740,13695,0,738.51
32000,128000,644,Del,Struct,10766156,84740,794,0,13559.39
32000,128000,645,Inc,Large,9389775,84744,2906,2,3231.17
32000,128000,646,Inc,Large,8537727,84744,914,0,9341.06
32000,128000,647,Del,Struct,11449620,84744,1000,0,11449.62
32000,128000,648,Dec,Large,9852225,84744,1245,0,7913.43
32000,128000,649,Dec,Large,8253393,84744,1018,0,8107.46
32000,128000,650,Inc,Large,9782187,84744,1535,0,6372.76
32000,128000,651,Add,Struct,9667668,84744,1928,0,5014.35
32000,128000,652,Inc,Large,9432832,84744,1445,0,6527.91
32000,128000,653,Del,Struct,9131149,84744,802,0,11385.47
32000,128000,654,Dec,Large,10450788,84744,1094,0,9552.82
32000,128000,655,Del,Struct,9818107,84740,5020,6,1955.80
32000,128000,656,Dec,Large,10366383,84740,1250,0,8293.11
32000,128000,657,Dec,Large,9337800,84740,1005,0,9291.34
32000,128000,658,Del,Struct,7876986,84740,772,0,10203.35
32000,128000,659,Add,Struct,11557665,84742,2903,4,3981.28
32000,128000,660,Inc,Large,10347964,84756,38395,170,269.51
32000,128000,661,Add,Struct,9226959,84758,1055,0,8745.93
32000,128000,662,Dec,Large,9839598,84758,1125,0,8746.31
32000,128000,663,Del,Struct,8753422,84758,1074,0,8150.30
32000,128000,664,Dec,Large,10371196,84762,4634,10,2238.07
32000,128000,665,Del,Struct,11998438,84758,4476,6,2680.62
32000,128000,666,Add,Struct,10819682,84760,892,0,12129.69
32000,128000,667,Inc,Large,11648743,84758,8272,2,1408.21
32000,128000,668,Del,Struct,10227541,84758,948,0,10788.55
32000,128000,669,Dec,Large,10759068,84758,994,0,10824.01
32000,128000,670,Dec,Large,10806127,84758,3619,0,2985.94
32000,128000,671,Dec,Large,10881506,84758,4979,12,2185.48
32000,128000,672,Del,Struct,9634545,84756,662,0,14553.69
32000,128000,673,Inc,Large,10532969,84756,1732,0,6081.39
32000,128000,674,Del,Struct,11263129,84756,1061,0,10615.58
32000,128000,675,Add,Struct,12085575,84758,20917,6,577.79
32000,128000,676,Del,Struct,9971606,84758,708,0,14084.19
32000,128000,677,Del,Struct,9395900,84758,1153,0,8149.09
32000,128000,678,Inc,Large,10543137,84760,6019,8,1751.64
32000,128000,679,Dec,Large,12337359,84762,2279,2,5413.50
32000,128000,680,Del,Struct,10571959,84762,2894,2,3653.06
32000,128000,681,Inc,Large,11977134,84762,1219,0,9825.38
32000,128000,682,Inc,Large,11672998,84762,3461,2,3372.72
32000,128000,683,Inc,Large,11885939,84766,8378,2,1418.71
32000,128000,684,Add,Struct,11265092,84766,1350,0,8344.51
32000,128000,685,Inc,Large,11366019,84766,1295,0,8776.85
32000,128000,686,Dec,Large,10305892,84764,4932,12,2089.60
32000,128000,687,Del,Struct,9440926,84764,891,0,10595.88
32000,128000,688,Dec,Large,10087335,84764,1531,0,6588.72
32000,128000,689,Inc,Large,10170275,84764,1005,0,10119.68
32000,128000,690,Add,Struct,9892462,84764,2257,0,4383.01
32000,128000,691,Inc,Large,8280570,84764,963,0,8598.72
32000,128000,692,Inc,Large,9768669,84768,6198,10,1576.10
32000,128000,693,Dec,Large,8638088,84768,972,0,8886.92
32000,128000,694,Add,Struct,11165445,84768,1264,0,8833.42
32000,128000,695,Add,Struct,11000067,84768,4812,2,2285.97
32000,128000,696,Dec,Large,9630473,84768,1252,0,7692.07
32000,128000,697,Dec,Large,10950853,84768,1120,0,9777.55
32000,128000,698,Del,Struct,10080285,84768,756,0,13333.71
32000,128000,699,Dec,Large,9568942,84762,7257,18,1318.58
32000,128000,700,Dec,Large,10693286,84762,1484,0,7205.72
32000,128000,701,Add,Struct,9104366,84762,984,0,9252.40
32000,128000,702,Del,Struct,11790535,84762,905,0,13028.22
32000,128000,703,Dec,Large,11408028,84760,4728,16,2412.87
32000,128000,704,Add,Struct,8623764,84760,1313,0,6567.98
32000,128000,705,Del,Struct,11467280,84760,1535,0,7470.54
32000,128000,706,Dec,Large,10445103,84760,3894,6,2682.36
32000,128000,707,Del,Struct,9191759,84762,2332,2,3941.58
32000,128000,708,Inc,Large,10200137,84762,1433,0,7118.03
32000,128000,709,Dec,Large,10923110,84762,1184,0,9225.60
32000,128000,710,Del,Struct,9429561,84760,3403,6,2770.96
32000,128000,711,Del,Struct,9457889,84760,884,0,10698.97
32000,128000,712,Del,Struct,9136946,84760,633,0,14434.35
32000,128000,713,Inc,Large,9888112,84760,1485,0,6658.66
32000,128000,714,Inc,Large,10510014,84760,1141,0,9211.23
32000,128000,715,Add,Struct,9695323,84762,858,0,11299.91
32000,128000,716,Inc,Large,9794607,84762,2464,0,3975.08
32000,128000,717,Dec,Large,11691310,84760,4185,2,2793.62
32000,128000,718,Add,Struct,10401400,84762,2363,2,4401.78
32000,128000,719,Del,Struct,9500377,84762,646,0,14706.47
32000,128000,720,Inc,Large,10032296,84762,1463,0,6857.35
32000,128000,721,Inc,Large,10372881,84768,3434,2,3020.64
32000,128000,722,Dec,Large,11250662,84768,998,0,11273.21
32000,128000,723,Inc,Large,11617858,84768,28319,0,410.25
32000,128000,724,Inc,Large,13536127,84768,2125,0,6369.94
32000,128000,725,Inc,Large,9791983,84768,1303,0,7514.95
32000,128000,726,Dec,Large,9926442,84768,3103,8,3198.98
32000,128000,727,Del,Struct,10943144,84768,16453,36,665.12
32000,128000,728,Inc,Large,12540464,84768,1414,0,8868.79
32000,128000,729,Del,Struct,10006226,84764,5627,12,1778.25
32000,128000,730,Del,Struct,10204773,84762,8900,18,1146.60
32000,128000,731,Del,Struct,8865038,84756,5358,8,1654.54
32000,128000,732,Add,Struct,12251619,84758,2043,0,5996.88
32000,128000,733,Add,Struct,12587893,84758,2008,0,6268.87
32000,128000,734,Dec,Large,8737230,84758,1533,0,5699.43
32000,128000,735,Add,Struct,11249685,84760,4520,12,2488.87
32000,128000,736,Dec,Large,10830089,84760,1991,0,5439.52
32000,128000,737,Del,Struct,9653343,84760,881,0,10957.26
32000,128000,738,Dec,Large,11422759,84760,1131,0,10099.70
32000,128000,739,Inc,Large,8760084,84760,1028,0,8521.48
32000,128000,740,Del,Struct,10842717,84758,7690,4,1409.98
32000,128000,741,Inc,Large,11087627,84758,1330,0,8336.56
32000,128000,742,Add,Struct,10247107,84756,2607,2,3930.61
32000,128000,743,Del,Struct,11168866,84754,7489,4,1491.37
32000,128000,744,Inc,Large,11021194,84754,1344,0,8200.29
32000,128000,745,Dec,Large,11543157,84754,16738,0,689.64
32000,128000,746,Inc,Large,11518189,84754,1428,0,8065.96
32000,128000,747,Dec,Large,10210443,84756,3228,8,3163.09
32000,128000,748,Dec,Large,11926211,84756,1055,0,11304.47
32000,128000,749,Add,Struct,11824989,84756,2146,0,5510.25
32000,128000,750,Add,Struct,12408442,84756,2481,0,5001.39
32000,128000,751,Dec,Large,11214464,84756,1105,0,10148.84
32000,128000,752,Add,Struct,10528839,84756,1767,0,5958.60
32000,128000,753,Add,Struct,11293420,84756,2334,0,4838.65
32000,128000,754,Inc,Large,9801038,84756,1067,0,9185.60
32000,128000,755,Inc,Large,10116315,84756,1260,0,8028.82
32000,128000,756,Del,Struct,8959606,84756,1521,0,5890.60
32000,128000,757,Inc,Large,9762231,84756,1142,0,8548.36
32000,128000,758,Inc,Large,10819190,84754,3538,2,3058.00
32000,128000,759,Inc,Large,10163017,84756,2762,2,3679.59
32000,128000,760,Del,Struct,10107919,84756,696,0,14522.87
32000,128000,761,Inc,Large,9064677,84756,18993,20,477.26
32000,128000,762,Dec,Large,12583541,84756,1024,0,12288.61
32000,128000,763,Dec,Large,11159027,84756,1346,0,8290.51
32000,128000,764,Add,Struct,9250471,84756,2782,0,3325.12
32000,128000,765,Dec,Large,12451961,84756,1878,0,6630.44
32000,128000,766,Del,Struct,10666788,84756,684,0,15594.72
32000,128000,767,Dec,Large,8694784,84756,29763,196,292.13
32000,128000,768,Inc,Large,11615248,84756,3000,2,3871.75
32000,128000,769,Dec,Large,9948722,84756,2453,0,4055.74
32000,128000,770,Inc,Large,10636056,84756,1002,0,10614.83
32000,128000,771,Add,Struct,11186515,84756,1994,0,5610.09
32000,128000,772,Add,Struct,10029097,84758,8110,28,1236.63
32000,128000,773,Del,Struct,10996252,84758,2489,2,4417.94
32000,128000,774,Add,Struct,10670571,84758,2406,0,4434.98
32000,128000,775,Del,Struct,11579994,84758,748,0,15481.28
32000,128000,776,Del,Struct,9075153,84758,705,0,12872.56
32000,128000,777,Dec,Large,10783149,84758,3103,4,3475.07
32000,128000,778,Del,Struct,9371890,84758,10470,26,895.12
32000,128000,779,Del,Struct,10031628,84758,859,0,11678.26
32000,128000,780,Inc,Large,9086018,84758,3150,0,2884.45
32000,128000,781,Dec,Large,11171507,84758,1055,0,10589.11
32000,128000,782,Dec,Large,10445744,84758,1090,0,9583.25
32000,128000,783,Inc,Large,9267098,84758,1213,0,7639.82
32000,128000,784,Inc,Large,10636911,84758,1369,0,7769.84
32000,128000,785,Add,Struct,9941471,84758,1941,2,5121.83
32000,128000,786,Dec,Large,10497416,84758,2428,0,4323.48
32000,128000,787,Del,Struct,9689879,84756,659,0,14703.91
32000,128000,788,Add,Struct,8992928,84752,4483,10,2006.01
32000,128000,789,Add,Struct,12415021,84752,2799,0,4435.52
32000,128000,790,Inc,Large,10495020,84752,1208,0,8687.93
32000,128000,791,Del,Struct,8410388,84752,922,0,9121.90
32000,128000,792,Add,Struct,10325634,84752,2768,0,3730.36
32000,128000,793,Add,Struct,9488239,84752,2218,0,4277.84
32000,128000,794,Dec,Large,9814378,84752,1182,0,8303.20
32000,128000,795,Add,Struct,10349380,84752,2402,0,4308.65
32000,128000,796,Add,Struct,10093049,84752,1822,0,5539.54
32000,128000,797,Add,Struct,10879101,84752,1283,0,8479.42
32000,128000,798,Del,Struct,9652318,84752,1147,0,8415.27
32000,128000,799,Del,Struct,9357516,84752,707,0,13235.52
32000,128000,800,Inc,Large,9944322,84754,7625,12,1304.17
32000,128000,801,Inc,Large,11112817,84754,1439,0,7722.60
32000,128000,802,Add,Struct,11278551,84756,2452,2,4599.74
32000,128000,803,Dec,Large,12010633,84760,2388,2,5029.58
32000,128000,804,Inc,Large,11219745,84760,1032,0,10871.85
32000,128000,805,Del,Struct,10237801,84758,2328,2,4397.68
32000,128000,806,Del,Struct,11033500,84756,8450,16,1305.74
32000,128000,807,Del,Struct,8960699,84756,2425,2,3695.13
32000,128000,808,Dec,Large,10225060,84756,1574,0,6496.23
32000,128000,809,Add,Struct,10471340,84756,1743,0,6007.65
32000,128000,810,Del,Struct,11917804,84756,6216,10,1917.28
32000,128000,811,Inc,Large,10691054,84756,2008,0,5324.23
32000,128000,812,Del,Struct,10381753,84756,3088,4,3361.97
32000,128000,813,Add,Struct,10700482,84756,1870,0,5722.18
32000,128000,814,Del,Struct,10050701,84756,789,0,12738.53
32000,128000,815,Dec,Large,10146449,84754,3463,18,2929.96
32000,128000,816,Add,Struct,10818342,84754,1896,0,5705.88
32000,128000,817,Del,Struct,10473593,84752,1322,0,7922.54
32000,128000,818,Del,Struct,10050270,84752,725,0,13862.44
32000,128000,819,Dec,Large,10530660,84752,1841,0,5720.08
32000,128000,820,Add,Struct,10196984,84754,2693,4,3786.48
32000,128000,821,Dec,Large,10655147,84756,2135,2,4990.70
32000,128000,822,Del,Struct,10683477,84756,908,0,11765.94
32000,128000,823,Dec,Large,10486212,84754,1615,2,6493.01
32000,128000,824,Dec,Large,10019696,84756,3545,10,2826.43
32000,128000,825,Dec,Large,10591402,84756,1915,2,5530.76
32000,128000,826,Add,Struct,9005747,84756,1763,0,5108.19
32000,128000,827,Dec,Large,10097319,84756,1357,0,7440.91
32000,128000,828,Inc,Large,10348718,84756,1070,0,9671.70
32000,128000,829,Dec,Large,11116764,84756,16134,0,689.03
32000,128000,830,Del,Struct,9469465,84756,1333,0,7103.87
32000,128000,831,Inc,Large,11001444,84756,5638,4,1951.30
32000,128000,832,Inc,Large,10126843,84756,3765,4,2689.73
32000,128000,833,Dec,Large,9924939,84754,1073,0,9249.71
32000,128000,834,Inc,Large,10548469,84754,3022,2,3490.56
32000,128000,835,Del,Struct,10711789,84754,3615,4,2963.15
32000,128000,836,Add,Struct,10305204,84756,2625,2,3925.79
32000,128000,837,Inc,Large,9736294,84756,1076,0,9048.60
32000,128000,838,Del,Struct,11599767,84756,901,0,12874.33
32000,128000,839,Inc,Large,10635458,84756,4052,2,2624.74
32000,128000,840,Dec,Large,10019791,84756,903,0,11096.11
32000,128000,841,Dec,Large,9016079,84756,984,0,9162.68
32000,128000,842,Del,Struct,11341890,84756,635,0,17861.24
32000,128000,843,Inc,Large,10341916,84756,1072,0,9647.31
32000,128000,844,Del,Struct,9846206,84756,737,0,13359.85
32000,128000,845,Del,Struct,10299934,84756,644,0,15993.69
32000,128000,846,Del,Struct,8798742,84756,657,0,13392.30
32000,128000,847,Add,Struct,11460628,84764,10602,66,1080.99
32000,128000,848,Dec,Large,11199324,84764,1091,0,10265.19
32000,128000,849,Del,Struct,9471801,84764,666,0,14221.92
32000,128000,850,Dec,Large,11544665,84764,1116,0,10344.68
32000,128000,851,Del,Struct,9485457,84764,2743,2,3458.06
32000,128000,852,Dec,Large,8943649,84764,1370,0,6528.21
32000,128000,853,Dec,Large,10644129,84764,1083,0,9828.37
32000,128000,854,Del,Struct,8839505,84764,873,0,10125.44
32000,128000,855,Add,Struct,11202942,84764,1824,0,6141.96
32000,128000,856,Dec,Large,9673190,84766,1971,2,4907.76
32000,128000,857,Del,Struct,9126451,84766,2991,2,3051.30
32000,128000,858,Add,Struct,10397031,84766,1548,0,6716.43
32000,128000,859,Inc,Large,10425458,84766,1016,0,10261.28
32000,128000,860,Dec,Large,10137798,84766,1149,0,8823.15
32000,128000,861,Del,Struct,10652034,84766,1156,0,9214.56
32000,128000,862,Dec,Large,11037319,84766,3568,6,3093.42
32000,128000,863,Dec,Large,10535451,84766,1109,0,9499.96
32000,128000,864,Dec,Large,12900586,84766,4208,12,3065.73
32000,128000,865,Del,Struct,11777345,84766,1652,0,7129.14
32000,128000,866,Del,Struct,12638571,84770,5787,6,2183.96
32000,128000,867,Add,Struct,11283295,84770,1351,0,8351.81
32000,128000,868,Inc,Large,11780380,84770,4182,2,2816.92
32000,128000,869,Del,Struct,12116414,84770,772,0,15694.84
32000,128000,870,Add,Struct,12381527,84770,2000,0,6190.76
32000,128000,871,Del,Struct,11286957,84770,899,0,12555.01
32000,128000,872,Add,Struct,11383987,84770,2215,0,5139.50
32000,128000,873,Dec,Large,12848168,84770,1213,0,10592.06
32000,128000,874,Add,Struct,11561262,84770,2374,0,4869.95
32000,128000,875,Inc,Large,12236533,84774,6423,6,1905.11
32000,128000,876,Add,Struct,12752622,84774,1120,0,11386.27
32000,128000,877,Inc,Large,10840649,84772,5267,6,2058.22
32000,128000,878,Del,Struct,12936149,84772,922,0,14030.53
32000,128000,879,Add,Struct,13400350,84770,6914,4,1938.15
32000,128000,880,Inc,Large,14622537,84770,1344,0,10879.86
32000,128000,881,Add,Struct,13291933,84758,39842,150,333.62
32000,128000,882,Inc,Large,13432668,84758,1194,0,11250.14
32000,128000,883,Inc,Large,12223322,84758,1141,0,10712.82
32000,128000,884,Inc,Large,11503528,84758,1980,0,5809.86
32000,128000,885,Del,Struct,12462502,84756,3910,2,3187.34
32000,128000,886,Inc,Large,13958201,84756,2214,0,6304.52
32000,128000,887,Del,Struct,13550099,84756,890,0,15224.83
32000,128000,888,Add,Struct,14358086,84756,3378,0,4250.47
32000,128000,889,Add,Struct,13964682,84756,2539,0,5500.07
32000,128000,890,Del,Struct,11328505,84756,2377,2,4765.88
32000,128000,891,Inc,Large,11287916,84756,2965,2,3807.05
32000,128000,892,Inc,Large,10380751,84760,3319,2,3127.67
32000,128000,893,Del,Struct,9704020,84758,718,0,13515.35
32000,128000,894,Del,Struct,12361198,84760,5604,4,2205.78
32000,128000,895,Del,Struct,14810500,84760,942,0,15722.40
32000,128000,896,Del,Struct,9711118,84756,4538,6,2139.96
32000,128000,897,Inc,Large,9763255,84756,1165,0,8380.48
32000,128000,898,Add,Struct,9468443,84756,1942,0,4875.61
32000,128000,899,Add,Struct,10744556,84756,5358,8,2005.33
32000,128000,900,Del,Struct,9595063,84754,793,0,12099.70
32000,128000,901,Dec,Large,8180681,84748,3051,12,2681.31
32000,128000,902,Inc,Large,11047511,84744,6343,4,1741.69
32000,128000,903,Inc,Large,9631288,84742,6060,4,1589.32
32000,128000,904,Inc,Large,10565279,84742,1247,0,8472.56
32000,128000,905,Dec,Large,11034459,84746,2057,2,5364.35
32000,128000,906,Del,Struct,9647606,84746,741,0,13019.71
32000,128000,907,Add,Struct,10729113,84746,1893,0,5667.78
32000,128000,908,Dec,Large,10286886,84746,1670,0,6159.81
32000,128000,909,Add,Struct,8869014,84748,1011,0,8772.52
32000,128000,910,Add,Struct,9987699,84748,2737,2,3649.14
32000,128000,911,Inc,Large,11692843,84748,1719,0,6802.12
32000,128000,912,Del,Struct,9966659,84748,898,0,11098.73
32000,128000,913,Inc,Large,10451789,84748,1438,0,7268.28
32000,128000,914,Dec,Large,9787333,84748,995,0,9836.52
32000,128000,915,Del,Struct,10115606,84748,679,0,14897.80
32000,128000,916,Inc,Large,9456688,84748,2062,0,4586.17
32000,128000,917,Add,Struct,9239697,84748,5819,26,1587.85
32000,128000,918,Del,Struct,9166647,84748,3273,0,2800.69
32000,128000,919,Dec,Large,10597622,84746,5055,8,2096.46
32000,128000,920,Dec,Large,10187070,84746,2306,2,4417.64
32000,128000,921,Inc,Large,8585774,84746,1229,0,6985.98
32000,128000,922,Add,Struct,10389019,84746,1719,0,6043.64
32000,128000,923,Del,Struct,9580606,84746,725,0,13214.63
32000,128000,924,Dec,Large,8681187,84746,1027,0,8452.96
32000,128000,925,Add,Struct,10675796,84746,1839,0,5805.22
32000,128000,926,Inc,Large,9291047,84746,971,0,9568.53
32000,128000,927,Dec,Large,13536884,84748,3593,6,3767.57
32000,128000,928,Add,Struct,12320576,84748,984,0,12520.91
32000,128000,929,Dec,Large,10228563,84748,1117,0,9157.17
32000,128000,930,Inc,Large,12202032,84748,5662,10,2155.07
32000,128000,931,Add,Struct,10519589,84744,4676,18,2249.70
32000,128000,932,Dec,Large,9724767,84744,1455,0,6683.69
32000,128000,933,Inc,Large,12661317,84748,2784,2,4547.89
32000,128000,934,Add,Struct,9976615,84746,2420,4,4122.57
32000,128000,935,Dec,Large,9273411,84748,2049,2,4525.82
32000,128000,936,Del,Struct,10932163,84748,663,0,16488.93
32000,128000,937,Inc,Large,11072295,84748,1673,0,6618.23
32000,128000,938,Inc,Large,11006322,84748,1216,0,9051.25
32000,128000,939,Add,Struct,9923225,84748,2352,0,4219.06
32000,128000,940,Inc,Large,8939127,84746,2555,2,3498.68
32000,128000,941,Inc,Large,11802582,84746,1041,0,11337.73
32000,128000,942,Inc,Large,9870836,84746,1292,0,7639.97
32000,128000,943,Add,Struct,9049398,84750,8042,40,1125.27
32000,128000,944,Inc,Large,9823274,84750,1229,0,7992.90
32000,128000,945,Del,Struct,8824013,84750,838,0,10529.85
32000,128000,946,Inc,Large,11900660,84750,1374,0,8661.32
32000,128000,947,Dec,Large,10319892,84748,2386,4,4325.19
32000,128000,948,Add,Struct,9910739,84748,1030,0,9622.08
32000,128000,949,Dec,Large,11702271,84752,4202,12,2784.93
32000,128000,950,Add,Struct,10319535,84752,1572,0,6564.59
32000,128000,951,Inc,Large,9637084,84752,1171,0,8229.79
32000,128000,952,Dec,Large,11378787,84752,1547,0,7355.39
32000,128000,953,Inc,Large,11298097,84752,1208,0,9352.73
32000,128000,954,Add,Struct,10875849,84752,1424,0,7637.53
32000,128000,955,Del,Struct,11501428,84752,3084,2,3729.39
32000,128000,956,Dec,Large,9614135,84756,11209,12,857.72
32000,128000,957,Del,Struct,15686660,84756,804,0,19510.77
32000,128000,958,Inc,Large,14064779,84756,1212,0,11604.60
32000,128000,959,Add,Struct,10968566,84756,2375,0,4618.34
32000,128000,960,Inc,Large,10189682,84756,1401,0,7273.15
32000,128000,961,Dec,Large,10377925,84756,1791,0,5794.49
32000,128000,962,Del,Struct,11203734,84756,757,0,14800.18
32000,128000,963,Inc,Large,10489337,84756,4221,0,2485.04
32000,128000,964,Inc,Large,13421419,84756,1270,0,10568.05
32000,128000,965,Inc,Large,10793418,84756,1196,0,9024.60
32000,128000,966,Inc,Large,11097673,84756,1640,0,6766.87
32000,128000,967,Dec,Large,12499874,84756,1055,0,11848.22
32000,128000,968,Inc,Large,12033233,84756,3143,0,3828.58
32000,128000,969,Del,Struct,13856513,84756,4801,4,2886.17
32000,128000,970,Del,Struct,13737972,84756,1172,0,11721.82
32000,128000,971,Add,Struct,12494719,84756,2214,0,5643.50
32000,128000,972,Add,Struct,11667213,84756,2591,0,4502.98
32000,128000,973,Del,Struct,12309158,84754,990,0,12433.49
32000,128000,974,Dec,Large,12707899,84754,3296,2,3855.55
32000,128000,975,Add,Struct,10059451,84756,3402,2,2956.92
32000,128000,976,Del,Struct,10943335,84756,923,0,11856.27
32000,128000,977,Inc,Large,11175808,84756,1292,0,8650.01
32000,128000,978,Del,Struct,10108261,84758,7171,14,1409.60
32000,128000,979,Del,Struct,11641474,84758,816,0,14266.51
32000,128000,980,Del,Struct,10820268,84758,790,0,13696.54
32000,128000,981,Add,Struct,11725185,84760,2991,2,3920.16
32000,128000,982,Del,Struct,11459712,84760,945,0,12126.68
32000,128000,983,Add,Struct,11564563,84760,2954,0,3914.88
32000,128000,984,Inc,Large,12293751,84762,8244,16,1491.24
32000,128000,985,Dec,Large,10284721,84762,1271,0,8091.83
32000,128000,986,Inc,Large,11784216,84762,1296,0,9092.76
32000,128000,987,Add,Struct,11520996,84762,3695,0,3118.00
32000,128000,988,Inc,Large,11135731,84762,1138,0,9785.35
32000,128000,989,Inc,Large,11581470,84762,1371,0,8447.46
32000,128000,990,Inc,Large,9345692,84762,1190,0,7853.52
32000,128000,991,Del,Struct,11275101,84762,1023,0,11021.60
32000,128000,992,Inc,Large,11439121,84762,1106,0,10342.79
32000,128000,993,Add,Struct,10005047,84780,29633,116,337.63
32000,128000,994,Del,Struct,11769893,84778,1101,0,10690.18
32000,128000,995,Inc,Large,11888237,84780,1182,0,10057.73
32000,128000,996,Del,Struct,9661695,84780,799,0,12092.23
32000,128000,997,Inc,Large,12047959,84780,1117,0,10786.00
32000,128000,998,Del,Struct,12043182,84780,1657,0,7268.06
32000,128000,999,Dec,Large,13845167,84782,3369,6,4109.58
64000,256000,0,Del,Struct,28404776,170370,889,0,31951.38
64000,256000,1,Inc,Large,28620693,170370,1567,0,18264.64
64000,256000,2,Inc,Large,27951991,170366,12819,22,2180.51
64000,256000,3,Del,Struct,24407373,170366,1032,0,23650.56
64000,256000,4,Add,Struct,22896031,170366,1733,0,13211.79
64000,256000,5,Inc,Large,26349379,170366,1664,0,15834.96
64000,256000,6,Add,Struct,28734420,170366,2452,0,11718.77
64000,256000,7,Add,Struct,25488700,170368,1910,0,13344.87
64000,256000,8,Inc,Large,24094999,170368,1296,0,18591.82
64000,256000,9,Add,Struct,23295179,170368,1685,0,13825.03
64000,256000,10,Add,Struct,23532680,170366,2077,2,11330.13
64000,256000,11,Inc,Large,27481442,170368,5964,6,4607.89
64000,256000,12,Add,Struct,23390676,170368,904,0,25874.64
64000,256000,13,Del,Struct,23832620,170368,823,0,28958.23
64000,256000,14,Inc,Large,23274560,170368,1321,0,17618.89
64000,256000,15,Inc,Large,23062437,170368,1230,0,18749.95
64000,256000,16,Del,Struct,24791156,170366,3445,2,7196.27
64000,256000,17,Add,Struct,23395760,170366,1037,0,22561.00
64000,256000,18,Add,Struct,27294128,170366,2552,0,10695.19
64000,256000,19,Inc,Large,23786680,170364,4922,6,4832.73
64000,256000,20,Del,Struct,26212779,170362,2211,0,11855.62
64000,256000,21,Dec,Large,24143837,170362,7691,26,3139.23
64000,256000,22,Del,Struct,24075613,170360,1019,0,23626.71
64000,256000,23,Dec,Large,23452360,170360,995,0,23570.21
64000,256000,24,Add,Struct,23396539,170360,2057,0,11374.11
64000,256000,25,Del,Struct,23549435,170360,893,0,26371.15
64000,256000,26,Del,Struct,31749682,170360,1026,0,30945.11
64000,256000,27,Del,Struct,23582252,170366,5416,8,4354.18
64000,256000,28,Del,Struct,27892684,170366,1571,0,17754.73
64000,256000,29,Dec,Large,35353659,170366,4789,6,7382.26
64000,256000,30,Inc,Large,36630375,170366,1839,0,19918.64
64000,256000,31,Add,Struct,33330774,170364,7656,10,4353.55
64000,256000,32,Inc,Large,31068624,170364,1189,0,26130.05
64000,256000,33,Add,Struct,23040789,170364,2475,0,9309.41
64000,256000,34,Inc,Large,24710655,170364,1336,0,18496.00
64000,256000,35,Del,Struct,28421490,170362,3309,2,8589.15
64000,256000,36,Dec,Large,23390618,170348,119914,494,195.06
64000,256000,37,Dec,Large,23861773,170348,2449,2,9743.48
64000,256000,38,Inc,Large,22247643,170348,7374,12,3017.04
64000,256000,39,Inc,Large,22763064,170348,1090,0,20883.54
64000,256000,40,Inc,Large,24316819,170348,1490,0,16320.01
64000,256000,41,Add,Struct,22571190,170348,2488,2,9072.02
64000,256000,42,Inc,Large,22644064,170348,8339,4,2715.44
64000,256000,43,Add,Struct,24386210,170350,2732,2,8926.14
64000,256000,44,Add,Struct,23545949,170350,985,0,23904.52
64000,256000,45,Inc,Large,24357051,170350,1148,0,21216.94
64000,256000,46,Del,Struct,23770370,170350,809,0,29382.41
64000,256000,47,Inc,Large,24230808,170350,1258,0,19261.37
64000,256000,48,Del,Struct,22832073,170350,885,0,25798.95
64000,256000,49,Del,Struct,23038854,170348,13515,28,1704.69
64000,256000,50,Inc,Large,21829100,170350,3014,2,7242.57
64000,256000,51,Inc,Large,22870396,170352,3978,2,5749.22
64000,256000,52,Dec,Large,20791390,170352,23198,0,896.26
64000,256000,53,Add,Struct,23628722,170352,2425,0,9743.80
64000,256000,54,Dec,Large,23812284,170352,6736,24,3535.08
64000,256000,55,Dec,Large,21542672,170348,3942,8,5464.91
64000,256000,56,Del,Struct,23281866,170348,959,0,24277.23
64000,256000,57,Dec,Large,21364417,170348,1695,2,12604.38
64000,256000,58,Del,Struct,23922919,170346,3709,4,6449.96
64000,256000,59,Add,Struct,22428169,170348,1015,0,22096.72
64000,256000,60,Del,Struct,23034465,170348,829,0,27785.84
64000,256000,61,Inc,Large,22539654,170348,1397,0,16134.33
64000,256000,62,Add,Struct,22671291,170348,1320,0,17175.22
64000,256000,63,Inc,Large,25213380,170348,1252,0,20138.48
64000,256000,64,Dec,Large,21547962,170348,1122,0,19204.96
64000,256000,65,Inc,Large,22867967,170350,4878,6,4687.98
64000,256000,66,Del,Struct,21970464,170350,885,0,24825.38
64000,256000,67,Add,Struct,24106779,170346,4358,8,5531.62
64000,256000,68,Del,Struct,25057501,170346,828,0,30262.68
64000,256000,69,Inc,Large,25583840,170346,1719,0,14882.98
64000,256000,70,Inc,Large,28424698,170346,1454,0,19549.31
64000,256000,71,Del,Struct,31813629,170346,1008,0,31561.14
64000,256000,72,Add,Struct,26551745,170346,2583,0,10279.42
64000,256000,73,Dec,Large,24645130,170348,3032,4,8128.34
64000,256000,74,Add,Struct,25506533,170348,1555,0,16402.92
64000,256000,75,Inc,Large,22971974,170348,2089,0,10996.64
64000,256000,76,Del,Struct,26486933,170348,889,0,29794.08
64000,256000,77,Add,Struct,25738343,170348,1471,0,17497.17
64000,256000,78,Dec,Large,26089437,170348,1495,0,17451.13
64000,256000,79,Add,Struct,26951707,170348,968,0,27842.67
64000,256000,80,Dec,Large,22305350,170348,2936,4,7597.19
64000,256000,81,Dec,Large,25001620,170348,1561,0,16016.41
64000,256000,82,Inc,Large,28021023,170348,1475,0,18997.30
64000,256000,83,Add,Struct,26645138,170348,1661,0,16041.62
64000,256000,84,Dec,Large,25735248,170348,1249,0,20604.68
64000,256000,85,Inc,Large,25837511,170348,1260,0,20505.96
64000,256000,86,Inc,Large,24521292,170348,1299,0,18877.05
64000,256000,87,Dec,Large,23424602,170348,2315,2,10118.62
64000,256000,88,Del,Struct,22069849,170348,964,0,22894.03
64000,256000,89,Inc,Large,24216478,170348,1104,0,21935.22
64000,256000,90,Add,Struct,23676252,170348,2037,2,11623.10
64000,256000,91,Del,Struct,23571093,170348,1838,0,12824.32
64000,256000,92,Inc,Large,25239063,170348,1129,0,22355.24
64000,256000,93,Dec,Large,23837254,170348,1203,0,19814.84
64000,256000,94,Dec,Large,24354738,170348,3594,4,6776.50
64000,256000,95,Add,Struct,23599138,170348,2679,2,8808.94
64000,256000,96,Dec,Large,21881882,170348,1588,0,13779.52
64000,256000,97,Add,Struct,23291994,170348,1701,0,13693.12
64000,256000,98,Inc,Large,22852797,170348,5596,6,4083.77
64000,256000,99,Inc,Large,23106372,170348,1145,0,20180.24
64000,256000,100,Dec,Large,25288928,170348,1151,0,21971.27
64000,256000,101,Add,Struct,27000364,170348,15459,0,1746.58
64000,256000,102,Dec,Large,26174273,170348,1050,0,24927.88
64000,256000,103,Del,Struct,24450662,170348,720,0,33959.25
64000,256000,104,Del,Struct,22650034,170348,787,0,28780.22
64000,256000,105,Add,Struct,22737040,170348,2107,2,10791.19
64000,256000,106,Add,Struct,22634881,170348,1387,0,16319.31
64000,256000,107,Inc,Large,25754375,170352,2634,2,9777.67
64000,256000,108,Add,Struct,22549319,170352,2121,0,10631.46
64000,256000,109,Dec,Large,26557293,170352,1936,2,13717.61
64000,256000,110,Dec,Large,23545431,170352,1041,0,22618.09
64000,256000,111,Inc,Large,22784533,170352,1703,0,13379.06
64000,256000,112,Del,Struct,23539456,170352,746,0,31554.23
64000,256000,113,Inc,Large,21839633,170354,5887,8,3709.81
64000,256000,114,Inc,Large,24114220,170354,1546,0,15597.81
64000,256000,115,Add,Struct,23042178,170354,1893,0,12172.31
64000,256000,116,Inc,Large,21811377,170356,38976,88,559.61
64000,256000,117,Add,Struct,22069731,170356,2586,0,8534.31
64000,256000,118,Del,Struct,23210300,170356,3154,2,7359.00
64000,256000,119,Del,Struct,24735005,170356,887,0,27886.14
64000,256000,120,Add,Struct,22867205,170356,1892,0,12086.26
64000,256000,121,Dec,Large,21696588,170356,1147,0,18915.94
64000,256000,122,Inc,Large,22739192,170356,1563,0,14548.43
64000,256000,123,Add,Struct,22542005,170356,1382,0,16311.15
64000,256000,124,Add,Struct,24517106,170358,4636,4,5288.42
64000,256000,125,Dec,Large,21984401,170358,2466,2,8915.00
64000,256000,126,Dec,Large,22841831,170358,1433,0,15939.87
64000,256000,127,Add,Struct,21381432,170364,10399,4,2056.10
64000,256000,128,Inc,Large,24712630,170364,2614,2,9453.95
64000,256000,129,Del,Struct,24688265,170366,3881,2,6361.32
64000,256000,130,Dec,Large,24347808,170368,5659,24,4302.49
64000,256000,131,Add,Struct,23149731,170370,2562,2,9035.80
64000,256000,132,Dec,Large,22627014,170372,3247,4,6968.59
64000,256000,133,Add,Struct,22666542,170372,1755,0,12915.41
64000,256000,134,Inc,Large,21613764,170372,1281,0,16872.57
64000,256000,135,Dec,Large,24394233,170370,2250,2,10841.88
64000,256000,136,Inc,Large,22679631,170370,1764,0,12856.93
64000,256000,137,Inc,Large,22897276,170370,5250,6,4361.39
64000,256000,138,Del,Struct,23196187,170362,8412,18,2757.51
64000,256000,139,Add,Struct,21224706,170362,2014,0,10538.58
64000,256000,140,Add,Struct,23663861,170364,5457,16,4336.42
64000,256000,141,Del,Struct,22961742,170364,655,0,35056.09
64000,256000,142,Del,Struct,21709624,170366,6206,10,3498.17
64000,256000,143,Inc,Large,23444074,170366,1374,0,17062.64
64000,256000,144,Dec,Large,22882067,170366,1231,0,18588.19
64000,256000,145,Dec,Large,24343908,170368,5324,6,4572.48
64000,256000,146,Dec,Large,23424396,170366,3496,6,6700.34
64000,256000,147,Del,Struct,21677150,170366,909,0,23847.25
64000,256000,148,Inc,Large,22440019,170366,1471,0,15254.94
64000,256000,149,Inc,Large,22926736,170366,1256,0,18253.77
64000,256000,150,Del,Struct,24713227,170366,11564,8,2137.08
64000,256000,151,Del,Struct,23332309,170376,17628,60,1323.59
64000,256000,152,Del,Struct,23618335,170378,824,0,28663.03
64000,256000,153,Inc,Large,23239009,170378,1562,0,14877.73
64000,256000,154,Del,Struct,23082783,170378,715,0,32283.61
64000,256000,155,Add,Struct,23661997,170380,1687,0,14026.08
64000,256000,156,Del,Struct,22011471,170380,2837,2,7758.71
64000,256000,157,Inc,Large,22983595,170380,3040,0,7560.39
64000,256000,158,Dec,Large,21608275,170380,1843,0,11724.51
64000,256000,159,Del,Struct,23733713,170380,796,0,29816.22
64000,256000,160,Del,Struct,22208779,170380,699,0,31772.22
64000,256000,161,Add,Struct,24199161,170380,1426,0,16969.96
64000,256000,162,Inc,Large,24163498,170382,2505,2,9646.11
64000,256000,163,Dec,Large,24499050,170384,2554,4,9592.42
64000,256000,164,Del,Struct,23757876,170382,863,0,27529.40
64000,256000,165,Dec,Large,22400770,170382,1586,0,14124.07
64000,256000,166,Add,Struct,25732184,170382,1501,0,17143.36
64000,256000,167,Dec,Large,23259614,170382,1216,0,19127.97
64000,256000,168,Add,Struct,22792399,170382,1096,0,20795.98
64000,256000,169,Inc,Large,23972693,170380,1099,0,21813.19
64000,256000,170,Add,Struct,23975858,170380,2562,0,9358.26
64000,256000,171,Add,Struct,24717439,170382,983,0,25144.90
64000,256000,172,Dec,Large,24451330,170382,1404,0,17415.48
64000,256000,173,Inc,Large,23919727,170384,3094,2,7731.00
64000,256000,174,Del,Struct,23056970,170384,817,0,28221.51
64000,256000,175,Del,Struct,23199886,170384,850,0,27293.98
64000,256000,176,Add,Struct,22611101,170384,2124,0,10645.53
64000,256000,177,Del,Struct,21517125,170382,2671,2,8055.83
64000,256000,178,Add,Struct,24115858,170384,2195,2,10986.72
64000,256000,179,Inc,Large,22994657,170384,1142,0,20135.43
64000,256000,180,Del,Struct,23554166,170384,904,0,26055.49
64000,256000,181,Inc,Large,22864887,170384,4040,4,5659.63
64000,256000,182,Inc,Large,22324308,170384,1428,0,15633.27
64000,256000,183,Dec,Large,23381578,170384,1155,0,20243.79
64000,256000,184,Del,Struct,22254143,170384,869,0,25608.91
64000,256000,185,Del,Struct,21496952,170382,745,0,28854.97
64000,256000,186,Dec,Large,24381932,170382,1202,0,20284.47
64000,256000,187,Inc,Large,22008884,170382,1007,0,21855.89
64000,256000,188,Del,Struct,23314929,170382,709,0,32884.24
64000,256000,189,Inc,Large,23146174,170382,1036,0,22341.87
64000,256000,190,Del,Struct,21784672,170382,780,0,27929.07
64000,256000,191,Del,Struct,22111985,170382,860,0,25711.61
64000,256000,192,Del,Struct,22880136,170382,697,0,32826.59
64000,256000,193,Add,Struct,23483622,170382,2345,0,10014.34
64000,256000,194,Dec,Large,22862547,170382,1601,0,14280.17
64000,256000,195,Dec,Large,23679650,170382,1864,0,12703.67
64000,256000,196,Add,Struct,22608502,170382,3584,0,6308.18
64000,256000,197,Del,Struct,24973516,170382,992,0,25174.92
64000,256000,198,Dec,Large,22688419,170382,1111,0,20421.62
64000,256000,199,Del,Struct,22120792,170380,707,0,31288.25
64000,256000,200,Dec,Large,22702190,170382,2566,4,8847.31
64000,256000,201,Inc,Large,21528944,170382,1230,0,17503.21
64000,256000,202,Inc,Large,23448259,170384,3284,2,7140.15
64000,256000,203,Dec,Large,21305459,170384,2221,2,9592.73
64000,256000,204,Del,Struct,22480672,170384,788,0,28528.77
64000,256000,205,Dec,Large,24305996,170384,2236,0,10870.30
64000,256000,206,Add,Struct,22035869,170384,2236,0,9855.04
64000,256000,207,Inc,Large,23965896,170384,1583,0,15139.54
64000,256000,208,Inc,Large,21348494,170384,1572,0,13580.47
64000,256000,209,Add,Struct,23686264,170384,1582,0,14972.35
64000,256000,210,Inc,Large,22157774,170384,1415,0,15659.20
64000,256000,211,Dec,Large,22952813,170384,2376,2,9660.27
64000,256000,212,Dec,Large,22378053,170384,1089,0,20549.18
64000,256000,213,Dec,Large,24058218,170382,2378,2,10117.00
64000,256000,214,Del,Struct,23427573,170380,5353,8,4376.53
64000,256000,215,Dec,Large,24686757,170382,3262,4,7567.98
64000,256000,216,Del,Struct,25656653,170354,61372,92,418.05
64000,256000,217,Inc,Large,30327476,170354,1340,0,22632.44
64000,256000,218,Inc,Large,25676611,170354,3682,2,6973.55
64000,256000,219,Dec,Large,23140528,170354,1268,0,18249.63
64000,256000,220,Inc,Large,20974369,170354,1180,0,17774.89
64000,256000,221,Del,Struct,23496468,170354,784,0,29969.98
64000,256000,222,Del,Struct,24461920,170354,952,0,25695.29
64000,256000,223,Inc,Large,23010773,170354,1293,0,17796.42
64000,256000,224,Inc,Large,23329472,170354,1177,0,19821.13
64000,256000,225,Add,Struct,21736453,170354,1928,0,11274.09
64000,256000,226,Inc,Large,23881493,170354,1278,0,18686.61
64000,256000,227,Add,Struct,22734223,170354,972,0,23389.12
64000,256000,228,Del,Struct,21656198,170344,13987,42,1548.31
64000,256000,229,Add,Struct,26341900,170344,1088,0,24211.31
64000,256000,230,Dec,Large,21921651,170344,1005,0,21812.59
64000,256000,231,Del,Struct,28140785,170344,1131,0,24881.33
64000,256000,232,Del,Struct,25793797,170344,1201,0,21476.93
64000,256000,233,Add,Struct,22024662,170344,1569,0,14037.39
64000,256000,234,Add,Struct,24385756,170344,1910,0,12767.41
64000,256000,235,Del,Struct,22989093,170344,926,0,24826.23
64000,256000,236,Add,Struct,25415221,170344,1016,0,25014.98
64000,256000,237,Add,Struct,24093344,170344,19989,0,1205.33
64000,256000,238,Add,Struct,23744965,170344,2278,0,10423.60
64000,256000,239,Add,Struct,23498766,170346,1709,0,13750.01
64000,256000,240,Dec,Large,23440650,170346,1077,0,21764.76
64000,256000,241,Dec,Large,22986675,170346,1427,0,16108.39
64000,256000,242,Dec,Large,23793240,170346,1412,0,16850.74
64000,256000,243,Inc,Large,23081642,170346,1281,0,18018.46
64000,256000,244,Add,Struct,23547576,170344,3279,4,7181.33
64000,256000,245,Add,Struct,21932600,170344,898,0,24423.83
64000,256000,246,Inc,Large,23662814,170346,3157,2,7495.35
64000,256000,247,Inc,Large,23610243,170346,1407,0,16780.56
64000,256000,248,Add,Struct,22783192,170348,5944,22,3832.97
64000,256000,249,Add,Struct,22921588,170348,1837,2,12477.73
64000,256000,250,Add,Struct,22752949,170348,2678,0,8496.25
64000,256000,251,Dec,Large,24542602,170348,1253,0,19587.07
64000,256000,252,Dec,Large,23670158,170348,1750,0,13525.80
64000,256000,253,Add,Struct,23339396,170348,2045,0,11412.91
64000,256000,254,Add,Struct,22501623,170348,1240,0,18146.47
64000,256000,255,Dec,Large,25449848,170350,1054,0,24145.97
64000,256000,256,Del,Struct,24560471,170350,822,0,29878.92
64000,256000,257,Add,Struct,25157288,170350,2107,0,11939.86
64000,256000,258,Del,Struct,23333009,170350,3049,2,7652.68
64000,256000,259,Inc,Large,24531722,170350,4642,4,5284.73
64000,256000,260,Del,Struct,24574626,170350,12835,34,1914.66
64000,256000,261,Dec,Large,24592248,170346,2058,2,11949.59
64000,256000,262,Add,Struct,23315738,170346,1929,0,12086.96
64000,256000,263,Inc,Large,24426762,170346,1525,0,16017.55
64000,256000,264,Inc,Large,24096579,170346,1197,0,20130.81
64000,256000,265,Inc,Large,22750099,170346,1153,0,19731.22
64000,256000,266,Del,Struct,24532314,170344,893,0,27471.80
64000,256000,267,Inc,Large,22865927,170344,1168,0,19576.99
64000,256000,268,Add,Struct,24999815,170346,1965,0,12722.55
64000,256000,269,Dec,Large,24061259,170342,31752,178,757.79
64000,256000,270,Inc,Large,23024062,170342,9619,0,2393.60
64000,256000,271,Del,Struct,25856895,170342,1453,0,17795.52
64000,256000,272,Del,Struct,24760178,170342,855,0,28959.27
64000,256000,273,Add,Struct,24098797,170342,956,0,25207.95
64000,256000,274,Inc,Large,24763049,170342,1395,0,17751.29
64000,256000,275,Del,Struct,24021156,170342,730,0,32905.69
64000,256000,276,Del,Struct,24872081,170342,962,0,25854.55
64000,256000,277,Dec,Large,25060832,170342,1120,0,22375.74
64000,256000,278,Add,Struct,22803833,170342,5010,14,4551.66
64000,256000,279,Dec,Large,25477567,170342,1455,0,17510.36
64000,256000,280,Del,Struct,23554006,170344,21310,74,1105.30
64000,256000,281,Dec,Large,25498009,170344,1457,0,17500.35
64000,256000,282,Del,Struct,24436784,170338,49321,224,495.46
64000,256000,283,Inc,Large,23744928,170338,2617,2,9073.34
64000,256000,284,Dec,Large,25451401,170338,1059,0,24033.43
64000,256000,285,Del,Struct,23773719,170338,1105,0,21514.68
64000,256000,286,Add,Struct,23437545,170338,897,0,26128.81
64000,256000,287,Del,Struct,23577835,170338,1632,0,14447.20
64000,256000,288,Dec,Large,24125148,170338,1041,0,23174.97
64000,256000,289,Add,Struct,24770548,170338,2597,0,9538.14
64000,256000,290,Add,Struct,24809052,170338,1211,0,20486.42
64000,256000,291,Del,Struct,21722798,170338,727,0,29880.05
64000,256000,292,Add,Struct,23818983,170338,2671,0,8917.63
64000,256000,293,Dec,Large,23329355,170338,1150,0,20286.40
64000,256000,294,Inc,Large,25666859,170340,1280,0,20052.23
64000,256000,295,Del,Struct,22383677,170340,3099,2,7222.87
64000,256000,296,Add,Struct,24362386,170340,2374,0,10262.17
64000,256000,297,Inc,Large,27713687,170340,1647,0,16826.77
64000,256000,298,Add,Struct,33427428,170342,2298,2,14546.31
64000,256000,299,Dec,Large,25446732,170342,1104,0,23049.58
64000,256000,300,Dec,Large,25871739,170340,5462,10,4736.68
64000,256000,301,Inc,Large,23474985,170342,1362,0,17235.67
64000,256000,302,Add,Struct,23497152,170342,2137,0,10995.39
64000,256000,303,Inc,Large,21252092,170338,4715,4,4507.34
64000,256000,304,Inc,Large,27100572,170338,1176,0,23044.70
64000,256000,305,Add,Struct,22790696,170338,1873,0,12168.02
64000,256000,306,Add,Struct,29854040,170338,1011,0,29529.22
64000,256000,307,Inc,Large,24265976,170338,1210,0,20054.53
64000,256000,308,Add,Struct,21762131,170336,2171,4,10024.01
64000,256000,309,Del,Struct,23772820,170336,849,0,28000.97
64000,256000,310,Del,Struct,23163682,170336,996,0,23256.71
64000,256000,311,Add,Struct,22997063,170336,1564,0,14704.00
64000,256000,312,Del,Struct,22300887,170336,2703,2,8250.42
64000,256000,313,Inc,Large,24309693,170336,1121,0,21685.72
64000,256000,314,Add,Struct,23279052,170336,1861,0,12508.89
64000,256000,315,Dec,Large,22346714,170336,1207,0,18514.26
64000,256000,316,Add,Struct,24701571,170338,1782,2,13861.71
64000,256000,317,Dec,Large,23184992,170338,1398,0,16584.40
64000,256000,318,Dec,Large,26406742,170340,2422,2,10902.87
64000,256000,319,Del,Struct,26056746,170340,1270,0,20517.12
64000,256000,320,Dec,Large,23480450,170340,1099,0,21365.29
64000,256000,321,Dec,Large,24707535,170340,1190,0,20762.63
64000,256000,322,Del,Struct,25296442,170340,745,0,33954.96
64000,256000,323,Del,Struct,24396020,170340,6373,4,3828.03
64000,256000,324,Add,Struct,25011023,170340,2436,0,10267.25
64000,256000,325,Inc,Large,23716233,170344,4678,6,5069.74
64000,256000,326,Dec,Large,24347690,170344,1035,0,23524.34
64000,256000,327,Inc,Large,23579561,170344,1129,0,20885.35
64000,256000,328,Dec,Large,22263471,170344,1404,0,15857.17
64000,256000,329,Add,Struct,25018694,170344,2189,0,11429.28
64000,256000,330,Add,Struct,21849479,170344,931,0,23468.83
64000,256000,331,Dec,Large,25511615,170344,1072,0,23798.15
64000,256000,332,Inc,Large,25539658,170344,1230,0,20763.95
64000,256000,333,Del,Struct,22003256,170344,4251,6,5176.02
64000,256000,334,Inc,Large,24776250,170344,1053,0,23529.20
64000,256000,335,Dec,Large,24549756,170344,1254,0,19577.16
64000,256000,336,Add,Struct,23543808,170344,946,0,24887.75
64000,256000,337,Add,Struct,22191733,170344,4514,0,4916.20
64000,256000,338,Inc,Large,23837595,170346,3052,2,7810.48
64000,256000,339,Add,Struct,24375707,170348,2579,0,9451.61
64000,256000,340,Del,Struct,24021882,170348,1830,0,13126.71
64000,256000,341,Dec,Large,22964007,170348,1257,0,18268.90
64000,256000,342,Add,Struct,24468959,170348,2034,0,12029.97
64000,256000,343,Dec,Large,23659477,170350,6031,24,3922.98
64000,256000,344,Add,Struct,24907539,170350,1837,0,13558.81
64000,256000,345,Dec,Large,22558601,170350,2404,2,9383.78
64000,256000,346,Dec,Large,24650238,170350,1850,0,13324.45
64000,256000,347,Del,Struct,25297458,170350,1249,0,20254.17
64000,256000,348,Inc,Large,23673197,170350,1141,0,20747.76
64000,256000,349,Del,Struct,26073913,170350,808,0,32269.69
64000,256000,350,Add,Struct,22944137,170350,2029,0,11308.10
64000,256000,351,Dec,Large,25420121,170350,1017,0,24995.20
64000,256000,352,Del,Struct,24365582,170350,692,0,35210.38
64000,256000,353,Inc,Large,24117622,170350,1073,0,22476.81
64000,256000,354,Inc,Large,24166772,170350,1121,0,21558.23
64000,256000,355,Add,Struct,24145800,170350,1920,0,12575.94
64000,256000,356,Inc,Large,24378506,170350,5389,6,4523.75
64000,256000,357,Add,Struct,27128118,170350,1340,0,20244.86
64000,256000,358,Dec,Large,25170198,170346,2680,4,9391.86
64000,256000,359,Inc,Large,29153643,170346,1525,0,19117.14
64000,256000,360,Inc,Large,26739074,170342,19460,6,1374.05
64000,256000,361,Dec,Large,22360460,170342,1375,0,16262.15
64000,256000,362,Add,Struct,22876847,170342,1561,0,14655.25
64000,256000,363,Dec,Large,22942904,170342,10864,32,2111.83
64000,256000,364,Del,Struct,23187209,170342,738,0,31418.98
64000,256000,365,Inc,Large,23527576,170342,1363,0,17261.61
64000,256000,366,Add,Struct,21953516,170342,2133,0,10292.32
64000,256000,367,Add,Struct,22793688,170342,2042,0,11162.43
64000,256000,368,Dec,Large,22814906,170342,1586,0,14385.19
64000,256000,369,Inc,Large,23054466,170344,2990,2,7710.52
64000,256000,370,Dec,Large,21569261,170344,1182,0,18248.11
64000,256000,371,Add,Struct,23950990,170344,2124,0,11276.36
64000,256000,372,Add,Struct,22680984,170344,1849,0,12266.62
64000,256000,373,Dec,Large,22140474,170344,17928,60,1234.97
64000,256000,374,Dec,Large,23868138,170346,1904,2,12535.79
64000,256000,375,Inc,Large,21659092,170346,1177,0,18401.95
64000,256000,376,Inc,Large,23565998,170346,1338,0,17612.85
64000,256000,377,Del,Struct,22791264,170346,1031,0,22105.98
64000,256000,378,Inc,Large,20940646,170346,1071,0,19552.42
64000,256000,379,Inc,Large,23513348,170344,6756,4,3480.37
64000,256000,380,Add,Struct,23629275,170344,1166,0,20265.24
64000,256000,381,Add,Struct,24694144,170344,1411,0,17501.17
64000,256000,382,Inc,Large,23663730,170344,1269,0,18647.54
64000,256000,383,Del,Struct,22560364,170344,977,0,23091.47
64000,256000,384,Inc,Large,23031275,170344,1120,0,20563.64
64000,256000,385,Dec,Large,23083967,170344,1151,0,20055.58
64000,256000,386,Dec,Large,22939736,170346,1947,2,11782.09
64000,256000,387,Dec,Large,22497160,170344,965,0,23313.12
64000,256000,388,Dec,Large,22852837,170344,1988,0,11495.39
64000,256000,389,Add,Struct,22183214,170346,8016,2,2767.37
64000,256000,390,Add,Struct,23746613,170346,2273,0,10447.26
64000,256000,391,Del,Struct,23107184,170346,3364,2,6868.96
64000,256000,392,Dec,Large,22433834,170346,1295,0,17323.42
64000,256000,393,Del,Struct,23108503,170346,998,0,23154.81
64000,256000,394,Inc,Large,21684183,170346,5007,6,4330.77
64000,256000,395,Inc,Large,23108113,170346,3684,4,6272.56
64000,256000,396,Inc,Large,22255944,170346,1080,0,20607.36
64000,256000,397,Del,Struct,23318941,170346,1237,0,18851.21
64000,256000,398,Inc,Large,21920840,170346,1417,0,15469.89
64000,256000,399,Add,Struct,22362010,170346,2806,0,7969.35
64000,256000,400,Dec,Large,23364080,170344,7389,22,3162.01
64000,256000,401,Add,Struct,21553889,170344,3001,0,7182.24
64000,256000,402,Inc,Large,22628290,170342,4295,2,5268.52
64000,256000,403,Dec,Large,22965208,170342,2349,0,9776.59
64000,256000,404,Inc,Large,23776908,170342,1068,0,22263.02
64000,256000,405,Dec,Large,21291142,170342,1151,0,18497.95
64000,256000,406,Del,Struct,23414108,170342,946,0,24750.64
64000,256000,407,Dec,Large,23199446,170342,1107,0,20957.04
64000,256000,408,Add,Struct,21869508,170346,2648,4,8258.88
64000,256000,409,Dec,Large,23917783,170356,4441,18,5385.68
64000,256000,410,Dec,Large,21444755,170356,2295,2,9344.12
64000,256000,411,Inc,Large,23202784,170356,1200,0,19335.65
64000,256000,412,Dec,Large,23379233,170354,21802,40,1072.34
64000,256000,413,Dec,Large,22355473,170354,1039,0,21516.34
64000,256000,414,Dec,Large,22868246,170354,1258,0,18178.26
64000,256000,415,Del,Struct,23103975,170352,1005,0,22989.03
64000,256000,416,Inc,Large,23157813,170352,1415,0,16365.95
64000,256000,417,Inc,Large,22884190,170352,10765,0,2125.80
64000,256000,418,Inc,Large,22465345,170352,994,0,22600.95
64000,256000,419,Del,Struct,21774291,170352,1109,0,19634.17
64000,256000,420,Inc,Large,24948831,170352,1070,0,23316.66
64000,256000,421,Inc,Large,23209934,170352,1130,0,20539.76
64000,256000,422,Dec,Large,22157443,170352,1123,0,19730.58
64000,256000,423,Dec,Large,22944462,170352,1162,0,19745.66
64000,256000,424,Dec,Large,22921591,170352,1094,0,20952.09
64000,256000,425,Del,Struct,26250276,170350,4675,6,5615.03
64000,256000,426,Add,Struct,23502180,170350,1116,0,21059.30
64000,256000,427,Add,Struct,22345926,170350,1331,0,16788.82
64000,256000,428,Add,Struct,24893976,170350,2605,0,9556.23
64000,256000,429,Add,Struct,25172485,170350,2735,0,9203.83
64000,256000,430,Del,Struct,23515570,170350,727,0,32346.04
64000,256000,431,Add,Struct,21256728,170352,2118,2,10036.23
64000,256000,432,Add,Struct,25533698,170354,1881,2,13574.53
64000,256000,433,Add,Struct,24905614,170350,10146,26,2454.72
64000,256000,434,Dec,Large,26116352,170350,3152,0,8285.64
64000,256000,435,Dec,Large,22151578,170350,2205,2,10046.07
64000,256000,436,Dec,Large,23247413,170350,1832,0,12689.64
64000,256000,437,Del,Struct,23411226,170350,661,0,35417.89
64000,256000,438,Dec,Large,24928825,170350,1117,0,22317.66
64000,256000,439,Add,Struct,22207084,170350,1832,0,12121.77
64000,256000,440,Inc,Large,25693601,170338,29347,66,875.51
64000,256000,441,Del,Struct,24962976,170336,729,0,34242.77
64000,256000,442,Del,Struct,23053130,170336,3173,2,7265.40
64000,256000,443,Inc,Large,26834348,170336,1238,0,21675.56
64000,256000,444,Inc,Large,21389141,170332,5567,8,3842.13
64000,256000,445,Add,Struct,23615847,170332,1829,0,12911.89
64000,256000,446,Dec,Large,25563761,170332,1241,0,20599.32
64000,256000,447,Del,Struct,24037107,170332,909,0,26443.46
64000,256000,448,Inc,Large,24989986,170332,7168,4,3486.33
64000,256000,449,Add,Struct,23075911,170332,2326,0,9920.86
64000,256000,450,Del,Struct,22852060,170330,747,0,30591.78
64000,256000,451,Dec,Large,23418576,170330,1069,0,21906.99
64000,256000,452,Inc,Large,21738540,170330,1000,0,21738.54
64000,256000,453,Inc,Large,23603747,170330,1215,0,19426.95
64000,256000,454,Add,Struct,23842369,170330,1336,0,17846.08
64000,256000,455,Inc,Large,22977322,170330,909,0,25277.58
64000,256000,456,Inc,Large,21132471,170330,985,0,21454.29
64000,256000,457,Dec,Large,24115204,170330,1061,0,22728.75
64000,256000,458,Del,Struct,22727928,170332,5330,8,4264.15
64000,256000,459,Inc,Large,21196825,170332,895,0,23683.60
64000,256000,460,Inc,Large,24031447,170332,1320,0,18205.64
64000,256000,461,Inc,Large,21473056,170332,1077,0,19937.84
64000,256000,462,Del,Struct,22630783,170332,1083,0,20896.38
64000,256000,463,Add,Struct,22420205,170332,2478,0,9047.70
64000,256000,464,Dec,Large,22622982,170332,1052,0,21504.74
64000,256000,465,Inc,Large,22867492,170332,2759,2,8288.33
64000,256000,466,Dec,Large,25270408,170332,1117,0,22623.46
64000,256000,467,Inc,Large,25829802,170332,1803,0,14326.01
64000,256000,468,Del,Struct,24073488,170332,1414,0,17025.10
64000,256000,469,Dec,Large,22713301,170332,1157,0,19631.20
64000,256000,470,Dec,Large,23239302,170330,4050,8,5738.10
64000,256000,471,Del,Struct,24171533,170330,1169,0,20677.10
64000,256000,472,Add,Struct,23695937,170332,4516,14,5247.11
64000,256000,473,Inc,Large,21418745,170334,6913,12,3098.33
64000,256000,474,Del,Struct,21916804,170334,723,0,30313.70
64000,256000,475,Del,Struct,22234881,170334,1637,0,13582.70
64000,256000,476,Add,Struct,23622340,170334,1857,0,12720.70
64000,256000,477,Del,Struct,23430775,170332,741,0,31620.48
64000,256000,478,Del,Struct,23561164,170332,733,0,32143.47
64000,256000,479,Del,Struct,22605604,170332,3752,4,6024.95
64000,256000,480,Inc,Large,20826536,170334,5152,6,4042.42
64000,256000,481,Inc,Large,23587839,170334,1053,0,22400.61
64000,256000,482,Inc,Large,22499112,170334,3231,2,6963.51
64000,256000,483,Add,Struct,23483116,170334,1229,0,19107.50
64000,256000,484,Add,Struct,23321182,170334,1234,0,18898.85
64000,256000,485,Del,Struct,22534947,170332,818,0,27548.83
64000,256000,486,Del,Struct,23921667,170332,992,0,24114.58
64000,256000,487,Del,Struct,21155296,170332,950,0,22268.73
64000,256000,488,Inc,Large,22970222,170332,1051,0,21855.59
64000,256000,489,Add,Struct,24204645,170332,2603,0,9298.75
64000,256000,490,Dec,Large,23405876,170332,1008,0,23220.12
64000,256000,491,Del,Struct,23381752,170332,1119,0,20895.22
64000,256000,492,Del,Struct,22990221,170332,889,0,25860.77
64000,256000,493,Del,Struct,23776454,170328,16489,24,1441.96
64000,256000,494,Del,Struct,23204943,170328,3250,0,7139.98
64000,256000,495,Inc,Large,22173910,170328,1054,0,21037.87
64000,256000,496,Inc,Large,21323621,170328,1708,0,12484.56
64000,256000,497,Add,Struct,23488936,170328,2289,0,10261.66
64000,256000,498,Del,Struct,24858250,170328,1007,0,24685.45
64000,256000,499,Del,Struct,21731821,170328,697,0,31179.08
64000,256000,500,Dec,Large,24244743,170328,1274,0,19030.41
64000,256000,501,Dec,Large,22710468,170328,2021,0,11237.24
64000,256000,502,Dec,Large,24182311,170328,1397,0,17310.17
64000,256000,503,Dec,Large,23064973,170330,1994,2,11567.19
64000,256000,504,Dec,Large,21720619,170330,1214,0,17891.78
64000,256000,505,Add,Struct,23322411,170330,1962,0,11887.06
64000,256000,506,Del,Struct,21952765,170328,2654,0,8271.58
64000,256000,507,Dec,Large,25244214,170328,1397,0,18070.30
64000,256000,508,Dec,Large,22126241,170328,1013,0,21842.29
64000,256000,509,Dec,Large,23665143,170330,2347,2,10083.15
64000,256000,510,Add,Struct,24953445,170330,4758,0,5244.52
64000,256000,511,Inc,Large,23312250,170330,3135,0,7436.12
64000,256000,512,Del,Struct,25523990,170330,2473,2,10321.06
64000,256000,513,Dec,Large,21266742,170332,3992,12,5327.34
64000,256000,514,Add,Struct,23892653,170332,1498,0,15949.70
64000,256000,515,Add,Struct,23688350,170332,3422,6,6922.37
64000,256000,516,Dec,Large,21512439,170332,2353,0,9142.56
64000,256000,517,Add,Struct,24186072,170332,1971,0,12270.96
64000,256000,518,Inc,Large,21525820,170332,1198,0,17968.13
64000,256000,519,Dec,Large,26462518,170332,1129,0,23438.90
64000,256000,520,Inc,Large,24345831,170332,1345,0,18100.99
64000,256000,521,Add,Struct,23659869,170332,1972,0,11997.91
64000,256000,522,Add,Struct,25772033,170332,2642,2,9754.74
64000,256000,523,Del,Struct,24235977,170332,957,0,25324.95
64000,256000,524,Dec,Large,24720340,170332,31360,32,788.28
64000,256000,525,Add,Struct,22725102,170332,1219,0,18642.41
64000,256000,526,Del,Struct,23325191,170332,714,0,32668.33
64000,256000,527,Inc,Large,23706814,170332,1144,0,20722.74
64000,256000,528,Del,Struct,23390789,170330,998,0,23437.66
64000,256000,529,Add,Struct,22758221,170330,1131,0,20122.21
64000,256000,530,Del,Struct,21248983,170330,712,0,29844.08
64000,256000,531,Dec,Large,24312723,170330,1144,0,21252.38
64000,256000,532,Inc,Large,24022684,170330,1058,0,22705.75
64000,256000,533,Dec,Large,23340380,170330,1298,0,17981.80
64000,256000,534,Dec,Large,25200356,170328,3008,2,8377.78
64000,256000,535,Inc,Large,23525298,170326,4961,4,4742.05
64000,256000,536,Dec,Large,24098941,170326,2596,2,9283.11
64000,256000,537,Add,Struct,24683166,170326,1573,0,15691.78
64000,256000,538,Add,Struct,21629479,170324,2674,6,8088.81
64000,256000,539,Inc,Large,24165472,170324,3605,4,6703.32
64000,256000,540,Del,Struct,23169014,170324,1015,0,22826.61
64000,256000,541,Dec,Large,24830730,170324,1414,0,17560.63
64000,256000,542,Inc,Large,22183622,170324,6944,4,3194.65
64000,256000,543,Dec,Large,25129346,170324,1057,0,23774.22
64000,256000,544,Inc,Large,25898406,170324,1175,0,22041.20
64000,256000,545,Dec,Large,22888911,170324,1073,0,21331.70
64000,256000,546,Dec,Large,21828624,170318,5503,24,3966.68
64000,256000,547,Add,Struct,22267652,170318,1645,0,13536.57
64000,256000,548,Del,Struct,23152816,170344,34645,146,668.29
64000,256000,549,Dec,Large,23749911,170346,2103,2,11293.35
64000,256000,550,Inc,Large,22970659,170344,1271,0,18072.90
64000,256000,551,Add,Struct,25246657,170348,2359,4,10702.27
64000,256000,552,Add,Struct,24249633,170348,2512,0,9653.52
64000,256000,553,Add,Struct,23970275,170348,1538,0,15585.35
64000,256000,554,Dec,Large,24118911,170350,3117,2,7737.86
64000,256000,555,Inc,Large,22045463,170350,1107,0,19914.60
64000,256000,556,Del,Struct,24735457,170350,1646,0,15027.62
64000,256000,557,Del,Struct,23738404,170350,3469,2,6843.01
64000,256000,558,Dec,Large,22990334,170354,3734,4,6157.03
64000,256000,559,Inc,Large,23624793,170354,1328,0,17789.75
64000,256000,560,Add,Struct,23427720,170354,2763,0,8479.09
64000,256000,561,Add,Struct,25289592,170354,2243,0,11274.90
64000,256000,562,Del,Struct,24301550,170352,2565,2,9474.29
64000,256000,563,Add,Struct,23014900,170348,3124,4,7367.13
64000,256000,564,Inc,Large,24465440,170348,1567,0,15612.92
64000,256000,565,Dec,Large,22852984,170348,1196,0,19107.85
64000,256000,566,Dec,Large,24803206,170348,1415,0,17528.77
64000,256000,567,Inc,Large,23369333,170348,1145,0,20409.90
64000,256000,568,Dec,Large,26101123,170352,2827,2,9232.80
64000,256000,569,Inc,Large,24095259,170352,1782,0,13521.47
64000,256000,570,Inc,Large,23545680,170352,1534,0,15349.20
64000,256000,571,Del,Struct,23063464,170352,715,0,32256.59
64000,256000,572,Add,Struct,22011525,170352,1721,0,12789.96
64000,256000,573,Dec,Large,24122193,170352,1276,0,18904.54
64000,256000,574,Dec,Large,24483645,170352,856,0,28602.39
64000,256000,575,Del,Struct,22878791,170352,1090,0,20989.72
64000,256000,576,Inc,Large,23712468,170352,1295,0,18310.79
64000,256000,577,Add,Struct,21870679,170352,2349,0,9310.63
64000,256000,578,Add,Struct,24627051,170352,1427,0,17257.92
64000,256000,579,Del,Struct,24631565,170352,750,0,32842.09
64000,256000,580,Add,Struct,21657489,170352,2046,0,10585.28
64000,256000,581,Add,Struct,23002793,170352,915,0,25139.66
64000,256000,582,Add,Struct,28487365,170352,1042,0,27339.12
64000,256000,583,Add,Struct,22876898,170352,912,0,25084.32
64000,256000,584,Inc,Large,21844180,170352,1134,0,19262.95
64000,256000,585,Del,Struct,24625701,170352,706,0,34880.60
64000,256000,586,Del,Struct,23588271,170352,701,0,33649.46
64000,256000,587,Dec,Large,23212430,170352,1070,0,21693.86
64000,256000,588,Inc,Large,22927620,170352,1781,0,12873.45
64000,256000,589,Dec,Large,21609699,170352,18974,16,1138.91
64000,256000,590,Inc,Large,24135303,170352,1598,0,15103.44
64000,256000,591,Inc,Large,23472215,170352,1569,0,14959.98
64000,256000,592,Dec,Large,22492288,170352,6748,28,3333.18
64000,256000,593,Del,Struct,22724391,170350,1030,0,22062.52
64000,256000,594,Del,Struct,23773266,170350,760,0,31280.61
64000,256000,595,Inc,Large,26482523,170350,1058,0,25030.74
64000,256000,596,Dec,Large,24058346,170352,2341,4,10276.95
64000,256000,597,Inc,Large,23297408,170352,1212,0,19222.28
64000,256000,598,Add,Struct,23667059,170352,4014,2,5896.13
64000,256000,599,Dec,Large,21920750,170352,3216,0,6816.15
64000,256000,600,Dec,Large,22992896,170352,2957,4,7775.75
64000,256000,601,Del,Struct,21361598,170352,753,0,28368.66
64000,256000,602,Add,Struct,23715406,170352,1611,0,14720.92
64000,256000,603,Dec,Large,23890176,170352,965,0,24756.66
64000,256000,604,Del,Struct,21993398,170352,680,0,32343.23
64000,256000,605,Del,Struct,24338298,170352,647,0,37617.15
64000,256000,606,Inc,Large,21500386,170352,1040,0,20673.45
64000,256000,607,Del,Struct,24161484,170352,818,0,29537.27
64000,256000,608,Add,Struct,23912547,170352,2254,0,10608.94
64000,256000,609,Inc,Large,22931358,170352,1517,0,15116.25
64000,256000,610,Del,Struct,23852419,170352,774,0,30817.08
64000,256000,611,Add,Struct,24116674,170352,963,0,25043.28
64000,256000,612,Add,Struct,25237927,170352,2211,0,11414.71
64000,256000,613,Add,Struct,24134739,170352,1009,0,23919.46
64000,256000,614,Del,Struct,22910703,170352,778,0,29448.20
64000,256000,615,Dec,Large,26841303,170352,1639,0,16376.63
64000,256000,616,Dec,Large,26166568,170352,1873,0,13970.40
64000,256000,617,Del,Struct,27431312,170352,1002,0,27376.56
64000,256000,618,Del,Struct,28347328,170352,719,0,39426.05
64000,256000,619,Del,Struct,21342409,170352,805,0,26512.31
64000,256000,620,Inc,Large,23596603,170356,2886,2,8176.23
64000,256000,621,Inc,Large,22711078,170354,4012,2,5660.79
64000,256000,622,Add,Struct,21727905,170354,3014,0,7208.99
64000,256000,623,Dec,Large,22166418,170354,1324,0,16742.01
64000,256000,624,Add,Struct,22178206,170354,1465,0,15138.71
64000,256000,625,Del,Struct,23827649,170352,803,0,29673.29
64000,256000,626,Inc,Large,21327690,170352,1367,0,15601.82
64000,256000,627,Inc,Large,23326325,170352,1441,0,16187.60
64000,256000,628,Del,Struct,22425145,170352,914,0,24535.17
64000,256000,629,Inc,Large,22649083,170352,1042,0,21736.16
64000,256000,630,Dec,Large,22855929,170352,1304,0,17527.55
64000,256000,631,Del,Struct,22301954,170352,762,0,29267.66
64000,256000,632,Dec,Large,22545236,170352,971,0,23218.57
64000,256000,633,Dec,Large,21442950,170344,4269,12,5022.94
64000,256000,634,Del,Struct,23295814,170344,2882,2,8083.21
64000,256000,635,Dec,Large,20975178,170344,13088,68,1602.63
64000,256000,636,Dec,Large,22579984,170344,1177,0,19184.35
64000,256000,637,Del,Struct,23886505,170344,1082,0,22076.25
64000,256000,638,Inc,Large,23668201,170344,4344,4,5448.48
64000,256000,639,Dec,Large,23683326,170344,1221,0,19396.66
64000,256000,640,Dec,Large,21741350,170344,1150,0,18905.52
64000,256000,641,Dec,Large,22679985,170342,4583,18,4948.72
64000,256000,642,Add,Struct,22384145,170342,3319,4,6744.24
64000,256000,643,Del,Struct,24708303,170342,1141,0,21654.95
64000,256000,644,Inc,Large,25997875,170342,1310,0,19845.71
64000,256000,645,Inc,Large,21850936,170342,797,0,27416.48
64000,256000,646,Del,Struct,22240158,170342,640,0,34750.25
64000,256000,647,Dec,Large,22954612,170342,1480,0,15509.87
64000,256000,648,Dec,Large,22710128,170342,952,0,23855.18
64000,256000,649,Inc,Large,23864085,170342,2281,0,10462.12
64000,256000,650,Add,Struct,23271472,170340,5363,14,4339.26
64000,256000,651,Inc,Large,22657463,170340,2658,2,8524.25
64000,256000,652,Del,Struct,22320318,170336,2556,2,8732.52
64000,256000,653,Dec,Large,23666398,170336,1360,0,17401.76
64000,256000,654,Del,Struct,21505567,170336,660,0,32584.19
64000,256000,655,Dec,Large,23572220,170336,1138,0,20713.73
64000,256000,656,Dec,Large,26098704,170336,2782,4,9381.27
64000,256000,657,Del,Struct,23157555,170334,797,0,29055.90
64000,256000,658,Add,Struct,22164410,170334,1645,0,13473.81
64000,256000,659,Inc,Large,22390686,170336,4200,4,5331.12
64000,256000,660,Add,Struct,25512633,170338,1793,0,14229.02
64000,256000,661,Dec,Large,21563683,170336,3517,10,6131.27
64000,256000,662,Del,Struct,24728658,170336,693,0,35683.49
64000,256000,663,Dec,Large,24154811,170336,1591,0,15182.16
64000,256000,664,Del,Struct,21630729,170336,680,0,31809.90
64000,256000,665,Add,Struct,23592622,170336,2796,2,8437.99
64000,256000,666,Inc,Large,20895248,170336,1160,0,18013.14
64000,256000,667,Del,Struct,22616608,170336,681,0,33210.88
64000,256000,668,Dec,Large,22931604,170326,40435,152,567.12
64000,256000,669,Dec,Large,22933768,170328,2110,2,10869.08
64000,256000,670,Dec,Large,22680554,170328,1544,0,14689.48
64000,256000,671,Del,Struct,23016388,170328,757,0,30404.74
64000,256000,672,Inc,Large,22795336,170328,1241,0,18368.52
64000,256000,673,Del,Struct,24068092,170328,701,0,34333.94
64000,256000,674,Add,Struct,22380269,170328,2221,0,10076.66
64000,256000,675,Del,Struct,21242071,170326,4292,6,4949.22
64000,256000,676,Del,Struct,23685110,170326,839,0,28230.17
64000,256000,677,Inc,Large,22340399,170324,4813,6,4641.68
64000,256000,678,Dec,Large,21160309,170324,1428,0,14818.14
64000,256000,679,Del,Struct,22415624,170324,855,0,26217.10
64000,256000,680,Inc,Large,23207369,170324,1360,0,17064.24
64000,256000,681,Inc,Large,24450436,170316,30877,52,791.87
64000,256000,682,Inc,Large,23447237,170320,4030,4,5818.17
64000,256000,683,Add,Struct,22013085,170320,1892,0,11634.82
64000,256000,684,Inc,Large,22760484,170320,1292,0,17616.47
64000,256000,685,Dec,Large,21997362,170320,1009,0,21801.15
64000,256000,686,Del,Struct,22412977,170320,700,0,32018.54
64000,256000,687,Dec,Large,22177412,170320,7439,2,2981.24
64000,256000,688,Inc,Large,22793206,170312,6043,8,3771.84
64000,256000,689,Add,Struct,21517935,170312,2300,0,9355.62
64000,256000,690,Inc,Large,23587854,170312,2241,2,10525.59
64000,256000,691,Inc,Large,23782971,170312,1139,0,20880.57
64000,256000,692,Dec,Large,23685092,170314,3927,12,6031.35
64000,256000,693,Add,Struct,24602734,170314,1557,0,15801.37
64000,256000,694,Add,Struct,24055895,170314,1233,0,19510.05
64000,256000,695,Dec,Large,23712204,170314,1385,0,17120.72
64000,256000,696,Add,Struct,23237095,170314,2238,0,10382.97
64000,256000,697,Add,Struct,29963214,170314,1800,0,16646.23
64000,256000,698,Dec,Large,23316596,170314,1150,0,20275.30
64000,256000,699,Inc,Large,22322129,170314,1110,0,20110.03
64000,256000,700,Dec,Large,21942642,170316,2914,2,7530.08
64000,256000,701,Inc,Large,22226815,170316,2042,0,10884.83
64000,256000,702,Del,Struct,23457509,170316,974,0,24083.68
64000,256000,703,Inc,Large,23769589,170314,3819,2,6224.03
64000,256000,704,Dec,Large,23059684,170314,875,0,26353.92
64000,256000,705,Inc,Large,23326714,170314,2097,0,11123.85
64000,256000,706,Inc,Large,21983950,170312,17417,20,1262.21
64000,256000,707,Del,Struct,23917593,170312,725,0,32989.78
64000,256000,708,Dec,Large,22751478,170314,1846,2,12324.74
64000,256000,709,Add,Struct,22474518,170314,2488,2,9033.17
64000,256000,710,Del,Struct,22713024,170314,785,0,28933.79
64000,256000,711,Add,Struct,21562710,170314,2501,2,8621.64
64000,256000,712,Del,Struct,23352489,170314,650,0,35926.91
64000,256000,713,Inc,Large,21060334,170318,3225,2,6530.34
64000,256000,714,Add,Struct,23581258,170318,1952,0,12080.56
64000,256000,715,Inc,Large,22754432,170318,1312,0,17343.32
64000,256000,716,Del,Struct,23000141,170316,3795,4,6060.64
64000,256000,717,Add,Struct,24681031,170316,1739,0,14192.66
64000,256000,718,Add,Struct,21875001,170316,1840,0,11888.59
64000,256000,719,Inc,Large,22762425,170320,4894,4,4651.09
64000,256000,720,Dec,Large,26841735,170320,2568,2,10452.39
64000,256000,721,Inc,Large,21614838,170322,2898,2,7458.54
64000,256000,722,Add,Struct,23177898,170322,1435,0,16151.85
64000,256000,723,Del,Struct,23557339,170320,4475,4,5264.21
64000,256000,724,Add,Struct,26177215,170324,4072,14,6428.59
64000,256000,725,Inc,Large,24686858,170324,1142,0,21617.21
64000,256000,726,Inc,Large,24250260,170326,1306,0,18568.35
64000,256000,727,Inc,Large,23834867,170330,4949,6,4816.10
64000,256000,728,Inc,Large,23231124,170330,1169,0,19872.65
64000,256000,729,Add,Struct,28163640,170332,938,0,30025.20
64000,256000,730,Dec,Large,21668210,170332,1070,0,20250.66
64000,256000,731,Add,Struct,23331975,170332,1448,0,16113.24
64000,256000,732,Add,Struct,22496867,170332,1798,0,12512.16
64000,256000,733,Add,Struct,21529876,170328,13579,64,1585.53
64000,256000,734,Dec,Large,23448000,170328,947,0,24760.30
64000,256000,735,Del,Struct,21750915,170328,753,0,28885.68
64000,256000,736,Inc,Large,23402026,170328,1150,0,20349.59
64000,256000,737,Inc,Large,23390076,170326,4062,2,5758.27
64000,256000,738,Dec,Large,22522033,170326,1041,0,21635.00
64000,256000,739,Add,Struct,23250922,170326,3001,0,7747.72
64000,256000,740,Add,Struct,23192338,170326,2533,0,9156.08
64000,256000,741,Del,Struct,22491388,170326,15182,20,1481.45
64000,256000,742,Dec,Large,23292596,170326,3089,0,7540.50
64000,256000,743,Dec,Large,21938139,170326,950,0,23092.78
64000,256000,744,Dec,Large,21031637,170328,2962,6,7100.49
64000,256000,745,Dec,Large,23363764,170328,995,0,23481.17
64000,256000,746,Dec,Large,23906436,170322,8658,42,2761.20
64000,256000,747,Del,Struct,22315092,170324,2760,2,8085.18
64000,256000,748,Dec,Large,23351025,170324,1005,0,23234.85
64000,256000,749,Inc,Large,21492164,170324,1166,0,18432.39
64000,256000,750,Dec,Large,24138331,170324,1197,0,20165.69
64000,256000,751,Add,Struct,22757065,170324,1875,2,12137.10
64000,256000,752,Del,Struct,21595103,170324,615,0,35113.99
64000,256000,753,Del,Struct,22376368,170324,841,0,26606.86
64000,256000,754,Inc,Large,22623367,170324,1070,0,21143.33
64000,256000,755,Dec,Large,24289544,170324,3215,4,7555.07
64000,256000,756,Inc,Large,21969584,170324,985,0,22304.15
64000,256000,757,Add,Struct,23235564,170324,1212,0,19171.26
64000,256000,758,Del,Struct,23702125,170324,793,0,29889.19
64000,256000,759,Del,Struct,22243671,170326,4224,6,5266.02
64000,256000,760,Inc,Large,22754959,170326,877,0,25946.36
64000,256000,761,Inc,Large,22037533,170330,1586,0,13895.04
64000,256000,762,Dec,Large,22872639,170330,1017,0,22490.30
64000,256000,763,Inc,Large,21766645,170330,862,0,25251.33
64000,256000,764,Dec,Large,23490278,170330,1006,0,23350.18
64000,256000,765,Del,Struct,20675380,170332,4599,6,4495.63
64000,256000,766,Inc,Large,22814416,170332,1706,0,13373.05
64000,256000,767,Add,Struct,24285122,170334,2997,2,8103.14
64000,256000,768,Add,Struct,21975705,170336,2334,4,9415.47
64000,256000,769,Add,Struct,23982874,170336,2007,0,11949.61
64000,256000,770,Add,Struct,23294376,170336,1280,0,18198.73
64000,256000,771,Inc,Large,25217931,170336,1070,0,23568.16
64000,256000,772,Inc,Large,22582778,170336,990,0,22810.89
64000,256000,773,Dec,Large,21565852,170336,1159,0,18607.29
64000,256000,774,Inc,Large,21158966,170336,3985,0,5309.65
64000,256000,775,Dec,Large,23355886,170336,2279,2,10248.30
64000,256000,776,Del,Struct,22960036,170340,6207,12,3699.06
64000,256000,777,Add,Struct,22083491,170340,1401,0,15762.66
64000,256000,778,Del,Struct,22578214,170340,650,0,34735.71
64000,256000,779,Del,Struct,21738386,170340,684,0,31781.27
64000,256000,780,Dec,Large,23418075,170340,1040,0,22517.38
64000,256000,781,Del,Struct,22575133,170340,758,0,29782.50
64000,256000,782,Add,Struct,21390198,170340,2289,0,9344.78
64000,256000,783,Dec,Large,23040880,170340,1071,0,21513.43
64000,256000,784,Dec,Large,22481683,170340,1046,0,21493.00
64000,256000,785,Del,Struct,22395331,170340,674,0,33227.49
64000,256000,786,Add,Struct,22673010,170342,2353,2,9635.79
64000,256000,787,Inc,Large,22311804,170342,1084,0,20582.85
64000,256000,788,Inc,Large,21025656,170346,6376,10,3297.62
64000,256000,789,Inc,Large,23886260,170346,1696,0,14083.88
64000,256000,790,Del,Struct,24110085,170346,1104,0,21838.85
64000,256000,791,Del,Struct,21570063,170346,2281,0,9456.41
64000,256000,792,Add,Struct,24887426,170346,1033,0,24092.38
64000,256000,793,Add,Struct,21599447,170346,1692,0,12765.63
64000,256000,794,Del,Struct,23779219,170346,676,0,35176.36
64000,256000,795,Del,Struct,22989076,170344,665,0,34570.04
64000,256000,796,Add,Struct,21737134,170344,913,0,23808.47
64000,256000,797,Inc,Large,23559540,170344,1049,0,22459.05
64000,256000,798,Dec,Large,23147861,170344,1085,0,21334.43
64000,256000,799,Dec,Large,25319883,170344,1030,0,24582.41
64000,256000,800,Del,Struct,21173105,170344,669,0,31648.89
64000,256000,801,Del,Struct,23010462,170344,696,0,33061.01
64000,256000,802,Del,Struct,23284400,170344,703,0,33121.48
64000,256000,803,Dec,Large,23048906,170344,1037,0,22226.52
64000,256000,804,Del,Struct,24498911,170344,852,0,28754.59
64000,256000,805,Add,Struct,22068416,170344,903,0,24439.00
64000,256000,806,Del,Struct,24114851,170344,747,0,32282.26
64000,256000,807,Dec,Large,22716280,170344,1467,0,15484.85
64000,256000,808,Dec,Large,22760009,170344,960,0,23708.34
64000,256000,809,Inc,Large,21322306,170344,3992,4,5341.26
64000,256000,810,Add,Struct,23990502,170344,3696,8,6490.94
64000,256000,811,Add,Struct,25149831,170344,1706,0,14741.99
64000,256000,812,Del,Struct,25000214,170342,4329,4,5775.06
64000,256000,813,Del,Struct,22818589,170342,706,0,32320.95
64000,256000,814,Inc,Large,22864366,170332,14550,28,1571.43
64000,256000,815,Del,Struct,24145942,170332,711,0,33960.54
64000,256000,816,Inc,Large,22555616,170332,1185,0,19034.28
64000,256000,817,Del,Struct,22275521,170330,738,0,30183.63
64000,256000,818,Add,Struct,22488505,170328,28922,2,777.56
64000,256000,819,Add,Struct,21924150,170328,1638,0,13384.71
64000,256000,820,Del,Struct,23973103,170334,9756,24,2457.27
64000,256000,821,Dec,Large,22824881,170334,1944,2,11741.19
64000,256000,822,Dec,Large,22085312,170334,1417,0,15585.96
64000,256000,823,Add,Struct,24194892,170334,1921,0,12594.95
64000,256000,824,Add,Struct,21943169,170334,1825,0,12023.65
64000,256000,825,Dec,Large,24540084,170338,4518,12,5431.63
64000,256000,826,Del,Struct,22520749,170334,6291,10,3579.84
64000,256000,827,Add,Struct,25007060,170334,1733,0,14429.92
64000,256000,828,Add,Struct,23458533,170334,1757,0,13351.47
64000,256000,829,Dec,Large,22579568,170334,1004,0,22489.61
64000,256000,830,Dec,Large,24544282,170334,1079,0,22747.25
64000,256000,831,Inc,Large,22523628,170336,2765,2,8145.98
64000,256000,832,Del,Struct,23971429,170336,1094,0,21911.73
64000,256000,833,Add,Struct,25453263,170334,2190,2,11622.49
64000,256000,834,Del,Struct,22889886,170334,786,0,29121.99
64000,256000,835,Del,Struct,24649552,170334,819,0,30097.13
64000,256000,836,Del,Struct,22509015,170338,3045,2,7392.12
64000,256000,837,Add,Struct,24079715,170340,2621,0,9187.22
64000,256000,838,Add,Struct,22409626,170340,3115,0,7194.10
64000,256000,839,Inc,Large,22237198,170340,1211,0,18362.67
64000,256000,840,Inc,Large,22120619,170346,3685,2,6002.88
64000,256000,841,Inc,Large,22516117,170346,1069,0,21062.78
64000,256000,842,Del,Struct,23938042,170346,684,0,34997.14
64000,256000,843,Del,Struct,21863942,170346,627,0,34870.72
64000,256000,844,Del,Struct,23710279,170346,630,0,37635.36
64000,256000,845,Dec,Large,23091952,170346,1156,0,19975.74
64000,256000,846,Inc,Large,23020462,170346,1201,0,19167.75
64000,256000,847,Dec,Large,24729994,170346,1224,0,20204.24
64000,256000,848,Add,Struct,22961976,170346,1038,0,22121.36
64000,256000,849,Inc,Large,23040591,170346,1100,0,20945.99
64000,256000,850,Del,Struct,23118602,170346,873,0,26481.79
64000,256000,851,Add,Struct,22597830,170346,13840,0,1632.79
64000,256000,852,Inc,Large,22213736,170346,1713,0,12967.74
64000,256000,853,Dec,Large,24654467,170350,8433,38,2923.57
64000,256000,854,Dec,Large,26474007,170352,3217,2,8229.41
64000,256000,855,Add,Struct,23804129,170352,1363,0,17464.51
64000,256000,856,Dec,Large,23629500,170350,1998,2,11826.58
64000,256000,857,Inc,Large,22723473,170350,1086,0,20924.01
64000,256000,858,Dec,Large,22579631,170350,1041,0,21690.33
64000,256000,859,Del,Struct,26411463,170350,632,0,41790.29
64000,256000,860,Dec,Large,21177085,170350,1148,0,18446.94
64000,256000,861,Inc,Large,25957804,170348,4310,4,6022.69
64000,256000,862,Inc,Large,26467759,170346,3192,2,8291.90
64000,256000,863,Add,Struct,23497390,170346,2799,0,8394.92
64000,256000,864,Add,Struct,23342979,170346,971,0,24040.14
64000,256000,865,Add,Struct,21381980,170346,2085,0,10255.15
64000,256000,866,Dec,Large,24104149,170346,1051,0,22934.49
64000,256000,867,Inc,Large,24863174,170346,1808,0,13751.76
64000,256000,868,Dec,Large,22488983,170346,4397,6,5114.62
64000,256000,869,Add,Struct,24072067,170346,1939,0,12414.68
64000,256000,870,Inc,Large,22070297,170346,947,0,23305.49
64000,256000,871,Del,Struct,24472618,170342,4116,4,5945.73
64000,256000,872,Dec,Large,22745073,170344,2673,4,8509.19
64000,256000,873,Del,Struct,22184269,170344,2279,0,9734.21
64000,256000,874,Inc,Large,25230790,170344,1098,0,22978.86
64000,256000,875,Del,Struct,23065435,170344,743,0,31043.65
64000,256000,876,Inc,Large,24204536,170344,830,0,29162.09
64000,256000,877,Inc,Large,22281842,170342,3251,2,6853.84
64000,256000,878,Dec,Large,24109301,170342,1031,0,23384.39
64000,256000,879,Del,Struct,25273746,170342,819,0,30859.27
64000,256000,880,Del,Struct,22313584,170336,12601,6,1770.78
64000,256000,881,Dec,Large,24235343,170336,1123,0,21580.89
64000,256000,882,Inc,Large,21492624,170336,1070,0,20086.56
64000,256000,883,Del,Struct,23923493,170336,739,0,32372.79
64000,256000,884,Inc,Large,22798181,170336,1233,0,18490.01
64000,256000,885,Del,Struct,21183668,170336,707,0,29962.76
64000,256000,886,Del,Struct,24554903,170336,4053,2,6058.45
64000,256000,887,Dec,Large,24436802,170336,1006,0,24291.06
64000,256000,888,Add,Struct,23878915,170336,2305,0,10359.62
64000,256000,889,Dec,Large,23990978,170338,2399,2,10000.41
64000,256000,890,Del,Struct,21744759,170338,858,0,25343.54
64000,256000,891,Add,Struct,23029544,170338,2385,0,9655.99
64000,256000,892,Del,Struct,21869469,170338,697,0,31376.57
64000,256000,893,Dec,Large,22883979,170338,1133,0,20197.69
64000,256000,894,Dec,Large,21646149,170340,2057,2,10523.16
64000,256000,895,Dec,Large,22817677,170340,982,0,23235.92
64000,256000,896,Inc,Large,25181363,170340,1432,0,17584.75
64000,256000,897,Add,Struct,23483194,170340,1627,0,14433.43
64000,256000,898,Inc,Large,23690284,170340,1287,0,18407.37
64000,256000,899,Add,Struct,22093369,170340,865,0,25541.47
64000,256000,900,Dec,Large,22645247,170340,2258,0,10028.90
64000,256000,901,Dec,Large,22393620,170340,1239,0,18073.95
64000,256000,902,Dec,Large,22501121,170340,1086,0,20719.26
64000,256000,903,Inc,Large,21044511,170340,2983,2,7054.81
64000,256000,904,Inc,Large,23859005,170338,3384,2,7050.53
64000,256000,905,Inc,Large,22312686,170338,1344,0,16601.70
64000,256000,906,Inc,Large,22350827,170338,1138,0,19640.45
64000,256000,907,Dec,Large,23495112,170338,1105,0,21262.54
64000,256000,908,Dec,Large,21863460,170338,1340,0,16316.01
64000,256000,909,Dec,Large,22448658,170336,4734,16,4742.01
64000,256000,910,Inc,Large,22473562,170336,1510,0,14883.15
64000,256000,911,Inc,Large,22696613,170338,5601,6,4052.24
64000,256000,912,Dec,Large,22400311,170338,1172,0,19112.89
64000,256000,913,Inc,Large,23848379,170338,965,0,24713.35
64000,256000,914,Inc,Large,23477947,170338,1117,0,21018.75
64000,256000,915,Inc,Large,21815318,170338,2586,0,8435.93
64000,256000,916,Inc,Large,23137832,170328,24402,90,948.19
64000,256000,917,Inc,Large,21215360,170328,1121,0,18925.39
64000,256000,918,Add,Struct,24243643,170328,2478,0,9783.55
64000,256000,919,Add,Struct,23771958,170328,1060,0,22426.38
64000,256000,920,Del,Struct,21617680,170328,692,0,31239.42
64000,256000,921,Dec,Large,23335887,170328,1327,0,17585.45
64000,256000,922,Add,Struct,22621154,170328,2154,0,10501.93
64000,256000,923,Dec,Large,25022724,170330,3946,6,6341.29
64000,256000,924,Dec,Large,22748773,170330,1513,0,15035.54
64000,256000,925,Dec,Large,21265296,170330,1360,0,15636.25
64000,256000,926,Inc,Large,21861632,170330,1539,0,14205.09
64000,256000,927,Inc,Large,22619549,170330,1283,0,17630.20
64000,256000,928,Del,Struct,22625343,170326,6219,10,3638.10
64000,256000,929,Add,Struct,21836483,170336,28205,180,774.21
64000,256000,930,Add,Struct,23839259,170336,1283,0,18580.87
64000,256000,931,Dec,Large,21521425,170338,2602,2,8271.11
64000,256000,932,Inc,Large,23775049,170338,1069,0,22240.46
64000,256000,933,Del,Struct,22179691,170338,661,0,33554.75
64000,256000,934,Dec,Large,21109497,170338,2648,2,7971.86
64000,256000,935,Dec,Large,23288379,170336,15777,4,1476.10
64000,256000,936,Add,Struct,22617944,170338,1949,0,11604.90
64000,256000,937,Add,Struct,22593999,170340,2839,4,7958.44
64000,256000,938,Del,Struct,21550646,170340,720,0,29931.45
64000,256000,939,Del,Struct,22306938,170344,2447,2,9116.04
64000,256000,940,Del,Struct,22303176,170344,1506,0,14809.55
64000,256000,941,Dec,Large,24834615,170346,1179,0,21064.13
64000,256000,942,Inc,Large,24047702,170346,1113,0,21606.20
64000,256000,943,Inc,Large,22112122,170346,1148,0,19261.43
64000,256000,944,Del,Struct,22593133,170346,797,0,28347.72
64000,256000,945,Inc,Large,21507378,170346,1082,0,19877.43
64000,256000,946,Inc,Large,23727508,170346,1099,0,21590.09
64000,256000,947,Dec,Large,21546937,170342,3388,6,6359.78
64000,256000,948,Add,Struct,22638942,170344,1988,0,11387.80
64000,256000,949,Dec,Large,22794055,170344,1169,0,19498.76
64000,256000,950,Add,Struct,22404983,170344,1107,0,20239.37
64000,256000,951,Inc,Large,22894760,170344,1354,0,16908.98
64000,256000,952,Add,Struct,21670437,170356,3949,10,5487.58
64000,256000,953,Add,Struct,22461183,170356,1947,0,11536.30
64000,256000,954,Inc,Large,21852449,170356,1954,0,11183.44
64000,256000,955,Dec,Large,22898796,170352,4100,14,5585.07
64000,256000,956,Dec,Large,21676308,170350,3079,4,7040.05
64000,256000,957,Dec,Large,22952180,170352,2909,2,7890.06
64000,256000,958,Del,Struct,22265922,170352,705,0,31582.87
64000,256000,959,Inc,Large,21845624,170352,1326,0,16474.83
64000,256000,960,Inc,Large,23786585,170352,1218,0,19529.22
64000,256000,961,Inc,Large,22012902,170352,1211,0,18177.46
64000,256000,962,Inc,Large,23010206,170352,1217,0,18907.32
64000,256000,963,Inc,Large,23784425,170352,1786,0,13317.15
64000,256000,964,Dec,Large,22882623,170354,2127,2,10758.17
64000,256000,965,Add,Struct,21435848,170354,1131,0,18953.00
64000,256000,966,Dec,Large,24393830,170354,1224,0,19929.60
64000,256000,967,Dec,Large,23058592,170354,1733,0,13305.59
64000,256000,968,Inc,Large,23042777,170354,1344,0,17144.92
64000,256000,969,Del,Struct,22234747,170354,660,0,33689.01
64000,256000,970,Inc,Large,21094559,170360,5186,6,4067.60
64000,256000,971,Add,Struct,23696054,170360,1019,0,23254.22
64000,256000,972,Inc,Large,23009875,170360,1209,0,19032.15
64000,256000,973,Del,Struct,20992925,170360,713,0,29443.09
64000,256000,974,Del,Struct,22559549,170360,1352,0,16686.06
64000,256000,975,Dec,Large,24875650,170360,1166,0,21334.18
64000,256000,976,Dec,Large,23962888,170360,1026,0,23355.64
64000,256000,977,Del,Struct,22956501,170360,1146,0,20031.85
64000,256000,978,Add,Struct,21439300,170360,2275,0,9423.87
64000,256000,979,Inc,Large,22965368,170360,5095,4,4507.43
64000,256000,980,Dec,Large,23628204,170360,1012,0,23348.03
64000,256000,981,Del,Struct,23356603,170358,1064,0,21951.69
64000,256000,982,Add,Struct,22014806,170358,963,0,22860.65
64000,256000,983,Inc,Large,22515517,170358,1716,0,13120.93
64000,256000,984,Add,Struct,23566450,170358,1318,0,17880.46
64000,256000,985,Del,Struct,23178288,170356,5952,8,3894.20
64000,256000,986,Add,Struct,23089060,170356,920,0,25096.80
64000,256000,987,Add,Struct,22098121,170356,2206,0,10017.28
64000,256000,988,Add,Struct,23991705,170356,1081,0,22193.99
64000,256000,989,Del,Struct,21310930,170354,760,0,28040.70
64000,256000,990,Inc,Large,24837506,170354,1662,0,14944.35
64000,256000,991,Del,Struct,21014951,170354,1087,0,19332.98
64000,256000,992,Inc,Large,23737874,170356,1378,0,17226.32
64000,256000,993,Del,Struct,22556906,170356,807,0,27951.56
64000,256000,994,Dec,Large,22014796,170354,3305,8,6661.06
64000,256000,995,Del,Struct,25554025,170354,641,0,39865.87
64000,256000,996,Inc,Large,22394074,170354,1564,0,14318.46
64000,256000,997,Inc,Large,24972499,170354,1187,0,21038.33
64000,256000,998,Del,Struct,27447091,170354,708,0,38767.08
64000,256000,999,Inc,Large,21273145,170354,1479,0,14383.47
128000,512000,0,Del,Struct,52526921,340228,764,0,68752.51
128000,512000,1,Inc,Large,50873490,340228,922,0,55177.32
128000,512000,2,Inc,Large,55099319,340232,22172,74,2485.09
128000,512000,3,Del,Struct,57246752,340232,765,0,74832.36
128000,512000,4,Add,Struct,51003102,340232,3147,0,16206.90
128000,512000,5,Inc,Large,52062655,340232,1596,0,32620.71
128000,512000,6,Add,Struct,51669506,340230,2108,2,24511.15
128000,512000,7,Add,Struct,53573274,340230,1771,0,30250.30
128000,512000,8,Inc,Large,52064088,340230,1134,0,45911.89
128000,512000,9,Add,Struct,52136524,340230,2185,0,23861.11
128000,512000,10,Add,Struct,53448510,340230,2480,0,21551.82
128000,512000,11,Inc,Large,55253216,340222,22327,42,2474.73
128000,512000,12,Add,Struct,56215226,340222,1579,0,35601.79
128000,512000,13,Del,Struct,53720144,340222,924,0,58138.68
128000,512000,14,Inc,Large,54087935,340222,1467,0,36869.76
128000,512000,15,Inc,Large,54480904,340222,1334,0,40840.26
128000,512000,16,Del,Struct,53733396,340222,715,0,75151.60
128000,512000,17,Add,Struct,54643787,340222,1964,0,27822.70
128000,512000,18,Add,Struct,54890161,340222,2161,0,25400.35
128000,512000,19,Inc,Large,54019506,340222,1445,0,37383.74
128000,512000,20,Del,Struct,56901137,340216,23209,20,2451.68
128000,512000,21,Dec,Large,56814081,340216,1038,0,54734.18
128000,512000,22,Del,Struct,56730360,340216,959,0,59155.75
128000,512000,23,Dec,Large,56432704,340220,3915,4,14414.48
128000,512000,24,Add,Struct,56500180,340220,1302,0,43394.92
128000,512000,25,Del,Struct,52866585,340220,915,0,57777.69
128000,512000,26,Del,Struct,52514717,340220,906,0,57963.26
128000,512000,27,Del,Struct,54405848,340218,8998,2,6046.44
128000,512000,28,Del,Struct,52498526,340218,1056,0,49714.51
128000,512000,29,Dec,Large,51123844,340212,4743,18,10778.80
128000,512000,30,Inc,Large,55258171,340212,1135,0,48685.61
128000,512000,31,Add,Struct,74016805,340212,5072,0,14593.22
128000,512000,32,Inc,Large,75618375,340212,1423,0,53140.11
128000,512000,33,Add,Struct,51499504,340226,5862,18,8785.31
128000,512000,34,Inc,Large,56031122,340226,2515,0,22278.78
128000,512000,35,Del,Struct,51984459,340226,1030,0,50470.35
128000,512000,36,Dec,Large,51883902,340226,1814,0,28601.93
128000,512000,37,Dec,Large,50333032,340226,1195,0,42119.69
128000,512000,38,Inc,Large,55793918,340226,1235,0,45177.26
128000,512000,39,Inc,Large,53727383,340218,14866,40,3614.11
128000,512000,40,Inc,Large,52974803,340218,1961,0,27014.18
128000,512000,41,Add,Struct,51918239,340218,2510,0,20684.56
128000,512000,42,Inc,Large,51876011,340218,1309,0,39630.26
128000,512000,43,Add,Struct,51056200,340218,1851,0,27583.04
128000,512000,44,Add,Struct,52223837,340218,1757,0,29723.30
128000,512000,45,Inc,Large,52585906,340218,1079,0,48735.78
128000,512000,46,Del,Struct,61898424,340218,1225,0,50529.33
128000,512000,47,Inc,Large,51306553,340218,1199,0,42791.12
128000,512000,48,Del,Struct,54674497,340220,4929,6,11092.41
128000,512000,49,Del,Struct,52682831,340220,823,0,64013.16
128000,512000,50,Inc,Large,51823341,340220,1003,0,51668.34
128000,512000,51,Inc,Large,51346247,340220,3035,0,16918.04
128000,512000,52,Dec,Large,52118456,340220,1876,0,27781.69
128000,512000,53,Add,Struct,52364707,340216,3118,4,16794.33
128000,512000,54,Dec,Large,50941054,340216,1075,0,47387.03
128000,512000,55,Dec,Large,52487171,340216,1910,2,27480.19
128000,512000,56,Del,Struct,51376287,340222,18011,62,2852.49
128000,512000,57,Dec,Large,53349490,340226,3116,6,17121.15
128000,512000,58,Del,Struct,51385591,340226,748,0,68697.31
128000,512000,59,Add,Struct,53684819,340228,3026,2,17741.18
128000,512000,60,Del,Struct,50741356,340226,1064,0,47689.24
128000,512000,61,Inc,Large,51646166,340224,4434,4,11647.76
128000,512000,62,Add,Struct,50767393,340224,1303,0,38961.93
128000,512000,63,Inc,Large,51091820,340224,1039,0,49174.03
128000,512000,64,Dec,Large,51499040,340226,2674,4,19259.18
128000,512000,65,Inc,Large,51661733,340226,1416,0,36484.27
128000,512000,66,Del,Struct,51427661,340226,916,0,56143.73
128000,512000,67,Add,Struct,52362086,340226,2146,0,24399.85
128000,512000,68,Del,Struct,51939092,340224,7402,12,7016.90
128000,512000,69,Inc,Large,53381641,340224,1267,0,42132.31
128000,512000,70,Inc,Large,51665494,340228,6274,8,8234.86
128000,512000,71,Del,Struct,52170147,340228,772,0,67577.91
128000,512000,72,Add,Struct,53513470,340228,2159,0,24786.23
128000,512000,73,Dec,Large,51031297,340228,1066,0,47871.76
128000,512000,74,Add,Struct,51658370,340228,1243,0,41559.43
128000,512000,75,Inc,Large,49953031,340228,1048,0,47665.11
128000,512000,76,Del,Struct,51752748,340226,721,0,71779.12
128000,512000,77,Add,Struct,51748686,340226,1965,2,26335.21
128000,512000,78,Dec,Large,51845361,340226,3534,0,14670.45
128000,512000,79,Add,Struct,52618376,340228,5655,14,9304.75
128000,512000,80,Dec,Large,51727118,340230,2657,4,19468.24
128000,512000,81,Dec,Large,51385958,340230,1100,0,46714.51
128000,512000,82,Inc,Large,51145872,340230,1217,0,42026.19
128000,512000,83,Add,Struct,51629939,340230,3163,0,16323.09
128000,512000,84,Dec,Large,51294270,340230,1148,0,44681.42
128000,512000,85,Inc,Large,51152543,340230,943,0,54244.48
128000,512000,86,Inc,Large,53111625,340230,1015,0,52326.72
128000,512000,87,Dec,Large,53279946,340230,1378,0,38664.69
128000,512000,88,Del,Struct,51527528,340228,4815,4,10701.46
128000,512000,89,Inc,Large,50030179,340226,3187,2,15698.20
128000,512000,90,Add,Struct,52321102,340228,3246,4,16118.64
128000,512000,91,Del,Struct,50746712,340226,818,0,62037.55
128000,512000,92,Inc,Large,53487165,340226,1372,0,38984.81
128000,512000,93,Dec,Large,50625957,340224,3252,6,15567.64
128000,512000,94,Dec,Large,51040863,340224,1080,0,47260.06
128000,512000,95,Add,Struct,51059518,340220,3629,10,14069.86
128000,512000,96,Dec,Large,55851462,340220,1567,0,35642.29
128000,512000,97,Add,Struct,52134187,340222,4028,6,12942.95
128000,512000,98,Inc,Large,51756834,340222,1107,0,46754.14
128000,512000,99,Inc,Large,54383603,340222,3060,2,17772.42
128000,512000,100,Dec,Large,52963371,340222,1345,0,39377.97
128000,512000,101,Add,Struct,51954161,340224,2410,2,21557.74
128000,512000,102,Dec,Large,53297827,340224,1385,0,38482.19
128000,512000,103,Del,Struct,52758492,340224,1149,0,45916.88
128000,512000,104,Del,Struct,51565289,340224,920,0,56049.23
128000,512000,105,Add,Struct,53860256,340224,1510,0,35669.04
128000,512000,106,Add,Struct,53756257,340224,1746,0,30788.23
128000,512000,107,Inc,Large,52705497,340224,3253,2,16202.12
128000,512000,108,Add,Struct,52326746,340224,2675,0,19561.40
128000,512000,109,Dec,Large,53521675,340226,2359,2,22688.29
128000,512000,110,Dec,Large,51210058,340226,2670,2,19179.80
128000,512000,111,Inc,Large,53652213,340226,1196,0,44859.71
128000,512000,112,Del,Struct,52791665,340226,897,0,58853.58
128000,512000,113,Inc,Large,52263488,340228,1509,0,34634.52
128000,512000,114,Inc,Large,52898508,340226,7199,4,7348.04
128000,512000,115,Add,Struct,54544103,340226,2071,0,26337.08
128000,512000,116,Inc,Large,51513072,340226,1192,0,43215.66
128000,512000,117,Add,Struct,50933209,340226,2881,0,17679.00
128000,512000,118,Del,Struct,52490705,340226,917,0,57241.77
128000,512000,119,Del,Struct,50985423,340224,863,0,59079.29
128000,512000,120,Add,Struct,51373292,340226,3913,8,13128.88
128000,512000,121,Dec,Large,51628239,340224,2049,2,25196.80
128000,512000,122,Inc,Large,53704611,340224,1362,0,39430.70
128000,512000,123,Add,Struct,50673957,340224,2818,0,17982.24
128000,512000,124,Add,Struct,59196566,340226,1942,2,30482.27
128000,512000,125,Dec,Large,56403233,340228,2453,4,22993.57
128000,512000,126,Dec,Large,53086401,340228,1239,0,42846.17
128000,512000,127,Add,Struct,50997988,340228,2232,0,22848.56
128000,512000,128,Inc,Large,52302308,340228,1142,0,45798.87
128000,512000,129,Del,Struct,52284462,340228,918,0,56954.75
128000,512000,130,Dec,Large,53662598,340228,1219,0,44021.82
128000,512000,131,Add,Struct,50495392,340224,2097,2,24079.82
128000,512000,132,Dec,Large,51162660,340224,2457,4,20823.22
128000,512000,133,Add,Struct,55322660,340224,2436,0,22710.45
128000,512000,134,Inc,Large,52986604,340224,3200,2,16558.31
128000,512000,135,Dec,Large,51443217,340224,992,0,51858.08
128000,512000,136,Inc,Large,51462710,340224,1061,0,48503.97
128000,512000,137,Inc,Large,58085175,340224,1287,0,45132.23
128000,512000,138,Del,Struct,53756992,340224,795,0,67618.86
128000,512000,139,Add,Struct,56042140,340224,1873,0,29921.06
128000,512000,140,Add,Struct,55466352,340224,3109,0,17840.58
128000,512000,141,Del,Struct,52816694,340224,12194,28,4331.37
128000,512000,142,Del,Struct,50931587,340224,3254,2,15651.99
128000,512000,143,Inc,Large,53315025,340224,954,0,55885.77
128000,512000,144,Dec,Large,53406968,340224,1163,0,45921.73
128000,512000,145,Dec,Large,53218675,340226,2356,2,22588.57
128000,512000,146,Dec,Large,51368983,340226,1099,0,46741.57
128000,512000,147,Del,Struct,54916809,340226,824,0,66646.61
128000,512000,148,Inc,Large,54551510,340226,1189,0,45880.16
128000,512000,149,Inc,Large,52958867,340224,1034,0,51217.47
128000,512000,150,Del,Struct,51865754,340224,1287,0,40299.73
128000,512000,151,Del,Struct,50077952,340224,3358,4,14913.03
128000,512000,152,Del,Struct,60580162,340222,4201,4,14420.41
128000,512000,153,Inc,Large,52953669,340222,1167,0,45375.89
128000,512000,154,Del,Struct,55912761,340222,1129,0,49524.15
128000,512000,155,Add,Struct,54932023,340220,4330,10,12686.38
128000,512000,156,Del,Struct,56297439,340220,946,0,59511.03
128000,512000,157,Inc,Large,59259547,340220,1170,0,50649.19
128000,512000,158,Dec,Large,55625795,340220,1080,0,51505.37
128000,512000,159,Del,Struct,54504488,340220,871,0,62576.91
128000,512000,160,Del,Struct,54027059,340220,3548,2,15227.47
128000,512000,161,Add,Struct,54792018,340220,1045,0,52432.55
128000,512000,162,Inc,Large,55168011,340220,1246,0,44276.09
128000,512000,163,Dec,Large,57900289,340220,1199,0,48290.48
128000,512000,164,Del,Struct,52506897,340220,988,0,53144.63
128000,512000,165,Dec,Large,54150473,340220,3333,2,16246.77
128000,512000,166,Add,Struct,57737550,340220,6455,2,8944.62
128000,512000,167,Dec,Large,54270143,340220,862,0,62958.40
128000,512000,168,Add,Struct,50859178,340220,1948,0,26108.41
128000,512000,169,Inc,Large,49992104,340220,1279,0,39086.87
128000,512000,170,Add,Struct,53151983,340220,992,0,53580.63
128000,512000,171,Add,Struct,52926243,340220,906,0,58417.49
128000,512000,172,Dec,Large,60405135,340220,1423,0,42449.15
128000,512000,173,Inc,Large,50933995,340222,2848,2,17884.13
128000,512000,174,Del,Struct,51511974,340216,5778,8,8915.19
128000,512000,175,Del,Struct,51522136,340216,914,0,56369.95
128000,512000,176,Add,Struct,53191603,340216,2079,0,25585.19
128000,512000,177,Del,Struct,52205781,340216,923,0,56560.98
128000,512000,178,Add,Struct,51240412,340216,3687,6,13897.59
128000,512000,179,Inc,Large,51434763,340220,7406,6,6945.01
128000,512000,180,Del,Struct,54346419,340220,930,0,58437.01
128000,512000,181,Inc,Large,52341482,340220,1159,0,45160.90
128000,512000,182,Inc,Large,53085021,340220,1736,0,30578.93
128000,512000,183,Dec,Large,50674387,340220,1281,0,39558.46
128000,512000,184,Del,Struct,51116515,340220,779,0,65618.12
128000,512000,185,Del,Struct,52951588,340220,856,0,61859.33
128000,512000,186,Dec,Large,54520827,340220,979,0,55690.32
128000,512000,187,Inc,Large,52071567,340218,3367,2,15465.27
128000,512000,188,Del,Struct,50957284,340218,806,0,63222.44
128000,512000,189,Inc,Large,53403412,340200,66344,164,804.95
128000,512000,190,Del,Struct,52145219,340200,900,0,57939.13
128000,512000,191,Del,Struct,51387495,340200,788,0,65212.56
128000,512000,192,Del,Struct,50064851,340200,670,0,74723.66
128000,512000,193,Add,Struct,52160085,340200,2100,0,24838.14
128000,512000,194,Dec,Large,50644835,340200,1175,0,43101.99
128000,512000,195,Dec,Large,53977231,340202,4243,8,12721.48
128000,512000,196,Add,Struct,51993713,340202,1082,0,48053.34
128000,512000,197,Del,Struct,53224204,340200,5367,8,9916.94
128000,512000,198,Dec,Large,52700374,340202,2433,2,21660.66
128000,512000,199,Del,Struct,55486889,340202,1129,0,49146.93
128000,512000,200,Dec,Large,51978050,340202,1423,0,36527.09
128000,512000,201,Inc,Large,51789923,340204,3263,2,15871.87
128000,512000,202,Inc,Large,51193073,340204,1346,0,38033.49
128000,512000,203,Dec,Large,51601470,340204,1092,0,47254.09
128000,512000,204,Del,Struct,51006318,340204,876,0,58226.39
128000,512000,205,Dec,Large,55155424,340204,1347,0,40946.86
128000,512000,206,Add,Struct,52886124,340204,1893,0,27937.73
128000,512000,207,Inc,Large,51748127,340204,1572,0,32918.66
128000,512000,208,Inc,Large,54571802,340204,4031,2,13538.03
128000,512000,209,Add,Struct,52838450,340204,1837,0,28763.45
128000,512000,210,Inc,Large,51817008,340204,1038,0,49920.05
128000,512000,211,Dec,Large,51401592,340202,2506,4,20511.41
128000,512000,212,Dec,Large,53312590,340200,2522,2,21139.01
128000,512000,213,Dec,Large,51619118,340202,3598,2,14346.61
128000,512000,214,Del,Struct,52004137,340204,4811,4,10809.42
128000,512000,215,Dec,Large,52630975,340204,2283,2,23053.43
128000,512000,216,Del,Struct,53526596,340204,813,0,65838.37
128000,512000,217,Inc,Large,51959378,340204,1235,0,42072.37
128000,512000,218,Inc,Large,56921558,340200,3472,2,16394.46
128000,512000,219,Dec,Large,53840198,340200,1378,0,39071.26
128000,512000,220,Inc,Large,52447804,340200,1494,0,35105.63
128000,512000,221,Del,Struct,51380900,340200,740,0,69433.65
128000,512000,222,Del,Struct,53510080,340200,723,0,74011.18
128000,512000,223,Inc,Large,52963984,340200,1292,0,40993.80
128000,512000,224,Inc,Large,55329598,340202,3074,2,17999.22
128000,512000,225,Add,Struct,51293885,340202,1120,0,45798.11
128000,512000,226,Inc,Large,52285744,340202,1554,0,33645.91
128000,512000,227,Add,Struct,54316759,340202,1277,0,42534.66
128000,512000,228,Del,Struct,52566331,340202,812,0,64736.86
128000,512000,229,Add,Struct,50712695,340204,3722,4,13625.12
128000,512000,230,Dec,Large,50108136,340204,2161,2,23187.48
128000,512000,231,Del,Struct,52674626,340204,1055,0,49928.56
128000,512000,232,Del,Struct,50697973,340202,1244,0,40754.00
128000,512000,233,Add,Struct,50283523,340202,1958,0,25681.06
128000,512000,234,Add,Struct,52077208,340202,1555,0,33490.17
128000,512000,235,Del,Struct,53957412,340202,802,0,67278.57
128000,512000,236,Add,Struct,50103035,340202,1619,0,30946.90
128000,512000,237,Add,Struct,55521230,340202,1066,0,52083.71
128000,512000,238,Add,Struct,62710058,340202,2090,0,30004.81
128000,512000,239,Add,Struct,56487585,340202,2420,0,23341.98
128000,512000,240,Dec,Large,50571422,340202,2160,0,23412.70
128000,512000,241,Dec,Large,54406927,340202,1318,0,41279.91
128000,512000,242,Dec,Large,57914717,340202,1195,0,48464.20
128000,512000,243,Dec,Large,57139515,340202,2213,2,25819.93
128000,512000,244,Inc,Large,54976321,340202,3077,0,17866.86
128000,512000,245,Del,Struct,50737892,340202,830,0,61129.99
128000,512000,246,Inc,Large,52479670,340202,1389,0,37782.34
128000,512000,247,Dec,Large,53426555,340202,1354,0,39458.31
128000,512000,248,Del,Struct,54079134,340198,9110,12,5936.24
128000,512000,249,Del,Struct,51659449,340198,614,0,84135.91
128000,512000,250,Del,Struct,52861792,340198,2031,0,26027.47
128000,512000,251,Inc,Large,50815293,340198,1126,0,45129.03
128000,512000,252,Inc,Large,51080902,340198,1219,0,41903.94
128000,512000,253,Del,Struct,54561070,340198,755,0,72266.32
128000,512000,254,Del,Struct,58245958,340196,2012,0,28949.28
128000,512000,255,Inc,Large,56010953,340196,1164,0,48119.38
128000,512000,256,Add,Struct,59781988,340196,2084,0,28686.17
128000,512000,257,Inc,Large,57174480,340196,1188,0,48126.67
128000,512000,258,Del,Struct,52343517,340196,845,0,61944.99
128000,512000,259,Inc,Large,52467072,340196,1004,0,52258.04
128000,512000,260,Dec,Large,53151537,340196,3592,10,14797.20
128000,512000,261,Inc,Large,53897964,340194,7371,16,7312.16
128000,512000,262,Del,Struct,51320277,340194,1133,0,45295.92
128000,512000,263,Add,Struct,51527417,340192,2666,4,19327.61
128000,512000,264,Del,Struct,51890163,340196,3690,4,14062.37
128000,512000,265,Add,Struct,55740977,340196,2065,0,26993.21
128000,512000,266,Dec,Large,59118479,340198,3388,6,17449.37
128000,512000,267,Del,Struct,63491931,340198,1016,0,62492.06
128000,512000,268,Dec,Large,68775618,340198,1323,0,51984.59
128000,512000,269,Del,Struct,72668974,340198,907,0,80120.15
128000,512000,270,Dec,Large,62974100,340194,3636,8,17319.61
128000,512000,271,Del,Struct,55268679,340194,965,0,57273.24
128000,512000,272,Inc,Large,56121839,340194,1224,0,45851.18
128000,512000,273,Del,Struct,58143307,340194,855,0,68003.87
128000,512000,274,Add,Struct,60094645,340200,13264,16,4530.66
128000,512000,275,Add,Struct,55223643,340198,3974,2,13896.24
128000,512000,276,Del,Struct,55251622,340198,1203,0,45928.20
128000,512000,277,Add,Struct,54895615,340198,1136,0,48323.60
128000,512000,278,Dec,Large,58371156,340198,1269,0,45997.76
128000,512000,279,Add,Struct,56472328,340198,2023,0,27915.14
128000,512000,280,Inc,Large,71288152,340194,21737,16,3279.58
128000,512000,281,Add,Struct,70249573,340194,2180,0,32224.57
128000,512000,282,Add,Struct,59594161,340194,1083,0,55026.93
128000,512000,283,Inc,Large,54660196,340194,1025,0,53327.02
128000,512000,284,Del,Struct,55569449,340194,713,0,77937.52
128000,512000,285,Del,Struct,58589235,340192,823,0,71189.84
128000,512000,286,Del,Struct,59803125,340192,1420,0,42114.88
128000,512000,287,Inc,Large,54911786,340192,1417,0,38752.14
128000,512000,288,Inc,Large,55351877,340192,13976,0,3960.49
128000,512000,289,Del,Struct,52015704,340192,707,0,73572.42
128000,512000,290,Del,Struct,54992437,340192,1275,0,43131.32
128000,512000,291,Inc,Large,55763552,340190,3136,2,17781.74
128000,512000,292,Dec,Large,54041840,340190,1557,0,34708.95
128000,512000,293,Inc,Large,51350359,340190,1470,0,34932.22
128000,512000,294,Add,Struct,51301698,340188,2565,2,20000.66
128000,512000,295,Del,Struct,53228659,340196,20852,30,2552.69
128000,512000,296,Dec,Large,52678379,340196,1229,0,42862.80
128000,512000,297,Inc,Large,55591543,340196,1772,0,31372.20
128000,512000,298,Add,Struct,54639057,340196,2027,0,26955.63
128000,512000,299,Del,Struct,53619523,340200,9841,8,5448.58
128000,512000,300,Dec,Large,54331926,340200,1103,0,49258.32
128000,512000,301,Dec,Large,63617959,340200,1255,0,50691.60
128000,512000,302,Add,Struct,53628433,340200,1212,0,44247.88
128000,512000,303,Del,Struct,50825320,340200,926,0,54886.95
128000,512000,304,Dec,Large,50495391,340200,807,0,62571.74
128000,512000,305,Add,Struct,64235646,340200,2269,0,28310.11
128000,512000,306,Inc,Large,63012749,340198,8615,12,7314.31
128000,512000,307,Add,Struct,62422332,340200,978,0,63826.52
128000,512000,308,Del,Struct,67520967,340200,929,0,72681.34
128000,512000,309,Dec,Large,61788517,340200,1031,0,59930.67
128000,512000,310,Add,Struct,58663248,340200,2817,0,20824.72
128000,512000,311,Del,Struct,59877337,340200,1361,0,43995.10
128000,512000,312,Dec,Large,60009345,340200,949,0,63234.29
128000,512000,313,Inc,Large,58367899,340200,5383,8,10843.01
128000,512000,314,Del,Struct,57296200,340200,875,0,65481.37
128000,512000,315,Del,Struct,64323984,340200,4697,0,13694.70
128000,512000,316,Add,Struct,79194299,340200,1597,0,49589.42
128000,512000,317,Dec,Large,67091342,340200,1156,0,58037.49
128000,512000,318,Add,Struct,67567702,340200,1062,0,63623.07
128000,512000,319,Add,Struct,50655136,340202,3490,6,14514.37
128000,512000,320,Add,Struct,60810458,340204,877,0,69339.18
128000,512000,321,Dec,Large,60265807,340204,1132,0,53238.35
128000,512000,322,Inc,Large,61219935,340204,1345,0,45516.68
128000,512000,323,Add,Struct,59770719,340204,2280,0,26215.23
128000,512000,324,Add,Struct,61962546,340204,1053,0,58843.82
128000,512000,325,Inc,Large,71526809,340204,5653,2,12652.89
128000,512000,326,Inc,Large,75250825,340204,5373,0,14005.36
128000,512000,327,Inc,Large,76322206,340204,1236,0,61749.36
128000,512000,328,Dec,Large,57246713,340204,2024,0,28283.95
128000,512000,329,Add,Struct,58184089,340204,1590,0,36593.77
128000,512000,330,Add,Struct,57987820,340204,2274,0,25500.36
128000,512000,331,Add,Struct,55188386,340204,997,0,55354.45
128000,512000,332,Inc,Large,53951702,340204,1303,0,41405.76
128000,512000,333,Del,Struct,50295291,340204,834,0,60306.10
128000,512000,334,Dec,Large,50546186,340204,2972,4,17007.47
128000,512000,335,Dec,Large,57901480,340204,6510,4,8894.24
128000,512000,336,Add,Struct,60825611,340204,2366,0,25708.20
128000,512000,337,Inc,Large,60894172,340204,2411,0,25256.81
128000,512000,338,Dec,Large,63142800,340204,2005,2,31492.67
128000,512000,339,Dec,Large,61724088,340204,971,0,63567.55
128000,512000,340,Add,Struct,61101321,340204,2305,0,26508.17
128000,512000,341,Del,Struct,63459376,340204,1263,0,50244.95
128000,512000,342,Add,Struct,63880615,340202,4359,10,14654.88
128000,512000,343,Inc,Large,60293140,340202,2908,2,20733.54
128000,512000,344,Dec,Large,62178055,340202,1421,0,43756.55
128000,512000,345,Del,Struct,56873210,340198,5598,8,10159.56
128000,512000,346,Inc,Large,61032951,340198,2004,0,30455.56
128000,512000,347,Inc,Large,63775762,340198,1476,0,43208.51
128000,512000,348,Inc,Large,63710759,340198,1372,0,46436.41
128000,512000,349,Add,Struct,59912974,340198,2779,4,21559.18
128000,512000,350,Dec,Large,64453052,340198,3086,2,20885.63
128000,512000,351,Add,Struct,60769893,340198,1202,0,50557.32
128000,512000,352,Inc,Large,63694636,340198,1333,0,47782.92
128000,512000,353,Add,Struct,60372785,340198,1550,2,38950.18
128000,512000,354,Del,Struct,63607690,340198,899,0,70753.83
128000,512000,355,Del,Struct,55959944,340198,11442,4,4890.75
128000,512000,356,Add,Struct,49089104,340198,6001,0,8180.15
128000,512000,357,Del,Struct,55286746,340198,883,0,62612.40
128000,512000,358,Dec,Large,59503745,340198,2728,4,21812.22
128000,512000,359,Add,Struct,63399764,340198,1203,0,52701.38
128000,512000,360,Del,Struct,53709855,340198,877,0,61242.71
128000,512000,361,Dec,Large,57736258,340196,3822,10,15106.29
128000,512000,362,Del,Struct,56926934,340196,883,0,64469.91
128000,512000,363,Inc,Large,59064237,340196,1172,0,50396.11
128000,512000,364,Add,Struct,62422915,340196,1764,0,35387.14
128000,512000,365,Add,Struct,59087979,340196,1372,0,43067.04
128000,512000,366,Dec,Large,55304542,340196,24372,10,2269.18
128000,512000,367,Dec,Large,49081539,340202,2845,6,17251.86
128000,512000,368,Add,Struct,51610622,340204,1643,0,31412.43
128000,512000,369,Inc,Large,57948705,340204,1407,0,41186.00
128000,512000,370,Del,Struct,58585017,340202,2146,0,27299.64
128000,512000,371,Add,Struct,62161261,340202,1086,0,57238.73
128000,512000,372,Add,Struct,54290543,340202,14844,0,3657.41
128000,512000,373,Inc,Large,51676035,340200,5095,2,10142.50
128000,512000,374,Del,Struct,67091065,340202,6482,4,10350.36
128000,512000,375,Dec,Large,70303426,340202,945,0,74395.16
128000,512000,376,Inc,Large,55961121,340202,1417,0,39492.68
128000,512000,377,Inc,Large,51050443,340202,1080,0,47268.93
128000,512000,378,Del,Struct,48688828,340202,847,0,57483.86
128000,512000,379,Inc,Large,48581551,340202,1174,0,41381.22
128000,512000,380,Inc,Large,49315000,340202,1125,0,43835.56
128000,512000,381,Add,Struct,51657609,340202,1115,0,46329.69
128000,512000,382,Add,Struct,53949100,340202,2247,0,24009.39
128000,512000,383,Inc,Large,60236426,340202,1392,0,43273.29
128000,512000,384,Del,Struct,55383119,340202,825,0,67131.05
128000,512000,385,Inc,Large,52087311,340202,1199,0,43442.29
128000,512000,386,Dec,Large,51668933,340202,2709,0,19073.06
128000,512000,387,Dec,Large,56782856,340202,2566,2,22128.94
128000,512000,388,Dec,Large,58051548,340202,901,0,64430.13
128000,512000,389,Dec,Large,61904398,340202,963,0,64282.86
128000,512000,390,Add,Struct,59196532,340198,4890,6,12105.63
128000,512000,391,Add,Struct,57982017,340202,2857,8,20294.72
128000,512000,392,Del,Struct,52057000,340202,821,0,63406.82
128000,512000,393,Dec,Large,62062750,340202,3705,0,16751.08
128000,512000,394,Del,Struct,74922347,340202,1849,0,40520.47
128000,512000,395,Inc,Large,58024204,340202,1280,0,45331.41
128000,512000,396,Inc,Large,69837596,340202,1395,0,50062.79
128000,512000,397,Inc,Large,53426671,340202,948,0,56357.25
128000,512000,398,Del,Struct,50557039,340196,13064,38,3869.95
128000,512000,399,Inc,Large,50566528,340196,946,0,53452.99
128000,512000,400,Add,Struct,48947627,340196,2650,0,18470.80
128000,512000,401,Dec,Large,52617981,340196,2429,0,21662.40
128000,512000,402,Add,Struct,56806717,340198,2559,0,22198.80
128000,512000,403,Inc,Large,50013149,340198,1347,0,37129.29
128000,512000,404,Dec,Large,52884573,340198,1118,0,47302.84
128000,512000,405,Inc,Large,56420709,340198,1714,0,32917.57
128000,512000,406,Dec,Large,49222586,340198,1473,0,33416.56
128000,512000,407,Del,Struct,58639136,340198,18080,0,3243.32
128000,512000,408,Dec,Large,63003708,340198,2478,2,25425.23
128000,512000,409,Add,Struct,55983466,340198,2193,0,25528.26
128000,512000,410,Dec,Large,56802170,340198,1096,0,51826.80
128000,512000,411,Dec,Large,56761632,340198,1065,0,53297.31
128000,512000,412,Inc,Large,53273857,340198,1080,0,49327.65
128000,512000,413,Dec,Large,51840626,340198,950,0,54569.08
128000,512000,414,Dec,Large,52101862,340198,1099,0,47408.43
128000,512000,415,Dec,Large,54945584,340198,1158,0,47448.69
128000,512000,416,Del,Struct,53208335,340198,825,0,64494.95
128000,512000,417,Inc,Large,51429305,340198,816,0,63026.11
128000,512000,418,Inc,Large,53086007,340198,938,0,56594.89
128000,512000,419,Inc,Large,55287199,340198,1166,0,47416.12
128000,512000,420,Del,Struct,55481285,340198,1176,0,47177.96
128000,512000,421,Inc,Large,56697279,340198,2692,2,21061.40
128000,512000,422,Inc,Large,52117914,340200,3072,2,16965.47
128000,512000,423,Dec,Large,55352939,340200,1220,0,45371.26
128000,512000,424,Dec,Large,61361465,340200,1289,0,47603.93
128000,512000,425,Dec,Large,51691311,340202,2238,2,23097.10
128000,512000,426,Del,Struct,56931821,340200,1990,0,28608.96
128000,512000,427,Add,Struct,49925675,340200,952,0,52442.94
128000,512000,428,Add,Struct,48870125,340200,1937,0,25229.80
128000,512000,429,Add,Struct,54290277,340202,2466,0,22015.52
128000,512000,430,Add,Struct,57527064,340204,4643,4,12390.06
128000,512000,431,Del,Struct,51450145,340204,1593,0,32297.64
128000,512000,432,Add,Struct,51841328,340204,2434,0,21298.82
128000,512000,433,Add,Struct,50928389,340204,2346,0,21708.61
128000,512000,434,Add,Struct,53392242,340204,2585,0,20654.64
128000,512000,435,Dec,Large,53217744,340204,996,0,53431.47
128000,512000,436,Dec,Large,53625358,340204,6416,0,8358.07
128000,512000,437,Dec,Large,53383100,340206,3072,4,17377.31
128000,512000,438,Del,Struct,57647151,340204,5880,8,9803.94
128000,512000,439,Dec,Large,52742867,340204,1929,2,27342.08
128000,512000,440,Add,Struct,52533798,340204,1762,0,29814.87
128000,512000,441,Inc,Large,50980830,340206,4023,4,12672.34
128000,512000,442,Del,Struct,52253861,340206,824,0,63414.88
128000,512000,443,Del,Struct,50844124,340206,911,0,55811.33
128000,512000,444,Inc,Large,52743077,340206,1273,0,41432.11
128000,512000,445,Inc,Large,54256171,340206,1095,0,49549.01
128000,512000,446,Add,Struct,48659708,340206,1613,0,30167.21
128000,512000,447,Dec,Large,49638783,340204,4464,12,11119.80
128000,512000,448,Del,Struct,51607650,340204,796,0,64833.73
128000,512000,449,Inc,Large,53273066,340204,957,0,55666.74
128000,512000,450,Add,Struct,59573143,340204,2768,8,21522.09
128000,512000,451,Del,Struct,50571180,340202,1079,0,46868.56
128000,512000,452,Dec,Large,51276360,340202,1313,0,39052.83
128000,512000,453,Inc,Large,51248260,340202,1623,0,31576.25
128000,512000,454,Inc,Large,50415595,340202,1512,0,33343.65
128000,512000,455,Add,Struct,53176733,340194,4586,16,11595.45
128000,512000,456,Inc,Large,57904182,340192,1431,0,40464.14
128000,512000,457,Inc,Large,51460746,340192,1310,0,39283.01
128000,512000,458,Dec,Large,54315976,340192,3624,0,14987.85
128000,512000,459,Del,Struct,50494057,340192,717,0,70424.07
128000,512000,460,Inc,Large,51695615,340192,1117,0,46280.77
128000,512000,461,Inc,Large,51023969,340192,1150,0,44368.67
128000,512000,462,Inc,Large,49124660,340192,1222,0,40200.21
128000,512000,463,Del,Struct,48955572,340192,5016,8,9759.88
128000,512000,464,Add,Struct,49208960,340192,1811,0,27172.26
128000,512000,465,Dec,Large,49014079,340192,1052,0,46591.33
128000,512000,466,Inc,Large,48738094,340192,1095,0,44509.67
128000,512000,467,Dec,Large,50950343,340192,1982,2,25706.53
128000,512000,468,Inc,Large,50874961,340192,1044,0,48730.81
128000,512000,469,Del,Struct,51369901,340192,819,0,62722.71
128000,512000,470,Dec,Large,48383214,340194,2283,4,21192.82
128000,512000,471,Dec,Large,48478145,340192,3310,8,14645.97
128000,512000,472,Del,Struct,51820070,340192,815,0,63582.91
128000,512000,473,Add,Struct,50637326,340192,1033,0,49019.68
128000,512000,474,Inc,Large,48808217,340192,1000,0,48808.22
128000,512000,475,Del,Struct,48679860,340192,798,0,61002.33
128000,512000,476,Del,Struct,48972741,340192,742,0,66001.00
128000,512000,477,Add,Struct,52505852,340192,3007,0,17461.21
128000,512000,478,Del,Struct,51767646,340196,12198,38,4243.95
128000,512000,479,Del,Struct,49284680,340196,657,0,75014.73
128000,512000,480,Del,Struct,50294233,340196,2159,2,23295.15
128000,512000,481,Inc,Large,49857180,340198,4667,6,10682.92
128000,512000,482,Inc,Large,48507294,340198,1370,0,35406.78
128000,512000,483,Inc,Large,47889617,340198,2583,2,18540.31
128000,512000,484,Add,Struct,51941816,340198,2307,0,22514.87
128000,512000,485,Add,Struct,51129046,340198,1013,0,50472.90
128000,512000,486,Del,Struct,48748142,340194,4481,6,10878.85
128000,512000,487,Del,Struct,50089035,340194,5549,8,9026.68
128000,512000,488,Del,Struct,53544139,340194,860,0,62260.63
128000,512000,489,Inc,Large,52068419,340192,2689,2,19363.49
128000,512000,490,Add,Struct,49880469,340192,1699,0,29358.72
128000,512000,491,Dec,Large,49890488,340192,1015,0,49153.19
128000,512000,492,Del,Struct,49669144,340192,977,0,50838.43
128000,512000,493,Del,Struct,50345519,340192,795,0,63327.70
128000,512000,494,Del,Struct,49366974,340192,881,0,56035.16
128000,512000,495,Del,Struct,49037171,340190,1141,0,42977.36
128000,512000,496,Inc,Large,51793221,340190,1051,0,49279.94
128000,512000,497,Inc,Large,52493393,340192,3973,2,13212.53
128000,512000,498,Add,Struct,51695620,340192,2532,0,20416.91
128000,512000,499,Del,Struct,50707738,340190,3622,2,13999.93
128000,512000,500,Del,Struct,49949609,340194,4843,4,10313.77
128000,512000,501,Dec,Large,49390081,340194,2870,4,17209.09
128000,512000,502,Dec,Large,48562568,340194,1409,0,34465.98
128000,512000,503,Dec,Large,49047437,340194,4340,2,11301.25
128000,512000,504,Dec,Large,51043076,340194,1715,0,29762.73
128000,512000,505,Dec,Large,50296997,340196,2278,2,22079.45
128000,512000,506,Add,Struct,49740135,340196,1926,0,25825.62
128000,512000,507,Del,Struct,51434757,340196,1458,0,35277.61
128000,512000,508,Dec,Large,53682286,340196,2510,0,21387.36
128000,512000,509,Dec,Large,50227340,340196,974,0,51568.11
128000,512000,510,Dec,Large,48795584,340196,1395,0,34978.91
128000,512000,511,Add,Struct,49659174,340196,2429,0,20444.29
128000,512000,512,Inc,Large,50375736,340198,3564,2,14134.61
128000,512000,513,Del,Struct,49464268,340198,1022,0,48399.48
128000,512000,514,Dec,Large,49433757,340200,3327,8,14858.36
128000,512000,515,Add,Struct,48969852,340200,1947,0,25151.44
128000,512000,516,Add,Struct,50460168,340198,3128,4,16131.77
128000,512000,517,Dec,Large,50626709,340198,934,0,54204.19
128000,512000,518,Add,Struct,51872902,340198,2009,0,25820.26
128000,512000,519,Inc,Large,50119846,340198,1197,0,41871.22
128000,512000,520,Dec,Large,51896755,340198,867,0,59857.85
128000,512000,521,Inc,Large,48887050,340198,841,0,58129.67
128000,512000,522,Add,Struct,48938092,340198,2526,0,19373.75
128000,512000,523,Add,Struct,49195676,340198,2120,0,23205.51
128000,512000,524,Del,Struct,51273987,340198,2730,2,18781.68
128000,512000,525,Dec,Large,49291757,340198,3312,6,14882.78
128000,512000,526,Add,Struct,49483953,340198,2500,0,19793.58
128000,512000,527,Del,Struct,51444251,340198,789,0,65201.84
128000,512000,528,Inc,Large,53975448,340198,1184,0,45587.37
128000,512000,529,Del,Struct,49946740,340198,731,0,68326.59
128000,512000,530,Add,Struct,49028797,340200,2017,2,24307.78
128000,512000,531,Del,Struct,50522956,340202,5263,4,9599.65
128000,512000,532,Dec,Large,52547734,340204,2621,4,20048.73
128000,512000,533,Inc,Large,49128472,340206,3132,2,15685.97
128000,512000,534,Dec,Large,49648379,340206,1486,0,33410.75
128000,512000,535,Dec,Large,49517261,340206,2502,4,19791.07
128000,512000,536,Inc,Large,52489719,340206,1404,0,37385.84
128000,512000,537,Dec,Large,50455753,340206,1229,0,41054.31
128000,512000,538,Add,Struct,51602849,340206,2457,0,21002.38
128000,512000,539,Add,Struct,51169178,340206,2008,0,25482.66
128000,512000,540,Inc,Large,50229267,340206,1504,0,33397.12
128000,512000,541,Del,Struct,54875592,340204,6046,8,9076.35
128000,512000,542,Dec,Large,50720189,340194,10167,40,4988.71
128000,512000,543,Inc,Large,50875411,340194,2650,0,19198.27
128000,512000,544,Dec,Large,50997562,340162,91713,590,556.06
128000,512000,545,Inc,Large,48948726,340162,1042,0,46975.74
128000,512000,546,Dec,Large,53344829,340162,1002,0,53238.35
128000,512000,547,Dec,Large,55177930,340162,1727,0,31950.16
128000,512000,548,Add,Struct,52288598,340162,1681,0,31105.65
128000,512000,549,Del,Struct,52133448,340160,803,0,64923.35
128000,512000,550,Dec,Large,52972553,340160,1218,0,43491.42
128000,512000,551,Inc,Large,53238102,340160,1049,0,50751.29
128000,512000,552,Add,Struct,51984103,340160,1585,2,32797.54
128000,512000,553,Add,Struct,49758320,340160,1997,0,24916.53
128000,512000,554,Add,Struct,50061485,340160,988,0,50669.52
128000,512000,555,Dec,Large,52383283,340160,1000,0,52383.28
128000,512000,556,Inc,Large,53942958,340160,1058,0,50985.78
128000,512000,557,Del,Struct,51653515,340162,4221,4,12237.27
128000,512000,558,Del,Struct,50186713,340164,5965,6,8413.53
128000,512000,559,Dec,Large,48789963,340164,1106,0,44113.89
128000,512000,560,Inc,Large,50784214,340168,3124,2,16256.15
128000,512000,561,Add,Struct,53631897,340168,3023,12,17741.28
128000,512000,562,Add,Struct,49759330,340172,7221,34,6890.92
128000,512000,563,Del,Struct,52915823,340172,751,0,70460.48
128000,512000,564,Add,Struct,50331446,340174,2082,2,24174.57
128000,512000,565,Inc,Large,51843520,340174,1308,0,39635.72
128000,512000,566,Dec,Large,59441629,340174,4245,6,14002.74
128000,512000,567,Dec,Large,56819584,340174,1055,0,53857.43
128000,512000,568,Inc,Large,49945497,340174,971,0,51437.18
128000,512000,569,Dec,Large,50445289,340174,1023,0,49311.13
128000,512000,570,Inc,Large,49772881,340174,1015,0,49037.32
128000,512000,571,Inc,Large,49017777,340174,1587,0,30887.07
128000,512000,572,Del,Struct,51878875,340174,857,0,60535.44
128000,512000,573,Add,Struct,50989297,340174,1940,0,26283.14
128000,512000,574,Dec,Large,49205631,340174,949,0,51849.98
128000,512000,575,Dec,Large,50618206,340174,1297,0,39027.14
128000,512000,576,Del,Struct,51690925,340174,764,0,67658.28
128000,512000,577,Inc,Large,50945946,340174,1204,0,42313.91
128000,512000,578,Add,Struct,51596306,340174,1557,0,33138.28
128000,512000,579,Add,Struct,50690193,340174,1702,0,29782.72
128000,512000,580,Del,Struct,47436247,340174,761,0,62334.10
128000,512000,581,Add,Struct,50285808,340174,1630,0,30850.19
128000,512000,582,Add,Struct,50266029,340174,13912,0,3613.14
128000,512000,583,Add,Struct,49238100,340176,1523,2,32329.68
128000,512000,584,Add,Struct,49247694,340178,975,0,50510.46
128000,512000,585,Inc,Large,51038922,340178,1193,0,42782.00
128000,512000,586,Del,Struct,53350577,340176,850,0,62765.38
128000,512000,587,Del,Struct,52459392,340176,1054,0,49771.72
128000,512000,588,Dec,Large,49742324,340176,1234,0,40309.82
128000,512000,589,Inc,Large,49286882,340176,1460,0,33758.14
128000,512000,590,Dec,Large,50372573,340174,2560,2,19676.79
128000,512000,591,Inc,Large,50827799,340174,5549,2,9159.81
128000,512000,592,Inc,Large,47839306,340174,3415,2,14008.58
128000,512000,593,Dec,Large,49697023,340174,2065,2,24066.35
128000,512000,594,Del,Struct,49145948,340174,744,0,66056.38
128000,512000,595,Del,Struct,52105979,340174,988,0,52738.85
128000,512000,596,Inc,Large,53928199,340174,1172,0,46013.82
128000,512000,597,Dec,Large,51583212,340174,1146,0,45011.53
128000,512000,598,Inc,Large,50695165,340174,1238,0,40949.24
128000,512000,599,Add,Struct,52490852,340174,976,0,53781.61
128000,512000,600,Dec,Large,50288648,340174,2447,2,20551.14
128000,512000,601,Dec,Large,50417554,340174,3111,6,16206.22
128000,512000,602,Del,Struct,54448681,340172,1046,0,52054.19
128000,512000,603,Add,Struct,50505884,340176,3179,2,15887.35
128000,512000,604,Dec,Large,50580611,340176,1399,0,36154.83
128000,512000,605,Del,Struct,51226142,340174,3113,2,16455.55
128000,512000,606,Del,Struct,54335745,340174,699,0,77733.54
128000,512000,607,Inc,Large,49650601,340174,3469,2,14312.66
128000,512000,608,Del,Struct,50228738,340174,656,0,76568.20
128000,512000,609,Add,Struct,48936171,340174,2585,0,18930.82
128000,512000,610,Inc,Large,50566583,340174,1390,0,36378.84
128000,512000,611,Del,Struct,49410989,340174,2656,2,18603.54
128000,512000,612,Add,Struct,49922917,340176,6223,22,8022.32
128000,512000,613,Add,Struct,49536838,340176,2393,0,20700.73
128000,512000,614,Add,Struct,55273113,340176,2136,0,25876.93
128000,512000,615,Del,Struct,53388147,340174,5282,8,10107.56
128000,512000,616,Dec,Large,53676219,340176,3488,4,15388.82
128000,512000,617,Dec,Large,49681259,340176,1481,0,33545.75
128000,512000,618,Del,Struct,49250616,340176,1145,0,43013.64
128000,512000,619,Del,Struct,48406707,340176,729,0,66401.52
128000,512000,620,Del,Struct,48715007,340180,3380,2,14412.72
128000,512000,621,Inc,Large,48890261,340180,1261,0,38771.02
128000,512000,622,Inc,Large,50300652,340180,1126,0,44671.98
128000,512000,623,Add,Struct,49172629,340180,1467,0,33519.17
128000,512000,624,Dec,Large,50326413,340180,1197,0,42043.79
128000,512000,625,Add,Struct,54991159,340180,15150,0,3629.78
128000,512000,626,Del,Struct,53228858,340178,770,0,69128.39
128000,512000,627,Inc,Large,49340504,340178,1402,0,35192.94
128000,512000,628,Inc,Large,49650302,340178,1516,0,32750.86
128000,512000,629,Del,Struct,49633522,340178,769,0,64542.94
128000,512000,630,Inc,Large,50404211,340178,1129,0,44645.01
128000,512000,631,Dec,Large,48700062,340178,1323,0,36810.33
128000,512000,632,Del,Struct,49195522,340176,4700,4,10467.13
128000,512000,633,Dec,Large,48712580,340176,1486,0,32781.01
128000,512000,634,Dec,Large,52823339,340176,1512,0,34936.07
128000,512000,635,Del,Struct,53046095,340176,917,0,57847.43
128000,512000,636,Dec,Large,52229838,340176,1224,0,42671.44
128000,512000,637,Dec,Large,51553251,340176,1305,0,39504.41
128000,512000,638,Del,Struct,50243734,340176,722,0,69589.66
128000,512000,639,Inc,Large,48762140,340176,1421,0,34315.37
128000,512000,640,Dec,Large,50497928,340176,1329,0,37996.94
128000,512000,641,Dec,Large,50327486,340176,1104,0,45586.49
128000,512000,642,Dec,Large,49977967,340176,1103,0,45310.94
128000,512000,643,Add,Struct,48864071,340176,1502,0,32532.67
128000,512000,644,Del,Struct,51385989,340174,3033,2,16942.30
128000,512000,645,Inc,Large,51449023,340174,1381,0,37254.90
128000,512000,646,Inc,Large,50721925,340174,959,0,52890.43
128000,512000,647,Del,Struct,49232299,340180,9227,22,5335.68
128000,512000,648,Dec,Large,50103558,340180,2107,2,23779.57
128000,512000,649,Dec,Large,50098634,340176,3091,8,16207.90
128000,512000,650,Inc,Large,50037067,340176,1034,0,48391.75
128000,512000,651,Add,Struct,48946350,340176,1773,0,27606.51
128000,512000,652,Inc,Large,50161510,340176,1347,0,37239.43
128000,512000,653,Del,Struct,48707173,340174,762,0,63920.17
128000,512000,654,Dec,Large,50958996,340174,2633,2,19353.97
128000,512000,655,Del,Struct,53730664,340174,759,0,70791.39
128000,512000,656,Dec,Large,52839250,340174,1342,0,39373.51
128000,512000,657,Dec,Large,48476336,340174,3896,2,12442.59
128000,512000,658,Del,Struct,48487789,340172,723,0,67064.72
128000,512000,659,Add,Struct,49446626,340174,1913,2,25847.69
128000,512000,660,Inc,Large,49929169,340174,1237,0,40363.11
128000,512000,661,Add,Struct,51748628,340174,3524,0,14684.63
128000,512000,662,Dec,Large,50693335,340174,1776,0,28543.54
128000,512000,663,Del,Struct,47833327,340174,726,0,65886.13
128000,512000,664,Dec,Large,50733649,340174,4551,12,11147.80
128000,512000,665,Del,Struct,52036047,340176,2912,2,17869.52
128000,512000,666,Add,Struct,49499829,340176,4546,0,10888.66
128000,512000,667,Inc,Large,47799017,340176,1178,0,40576.42
128000,512000,668,Del,Struct,49567788,340176,764,0,64879.30
128000,512000,669,Dec,Large,48507764,340176,2681,2,18093.16
128000,512000,670,Dec,Large,49505701,340176,1170,0,42312.56
128000,512000,671,Dec,Large,51047417,340176,1174,0,43481.62
128000,512000,672,Del,Struct,49815254,340176,761,0,65460.25
128000,512000,673,Inc,Large,50646375,340176,1102,0,45958.60
128000,512000,674,Del,Struct,50847795,340176,904,0,56247.56
128000,512000,675,Add,Struct,61516209,340176,3604,0,17068.87
128000,512000,676,Del,Struct,73727520,340176,2721,0,27095.74
128000,512000,677,Del,Struct,83539103,340176,2181,0,38303.12
128000,512000,678,Inc,Large,59866483,340176,3560,2,16816.43
128000,512000,679,Dec,Large,49616320,340176,2522,2,19673.40
128000,512000,680,Del,Struct,54088388,340176,4208,4,12853.70
128000,512000,681,Inc,Large,49386952,340174,1251,0,39477.98
128000,512000,682,Inc,Large,48475967,340174,1102,0,43989.08
128000,512000,683,Inc,Large,57910746,340174,5193,2,11151.69
128000,512000,684,Add,Struct,58090351,340174,2199,0,26416.71
128000,512000,685,Inc,Large,48998899,340174,1131,0,43323.52
128000,512000,686,Dec,Large,50216561,340174,3771,8,13316.51
128000,512000,687,Del,Struct,49291763,340174,837,0,58891.00
128000,512000,688,Dec,Large,49298314,340174,2375,2,20757.18
128000,512000,689,Inc,Large,49458504,340174,4144,4,11934.97
128000,512000,690,Add,Struct,50766984,340176,2214,0,22929.98
128000,512000,691,Inc,Large,49493936,340176,1291,0,38337.67
128000,512000,692,Inc,Large,50773770,340176,1137,0,44655.91
128000,512000,693,Dec,Large,52061181,340178,3087,2,16864.65
128000,512000,694,Add,Struct,51141587,340178,2351,0,21753.12
128000,512000,695,Add,Struct,51396119,340180,3350,2,15342.13
128000,512000,696,Dec,Large,57311675,340180,1905,0,30084.87
128000,512000,697,Dec,Large,48658506,340180,1411,0,34485.12
128000,512000,698,Del,Struct,50638370,340180,807,0,62748.91
128000,512000,699,Dec,Large,50438076,340182,2054,2,24556.03
128000,512000,700,Dec,Large,51970275,340182,2254,2,23056.91
128000,512000,701,Add,Struct,52863315,340184,3336,4,15846.32
128000,512000,702,Del,Struct,52600074,340182,936,0,56196.66
128000,512000,703,Dec,Large,52305252,340182,1404,0,37254.45
128000,512000,704,Add,Struct,52005700,340182,2318,0,22435.59
128000,512000,705,Del,Struct,49273300,340154,112406,178,438.35
128000,512000,706,Dec,Large,50123321,340154,2844,2,17624.23
128000,512000,707,Del,Struct,56434925,340154,800,0,70543.66
128000,512000,708,Inc,Large,51268760,340154,6206,8,8261.16
128000,512000,709,Dec,Large,49581872,340154,1061,0,46731.26
128000,512000,710,Del,Struct,49309972,340154,1008,0,48918.62
128000,512000,711,Del,Struct,51457383,340154,934,0,55093.56
128000,512000,712,Del,Struct,50968930,340154,828,0,61556.68
128000,512000,713,Inc,Large,52438810,340152,4011,4,13073.75
128000,512000,714,Inc,Large,51257188,340152,1018,0,50350.87
128000,512000,715,Add,Struct,50209739,340152,898,0,55912.85
128000,512000,716,Inc,Large,49534241,340152,1067,0,46423.84
128000,512000,717,Dec,Large,50387518,340156,11596,58,4345.25
128000,512000,718,Add,Struct,51439024,340156,1125,0,45723.58
128000,512000,719,Del,Struct,54090391,340156,1183,0,45723.07
128000,512000,720,Inc,Large,50409714,340172,42514,162,1185.72
128000,512000,721,Inc,Large,52664672,340172,1419,0,37113.93
128000,512000,722,Dec,Large,53266584,340172,1554,0,34277.08
128000,512000,723,Inc,Large,52849457,340172,1367,0,38660.90
128000,512000,724,Inc,Large,49614933,340172,1163,0,42661.16
128000,512000,725,Inc,Large,50414508,340172,1216,0,41459.30
128000,512000,726,Dec,Large,49343308,340172,1181,0,41780.96
128000,512000,727,Del,Struct,51073405,340172,857,0,59595.57
128000,512000,728,Inc,Large,49107731,340172,1215,0,40417.89
128000,512000,729,Del,Struct,53310083,340172,668,0,79805.51
128000,512000,730,Del,Struct,54292361,340172,989,0,54896.22
128000,512000,731,Del,Struct,52635338,340172,934,0,56354.75
128000,512000,732,Add,Struct,52290105,340174,1622,0,32238.04
128000,512000,733,Add,Struct,55739294,340174,2004,0,27814.02
128000,512000,734,Dec,Large,59838000,340174,1789,0,33447.74
128000,512000,735,Add,Struct,57590302,340174,1945,0,29609.41
128000,512000,736,Dec,Large,59627016,340174,1669,0,35726.19
128000,512000,737,Del,Struct,56342894,340174,910,0,61915.27
128000,512000,738,Dec,Large,57478227,340174,1047,0,54898.02
128000,512000,739,Inc,Large,50707450,340166,15169,40,3342.83
128000,512000,740,Del,Struct,51698911,340166,798,0,64785.60
128000,512000,741,Inc,Large,51515746,340166,1108,0,46494.36
128000,512000,742,Add,Struct,51513912,340166,1573,0,32748.83
128000,512000,743,Del,Struct,49446878,340166,811,0,60970.26
128000,512000,744,Inc,Large,50511673,340166,2387,2,21161.15
128000,512000,745,Dec,Large,49664162,340164,2222,2,22351.11
128000,512000,746,Inc,Large,49961059,340162,6545,10,7633.47
128000,512000,747,Dec,Large,48923026,340162,4156,10,11771.66
128000,512000,748,Dec,Large,50562236,340164,2688,4,18810.36
128000,512000,749,Add,Struct,51613590,340164,973,0,53045.83
128000,512000,750,Add,Struct,56263416,340164,1784,0,31537.79
128000,512000,751,Dec,Large,60164268,340162,5463,22,11013.05
128000,512000,752,Add,Struct,56423948,340162,2667,0,21156.34
128000,512000,753,Add,Struct,60422564,340164,1819,0,33217.46
128000,512000,754,Inc,Large,57575826,340164,2292,0,25120.34
128000,512000,755,Inc,Large,55291887,340164,986,0,56076.96
128000,512000,756,Del,Struct,53452451,340164,3069,2,17416.90
128000,512000,757,Inc,Large,58054724,340164,1521,0,38168.79
128000,512000,758,Inc,Large,56080971,340162,3959,2,14165.44
128000,512000,759,Inc,Large,53999123,340162,1140,0,47367.65
128000,512000,760,Del,Struct,58204001,340162,828,0,70294.69
128000,512000,761,Inc,Large,56089945,340162,966,0,58064.13
128000,512000,762,Dec,Large,51828524,340162,1329,0,38998.14
128000,512000,763,Dec,Large,50017814,340162,1052,0,47545.45
128000,512000,764,Add,Struct,52424690,340162,1020,0,51396.75
128000,512000,765,Dec,Large,50283189,340160,2471,2,20349.33
128000,512000,766,Del,Struct,51591512,340160,932,0,55355.70
128000,512000,767,Dec,Large,49909894,340158,4014,10,12433.95
128000,512000,768,Inc,Large,54086738,340158,1495,0,36178.42
128000,512000,769,Dec,Large,53503423,340158,1033,0,51794.21
128000,512000,770,Inc,Large,53556453,340158,886,0,60447.46
128000,512000,771,Add,Struct,51951982,340158,2468,0,21050.24
128000,512000,772,Add,Struct,54935919,340160,2817,2,19501.57
128000,512000,773,Del,Struct,53852652,340160,944,0,57047.30
128000,512000,774,Add,Struct,50935229,340160,998,0,51037.30
128000,512000,775,Del,Struct,55848305,340160,1255,0,44500.64
128000,512000,776,Del,Struct,51257105,340160,747,0,68617.28
128000,512000,777,Dec,Large,52082753,340160,2797,4,18620.93
128000,512000,778,Del,Struct,53625202,340160,1519,0,35302.96
128000,512000,779,Del,Struct,56783860,340160,1216,0,46697.25
128000,512000,780,Inc,Large,51918577,340160,925,0,56128.19
128000,512000,781,Dec,Large,60304221,340164,5883,22,10250.59
128000,512000,782,Dec,Large,50558077,340164,2073,0,24388.85
128000,512000,783,Dec,Large,49981552,340164,1052,0,47510.98
128000,512000,784,Add,Struct,48434540,340166,2179,0,22227.88
128000,512000,785,Add,Struct,49683717,340166,1164,0,42683.61
128000,512000,786,Del,Struct,51171469,340164,871,0,58750.25
128000,512000,787,Inc,Large,53447658,340164,1147,0,46597.78
128000,512000,788,Add,Struct,51056472,340164,2330,0,21912.65
128000,512000,789,Dec,Large,49119183,340164,1004,0,48923.49
128000,512000,790,Inc,Large,47809360,340164,997,0,47953.22
128000,512000,791,Del,Struct,50218738,340164,1018,0,49330.78
128000,512000,792,Add,Struct,56301749,340164,1315,0,42815.02
128000,512000,793,Add,Struct,50963332,340164,2398,0,21252.43
128000,512000,794,Add,Struct,57237869,340164,3849,0,14870.84
128000,512000,795,Dec,Large,56598760,340164,1122,0,50444.53
128000,512000,796,Del,Struct,57753728,340164,1639,0,35237.17
128000,512000,797,Inc,Large,56750287,340164,977,0,58086.27
128000,512000,798,Dec,Large,52754061,340162,3770,10,13993.12
128000,512000,799,Dec,Large,50188951,340162,1427,0,35170.95
128000,512000,800,Dec,Large,54929078,340162,1204,0,45622.16
128000,512000,801,Del,Struct,56140051,340158,16821,36,3337.50
128000,512000,802,Add,Struct,57782034,340158,2344,0,24651.04
128000,512000,803,Add,Struct,58006512,340158,829,0,69971.67
128000,512000,804,Add,Struct,67500477,340158,3119,0,21641.70
128000,512000,805,Add,Struct,54377292,340158,2223,0,24461.22
128000,512000,806,Add,Struct,54667466,340158,1847,0,29597.98
128000,512000,807,Del,Struct,53341446,340158,817,0,65289.41
128000,512000,808,Dec,Large,54690332,340158,1456,0,37562.04
128000,512000,809,Dec,Large,55839849,340158,1023,0,54584.41
128000,512000,810,Inc,Large,58250132,340158,1586,0,36727.70
128000,512000,811,Add,Struct,56815021,340158,1107,0,51323.42
128000,512000,812,Add,Struct,64142244,340158,1740,0,36863.36
128000,512000,813,Del,Struct,58771029,340158,885,0,66407.94
128000,512000,814,Del,Struct,60899205,340154,20701,68,2941.85
128000,512000,815,Inc,Large,58222277,340152,10459,6,5566.72
128000,512000,816,Del,Struct,59023006,340152,835,0,70686.23
128000,512000,817,Inc,Large,54651189,340152,1191,0,45886.81
128000,512000,818,Del,Struct,50192989,340154,9567,18,5246.47
128000,512000,819,Add,Struct,57067666,340156,2431,2,23474.98
128000,512000,820,Add,Struct,53883730,340156,1252,0,43038.12
128000,512000,821,Del,Struct,55020865,340156,722,0,76206.18
128000,512000,822,Dec,Large,50485322,340156,1042,0,48450.40
128000,512000,823,Dec,Large,53450669,340158,2909,4,18374.24
128000,512000,824,Add,Struct,50805704,340158,2403,0,21142.62
128000,512000,825,Add,Struct,52615691,340158,2858,2,18409.97
128000,512000,826,Dec,Large,53559203,340158,1786,2,29988.36
128000,512000,827,Del,Struct,55543939,340158,871,0,63770.31
128000,512000,828,Add,Struct,56381503,340158,1067,0,52841.15
128000,512000,829,Add,Struct,56073274,340158,1351,0,41505.01
128000,512000,830,Dec,Large,60816569,340160,3700,4,16436.91
128000,512000,831,Dec,Large,67433655,340158,10062,12,6701.81
128000,512000,832,Inc,Large,52444987,340164,6235,10,8411.39
128000,512000,833,Del,Struct,52277979,340164,895,0,58411.15
128000,512000,834,Add,Struct,51456105,340164,2368,0,21729.77
128000,512000,835,Del,Struct,48942776,340166,2889,2,16941.08
128000,512000,836,Del,Struct,49808293,340166,866,0,57515.35
128000,512000,837,Del,Struct,53525974,340170,3514,2,15232.21
128000,512000,838,Add,Struct,50403517,340170,2182,0,23099.69
128000,512000,839,Add,Struct,49760611,340172,1352,0,36805.19
128000,512000,840,Inc,Large,50150234,340172,1110,0,45180.39
128000,512000,841,Inc,Large,53740591,340172,1486,0,36164.60
128000,512000,842,Inc,Large,55129796,340174,5722,8,9634.71
128000,512000,843,Del,Struct,51958377,340172,3740,4,13892.61
128000,512000,844,Del,Struct,49073925,340170,6429,8,7633.21
128000,512000,845,Del,Struct,49793275,340168,718,0,69349.97
128000,512000,846,Dec,Large,54230440,340168,1567,0,34607.81
128000,512000,847,Inc,Large,59214490,340168,22270,2,2658.94
128000,512000,848,Dec,Large,57014774,340170,1342,0,42484.93
128000,512000,849,Add,Struct,55019807,340170,1863,0,29532.91
128000,512000,850,Inc,Large,49028120,340170,1131,0,43349.35
128000,512000,851,Del,Struct,51459086,340168,1280,0,40202.41
128000,512000,852,Add,Struct,55487654,340168,2125,2,26111.84
128000,512000,853,Inc,Large,53106097,340168,1506,0,35263.01
128000,512000,854,Dec,Large,50556748,340168,1185,0,42663.92
128000,512000,855,Dec,Large,48718927,340168,1111,0,43851.42
128000,512000,856,Add,Struct,49599792,340170,1770,0,28022.48
128000,512000,857,Dec,Large,49785027,340170,2829,6,17598.10
128000,512000,858,Inc,Large,48550584,340172,2948,2,16468.99
128000,512000,859,Dec,Large,48857526,340172,1481,0,32989.55
128000,512000,860,Del,Struct,48826729,340172,817,0,59763.44
128000,512000,861,Dec,Large,53009716,340168,2944,6,18006.02
128000,512000,862,Inc,Large,51862665,340168,1523,0,34052.96
128000,512000,863,Inc,Large,54312385,340168,1093,0,49691.11
128000,512000,864,Add,Struct,58884656,340168,1937,0,30399.93
128000,512000,865,Add,Struct,56416284,340168,3347,0,16855.78
128000,512000,866,Add,Struct,56215600,340168,4145,0,13562.27
128000,512000,867,Dec,Large,54604199,340172,2714,6,20119.45
128000,512000,868,Inc,Large,54790735,340172,1194,0,45888.39
128000,512000,869,Dec,Large,50164515,340172,3310,8,15155.44
128000,512000,870,Add,Struct,51816102,340172,964,0,53751.14
128000,512000,871,Inc,Large,51088167,340186,240688,706,212.26
128000,512000,872,Del,Struct,51430536,340186,828,0,62114.17
128000,512000,873,Dec,Large,51229052,340188,4454,2,11501.81
128000,512000,874,Del,Struct,49639857,340188,862,0,57586.84
128000,512000,875,Inc,Large,50505783,340188,1765,0,28615.17
128000,512000,876,Del,Struct,58082114,340192,18362,22,3163.17
128000,512000,877,Inc,Large,57233094,340194,6140,2,9321.35
128000,512000,878,Inc,Large,56509804,340196,3284,2,17207.61
128000,512000,879,Dec,Large,55362833,340196,1347,0,41100.84
128000,512000,880,Del,Struct,58085187,340196,903,0,64324.68
128000,512000,881,Del,Struct,58131999,340198,3012,2,19300.13
128000,512000,882,Dec,Large,52460701,340198,2249,4,23326.23
128000,512000,883,Inc,Large,52161455,340198,1235,0,42236.00
128000,512000,884,Del,Struct,52204234,340198,1214,0,43001.84
128000,512000,885,Inc,Large,56649238,340198,1078,0,52550.31
128000,512000,886,Del,Struct,56315192,340198,724,0,77783.41
128000,512000,887,Del,Struct,54055158,340198,965,0,56015.71
128000,512000,888,Dec,Large,49023687,340198,1461,0,33554.89
128000,512000,889,Add,Struct,52068721,340198,1540,0,33810.86
128000,512000,890,Dec,Large,52744541,340198,1275,0,41368.27
128000,512000,891,Del,Struct,50385513,340194,5808,8,8675.19
128000,512000,892,Add,Struct,55889126,340194,1916,0,29169.69
128000,512000,893,Del,Struct,59170172,340190,3026,0,19553.92
128000,512000,894,Dec,Large,59488241,340192,2943,8,20213.47
128000,512000,895,Dec,Large,58985015,340192,1227,0,48072.55
128000,512000,896,Dec,Large,51725904,340192,1503,0,34415.11
128000,512000,897,Inc,Large,52398496,340192,927,0,56524.81
128000,512000,898,Add,Struct,53972522,340192,818,0,65981.08
128000,512000,899,Inc,Large,56593706,340192,1349,0,41952.34
128000,512000,900,Add,Struct,54462897,340192,2166,0,25144.46
128000,512000,901,Dec,Large,56599125,340192,1415,0,39999.38
128000,512000,902,Dec,Large,53959431,340192,1058,0,51001.35
128000,512000,903,Dec,Large,54793412,340198,19687,50,2783.23
128000,512000,904,Inc,Large,57020234,340196,6015,4,9479.67
128000,512000,905,Inc,Large,56611820,340196,4826,4,11730.59
128000,512000,906,Inc,Large,57424641,340196,6599,4,8702.02
128000,512000,907,Inc,Large,57172953,340196,1047,0,54606.45
128000,512000,908,Dec,Large,57836895,340194,2148,2,26925.93
128000,512000,909,Dec,Large,52778900,340194,999,0,52831.73
128000,512000,910,Dec,Large,51111814,340194,1095,0,46677.46
128000,512000,911,Inc,Large,50824812,340194,1234,0,41187.04
128000,512000,912,Inc,Large,53601081,340194,1862,0,28786.83
128000,512000,913,Dec,Large,52230999,340194,1499,0,34843.90
128000,512000,914,Del,Struct,52669135,340194,763,0,69029.01
128000,512000,915,Inc,Large,51651086,340194,946,0,54599.46
128000,512000,916,Add,Struct,53240522,340194,892,0,59686.68
128000,512000,917,Del,Struct,53691731,340194,816,0,65798.69
128000,512000,918,Dec,Large,54070668,340194,1159,0,46652.86
128000,512000,919,Dec,Large,56935927,340190,3431,8,16594.56
128000,512000,920,Inc,Large,66405159,340192,1139,0,58301.28
128000,512000,921,Add,Struct,49388431,340192,2079,0,23755.86
128000,512000,922,Del,Struct,49182334,340190,633,0,77697.21
128000,512000,923,Dec,Large,51284755,340190,1158,0,44287.35
128000,512000,924,Add,Struct,49451260,340194,3189,6,15506.82
128000,512000,925,Inc,Large,49273734,340194,1057,0,46616.59
128000,512000,926,Dec,Large,52949416,340194,1192,0,44420.65
128000,512000,927,Add,Struct,55021697,340196,2220,0,24784.55
128000,512000,928,Dec,Large,49345435,340196,980,0,50352.48
128000,512000,929,Inc,Large,48791189,340196,1145,0,42612.39
128000,512000,930,Add,Struct,50850375,340196,1771,0,28712.80
128000,512000,931,Dec,Large,51576315,340196,1566,0,32935.07
128000,512000,932,Inc,Large,48028118,340196,1040,0,46180.88
128000,512000,933,Add,Struct,49406577,340196,1200,0,41172.15
128000,512000,934,Dec,Large,49220392,340196,1109,0,44382.68
128000,512000,935,Del,Struct,52518628,340196,1554,0,33795.77
128000,512000,936,Inc,Large,51932236,340196,1399,0,37120.97
128000,512000,937,Inc,Large,51397111,340196,1343,0,38270.37
128000,512000,938,Add,Struct,48964466,340196,3806,4,12865.07
128000,512000,939,Inc,Large,51818605,340198,3190,2,16244.08
128000,512000,940,Inc,Large,49111866,340198,1141,0,43042.83
128000,512000,941,Inc,Large,49471964,340198,1462,0,33838.55
128000,512000,942,Add,Struct,49140235,340198,2317,2,21208.56
128000,512000,943,Inc,Large,51650788,340198,878,0,58827.78
128000,512000,944,Del,Struct,48754750,340198,761,0,64066.69
128000,512000,945,Inc,Large,51845856,340200,4695,4,11042.78
128000,512000,946,Dec,Large,49770906,340200,1468,0,33903.89
128000,512000,947,Add,Struct,51868327,340200,2248,0,23073.10
128000,512000,948,Dec,Large,50645943,340200,3752,10,13498.39
128000,512000,949,Add,Struct,55624922,340200,1819,0,30579.95
128000,512000,950,Inc,Large,49151642,340200,1414,0,34760.71
128000,512000,951,Dec,Large,48797046,340200,1082,0,45098.93
128000,512000,952,Inc,Large,48653917,340200,1257,0,38706.38
128000,512000,953,Add,Struct,50443486,340200,1510,0,33406.28
128000,512000,954,Del,Struct,51350187,340194,9550,18,5376.98
128000,512000,955,Del,Struct,51849824,340194,779,0,66559.47
128000,512000,956,Dec,Large,51042140,340194,1085,0,47043.45
128000,512000,957,Dec,Large,50608814,340194,1324,0,38224.18
128000,512000,958,Dec,Large,48530567,340200,11267,54,4307.32
128000,512000,959,Del,Struct,48413541,340190,13521,36,3580.62
128000,512000,960,Inc,Large,49526133,340190,1089,0,45478.54
128000,512000,961,Inc,Large,50472097,340190,1280,0,39431.33
128000,512000,962,Inc,Large,48451233,340190,2950,2,16424.15
128000,512000,963,Inc,Large,49686498,340190,1100,0,45169.54
128000,512000,964,Inc,Large,48738644,340190,1134,0,42979.40
128000,512000,965,Dec,Large,50703912,340192,1930,2,26271.46
128000,512000,966,Add,Struct,51596336,340194,2275,0,22679.71
128000,512000,967,Dec,Large,50919394,340194,1004,0,50716.53
128000,512000,968,Dec,Large,48394157,340194,2338,2,20698.96
128000,512000,969,Inc,Large,56882395,340194,1807,0,31478.91
128000,512000,970,Del,Struct,50423642,340194,2147,0,23485.63
128000,512000,971,Inc,Large,49179818,340194,905,0,54342.34
128000,512000,972,Add,Struct,51431162,340194,1935,0,26579.41
128000,512000,973,Inc,Large,49633396,340194,1192,0,41638.76
128000,512000,974,Del,Struct,51613157,340194,792,0,65168.13
128000,512000,975,Del,Struct,55156503,340194,1155,0,47754.55
128000,512000,976,Dec,Large,53636942,340194,1246,0,43047.30
128000,512000,977,Dec,Large,50390508,340194,1204,0,41852.58
128000,512000,978,Del,Struct,52186779,340190,9918,22,5261.82
128000,512000,979,Add,Struct,50933659,340182,4632,22,10996.04
128000,512000,980,Inc,Large,49254518,340182,1163,0,42351.26
128000,512000,981,Dec,Large,51550096,340182,1364,0,37793.33
128000,512000,982,Del,Struct,50275723,340182,932,0,53943.91
128000,512000,983,Add,Struct,49330735,340182,1008,0,48939.22
128000,512000,984,Inc,Large,49303402,340182,1173,0,42031.89
128000,512000,985,Add,Struct,50226118,340182,1130,0,44447.89
128000,512000,986,Del,Struct,69468306,340190,21068,38,3297.34
128000,512000,987,Add,Struct,74327707,340190,3360,2,22121.34
128000,512000,988,Add,Struct,51625206,340190,2521,0,20478.07
128000,512000,989,Add,Struct,50911035,340192,972,0,52377.61
128000,512000,990,Del,Struct,50459091,340192,758,0,66568.72
128000,512000,991,Inc,Large,49311671,340192,1135,0,43446.41
128000,512000,992,Del,Struct,49061848,340190,721,0,68046.95
128000,512000,993,Inc,Large,49683071,340190,1163,0,42719.75
128000,512000,994,Del,Struct,51657091,340190,721,0,71646.45
128000,512000,995,Dec,Large,51737132,340196,5842,24,8856.07
128000,512000,996,Del,Struct,49743721,340196,673,0,73913.40
128000,512000,997,Inc,Large,50000419,340196,1243,0,40225.60
128000,512000,998,Inc,Large,51869640,340196,1044,0,49683.56
128000,512000,999,Del,Struct,49650897,340200,2709,2,18328.13
256000,1024000,0,Del,Struct,111924856,680238,3359,0,33320.89
256000,1024000,1,Inc,Large,116738131,680238,1127,0,103583.08
256000,1024000,2,Inc,Large,110492674,680238,1209,0,91391.79
256000,1024000,3,Del,Struct,111470458,680238,1461,0,76297.37
256000,1024000,4,Add,Struct,111427068,680238,2086,0,53416.62
256000,1024000,5,Inc,Large,116804269,680238,1356,0,86138.84
256000,1024000,6,Add,Struct,116546021,680238,2417,0,48219.29
256000,1024000,7,Add,Struct,109094275,680238,2400,0,45455.95
256000,1024000,8,Inc,Large,112051393,680238,1236,0,90656.47
256000,1024000,9,Add,Struct,113632390,680238,1247,0,91124.61
256000,1024000,10,Add,Struct,122651073,680238,1980,0,61944.99
256000,1024000,11,Inc,Large,121242407,680238,2413,0,50245.51
256000,1024000,12,Add,Struct,117302422,680240,2110,2,55593.56
256000,1024000,13,Del,Struct,122838237,680240,1147,0,107095.24
256000,1024000,14,Inc,Large,123193553,680240,1276,0,96546.67
256000,1024000,15,Inc,Large,119959094,680240,1129,0,106252.52
256000,1024000,16,Del,Struct,138866056,680240,1020,0,136143.19
256000,1024000,17,Add,Struct,115764971,680234,9949,32,11635.84
256000,1024000,18,Add,Struct,144685678,680234,2194,0,65946.07
256000,1024000,19,Inc,Large,130552808,680234,1161,0,112448.59
256000,1024000,20,Del,Struct,129124294,680232,1153,0,111989.85
256000,1024000,21,Dec,Large,130737381,680232,1432,0,91297.05
256000,1024000,22,Del,Struct,117268212,680230,1072,0,109391.99
256000,1024000,23,Dec,Large,110885998,680232,2216,2,50038.81
256000,1024000,24,Add,Struct,112552172,680228,2266,4,49669.98
256000,1024000,25,Del,Struct,115804544,680228,816,0,141917.33
256000,1024000,26,Del,Struct,117347562,680228,858,0,136768.72
256000,1024000,27,Del,Struct,114273179,680228,1090,0,104837.78
256000,1024000,28,Del,Struct,114064022,680228,1338,0,85249.64
256000,1024000,29,Dec,Large,111133841,680228,2740,2,40559.80
256000,1024000,30,Inc,Large,117508465,680228,1659,0,70830.90
256000,1024000,31,Add,Struct,121315472,680228,1781,0,68116.49
256000,1024000,32,Inc,Large,115075562,680228,2501,0,46011.82
256000,1024000,33,Add,Struct,113578164,680228,1957,0,58036.87
256000,1024000,34,Inc,Large,117084148,680228,1378,0,84966.73
256000,1024000,35,Del,Struct,113278157,680226,3262,2,34726.60
256000,1024000,36,Dec,Large,117026564,680228,4194,8,27903.33
256000,1024000,37,Dec,Large,113432309,680230,2718,2,41733.74
256000,1024000,38,Inc,Large,114286051,680230,1106,0,103332.78
256000,1024000,39,Inc,Large,117483743,680230,1563,0,75165.54
256000,1024000,40,Inc,Large,129495672,680232,6195,4,20903.26
256000,1024000,41,Add,Struct,125981377,680232,2201,0,57238.24
256000,1024000,42,Inc,Large,120521390,680232,1237,0,97430.39
256000,1024000,43,Add,Struct,149272169,680234,2438,2,61227.30
256000,1024000,44,Add,Struct,125010801,680234,2478,0,50448.27
256000,1024000,45,Inc,Large,116260667,680234,1464,0,79413.02
256000,1024000,46,Del,Struct,122366063,680234,1162,0,105306.42
256000,1024000,47,Inc,Large,114076861,680234,1145,0,99630.45
256000,1024000,48,Del,Struct,116044737,680234,3309,2,35069.43
256000,1024000,49,Del,Struct,115402743,680234,13852,0,8331.12
256000,1024000,50,Inc,Large,117874396,680232,5863,6,20104.79
256000,1024000,51,Inc,Large,119576896,680230,1111,0,107629.97
256000,1024000,52,Dec,Large,115456564,680230,1137,0,101544.91
256000,1024000,53,Add,Struct,117968200,680230,1399,0,84323.23
256000,1024000,54,Dec,Large,115795182,680230,2001,0,57868.66
256000,1024000,55,Dec,Large,121002243,680230,1994,2,60683.17
256000,1024000,56,Del,Struct,114697151,680230,824,0,139195.57
256000,1024000,57,Dec,Large,114342203,680234,3131,4,36519.39
256000,1024000,58,Del,Struct,117806438,680234,811,0,145260.71
256000,1024000,59,Add,Struct,116018477,680238,3447,10,33657.81
256000,1024000,60,Del,Struct,117828342,680238,3375,2,34912.10
256000,1024000,61,Inc,Large,115895495,680240,2944,2,39366.68
256000,1024000,62,Add,Struct,116586467,680240,2164,0,53875.45
256000,1024000,63,Inc,Large,117033824,680240,1190,0,98347.75
256000,1024000,64,Dec,Large,116338685,680240,1219,0,95437.81
256000,1024000,65,Inc,Large,117471125,680240,1515,0,77538.70
256000,1024000,66,Del,Struct,120756939,680242,12869,10,9383.55
256000,1024000,67,Add,Struct,118338072,680242,1136,0,104170.84
256000,1024000,68,Del,Struct,119406045,680242,783,0,152498.14
256000,1024000,69,Inc,Large,117746665,680242,24264,2,4852.73
256000,1024000,70,Inc,Large,119193649,680242,994,0,119913.13
256000,1024000,71,Del,Struct,121140520,680242,1487,0,81466.39
256000,1024000,72,Add,Struct,126172813,680242,2417,0,52202.24
256000,1024000,73,Dec,Large,122128295,680242,1087,0,112353.54
256000,1024000,74,Add,Struct,121656908,680236,4220,10,28828.65
256000,1024000,75,Inc,Large,123543134,680236,1721,0,71785.67
256000,1024000,76,Del,Struct,123466114,680236,1020,0,121045.21
256000,1024000,77,Add,Struct,123087986,680236,2674,0,46031.41
256000,1024000,78,Dec,Large,125445502,680236,1723,0,72806.44
256000,1024000,79,Add,Struct,136643250,680236,1458,0,93719.65
256000,1024000,80,Dec,Large,120184579,680236,2365,2,50818.00
256000,1024000,81,Dec,Large,116329687,680238,2964,2,39247.53
256000,1024000,82,Inc,Large,125793129,680238,1159,0,108535.92
256000,1024000,83,Add,Struct,121478555,680238,2920,0,41602.24
256000,1024000,84,Dec,Large,126956302,680238,3419,8,37132.58
256000,1024000,85,Inc,Large,121534418,680238,1175,0,103433.55
256000,1024000,86,Inc,Large,124357305,680238,1112,0,111832.11
256000,1024000,87,Dec,Large,122609902,680238,1103,0,111160.38
256000,1024000,88,Del,Struct,131366343,680238,2018,0,65097.30
256000,1024000,89,Inc,Large,126355297,680238,1523,0,82964.74
256000,1024000,90,Add,Struct,126500215,680238,2516,0,50278.30
256000,1024000,91,Del,Struct,128307671,680238,915,0,140226.96
256000,1024000,92,Inc,Large,135115654,680238,1378,0,98052.00
256000,1024000,93,Dec,Large,120742857,680238,1734,0,69632.56
256000,1024000,94,Dec,Large,118068457,680238,1485,0,79507.38
256000,1024000,95,Add,Struct,116894254,680238,1933,0,60472.97
256000,1024000,96,Dec,Large,120489205,680236,8131,24,14818.50
256000,1024000,97,Add,Struct,112949109,680236,2237,0,50491.33
256000,1024000,98,Inc,Large,116421580,680238,1491,0,78082.88
256000,1024000,99,Inc,Large,118531372,680238,2120,0,55911.02
256000,1024000,100,Dec,Large,116637485,680238,2467,0,47279.08
256000,1024000,101,Add,Struct,128628438,680240,2431,2,52911.74
256000,1024000,102,Dec,Large,117831851,680240,1560,0,75533.24
256000,1024000,103,Del,Struct,118430275,680240,735,0,161129.63
256000,1024000,104,Del,Struct,119376509,680240,1247,0,95730.96
256000,1024000,105,Add,Struct,116232791,680240,3108,0,37397.94
256000,1024000,106,Add,Struct,115316064,680240,1464,0,78767.80
256000,1024000,107,Inc,Large,115315299,680240,1199,0,96176.23
256000,1024000,108,Add,Struct,118199745,680240,2207,0,53556.75
256000,1024000,109,Dec,Large,121069000,680240,998,0,121311.62
256000,1024000,110,Dec,Large,116460676,680240,1350,0,86267.17
256000,1024000,111,Inc,Large,117554871,680240,1284,0,91553.64
256000,1024000,112,Del,Struct,116436775,680240,958,0,121541.52
256000,1024000,113,Inc,Large,125539548,680240,1214,0,103409.84
256000,1024000,114,Inc,Large,123460799,680240,1261,0,97907.06
256000,1024000,115,Add,Struct,118229535,680242,2846,0,41542.35
256000,1024000,116,Inc,Large,118390847,680242,1440,0,82215.87
256000,1024000,117,Add,Struct,118022671,680242,1090,0,108277.68
256000,1024000,118,Del,Struct,120079698,680242,807,0,148797.64
256000,1024000,119,Del,Struct,120216940,680242,750,0,160289.25
256000,1024000,120,Add,Struct,116532686,680242,2172,0,53652.25
256000,1024000,121,Dec,Large,118096517,680242,2430,0,48599.39
256000,1024000,122,Inc,Large,114750949,680242,1943,0,59058.65
256000,1024000,123,Add,Struct,116118594,680242,1119,0,103769.97
256000,1024000,124,Add,Struct,118020771,680242,2085,0,56604.69
256000,1024000,125,Dec,Large,126314669,680246,5678,14,22246.33
256000,1024000,126,Dec,Large,123800301,680246,1253,0,98803.11
256000,1024000,127,Add,Struct,119040027,680244,3573,6,33316.55
256000,1024000,128,Inc,Large,116545269,680244,36522,2,3191.10
256000,1024000,129,Del,Struct,117254636,680242,3662,2,32019.29
256000,1024000,130,Dec,Large,121516604,680242,4104,2,29609.31
256000,1024000,131,Add,Struct,121711376,680240,5415,18,22476.71
256000,1024000,132,Dec,Large,121692722,680240,2771,0,43916.54
256000,1024000,133,Add,Struct,127038164,680240,2054,0,61849.15
256000,1024000,134,Inc,Large,126475018,680240,7012,10,18036.94
256000,1024000,135,Dec,Large,125205533,680240,1107,0,113103.46
256000,1024000,136,Inc,Large,126898355,680240,1188,0,106816.80
256000,1024000,137,Inc,Large,129218503,680240,1844,0,70075.11
256000,1024000,138,Del,Struct,119717014,680238,3957,2,30254.49
256000,1024000,139,Add,Struct,123067303,680238,2101,0,58575.58
256000,1024000,140,Add,Struct,117010440,680238,2018,0,57983.37
256000,1024000,141,Del,Struct,122299902,680238,1115,0,109686.01
256000,1024000,142,Del,Struct,118398983,680236,3417,2,34649.98
256000,1024000,143,Inc,Large,112903442,680236,1470,0,76805.06
256000,1024000,144,Dec,Large,116738249,680236,1194,0,97770.73
256000,1024000,145,Dec,Large,114600600,680236,1447,0,79198.76
256000,1024000,146,Dec,Large,121061858,680236,1034,0,117081.10
256000,1024000,147,Del,Struct,117260694,680234,1091,0,107480.01
256000,1024000,148,Inc,Large,117564554,680234,2996,2,39240.51
256000,1024000,149,Inc,Large,117810302,680236,3539,2,33289.15
256000,1024000,150,Del,Struct,119137050,680236,996,0,119615.51
256000,1024000,151,Del,Struct,135878874,680236,838,0,162146.63
256000,1024000,152,Del,Struct,120167012,680236,981,0,122494.41
256000,1024000,153,Inc,Large,118967702,680242,15572,38,7639.85
256000,1024000,154,Del,Struct,120163502,680242,1332,0,90212.84
256000,1024000,155,Add,Struct,118810687,680242,2563,0,46356.10
256000,1024000,156,Del,Struct,118445729,680240,4331,4,27348.36
256000,1024000,157,Inc,Large,118878194,680240,1348,0,88188.57
256000,1024000,158,Dec,Large,118850517,680240,1031,0,115276.93
256000,1024000,159,Del,Struct,134135295,680240,1173,0,114352.34
256000,1024000,160,Del,Struct,116826082,680240,861,0,135686.51
256000,1024000,161,Add,Struct,120287787,680240,2519,0,47752.20
256000,1024000,162,Inc,Large,116317235,680240,1372,0,84779.33
256000,1024000,163,Dec,Large,122597893,680240,1756,0,69816.57
256000,1024000,164,Del,Struct,115535231,680240,1138,0,101524.81
256000,1024000,165,Dec,Large,115475901,680240,2783,2,41493.32
256000,1024000,166,Add,Struct,117029170,680240,3151,0,37140.33
256000,1024000,167,Dec,Large,125301166,680240,1481,0,84605.78
256000,1024000,168,Add,Struct,117494033,680246,2945,4,39896.11
256000,1024000,169,Inc,Large,120656692,680246,1328,0,90855.94
256000,1024000,170,Add,Struct,122401591,680246,2280,0,53684.91
256000,1024000,171,Add,Struct,124686900,680246,1565,0,79672.14
256000,1024000,172,Dec,Large,122311160,680248,4094,8,29875.71
256000,1024000,173,Inc,Large,122032802,680248,1319,0,92519.18
256000,1024000,174,Del,Struct,122517078,680246,2198,0,55740.25
256000,1024000,175,Del,Struct,123190016,680246,1169,0,105380.68
256000,1024000,176,Add,Struct,116642526,680246,1503,0,77606.47
256000,1024000,177,Del,Struct,116033707,680246,3799,0,30543.22
256000,1024000,178,Add,Struct,114215607,680246,2623,0,43543.88
256000,1024000,179,Inc,Large,119861161,680246,1755,0,68296.96
256000,1024000,180,Del,Struct,116955998,680246,2935,2,39848.72
256000,1024000,181,Inc,Large,117433403,680246,1344,0,87376.04
256000,1024000,182,Inc,Large,115344340,680248,4335,4,26607.69
256000,1024000,183,Dec,Large,116864592,680246,3508,6,33313.74
256000,1024000,184,Del,Struct,120021617,680246,1083,0,110823.28
256000,1024000,185,Del,Struct,122404624,680246,897,0,136460.00
256000,1024000,186,Dec,Large,117107789,680246,1247,0,93911.62
256000,1024000,187,Inc,Large,124438828,680246,1036,0,120114.70
256000,1024000,188,Del,Struct,123520248,680246,3038,2,40658.41
256000,1024000,189,Inc,Large,118438731,680246,1258,0,94148.43
256000,1024000,190,Del,Struct,114767794,680246,1043,0,110036.24
256000,1024000,191,Del,Struct,126657932,680246,1092,0,115987.12
256000,1024000,192,Del,Struct,126791461,680246,4400,4,28816.24
256000,1024000,193,Add,Struct,124405038,680246,20676,0,6016.88
256000,1024000,194,Dec,Large,126779883,680246,1459,0,86895.05
256000,1024000,195,Dec,Large,121765473,680246,1582,0,76969.33
256000,1024000,196,Add,Struct,127582834,680246,1441,0,88537.71
256000,1024000,197,Del,Struct,134928384,680246,1306,0,103314.23
256000,1024000,198,Dec,Large,127944524,680248,2108,2,60694.75
256000,1024000,199,Del,Struct,119982840,680248,762,0,157457.80
256000,1024000,200,Dec,Large,122425809,680248,1227,0,99776.54
256000,1024000,201,Inc,Large,119691160,680248,4503,2,26580.32
256000,1024000,202,Inc,Large,120297115,680248,1367,0,88000.82
256000,1024000,203,Dec,Large,114850085,680248,1026,0,111939.65
256000,1024000,204,Del,Struct,119122798,680248,813,0,146522.51
256000,1024000,205,Dec,Large,115351215,680248,1326,0,86991.87
256000,1024000,206,Add,Struct,118503797,680248,1218,0,97293.76
256000,1024000,207,Inc,Large,118182102,680248,1218,0,97029.64
256000,1024000,208,Inc,Large,117850874,680248,1079,0,109222.31
256000,1024000,209,Add,Struct,118422329,680248,1051,0,112675.86
256000,1024000,210,Inc,Large,116146181,680248,1136,0,102241.36
256000,1024000,211,Dec,Large,115666943,680248,2866,4,40358.32
256000,1024000,212,Dec,Large,120075322,680248,1826,0,65758.66
256000,1024000,213,Dec,Large,122379575,680248,936,0,130747.41
256000,1024000,214,Del,Struct,117473410,680248,1005,0,116888.97
256000,1024000,215,Dec,Large,116950341,680250,1320,0,88598.74
256000,1024000,216,Del,Struct,117945963,680250,1126,0,104747.75
256000,1024000,217,Inc,Large,120133966,680250,196698,510,610.75
256000,1024000,218,Inc,Large,118417755,680250,3998,0,29619.25
256000,1024000,219,Dec,Large,119211782,680250,1629,0,73180.96
256000,1024000,220,Inc,Large,118445391,680250,1467,0,80739.87
256000,1024000,221,Del,Struct,124856983,680250,1052,0,118685.35
256000,1024000,222,Del,Struct,129681869,680250,1238,0,104751.11
256000,1024000,223,Inc,Large,119008499,680250,3402,2,34981.92
256000,1024000,224,Inc,Large,122795065,680250,953,0,128851.07
256000,1024000,225,Add,Struct,124895161,680250,1708,0,73123.63
256000,1024000,226,Inc,Large,122649096,680250,1400,0,87606.50
256000,1024000,227,Add,Struct,119108747,680250,2394,0,49753.03
256000,1024000,228,Del,Struct,117304618,680250,786,0,149242.52
256000,1024000,229,Add,Struct,124089707,680252,2401,2,51682.51
256000,1024000,230,Dec,Large,117726967,680252,1512,0,77861.75
256000,1024000,231,Del,Struct,118902176,680252,967,0,122959.85
256000,1024000,232,Del,Struct,124624795,680252,1215,0,102571.85
256000,1024000,233,Add,Struct,122988992,680252,1432,0,85886.17
256000,1024000,234,Add,Struct,119310423,680252,3336,2,35764.52
256000,1024000,235,Del,Struct,119589612,680250,3054,2,39158.35
256000,1024000,236,Add,Struct,117419638,680250,1130,0,103911.18
256000,1024000,237,Add,Struct,120892580,680252,1864,0,64856.53
256000,1024000,238,Add,Struct,117054502,680252,1270,0,92168.90
256000,1024000,239,Add,Struct,118573048,680252,2827,0,41943.07
256000,1024000,240,Dec,Large,115450948,680252,1162,0,99355.38
256000,1024000,241,Dec,Large,118465156,680252,2475,2,47864.71
256000,1024000,242,Dec,Large,122950566,680252,2559,2,48046.33
256000,1024000,243,Dec,Large,117853994,680252,1180,0,99876.27
256000,1024000,244,Inc,Large,127103018,680252,1191,0,106719.58
256000,1024000,245,Del,Struct,116731589,680250,2758,2,42324.72
256000,1024000,246,Inc,Large,123412610,680250,1756,0,70280.53
256000,1024000,247,Dec,Large,123815261,680250,2903,2,42650.80
256000,1024000,248,Del,Struct,118432636,680250,820,0,144430.04
256000,1024000,249,Del,Struct,118375195,680250,754,0,156996.28
256000,1024000,250,Del,Struct,122666364,680250,1952,0,62841.38
256000,1024000,251,Inc,Large,122915841,680250,2955,2,41595.89
256000,1024000,252,Inc,Large,124975877,680250,1223,0,102187.96
256000,1024000,253,Del,Struct,120051262,680250,2452,2,48960.55
256000,1024000,254,Del,Struct,129791303,680250,979,0,132575.39
256000,1024000,255,Inc,Large,122603248,680256,22965,6,5338.70
256000,1024000,256,Add,Struct,124347611,680256,1796,0,69235.86
256000,1024000,257,Inc,Large,124220778,680256,7324,10,16960.78
256000,1024000,258,Del,Struct,133593417,680254,2871,2,46532.02
256000,1024000,259,Inc,Large,128894463,680256,1222,0,105478.28
256000,1024000,260,Dec,Large,120750604,680254,2517,4,47974.02
256000,1024000,261,Inc,Large,115667254,680254,1123,0,102998.45
256000,1024000,262,Del,Struct,124573366,680254,7797,10,15977.09
256000,1024000,263,Add,Struct,118197103,680254,2250,0,52532.05
256000,1024000,264,Del,Struct,117463532,680254,1025,0,114598.57
256000,1024000,265,Add,Struct,121838710,680254,3797,0,32088.15
256000,1024000,266,Dec,Large,122194378,680254,1785,0,68456.23
256000,1024000,267,Del,Struct,122286528,680254,1088,0,112395.71
256000,1024000,268,Dec,Large,118885421,680254,1122,0,105958.49
256000,1024000,269,Del,Struct,119631066,680254,1316,0,90905.07
256000,1024000,270,Dec,Large,119773614,680254,1016,0,117887.42
256000,1024000,271,Del,Struct,118026179,680254,1373,0,85962.26
256000,1024000,272,Inc,Large,119721445,680254,4034,2,29678.10
256000,1024000,273,Del,Struct,118311912,680254,3726,2,31753.06
256000,1024000,274,Add,Struct,119734507,680254,1440,0,83148.96
256000,1024000,275,Add,Struct,118071799,680254,1154,0,102315.25
256000,1024000,276,Del,Struct,115445026,680256,15548,44,7425.07
256000,1024000,277,Add,Struct,116718376,680256,1791,0,65169.39
256000,1024000,278,Dec,Large,117884868,680258,2123,2,55527.49
256000,1024000,279,Add,Struct,120009194,680258,2291,0,52382.89
256000,1024000,280,Inc,Large,119297613,680258,1173,0,101702.99
256000,1024000,281,Add,Struct,117527764,680258,1190,0,98762.83
256000,1024000,282,Add,Struct,118461000,680258,2541,0,46619.83
256000,1024000,283,Inc,Large,120857023,680258,1205,0,100296.28
256000,1024000,284,Del,Struct,118233770,680258,5906,8,20019.26
256000,1024000,285,Del,Struct,117561032,680258,946,0,124271.70
256000,1024000,286,Del,Struct,120264033,680258,3241,2,37107.08
256000,1024000,287,Inc,Large,125227157,680258,1662,0,75347.27
256000,1024000,288,Inc,Large,117810931,680258,1560,0,75519.83
256000,1024000,289,Del,Struct,117959340,680258,1029,0,114634.93
256000,1024000,290,Del,Struct,117985501,680256,698,0,169033.67
256000,1024000,291,Inc,Large,118088681,680256,1510,0,78204.42
256000,1024000,292,Dec,Large,121324979,680256,1196,0,101442.29
256000,1024000,293,Inc,Large,121781340,680256,1667,0,73054.19
256000,1024000,294,Add,Struct,121766408,680256,1673,0,72783.27
256000,1024000,295,Del,Struct,118844479,680256,924,0,128619.57
256000,1024000,296,Dec,Large,121140352,680256,1270,0,95386.10
256000,1024000,297,Inc,Large,119410393,680256,1306,0,91432.15
256000,1024000,298,Add,Struct,117431024,680256,3254,0,36088.21
256000,1024000,299,Del,Struct,118817194,680256,1078,0,110220.03
256000,1024000,300,Dec,Large,121114919,680256,1299,0,93237.04
256000,1024000,301,Dec,Large,118079995,680258,2087,2,56578.82
256000,1024000,302,Add,Struct,118014621,680258,1012,0,116615.24
256000,1024000,303,Del,Struct,119231105,680256,2745,2,43435.74
256000,1024000,304,Dec,Large,120755134,680254,29564,102,4084.53
256000,1024000,305,Add,Struct,117500055,680254,1609,0,73026.76
256000,1024000,306,Inc,Large,116017370,680254,1671,0,69429.90
256000,1024000,307,Add,Struct,117914324,680254,2324,0,50737.66
256000,1024000,308,Del,Struct,122329207,680254,877,0,139485.98
256000,1024000,309,Dec,Large,119882229,680254,1279,0,93731.22
256000,1024000,310,Add,Struct,119641522,680258,4640,18,25784.81
256000,1024000,311,Del,Struct,121482551,680258,1066,0,113961.12
256000,1024000,312,Dec,Large,126735118,680258,2493,2,50836.39
256000,1024000,313,Inc,Large,123108666,680258,1415,0,87002.59
256000,1024000,314,Del,Struct,124061163,680258,1081,0,114765.18
256000,1024000,315,Del,Struct,126980459,680258,1164,0,109089.74
256000,1024000,316,Add,Struct,124859454,680258,2273,0,54931.57
256000,1024000,317,Dec,Large,125871352,680258,1048,0,120106.25
256000,1024000,318,Add,Struct,125549389,680260,3568,0,35187.61
256000,1024000,319,Add,Struct,130760924,680260,2021,2,64701.10
256000,1024000,320,Add,Struct,129612632,680260,1681,0,77104.48
256000,1024000,321,Dec,Large,118322865,680260,1161,0,101914.61
256000,1024000,322,Inc,Large,120882267,680260,1294,0,93417.52
256000,1024000,323,Add,Struct,120907383,680260,2138,0,56551.63
256000,1024000,324,Add,Struct,120157171,680260,1794,0,66977.24
256000,1024000,325,Inc,Large,118813692,680258,8229,12,14438.41
256000,1024000,326,Inc,Large,119086743,680258,1150,0,103553.69
256000,1024000,327,Inc,Large,118974332,680258,1536,0,77457.25
256000,1024000,328,Dec,Large,118697559,680258,1017,0,116713.43
256000,1024000,329,Add,Struct,119056920,680262,2841,4,41906.69
256000,1024000,330,Add,Struct,118831772,680262,1129,0,105254.01
256000,1024000,331,Add,Struct,116858720,680262,2014,0,58023.20
256000,1024000,332,Inc,Large,118350218,680262,1259,0,94003.35
256000,1024000,333,Del,Struct,119293062,680260,2741,2,43521.73
256000,1024000,334,Dec,Large,116902058,680260,1130,0,103453.15
256000,1024000,335,Dec,Large,117567825,680260,1172,0,100313.84
256000,1024000,336,Add,Struct,116015333,680260,1488,0,77967.29
256000,1024000,337,Inc,Large,122383598,680260,1184,0,103364.53
256000,1024000,338,Dec,Large,123536387,680262,2923,2,42263.56
256000,1024000,339,Dec,Large,122317988,680262,1259,0,97154.88
256000,1024000,340,Add,Struct,119379934,680264,962,0,124095.57
256000,1024000,341,Del,Struct,122183360,680264,909,0,134415.14
256000,1024000,342,Add,Struct,119036798,680264,2275,0,52323.87
256000,1024000,343,Inc,Large,147891732,680264,1389,0,106473.53
256000,1024000,344,Dec,Large,139294692,680264,1045,0,133296.36
256000,1024000,345,Del,Struct,121651506,680264,960,0,126720.32
256000,1024000,346,Inc,Large,117659130,680264,1264,0,93084.75
256000,1024000,347,Inc,Large,119288494,680264,1106,0,107855.78
256000,1024000,348,Inc,Large,117274708,680264,1051,0,111583.93
256000,1024000,349,Add,Struct,122521690,680268,2105,2,58205.08
256000,1024000,350,Dec,Large,128585306,680268,1418,0,90680.75
256000,1024000,351,Add,Struct,128123212,680268,2158,0,59371.28
256000,1024000,352,Inc,Large,117660100,680266,3391,2,34697.76
256000,1024000,353,Add,Struct,123757602,680268,6441,2,19214.04
256000,1024000,354,Del,Struct,120788746,680268,2923,0,41323.55
256000,1024000,355,Del,Struct,119347415,680266,3225,2,37006.95
256000,1024000,356,Add,Struct,121476360,680268,2795,2,43462.03
256000,1024000,357,Del,Struct,118708083,680268,1047,0,113379.26
256000,1024000,358,Dec,Large,118714959,680266,25784,76,4604.21
256000,1024000,359,Add,Struct,120073104,680266,1856,0,64694.56
256000,1024000,360,Del,Struct,119795918,680266,778,0,153979.33
256000,1024000,361,Dec,Large,120096716,680264,2353,4,51039.83
256000,1024000,362,Del,Struct,118914836,680264,813,0,146266.71
256000,1024000,363,Inc,Large,120307746,680264,2071,0,58091.62
256000,1024000,364,Add,Struct,118955271,680264,2087,0,56998.21
256000,1024000,365,Add,Struct,120759867,680264,1657,0,72878.62
256000,1024000,366,Dec,Large,122312115,680266,13583,34,9004.79
256000,1024000,367,Dec,Large,119111049,680266,1629,0,73119.12
256000,1024000,368,Add,Struct,121292225,680266,2682,2,45224.54
256000,1024000,369,Inc,Large,117517989,680266,1208,0,97283.10
256000,1024000,370,Del,Struct,119407427,680266,1191,0,100258.13
256000,1024000,371,Add,Struct,122716344,680266,4839,0,25359.86
256000,1024000,372,Add,Struct,124072285,680266,2221,0,55863.25
256000,1024000,373,Inc,Large,125380759,680266,1691,0,74145.92
256000,1024000,374,Del,Struct,127593508,680264,5252,4,24294.27
256000,1024000,375,Dec,Large,127684432,680264,1629,0,78382.09
256000,1024000,376,Inc,Large,123933945,680264,1204,0,102935.17
256000,1024000,377,Inc,Large,126369243,680270,5372,4,23523.69
256000,1024000,378,Del,Struct,126193560,680270,979,0,128900.47
256000,1024000,379,Inc,Large,134862187,680270,1269,0,106274.38
256000,1024000,380,Inc,Large,127652120,680270,2863,2,44586.84
256000,1024000,381,Add,Struct,118902699,680270,1326,0,89670.21
256000,1024000,382,Add,Struct,119258525,680270,1563,0,76301.04
256000,1024000,383,Inc,Large,116266572,680270,1127,0,103164.66
256000,1024000,384,Del,Struct,115852666,680270,729,0,158919.98
256000,1024000,385,Inc,Large,116299754,680270,1232,0,94399.15
256000,1024000,386,Dec,Large,118435076,680270,1236,0,95821.26
256000,1024000,387,Dec,Large,116435029,680272,4978,14,23389.92
256000,1024000,388,Dec,Large,117361440,680268,3483,8,33695.50
256000,1024000,389,Dec,Large,117433986,680268,3334,2,35223.15
256000,1024000,390,Add,Struct,115298662,680268,2039,0,56546.67
256000,1024000,391,Add,Struct,120203695,680268,20062,0,5991.61
256000,1024000,392,Del,Struct,120340697,680268,1032,0,116609.20
256000,1024000,393,Dec,Large,116830445,680268,1343,0,86992.14
256000,1024000,394,Del,Struct,121738780,680266,882,0,138025.83
256000,1024000,395,Inc,Large,115650106,680268,4954,4,23344.79
256000,1024000,396,Inc,Large,117020052,680268,7348,12,15925.43
256000,1024000,397,Inc,Large,115054437,680272,3076,2,37403.91
256000,1024000,398,Del,Struct,118112101,680272,3543,2,33336.75
256000,1024000,399,Inc,Large,119046932,680274,4697,4,25345.31
256000,1024000,400,Add,Struct,118124050,680274,1185,0,99682.74
256000,1024000,401,Dec,Large,117918129,680274,1640,0,71901.30
256000,1024000,402,Add,Struct,119639418,680274,2383,0,50205.38
256000,1024000,403,Inc,Large,121660119,680274,1283,0,94824.72
256000,1024000,404,Dec,Large,115753838,680274,1679,0,68942.13
256000,1024000,405,Inc,Large,115683494,680274,1441,0,80280.01
256000,1024000,406,Dec,Large,118889862,680274,1290,0,92162.68
256000,1024000,407,Del,Struct,122483133,680274,936,0,130858.05
256000,1024000,408,Dec,Large,116394415,680274,1264,0,92084.19
256000,1024000,409,Add,Struct,117427030,680274,1383,0,84907.47
256000,1024000,410,Dec,Large,119085680,680274,2426,2,49087.25
256000,1024000,411,Dec,Large,120464811,680276,4282,4,28132.84
256000,1024000,412,Inc,Large,117151530,680276,6297,2,18604.34
256000,1024000,413,Dec,Large,118198276,680276,2093,0,56473.14
256000,1024000,414,Dec,Large,113181316,680278,2356,2,48039.61
256000,1024000,415,Dec,Large,117293439,680278,1074,0,109211.77
256000,1024000,416,Del,Struct,123632417,680278,907,0,136309.17
256000,1024000,417,Inc,Large,115489980,680278,1149,0,100513.47
256000,1024000,418,Inc,Large,116413738,680278,1211,0,96130.25
256000,1024000,419,Inc,Large,117860557,680278,1593,0,73986.54
256000,1024000,420,Del,Struct,119673549,680278,1133,0,105625.37
256000,1024000,421,Inc,Large,117890980,680276,3077,2,38313.61
256000,1024000,422,Inc,Large,116267987,680276,1608,0,72305.96
256000,1024000,423,Dec,Large,117550577,680276,1254,0,93740.49
256000,1024000,424,Dec,Large,122418972,680276,3185,2,38436.10
256000,1024000,425,Dec,Large,119157773,680276,1425,0,83619.49
256000,1024000,426,Del,Struct,118138905,680276,1336,0,88427.32
256000,1024000,427,Add,Struct,116473486,680276,2094,0,55622.49
256000,1024000,428,Add,Struct,122458464,680276,1559,0,78549.37
256000,1024000,429,Add,Struct,116102989,680276,1267,0,91636.14
256000,1024000,430,Add,Struct,118385716,680276,1176,0,100668.13
256000,1024000,431,Del,Struct,116756095,680276,875,0,133435.54
256000,1024000,432,Add,Struct,126608251,680272,4295,4,29478.06
256000,1024000,433,Add,Struct,124684442,680272,1158,0,107672.23
256000,1024000,434,Add,Struct,124742156,680272,2217,0,56266.20
256000,1024000,435,Dec,Large,125087972,680272,1320,0,94763.62
256000,1024000,436,Dec,Large,129706076,680272,1724,0,75235.54
256000,1024000,437,Dec,Large,122684899,680272,1182,0,103794.33
256000,1024000,438,Del,Struct,140747777,680272,777,0,181142.57
256000,1024000,439,Dec,Large,119745082,680272,1045,0,114588.60
256000,1024000,440,Add,Struct,122272515,680272,1492,0,81952.09
256000,1024000,441,Inc,Large,122272005,680272,1090,0,112176.15
256000,1024000,442,Del,Struct,117851686,680272,916,0,128659.05
256000,1024000,443,Del,Struct,118512044,680272,3399,2,34866.74
256000,1024000,444,Inc,Large,119187727,680270,5624,6,21192.70
256000,1024000,445,Inc,Large,119121087,680270,1391,0,85637.01
256000,1024000,446,Add,Struct,118852607,680272,1842,0,64523.67
256000,1024000,447,Dec,Large,117525826,680272,1170,0,100449.42
256000,1024000,448,Del,Struct,120037784,680272,19873,2,6040.24
256000,1024000,449,Inc,Large,119289337,680272,1219,0,97858.36
256000,1024000,450,Add,Struct,117412522,680272,2208,0,53175.96
256000,1024000,451,Del,Struct,116102392,680272,990,0,117275.14
256000,1024000,452,Dec,Large,120765382,680272,1338,0,90258.13
256000,1024000,453,Inc,Large,155442121,680272,1556,0,99898.54
256000,1024000,454,Inc,Large,126143580,680272,1262,0,99955.29
256000,1024000,455,Add,Struct,116080225,680272,1218,0,95303.96
256000,1024000,456,Inc,Large,119180080,680272,3394,2,35114.93
256000,1024000,457,Inc,Large,122758412,680272,1242,0,98839.30
256000,1024000,458,Dec,Large,116270556,680272,1154,0,100754.38
256000,1024000,459,Del,Struct,116459907,680272,686,0,169766.63
256000,1024000,460,Inc,Large,113484676,680276,8121,14,13974.22
256000,1024000,461,Inc,Large,121098970,680276,1205,0,100497.07
256000,1024000,462,Inc,Large,120636210,680276,1290,0,93516.44
256000,1024000,463,Del,Struct,117846867,680274,963,0,122374.73
256000,1024000,464,Add,Struct,117948269,680274,2397,0,49206.62
256000,1024000,465,Dec,Large,118388100,680274,2566,4,46137.22
256000,1024000,466,Inc,Large,121538418,680274,5032,6,24153.10
256000,1024000,467,Dec,Large,115870992,680276,2669,4,43413.64
256000,1024000,468,Inc,Large,117143570,680276,1154,0,101510.89
256000,1024000,469,Del,Struct,118973884,680276,809,0,147062.90
256000,1024000,470,Add,Struct,117834487,680280,4508,12,26138.97
256000,1024000,471,Add,Struct,117074949,680280,2214,0,52879.38
256000,1024000,472,Add,Struct,117155520,680280,1546,0,75779.77
256000,1024000,473,Add,Struct,117443444,680280,1872,0,62736.88
256000,1024000,474,Add,Struct,124914015,680280,1421,0,87905.71
256000,1024000,475,Inc,Large,119268450,680284,4885,6,24415.24
256000,1024000,476,Add,Struct,120460374,680284,1718,0,70116.63
256000,1024000,477,Inc,Large,120205447,680282,6039,6,19904.86
256000,1024000,478,Dec,Large,121029504,680284,2533,2,47781.09
256000,1024000,479,Dec,Large,118383732,680286,2603,2,45479.73
256000,1024000,480,Del,Struct,118239122,680286,791,0,149480.56
256000,1024000,481,Add,Struct,118810545,680286,1036,0,114681.99
256000,1024000,482,Add,Struct,121283385,680288,2495,0,48610.58
256000,1024000,483,Inc,Large,126171943,680288,1138,0,110871.65
256000,1024000,484,Add,Struct,117824319,680288,954,0,123505.58
256000,1024000,485,Inc,Large,120075852,680288,954,0,125865.67
256000,1024000,486,Dec,Large,121860624,680290,2500,2,48744.25
256000,1024000,487,Inc,Large,118329739,680292,7171,8,16501.15
256000,1024000,488,Del,Struct,118347971,680292,1039,0,113905.65
256000,1024000,489,Inc,Large,118532291,680292,1086,0,109145.76
256000,1024000,490,Add,Struct,119665072,680292,2561,0,46725.92
256000,1024000,491,Inc,Large,121657993,680292,1292,0,94162.53
256000,1024000,492,Add,Struct,119969635,680292,1875,0,63983.81
256000,1024000,493,Dec,Large,124228935,680294,2577,2,48206.80
256000,1024000,494,Del,Struct,126983408,680292,4009,4,31674.58
256000,1024000,495,Inc,Large,123665547,680292,5690,8,21733.84
256000,1024000,496,Inc,Large,127000493,680292,1320,0,96212.49
256000,1024000,497,Add,Struct,128501365,680294,1975,0,65063.98
256000,1024000,498,Del,Struct,128002206,680290,4274,4,29949.04
256000,1024000,499,Del,Struct,126006365,680290,841,0,149829.21
256000,1024000,500,Dec,Large,143748255,680290,2429,2,59180.01
256000,1024000,501,Dec,Large,120234766,680298,5192,14,23157.70
256000,1024000,502,Dec,Large,119623707,680298,4062,12,29449.46
256000,1024000,503,Dec,Large,116388693,680298,1451,0,80212.75
256000,1024000,504,Dec,Large,117273007,680300,13664,48,8582.63
256000,1024000,505,Add,Struct,116561787,680300,2804,0,41569.82
256000,1024000,506,Del,Struct,118692482,680300,1142,0,103933.87
256000,1024000,507,Dec,Large,125463689,680300,1525,0,82271.27
256000,1024000,508,Dec,Large,118385151,680300,5653,2,20942.00
256000,1024000,509,Dec,Large,122137703,680300,1461,0,83598.70
256000,1024000,510,Add,Struct,120247010,680300,5260,0,22860.65
256000,1024000,511,Inc,Large,120223462,680304,3862,2,31129.85
256000,1024000,512,Del,Struct,117485805,680304,987,0,119033.24
256000,1024000,513,Dec,Large,115871886,680304,1049,0,110459.38
256000,1024000,514,Add,Struct,118427687,680304,1102,0,107466.14
256000,1024000,515,Add,Struct,121613587,680304,2928,0,41534.70
256000,1024000,516,Dec,Large,118494951,680304,1406,0,84278.06
256000,1024000,517,Add,Struct,118208262,680304,2113,0,55943.33
256000,1024000,518,Inc,Large,116494279,680304,1165,0,99995.09
256000,1024000,519,Dec,Large,121730362,680316,33092,190,3678.54
256000,1024000,520,Inc,Large,117465057,680316,1163,0,101001.77
256000,1024000,521,Add,Struct,119272837,680316,1071,0,111365.86
256000,1024000,522,Add,Struct,121944280,680316,2001,0,60941.67
256000,1024000,523,Del,Struct,120683241,680316,941,0,128249.99
256000,1024000,524,Dec,Large,116537599,680316,1622,0,71848.09
256000,1024000,525,Add,Struct,119712087,680316,2243,0,53371.42
256000,1024000,526,Del,Struct,117298145,680316,774,0,151547.99
256000,1024000,527,Inc,Large,119588377,680316,1468,0,81463.47
256000,1024000,528,Del,Struct,119142035,680316,1150,0,103601.77
256000,1024000,529,Add,Struct,118231330,680316,3822,0,30934.41
256000,1024000,530,Del,Struct,119462768,680316,3184,2,37519.71
256000,1024000,531,Dec,Large,119797218,680316,1484,0,80725.89
256000,1024000,532,Inc,Large,119878509,680316,1154,0,103880.86
256000,1024000,533,Dec,Large,117167810,680316,1178,0,99463.34
256000,1024000,534,Dec,Large,118336677,680314,2711,2,43650.56
256000,1024000,535,Inc,Large,119626241,680314,1365,0,87638.27
256000,1024000,536,Dec,Large,121137072,680314,2298,2,52714.13
256000,1024000,537,Add,Struct,116953839,680314,1107,0,105649.36
256000,1024000,538,Add,Struct,117176848,680314,1190,0,98467.94
256000,1024000,539,Inc,Large,119222593,680314,1129,0,105600.17
256000,1024000,540,Del,Struct,119025052,680314,18964,0,6276.37
256000,1024000,541,Dec,Large,117712423,680314,1387,0,84868.37
256000,1024000,542,Inc,Large,117385776,680314,1273,0,92211.92
256000,1024000,543,Dec,Large,117005498,680314,1120,0,104469.19
256000,1024000,544,Inc,Large,118894811,680314,1292,0,92023.85
256000,1024000,545,Dec,Large,118479907,680314,1174,0,100919.85
256000,1024000,546,Dec,Large,117387455,680314,1223,0,95983.20
256000,1024000,547,Add,Struct,120192854,680314,1898,0,63326.06
256000,1024000,548,Del,Struct,120894495,680314,5568,6,21712.37
256000,1024000,549,Dec,Large,122410356,680314,1299,0,94234.30
256000,1024000,550,Inc,Large,116065540,680314,1376,0,84349.96
256000,1024000,551,Add,Struct,118232039,680314,2063,2,57310.73
256000,1024000,552,Add,Struct,118424436,680310,3135,4,37774.94
256000,1024000,553,Add,Struct,127687131,680310,1049,0,121722.72
256000,1024000,554,Dec,Large,125761274,680310,5233,0,24032.35
256000,1024000,555,Inc,Large,124530965,680310,1382,0,90109.24
256000,1024000,556,Del,Struct,124848200,680308,3084,2,40482.56
256000,1024000,557,Del,Struct,126299989,680308,884,0,142873.29
256000,1024000,558,Dec,Large,126522744,680308,1103,0,114707.84
256000,1024000,559,Inc,Large,124210554,680308,1138,0,109148.11
256000,1024000,560,Add,Struct,127226092,680308,1547,0,82240.52
256000,1024000,561,Add,Struct,130018090,680310,2509,2,51820.68
256000,1024000,562,Del,Struct,139938456,680310,1188,0,117793.31
256000,1024000,563,Add,Struct,117004762,680310,3099,0,37755.65
256000,1024000,564,Inc,Large,118744785,680310,1446,0,82119.49
256000,1024000,565,Dec,Large,125358799,680312,2974,6,42151.58
256000,1024000,566,Dec,Large,114333844,680312,1389,0,82313.78
256000,1024000,567,Inc,Large,115345924,680316,8373,2,13775.94
256000,1024000,568,Dec,Large,116335327,680316,2785,0,41772.11
256000,1024000,569,Inc,Large,119756922,680316,1181,0,101402.98
256000,1024000,570,Inc,Large,117771202,680316,1170,0,100659.15
256000,1024000,571,Del,Struct,117430777,680316,1147,0,102380.80
256000,1024000,572,Add,Struct,117656158,680316,2325,0,50604.80
256000,1024000,573,Dec,Large,121446730,680316,1250,0,97157.38
256000,1024000,574,Dec,Large,118028080,680316,2124,2,55568.78
256000,1024000,575,Del,Struct,117702050,680316,1190,0,98909.29
256000,1024000,576,Inc,Large,117880850,680316,2859,2,41231.50
256000,1024000,577,Add,Struct,124658531,680316,2268,0,54964.08
256000,1024000,578,Add,Struct,119372537,680316,23975,0,4979.04
256000,1024000,579,Del,Struct,118801161,680316,943,0,125982.14
256000,1024000,580,Add,Struct,118463544,680316,2271,0,52163.60
256000,1024000,581,Add,Struct,119084315,680316,1064,0,111921.35
256000,1024000,582,Add,Struct,120076080,680316,1087,0,110465.57
256000,1024000,583,Add,Struct,116396364,680316,2578,0,45149.87
256000,1024000,584,Inc,Large,117318565,680316,1654,0,70930.21
256000,1024000,585,Del,Struct,117257897,680314,890,0,131750.45
256000,1024000,586,Del,Struct,122793480,680314,919,0,133616.41
256000,1024000,587,Dec,Large,121184284,680314,1479,0,81936.64
256000,1024000,588,Inc,Large,116531368,680314,1111,0,104888.72
256000,1024000,589,Dec,Large,120136854,680316,4809,4,24981.67
256000,1024000,590,Inc,Large,121269310,680316,1109,0,109350.14
256000,1024000,591,Inc,Large,117159528,680316,1684,0,69572.17
256000,1024000,592,Dec,Large,122852863,680316,1267,0,96963.59
256000,1024000,593,Del,Struct,118326569,680316,1110,0,106600.51
256000,1024000,594,Del,Struct,126756218,680316,1102,0,115023.79
256000,1024000,595,Inc,Large,121790872,680314,1166,0,104451.86
256000,1024000,596,Dec,Large,120408663,680314,1463,0,82302.57
256000,1024000,597,Inc,Large,120183689,680316,1147,0,104780.90
256000,1024000,598,Add,Struct,122869762,680316,1322,0,92942.33
256000,1024000,599,Dec,Large,132395356,680316,2493,2,53106.84
256000,1024000,600,Dec,Large,117517230,680316,1122,0,104739.06
256000,1024000,601,Del,Struct,116138351,680316,16358,0,7099.79
256000,1024000,602,Add,Struct,120781038,680316,2563,0,47124.87
256000,1024000,603,Dec,Large,120517483,680316,1034,0,116554.63
256000,1024000,604,Del,Struct,126410814,680316,3410,2,37070.62
256000,1024000,605,Del,Struct,117191381,680316,840,0,139513.55
256000,1024000,606,Inc,Large,121998210,680316,1408,0,86646.46
256000,1024000,607,Del,Struct,118012059,680316,1306,0,90361.45
256000,1024000,608,Add,Struct,115190440,680318,4941,6,23313.18
256000,1024000,609,Inc,Large,119537405,680318,1499,0,79744.77
256000,1024000,610,Del,Struct,119665638,680318,1118,0,107035.45
256000,1024000,611,Add,Struct,119065854,680318,16449,0,7238.49
256000,1024000,612,Add,Struct,120328850,680318,13867,0,8677.35
256000,1024000,613,Add,Struct,133772656,680318,1764,0,75834.84
256000,1024000,614,Del,Struct,129806329,680316,2054,0,63196.85
256000,1024000,615,Dec,Large,129952346,680312,5071,16,25626.57
256000,1024000,616,Dec,Large,122885129,680312,1622,0,75761.49
256000,1024000,617,Del,Struct,126548019,680312,1002,0,126295.43
256000,1024000,618,Del,Struct,128472112,680298,16986,44,7563.41
256000,1024000,619,Del,Struct,130598273,680300,3699,4,35306.37
256000,1024000,620,Inc,Large,117963800,680300,1188,0,99296.13
256000,1024000,621,Inc,Large,117745477,680298,5181,4,22726.40
256000,1024000,622,Add,Struct,125727596,680300,4171,6,30143.27
256000,1024000,623,Inc,Large,118454547,680300,1459,0,81188.86
256000,1024000,624,Dec,Large,114782665,680298,11732,56,9783.73
256000,1024000,625,Add,Struct,116069883,680298,2296,0,50553.08
256000,1024000,626,Del,Struct,115665629,680300,2555,2,45270.30
256000,1024000,627,Inc,Large,117235757,680300,1702,0,68881.17
256000,1024000,628,Dec,Large,115941218,680300,4446,14,26077.65
256000,1024000,629,Add,Struct,115435158,680300,2807,0,41124.03
256000,1024000,630,Del,Struct,116031152,680300,961,0,120740.01
256000,1024000,631,Add,Struct,119933417,680302,1937,0,61917.10
256000,1024000,632,Dec,Large,124887040,680302,1344,0,92921.90
256000,1024000,633,Add,Struct,121564650,680302,1858,0,65427.69
256000,1024000,634,Inc,Large,116617078,680302,1139,0,102385.49
256000,1024000,635,Inc,Large,123128523,680302,1103,0,111630.57
256000,1024000,636,Add,Struct,117781342,680302,1905,2,61827.48
256000,1024000,637,Add,Struct,115229531,680302,2544,0,45294.63
256000,1024000,638,Inc,Large,114576119,680302,1262,0,90789.32
256000,1024000,639,Dec,Large,118834414,680302,10157,14,11699.76
256000,1024000,640,Dec,Large,120916659,680306,2916,6,41466.62
256000,1024000,641,Add,Struct,114386868,680308,2083,0,54914.48
256000,1024000,642,Del,Struct,115419317,680306,3087,0,37388.83
256000,1024000,643,Add,Struct,116007298,680306,1692,0,68562.23
256000,1024000,644,Inc,Large,117954914,680306,1192,0,98955.46
256000,1024000,645,Dec,Large,116984652,680306,1218,0,96046.51
256000,1024000,646,Add,Struct,117375582,680308,1880,0,62433.82
256000,1024000,647,Del,Struct,119227318,680308,984,0,121165.97
256000,1024000,648,Inc,Large,130151200,680308,1554,0,83752.38
256000,1024000,649,Inc,Large,123998707,680310,3867,2,32065.87
256000,1024000,650,Del,Struct,127153735,680310,1087,0,116976.76
256000,1024000,651,Inc,Large,116312610,680310,1013,0,114819.95
256000,1024000,652,Add,Struct,119022526,680310,2161,2,55077.52
256000,1024000,653,Del,Struct,120886911,680310,1287,0,93929.22
256000,1024000,654,Add,Struct,120598484,680310,1474,0,81817.15
256000,1024000,655,Dec,Large,118612420,680310,2433,2,48751.51
256000,1024000,656,Dec,Large,119662103,680310,1297,0,92260.68
256000,1024000,657,Dec,Large,118613288,680310,1798,0,65969.57
256000,1024000,658,Inc,Large,118108666,680310,1598,0,73910.30
256000,1024000,659,Add,Struct,119446980,680310,1431,0,83470.99
256000,1024000,660,Add,Struct,121189275,680310,2303,0,52622.35
256000,1024000,661,Dec,Large,116123134,680310,1176,0,98744.16
256000,1024000,662,Dec,Large,119033290,680308,2910,4,40904.91
256000,1024000,663,Inc,Large,118590113,680308,1213,0,97765.96
256000,1024000,664,Dec,Large,118251836,680306,4320,14,27373.11
256000,1024000,665,Inc,Large,121933276,680304,10598,2,11505.31
256000,1024000,666,Add,Struct,118715067,680306,2433,2,48793.70
256000,1024000,667,Del,Struct,118992808,680306,901,0,132067.49
256000,1024000,668,Add,Struct,116785527,680304,2996,2,38980.48
256000,1024000,669,Del,Struct,120397474,680304,978,0,123105.80
256000,1024000,670,Inc,Large,119981776,680304,1127,0,106461.20
256000,1024000,671,Dec,Large,117646044,680308,7458,18,15774.48
256000,1024000,672,Inc,Large,119596040,680308,1475,0,81082.06
256000,1024000,673,Inc,Large,126976038,680308,1302,0,97523.84
256000,1024000,674,Del,Struct,127742164,680306,1390,0,91900.84
256000,1024000,675,Inc,Large,126503843,680310,16899,4,7485.88
256000,1024000,676,Dec,Large,124685472,680310,1387,0,89895.80
256000,1024000,677,Del,Struct,127613436,680314,9570,20,13334.74
256000,1024000,678,Add,Struct,125155997,680314,2543,0,49215.89
256000,1024000,679,Dec,Large,124303309,680314,3367,4,36918.12
256000,1024000,680,Add,Struct,137758287,680308,21997,74,6262.59
256000,1024000,681,Add,Struct,122196330,680310,2456,0,49754.21
256000,1024000,682,Dec,Large,124927886,680310,1892,0,66029.54
256000,1024000,683,Del,Struct,120509422,680310,1094,0,110154.86
256000,1024000,684,Add,Struct,120578150,680310,2539,0,47490.41
256000,1024000,685,Inc,Large,122018235,680310,1595,0,76500.46
256000,1024000,686,Inc,Large,119505095,680310,3697,0,32324.88
256000,1024000,687,Del,Struct,116902960,680310,1244,0,93973.44
256000,1024000,688,Add,Struct,119249249,680310,1518,0,78556.82
256000,1024000,689,Del,Struct,120380868,680310,1006,0,119662.89
256000,1024000,690,Add,Struct,118830673,680310,1114,0,106670.26
256000,1024000,691,Add,Struct,117370703,680308,2963,2,39612.12
256000,1024000,692,Inc,Large,117967254,680308,1307,0,90258.04
256000,1024000,693,Add,Struct,119936570,680308,3745,10,32025.79
256000,1024000,694,Del,Struct,117396089,680308,3499,2,33551.33
256000,1024000,695,Inc,Large,120667898,680308,1532,0,78764.95
256000,1024000,696,Dec,Large,116880439,680308,1115,0,104825.51
256000,1024000,697,Add,Struct,119123159,680308,1960,0,60777.12
256000,1024000,698,Add,Struct,121872778,680308,1102,0,110592.36
256000,1024000,699,Del,Struct,117436859,680308,811,0,144805.00
256000,1024000,700,Inc,Large,117606399,680310,1082,0,108693.53
256000,1024000,701,Del,Struct,119939391,680310,3009,2,39860.22
256000,1024000,702,Del,Struct,122118406,680310,1314,0,92936.38
256000,1024000,703,Add,Struct,117990526,680310,2654,0,44457.62
256000,1024000,704,Dec,Large,116034002,680310,2347,2,49439.29
256000,1024000,705,Del,Struct,120120032,680308,3471,2,34606.75
256000,1024000,706,Inc,Large,121257627,680308,1133,0,107023.50
256000,1024000,707,Add,Struct,118510848,680308,2439,0,48589.93
256000,1024000,708,Dec,Large,119350336,680308,2307,0,51734.00
256000,1024000,709,Inc,Large,115945232,680308,16229,2,7144.32
256000,1024000,710,Del,Struct,120693468,680308,821,0,147007.88
256000,1024000,711,Del,Struct,116129071,680308,910,0,127614.36
256000,1024000,712,Add,Struct,116723153,680308,1615,0,72274.40
256000,1024000,713,Del,Struct,115995728,680308,1112,0,104312.71
256000,1024000,714,Inc,Large,119624143,680306,6122,6,19540.04
256000,1024000,715,Del,Struct,120186657,680306,1266,0,94934.17
256000,1024000,716,Inc,Large,118318982,680306,3382,2,34984.91
256000,1024000,717,Del,Struct,116601448,680306,1072,0,108770.01
256000,1024000,718,Inc,Large,117026512,680306,1290,0,90718.23
256000,1024000,719,Del,Struct,118409942,680306,966,0,122577.58
256000,1024000,720,Dec,Large,115140440,680322,6149,24,18725.07
256000,1024000,721,Inc,Large,115048929,680322,1273,0,90376.22
256000,1024000,722,Add,Struct,117589465,680322,2291,0,51326.70
256000,1024000,723,Del,Struct,124364595,680324,4087,2,30429.31
256000,1024000,724,Add,Struct,120626181,680326,2936,4,41085.21
256000,1024000,725,Inc,Large,130380884,680326,1556,0,83792.34
256000,1024000,726,Inc,Large,117225935,680326,1369,0,85628.88
256000,1024000,727,Inc,Large,123032053,680326,1087,0,113184.96
256000,1024000,728,Inc,Large,119050672,680324,4348,4,27380.56
256000,1024000,729,Add,Struct,116433989,680326,1737,0,67031.66
256000,1024000,730,Dec,Large,120548292,680326,1670,0,72184.61
256000,1024000,731,Add,Struct,118689386,680328,3372,0,35198.51
256000,1024000,732,Add,Struct,119282479,680330,2307,2,51704.59
256000,1024000,733,Add,Struct,117536287,680330,2124,0,55337.23
256000,1024000,734,Dec,Large,125916050,680328,3545,10,35519.34
256000,1024000,735,Del,Struct,164091066,680326,10966,10,14963.62
256000,1024000,736,Inc,Large,149356972,680326,1403,0,106455.43
256000,1024000,737,Inc,Large,124271247,680326,3644,2,34102.98
256000,1024000,738,Dec,Large,126679661,680326,1595,0,79422.98
256000,1024000,739,Add,Struct,129337064,680326,2370,0,54572.60
256000,1024000,740,Add,Struct,130257154,680326,1960,0,66457.73
256000,1024000,741,Del,Struct,117237470,680326,748,0,156734.59
256000,1024000,742,Dec,Large,122218269,680324,2475,2,49381.12
256000,1024000,743,Dec,Large,134478401,680324,1226,0,109688.74
256000,1024000,744,Dec,Large,124146610,680328,3731,8,33274.35
256000,1024000,745,Dec,Large,127718240,680328,1263,0,101122.91
256000,1024000,746,Dec,Large,126560038,680326,3163,6,40012.66
256000,1024000,747,Del,Struct,132933554,680326,3887,2,34199.53
256000,1024000,748,Dec,Large,120970311,680326,961,0,125879.62
256000,1024000,749,Inc,Large,128942472,680324,11725,6,10997.23
256000,1024000,750,Dec,Large,127416507,680324,1508,0,84493.70
256000,1024000,751,Add,Struct,123131995,680324,1106,0,111330.92
256000,1024000,752,Del,Struct,136510043,680324,7054,12,19352.15
256000,1024000,753,Del,Struct,119061088,680324,1105,0,107747.59
256000,1024000,754,Inc,Large,122002185,680324,1914,0,63742.00
256000,1024000,755,Dec,Large,119359201,680324,1647,0,72470.67
256000,1024000,756,Inc,Large,115371104,680324,1896,0,60849.74
256000,1024000,757,Add,Struct,116995605,680324,1037,0,112821.22
256000,1024000,758,Del,Struct,116835463,680322,1131,0,103302.80
256000,1024000,759,Del,Struct,120361423,680322,791,0,152163.62
256000,1024000,760,Inc,Large,117280299,680322,1111,0,105562.83
256000,1024000,761,Inc,Large,116779744,680322,1228,0,95097.51
256000,1024000,762,Dec,Large,117366707,680322,3102,4,37835.82
256000,1024000,763,Inc,Large,122690003,680322,1170,0,104863.25
256000,1024000,764,Dec,Large,120563694,680322,1167,0,103310.79
256000,1024000,765,Del,Struct,120874501,680320,2798,0,43200.32
256000,1024000,766,Inc,Large,116555007,680320,1279,0,91129.79
256000,1024000,767,Add,Struct,121990910,680322,1107,0,110199.56
256000,1024000,768,Add,Struct,119548940,680324,3640,4,32843.12
256000,1024000,769,Add,Struct,117792652,680324,2445,0,48176.95
256000,1024000,770,Add,Struct,118684608,680324,1515,0,78339.68
256000,1024000,771,Inc,Large,119483077,680324,1145,0,104352.03
256000,1024000,772,Inc,Large,119082544,680324,1358,0,87689.65
256000,1024000,773,Dec,Large,114919348,680324,2995,4,38370.40
256000,1024000,774,Inc,Large,117105892,680324,2462,0,47565.35
256000,1024000,775,Dec,Large,119122059,680324,4013,2,29684.04
256000,1024000,776,Del,Struct,120226677,680324,983,0,122305.88
256000,1024000,777,Add,Struct,118291300,680324,2266,0,52202.69
256000,1024000,778,Del,Struct,114620238,680324,889,0,128931.65
256000,1024000,779,Del,Struct,118592007,680324,2599,2,45629.86
256000,1024000,780,Dec,Large,121228315,680324,1450,0,83605.73
256000,1024000,781,Del,Struct,118425051,680322,3537,2,33481.78
256000,1024000,782,Add,Struct,116077331,680322,1619,0,71696.93
256000,1024000,783,Dec,Large,116406893,680324,2515,4,46285.05
256000,1024000,784,Dec,Large,121364195,680324,1085,0,111856.40
256000,1024000,785,Del,Struct,118763073,680324,1031,0,115192.12
256000,1024000,786,Add,Struct,119384114,680324,2642,0,45187.02
256000,1024000,787,Inc,Large,117352164,680324,1187,0,98864.50
256000,1024000,788,Inc,Large,120820266,680324,2881,0,41936.92
256000,1024000,789,Inc,Large,119833723,680318,144480,506,829.41
256000,1024000,790,Del,Struct,118841371,680316,1086,0,109430.36
256000,1024000,791,Del,Struct,120343581,680316,1115,0,107931.46
256000,1024000,792,Add,Struct,118129447,680316,1221,0,96748.11
256000,1024000,793,Add,Struct,117654541,680316,1624,0,72447.38
256000,1024000,794,Del,Struct,116977361,680314,886,0,132028.62
256000,1024000,795,Del,Struct,118214356,680314,758,0,155955.61
256000,1024000,796,Add,Struct,120051736,680316,6231,0,19266.85
256000,1024000,797,Inc,Large,119131442,680316,1308,0,91079.08
256000,1024000,798,Dec,Large,116070926,680316,1216,0,95453.06
256000,1024000,799,Dec,Large,117838304,680316,1076,0,109515.15
256000,1024000,800,Del,Struct,116960207,680316,1025,0,114107.52
256000,1024000,801,Del,Struct,124391565,680318,4128,4,30133.62
256000,1024000,802,Del,Struct,120687223,680318,1054,0,114504.01
256000,1024000,803,Dec,Large,117569953,680314,2525,2,46562.36
256000,1024000,804,Del,Struct,119234111,680314,2517,2,47371.52
256000,1024000,805,Add,Struct,118653792,680314,3504,0,33862.38
256000,1024000,806,Del,Struct,120511516,680312,2803,2,42993.76
256000,1024000,807,Dec,Large,119702969,680312,1454,0,82326.66
256000,1024000,808,Dec,Large,121955846,680312,1467,0,83132.82
256000,1024000,809,Inc,Large,125703786,680312,1351,0,93044.99
256000,1024000,810,Add,Struct,120647180,680312,1046,0,115341.47
256000,1024000,811,Add,Struct,121292849,680312,3906,0,31052.96
256000,1024000,812,Del,Struct,118385829,680312,939,0,126076.50
256000,1024000,813,Del,Struct,120019030,680312,847,0,141698.97
256000,1024000,814,Inc,Large,119475003,680314,4730,4,25258.99
256000,1024000,815,Del,Struct,118462422,680314,789,0,150142.49
256000,1024000,816,Inc,Large,121996725,680314,1730,0,70518.34
256000,1024000,817,Del,Struct,119775986,680310,6717,6,17831.77
256000,1024000,818,Add,Struct,120076058,680310,1407,0,85341.90
256000,1024000,819,Add,Struct,121161440,680310,2222,0,54528.10
256000,1024000,820,Del,Struct,119093123,680310,959,0,124184.70
256000,1024000,821,Dec,Large,119774273,680310,2538,0,47192.38
256000,1024000,822,Dec,Large,122319114,680310,2816,4,43437.19
256000,1024000,823,Add,Struct,119680789,680310,2463,0,48591.47
256000,1024000,824,Add,Struct,122520800,680310,1287,0,95198.76
256000,1024000,825,Dec,Large,120642684,680310,1952,0,61804.65
256000,1024000,826,Del,Struct,123749622,680310,1095,0,113013.35
256000,1024000,827,Add,Struct,127830357,680310,2174,0,58799.61
256000,1024000,828,Add,Struct,125250301,680310,1869,0,67014.61
256000,1024000,829,Dec,Large,125775590,680310,2710,2,46411.66
256000,1024000,830,Dec,Large,130141861,680310,1590,0,81850.23
256000,1024000,831,Inc,Large,127950504,680310,1607,0,79620.72
256000,1024000,832,Del,Struct,124482872,680310,1029,0,120974.61
256000,1024000,833,Add,Struct,118045600,680312,2282,2,51729.01
256000,1024000,834,Del,Struct,121607609,680312,1441,0,84391.12
256000,1024000,835,Del,Struct,118369951,680312,3129,2,37829.96
256000,1024000,836,Del,Struct,116561651,680314,4299,4,27113.67
256000,1024000,837,Add,Struct,117550097,680314,2816,0,41743.64
256000,1024000,838,Add,Struct,123096715,680314,2598,0,47381.34
256000,1024000,839,Inc,Large,119299966,680314,1129,0,105668.70
256000,1024000,840,Inc,Large,120822108,680314,1240,0,97437.18
256000,1024000,841,Inc,Large,117857900,680312,3333,2,35360.91
256000,1024000,842,Del,Struct,120785047,680312,736,0,164110.12
256000,1024000,843,Del,Struct,119541770,680310,8885,0,13454.34
256000,1024000,844,Del,Struct,121395405,680310,10202,18,11899.18
256000,1024000,845,Dec,Large,117908817,680310,1252,0,94176.37
256000,1024000,846,Inc,Large,119927027,680310,1182,0,101461.11
256000,1024000,847,Dec,Large,120815701,680310,1839,2,65696.41
256000,1024000,848,Add,Struct,129277468,680308,2126,2,60807.84
256000,1024000,849,Inc,Large,131377986,680308,1416,0,92781.06
256000,1024000,850,Del,Struct,120870300,680306,4680,6,25826.99
256000,1024000,851,Add,Struct,115741802,680306,2231,0,51878.89
256000,1024000,852,Inc,Large,117317050,680306,1538,0,76278.97
256000,1024000,853,Dec,Large,115801115,680306,1352,0,85651.71
256000,1024000,854,Dec,Large,117605255,680306,1499,0,78455.81
256000,1024000,855,Add,Struct,121585207,680306,5966,0,20379.69
256000,1024000,856,Dec,Large,117131456,680306,1547,0,75715.23
256000,1024000,857,Inc,Large,120218717,680306,1088,0,110495.14
256000,1024000,858,Dec,Large,117881608,680306,1318,0,89439.76
256000,1024000,859,Del,Struct,120793115,680306,1018,0,118657.28
256000,1024000,860,Dec,Large,119094372,680306,1191,0,99995.27
256000,1024000,861,Inc,Large,117563013,680306,1119,0,105060.78
256000,1024000,862,Inc,Large,122394305,680306,1220,0,100323.20
256000,1024000,863,Add,Struct,124580293,680304,2901,2,42943.91
256000,1024000,864,Add,Struct,117132962,680304,1025,0,114276.06
256000,1024000,865,Add,Struct,121102609,680304,2079,0,58250.41
256000,1024000,866,Dec,Large,118555074,680304,1515,0,78254.17
256000,1024000,867,Inc,Large,123713655,680304,5407,6,22880.28
256000,1024000,868,Dec,Large,117265124,680304,1176,0,99715.24
256000,1024000,869,Add,Struct,116940980,680304,1052,0,111160.63
256000,1024000,870,Inc,Large,117995218,680304,1485,0,79458.06
256000,1024000,871,Del,Struct,119352112,680304,1032,0,115651.27
256000,1024000,872,Dec,Large,121077479,680304,3341,0,36239.89
256000,1024000,873,Del,Struct,122732917,680304,1176,0,104364.73
256000,1024000,874,Inc,Large,124036500,680288,59542,224,2083.18
256000,1024000,875,Del,Struct,121883630,680292,6805,4,17910.89
256000,1024000,876,Inc,Large,122436465,680292,1326,0,92335.19
256000,1024000,877,Inc,Large,117835493,680292,1258,0,93668.91
256000,1024000,878,Dec,Large,117380727,680292,1081,0,108585.32
256000,1024000,879,Del,Struct,120757862,680292,741,0,162966.08
256000,1024000,880,Del,Struct,121203180,680292,1249,0,97040.18
256000,1024000,881,Dec,Large,116318427,680292,1208,0,96290.09
256000,1024000,882,Inc,Large,117589444,680292,1056,0,111353.64
256000,1024000,883,Del,Struct,117723184,680292,992,0,118672.56
256000,1024000,884,Inc,Large,125046621,680292,13662,0,9152.88
256000,1024000,885,Del,Struct,116493441,680292,1018,0,114433.64
256000,1024000,886,Del,Struct,115887951,680294,3217,2,36023.61
256000,1024000,887,Dec,Large,121235916,680294,1390,0,87220.08
256000,1024000,888,Add,Struct,128348524,680294,1753,0,73216.50
256000,1024000,889,Dec,Large,127673667,680294,1641,0,77802.36
256000,1024000,890,Del,Struct,126066828,680292,974,0,129432.06
256000,1024000,891,Add,Struct,124660572,680292,1320,0,94439.83
256000,1024000,892,Del,Struct,127475392,680292,2242,0,56857.89
256000,1024000,893,Dec,Large,141130502,680292,2622,2,53825.52
256000,1024000,894,Dec,Large,118773728,680292,1909,2,62217.77
256000,1024000,895,Dec,Large,121432052,680294,12959,64,9370.48
256000,1024000,896,Inc,Large,122047510,680294,1539,0,79303.13
256000,1024000,897,Add,Struct,116983002,680292,2556,4,45768.00
256000,1024000,898,Inc,Large,118090155,680290,7958,14,14839.18
256000,1024000,899,Add,Struct,116807724,680290,2395,0,48771.49
256000,1024000,900,Dec,Large,119683925,680290,2784,4,42989.92
256000,1024000,901,Dec,Large,116313096,680290,1124,0,103481.40
256000,1024000,902,Dec,Large,117740741,680290,1487,0,79180.05
256000,1024000,903,Inc,Large,116416711,680290,1180,0,98658.23
256000,1024000,904,Inc,Large,118730978,680290,1263,0,94007.11
256000,1024000,905,Inc,Large,118060003,680290,1762,0,67003.41
256000,1024000,906,Inc,Large,116402189,680290,1486,0,78332.56
256000,1024000,907,Dec,Large,116814904,680290,1331,0,87764.77
256000,1024000,908,Dec,Large,124335035,680290,1471,0,84524.16
256000,1024000,909,Del,Struct,118428040,680290,883,0,134120.09
256000,1024000,910,Del,Struct,119401409,680290,812,0,147046.07
256000,1024000,911,Add,Struct,119441839,680290,2228,0,53609.44
256000,1024000,912,Inc,Large,123110219,680290,1090,0,112945.16
256000,1024000,913,Del,Struct,122462480,680290,853,0,143566.80
256000,1024000,914,Dec,Large,119300484,680290,1176,0,101445.99
256000,1024000,915,Dec,Large,118422902,680290,1268,0,93393.46
256000,1024000,916,Add,Struct,117789955,680290,1948,0,60467.12
256000,1024000,917,Dec,Large,120816315,680290,2319,0,52098.45
256000,1024000,918,Inc,Large,115324698,680290,1490,0,77399.13
256000,1024000,919,Add,Struct,116797273,680290,1118,0,104469.83
256000,1024000,920,Del,Struct,115660218,680290,772,0,149818.94
256000,1024000,921,Del,Struct,118110794,680290,1060,0,111425.28
256000,1024000,922,Dec,Large,119282881,680290,1405,0,84898.85
256000,1024000,923,Add,Struct,117236375,680292,2993,0,39170.19
256000,1024000,924,Dec,Large,117901799,680292,1513,0,77925.84
256000,1024000,925,Inc,Large,119636034,680292,1603,0,74632.59
256000,1024000,926,Add,Struct,121719143,680284,2816,4,43224.13
256000,1024000,927,Dec,Large,118724482,680284,3517,6,33757.32
256000,1024000,928,Dec,Large,120967111,680282,2003,0,60392.97
256000,1024000,929,Del,Struct,119600233,680282,3475,2,34417.33
256000,1024000,930,Add,Struct,118819022,680282,3082,0,38552.57
256000,1024000,931,Del,Struct,117964371,680282,914,0,129063.86
256000,1024000,932,Add,Struct,117651094,680284,2397,0,49082.64
256000,1024000,933,Dec,Large,119744428,680284,1495,0,80096.61
256000,1024000,934,Del,Struct,124296989,680284,1008,0,123310.50
256000,1024000,935,Inc,Large,117501059,680298,80824,136,1453.79
256000,1024000,936,Inc,Large,117275060,680298,1376,0,85228.97
256000,1024000,937,Add,Struct,117383996,680298,1427,0,82259.28
256000,1024000,938,Inc,Large,119968219,680298,1238,0,96904.86
256000,1024000,939,Inc,Large,120186521,680298,1568,0,76649.57
256000,1024000,940,Inc,Large,123415939,680298,1327,0,93003.72
256000,1024000,941,Add,Struct,118108769,680298,1023,0,115453.34
256000,1024000,942,Inc,Large,120301083,680298,1344,0,89509.73
256000,1024000,943,Del,Struct,116563556,680298,2617,2,44540.91
256000,1024000,944,Inc,Large,121724057,680298,1299,0,93705.97
256000,1024000,945,Dec,Large,119478816,680298,1135,0,105267.68
256000,1024000,946,Add,Struct,120400161,680298,2336,2,51541.16
256000,1024000,947,Dec,Large,118981402,680296,4302,14,27657.23
256000,1024000,948,Add,Struct,124111982,680296,1122,0,110616.74
256000,1024000,949,Inc,Large,126498672,680296,11307,26,11187.64
256000,1024000,950,Dec,Large,130695687,680296,22966,108,5690.83
256000,1024000,951,Inc,Large,126373236,680296,2541,2,49733.66
256000,1024000,952,Add,Struct,125824467,680296,2244,0,56071.51
256000,1024000,953,Del,Struct,124266827,680296,800,0,155333.53
256000,1024000,954,Dec,Large,129286595,680298,3914,8,33031.83
256000,1024000,955,Del,Struct,123576982,680298,923,0,133886.22
256000,1024000,956,Inc,Large,145122584,680298,1448,0,100222.78
256000,1024000,957,Add,Struct,118090963,680298,1783,0,66231.61
256000,1024000,958,Inc,Large,123034444,680298,1968,0,62517.50
256000,1024000,959,Dec,Large,116923418,680298,1461,0,80029.72
256000,1024000,960,Del,Struct,119044134,680300,4162,4,28602.63
256000,1024000,961,Inc,Large,120860357,680300,1302,0,92826.70
256000,1024000,962,Inc,Large,121165173,680300,1201,0,100886.91
256000,1024000,963,Inc,Large,121039295,680302,10268,10,11788.01
256000,1024000,964,Inc,Large,118058245,680302,2021,0,58415.76
256000,1024000,965,Dec,Large,118729966,680302,1174,0,101132.85
256000,1024000,966,Inc,Large,119036439,680302,1288,0,92419.60
256000,1024000,967,Del,Struct,117900944,680302,994,0,118612.62
256000,1024000,968,Del,Struct,116944030,680302,948,0,123358.68
256000,1024000,969,Add,Struct,116982786,680302,4007,0,29194.61
256000,1024000,970,Add,Struct,119702385,680300,1852,2,64634.12
256000,1024000,971,Del,Struct,122040828,680300,1221,0,99951.54
256000,1024000,972,Dec,Large,116408543,680300,1570,0,74145.57
256000,1024000,973,Add,Struct,116615547,680302,2382,0,48956.99
256000,1024000,974,Del,Struct,113998233,680302,757,0,150592.12
256000,1024000,975,Inc,Large,120675328,680302,1666,0,72434.17
256000,1024000,976,Del,Struct,117035894,680302,1041,0,112426.41
256000,1024000,977,Del,Struct,117931996,680302,934,0,126265.52
256000,1024000,978,Del,Struct,117595156,680298,6301,8,18662.94
256000,1024000,979,Add,Struct,120769871,680298,3454,4,34965.22
256000,1024000,980,Del,Struct,116347455,680298,989,0,117641.51
256000,1024000,981,Add,Struct,116389520,680298,2028,0,57391.28
256000,1024000,982,Inc,Large,116329832,680292,16189,34,7185.73
256000,1024000,983,Dec,Large,121155570,680292,1421,0,85260.78
256000,1024000,984,Inc,Large,120644032,680292,5970,8,20208.38
256000,1024000,985,Add,Struct,118091851,680292,2534,0,46602.94
256000,1024000,986,Inc,Large,117569555,680292,4965,2,23679.67
256000,1024000,987,Inc,Large,118745683,680290,3115,2,38120.60
256000,1024000,988,Inc,Large,118649970,680290,1227,0,96699.24
256000,1024000,989,Del,Struct,117011296,680290,825,0,141831.87
256000,1024000,990,Inc,Large,118302885,680292,2880,2,41077.39
256000,1024000,991,Add,Struct,119573327,680292,1129,0,105910.83
256000,1024000,992,Del,Struct,121783498,680290,6051,8,20126.18
256000,1024000,993,Inc,Large,118240586,680290,1727,0,68465.89
256000,1024000,994,Del,Struct,118227534,680290,946,0,124976.25
256000,1024000,995,Inc,Large,120996707,680288,3081,2,39271.89
256000,1024000,996,Del,Struct,130619042,680288,1201,0,108758.57
256000,1024000,997,Dec,Large,118090343,680288,1411,0,83692.66
256000,1024000,998,Add,Struct,118235603,680288,1998,0,59176.98
256000,1024000,999,Inc,Large,115955355,680288,1176,0,98601.49
512000,2048000,0,Del,Struct,276425391,1358724,1308,0,211334.40
512000,2048000,1,Inc,Large,277702037,1358726,8732,8,31802.80
512000,2048000,2,Inc,Large,275409822,1358726,1888,0,145873.85
512000,2048000,3,Del,Struct,281306187,1358726,2094,0,134339.15
512000,2048000,4,Add,Struct,294122683,1358728,1371,0,214531.50
512000,2048000,5,Inc,Large,272442036,1358728,11105,20,24533.28
512000,2048000,6,Add,Struct,281758714,1358728,3844,0,73298.31
512000,2048000,7,Add,Struct,278266632,1358728,2046,0,136005.20
512000,2048000,8,Inc,Large,281244895,1358728,1760,0,159798.24
512000,2048000,9,Add,Struct,278977192,1358728,2080,0,134123.65
512000,2048000,10,Add,Struct,284207698,1358728,1483,0,191643.76
512000,2048000,11,Inc,Large,282764905,1358720,6081,8,46499.74
512000,2048000,12,Add,Struct,281082272,1358720,6802,26,41323.47
512000,2048000,13,Del,Struct,278711231,1358718,2814,2,99044.50
512000,2048000,14,Inc,Large,279865811,1358718,35902,116,7795.27
512000,2048000,15,Inc,Large,281755577,1358718,1773,0,158914.60
512000,2048000,16,Del,Struct,274885624,1358718,836,0,328810.56
512000,2048000,17,Add,Struct,277579940,1358718,1236,0,224579.24
512000,2048000,18,Add,Struct,275199936,1358720,2687,2,102419.03
512000,2048000,19,Inc,Large,284378683,1358718,3125,2,91001.18
512000,2048000,20,Del,Struct,302055244,1358716,890,0,339387.91
512000,2048000,21,Dec,Large,295942982,1358716,1179,0,251011.86
512000,2048000,22,Del,Struct,301456949,1358716,3573,2,84370.82
512000,2048000,23,Dec,Large,303200894,1358716,19147,0,15835.43
512000,2048000,24,Add,Struct,279673177,1358720,4231,8,66100.96
512000,2048000,25,Del,Struct,296175264,1358720,1435,0,206393.91
512000,2048000,26,Del,Struct,297621087,1358720,925,0,321752.53
512000,2048000,27,Del,Struct,292963967,1358722,5030,6,58243.33
512000,2048000,28,Del,Struct,304500160,1358722,828,0,367753.82
512000,2048000,29,Dec,Large,279988894,1358722,1131,0,247558.70
512000,2048000,30,Inc,Large,278486886,1358722,1083,0,257143.94
512000,2048000,31,Add,Struct,290356726,1358722,1175,0,247112.11
512000,2048000,32,Inc,Large,279276589,1358722,1487,0,187812.10
512000,2048000,33,Add,Struct,274037239,1358722,1848,0,148288.55
512000,2048000,34,Inc,Large,278113525,1358722,1779,0,156331.38
512000,2048000,35,Del,Struct,272001453,1358722,25745,12,10565.21
512000,2048000,36,Dec,Large,278812712,1358722,1952,0,142834.38
512000,2048000,37,Dec,Large,273883130,1358720,8422,8,32519.96
512000,2048000,38,Inc,Large,278685514,1358720,1589,0,175384.21
512000,2048000,39,Inc,Large,272990315,1358720,1579,0,172888.10
512000,2048000,40,Inc,Large,280437037,1358720,1425,0,196797.92
512000,2048000,41,Add,Struct,276201964,1358722,3492,0,79095.64
512000,2048000,42,Inc,Large,279979593,1358722,1346,0,208008.61
512000,2048000,43,Add,Struct,277832136,1358724,3612,2,76919.20
512000,2048000,44,Add,Struct,278839390,1358732,5250,12,53112.26
512000,2048000,45,Inc,Large,286016086,1358732,1172,0,244041.03
512000,2048000,46,Del,Struct,280603063,1358732,893,0,314225.15
512000,2048000,47,Inc,Large,287054754,1358732,3424,2,83836.08
512000,2048000,48,Del,Struct,280266858,1358732,1099,0,255019.89
512000,2048000,49,Del,Struct,284067338,1358732,908,0,312849.49
512000,2048000,50,Inc,Large,283227165,1358732,4771,4,59364.32
512000,2048000,51,Inc,Large,277960371,1358732,1508,0,184323.85
512000,2048000,52,Dec,Large,323875811,1358732,4986,8,64957.04
512000,2048000,53,Add,Struct,303064812,1358732,1119,0,270835.40
512000,2048000,54,Dec,Large,279894128,1358730,2819,6,99288.45
512000,2048000,55,Dec,Large,280899760,1358730,2176,2,129089.96
512000,2048000,56,Del,Struct,279497634,1358728,6848,2,40814.49
512000,2048000,57,Dec,Large,281334675,1358728,2270,2,123935.98
512000,2048000,58,Del,Struct,270898360,1358728,1174,0,230748.18
512000,2048000,59,Add,Struct,281745302,1358728,2957,4,95280.79
512000,2048000,60,Del,Struct,278376427,1358728,949,0,293336.59
512000,2048000,61,Inc,Large,305773489,1358728,3357,2,91085.34
512000,2048000,62,Add,Struct,294168316,1358728,1694,0,173653.08
512000,2048000,63,Inc,Large,295609939,1358734,6214,4,47571.60
512000,2048000,64,Dec,Large,311995071,1358740,185720,902,1679.92
512000,2048000,65,Inc,Large,274246802,1358740,1346,0,203749.48
512000,2048000,66,Del,Struct,294100125,1358740,1115,0,263766.93
512000,2048000,67,Add,Struct,301995244,1358740,2213,0,136464.19
512000,2048000,68,Del,Struct,294604272,1358738,1721,0,171182.03
512000,2048000,69,Inc,Large,280657577,1358740,6805,8,41242.85
512000,2048000,70,Inc,Large,278684483,1358740,1400,0,199060.35
512000,2048000,71,Del,Struct,277934673,1358740,924,0,300795.10
512000,2048000,72,Add,Struct,277750518,1358740,3172,0,87563.22
512000,2048000,73,Dec,Large,277295659,1358740,1277,0,217146.17
512000,2048000,74,Add,Struct,271292798,1358742,3120,2,86952.82
512000,2048000,75,Inc,Large,278113464,1358742,1724,0,161318.71
512000,2048000,76,Del,Struct,280906388,1358742,1145,0,245333.09
512000,2048000,77,Add,Struct,276527190,1358742,2699,0,102455.42
512000,2048000,78,Dec,Large,277567561,1358742,1135,0,244552.92
512000,2048000,79,Add,Struct,274020592,1358742,1343,0,204036.18
512000,2048000,80,Dec,Large,277254512,1358742,1384,0,200328.40
512000,2048000,81,Dec,Large,275358190,1358742,1191,0,231199.15
512000,2048000,82,Inc,Large,272993700,1358742,1187,0,229986.27
512000,2048000,83,Add,Struct,273001564,1358742,2516,0,108506.19
512000,2048000,84,Dec,Large,272882092,1358742,1388,0,196600.93
512000,2048000,85,Inc,Large,274814286,1358742,1306,0,210424.42
512000,2048000,86,Inc,Large,275196730,1358742,1376,0,199997.62
512000,2048000,87,Dec,Large,294579800,1358742,1353,0,217723.43
512000,2048000,88,Del,Struct,292864084,1358740,885,0,330919.87
512000,2048000,89,Inc,Large,303596976,1358740,2073,0,146452.96
512000,2048000,90,Add,Struct,274669290,1358738,13561,64,20254.35
512000,2048000,91,Del,Struct,279344784,1358738,1258,0,222054.68
512000,2048000,92,Inc,Large,277899197,1358738,3579,2,77647.16
512000,2048000,93,Dec,Large,280886285,1358738,1451,0,193581.18
512000,2048000,94,Dec,Large,280301291,1358736,15056,72,18617.25
512000,2048000,95,Add,Struct,277997999,1358736,2061,0,134885.01
512000,2048000,96,Dec,Large,280488069,1358736,1044,0,268666.73
512000,2048000,97,Add,Struct,285542692,1358736,1954,0,146132.39
512000,2048000,98,Inc,Large,274603508,1358736,1423,0,192975.06
512000,2048000,99,Inc,Large,280142076,1358736,1581,0,177192.96
512000,2048000,100,Dec,Large,287593639,1358736,3185,4,90296.28
512000,2048000,101,Add,Struct,276640857,1358738,23092,120,11979.94
512000,2048000,102,Dec,Large,282900070,1358738,1425,0,198526.36
512000,2048000,103,Del,Struct,281358052,1358738,803,0,350383.63
512000,2048000,104,Del,Struct,268171278,1358738,814,0,329448.74
512000,2048000,105,Add,Struct,282384955,1358738,1731,0,163134.00
512000,2048000,106,Add,Struct,281940972,1358738,1177,0,239542.03
512000,2048000,107,Inc,Large,278636612,1358738,4617,4,60350.14
512000,2048000,108,Add,Struct,271406047,1358740,4155,4,65320.35
512000,2048000,109,Dec,Large,276125346,1358740,2511,4,109966.29
512000,2048000,110,Dec,Large,276081411,1358740,1490,0,185289.54
512000,2048000,111,Inc,Large,279160029,1358740,2030,0,137517.26
512000,2048000,112,Del,Struct,279711624,1358738,1177,0,237647.94
512000,2048000,113,Inc,Large,272546303,1358738,1331,0,204768.07
512000,2048000,114,Inc,Large,274697492,1358738,1405,0,195514.23
512000,2048000,115,Add,Struct,271241240,1358738,1894,0,143210.79
512000,2048000,116,Inc,Large,275501721,1358738,1325,0,207925.83
512000,2048000,117,Add,Struct,271338208,1358740,2670,0,101624.80
512000,2048000,118,Del,Struct,279691285,1358740,1338,0,209036.83
512000,2048000,119,Del,Struct,269217626,1358740,1305,0,206297.03
512000,2048000,120,Add,Struct,278222933,1358738,4751,8,58560.92
512000,2048000,121,Dec,Large,275419736,1358738,1259,0,218760.71
512000,2048000,122,Inc,Large,273414541,1358738,1281,0,213438.36
512000,2048000,123,Add,Struct,275926439,1358738,1206,0,228794.73
512000,2048000,124,Add,Struct,273995592,1358740,3488,4,78553.78
512000,2048000,125,Dec,Large,288714540,1358740,2047,2,141042.77
512000,2048000,126,Dec,Large,281781199,1358740,2590,2,108795.83
512000,2048000,127,Add,Struct,292864212,1358736,4434,10,66049.66
512000,2048000,128,Inc,Large,300446491,1358736,1205,0,249333.19
512000,2048000,129,Del,Struct,298022224,1358736,1477,0,201775.37
512000,2048000,130,Dec,Large,277422816,1358734,4668,12,59430.77
512000,2048000,131,Add,Struct,274704684,1358734,2485,0,110545.14
512000,2048000,132,Dec,Large,287769137,1358734,1278,0,225171.47
512000,2048000,133,Add,Struct,305810085,1358732,3313,4,92306.09
512000,2048000,134,Inc,Large,275323902,1358728,11040,20,24938.76
512000,2048000,135,Dec,Large,276598000,1358728,1477,0,187270.14
512000,2048000,136,Inc,Large,276932619,1358730,3239,2,85499.42
512000,2048000,137,Inc,Large,276008223,1358730,6724,8,41048.22
512000,2048000,138,Del,Struct,281767639,1358730,1203,0,234220.81
512000,2048000,139,Add,Struct,278561524,1358730,3943,4,70647.10
512000,2048000,140,Add,Struct,273475229,1358734,3891,2,70284.05
512000,2048000,141,Del,Struct,277974377,1358734,1036,0,268315.04
512000,2048000,142,Del,Struct,277660355,1358734,869,0,319517.09
512000,2048000,143,Inc,Large,276489696,1358734,2259,0,122394.73
512000,2048000,144,Dec,Large,274281321,1358736,3572,6,76786.48
512000,2048000,145,Add,Struct,273555797,1358736,2823,0,96902.51
512000,2048000,146,Add,Struct,272534595,1358736,1409,0,193424.13
512000,2048000,147,Dec,Large,270055642,1358734,5572,22,48466.55
512000,2048000,148,Inc,Large,279098554,1358734,2204,0,126632.74
512000,2048000,149,Dec,Large,270473104,1358734,1164,0,232365.21
512000,2048000,150,Del,Struct,272210176,1358734,999,0,272482.66
512000,2048000,151,Add,Struct,275917482,1358734,2302,2,119859.90
512000,2048000,152,Del,Struct,282736619,1358734,841,0,336190.99
512000,2048000,153,Add,Struct,293868291,1358734,2135,0,137643.23
512000,2048000,154,Dec,Large,296700759,1358734,15270,2,19430.31
512000,2048000,155,Dec,Large,295784848,1358734,1350,0,219099.89
512000,2048000,156,Add,Struct,291940707,1358734,8259,0,35348.19
512000,2048000,157,Add,Struct,275498884,1358734,2347,0,117383.42
512000,2048000,158,Add,Struct,271468670,1358734,3905,4,69518.23
512000,2048000,159,Add,Struct,276265549,1358734,2249,0,122839.28
512000,2048000,160,Dec,Large,272191076,1358734,1187,0,229310.09
512000,2048000,161,Inc,Large,280565430,1358744,16141,38,17382.16
512000,2048000,162,Dec,Large,276945198,1358744,2444,0,113316.37
512000,2048000,163,Add,Struct,277334481,1358746,3080,4,90043.66
512000,2048000,164,Add,Struct,276714739,1358746,2304,0,120101.88
512000,2048000,165,Add,Struct,270079324,1358746,1018,0,265303.85
512000,2048000,166,Add,Struct,280072828,1358746,1192,0,234960.43
512000,2048000,167,Inc,Large,272342400,1358746,1624,0,167698.52
512000,2048000,168,Dec,Large,278042054,1358748,2816,4,98736.52
512000,2048000,169,Add,Struct,270530779,1358748,2023,0,133727.52
512000,2048000,170,Inc,Large,279373593,1358748,1338,0,208799.40
512000,2048000,171,Dec,Large,276790776,1358748,1393,0,198701.20
512000,2048000,172,Dec,Large,273914743,1358748,1160,0,236133.40
512000,2048000,173,Inc,Large,276536190,1358744,6584,6,42001.24
512000,2048000,174,Dec,Large,275538920,1358744,1230,0,224015.38
512000,2048000,175,Dec,Large,279801313,1358744,1527,0,183235.96
512000,2048000,176,Add,Struct,278941379,1358744,1903,0,146579.81
512000,2048000,177,Add,Struct,277519997,1358744,1589,0,174650.72
512000,2048000,178,Inc,Large,273454645,1358744,1392,0,196447.30
512000,2048000,179,Del,Struct,288740841,1358744,949,0,304258.00
512000,2048000,180,Inc,Large,294467037,1358744,2047,0,143852.97
512000,2048000,181,Inc,Large,284367351,1358744,1677,0,169569.08
512000,2048000,182,Dec,Large,275137602,1358740,2629,2,104654.85
512000,2048000,183,Del,Struct,271159421,1358740,6092,2,44510.74
512000,2048000,184,Del,Struct,276980809,1358740,799,0,346659.34
512000,2048000,185,Dec,Large,274582492,1358740,1262,0,217577.25
512000,2048000,186,Inc,Large,277039702,1358744,4689,4,59082.90
512000,2048000,187,Del,Struct,270960725,1358744,1058,0,256106.55
512000,2048000,188,Inc,Large,276631971,1358744,1130,0,244807.05
512000,2048000,189,Del,Struct,278433534,1358744,879,0,316761.70
512000,2048000,190,Del,Struct,276000457,1358744,1776,0,155405.66
512000,2048000,191,Del,Struct,277830705,1358744,933,0,297782.11
512000,2048000,192,Add,Struct,271017510,1358744,1582,0,171313.22
512000,2048000,193,Dec,Large,278843084,1358744,1450,0,192305.58
512000,2048000,194,Dec,Large,270900685,1358748,3161,6,85700.94
512000,2048000,195,Add,Struct,278698830,1358748,1165,0,239226.46
512000,2048000,196,Del,Struct,272215543,1358748,900,0,302461.71
512000,2048000,197,Dec,Large,277917754,1358744,2205,2,126039.80
512000,2048000,198,Del,Struct,272679529,1358744,1117,0,244117.75
512000,2048000,199,Dec,Large,276798130,1358744,1204,0,229898.78
512000,2048000,200,Inc,Large,287382982,1358744,1316,0,218376.13
512000,2048000,201,Inc,Large,267371453,1358744,4750,4,56288.73
512000,2048000,202,Dec,Large,281597634,1358744,1198,0,235056.46
512000,2048000,203,Del,Struct,268106660,1358744,3220,2,83262.94
512000,2048000,204,Dec,Large,275447540,1358744,1219,0,225961.89
512000,2048000,205,Add,Struct,278651177,1358746,3272,4,85162.34
512000,2048000,206,Inc,Large,297798416,1358746,1164,0,255840.56
512000,2048000,207,Inc,Large,295502349,1358746,1128,0,261970.17
512000,2048000,208,Add,Struct,289175997,1358750,19057,2,15174.27
512000,2048000,209,Inc,Large,298383797,1358750,1152,0,259013.71
512000,2048000,210,Dec,Large,271972373,1358750,2401,2,113274.62
512000,2048000,211,Dec,Large,275546621,1358750,1139,0,241919.77
512000,2048000,212,Dec,Large,271474071,1358750,1245,0,218051.46
512000,2048000,213,Del,Struct,275376315,1358750,958,0,287449.18
512000,2048000,214,Dec,Large,284233054,1358750,3044,4,93374.85
512000,2048000,215,Del,Struct,274992194,1358750,1040,0,264415.57
512000,2048000,216,Inc,Large,274785642,1358750,7639,12,35971.42
512000,2048000,217,Inc,Large,279122786,1358754,3757,2,74294.06
512000,2048000,218,Dec,Large,280301052,1358754,1175,0,238554.09
512000,2048000,219,Inc,Large,274742542,1358754,1571,0,174883.86
512000,2048000,220,Del,Struct,276698958,1358754,1128,0,245300.49
512000,2048000,221,Del,Struct,273815923,1358754,1046,0,261774.30
512000,2048000,222,Inc,Large,279009629,1358754,1150,0,242617.07
512000,2048000,223,Inc,Large,268080423,1358754,1116,0,240215.43
512000,2048000,224,Add,Struct,278057108,1358754,1163,0,239086.08
512000,2048000,225,Inc,Large,281225529,1358754,10616,2,26490.72
512000,2048000,226,Add,Struct,276518836,1358754,2087,0,132495.85
512000,2048000,227,Del,Struct,280585125,1358746,6291,6,44601.04
512000,2048000,228,Add,Struct,271142737,1358746,2021,0,134162.66
512000,2048000,229,Dec,Large,276052228,1358746,2611,2,105726.63
512000,2048000,230,Del,Struct,278903254,1358748,5658,8,49293.61
512000,2048000,231,Del,Struct,286452686,1358746,3035,0,94383.09
512000,2048000,232,Add,Struct,291867273,1358746,1978,0,147556.76
512000,2048000,233,Add,Struct,292450734,1358746,2378,0,122981.81
512000,2048000,234,Del,Struct,305539536,1358746,2770,2,110303.08
512000,2048000,235,Add,Struct,273833679,1358746,2355,0,116277.57
512000,2048000,236,Add,Struct,273220065,1358756,6623,20,41253.22
512000,2048000,237,Add,Struct,268462213,1358756,2346,0,114434.02
512000,2048000,238,Add,Struct,277515166,1358758,1933,0,143567.08
512000,2048000,239,Dec,Large,274663191,1358754,2173,2,126398.16
512000,2048000,240,Dec,Large,274774875,1358754,1396,0,196830.14
512000,2048000,241,Dec,Large,270407563,1358754,3096,4,87340.94
512000,2048000,242,Dec,Large,276738297,1358754,1699,0,162883.05
512000,2048000,243,Inc,Large,273693744,1358756,6281,8,43574.87
512000,2048000,244,Del,Struct,272386866,1358756,975,0,279371.14
512000,2048000,245,Inc,Large,277639045,1358756,1058,0,262418.76
512000,2048000,246,Dec,Large,288019955,1358756,1152,0,250017.32
512000,2048000,247,Del,Struct,275816290,1358756,1596,0,172817.22
512000,2048000,248,Del,Struct,271353216,1358756,907,0,299176.64
512000,2048000,249,Del,Struct,330929811,1358752,4322,4,76568.67
512000,2048000,250,Inc,Large,272132777,1358752,1288,0,211283.21
512000,2048000,251,Inc,Large,275249045,1358752,1435,0,191811.18
512000,2048000,252,Del,Struct,274916184,1358752,1032,0,266391.65
512000,2048000,253,Del,Struct,278864039,1358752,3229,2,86362.35
512000,2048000,254,Inc,Large,280978379,1358752,1576,0,178285.77
512000,2048000,255,Add,Struct,277294125,1358752,1439,0,192699.18
512000,2048000,256,Inc,Large,291153821,1358752,1208,0,241021.38
512000,2048000,257,Del,Struct,295973593,1358750,14081,32,21019.36
512000,2048000,258,Inc,Large,295316983,1358750,1461,0,202133.46
512000,2048000,259,Dec,Large,301859029,1358750,1215,0,248443.65
512000,2048000,260,Inc,Large,273072341,1358748,4751,4,57476.81
512000,2048000,261,Del,Struct,273353076,1358748,879,0,310981.88
512000,2048000,262,Add,Struct,273029743,1358750,3754,6,72730.35
512000,2048000,263,Del,Struct,280396330,1358748,5189,4,54036.68
512000,2048000,264,Add,Struct,277163329,1358748,1247,0,222264.10
512000,2048000,265,Dec,Large,279198864,1358754,6074,24,45966.23
512000,2048000,266,Del,Struct,292108867,1358752,8161,2,35793.27
512000,2048000,267,Dec,Large,277321826,1358752,1616,0,171610.04
512000,2048000,268,Del,Struct,273859842,1358758,18229,56,15023.31
512000,2048000,269,Dec,Large,273449004,1358758,1156,0,236547.58
512000,2048000,270,Del,Struct,274884261,1358758,1236,0,222398.27
512000,2048000,271,Inc,Large,286892363,1358758,1482,0,193584.59
512000,2048000,272,Del,Struct,282109407,1358758,848,0,332676.19
512000,2048000,273,Add,Struct,272908024,1358758,1152,0,236899.33
512000,2048000,274,Add,Struct,280358653,1358760,3128,2,89628.73
512000,2048000,275,Del,Struct,273896847,1358760,1350,0,202886.55
512000,2048000,276,Add,Struct,272894117,1358760,2350,0,116125.16
512000,2048000,277,Dec,Large,276458997,1358760,1339,0,206466.76
512000,2048000,278,Add,Struct,280809350,1358760,2341,0,119952.73
512000,2048000,279,Inc,Large,277075572,1358760,27287,0,10154.12
512000,2048000,280,Add,Struct,273012410,1358760,1868,0,146152.25
512000,2048000,281,Add,Struct,281013997,1358760,1791,0,156903.40
512000,2048000,282,Inc,Large,286535820,1358760,1316,0,217732.39
512000,2048000,283,Del,Struct,286960442,1358760,841,0,341213.37
512000,2048000,284,Del,Struct,295185343,1358762,3464,2,85215.17
512000,2048000,285,Del,Struct,297072480,1358760,1078,0,275577.44
512000,2048000,286,Inc,Large,285534874,1358758,5422,6,52662.28
512000,2048000,287,Inc,Large,276772754,1358758,1234,0,224289.10
512000,2048000,288,Del,Struct,277050997,1358758,1401,0,197752.32
512000,2048000,289,Del,Struct,278333987,1358758,1303,0,213610.12
512000,2048000,290,Inc,Large,283821200,1358758,1255,0,226152.35
512000,2048000,291,Dec,Large,281480681,1358758,1494,0,188407.42
512000,2048000,292,Inc,Large,270743736,1358758,1325,0,204334.90
512000,2048000,293,Add,Struct,277550188,1358758,2490,0,111465.94
512000,2048000,294,Del,Struct,281388483,1358758,1071,0,262734.34
512000,2048000,295,Dec,Large,277214233,1358760,2957,4,93748.47
512000,2048000,296,Inc,Large,273527649,1358760,1378,0,198496.12
512000,2048000,297,Add,Struct,277318278,1358760,2771,0,100078.77
512000,2048000,298,Del,Struct,276657419,1358760,1212,0,228265.20
512000,2048000,299,Dec,Large,272822217,1358760,1316,0,207311.72
512000,2048000,300,Dec,Large,290420649,1358760,1216,0,238832.77
512000,2048000,301,Add,Struct,274783507,1358760,1289,0,213175.72
512000,2048000,302,Del,Struct,281768859,1358760,990,0,284615.01
512000,2048000,303,Dec,Large,269922529,1358760,2634,2,102476.28
512000,2048000,304,Add,Struct,271567600,1358760,1379,0,196930.82
512000,2048000,305,Inc,Large,272075171,1358754,8084,16,33656.01
512000,2048000,306,Add,Struct,277502358,1358754,2953,0,93973.03
512000,2048000,307,Del,Struct,274963196,1358754,1267,0,217019.10
512000,2048000,308,Dec,Large,278052025,1358754,2781,4,99982.75
512000,2048000,309,Add,Struct,284212183,1358756,2012,2,141258.54
512000,2048000,310,Del,Struct,299611955,1358756,5203,4,57584.46
512000,2048000,311,Dec,Large,300715155,1358756,1177,0,255492.91
512000,2048000,312,Inc,Large,280142341,1358756,1328,0,210950.56
512000,2048000,313,Del,Struct,289167642,1358756,979,0,295370.42
512000,2048000,314,Del,Struct,297458383,1358756,1021,0,291340.24
512000,2048000,315,Add,Struct,292351875,1358756,3725,0,78483.72
512000,2048000,316,Dec,Large,297823740,1358756,1657,0,179736.72
512000,2048000,317,Add,Struct,292173975,1358756,1973,0,148086.15
512000,2048000,318,Add,Struct,271753016,1358756,3004,0,90463.72
512000,2048000,319,Add,Struct,267987536,1358756,1162,0,230626.11
512000,2048000,320,Dec,Large,279360517,1358756,1336,0,209102.18
512000,2048000,321,Inc,Large,283287391,1358756,2402,0,117938.13
512000,2048000,322,Add,Struct,277766904,1358756,1248,0,222569.63
512000,2048000,323,Add,Struct,274525959,1358756,2225,0,123382.45
512000,2048000,324,Inc,Large,276214690,1358756,1293,0,213623.12
512000,2048000,325,Inc,Large,274351722,1358756,1199,0,228817.12
512000,2048000,326,Inc,Large,279025562,1358756,1281,0,217818.55
512000,2048000,327,Dec,Large,281423298,1358756,1377,0,204374.22
512000,2048000,328,Add,Struct,272206390,1358756,1662,0,163782.42
512000,2048000,329,Add,Struct,274717595,1358756,2340,0,117400.68
512000,2048000,330,Add,Struct,271688043,1358756,2266,0,119897.64
512000,2048000,331,Inc,Large,273839861,1358756,1305,0,209838.97
512000,2048000,332,Del,Struct,276439084,1358750,4284,2,64528.26
512000,2048000,333,Dec,Large,275152527,1358754,3773,8,72926.72
512000,2048000,334,Dec,Large,275413334,1358756,2580,4,106749.35
512000,2048000,335,Add,Struct,270557545,1358756,1797,0,150560.68
512000,2048000,336,Inc,Large,276911803,1358756,1262,0,219422.98
512000,2048000,337,Dec,Large,272503698,1358756,1964,2,138749.34
512000,2048000,338,Dec,Large,277375355,1358756,1145,0,242249.22
512000,2048000,339,Add,Struct,272060549,1358756,1224,0,222271.69
512000,2048000,340,Del,Struct,274966552,1358756,794,0,346305.48
512000,2048000,341,Add,Struct,275761810,1358756,1322,0,208594.41
512000,2048000,342,Inc,Large,276699070,1358754,7120,10,38862.23
512000,2048000,343,Dec,Large,274775642,1358754,1421,0,193367.80
512000,2048000,344,Del,Struct,273457924,1358754,1376,0,198733.96
512000,2048000,345,Inc,Large,280110848,1358756,3658,2,76574.86
512000,2048000,346,Inc,Large,271802816,1358758,1159,0,234514.94
512000,2048000,347,Inc,Large,275360627,1358758,1282,0,214789.88
512000,2048000,348,Add,Struct,282150961,1358758,2313,0,121984.85
512000,2048000,349,Dec,Large,280717282,1358758,1655,0,169617.69
512000,2048000,350,Add,Struct,296812576,1358758,1352,0,219535.93
512000,2048000,351,Inc,Large,308756258,1358758,4678,0,66001.77
512000,2048000,352,Add,Struct,305346292,1358758,1267,0,240999.44
512000,2048000,353,Del,Struct,320381267,1358758,3529,2,90785.28
512000,2048000,354,Del,Struct,290823079,1358758,2558,0,113691.59
512000,2048000,355,Add,Struct,277435182,1358750,16846,76,16468.91
512000,2048000,356,Del,Struct,280506956,1358748,6299,6,44531.98
512000,2048000,357,Dec,Large,282854058,1358750,2318,2,122025.05
512000,2048000,358,Add,Struct,277793597,1358750,2306,0,120465.57
512000,2048000,359,Del,Struct,276732947,1358750,3140,2,88131.51
512000,2048000,360,Dec,Large,276233305,1358750,1164,0,237313.84
512000,2048000,361,Del,Struct,278962965,1358750,13338,0,20914.90
512000,2048000,362,Inc,Large,274749568,1358750,1349,0,203669.06
512000,2048000,363,Add,Struct,277264037,1358750,1654,0,167632.43
512000,2048000,364,Add,Struct,276442049,1358750,1242,0,222578.14
512000,2048000,365,Dec,Large,275303844,1358750,934,0,294757.86
512000,2048000,366,Dec,Large,273878408,1358750,1198,0,228613.03
512000,2048000,367,Add,Struct,269689555,1358752,4922,12,54792.68
512000,2048000,368,Inc,Large,275718748,1358752,1729,0,159467.18
512000,2048000,369,Del,Struct,273182641,1358750,887,0,307984.94
512000,2048000,370,Add,Struct,279239153,1358750,2606,0,107152.40
512000,2048000,371,Add,Struct,275611816,1358750,2025,2,136104.60
512000,2048000,372,Inc,Large,278596820,1358750,1520,0,183287.38
512000,2048000,373,Del,Struct,275880680,1358750,917,0,300851.34
512000,2048000,374,Dec,Large,282860943,1358750,2491,2,113553.17
512000,2048000,375,Inc,Large,281590749,1358750,1216,0,231571.34
512000,2048000,376,Inc,Large,290675316,1358750,4161,4,69857.08
512000,2048000,377,Del,Struct,290500322,1358752,3699,2,78534.83
512000,2048000,378,Inc,Large,288855962,1358752,1531,0,188671.43
512000,2048000,379,Inc,Large,276165385,1358752,2016,0,136986.80
512000,2048000,380,Add,Struct,304169418,1358752,1788,0,170117.12
512000,2048000,381,Add,Struct,287295214,1358752,2709,2,106052.13
512000,2048000,382,Inc,Large,293567321,1358752,2720,2,107929.16
512000,2048000,383,Del,Struct,353648456,1358752,1266,0,279343.17
512000,2048000,384,Inc,Large,319843231,1358752,1465,0,218323.02
512000,2048000,385,Dec,Large,294599492,1358756,3003,4,98101.73
512000,2048000,386,Dec,Large,284243552,1358754,3247,6,87540.36
512000,2048000,387,Dec,Large,275071792,1358754,1424,0,193168.39
512000,2048000,388,Dec,Large,277087156,1358754,1161,0,238662.49
512000,2048000,389,Add,Struct,316769828,1358754,2427,0,130519.09
512000,2048000,390,Add,Struct,287327952,1358756,2371,4,121184.29
512000,2048000,391,Del,Struct,281271292,1358756,9849,18,28558.36
512000,2048000,392,Dec,Large,273368211,1358756,1871,0,146108.08
512000,2048000,393,Del,Struct,266230194,1358756,1327,0,200625.62
512000,2048000,394,Inc,Large,278828554,1358756,1410,0,197750.75
512000,2048000,395,Inc,Large,270037537,1358758,12298,26,21957.84
512000,2048000,396,Inc,Large,279157569,1358760,4778,4,58425.61
512000,2048000,397,Del,Struct,267682389,1358760,2863,2,93497.17
512000,2048000,398,Inc,Large,275244278,1358726,75935,278,3624.74
512000,2048000,399,Add,Struct,276407057,1358726,1126,0,245476.96
512000,2048000,400,Dec,Large,272569533,1358726,3331,4,81828.14
512000,2048000,401,Add,Struct,273875234,1358726,2716,0,100837.72
512000,2048000,402,Inc,Large,276044172,1358726,1885,0,146442.53
512000,2048000,403,Dec,Large,280246324,1358726,19293,0,14525.80
512000,2048000,404,Inc,Large,271969900,1358726,7883,12,34500.81
512000,2048000,405,Dec,Large,282894554,1358726,1245,0,227224.54
512000,2048000,406,Del,Struct,273801501,1358726,776,0,352836.99
512000,2048000,407,Add,Struct,278455219,1358728,3118,4,89305.71
512000,2048000,408,Del,Struct,269841518,1358728,917,0,294265.56
512000,2048000,409,Dec,Large,326819614,1358730,2326,2,140507.14
512000,2048000,410,Inc,Large,277311503,1358730,1513,0,183285.86
512000,2048000,411,Add,Struct,269139832,1358730,3978,0,67657.07
512000,2048000,412,Inc,Large,283385448,1358730,2711,0,104531.70
512000,2048000,413,Inc,Large,271293135,1358730,1559,0,174017.41
512000,2048000,414,Dec,Large,280982586,1358730,1388,0,202437.02
512000,2048000,415,Add,Struct,279823068,1358730,18768,0,14909.58
512000,2048000,416,Del,Struct,300312254,1358730,1080,0,278066.90
512000,2048000,417,Add,Struct,294747080,1358730,2364,2,124681.51
512000,2048000,418,Del,Struct,289350077,1358732,5748,2,50339.26
512000,2048000,419,Del,Struct,282583785,1358732,1399,0,201989.84
512000,2048000,420,Inc,Large,275733489,1358730,3578,2,77063.58
512000,2048000,421,Add,Struct,273180016,1358726,6419,20,42558.03
512000,2048000,422,Add,Struct,273039816,1358726,2576,0,105993.72
512000,2048000,423,Inc,Large,276369152,1358726,1197,0,230884.84
512000,2048000,424,Dec,Large,280304323,1358726,2651,2,105735.32
512000,2048000,425,Dec,Large,277649162,1358726,1062,0,261439.89
512000,2048000,426,Inc,Large,281061231,1358726,1278,0,219922.72
512000,2048000,427,Inc,Large,271917303,1358726,1210,0,224725.04
512000,2048000,428,Add,Struct,274444854,1358726,3980,0,68955.99
512000,2048000,429,Dec,Large,275892801,1358726,1231,0,224120.88
512000,2048000,430,Inc,Large,277875521,1358726,1474,0,188517.99
512000,2048000,431,Del,Struct,272397599,1358726,1202,0,226620.30
512000,2048000,432,Dec,Large,285036622,1358726,1422,0,200447.69
512000,2048000,433,Del,Struct,278010038,1358728,842,0,330178.19
512000,2048000,434,Add,Struct,278940886,1358728,6334,14,44038.66
512000,2048000,435,Del,Struct,278414283,1358728,827,0,336655.72
512000,2048000,436,Del,Struct,275038082,1358726,3703,2,74274.39
512000,2048000,437,Add,Struct,275402006,1358726,2636,0,104477.24
512000,2048000,438,Dec,Large,266866518,1358726,1122,0,237848.95
512000,2048000,439,Inc,Large,278567862,1358726,1063,0,262058.20
512000,2048000,440,Dec,Large,273088046,1358726,1571,0,173830.71
512000,2048000,441,Del,Struct,279065316,1358726,2095,0,133205.40
512000,2048000,442,Add,Struct,294633872,1358726,1384,0,212885.75
512000,2048000,443,Add,Struct,286509809,1358728,1276,0,224537.47
512000,2048000,444,Inc,Large,283440932,1358728,1233,0,229879.10
512000,2048000,445,Dec,Large,298206915,1358728,1184,0,251863.95
512000,2048000,446,Dec,Large,272360312,1358728,1097,0,248277.40
512000,2048000,447,Dec,Large,274915229,1358728,1268,0,216810.12
512000,2048000,448,Inc,Large,282180964,1358728,1426,0,197882.86
512000,2048000,449,Inc,Large,277666268,1358728,1472,0,188631.98
512000,2048000,450,Inc,Large,278238009,1358728,1092,0,254796.71
512000,2048000,451,Inc,Large,275104555,1358728,1301,0,211456.23
512000,2048000,452,Add,Struct,274741681,1358728,1937,0,141838.76
512000,2048000,453,Dec,Large,275700653,1358728,3708,8,74352.93
512000,2048000,454,Dec,Large,271353787,1358728,1181,0,229766.12
512000,2048000,455,Dec,Large,279737528,1358738,10774,44,25964.13
512000,2048000,456,Del,Struct,273244519,1358738,1086,0,251606.37
512000,2048000,457,Inc,Large,275623771,1358738,1730,0,159320.10
512000,2048000,458,Del,Struct,270870754,1358738,848,0,319423.06
512000,2048000,459,Add,Struct,272671633,1358738,1213,0,224791.12
512000,2048000,460,Del,Struct,271159442,1358738,6156,2,44047.99
512000,2048000,461,Add,Struct,268107316,1358738,1483,0,180787.13
512000,2048000,462,Dec,Large,273396560,1358738,1211,0,225760.99
512000,2048000,463,Del,Struct,274829673,1358738,1252,0,219512.52
512000,2048000,464,Inc,Large,276320106,1358738,1115,0,247820.72
512000,2048000,465,Add,Struct,284427028,1358738,2474,0,114966.46
512000,2048000,466,Add,Struct,282568436,1358738,2870,2,98455.90
512000,2048000,467,Add,Struct,269333761,1358738,3065,2,87873.98
512000,2048000,468,Dec,Large,298539529,1358736,4214,10,70844.69
512000,2048000,469,Inc,Large,289805033,1358738,3599,2,80523.77
512000,2048000,470,Inc,Large,292919336,1358738,1483,0,197518.10
512000,2048000,471,Dec,Large,302383139,1358740,2365,2,127857.56
512000,2048000,472,Inc,Large,266631443,1358740,1358,0,196341.27
512000,2048000,473,Dec,Large,273937712,1358740,1162,0,235746.74
512000,2048000,474,Del,Struct,274844261,1358740,984,0,279313.27
512000,2048000,475,Dec,Large,275094329,1358744,3358,8,81922.08
512000,2048000,476,Inc,Large,275885050,1358744,1581,0,174500.35
512000,2048000,477,Add,Struct,272962351,1358744,2769,0,98577.95
512000,2048000,478,Del,Struct,276831678,1358742,2722,2,101701.57
512000,2048000,479,Dec,Large,271324138,1358742,1579,0,171832.89
512000,2048000,480,Del,Struct,290623309,1358742,1152,0,252277.18
512000,2048000,481,Del,Struct,279002848,1358742,916,0,304588.26
512000,2048000,482,Inc,Large,273005019,1358740,5447,6,50120.25
512000,2048000,483,Add,Struct,270705722,1358740,1861,0,145462.51
512000,2048000,484,Inc,Large,277019550,1358744,2995,2,92494.01
512000,2048000,485,Dec,Large,270154234,1358742,1281,0,210893.23
512000,2048000,486,Inc,Large,277781180,1358742,4720,4,58851.94
512000,2048000,487,Del,Struct,271529201,1358742,1291,0,210324.71
512000,2048000,488,Inc,Large,276051626,1358742,1331,0,207401.67
512000,2048000,489,Add,Struct,277332885,1358746,3043,4,91137.98
512000,2048000,490,Inc,Large,278348111,1358748,6911,10,40276.10
512000,2048000,491,Add,Struct,282141730,1358748,4468,0,63147.21
512000,2048000,492,Dec,Large,277604319,1358748,2263,0,122670.93
512000,2048000,493,Del,Struct,294204782,1358748,1384,0,212575.71
512000,2048000,494,Inc,Large,293517626,1358748,1221,0,240391.18
512000,2048000,495,Inc,Large,296982495,1358748,1502,0,197724.70
512000,2048000,496,Add,Struct,292389878,1358748,5644,14,51805.44
512000,2048000,497,Del,Struct,291030273,1358748,1166,0,249597.15
512000,2048000,498,Del,Struct,301083690,1358748,1413,0,213081.17
512000,2048000,499,Dec,Large,273465218,1358748,1156,0,236561.61
512000,2048000,500,Dec,Large,276483710,1358748,1250,0,221186.97
512000,2048000,501,Dec,Large,268537970,1358748,1227,0,218857.35
512000,2048000,502,Dec,Large,273007149,1358752,2863,4,95357.02
512000,2048000,503,Dec,Large,273759078,1358752,2381,4,114976.51
512000,2048000,504,Add,Struct,270758302,1358752,4191,0,64604.70
512000,2048000,505,Del,Struct,277514170,1358752,1017,0,272875.29
512000,2048000,506,Dec,Large,268396502,1358754,3404,8,78847.39
512000,2048000,507,Dec,Large,273519700,1358754,1406,0,194537.48
512000,2048000,508,Dec,Large,276385160,1358754,2710,4,101987.14
512000,2048000,509,Add,Struct,275373590,1358754,2815,2,97823.66
512000,2048000,510,Inc,Large,272817570,1358754,1352,0,201788.14
512000,2048000,511,Del,Struct,281580086,1358754,1950,0,144400.04
512000,2048000,512,Dec,Large,275364745,1358754,1140,0,241548.02
512000,2048000,513,Add,Struct,278694828,1358754,1143,0,243827.50
512000,2048000,514,Add,Struct,280787962,1358754,20627,12,13612.64
512000,2048000,515,Dec,Large,276182476,1358754,1391,0,198549.59
512000,2048000,516,Add,Struct,289398280,1358754,3108,0,93113.99
512000,2048000,517,Inc,Large,273505153,1358754,1295,0,211200.89
512000,2048000,518,Dec,Large,273193880,1358752,2804,6,97430.06
512000,2048000,519,Inc,Large,274099844,1358754,3253,2,84260.63
512000,2048000,520,Add,Struct,290691729,1358754,1313,0,221395.07
512000,2048000,521,Add,Struct,280419753,1358722,56803,316,4936.71
512000,2048000,522,Del,Struct,282924055,1358722,1154,0,245168.16
512000,2048000,523,Dec,Large,297927901,1358722,2082,2,143096.97
512000,2048000,524,Add,Struct,290453341,1358724,2758,2,105313.03
512000,2048000,525,Del,Struct,302039258,1358724,972,0,310739.98
512000,2048000,526,Inc,Large,265185763,1358724,4611,4,57511.55
512000,2048000,527,Del,Struct,274888284,1358724,1100,0,249898.44
512000,2048000,528,Add,Struct,276981047,1358726,3531,2,78442.66
512000,2048000,529,Del,Struct,279713222,1358726,910,0,307377.17
512000,2048000,530,Dec,Large,275515273,1358724,2733,6,100810.56
512000,2048000,531,Inc,Large,274754376,1358724,1541,0,178296.16
512000,2048000,532,Dec,Large,280640835,1358724,1328,0,211325.93
512000,2048000,533,Dec,Large,269086092,1358724,2091,2,128687.75
512000,2048000,534,Inc,Large,277858564,1358724,1431,0,194170.90
512000,2048000,535,Dec,Large,277929388,1358724,1312,0,211836.42
512000,2048000,536,Add,Struct,278826972,1358724,2604,2,107076.41
512000,2048000,537,Add,Struct,270573792,1358726,3119,0,86750.17
512000,2048000,538,Inc,Large,274806585,1358726,1674,0,164161.64
512000,2048000,539,Del,Struct,280729789,1358726,900,0,311921.99
512000,2048000,540,Dec,Large,277417729,1358726,1821,0,152343.62
512000,2048000,541,Inc,Large,277849140,1358726,3452,2,80489.32
512000,2048000,542,Dec,Large,278278327,1358726,1077,0,258382.85
512000,2048000,543,Inc,Large,278214974,1358724,6376,8,43634.72
512000,2048000,544,Dec,Large,275071245,1358724,1234,0,222910.25
512000,2048000,545,Dec,Large,280015141,1358724,3595,10,77890.16
512000,2048000,546,Add,Struct,294337454,1358724,3735,0,78805.21
512000,2048000,547,Del,Struct,291156714,1358724,857,0,339739.46
512000,2048000,548,Dec,Large,296249997,1358724,1333,0,222243.06
512000,2048000,549,Inc,Large,287956686,1358724,1306,0,220487.51
512000,2048000,550,Add,Struct,312404330,1358732,4747,14,65810.90
512000,2048000,551,Add,Struct,276931653,1358732,1655,0,167330.30
512000,2048000,552,Add,Struct,278806433,1358732,2061,2,135277.26
512000,2048000,553,Dec,Large,276961342,1358732,1233,0,224623.96
512000,2048000,554,Inc,Large,271774028,1358732,1035,0,262583.60
512000,2048000,555,Del,Struct,276884168,1358734,3802,2,72825.93
512000,2048000,556,Del,Struct,274662255,1358734,900,0,305180.28
512000,2048000,557,Dec,Large,278891743,1358732,3473,8,80302.83
512000,2048000,558,Inc,Large,274760184,1358732,1608,0,170870.76
512000,2048000,559,Add,Struct,275589252,1358732,2448,0,112577.31
512000,2048000,560,Add,Struct,269801479,1358732,2011,0,134162.84
512000,2048000,561,Del,Struct,274654638,1358730,965,0,284616.21
512000,2048000,562,Add,Struct,270693722,1358730,2607,2,103833.42
512000,2048000,563,Inc,Large,278790483,1358730,3916,2,71192.67
512000,2048000,564,Dec,Large,280144510,1358730,1557,0,179925.83
512000,2048000,565,Dec,Large,274205479,1358730,3106,6,88282.51
512000,2048000,566,Inc,Large,278901984,1358730,1539,0,181222.86
512000,2048000,567,Dec,Large,274491195,1358734,4012,6,68417.55
512000,2048000,568,Inc,Large,280404444,1358734,1176,0,238439.15
512000,2048000,569,Inc,Large,275408456,1358734,1346,0,204612.52
512000,2048000,570,Del,Struct,280110642,1358734,934,0,299904.33
512000,2048000,571,Add,Struct,279203985,1358734,2346,2,119012.78
512000,2048000,572,Dec,Large,293750238,1358734,3063,2,95902.79
512000,2048000,573,Dec,Large,298772804,1358734,1358,0,220009.43
512000,2048000,574,Del,Struct,294930897,1358734,1283,0,229875.99
512000,2048000,575,Inc,Large,302300430,1358734,7935,8,38097.09
512000,2048000,576,Add,Struct,276543173,1358734,2820,0,98064.95
512000,2048000,577,Add,Struct,278950268,1358734,2044,0,136472.73
512000,2048000,578,Del,Struct,280522688,1358734,1079,0,259983.96
512000,2048000,579,Add,Struct,272785131,1358734,1100,0,247986.48
512000,2048000,580,Add,Struct,272059919,1358734,2390,0,113832.60
512000,2048000,581,Add,Struct,277105021,1358734,1165,0,237858.39
512000,2048000,582,Add,Struct,279523754,1358734,1155,0,242011.91
512000,2048000,583,Inc,Large,275619998,1358734,1495,0,184361.20
512000,2048000,584,Del,Struct,278417715,1358734,921,0,302299.36
512000,2048000,585,Del,Struct,272029194,1358734,996,0,273121.68
512000,2048000,586,Dec,Large,276227565,1358734,1336,0,206757.16
512000,2048000,587,Inc,Large,271011480,1358734,4307,4,62923.49
512000,2048000,588,Dec,Large,282383787,1358734,1356,0,208247.63
512000,2048000,589,Inc,Large,276069157,1358732,33179,8,8320.60
512000,2048000,590,Inc,Large,269521938,1358732,1224,0,220197.66
512000,2048000,591,Dec,Large,273530380,1358728,3127,4,87473.74
512000,2048000,592,Del,Struct,269806562,1358728,1281,0,210621.83
512000,2048000,593,Del,Struct,274765803,1358728,1283,0,214158.85
512000,2048000,594,Inc,Large,278143647,1358728,1509,0,184323.16
512000,2048000,595,Dec,Large,282993543,1358726,4271,10,66259.32
512000,2048000,596,Inc,Large,273502600,1358726,1863,0,146807.62
512000,2048000,597,Add,Struct,269059957,1358726,1837,0,146467.04
512000,2048000,598,Dec,Large,285796826,1358726,2284,2,125129.96
512000,2048000,599,Dec,Large,295273940,1358726,2533,2,116570.84
512000,2048000,600,Del,Struct,301215136,1358726,1383,0,217798.36
512000,2048000,601,Add,Struct,291552485,1358726,42716,200,6825.37
512000,2048000,602,Dec,Large,303742452,1358728,12575,4,24154.47
512000,2048000,603,Del,Struct,284332532,1358728,3826,2,74315.87
512000,2048000,604,Del,Struct,296373637,1358728,930,0,318681.33
512000,2048000,605,Inc,Large,296554252,1358728,3620,0,81921.06
512000,2048000,606,Del,Struct,303310046,1358728,1077,0,281624.93
512000,2048000,607,Add,Struct,337400142,1358728,3992,0,84519.07
512000,2048000,608,Inc,Large,271676230,1358728,1281,0,212081.37
512000,2048000,609,Del,Struct,277687685,1358728,879,0,315913.18
512000,2048000,610,Add,Struct,275164892,1358728,3141,0,87604.23
512000,2048000,611,Add,Struct,271898373,1358728,1696,0,160317.44
512000,2048000,612,Add,Struct,274593444,1358728,2420,0,113468.37
512000,2048000,613,Del,Struct,273940714,1358728,7256,6,37753.68
512000,2048000,614,Dec,Large,275864913,1358718,11724,52,23529.93
512000,2048000,615,Dec,Large,273186996,1358718,1627,0,167908.42
512000,2048000,616,Del,Struct,278228813,1358718,1056,0,263474.25
512000,2048000,617,Del,Struct,275939034,1358718,855,0,322735.71
512000,2048000,618,Del,Struct,275930207,1358718,981,0,281274.42
512000,2048000,619,Inc,Large,278763476,1358718,1529,0,182317.51
512000,2048000,620,Inc,Large,278245767,1358716,1130,0,246235.19
512000,2048000,621,Add,Struct,278087883,1358716,2614,0,106384.04
512000,2048000,622,Dec,Large,274724803,1358716,1571,0,174872.57
512000,2048000,623,Add,Struct,273581773,1358718,2177,0,125669.17
512000,2048000,624,Del,Struct,269737280,1358718,1219,0,221277.51
512000,2048000,625,Inc,Large,272762793,1358718,1521,0,179331.22
512000,2048000,626,Inc,Large,269176244,1358718,1316,0,204541.22
512000,2048000,627,Del,Struct,276134758,1358718,1089,0,253567.27
512000,2048000,628,Inc,Large,273453037,1358718,1000,0,273453.04
512000,2048000,629,Dec,Large,275738975,1358718,1305,0,211294.23
512000,2048000,630,Del,Struct,277349699,1358718,3107,2,89266.08
512000,2048000,631,Dec,Large,274854096,1358716,3591,6,76539.71
512000,2048000,632,Dec,Large,277336298,1358722,4611,8,60146.67
512000,2048000,633,Del,Struct,271943533,1358720,1117,0,243458.85
512000,2048000,634,Dec,Large,274187922,1358720,1532,0,178973.84
512000,2048000,635,Dec,Large,291171972,1358720,1768,0,164690.03
512000,2048000,636,Del,Struct,277010777,1358722,3816,2,72591.92
512000,2048000,637,Inc,Large,275782669,1358722,1358,0,203080.02
512000,2048000,638,Dec,Large,293911406,1358722,3596,0,81732.87
512000,2048000,639,Dec,Large,298548914,1358722,1228,0,243118.01
512000,2048000,640,Dec,Large,283909521,1358722,2963,4,95818.27
512000,2048000,641,Add,Struct,287347815,1358720,3203,0,89712.09
512000,2048000,642,Del,Struct,294316953,1358720,1286,0,228862.33
512000,2048000,643,Inc,Large,281517252,1358720,18984,0,14829.19
512000,2048000,644,Inc,Large,296694192,1358720,1153,0,257323.67
512000,2048000,645,Del,Struct,293764259,1358720,1011,0,290568.01
512000,2048000,646,Dec,Large,305464211,1358720,2167,0,140961.80
512000,2048000,647,Dec,Large,276945970,1358720,1374,0,201561.84
512000,2048000,648,Inc,Large,274400223,1358720,3058,0,89731.92
512000,2048000,649,Add,Struct,269774740,1358720,2146,0,125710.50
512000,2048000,650,Inc,Large,282338141,1358720,1222,0,231045.94
512000,2048000,651,Del,Struct,271712791,1358720,1256,0,216331.84
512000,2048000,652,Dec,Large,282558482,1358724,6712,2,42097.51
512000,2048000,653,Del,Struct,276821732,1358726,4392,4,63028.63
512000,2048000,654,Dec,Large,274284793,1358724,4891,10,56079.49
512000,2048000,655,Dec,Large,275772187,1358724,3141,6,87797.58
512000,2048000,656,Del,Struct,271188645,1358724,1129,0,240202.52
512000,2048000,657,Add,Struct,270479706,1358726,2887,2,93688.85
512000,2048000,658,Inc,Large,268002814,1358726,1405,0,190749.33
512000,2048000,659,Add,Struct,275738480,1358726,1157,0,238321.94
512000,2048000,660,Dec,Large,273632183,1358726,1890,0,144778.93
512000,2048000,661,Del,Struct,278503508,1358726,820,0,339638.42
512000,2048000,662,Dec,Large,279776395,1358726,1650,0,169561.45
512000,2048000,663,Del,Struct,278655328,1358726,1100,0,253323.03
512000,2048000,664,Add,Struct,276713413,1358726,2202,0,125664.58
512000,2048000,665,Inc,Large,273510410,1358726,1827,0,149704.66
512000,2048000,666,Del,Struct,275738691,1358726,866,0,318404.95
512000,2048000,667,Dec,Large,269291174,1358726,1513,0,177984.91
512000,2048000,668,Dec,Large,274869733,1358726,1388,0,198032.95
512000,2048000,669,Dec,Large,268001130,1358728,2681,2,99963.12
512000,2048000,670,Del,Struct,270680336,1358728,933,0,290118.26
512000,2048000,671,Inc,Large,282796229,1358728,1605,0,176197.03
512000,2048000,672,Del,Struct,270384487,1358728,1005,0,269039.29
512000,2048000,673,Add,Struct,274816637,1358728,1469,0,187077.36
512000,2048000,674,Del,Struct,277577066,1358728,1141,0,243275.26
512000,2048000,675,Del,Struct,274974146,1358728,1311,0,209743.82
512000,2048000,676,Inc,Large,274610783,1358728,1237,0,221997.40
512000,2048000,677,Dec,Large,283236476,1358728,1546,0,183206.00
512000,2048000,678,Del,Struct,275635815,1358728,915,0,301241.33
512000,2048000,679,Inc,Large,294840302,1358728,1405,0,209850.75
512000,2048000,680,Inc,Large,296729183,1358728,5136,2,57774.37
512000,2048000,681,Inc,Large,295440372,1358728,1570,0,188178.58
512000,2048000,682,Add,Struct,301939219,1358728,1974,0,152958.06
512000,2048000,683,Inc,Large,271926709,1358728,1325,0,205227.70
512000,2048000,684,Dec,Large,278854892,1358728,1235,0,225793.43
512000,2048000,685,Del,Struct,272091965,1358728,1234,0,220495.92
512000,2048000,686,Dec,Large,272902698,1358728,1065,0,256246.66
512000,2048000,687,Inc,Large,267996373,1358728,1788,0,149886.11
512000,2048000,688,Add,Struct,275567484,1358728,1648,0,167213.28
512000,2048000,689,Inc,Large,277035560,1358728,1376,0,201333.98
512000,2048000,690,Inc,Large,273608698,1358728,1288,0,212429.11
512000,2048000,691,Dec,Large,272617968,1358728,1242,0,219499.17
512000,2048000,692,Add,Struct,276467063,1358728,1519,0,182005.97
512000,2048000,693,Add,Struct,273970699,1358732,4330,8,63272.68
512000,2048000,694,Dec,Large,269574802,1358732,1247,0,216178.67
512000,2048000,695,Dec,Large,290524117,1358732,1264,0,229845.03
512000,2048000,696,Del,Struct,271845902,1358730,2844,2,95585.76
512000,2048000,697,Dec,Large,274531669,1358732,2544,4,107913.39
512000,2048000,698,Dec,Large,280743782,1358732,1122,0,250217.27
512000,2048000,699,Add,Struct,277065360,1358732,1901,0,145747.16
512000,2048000,700,Del,Struct,278896250,1358732,1462,0,190763.51
512000,2048000,701,Dec,Large,272604873,1358732,1067,0,255487.23
512000,2048000,702,Add,Struct,276504217,1358734,1206,0,229273.81
512000,2048000,703,Del,Struct,274638176,1358734,1140,0,240910.68
512000,2048000,704,Dec,Large,275502658,1358734,2902,4,94935.44
512000,2048000,705,Del,Struct,286729390,1358732,4275,4,67071.20
512000,2048000,706,Inc,Large,280906786,1358732,1258,0,223296.33
512000,2048000,707,Dec,Large,273139581,1358732,1488,0,183561.55
512000,2048000,708,Del,Struct,288889266,1358732,5712,8,50575.85
512000,2048000,709,Del,Struct,281920220,1358732,1107,0,254670.48
512000,2048000,710,Del,Struct,293824114,1358732,979,0,300126.78
512000,2048000,711,Inc,Large,294970596,1358732,1279,0,230625.95
512000,2048000,712,Inc,Large,301967003,1358732,1656,0,182347.22
512000,2048000,713,Add,Struct,274033303,1358732,1933,0,141765.81
512000,2048000,714,Inc,Large,278272071,1358732,1203,0,231315.10
512000,2048000,715,Dec,Large,274542278,1358732,1121,0,244908.37
512000,2048000,716,Add,Struct,271146402,1358732,2423,0,111905.24
512000,2048000,717,Del,Struct,268681085,1358738,10612,24,25318.61
512000,2048000,718,Inc,Large,268294890,1358738,1027,0,261241.37
512000,2048000,719,Inc,Large,267736198,1358736,2705,2,98978.26
512000,2048000,720,Dec,Large,283971640,1358736,1616,0,175725.02
512000,2048000,721,Inc,Large,274524934,1358736,1745,0,157320.88
512000,2048000,722,Inc,Large,280517837,1358736,1278,0,219497.53
512000,2048000,723,Inc,Large,271029813,1358736,1433,0,189134.55
512000,2048000,724,Dec,Large,277692052,1358736,1129,0,245962.84
512000,2048000,725,Del,Struct,277460579,1358734,985,0,281685.87
512000,2048000,726,Inc,Large,270625368,1358734,3637,0,74408.95
512000,2048000,727,Del,Struct,279997067,1358734,1050,0,266663.87
512000,2048000,728,Del,Struct,271203025,1358734,1654,0,163967.97
512000,2048000,729,Del,Struct,287785866,1358734,1005,0,286354.10
512000,2048000,730,Add,Struct,272147728,1358734,1184,0,229854.50
512000,2048000,731,Add,Struct,295905009,1358734,2207,0,134075.67
512000,2048000,732,Dec,Large,291742329,1358734,1183,0,246612.28
512000,2048000,733,Add,Struct,295663306,1358734,1837,0,160949.00
512000,2048000,734,Dec,Large,305455255,1358736,4523,12,67533.77
512000,2048000,735,Del,Struct,276272041,1358734,1191,0,231966.45
512000,2048000,736,Dec,Large,276397304,1358734,1331,0,207661.39
512000,2048000,737,Inc,Large,273347072,1358732,5685,6,48082.16
512000,2048000,738,Del,Struct,275678357,1358732,1175,0,234619.88
512000,2048000,739,Inc,Large,278675747,1358728,19250,52,14476.66
512000,2048000,740,Add,Struct,272776869,1358728,2616,0,104272.50
512000,2048000,741,Del,Struct,272373673,1358728,3904,2,69767.85
512000,2048000,742,Inc,Large,273721838,1358728,1510,0,181272.74
512000,2048000,743,Dec,Large,275705861,1358728,1512,0,182345.15
512000,2048000,744,Inc,Large,273672810,1358728,1334,0,205152.03
512000,2048000,745,Dec,Large,273545793,1358728,1309,0,208973.10
512000,2048000,746,Dec,Large,270792159,1358728,1160,0,233441.52
512000,2048000,747,Add,Struct,276778022,1358728,3273,0,84564.02
512000,2048000,748,Add,Struct,272409345,1358728,1779,0,153124.98
512000,2048000,749,Dec,Large,277131503,1358728,1660,0,166946.69
512000,2048000,750,Add,Struct,273897932,1358726,3503,4,78189.53
512000,2048000,751,Add,Struct,274034631,1358726,2586,0,105968.53
512000,2048000,752,Inc,Large,273672563,1358726,1606,0,170406.33
512000,2048000,753,Inc,Large,267978967,1358726,1388,0,193068.42
512000,2048000,754,Del,Struct,279800733,1358724,4702,4,59506.75
512000,2048000,755,Inc,Large,274205395,1358726,7676,10,35722.43
512000,2048000,756,Inc,Large,279943128,1358726,1198,0,233675.40
512000,2048000,757,Inc,Large,280953500,1358726,1285,0,218640.86
512000,2048000,758,Del,Struct,293621468,1358726,1451,0,202358.01
512000,2048000,759,Inc,Large,292342480,1358726,1230,0,237676.81
512000,2048000,760,Dec,Large,294040647,1358726,1291,0,227761.93
512000,2048000,761,Dec,Large,272174490,1358726,1215,0,224011.93
512000,2048000,762,Add,Struct,272059022,1358726,1146,0,237398.80
512000,2048000,763,Dec,Large,280289445,1358726,1375,0,203846.87
512000,2048000,764,Del,Struct,275247620,1358726,901,0,305491.25
512000,2048000,765,Dec,Large,279738081,1358726,2943,2,95052.02
512000,2048000,766,Inc,Large,281568976,1358726,1449,0,194319.51
512000,2048000,767,Dec,Large,288565257,1358726,1469,0,196436.53
512000,2048000,768,Inc,Large,280082304,1358726,2206,0,126963.87
512000,2048000,769,Add,Struct,271962250,1358726,2673,0,101744.20
512000,2048000,770,Add,Struct,281296062,1358726,2018,0,139393.49
512000,2048000,771,Del,Struct,276776302,1358726,1069,0,258911.41
512000,2048000,772,Add,Struct,276303878,1358722,2358,2,117177.22
512000,2048000,773,Del,Struct,268835841,1358722,2714,2,99055.21
512000,2048000,774,Del,Struct,275018311,1358720,1368,0,201036.78
512000,2048000,775,Dec,Large,271517726,1358720,1255,0,216348.79
512000,2048000,776,Del,Struct,272658568,1358720,1065,0,256017.43
512000,2048000,777,Del,Struct,276490302,1358720,1124,0,245987.81
512000,2048000,778,Inc,Large,277167625,1358720,19912,62,13919.63
512000,2048000,779,Dec,Large,275516327,1358720,2819,6,97735.48
512000,2048000,780,Dec,Large,291591445,1358720,1821,0,160127.10
512000,2048000,781,Inc,Large,299186866,1358720,1137,0,263137.09
512000,2048000,782,Inc,Large,276200206,1358720,1183,0,233474.39
512000,2048000,783,Add,Struct,285290305,1358720,1845,0,154628.89
512000,2048000,784,Dec,Large,294713613,1358722,2393,2,123156.55
512000,2048000,785,Del,Struct,296225243,1358722,1190,0,248928.78
512000,2048000,786,Add,Struct,276834497,1358724,3072,4,90115.40
512000,2048000,787,Add,Struct,277498599,1358724,1785,0,155461.40
512000,2048000,788,Inc,Large,285694722,1358736,15807,28,18073.94
512000,2048000,789,Del,Struct,270555266,1358736,893,0,302973.42
512000,2048000,790,Add,Struct,276135251,1358736,1911,0,144497.78
512000,2048000,791,Add,Struct,268225583,1358736,1295,0,207124.00
512000,2048000,792,Dec,Large,287641866,1358736,1257,0,228832.03
512000,2048000,793,Add,Struct,282003967,1358738,1673,0,168561.85
512000,2048000,794,Add,Struct,270646677,1358738,1509,0,179354.99
512000,2048000,795,Add,Struct,275542742,1358738,2735,0,100746.89
512000,2048000,796,Del,Struct,270527177,1358738,1029,0,262902.99
512000,2048000,797,Del,Struct,272791383,1358738,958,0,284750.92
512000,2048000,798,Inc,Large,272565258,1358738,1459,0,186816.49
512000,2048000,799,Inc,Large,277104888,1358736,1387,0,199787.23
512000,2048000,800,Add,Struct,273500785,1358738,2968,2,92149.86
512000,2048000,801,Dec,Large,328845371,1358738,1089,0,301970.04
512000,2048000,802,Inc,Large,273615253,1358738,1256,0,217846.54
512000,2048000,803,Del,Struct,270976495,1358734,3231,0,83867.69
512000,2048000,804,Del,Struct,274154257,1358734,1240,0,221092.14
512000,2048000,805,Del,Struct,271039359,1358734,1430,0,189538.01
512000,2048000,806,Dec,Large,274745115,1358734,2635,4,104267.60
512000,2048000,807,Add,Struct,270310411,1358734,2660,0,101620.46
512000,2048000,808,Del,Struct,280486165,1358734,886,0,316575.81
512000,2048000,809,Inc,Large,276466349,1358734,1481,0,186675.46
512000,2048000,810,Del,Struct,297420467,1358734,1035,0,287362.77
512000,2048000,811,Add,Struct,291655908,1358734,1539,0,189510.01
512000,2048000,812,Del,Struct,293717592,1358734,5071,4,57921.04
512000,2048000,813,Dec,Large,274982961,1358734,2178,0,126254.80
512000,2048000,814,Add,Struct,276503781,1358734,1030,0,268450.27
512000,2048000,815,Del,Struct,283309193,1358732,3940,2,71905.89
512000,2048000,816,Del,Struct,277116122,1358730,935,0,296380.88
512000,2048000,817,Dec,Large,275648737,1358730,1226,0,224835.84
512000,2048000,818,Add,Struct,277484178,1358730,2297,0,120802.86
512000,2048000,819,Dec,Large,278898332,1358730,1439,0,193813.99
512000,2048000,820,Del,Struct,273672609,1358726,4369,4,62639.64
512000,2048000,821,Dec,Large,274944678,1358726,1945,0,141359.73
512000,2048000,822,Dec,Large,273969418,1358726,1857,0,147533.34
512000,2048000,823,Dec,Large,271103762,1358726,1245,0,217754.03
512000,2048000,824,Add,Struct,272250054,1358728,1504,0,181017.32
512000,2048000,825,Dec,Large,271546184,1358728,1702,0,159545.35
512000,2048000,826,Inc,Large,278663860,1358728,1358,0,205201.66
512000,2048000,827,Dec,Large,270761581,1358728,1595,0,169756.48
512000,2048000,828,Del,Struct,272397489,1358726,18356,48,14839.70
512000,2048000,829,Inc,Large,273135740,1358726,1640,0,166546.18
512000,2048000,830,Inc,Large,273149604,1358726,1138,0,240026.01
512000,2048000,831,Dec,Large,284350091,1358726,1247,0,228027.34
512000,2048000,832,Inc,Large,270779998,1358726,1276,0,212210.03
512000,2048000,833,Del,Struct,273517008,1358726,1231,0,222190.91
512000,2048000,834,Add,Struct,274137745,1358726,1751,0,156560.68
512000,2048000,835,Inc,Large,293188091,1358726,1130,0,259458.49
512000,2048000,836,Del,Struct,284294732,1358726,1172,0,242572.30
512000,2048000,837,Inc,Large,287299777,1358726,1193,0,240821.27
512000,2048000,838,Dec,Large,286917001,1358726,880,0,326042.05
512000,2048000,839,Dec,Large,286705357,1358726,1812,0,158225.91
512000,2048000,840,Del,Struct,290420044,1358726,1000,0,290420.04
512000,2048000,841,Inc,Large,289459513,1358726,1150,0,251703.92
512000,2048000,842,Del,Struct,280171235,1358724,3378,0,82939.97
512000,2048000,843,Del,Struct,293115940,1358724,878,0,333845.03
512000,2048000,844,Del,Struct,287582635,1358724,889,0,323490.03
512000,2048000,845,Add,Struct,292567988,1358724,20587,12,14211.30
512000,2048000,846,Dec,Large,305581515,1358724,1248,0,244856.98
512000,2048000,847,Inc,Large,283887632,1358724,1446,0,196326.16
512000,2048000,848,Add,Struct,268085663,1358724,1301,0,206061.23
512000,2048000,849,Dec,Large,276592820,1358724,1114,0,248287.99
512000,2048000,850,Inc,Large,274767027,1358724,1447,0,189887.37
512000,2048000,851,Del,Struct,270303307,1358720,11504,26,23496.46
512000,2048000,852,Add,Struct,271440627,1358720,2655,0,102237.52
512000,2048000,853,Del,Struct,272734587,1358720,1002,0,272190.21
512000,2048000,854,Del,Struct,274704261,1358718,5444,6,50460.00
512000,2048000,855,Inc,Large,265202730,1358716,4281,4,61948.78
512000,2048000,856,Add,Struct,278058904,1358716,2691,0,103329.21
512000,2048000,857,Inc,Large,275413300,1358716,23084,2,11930.92
512000,2048000,858,Del,Struct,272942477,1358718,2826,2,96582.62
512000,2048000,859,Inc,Large,270349528,1358718,1163,0,232458.75
512000,2048000,860,Dec,Large,276997474,1358718,5226,14,53003.73
512000,2048000,861,Add,Struct,275799733,1358718,1457,0,189292.88
512000,2048000,862,Inc,Large,271371225,1358716,5548,4,48913.34
512000,2048000,863,Del,Struct,277506600,1358714,3323,2,83510.86
512000,2048000,864,Inc,Large,274623237,1358714,5593,6,49101.24
512000,2048000,865,Dec,Large,276843020,1358714,2961,4,93496.46
512000,2048000,866,Dec,Large,272073936,1358712,3642,6,74704.54
512000,2048000,867,Inc,Large,269423977,1358712,1209,0,222848.62
512000,2048000,868,Inc,Large,267994324,1358712,1308,0,204888.63
512000,2048000,869,Inc,Large,278230193,1358712,5409,4,51438.38
512000,2048000,870,Add,Struct,272635389,1358712,1894,0,143946.88
512000,2048000,871,Add,Struct,277180942,1358714,3204,2,86510.91
512000,2048000,872,Del,Struct,272675910,1358714,800,0,340844.89
512000,2048000,873,Inc,Large,269638336,1358712,3973,4,67867.69
512000,2048000,874,Inc,Large,275942415,1358712,3276,2,84231.51
512000,2048000,875,Dec,Large,272807022,1358708,2779,4,98167.33
512000,2048000,876,Dec,Large,274625104,1358708,2714,4,101188.32
512000,2048000,877,Add,Struct,289107152,1358708,2639,0,109551.78
512000,2048000,878,Add,Struct,299449393,1358708,2408,0,124356.06
512000,2048000,879,Add,Struct,286533997,1358708,2591,0,110588.19
512000,2048000,880,Inc,Large,305426591,1358708,3477,2,87841.99
512000,2048000,881,Dec,Large,274576022,1358708,1228,0,223596.11
512000,2048000,882,Inc,Large,271909860,1358706,3170,2,85775.98
512000,2048000,883,Inc,Large,276423161,1358706,1123,0,246147.07
512000,2048000,884,Del,Struct,266662736,1358706,1296,0,205758.28
512000,2048000,885,Del,Struct,278258381,1358706,1130,0,246246.35
512000,2048000,886,Dec,Large,274145873,1358706,1154,0,237561.42
512000,2048000,887,Add,Struct,278812471,1358708,2345,0,118896.58
512000,2048000,888,Del,Struct,276179856,1358708,1227,0,225085.46
512000,2048000,889,Dec,Large,280984929,1358708,1054,0,266589.12
512000,2048000,890,Add,Struct,275557671,1358708,2640,0,104377.91
512000,2048000,891,Inc,Large,276009851,1358708,1219,0,226423.18
512000,2048000,892,Del,Struct,280204175,1358704,4154,0,67454.06
512000,2048000,893,Del,Struct,270360843,1358704,890,0,303776.23
512000,2048000,894,Inc,Large,285079937,1358704,1180,0,241593.17
512000,2048000,895,Add,Struct,284365041,1358702,4076,4,69765.71
512000,2048000,896,Add,Struct,277756686,1358702,2227,0,124722.36
512000,2048000,897,Del,Struct,280865820,1358702,1268,0,221503.01
512000,2048000,898,Dec,Large,274879781,1358704,6208,12,44278.32
512000,2048000,899,Inc,Large,277568792,1358704,1227,0,226217.43
512000,2048000,900,Inc,Large,273047741,1358704,1852,0,147433.99
512000,2048000,901,Inc,Large,274488463,1358702,6323,8,43411.11
512000,2048000,902,Dec,Large,272721734,1358702,2209,2,123459.36
512000,2048000,903,Del,Struct,290220247,1358702,940,0,308744.94
512000,2048000,904,Add,Struct,291565232,1358702,2261,0,128954.11
512000,2048000,905,Dec,Large,296856790,1358702,1100,0,269869.81
512000,2048000,906,Add,Struct,300044628,1358702,2434,0,123272.24
512000,2048000,907,Add,Struct,275862642,1358702,2297,0,120096.93
512000,2048000,908,Inc,Large,273959799,1358702,1740,0,157448.16
512000,2048000,909,Del,Struct,270044338,1358702,2599,2,103903.17
512000,2048000,910,Inc,Large,294760802,1358702,1442,0,204411.10
512000,2048000,911,Dec,Large,277266783,1358698,3198,6,86700.06
512000,2048000,912,Del,Struct,279074256,1358698,836,0,333820.88
512000,2048000,913,Inc,Large,277004491,1358698,1382,0,200437.40
512000,2048000,914,Add,Struct,275217957,1358700,4123,4,66751.87
512000,2048000,915,Del,Struct,275206038,1358700,963,0,285779.89
512000,2048000,916,Dec,Large,271649346,1358700,1059,0,256514.96
512000,2048000,917,Dec,Large,276819322,1358700,3261,6,84887.86
512000,2048000,918,Inc,Large,270747651,1358700,1192,0,227137.29
512000,2048000,919,Add,Struct,275672564,1358700,1809,0,152389.48
512000,2048000,920,Del,Struct,271939299,1358700,991,0,274408.98
512000,2048000,921,Dec,Large,272222025,1358704,2559,4,106378.28
512000,2048000,922,Add,Struct,276542813,1358706,3194,2,86581.97
512000,2048000,923,Inc,Large,289393463,1358706,1213,0,238576.64
512000,2048000,924,Dec,Large,274988158,1358710,3800,6,72365.30
512000,2048000,925,Add,Struct,286489512,1358710,2560,0,111909.97
512000,2048000,926,Dec,Large,284966807,1358710,1284,0,221936.77
512000,2048000,927,Inc,Large,276132953,1358710,2210,0,124947.04
512000,2048000,928,Add,Struct,283362454,1358710,3379,2,83859.86
512000,2048000,929,Dec,Large,291088763,1358710,1478,0,196947.74
512000,2048000,930,Inc,Large,289825397,1358706,64902,44,4465.58
512000,2048000,931,Add,Struct,296121929,1358706,1622,0,182565.92
512000,2048000,932,Dec,Large,310340007,1358706,1166,0,266157.81
512000,2048000,933,Del,Struct,274153659,1358708,3793,4,72278.84
512000,2048000,934,Inc,Large,272372745,1358704,7128,6,38211.66
512000,2048000,935,Inc,Large,273544973,1358704,1485,0,184205.37
512000,2048000,936,Add,Struct,271868752,1358704,2386,0,113943.32
512000,2048000,937,Inc,Large,276608303,1358704,4737,4,58393.14
512000,2048000,938,Inc,Large,270911903,1358704,1322,0,204925.80
512000,2048000,939,Inc,Large,274845050,1358704,1260,0,218130.99
512000,2048000,940,Add,Struct,276666331,1358704,2634,0,105036.57
512000,2048000,941,Inc,Large,268141452,1358704,1306,0,205315.05
512000,2048000,942,Del,Struct,275370564,1358704,1024,0,268916.57
512000,2048000,943,Inc,Large,273173727,1358704,4029,4,67801.87
512000,2048000,944,Dec,Large,274750247,1358706,2944,4,93325.49
512000,2048000,945,Add,Struct,270882601,1358706,2216,0,122239.44
512000,2048000,946,Dec,Large,274947581,1358708,5790,12,47486.63
512000,2048000,947,Add,Struct,275522032,1358708,2509,0,109813.48
512000,2048000,948,Inc,Large,277515241,1358708,2861,2,96999.39
512000,2048000,949,Dec,Large,279751385,1358712,3057,2,91511.74
512000,2048000,950,Inc,Large,276115697,1358712,1124,0,245654.53
512000,2048000,951,Add,Struct,279169039,1358712,1796,0,155439.33
512000,2048000,952,Del,Struct,270192332,1358712,3192,2,84646.72
512000,2048000,953,Dec,Large,280200249,1358712,12143,0,23075.04
512000,2048000,954,Del,Struct,271507774,1358712,784,0,346310.94
512000,2048000,955,Inc,Large,294724087,1358712,1600,0,184202.55
512000,2048000,956,Add,Struct,286192136,1358712,2571,0,111315.49
512000,2048000,957,Inc,Large,297584552,1358706,9684,18,30729.51
512000,2048000,958,Dec,Large,307364016,1358706,1131,0,271763.06
512000,2048000,959,Del,Struct,273217444,1358704,924,0,295689.87
512000,2048000,960,Inc,Large,271395186,1358704,1298,0,209087.20
512000,2048000,961,Inc,Large,271338077,1358702,3416,2,79431.52
512000,2048000,962,Inc,Large,275446729,1358702,1633,0,168675.28
512000,2048000,963,Inc,Large,272261331,1358702,1387,0,196295.12
512000,2048000,964,Dec,Large,273513642,1358698,25353,76,10788.22
512000,2048000,965,Inc,Large,270547788,1358698,1396,0,193802.14
512000,2048000,966,Del,Struct,275431169,1358698,1281,0,215012.62
512000,2048000,967,Del,Struct,276900307,1358698,903,0,306644.86
512000,2048000,968,Add,Struct,278869400,1358700,2947,0,94628.23
512000,2048000,969,Add,Struct,272801155,1358700,3444,0,79210.56
512000,2048000,970,Del,Struct,271760588,1358696,10785,22,25198.01
512000,2048000,971,Dec,Large,279686209,1358696,4233,8,66072.81
512000,2048000,972,Add,Struct,275984025,1358696,1380,0,199988.42
512000,2048000,973,Inc,Large,277927326,1358696,1281,0,216961.22
512000,2048000,974,Dec,Large,270580729,1358698,3047,2,88802.34
512000,2048000,975,Inc,Large,280471905,1358698,1906,0,147152.10
512000,2048000,976,Del,Struct,277549532,1358696,1057,0,262582.34
512000,2048000,977,Del,Struct,270283739,1358696,823,0,328412.81
512000,2048000,978,Del,Struct,274344515,1358696,1635,0,167794.81
512000,2048000,979,Add,Struct,275359134,1358696,1258,0,218886.43
512000,2048000,980,Del,Struct,276910682,1358694,1294,0,213995.89
512000,2048000,981,Add,Struct,286625108,1358696,2679,2,106989.59
512000,2048000,982,Del,Struct,296123516,1358696,909,0,325768.44
512000,2048000,983,Dec,Large,290554565,1358696,1376,0,211158.84
512000,2048000,984,Del,Struct,305507300,1358696,1642,0,186058.04
512000,2048000,985,Add,Struct,281868472,1358696,1881,0,149850.33
512000,2048000,986,Inc,Large,287991633,1358694,4298,4,67005.96
512000,2048000,987,Del,Struct,292087860,1358694,2960,0,98678.33
512000,2048000,988,Add,Struct,293198139,1358696,7668,24,38236.59
512000,2048000,989,Inc,Large,304682741,1358696,1396,0,218254.11
512000,2048000,990,Inc,Large,284400394,1358696,1307,0,217597.85
512000,2048000,991,Inc,Large,271513734,1358696,1368,0,198474.95
512000,2048000,992,Inc,Large,279213139,1358696,1482,0,188402.93
512000,2048000,993,Inc,Large,277432590,1358696,1727,0,160644.23
512000,2048000,994,Add,Struct,276635439,1358694,3665,8,75480.34
512000,2048000,995,Inc,Large,274219937,1358698,7762,16,35328.52
512000,2048000,996,Add,Struct,278493019,1358698,1447,0,192462.35
512000,2048000,997,Del,Struct,273928679,1358698,1008,0,271754.64
512000,2048000,998,Del,Struct,281192114,1358698,1426,0,197189.42
512000,2048000,999,Inc,Large,306404913,1358698,5853,2,52350.06
1024000,4096000,0,Del,Struct,732713034,2723036,1153,0,635483.98
1024000,4096000,1,Inc,Large,739582871,2723036,1351,0,547433.66
1024000,4096000,2,Inc,Large,710927047,2723036,4840,0,146885.75
1024000,4096000,3,Del,Struct,693403594,2723036,1250,0,554722.88
1024000,4096000,4,Add,Struct,722054565,2723036,2820,0,256047.72
1024000,4096000,5,Inc,Large,633010611,2723036,1001,0,632378.23
1024000,4096000,6,Add,Struct,633294110,2723036,2365,0,267777.64
1024000,4096000,7,Add,Struct,654392546,2723036,2156,2,303521.59
1024000,4096000,8,Inc,Large,643782820,2723040,9964,16,64610.88
1024000,4096000,9,Add,Struct,629048200,2723038,2765,2,227503.87
1024000,4096000,10,Add,Struct,626930867,2723038,2269,0,276302.72
1024000,4096000,11,Inc,Large,674994492,2723038,1305,0,517237.16
1024000,4096000,12,Add,Struct,665299076,2723038,2149,0,309585.42
1024000,4096000,13,Del,Struct,627677756,2723038,1106,0,567520.58
1024000,4096000,14,Inc,Large,641231371,2723038,1516,0,422975.84
1024000,4096000,15,Inc,Large,618516247,2723038,1855,0,333431.94
1024000,4096000,16,Del,Struct,626917036,2723038,909,0,689677.71
1024000,4096000,17,Add,Struct,628795389,2723038,1260,0,499043.96
1024000,4096000,18,Add,Struct,681725821,2723038,2581,0,264132.44
1024000,4096000,19,Inc,Large,666013708,2723038,2557,0,260466.84
1024000,4096000,20,Del,Struct,677198010,2723038,935,0,724275.95
1024000,4096000,21,Dec,Large,624498062,2723038,1220,0,511883.66
1024000,4096000,22,Del,Struct,688846559,2723038,1364,0,505019.47
1024000,4096000,23,Dec,Large,665598348,2723038,1596,0,417041.57
1024000,4096000,24,Add,Struct,671258817,2723038,1901,0,353108.27
1024000,4096000,25,Del,Struct,668458201,2723038,1122,0,595773.80
1024000,4096000,26,Del,Struct,658719386,2723038,1011,0,651552.31
1024000,4096000,27,Del,Struct,619393284,2723030,106636,360,5808.48
1024000,4096000,28,Del,Struct,632844204,2723028,1029,0,615008.94
1024000,4096000,29,Dec,Large,617840310,2723028,2388,2,258727.10
1024000,4096000,30,Inc,Large,622035578,2723028,1114,0,558380.23
1024000,4096000,31,Add,Struct,665440764,2723028,2571,0,258825.66
1024000,4096000,32,Inc,Large,675383167,2723028,3298,0,204785.68
1024000,4096000,33,Add,Struct,666898139,2723028,2927,0,227843.57
1024000,4096000,34,Inc,Large,665350616,2723028,4054,2,164122.01
1024000,4096000,35,Del,Struct,655791332,2723028,1061,0,618087.97
1024000,4096000,36,Dec,Large,634976176,2723028,3013,4,210745.49
1024000,4096000,37,Dec,Large,622162358,2723024,3556,6,174961.29
1024000,4096000,38,Inc,Large,626859736,2723024,1607,0,390080.73
1024000,4096000,39,Inc,Large,643363234,2723024,1145,0,561889.29
1024000,4096000,40,Inc,Large,660817509,2723022,3122,2,211664.80
1024000,4096000,41,Add,Struct,639592550,2723024,2079,0,307644.32
1024000,4096000,42,Inc,Large,622663567,2723024,1120,0,555949.61
1024000,4096000,43,Add,Struct,622071697,2723024,40175,0,15484.05
1024000,4096000,44,Add,Struct,624504676,2723024,1703,0,366708.56
1024000,4096000,45,Inc,Large,614108277,2723024,1240,0,495248.61
1024000,4096000,46,Del,Struct,614360314,2723024,1329,0,462272.62
1024000,4096000,47,Inc,Large,617806007,2723024,1353,0,456619.37
1024000,4096000,48,Del,Struct,619105645,2723024,954,0,648957.70
1024000,4096000,49,Del,Struct,631332716,2723024,946,0,667370.74
1024000,4096000,50,Inc,Large,636177545,2723016,6600,8,96390.54
1024000,4096000,51,Inc,Large,652620451,2723016,1534,0,425437.06
1024000,4096000,52,Dec,Large,669120418,2723016,1497,0,446974.23
1024000,4096000,53,Add,Struct,650112304,2723016,2691,0,241587.63
1024000,4096000,54,Dec,Large,658511307,2723016,1474,0,446751.23
1024000,4096000,55,Dec,Large,632329733,2723016,2120,2,298268.74
1024000,4096000,56,Del,Struct,614831413,2723014,1087,0,565622.28
1024000,4096000,57,Del,Struct,615032115,2723014,5561,2,110597.40
1024000,4096000,58,Del,Struct,614859319,2723014,1250,0,491887.46
1024000,4096000,59,Dec,Large,627634586,2723018,4674,10,134282.11
1024000,4096000,60,Del,Struct,615623102,2723016,1211,0,508359.29
1024000,4096000,61,Del,Struct,614003168,2723016,1136,0,540495.75
1024000,4096000,62,Add,Struct,620065114,2723016,2641,0,234784.22
1024000,4096000,63,Add,Struct,617600819,2723014,5067,8,121886.88
1024000,4096000,64,Inc,Large,614996892,2723014,1060,0,580185.75
1024000,4096000,65,Dec,Large,612101405,2723016,3456,8,177112.68
1024000,4096000,66,Inc,Large,630817629,2723016,1355,0,465548.07
1024000,4096000,67,Dec,Large,627513841,2723016,998,0,628771.38
1024000,4096000,68,Del,Struct,623284073,2723016,1095,0,569209.20
1024000,4096000,69,Add,Struct,662324088,2723016,1273,0,520286.01
1024000,4096000,70,Add,Struct,658859276,2723016,1181,0,557882.54
1024000,4096000,71,Del,Struct,618959405,2723014,953,0,649485.21
1024000,4096000,72,Add,Struct,614467823,2723014,1366,0,449830.03
1024000,4096000,73,Dec,Large,619004423,2723014,1791,0,345619.44
1024000,4096000,74,Del,Struct,616956944,2723014,1110,0,555817.07
1024000,4096000,75,Add,Struct,615382701,2723014,1274,0,483031.95
1024000,4096000,76,Dec,Large,618223948,2723014,1196,0,516909.66
1024000,4096000,77,Add,Struct,617129876,2723014,2332,0,264635.45
1024000,4096000,78,Del,Struct,619146983,2723014,5512,6,112327.10
1024000,4096000,79,Inc,Large,623754048,2723014,1289,0,483905.39
1024000,4096000,80,Add,Struct,635387955,2723014,2867,0,221621.19
1024000,4096000,81,Dec,Large,653467335,2723012,2091,2,312514.27
1024000,4096000,82,Del,Struct,644939867,2723012,1017,0,634159.16
1024000,4096000,83,Del,Struct,620219217,2723010,5149,4,120454.31
1024000,4096000,84,Add,Struct,615723656,2723010,1854,0,332105.53
1024000,4096000,85,Dec,Large,623554026,2723010,1345,0,463608.94
1024000,4096000,86,Dec,Large,622255081,2723010,1739,0,357823.51
1024000,4096000,87,Inc,Large,646065489,2723010,1643,0,393223.06
1024000,4096000,88,Dec,Large,638440847,2723006,11198,44,57013.83
1024000,4096000,89,Add,Struct,613888233,2723008,2025,0,303154.68
1024000,4096000,90,Inc,Large,616664305,2723008,1856,0,332254.47
1024000,4096000,91,Add,Struct,626793972,2723010,2681,0,233791.11
1024000,4096000,92,Del,Struct,642050327,2723010,914,0,702462.06
1024000,4096000,93,Dec,Large,637132212,2723010,1483,0,429623.88
1024000,4096000,94,Del,Struct,618402447,2723010,832,0,743272.17
1024000,4096000,95,Inc,Large,625768229,2723010,1316,0,475507.77
1024000,4096000,96,Add,Struct,627838162,2723010,2451,0,256155.92
1024000,4096000,97,Dec,Large,629239467,2723010,1203,0,523058.58
1024000,4096000,98,Inc,Large,615865963,2723004,3866,2,159303.15
1024000,4096000,99,Inc,Large,626706578,2723002,6063,6,103365.76
1024000,4096000,100,Add,Struct,618438100,2723002,2404,0,257253.79
1024000,4096000,101,Dec,Large,621864439,2723004,3570,6,174191.72
1024000,4096000,102,Del,Struct,623175155,2723002,30510,26,20425.28
1024000,4096000,103,Add,Struct,625265075,2723002,2602,0,240301.72
1024000,4096000,104,Del,Struct,646721431,2723002,964,0,670872.85
1024000,4096000,105,Add,Struct,642193405,2723002,2357,0,272462.20
1024000,4096000,106,Add,Struct,618490716,2723002,3006,0,205752.07
1024000,4096000,107,Add,Struct,626776548,2723002,2770,0,226273.12
1024000,4096000,108,Add,Struct,618734523,2723000,3937,4,157158.88
1024000,4096000,109,Dec,Large,618078246,2722998,3477,4,177761.93
1024000,4096000,110,Inc,Large,616196998,2723000,4661,4,132202.75
1024000,4096000,111,Inc,Large,613669548,2723000,3582,2,171320.37
1024000,4096000,112,Del,Struct,619962627,2722990,52546,172,11798.47
1024000,4096000,113,Inc,Large,624635277,2722990,1229,0,508246.77
1024000,4096000,114,Dec,Large,631886266,2722990,1538,0,410849.33
1024000,4096000,115,Del,Struct,632795451,2722990,1360,0,465290.77
1024000,4096000,116,Add,Struct,653210574,2722990,3216,0,203112.74
1024000,4096000,117,Del,Struct,640642641,2722990,1099,0,582932.34
1024000,4096000,118,Dec,Large,659873236,2722992,7144,2,92367.47
1024000,4096000,119,Add,Struct,632572206,2722992,1410,0,448632.77
1024000,4096000,120,Dec,Large,617334242,2722992,1123,0,549718.83
1024000,4096000,121,Del,Struct,607727785,2722994,11972,6,50762.43
1024000,4096000,122,Del,Struct,614156381,2722994,2649,2,231844.61
1024000,4096000,123,Inc,Large,623342392,2722994,4270,2,145981.82
1024000,4096000,124,Del,Struct,613972638,2722994,837,0,733539.59
1024000,4096000,125,Del,Struct,626715938,2722994,1025,0,611430.18
1024000,4096000,126,Del,Struct,617131263,2722994,925,0,667168.93
1024000,4096000,127,Inc,Large,624263441,2722994,1289,0,484300.57
1024000,4096000,128,Add,Struct,622821408,2722994,3119,0,199686.25
1024000,4096000,129,Add,Struct,624726880,2722994,2884,0,216618.20
1024000,4096000,130,Dec,Large,617536820,2722992,1891,2,326566.27
1024000,4096000,131,Add,Struct,619433444,2722992,3422,2,181015.03
1024000,4096000,132,Inc,Large,665032039,2722990,1526,0,435800.81
1024000,4096000,133,Add,Struct,668607639,2722988,4404,2,151818.26
1024000,4096000,134,Inc,Large,672919796,2722988,1393,0,483072.36
1024000,4096000,135,Add,Struct,626840899,2722988,1315,0,476685.09
1024000,4096000,136,Del,Struct,626165051,2722988,1766,0,354566.85
1024000,4096000,137,Add,Struct,630491520,2722988,2106,0,299378.69
1024000,4096000,138,Del,Struct,623372769,2722984,4661,4,133742.28
1024000,4096000,139,Add,Struct,644313371,2722984,2394,0,269136.75
1024000,4096000,140,Dec,Large,627708705,2722984,1173,0,535131.04
1024000,4096000,141,Add,Struct,624617197,2722984,3568,6,175060.87
1024000,4096000,142,Inc,Large,617633366,2722984,1031,0,599062.43
1024000,4096000,143,Del,Struct,617741556,2722984,912,0,677348.20
1024000,4096000,144,Del,Struct,627447899,2722984,1023,0,613341.05
1024000,4096000,145,Inc,Large,680039597,2722984,1387,0,490295.31
1024000,4096000,146,Add,Struct,669476751,2722984,1289,0,519376.84
1024000,4096000,147,Inc,Large,640473905,2722984,1418,0,451674.12
1024000,4096000,148,Dec,Large,636355927,2722984,1847,0,344534.88
1024000,4096000,149,Add,Struct,672769469,2722984,1880,0,357856.10
1024000,4096000,150,Del,Struct,619193517,2722984,1476,0,419507.80
1024000,4096000,151,Inc,Large,620340882,2722984,1668,0,371907.00
1024000,4096000,152,Del,Struct,627322274,2722984,1047,0,599161.68
1024000,4096000,153,Inc,Large,622970911,2722984,1175,0,530188.01
1024000,4096000,154,Del,Struct,620009298,2722984,1262,0,491291.04
1024000,4096000,155,Add,Struct,624465008,2722996,18529,44,33702.04
1024000,4096000,156,Inc,Large,630523845,2722996,1208,0,521956.83
1024000,4096000,157,Del,Struct,627720113,2722994,5575,2,112595.54
1024000,4096000,158,Add,Struct,627947751,2722994,2633,0,238491.36
1024000,4096000,159,Inc,Large,628845593,2722992,3788,2,166009.92
1024000,4096000,160,Dec,Large,643444101,2722992,1532,0,420002.68
1024000,4096000,161,Add,Struct,622142378,2722992,1962,0,317096.01
1024000,4096000,162,Add,Struct,625373795,2722992,1308,0,478114.52
1024000,4096000,163,Inc,Large,654925975,2722992,1481,0,442218.75
1024000,4096000,164,Inc,Large,653329513,2722992,1173,0,556973.16
1024000,4096000,165,Inc,Large,634448485,2722992,1531,0,414401.36
1024000,4096000,166,Del,Struct,628365806,2722992,997,0,630256.58
1024000,4096000,167,Inc,Large,624104719,2722996,2995,2,208382.21
1024000,4096000,168,Del,Struct,621630169,2722996,1010,0,615475.41
1024000,4096000,169,Add,Struct,631244696,2722996,1295,0,487447.64
1024000,4096000,170,Del,Struct,629892903,2722996,937,0,672244.29
1024000,4096000,171,Add,Struct,624422915,2722996,2741,0,227808.43
1024000,4096000,172,Dec,Large,630005647,2722996,1430,0,440563.39
1024000,4096000,173,Dec,Large,624909892,2722996,1515,0,412481.78
1024000,4096000,174,Inc,Large,650216230,2722998,10832,18,60027.35
1024000,4096000,175,Add,Struct,660748057,2722998,3686,0,179258.83
1024000,4096000,176,Dec,Large,634748897,2723000,2987,2,212503.82
1024000,4096000,177,Dec,Large,639997289,2723000,1763,0,363016.05
1024000,4096000,178,Add,Struct,625364958,2723000,3954,0,158160.08
1024000,4096000,179,Inc,Large,625353840,2722996,6321,6,98932.74
1024000,4096000,180,Dec,Large,632100837,2722996,1198,0,527630.08
1024000,4096000,181,Del,Struct,629627004,2722992,4124,2,152673.86
1024000,4096000,182,Add,Struct,629277827,2722992,2531,0,248628.14
1024000,4096000,183,Add,Struct,630042225,2722992,1667,0,377949.75
1024000,4096000,184,Add,Struct,714060482,2722992,3514,0,203204.46
1024000,4096000,185,Dec,Large,784280737,2722992,1066,0,735723.02
1024000,4096000,186,Inc,Large,815730348,2722992,1128,0,723165.20
1024000,4096000,187,Add,Struct,752127050,2722992,1185,0,634706.37
1024000,4096000,188,Del,Struct,763442835,2722990,943,0,809589.43
1024000,4096000,189,Add,Struct,701133281,2722992,2226,0,314974.52
1024000,4096000,190,Inc,Large,726031139,2722992,1322,0,549191.48
1024000,4096000,191,Dec,Large,935405167,2722992,1081,0,865314.68
1024000,4096000,192,Dec,Large,720067076,2722992,1305,0,551775.54
1024000,4096000,193,Dec,Large,661307598,2722992,1126,0,587306.93
1024000,4096000,194,Del,Struct,632666053,2722992,747,0,846942.51
1024000,4096000,195,Del,Struct,659350269,2722992,1253,0,526217.29
1024000,4096000,196,Del,Struct,676779324,2722990,901,0,751142.42
1024000,4096000,197,Add,Struct,686521746,2722992,4056,6,169260.79
1024000,4096000,198,Del,Struct,738568341,2722992,1035,0,713592.60
1024000,4096000,199,Dec,Large,753852103,2722990,3509,4,214833.89
1024000,4096000,200,Del,Struct,660998926,2722988,4876,4,135561.72
1024000,4096000,201,Add,Struct,678974732,2722988,2299,0,295334.81
1024000,4096000,202,Del,Struct,666642652,2722986,3432,2,194243.20
1024000,4096000,203,Del,Struct,667952256,2722988,3818,2,174948.21
1024000,4096000,204,Del,Struct,633570010,2722986,3358,2,188674.81
1024000,4096000,205,Del,Struct,788926159,2722986,1247,0,632659.31
1024000,4096000,206,Inc,Large,673934229,2722986,1131,0,595874.65
1024000,4096000,207,Del,Struct,633357981,2722984,3657,0,173190.59
1024000,4096000,208,Del,Struct,850163238,2722984,6468,4,131441.44
1024000,4096000,209,Del,Struct,852179964,2722982,1199,0,710742.26
1024000,4096000,210,Add,Struct,865156972,2722982,1371,0,631040.83
1024000,4096000,211,Add,Struct,1005492667,2722982,2255,0,445894.75
1024000,4096000,212,Add,Struct,882709499,2722982,3818,4,231196.83
1024000,4096000,213,Del,Struct,727869937,2722982,929,0,783498.32
1024000,4096000,214,Add,Struct,635570424,2722982,2336,0,272076.38
1024000,4096000,215,Del,Struct,664712643,2722982,985,0,674835.17
1024000,4096000,216,Add,Struct,744787512,2722954,18413,82,40449.00
1024000,4096000,217,Inc,Large,799369540,2722954,1753,0,456000.88
1024000,4096000,218,Add,Struct,842032479,2722954,1413,0,595918.24
1024000,4096000,219,Del,Struct,694145480,2722954,3524,2,196976.58
1024000,4096000,220,Del,Struct,664241776,2722954,903,0,735594.44
1024000,4096000,221,Inc,Large,618456908,2722958,16325,2,37884.04
1024000,4096000,222,Del,Struct,570031202,2722958,816,0,698567.65
1024000,4096000,223,Add,Struct,558070664,2722958,1289,0,432948.54
1024000,4096000,224,Del,Struct,556481889,2722958,997,0,558156.36
1024000,4096000,225,Inc,Large,557497784,2722958,1328,0,419802.55
1024000,4096000,226,Dec,Large,559866091,2722958,7013,22,79832.61
1024000,4096000,227,Dec,Large,563543076,2722958,1511,0,372960.34
1024000,4096000,228,Del,Struct,578482594,2722958,1151,0,502591.31
1024000,4096000,229,Del,Struct,564411035,2722958,1089,0,518283.78
1024000,4096000,230,Dec,Large,598010253,2722958,1130,0,529212.61
1024000,4096000,231,Inc,Large,552928025,2722958,1310,0,422082.46
1024000,4096000,232,Dec,Large,563014605,2722958,1242,0,453312.89
1024000,4096000,233,Add,Struct,559674358,2722958,2519,0,222181.17
1024000,4096000,234,Del,Struct,627732601,2722958,1876,0,334612.26
1024000,4096000,235,Del,Struct,719082375,2722958,1075,0,668913.84
1024000,4096000,236,Inc,Large,562915182,2722958,1635,0,344290.63
1024000,4096000,237,Add,Struct,559951078,2722960,2450,2,228551.46
1024000,4096000,238,Inc,Large,556020808,2722960,3389,2,164066.33
1024000,4096000,239,Inc,Large,557057167,2722960,1470,0,378950.45
1024000,4096000,240,Del,Struct,554062133,2722960,1056,0,524680.05
1024000,4096000,241,Del,Struct,549260640,2722960,1169,0,469855.12
1024000,4096000,242,Dec,Large,544152915,2722960,2904,4,187380.48
1024000,4096000,243,Dec,Large,546171807,2722960,3021,2,180791.73
1024000,4096000,244,Inc,Large,548895656,2722960,1755,0,312761.06
1024000,4096000,245,Del,Struct,543067176,2722960,1032,0,526227.88
1024000,4096000,246,Inc,Large,540831641,2722960,1517,0,356513.94
1024000,4096000,247,Dec,Large,543566419,2722960,1272,0,427332.09
1024000,4096000,248,Del,Struct,547731343,2722958,5017,4,109175.07
1024000,4096000,249,Del,Struct,544117535,2722958,863,0,630495.41
1024000,4096000,250,Del,Struct,557140490,2722958,895,0,622503.34
1024000,4096000,251,Inc,Large,550760146,2722958,9597,0,57388.78
1024000,4096000,252,Inc,Large,549775150,2722958,1353,0,406337.88
1024000,4096000,253,Del,Struct,545398557,2722958,872,0,625457.06
1024000,4096000,254,Del,Struct,547461861,2722960,11186,18,48941.70
1024000,4096000,255,Inc,Large,591102982,2722960,1315,0,449507.97
1024000,4096000,256,Add,Struct,544194388,2722962,1280,0,425151.87
1024000,4096000,257,Inc,Large,549295326,2722962,1488,0,369150.08
1024000,4096000,258,Del,Struct,545546981,2722962,1005,0,542832.82
1024000,4096000,259,Inc,Large,550571115,2722964,1168,0,471379.38
1024000,4096000,260,Dec,Large,541196806,2722964,1147,0,471836.80
1024000,4096000,261,Inc,Large,537481493,2722962,5823,4,92303.19
1024000,4096000,262,Del,Struct,538670049,2722962,3438,2,156681.22
1024000,4096000,263,Add,Struct,546770230,2722968,9668,28,56554.64
1024000,4096000,264,Del,Struct,544180127,2722968,1095,0,496968.15
1024000,4096000,265,Add,Struct,547682067,2722968,2564,0,213604.55
1024000,4096000,266,Dec,Large,550772148,2722968,1236,0,445608.53
1024000,4096000,267,Del,Struct,545731270,2722968,3206,2,170221.86
1024000,4096000,268,Dec,Large,555527358,2722968,1743,0,318719.08
1024000,4096000,269,Del,Struct,546460757,2722968,877,0,623102.35
1024000,4096000,270,Dec,Large,561817241,2722968,1104,0,508892.43
1024000,4096000,271,Del,Struct,556903583,2722968,1013,0,549756.75
1024000,4096000,272,Inc,Large,557363605,2722968,1608,0,346619.16
1024000,4096000,273,Del,Struct,556591282,2722962,9169,16,60703.60
1024000,4096000,274,Add,Struct,544727285,2722962,2632,0,206963.25
1024000,4096000,275,Add,Struct,549453204,2722962,2383,0,230572.05
1024000,4096000,276,Del,Struct,549039427,2722964,2825,2,194350.24
1024000,4096000,277,Add,Struct,552398177,2722964,1194,0,462645.04
1024000,4096000,278,Dec,Large,546121263,2722966,5991,16,91156.95
1024000,4096000,279,Add,Struct,550403694,2722966,2412,0,228193.90
1024000,4096000,280,Inc,Large,550017992,2722966,4010,2,137161.59
1024000,4096000,281,Add,Struct,545044707,2722966,2311,0,235847.99
1024000,4096000,282,Add,Struct,536231022,2722966,2598,0,206401.47
1024000,4096000,283,Inc,Large,546826888,2722970,8490,12,64408.35
1024000,4096000,284,Del,Struct,547765428,2722970,1281,0,427607.67
1024000,4096000,285,Del,Struct,542807331,2722970,904,0,600450.59
1024000,4096000,286,Del,Struct,547903168,2722970,1094,0,500825.56
1024000,4096000,287,Inc,Large,540348700,2722970,3503,2,154253.13
1024000,4096000,288,Inc,Large,546776639,2722974,4796,4,114006.81
1024000,4096000,289,Del,Struct,546808389,2722972,852,0,641793.88
1024000,4096000,290,Del,Struct,547760133,2722972,3658,2,149743.07
1024000,4096000,291,Inc,Large,554151823,2722972,1333,0,415717.80
1024000,4096000,292,Dec,Large,541630695,2722974,15413,4,35141.16
1024000,4096000,293,Inc,Large,538858073,2722974,1156,0,466140.20
1024000,4096000,294,Add,Struct,543845245,2722974,2211,0,245972.52
1024000,4096000,295,Del,Struct,541111104,2722972,3070,2,176257.69
1024000,4096000,296,Dec,Large,541206604,2722972,1315,0,411563.96
1024000,4096000,297,Inc,Large,543013906,2722972,1459,0,372182.25
1024000,4096000,298,Add,Struct,545611045,2722972,2099,0,259938.56
1024000,4096000,299,Del,Struct,547629058,2722984,27390,80,19993.76
1024000,4096000,300,Dec,Large,556672288,2722984,1638,0,339848.77
1024000,4096000,301,Dec,Large,561776160,2722984,3755,4,149607.50
1024000,4096000,302,Add,Struct,556541658,2722984,1298,0,428768.61
1024000,4096000,303,Del,Struct,549228488,2722984,937,0,586156.34
1024000,4096000,304,Dec,Large,545280211,2722984,1973,0,276371.12
1024000,4096000,305,Add,Struct,549042496,2722984,2354,0,233238.10
1024000,4096000,306,Inc,Large,549732591,2722984,1579,0,348152.37
1024000,4096000,307,Add,Struct,548521626,2722984,2333,0,235114.28
1024000,4096000,308,Del,Struct,551793904,2722984,967,0,570624.51
1024000,4096000,309,Dec,Large,558216999,2722984,1985,0,281217.63
1024000,4096000,310,Add,Struct,554439048,2723000,10421,38,53204.02
1024000,4096000,311,Del,Struct,544925941,2723000,2708,2,201228.19
1024000,4096000,312,Dec,Large,549214476,2723000,1383,0,397118.20
1024000,4096000,313,Inc,Large,548454700,2723004,4992,4,109866.73
1024000,4096000,314,Del,Struct,554796011,2723002,3290,2,168631.01
1024000,4096000,315,Del,Struct,555347877,2723000,3710,2,149689.45
1024000,4096000,316,Add,Struct,545319966,2723000,2300,0,237095.64
1024000,4096000,317,Dec,Large,547285826,2723000,1424,0,384329.93
1024000,4096000,318,Add,Struct,553994554,2723000,2693,0,205716.51
1024000,4096000,319,Add,Struct,558728018,2723000,2123,0,263178.53
1024000,4096000,320,Add,Struct,554505142,2723000,2692,0,205982.59
1024000,4096000,321,Dec,Large,559754380,2723000,1451,0,385771.45
1024000,4096000,322,Inc,Large,588738526,2723000,1292,0,455679.97
1024000,4096000,323,Add,Struct,551879824,2723000,3206,2,172139.68
1024000,4096000,324,Add,Struct,542244767,2723000,2322,0,233524.88
1024000,4096000,325,Inc,Large,551053300,2723000,1546,0,356438.10
1024000,4096000,326,Inc,Large,554906387,2723000,1504,0,368953.71
1024000,4096000,327,Inc,Large,553408459,2722996,5835,6,94842.92
1024000,4096000,328,Dec,Large,556250339,2722996,1758,0,316410.89
1024000,4096000,329,Add,Struct,556202852,2722996,1453,0,382796.18
1024000,4096000,330,Add,Struct,563096043,2722998,1791,0,314403.15
1024000,4096000,331,Add,Struct,551029446,2722998,3672,10,150062.49
1024000,4096000,332,Inc,Large,552590089,2722998,1610,0,343223.66
1024000,4096000,333,Del,Struct,554439054,2722998,3270,2,169553.23
1024000,4096000,334,Dec,Large,548194611,2723000,4076,10,134493.28
1024000,4096000,335,Dec,Large,550179218,2723000,1752,0,314029.23
1024000,4096000,336,Add,Struct,551570071,2723000,1334,0,413470.82
1024000,4096000,337,Inc,Large,577725130,2723000,1447,0,399257.17
1024000,4096000,338,Dec,Large,553295079,2723000,1495,0,370097.04
1024000,4096000,339,Dec,Large,565765791,2723000,1579,0,358306.39
1024000,4096000,340,Add,Struct,558252740,2723000,1881,0,296785.08
1024000,4096000,341,Del,Struct,556790916,2723002,15327,2,36327.46
1024000,4096000,342,Add,Struct,548074587,2723002,1806,0,303474.30
1024000,4096000,343,Inc,Large,550013980,2723012,15761,36,34897.15
1024000,4096000,344,Dec,Large,564147465,2723012,1804,0,312720.32
1024000,4096000,345,Del,Struct,555742791,2723012,1154,0,481579.54
1024000,4096000,346,Inc,Large,556391762,2723012,1333,0,417398.17
1024000,4096000,347,Inc,Large,555876758,2723012,1535,0,362134.70
1024000,4096000,348,Inc,Large,557017189,2723010,3586,2,155331.06
1024000,4096000,349,Add,Struct,548999159,2723010,2431,0,225832.64
1024000,4096000,350,Dec,Large,545241075,2723012,2375,0,229575.19
1024000,4096000,351,Add,Struct,539902339,2723012,1888,0,285965.22
1024000,4096000,352,Inc,Large,552042429,2723012,19706,0,28013.93
1024000,4096000,353,Add,Struct,555364469,2723010,3454,6,160788.79
1024000,4096000,354,Del,Struct,542862875,2723010,832,0,652479.42
1024000,4096000,355,Del,Struct,551757848,2723008,3226,2,171034.67
1024000,4096000,356,Add,Struct,559564500,2723008,1190,0,470222.27
1024000,4096000,357,Del,Struct,556170331,2723008,901,0,617281.17
1024000,4096000,358,Dec,Large,550375194,2723008,1458,0,377486.42
1024000,4096000,359,Add,Struct,543221098,2723006,5394,16,100708.40
1024000,4096000,360,Del,Struct,547348769,2723004,916,0,597542.32
1024000,4096000,361,Dec,Large,554431943,2723004,1446,0,383424.58
1024000,4096000,362,Del,Struct,548228011,2723004,822,0,666944.05
1024000,4096000,363,Inc,Large,548451528,2723004,1356,0,404462.78
1024000,4096000,364,Add,Struct,552635544,2723004,1327,0,416454.82
1024000,4096000,365,Add,Struct,551294501,2723004,2534,0,217559.00
1024000,4096000,366,Dec,Large,557495549,2723004,3998,8,139443.61
1024000,4096000,367,Dec,Large,559171852,2723006,1318,0,424257.85
1024000,4096000,368,Add,Struct,556651028,2723016,22433,106,24813.94
1024000,4096000,369,Inc,Large,552319903,2723016,1469,0,375983.60
1024000,4096000,370,Del,Struct,548857004,2723016,877,0,625834.67
1024000,4096000,371,Add,Struct,555301749,2723016,1752,0,316953.05
1024000,4096000,372,Add,Struct,556849715,2723016,2375,0,234463.04
1024000,4096000,373,Inc,Large,549712896,2723014,5220,4,105308.98
1024000,4096000,374,Del,Struct,549431528,2723014,2989,2,183817.84
1024000,4096000,375,Dec,Large,551156529,2723014,1449,0,380370.28
1024000,4096000,376,Inc,Large,547720412,2723016,3538,2,154810.74
1024000,4096000,377,Inc,Large,557405043,2723016,1523,0,365991.49
1024000,4096000,378,Del,Struct,552161475,2723014,913,0,604777.08
1024000,4096000,379,Inc,Large,557054325,2723014,1835,0,303571.84
1024000,4096000,380,Inc,Large,552251256,2723014,1258,0,438991.46
1024000,4096000,381,Add,Struct,548162212,2723016,2237,0,245043.46
1024000,4096000,382,Add,Struct,549639184,2723016,1514,0,363037.77
1024000,4096000,383,Inc,Large,549359871,2723016,1499,0,366484.24
1024000,4096000,384,Del,Struct,562313277,2723016,1382,0,406883.70
1024000,4096000,385,Inc,Large,553468895,2723016,1230,0,449974.71
1024000,4096000,386,Dec,Large,555262265,2723018,2599,2,213644.58
1024000,4096000,387,Dec,Large,547051885,2723018,2765,2,197848.78
1024000,4096000,388,Dec,Large,551814660,2723018,1982,0,278413.05
1024000,4096000,389,Dec,Large,572602462,2723022,3482,6,164446.43
1024000,4096000,390,Add,Struct,553809889,2723022,1528,0,362441.03
1024000,4096000,391,Add,Struct,551406847,2723022,1221,0,451602.66
1024000,4096000,392,Del,Struct,548965690,2723022,967,0,567699.78
1024000,4096000,393,Dec,Large,607553756,2723022,1571,0,386730.59
1024000,4096000,394,Del,Struct,550426174,2723020,3407,2,161557.43
1024000,4096000,395,Inc,Large,562356240,2723020,16311,38,34477.12
1024000,4096000,396,Inc,Large,561357496,2723020,1822,0,308099.61
1024000,4096000,397,Inc,Large,551730551,2723022,5336,4,103397.78
1024000,4096000,398,Del,Struct,549517156,2723022,976,0,563029.87
1024000,4096000,399,Inc,Large,557521979,2723022,1333,0,418246.05
1024000,4096000,400,Add,Struct,549724389,2723022,1357,0,405102.72
1024000,4096000,401,Dec,Large,551380296,2723020,3044,2,181136.76
1024000,4096000,402,Add,Struct,547005598,2723020,2666,0,205178.39
1024000,4096000,403,Inc,Large,541883177,2723020,1387,0,390687.22
1024000,4096000,404,Dec,Large,553387607,2723022,1996,2,277248.30
1024000,4096000,405,Inc,Large,550103620,2723020,1564,0,351728.66
1024000,4096000,406,Dec,Large,552734583,2723020,2033,0,271881.25
1024000,4096000,407,Del,Struct,553080216,2723028,18391,50,30073.42
1024000,4096000,408,Dec,Large,546932878,2723028,1364,0,400977.18
1024000,4096000,409,Add,Struct,540942478,2723028,1930,0,280281.08
1024000,4096000,410,Dec,Large,555277526,2723028,1401,0,396343.70
1024000,4096000,411,Dec,Large,557145685,2723028,1328,0,419537.41
1024000,4096000,412,Inc,Large,551514233,2723028,1108,0,497756.53
1024000,4096000,413,Dec,Large,552146798,2723028,1172,0,471115.02
1024000,4096000,414,Dec,Large,548148410,2723028,1093,0,501508.15
1024000,4096000,415,Dec,Large,543696208,2723028,1259,0,431847.66
1024000,4096000,416,Del,Struct,544230187,2723028,839,0,648665.30
1024000,4096000,417,Inc,Large,551304210,2723028,1017,0,542088.70
1024000,4096000,418,Inc,Large,554135022,2723028,1208,0,458721.04
1024000,4096000,419,Inc,Large,549792974,2723026,3065,2,179377.81
1024000,4096000,420,Del,Struct,548556038,2723026,1102,0,497782.25
1024000,4096000,421,Inc,Large,551112325,2723026,2880,2,191358.45
1024000,4096000,422,Inc,Large,553391371,2723026,1138,0,486284.16
1024000,4096000,423,Dec,Large,550313365,2723026,1372,0,401103.04
1024000,4096000,424,Dec,Large,557189339,2723030,4391,10,126893.50
1024000,4096000,425,Dec,Large,545143140,2723030,1171,0,465536.41
1024000,4096000,426,Del,Struct,551211246,2723028,991,0,556217.20
1024000,4096000,427,Add,Struct,547474959,2723030,2901,2,188719.39
1024000,4096000,428,Add,Struct,553978919,2723032,1743,2,317830.71
1024000,4096000,429,Add,Struct,558920897,2723032,1397,0,400086.54
1024000,4096000,430,Add,Struct,552980461,2723032,2283,0,242216.58
1024000,4096000,431,Del,Struct,555159517,2723032,1024,0,542147.97
1024000,4096000,432,Add,Struct,559299200,2723034,2712,4,206231.27
1024000,4096000,433,Add,Struct,561489364,2723034,2574,6,218138.84
1024000,4096000,434,Add,Struct,554910693,2723034,1231,0,450780.42
1024000,4096000,435,Dec,Large,554059717,2723034,4415,10,125494.84
1024000,4096000,436,Dec,Large,553761147,2723034,1790,0,309363.77
1024000,4096000,437,Dec,Large,553873625,2723034,1227,0,451404.75
1024000,4096000,438,Del,Struct,550683690,2723034,968,0,568888.11
1024000,4096000,439,Dec,Large,548602113,2723034,1380,0,397537.76
1024000,4096000,440,Add,Struct,550689113,2723034,1500,0,367126.08
1024000,4096000,441,Inc,Large,551670553,2723034,1330,0,414789.89
1024000,4096000,442,Del,Struct,557564357,2723034,1233,0,452201.42
1024000,4096000,443,Del,Struct,553126401,2723034,937,0,590316.33
1024000,4096000,444,Inc,Large,550860962,2723032,2870,2,191937.62
1024000,4096000,445,Inc,Large,565793055,2723032,1436,0,394006.31
1024000,4096000,446,Add,Struct,547705128,2723032,2060,2,265876.28
1024000,4096000,447,Dec,Large,544637325,2723032,1424,0,382470.03
1024000,4096000,448,Del,Struct,549611986,2723032,773,0,711011.62
1024000,4096000,449,Inc,Large,549452968,2723026,10251,18,53599.94
1024000,4096000,450,Add,Struct,572928615,2723026,1418,0,404039.93
1024000,4096000,451,Del,Struct,577048103,2723024,4270,4,135140.07
1024000,4096000,452,Dec,Large,553777574,2723024,3640,6,152136.70
1024000,4096000,453,Inc,Large,562921116,2723024,3325,2,169299.58
1024000,4096000,454,Inc,Large,546060899,2723024,1555,0,351164.57
1024000,4096000,455,Add,Struct,548956553,2723024,2339,0,234697.12
1024000,4096000,456,Inc,Large,547285310,2723024,1405,0,389526.91
1024000,4096000,457,Inc,Large,649207964,2723024,1179,0,550642.89
1024000,4096000,458,Dec,Large,647720700,2723024,1142,0,567181.00
1024000,4096000,459,Del,Struct,648954015,2723020,6329,8,102536.58
1024000,4096000,460,Inc,Large,644700323,2723020,1246,0,517415.99
1024000,4096000,461,Inc,Large,615531420,2723020,1481,0,415618.78
1024000,4096000,462,Inc,Large,573030713,2723020,6467,6,88608.43
1024000,4096000,463,Del,Struct,541576628,2723020,4767,4,113609.53
1024000,4096000,464,Add,Struct,548451397,2723018,16511,4,33217.33
1024000,4096000,465,Dec,Large,551282400,2723018,1294,0,426029.68
1024000,4096000,466,Inc,Large,555842387,2723018,1409,0,394494.24
1024000,4096000,467,Dec,Large,620318255,2723028,8057,26,76991.22
1024000,4096000,468,Inc,Large,615215215,2723028,1180,0,521368.83
1024000,4096000,469,Del,Struct,593502566,2723026,3538,2,167750.87
1024000,4096000,470,Dec,Large,601063520,2723026,1476,0,407224.61
1024000,4096000,471,Dec,Large,579790126,2723026,1317,0,440235.48
1024000,4096000,472,Del,Struct,550290144,2723024,891,0,617609.59
1024000,4096000,473,Add,Struct,557614362,2723024,1744,0,319733.01
1024000,4096000,474,Inc,Large,640185794,2723024,1400,0,457275.57
1024000,4096000,475,Del,Struct,566944162,2723024,3839,2,147680.17
1024000,4096000,476,Del,Struct,552279591,2723024,960,0,575291.24
1024000,4096000,477,Add,Struct,556336025,2723022,4273,6,130197.99
1024000,4096000,478,Del,Struct,557531987,2723022,2760,2,202004.34
1024000,4096000,479,Del,Struct,556826414,2723022,880,0,632757.29
1024000,4096000,480,Del,Struct,580177825,2723022,948,0,612001.93
1024000,4096000,481,Inc,Large,679107969,2723020,5137,4,132199.33
1024000,4096000,482,Inc,Large,585644864,2723020,1513,0,387075.26
1024000,4096000,483,Inc,Large,560878437,2723020,1815,0,309023.93
1024000,4096000,484,Add,Struct,589498479,2723020,1378,0,427792.80
1024000,4096000,485,Add,Struct,702587271,2723022,7055,22,99587.14
1024000,4096000,486,Del,Struct,671116210,2723022,1305,0,514265.30
1024000,4096000,487,Del,Struct,644978291,2723022,1470,0,438760.74
1024000,4096000,488,Del,Struct,571801456,2723022,856,0,667992.36
1024000,4096000,489,Inc,Large,561628652,2723022,19528,8,28760.17
1024000,4096000,490,Add,Struct,571203945,2723024,2712,0,210620.92
1024000,4096000,491,Dec,Large,547485432,2723024,1423,0,384740.29
1024000,4096000,492,Del,Struct,545561491,2723032,24300,68,22451.09
1024000,4096000,493,Del,Struct,592255117,2723032,3218,2,184044.47
1024000,4096000,494,Del,Struct,626506435,2723028,4008,2,156313.98
1024000,4096000,495,Del,Struct,631755036,2723026,1177,0,536750.24
1024000,4096000,496,Inc,Large,574679223,2723026,1524,0,377086.10
1024000,4096000,497,Inc,Large,632532579,2723026,1387,0,456043.68
1024000,4096000,498,Add,Struct,658688806,2723026,1826,0,360727.71
1024000,4096000,499,Del,Struct,611354763,2723026,884,0,691577.79
1024000,4096000,500,Del,Struct,567989091,2723026,928,0,612057.21
1024000,4096000,501,Dec,Large,560021280,2723026,1489,0,376105.63
1024000,4096000,502,Dec,Large,588262169,2723026,1503,0,391392.00
1024000,4096000,503,Dec,Large,557517752,2723026,1444,0,386092.63
1024000,4096000,504,Dec,Large,559345570,2723026,15137,68,36952.21
1024000,4096000,505,Dec,Large,635121023,2723026,1221,0,520164.64
1024000,4096000,506,Add,Struct,643023845,2723026,2326,2,276450.49
1024000,4096000,507,Del,Struct,554100913,2723028,7810,12,70947.62
1024000,4096000,508,Dec,Large,549734058,2723028,1761,0,312171.53
1024000,4096000,509,Dec,Large,554487825,2723028,1506,0,368185.81
1024000,4096000,510,Dec,Large,544286405,2723028,1731,0,314434.66
1024000,4096000,511,Add,Struct,576080355,2723028,6983,0,82497.54
1024000,4096000,512,Inc,Large,640362825,2723028,1392,0,460030.77
1024000,4096000,513,Del,Struct,620060489,2723028,849,0,730342.15
1024000,4096000,514,Dec,Large,565155963,2723028,1255,0,450323.48
1024000,4096000,515,Add,Struct,620118532,2723028,1566,0,395988.85
1024000,4096000,516,Add,Struct,648213529,2723028,1305,0,496715.35
1024000,4096000,517,Dec,Large,580673568,2723024,2532,4,229333.95
1024000,4096000,518,Add,Struct,648724168,2723024,2367,0,274070.20
1024000,4096000,519,Inc,Large,621116313,2723024,1069,0,581025.55
1024000,4096000,520,Dec,Large,551812669,2723024,1471,0,375127.58
1024000,4096000,521,Inc,Large,698269643,2723024,1321,0,528591.71
1024000,4096000,522,Add,Struct,633310359,2723026,3024,0,209428.03
1024000,4096000,523,Add,Struct,603302310,2723026,1218,0,495322.09
1024000,4096000,524,Del,Struct,554844552,2723026,971,0,571415.60
1024000,4096000,525,Dec,Large,637133297,2723026,1524,0,418066.47
1024000,4096000,526,Add,Struct,635295525,2723026,2365,0,268623.90
1024000,4096000,527,Del,Struct,626180527,2723026,952,0,657752.65
1024000,4096000,528,Inc,Large,625550102,2723026,1275,0,490627.53
1024000,4096000,529,Del,Struct,621024986,2723026,1356,0,457983.03
1024000,4096000,530,Add,Struct,593176685,2723028,2537,2,233810.28
1024000,4096000,531,Del,Struct,569200985,2723028,1111,0,512332.12
1024000,4096000,532,Dec,Large,549939121,2723028,1785,0,308089.14
1024000,4096000,533,Inc,Large,548962082,2723026,4053,2,135445.86
1024000,4096000,534,Dec,Large,563861235,2723026,2911,4,193700.18
1024000,4096000,535,Dec,Large,609339586,2723026,1211,0,503170.59
1024000,4096000,536,Inc,Large,545004235,2723026,1358,0,401328.60
1024000,4096000,537,Dec,Large,544167619,2723026,1369,0,397492.78
1024000,4096000,538,Add,Struct,612706812,2723024,2993,2,204713.27
1024000,4096000,539,Add,Struct,553627956,2723024,1894,0,292306.21
1024000,4096000,540,Inc,Large,558570870,2723022,5143,4,108607.99
1024000,4096000,541,Del,Struct,564912997,2723022,1308,0,431890.67
1024000,4096000,542,Dec,Large,587937801,2723022,2149,4,273586.69
1024000,4096000,543,Inc,Large,618038859,2723022,1411,0,438014.78
1024000,4096000,544,Dec,Large,603867210,2723022,1914,0,315500.11
1024000,4096000,545,Inc,Large,640422661,2723022,1594,0,401770.80
1024000,4096000,546,Dec,Large,567168434,2723024,2705,4,209674.10
1024000,4096000,547,Dec,Large,574610093,2723024,1307,0,439640.47
1024000,4096000,548,Add,Struct,600329675,2723024,2318,0,258986.05
1024000,4096000,549,Del,Struct,621509344,2723024,4717,4,131759.45
1024000,4096000,550,Dec,Large,543558703,2723024,1208,0,449965.81
1024000,4096000,551,Inc,Large,596118316,2723024,3507,2,169979.56
1024000,4096000,552,Add,Struct,620823804,2723026,3127,4,198536.55
1024000,4096000,553,Add,Struct,580220348,2723026,2902,0,199938.09
1024000,4096000,554,Add,Struct,639460975,2723026,2325,0,275036.98
1024000,4096000,555,Dec,Large,621976457,2723026,1826,0,340622.38
1024000,4096000,556,Inc,Large,639640974,2723024,14756,30,43347.86
1024000,4096000,557,Del,Struct,651651923,2723024,925,0,704488.57
1024000,4096000,558,Del,Struct,561239098,2723024,5479,6,102434.59
1024000,4096000,559,Dec,Large,564973658,2723024,1544,0,365915.58
1024000,4096000,560,Inc,Large,564083165,2723024,1861,0,303107.56
1024000,4096000,561,Add,Struct,574760628,2723026,1866,0,308017.49
1024000,4096000,562,Add,Struct,545393938,2723026,1091,0,499902.78
1024000,4096000,563,Del,Struct,546913917,2723026,810,0,675202.37
1024000,4096000,564,Add,Struct,621806219,2723036,11769,36,52834.24
1024000,4096000,565,Inc,Large,626519179,2723034,4733,4,132372.53
1024000,4096000,566,Dec,Large,583286903,2723034,1415,0,412216.89
1024000,4096000,567,Dec,Large,611635457,2723034,2688,2,227542.95
1024000,4096000,568,Inc,Large,580257835,2723032,9261,8,62656.07
1024000,4096000,569,Dec,Large,565506935,2723034,5568,16,101563.75
1024000,4096000,570,Inc,Large,569904626,2723034,1076,0,529651.14
1024000,4096000,571,Inc,Large,559535387,2723034,1400,0,399668.13
1024000,4096000,572,Del,Struct,560212144,2723034,1291,0,433936.59
1024000,4096000,573,Add,Struct,555916789,2723032,3076,4,180727.17
1024000,4096000,574,Dec,Large,605232118,2723032,1342,0,450992.64
1024000,4096000,575,Dec,Large,549949171,2723032,1291,0,425986.96
1024000,4096000,576,Del,Struct,551855008,2723036,6455,8,85492.64
1024000,4096000,577,Inc,Large,575666861,2723038,1231,0,467641.64
1024000,4096000,578,Add,Struct,554524782,2723038,1998,0,277539.93
1024000,4096000,579,Add,Struct,574136675,2723038,4495,6,127727.85
1024000,4096000,580,Del,Struct,605237825,2723036,5577,6,108523.91
1024000,4096000,581,Add,Struct,546201292,2723036,2268,0,240829.49
1024000,4096000,582,Add,Struct,541384475,2723036,1629,0,332341.61
1024000,4096000,583,Add,Struct,597415019,2723036,1368,0,436706.89
1024000,4096000,584,Add,Struct,600477055,2723036,1064,0,564358.13
1024000,4096000,585,Inc,Large,572933989,2723036,1577,0,363306.27
1024000,4096000,586,Del,Struct,620210007,2723034,6702,8,92541.03
1024000,4096000,587,Del,Struct,601257632,2723034,3865,2,155564.72
1024000,4096000,588,Dec,Large,606259847,2723034,1315,0,461034.10
1024000,4096000,589,Inc,Large,553230835,2723034,1179,0,469237.35
1024000,4096000,590,Dec,Large,553775884,2723034,1266,0,437421.71
1024000,4096000,591,Inc,Large,557840178,2723034,1431,0,389825.42
1024000,4096000,592,Inc,Large,551726539,2723034,1536,0,359196.97
1024000,4096000,593,Dec,Large,542789044,2723034,1247,0,435275.90
1024000,4096000,594,Del,Struct,547127293,2723034,1432,0,382072.13
1024000,4096000,595,Del,Struct,564537673,2723034,1074,0,525640.29
1024000,4096000,596,Inc,Large,709156141,2723034,1281,0,553595.74
1024000,4096000,597,Dec,Large,652418733,2723034,1779,0,366733.41
1024000,4096000,598,Inc,Large,615848767,2723036,4162,2,147969.43
1024000,4096000,599,Add,Struct,554379167,2723038,3989,6,138976.98
1024000,4096000,600,Dec,Large,549573121,2723038,1285,0,427683.36
1024000,4096000,601,Dec,Large,553225063,2723038,1315,0,420703.47
1024000,4096000,602,Del,Struct,605206866,2723038,1067,0,567204.19
1024000,4096000,603,Add,Struct,607730372,2723038,1642,0,370115.94
1024000,4096000,604,Dec,Large,551181242,2723038,1337,0,412252.24
1024000,4096000,605,Del,Struct,595314429,2723038,1119,0,532005.75
1024000,4096000,606,Del,Struct,580090611,2723038,1252,0,463331.16
1024000,4096000,607,Inc,Large,554899073,2723038,1514,0,366511.94
1024000,4096000,608,Del,Struct,593459691,2723038,864,0,686874.64
1024000,4096000,609,Add,Struct,615978309,2723038,1303,0,472738.53
1024000,4096000,610,Inc,Large,631357385,2723038,1933,0,326620.48
1024000,4096000,611,Del,Struct,657279415,2723038,1264,0,519999.54
1024000,4096000,612,Add,Struct,623032431,2723038,1242,0,501636.42
1024000,4096000,613,Add,Struct,816418872,2723038,2175,0,375365.00
1024000,4096000,614,Add,Struct,580818571,2723038,1468,0,395652.98
1024000,4096000,615,Del,Struct,607789387,2723038,1828,0,332488.72
1024000,4096000,616,Dec,Large,675167147,2723038,2791,4,241908.69
1024000,4096000,617,Dec,Large,666491131,2723038,1309,0,509160.53
1024000,4096000,618,Del,Struct,668435215,2723038,1367,0,488979.67
1024000,4096000,619,Del,Struct,578668192,2723038,823,0,703120.52
1024000,4096000,620,Del,Struct,562581055,2723038,803,0,700599.07
1024000,4096000,621,Inc,Large,577198231,2723038,2340,0,246665.91
1024000,4096000,622,Inc,Large,572339265,2723038,1183,0,483803.27
1024000,4096000,623,Add,Struct,559943403,2723042,3647,2,153535.34
1024000,4096000,624,Dec,Large,613137845,2723042,2254,2,272022.11
1024000,4096000,625,Add,Struct,604446415,2723044,1845,2,327613.23
1024000,4096000,626,Del,Struct,599900981,2723044,1430,0,419511.18
1024000,4096000,627,Inc,Large,618904391,2723044,1423,0,434929.30
1024000,4096000,628,Inc,Large,638121686,2723044,1771,0,360317.16
1024000,4096000,629,Del,Struct,660808038,2723044,1027,0,643435.29
1024000,4096000,630,Inc,Large,585640465,2723044,1339,0,437371.52
1024000,4096000,631,Dec,Large,550751560,2723044,1404,0,392273.19
1024000,4096000,632,Del,Struct,559443861,2723042,3576,2,156444.03
1024000,4096000,633,Dec,Large,567629131,2723042,1310,0,433304.68
1024000,4096000,634,Dec,Large,547817203,2723042,1459,0,375474.44
1024000,4096000,635,Del,Struct,590047228,2723042,4956,6,119057.15
1024000,4096000,636,Dec,Large,565884183,2723042,1157,0,489096.10
1024000,4096000,637,Dec,Large,642503015,2723042,2434,2,263970.01
1024000,4096000,638,Del,Struct,563591874,2723042,1167,0,482940.77
1024000,4096000,639,Inc,Large,568877680,2723042,1068,0,532657.00
1024000,4096000,640,Dec,Large,579091203,2723042,1242,0,466257.01
1024000,4096000,641,Dec,Large,640791828,2723042,3627,6,176672.68
1024000,4096000,642,Dec,Large,639788743,2723042,3180,6,201191.43
1024000,4096000,643,Add,Struct,575166277,2723044,2330,0,246852.48
1024000,4096000,644,Del,Struct,539539841,2723040,17516,4,30802.69
1024000,4096000,645,Inc,Large,576961094,2723040,1443,0,399834.44
1024000,4096000,646,Inc,Large,555552071,2723040,1483,0,374613.67
1024000,4096000,647,Del,Struct,568545213,2723038,2727,2,208487.43
1024000,4096000,648,Dec,Large,570165201,2723036,2187,2,260706.54
1024000,4096000,649,Del,Struct,580246503,2723036,794,0,730789.05
1024000,4096000,650,Del,Struct,554920638,2723036,6007,6,92379.00
1024000,4096000,651,Add,Struct,600556851,2723036,2948,0,203716.71
1024000,4096000,652,Del,Struct,656978633,2723034,3279,0,200359.45
1024000,4096000,653,Inc,Large,602595892,2723034,1642,0,366988.97
1024000,4096000,654,Dec,Large,557729474,2723032,2268,2,245912.47
1024000,4096000,655,Dec,Large,549510936,2723032,1316,0,417561.50
1024000,4096000,656,Dec,Large,604522323,2723032,1535,0,393825.62
1024000,4096000,657,Inc,Large,605734684,2723036,3081,2,196603.27
1024000,4096000,658,Dec,Large,567476369,2723036,1211,0,468601.46
1024000,4096000,659,Dec,Large,614894104,2723036,1146,0,536556.81
1024000,4096000,660,Del,Struct,612655034,2723036,1083,0,565701.79
1024000,4096000,661,Inc,Large,559010539,2723036,1320,0,423492.83
1024000,4096000,662,Inc,Large,602346707,2723036,1745,0,345184.36
1024000,4096000,663,Del,Struct,618332035,2723036,1045,0,591705.30
1024000,4096000,664,Inc,Large,604822264,2723036,1639,0,369019.08
1024000,4096000,665,Del,Struct,563735740,2723036,1232,0,457577.71
1024000,4096000,666,Inc,Large,569280364,2723038,4696,4,121226.65
1024000,4096000,667,Del,Struct,619525521,2723038,878,0,705609.93
1024000,4096000,668,Inc,Large,616346716,2723038,2358,0,261385.38
1024000,4096000,669,Inc,Large,625623327,2723036,22801,2,27438.42
1024000,4096000,670,Inc,Large,640874544,2723036,3193,2,200712.35
1024000,4096000,671,Inc,Large,630543148,2723036,1194,0,528093.09
1024000,4096000,672,Del,Struct,613633697,2723078,434037,964,1413.78
1024000,4096000,673,Add,Struct,638483725,2723078,14743,0,43307.58
1024000,4096000,674,Del,Struct,568621698,2723078,1125,0,505441.51
1024000,4096000,675,Inc,Large,543241264,2723078,1257,0,432172.84
1024000,4096000,676,Inc,Large,537250651,2723078,1349,0,398258.45
1024000,4096000,677,Del,Struct,536299963,2723078,1212,0,442491.72
1024000,4096000,678,Add,Struct,540206745,2723078,1238,0,436354.40
1024000,4096000,679,Dec,Large,536070895,2723078,1287,0,416527.50
1024000,4096000,680,Inc,Large,541732436,2723078,1271,0,426225.36
1024000,4096000,681,Dec,Large,545600269,2723074,6444,18,84667.95
1024000,4096000,682,Dec,Large,539492671,2723072,2602,2,207337.69
1024000,4096000,683,Dec,Large,541631682,2723070,1898,2,285369.70
1024000,4096000,684,Del,Struct,536458608,2723070,1432,0,374621.93
1024000,4096000,685,Dec,Large,544132373,2723068,3235,6,168201.66
1024000,4096000,686,Del,Struct,540893616,2723068,832,0,650112.52
1024000,4096000,687,Del,Struct,540303709,2723066,3128,2,172731.36
1024000,4096000,688,Dec,Large,540602071,2723066,1592,0,339574.17
1024000,4096000,689,Add,Struct,532429945,2723066,1061,0,501818.99
1024000,4096000,690,Del,Struct,539679283,2723066,1077,0,501094.97
1024000,4096000,691,Inc,Large,532571839,2723066,1696,0,314016.41
1024000,4096000,692,Del,Struct,539958856,2723068,4647,4,116195.15
1024000,4096000,693,Del,Struct,540683674,2723068,908,0,595466.60
1024000,4096000,694,Add,Struct,540001059,2723068,1335,0,404495.18
1024000,4096000,695,Add,Struct,530652828,2723070,3927,6,135129.32
1024000,4096000,696,Dec,Large,538691896,2723070,1392,0,386991.30
1024000,4096000,697,Dec,Large,532193900,2723070,1352,0,393634.54
1024000,4096000,698,Del,Struct,540161178,2723070,1065,0,507193.59
1024000,4096000,699,Dec,Large,541022609,2723070,1150,0,470454.44
1024000,4096000,700,Dec,Large,539483797,2723068,33393,172,16155.60
1024000,4096000,701,Add,Struct,534919532,2723068,2683,0,199373.66
1024000,4096000,702,Del,Struct,537514941,2723068,1069,0,502820.34
1024000,4096000,703,Dec,Large,535232124,2723068,1150,0,465419.24
1024000,4096000,704,Add,Struct,541643812,2723068,1547,0,350125.28
1024000,4096000,705,Del,Struct,535292592,2723066,822,0,651207.53
1024000,4096000,706,Dec,Large,538028806,2723064,5550,14,96942.13
1024000,4096000,707,Del,Struct,543913724,2723064,2818,2,193014.10
1024000,4096000,708,Inc,Large,537483193,2723056,9016,12,59614.37
1024000,4096000,709,Dec,Large,543138452,2723056,1430,0,379817.10
1024000,4096000,710,Del,Struct,537057836,2723056,780,0,688535.69
1024000,4096000,711,Del,Struct,535049154,2723056,883,0,605944.68
1024000,4096000,712,Del,Struct,537232544,2723056,1284,0,418405.41
1024000,4096000,713,Inc,Large,532494211,2723056,1464,0,363725.55
1024000,4096000,714,Inc,Large,529013913,2723058,5900,6,89663.38
1024000,4096000,715,Add,Struct,527490150,2723060,2625,0,200948.63
1024000,4096000,716,Inc,Large,536819377,2723060,1475,0,363945.34
1024000,4096000,717,Dec,Large,544383090,2723060,1574,0,345859.65
1024000,4096000,718,Add,Struct,530462627,2723056,5316,10,99786.05
1024000,4096000,719,Del,Struct,537213554,2723056,947,0,567279.36
1024000,4096000,720,Inc,Large,547492744,2723056,1249,0,438344.87
1024000,4096000,721,Inc,Large,538145552,2723056,1092,0,492807.28
1024000,4096000,722,Dec,Large,549333050,2723048,9380,36,58564.29
1024000,4096000,723,Inc,Large,540437632,2723048,1697,0,318466.49
1024000,4096000,724,Inc,Large,539392689,2723048,1257,0,429111.13
1024000,4096000,725,Inc,Large,540630351,2723048,1397,0,386993.81
1024000,4096000,726,Dec,Large,544165321,2723050,2659,2,204650.37
1024000,4096000,727,Del,Struct,547637107,2723050,963,0,568678.20
1024000,4096000,728,Inc,Large,542287767,2723050,5209,4,104105.93
1024000,4096000,729,Del,Struct,535459587,2723050,924,0,579501.72
1024000,4096000,730,Del,Struct,543402235,2723050,1011,0,537489.85
1024000,4096000,731,Del,Struct,550478554,2723052,2894,2,190213.74
1024000,4096000,732,Add,Struct,542075312,2723052,1217,0,445419.32
1024000,4096000,733,Add,Struct,536612224,2723052,2283,0,235046.97
1024000,4096000,734,Dec,Large,533929759,2723052,1216,0,439086.97
1024000,4096000,735,Add,Struct,536605543,2723052,1331,0,403159.69
1024000,4096000,736,Dec,Large,533200699,2723054,8071,26,66063.77
1024000,4096000,737,Del,Struct,535262949,2723052,1093,0,489719.08
1024000,4096000,738,Dec,Large,541869009,2723052,1385,0,391241.16
1024000,4096000,739,Inc,Large,543196563,2723052,1373,0,395627.50
1024000,4096000,740,Del,Struct,537545871,2723052,1553,0,346133.85
1024000,4096000,741,Inc,Large,540940527,2723052,1562,0,346312.76
1024000,4096000,742,Add,Struct,541481980,2723052,2046,0,264653.95
1024000,4096000,743,Del,Struct,538975525,2723052,799,0,674562.61
1024000,4096000,744,Inc,Large,544594170,2723052,1366,0,398678.02
1024000,4096000,745,Dec,Large,548493499,2723048,21970,108,24965.57
1024000,4096000,746,Inc,Large,543896756,2723048,7873,10,69083.80
1024000,4096000,747,Dec,Large,544566993,2723048,1326,0,410684.01
1024000,4096000,748,Dec,Large,545805438,2723048,1258,0,433867.60
1024000,4096000,749,Add,Struct,546077545,2723048,1716,0,318227.01
1024000,4096000,750,Add,Struct,545638450,2723050,1626,0,335571.00
1024000,4096000,751,Dec,Large,546553533,2723050,1424,0,383815.68
1024000,4096000,752,Add,Struct,539433746,2723050,2508,0,215085.23
1024000,4096000,753,Add,Struct,542903118,2723050,1131,0,480020.44
1024000,4096000,754,Inc,Large,543264284,2723048,7359,10,73823.11
1024000,4096000,755,Inc,Large,547104032,2723048,1436,0,380991.67
1024000,4096000,756,Del,Struct,555707697,2723044,5944,6,93490.53
1024000,4096000,757,Inc,Large,556564915,2723044,1369,0,406548.51
1024000,4096000,758,Inc,Large,539253360,2723042,5759,8,93636.63
1024000,4096000,759,Inc,Large,539411190,2723042,1486,0,362995.42
1024000,4096000,760,Del,Struct,539109089,2723042,1277,0,422168.43
1024000,4096000,761,Inc,Large,540965277,2723042,1770,0,305630.10
1024000,4096000,762,Dec,Large,538415628,2723042,1433,0,375726.19
1024000,4096000,763,Dec,Large,537644417,2723040,2599,4,206865.88
1024000,4096000,764,Add,Struct,537813548,2723040,4087,8,131591.28
1024000,4096000,765,Dec,Large,553623923,2723038,2031,2,272586.87
1024000,4096000,766,Del,Struct,541609750,2723034,6970,10,77705.85
1024000,4096000,767,Dec,Large,542263918,2723034,3233,4,167727.78
1024000,4096000,768,Inc,Large,541817035,2723034,1679,0,322702.22
1024000,4096000,769,Dec,Large,546486054,2723034,1152,0,474380.26
1024000,4096000,770,Inc,Large,549262240,2723036,7085,10,77524.66
1024000,4096000,771,Add,Struct,546297793,2723036,2780,0,196510.00
1024000,4096000,772,Add,Struct,548661881,2723036,2601,2,210942.67
1024000,4096000,773,Del,Struct,558472319,2723036,837,0,667230.97
1024000,4096000,774,Add,Struct,550504387,2723036,1073,0,513051.62
1024000,4096000,775,Del,Struct,542812947,2723036,900,0,603125.50
1024000,4096000,776,Del,Struct,582457914,2723036,1027,0,567145.00
1024000,4096000,777,Dec,Large,543204457,2723046,21698,58,25034.77
1024000,4096000,778,Del,Struct,537417714,2723046,897,0,599127.89
1024000,4096000,779,Del,Struct,541230297,2723046,782,0,692110.35
1024000,4096000,780,Inc,Large,536228728,2723046,1236,0,433842.01
1024000,4096000,781,Dec,Large,541272329,2723048,3756,8,144108.71
1024000,4096000,782,Dec,Large,540529987,2723048,1768,2,305729.63
1024000,4096000,783,Inc,Large,541071390,2723052,4671,4,115836.31
1024000,4096000,784,Inc,Large,541302756,2723052,1348,0,401559.91
1024000,4096000,785,Add,Struct,538750027,2723052,2626,0,205159.95
1024000,4096000,786,Dec,Large,536400991,2723064,53724,294,9984.38
1024000,4096000,787,Del,Struct,544115371,2723064,820,0,663555.33
1024000,4096000,788,Add,Struct,546528719,2723066,4212,8,129755.16
1024000,4096000,789,Add,Struct,549027181,2723066,1217,0,451131.62
1024000,4096000,790,Inc,Large,549889059,2723066,1343,0,409448.29
1024000,4096000,791,Del,Struct,543555152,2723066,1002,0,542470.21
1024000,4096000,792,Add,Struct,544665272,2723066,1823,0,298774.15
1024000,4096000,793,Add,Struct,543851047,2723068,2304,0,236046.46
1024000,4096000,794,Dec,Large,544467929,2723068,1354,0,402118.12
1024000,4096000,795,Add,Struct,539524950,2723068,1748,0,308652.72
1024000,4096000,796,Add,Struct,540590969,2723068,4139,4,130609.08
1024000,4096000,797,Add,Struct,543403826,2723068,1796,0,302563.38
1024000,4096000,798,Del,Struct,541317960,2723068,825,0,656142.98
1024000,4096000,799,Del,Struct,541207093,2723068,868,0,623510.48
1024000,4096000,800,Inc,Large,546829079,2723068,1436,0,380800.19
1024000,4096000,801,Inc,Large,547038328,2723068,1495,0,365911.93
1024000,4096000,802,Add,Struct,542954740,2723070,2466,2,220176.29
1024000,4096000,803,Dec,Large,545624610,2723070,1463,0,372949.15
1024000,4096000,804,Inc,Large,541193684,2723070,1446,0,374269.49
1024000,4096000,805,Del,Struct,546163734,2723070,945,0,577951.04
1024000,4096000,806,Del,Struct,544943548,2723070,938,0,580963.27
1024000,4096000,807,Del,Struct,545193854,2723070,817,0,667311.94
1024000,4096000,808,Dec,Large,538439199,2723070,1312,0,410395.73
1024000,4096000,809,Add,Struct,540900467,2723070,1870,0,289251.59
1024000,4096000,810,Del,Struct,543948955,2723070,766,0,710116.13
1024000,4096000,811,Inc,Large,546329608,2723070,1398,0,390793.71
1024000,4096000,812,Del,Struct,547674383,2723070,867,0,631689.02
1024000,4096000,813,Add,Struct,541380380,2723070,2314,0,233958.68
1024000,4096000,814,Del,Struct,542749404,2723070,752,0,721741.23
1024000,4096000,815,Dec,Large,545950901,2723070,1218,0,448235.55
1024000,4096000,816,Add,Struct,547993848,2723068,2623,2,208918.74
1024000,4096000,817,Del,Struct,545286426,2723066,825,0,660953.24
1024000,4096000,818,Del,Struct,542979118,2723066,821,0,661363.12
1024000,4096000,819,Dec,Large,541340069,2723066,1728,0,313275.50
1024000,4096000,820,Add,Struct,550620278,2723068,3153,4,174633.77
1024000,4096000,821,Dec,Large,544224403,2723068,3960,8,137430.40
1024000,4096000,822,Del,Struct,547460468,2723068,1248,0,438670.25
1024000,4096000,823,Dec,Large,547177434,2723068,1781,0,307230.45
1024000,4096000,824,Dec,Large,545316256,2723068,1340,0,406952.43
1024000,4096000,825,Dec,Large,546917048,2723068,5993,20,91259.31
1024000,4096000,826,Add,Struct,545783323,2723070,3125,4,174650.66
1024000,4096000,827,Dec,Large,547022022,2723070,1323,0,413470.92
1024000,4096000,828,Inc,Large,542077748,2723064,13540,32,40035.28
1024000,4096000,829,Dec,Large,544171536,2723064,1175,0,463124.71
1024000,4096000,830,Del,Struct,538069844,2723064,755,0,712675.29
1024000,4096000,831,Inc,Large,540940842,2723066,8781,16,61603.56
1024000,4096000,832,Inc,Large,548428383,2723066,1410,0,388956.30
1024000,4096000,833,Dec,Large,546595838,2723066,1617,0,338030.82
1024000,4096000,834,Inc,Large,540445951,2723066,1854,0,291502.67
1024000,4096000,835,Del,Struct,547942516,2723066,845,0,648452.68
1024000,4096000,836,Add,Struct,541215940,2723066,1087,0,497898.75
1024000,4096000,837,Inc,Large,531333919,2723068,4445,4,119535.19
1024000,4096000,838,Del,Struct,538931218,2723068,1021,0,527846.44
1024000,4096000,839,Inc,Large,544648892,2723068,1477,0,368753.48
1024000,4096000,840,Dec,Large,541353679,2723068,3408,6,158847.91
1024000,4096000,841,Dec,Large,544936075,2723070,2526,2,215730.83
1024000,4096000,842,Del,Struct,544609878,2723070,806,0,675694.64
1024000,4096000,843,Inc,Large,541636216,2723080,43020,144,12590.34
1024000,4096000,844,Del,Struct,538285014,2723078,983,0,547594.11
1024000,4096000,845,Del,Struct,542228438,2723074,4289,4,126423.04
1024000,4096000,846,Del,Struct,544725307,2723070,4964,6,109735.15
1024000,4096000,847,Add,Struct,535234995,2723070,2755,4,194277.68
1024000,4096000,848,Dec,Large,543585599,2723070,19677,12,27625.43
1024000,4096000,849,Del,Struct,539605297,2723070,959,0,562674.97
1024000,4096000,850,Dec,Large,543570588,2723070,1411,0,385237.84
1024000,4096000,851,Del,Struct,549280400,2723070,784,0,700612.76
1024000,4096000,852,Dec,Large,547384017,2723070,1492,0,366879.37
1024000,4096000,853,Dec,Large,535582337,2723072,2618,2,204576.90
1024000,4096000,854,Del,Struct,534943423,2723072,890,0,601060.03
1024000,4096000,855,Add,Struct,542529886,2723072,1197,0,453241.34
1024000,4096000,856,Dec,Large,530386832,2723074,1973,2,268822.52
1024000,4096000,857,Del,Struct,533593337,2723074,804,0,663673.30
1024000,4096000,858,Add,Struct,534329685,2723074,1932,0,276568.16
1024000,4096000,859,Inc,Large,542249874,2723074,1532,0,353949.00
1024000,4096000,860,Dec,Large,530916476,2723074,1486,0,357278.92
1024000,4096000,861,Del,Struct,532116828,2723072,2386,2,223016.27
1024000,4096000,862,Dec,Large,530657059,2723072,1739,0,305150.70
1024000,4096000,863,Dec,Large,535931573,2723072,1387,0,386396.23
1024000,4096000,864,Dec,Large,538823653,2723072,1739,0,309846.84
1024000,4096000,865,Del,Struct,538242913,2723072,1312,0,410246.12
1024000,4096000,866,Del,Struct,540662077,2723070,2530,2,213700.43
1024000,4096000,867,Add,Struct,558505505,2723070,2205,0,253290.48
1024000,4096000,868,Inc,Large,553103472,2723070,1713,0,322885.86
1024000,4096000,869,Del,Struct,542632234,2723070,898,0,604267.52
1024000,4096000,870,Add,Struct,545224357,2723070,1345,0,405371.27
1024000,4096000,871,Del,Struct,550663025,2723072,3138,2,175482.16
1024000,4096000,872,Add,Struct,543231557,2723074,2477,4,219310.28
1024000,4096000,873,Dec,Large,546185044,2723074,1357,0,402494.51
1024000,4096000,874,Add,Struct,536690119,2723074,2126,0,252441.26
1024000,4096000,875,Inc,Large,555279260,2723074,1402,0,396062.24
1024000,4096000,876,Add,Struct,540194661,2723074,2340,0,230852.42
1024000,4096000,877,Inc,Large,541434515,2723074,1172,0,461974.84
1024000,4096000,878,Del,Struct,535002215,2723074,1227,0,436024.63
1024000,4096000,879,Add,Struct,539202982,2723074,1047,0,514998.07
1024000,4096000,880,Inc,Large,540453895,2723078,5794,6,93278.20
1024000,4096000,881,Add,Struct,543167102,2723078,2061,0,263545.42
1024000,4096000,882,Inc,Large,546010361,2723078,1451,0,376299.35
1024000,4096000,883,Inc,Large,545396162,2723078,1510,0,361189.51
1024000,4096000,884,Inc,Large,541546235,2723078,1557,0,347813.90
1024000,4096000,885,Del,Struct,542167598,2723078,1413,0,383699.64
1024000,4096000,886,Inc,Large,541597238,2723076,5233,6,103496.51
1024000,4096000,887,Del,Struct,541606209,2723074,841,0,644002.63
1024000,4096000,888,Add,Struct,542974341,2723074,1136,0,477970.37
1024000,4096000,889,Add,Struct,541798707,2723074,1423,0,380744.00
1024000,4096000,890,Del,Struct,540557356,2723074,1040,0,519766.69
1024000,4096000,891,Inc,Large,539453454,2723074,1290,0,418180.97
1024000,4096000,892,Inc,Large,574575955,2723074,1391,0,413066.83
1024000,4096000,893,Del,Struct,545240240,2723076,6255,8,87168.70
1024000,4096000,894,Del,Struct,545757726,2723076,1460,0,373806.66
1024000,4096000,895,Del,Struct,544997090,2723076,1138,0,478907.81
1024000,4096000,896,Del,Struct,548519933,2723076,887,0,618399.02
1024000,4096000,897,Inc,Large,551019104,2723076,1766,0,312015.35
1024000,4096000,898,Add,Struct,552810568,2723076,2175,0,254165.78
1024000,4096000,899,Add,Struct,546786042,2723076,2153,0,253964.72
1024000,4096000,900,Del,Struct,537895792,2723076,726,0,740903.29
1024000,4096000,901,Dec,Large,536363826,2723076,1241,0,432202.92
1024000,4096000,902,Inc,Large,534551937,2723076,1264,0,422905.01
1024000,4096000,903,Inc,Large,531106255,2723076,1537,0,345547.34
1024000,4096000,904,Inc,Large,544377668,2723078,6442,8,84504.45
1024000,4096000,905,Dec,Large,543769766,2723084,3494,6,155629.58
1024000,4096000,906,Del,Struct,549091230,2723086,2988,2,183765.47
1024000,4096000,907,Add,Struct,543751265,2723086,4203,4,129372.18
1024000,4096000,908,Dec,Large,548712365,2723086,1940,2,282841.43
1024000,4096000,909,Add,Struct,546192537,2723086,2709,0,201621.46
1024000,4096000,910,Add,Struct,545260283,2723086,3266,4,166950.48
1024000,4096000,911,Inc,Large,545251774,2723086,1198,0,455135.04
1024000,4096000,912,Del,Struct,547072614,2723088,4598,4,118980.56
1024000,4096000,913,Inc,Large,543636116,2723088,1354,0,401503.78
1024000,4096000,914,Dec,Large,548060861,2723088,1139,0,481177.23
1024000,4096000,915,Del,Struct,552665735,2723086,717,0,770802.98
1024000,4096000,916,Inc,Large,550772050,2723086,1241,0,443813.09
1024000,4096000,917,Add,Struct,540012767,2723086,1479,0,365120.19
1024000,4096000,918,Del,Struct,542162896,2723086,861,0,629689.77
1024000,4096000,919,Dec,Large,540695130,2723086,976,0,553990.91
1024000,4096000,920,Dec,Large,541609545,2723086,1306,0,414708.69
1024000,4096000,921,Inc,Large,547485269,2723088,3388,2,161595.42
1024000,4096000,922,Add,Struct,541018415,2723088,2390,0,226367.54
1024000,4096000,923,Del,Struct,541069371,2723088,1099,0,492328.82
1024000,4096000,924,Dec,Large,547901309,2723086,3369,4,162630.25
1024000,4096000,925,Add,Struct,545836470,2723086,2333,2,233963.34
1024000,4096000,926,Inc,Large,543413345,2723086,1348,0,403125.63
1024000,4096000,927,Dec,Large,535376041,2723086,1075,0,498024.22
1024000,4096000,928,Add,Struct,542086465,2723086,2444,0,221802.97
1024000,4096000,929,Dec,Large,546283460,2723088,21995,4,24836.71
1024000,4096000,930,Inc,Large,551932390,2723092,6773,8,81490.09
1024000,4096000,931,Add,Struct,542858584,2723092,1218,0,445696.70
1024000,4096000,932,Dec,Large,542920067,2723092,1474,0,368331.12
1024000,4096000,933,Inc,Large,536820729,2723092,3879,2,138391.53
1024000,4096000,934,Add,Struct,543103069,2723092,1568,0,346366.75
1024000,4096000,935,Dec,Large,542108099,2723092,1425,0,380426.74
1024000,4096000,936,Del,Struct,546783516,2723092,1045,0,523237.81
1024000,4096000,937,Inc,Large,547083719,2723092,1584,0,345381.14
1024000,4096000,938,Inc,Large,550384427,2723092,1593,0,345501.84
1024000,4096000,939,Add,Struct,552415412,2723092,2463,0,224285.59
1024000,4096000,940,Inc,Large,543322061,2723092,1459,0,372393.46
1024000,4096000,941,Inc,Large,550011915,2723092,1759,0,312684.43
1024000,4096000,942,Inc,Large,544640266,2723092,1162,0,468709.35
1024000,4096000,943,Add,Struct,541423222,2723088,3001,2,180414.27
1024000,4096000,944,Inc,Large,544291525,2723086,8832,14,61627.21
1024000,4096000,945,Del,Struct,545871180,2723086,942,0,579481.08
1024000,4096000,946,Inc,Large,546471079,2723090,11071,20,49360.59
1024000,4096000,947,Dec,Large,537484480,2723092,2601,2,206645.32
1024000,4096000,948,Add,Struct,530973645,2723094,2384,0,222723.84
1024000,4096000,949,Dec,Large,532445944,2723094,3380,4,157528.39
1024000,4096000,950,Add,Struct,547993227,2723102,3747,6,146248.53
1024000,4096000,951,Inc,Large,545360499,2723102,1523,0,358083.06
1024000,4096000,952,Dec,Large,546131372,2723102,1349,0,404841.64
1024000,4096000,953,Inc,Large,532843080,2723102,1516,0,351479.60
1024000,4096000,954,Add,Struct,541182210,2723102,1981,0,273186.38
1024000,4096000,955,Del,Struct,541820251,2723100,1003,0,540199.65
1024000,4096000,956,Dec,Large,546659200,2723100,15024,2,36385.73
1024000,4096000,957,Del,Struct,544077082,2723100,810,0,671700.10
1024000,4096000,958,Inc,Large,543226753,2723098,6330,6,85817.81
1024000,4096000,959,Add,Struct,541286845,2723098,2463,0,219767.29
1024000,4096000,960,Inc,Large,541396888,2723098,1466,0,369302.11
1024000,4096000,961,Dec,Large,542250764,2723098,1324,0,409554.96
1024000,4096000,962,Del,Struct,540243961,2723100,4940,4,109361.13
1024000,4096000,963,Inc,Large,543198029,2723100,1030,0,527376.73
1024000,4096000,964,Inc,Large,544045212,2723098,3522,2,154470.53
1024000,4096000,965,Inc,Large,548684335,2723098,1377,0,398463.57
1024000,4096000,966,Inc,Large,529711166,2723098,1371,0,386368.47
1024000,4096000,967,Dec,Large,543162870,2723098,1403,0,387143.88
1024000,4096000,968,Inc,Large,542197646,2723098,1299,0,417396.19
1024000,4096000,969,Del,Struct,540014189,2723098,1298,0,416035.58
1024000,4096000,970,Del,Struct,538047788,2723096,810,0,664256.53
1024000,4096000,971,Add,Struct,543783367,2723096,2643,0,205744.75
1024000,4096000,972,Add,Struct,537050761,2723096,1958,0,274285.37
1024000,4096000,973,Del,Struct,541623989,2723096,1024,0,528929.68
1024000,4096000,974,Dec,Large,543013092,2723098,2245,2,241876.66
1024000,4096000,975,Add,Struct,544643677,2723098,1190,0,457683.76
1024000,4096000,976,Inc,Large,535202398,2723098,1240,0,431614.84
1024000,4096000,977,Dec,Large,556193182,2723098,1321,0,421039.50
1024000,4096000,978,Inc,Large,537197570,2723100,10391,18,51698.35
1024000,4096000,979,Del,Struct,575857873,2723106,5691,6,101187.47
1024000,4096000,980,Del,Struct,536124484,2723106,826,0,649061.12
1024000,4096000,981,Del,Struct,540520652,2723106,865,0,624879.37
1024000,4096000,982,Add,Struct,541503791,2723106,2924,0,185192.81
1024000,4096000,983,Del,Struct,534196993,2723106,3355,2,159224.14
1024000,4096000,984,Add,Struct,541671727,2723106,2572,0,210603.32
1024000,4096000,985,Del,Struct,555277944,2723106,807,0,688076.76
1024000,4096000,986,Dec,Large,543922362,2723108,4677,12,116297.28
1024000,4096000,987,Del,Struct,543289678,2723108,943,0,576129.03
1024000,4096000,988,Add,Struct,543036916,2723108,2094,0,259329.95
1024000,4096000,989,Inc,Large,544143313,2723108,2010,0,270718.07
1024000,4096000,990,Del,Struct,548786068,2723108,917,0,598458.09
1024000,4096000,991,Add,Struct,546680273,2723108,3381,2,161691.89
1024000,4096000,992,Inc,Large,545433421,2723108,1461,0,373328.83
1024000,4096000,993,Inc,Large,541833930,2723108,3439,2,157555.66
1024000,4096000,994,Inc,Large,536407894,2723108,1624,0,330300.43
1024000,4096000,995,Inc,Large,538360337,2723108,1746,0,308339.25
1024000,4096000,996,Inc,Large,545141117,2723108,1554,0,350798.66
1024000,4096000,997,Add,Struct,544302790,2723108,2143,0,253991.04
1024000,4096000,998,Inc,Large,549786044,2723114,9997,16,54995.10
1024000,4096000,999,Add,Struct,537882979,2723114,2446,0,219903.10
2048000,8192000,0,Del,Struct,1224050593,5442266,1189,0,1029479.05
2048000,8192000,1,Inc,Large,1212357222,5442266,3479,2,348478.65
2048000,8192000,2,Inc,Large,1213355298,5442268,3725,2,325732.97
2048000,8192000,3,Del,Struct,1203585430,5442268,849,0,1417650.68
2048000,8192000,4,Add,Struct,1220773610,5442268,1634,0,747107.47
2048000,8192000,5,Inc,Large,1204541441,5442268,1867,0,645174.85
2048000,8192000,6,Add,Struct,1204889776,5442268,1144,0,1053225.33
2048000,8192000,7,Add,Struct,1215885423,5442268,1503,0,808972.34
2048000,8192000,8,Inc,Large,1218354099,5442272,1355,0,899154.32
2048000,8192000,9,Add,Struct,1227397949,5442272,1462,0,839533.48
2048000,8192000,10,Add,Struct,1207001436,5442272,1940,2,622165.69
2048000,8192000,11,Inc,Large,1216590375,5442272,24807,0,49042.22
2048000,8192000,12,Add,Struct,1195856889,5442272,1649,0,725201.27
2048000,8192000,13,Del,Struct,1205271841,5442268,4018,4,299968.10
2048000,8192000,14,Inc,Large,1205566475,5442268,1695,0,711248.66
2048000,8192000,15,Inc,Large,1212338093,5442272,5059,4,239639.87
2048000,8192000,16,Del,Struct,1212965224,5442272,4209,4,288183.71
2048000,8192000,17,Add,Struct,1213029113,5442272,2140,0,566836.03
2048000,8192000,18,Add,Struct,1210214422,5442274,2052,2,589773.11
2048000,8192000,19,Inc,Large,1219217908,5442274,1667,0,731384.47
2048000,8192000,20,Del,Struct,1216130338,5442262,19850,44,61266.01
2048000,8192000,21,Dec,Large,1219221607,5442262,1761,0,692346.17
2048000,8192000,22,Del,Struct,1268803729,5442262,1092,0,1161908.18
2048000,8192000,23,Dec,Large,1203603627,5442268,3678,8,327244.05
2048000,8192000,24,Add,Struct,1205075503,5442268,1163,0,1036178.42
2048000,8192000,25,Del,Struct,1221543283,5442270,4336,4,281721.24
2048000,8192000,26,Del,Struct,1216547490,5442270,1220,0,997170.07
2048000,8192000,27,Del,Struct,1218861004,5442270,917,0,1329183.21
2048000,8192000,28,Del,Struct,1217873953,5442270,1018,0,1196339.84
2048000,8192000,29,Dec,Large,1215808823,5442274,4249,10,286139.99
2048000,8192000,30,Inc,Large,1236812566,5442274,1199,0,1031536.75
2048000,8192000,31,Add,Struct,1241152950,5442276,2984,4,415935.98
2048000,8192000,32,Inc,Large,1217983606,5442278,11702,20,104083.37
2048000,8192000,33,Add,Struct,1206185295,5442278,1797,0,671221.64
2048000,8192000,34,Inc,Large,1224669530,5442278,1578,0,776089.69
2048000,8192000,35,Del,Struct,1210673585,5442276,8060,12,150207.64
2048000,8192000,36,Dec,Large,1220715009,5442278,15864,2,76948.75
2048000,8192000,37,Dec,Large,1208332472,5442278,1804,0,669807.36
2048000,8192000,38,Inc,Large,1211631681,5442278,1412,0,858096.09
2048000,8192000,39,Inc,Large,1219916612,5442278,1332,0,915853.31
2048000,8192000,40,Inc,Large,1215983223,5442278,2236,0,543820.76
2048000,8192000,41,Add,Struct,1209045370,5442278,1494,0,809267.32
2048000,8192000,42,Inc,Large,1206402821,5442278,17883,6,67460.87
2048000,8192000,43,Add,Struct,1219648053,5442278,3070,2,397279.50
2048000,8192000,44,Add,Struct,1212539959,5442280,2922,4,414969.19
2048000,8192000,45,Inc,Large,1223072886,5442280,11301,20,108226.96
2048000,8192000,46,Del,Struct,1211923333,5442280,1517,0,798894.75
2048000,8192000,47,Inc,Large,1216672793,5442280,1911,0,636668.13
2048000,8192000,48,Del,Struct,1222620454,5442278,963,0,1269595.49
2048000,8192000,49,Del,Struct,1209664822,5442276,1025,0,1180160.80
2048000,8192000,50,Inc,Large,1212915624,5442278,9599,14,126358.54
2048000,8192000,51,Inc,Large,1208876939,5442278,1501,0,805381.04
2048000,8192000,52,Dec,Large,1218709598,5442278,2732,2,446086.97
2048000,8192000,53,Add,Struct,1209699973,5442278,1677,2,721347.63
2048000,8192000,54,Dec,Large,1219129953,5442268,7499,24,162572.34
2048000,8192000,55,Dec,Large,1207738961,5442262,4919,14,245525.30
2048000,8192000,56,Del,Struct,1209822122,5442262,3356,2,360495.27
2048000,8192000,57,Dec,Large,1223503526,5442260,4390,12,278702.40
2048000,8192000,58,Del,Struct,1215667133,5442258,2730,2,445299.32
2048000,8192000,59,Add,Struct,1224915368,5442258,3684,10,332496.03
2048000,8192000,60,Del,Struct,1208659376,5442260,6952,8,173857.79
2048000,8192000,61,Inc,Large,1210357658,5442260,1777,0,681124.17
2048000,8192000,62,Add,Struct,1214719175,5442260,2227,0,545450.91
2048000,8192000,63,Inc,Large,1218702113,5442260,1534,0,794460.31
2048000,8192000,64,Dec,Large,1210869156,5442254,19865,92,60954.90
2048000,8192000,65,Inc,Large,1210653139,5442254,1843,0,656892.64
2048000,8192000,66,Del,Struct,1212998742,5442258,9659,16,125582.23
2048000,8192000,67,Add,Struct,1215252575,5442260,3650,6,332945.91
2048000,8192000,68,Del,Struct,1188340248,5442260,845,0,1406319.82
2048000,8192000,69,Inc,Large,1260158322,5442260,1678,0,750988.27
2048000,8192000,70,Inc,Large,1215661797,5442260,5301,4,229326.88
2048000,8192000,71,Del,Struct,1220212139,5442260,986,0,1237537.67
2048000,8192000,72,Add,Struct,1212039929,5442262,2754,2,440101.64
2048000,8192000,73,Dec,Large,1215593226,5442262,1407,0,863961.07
2048000,8192000,74,Add,Struct,1212840230,5442262,4517,4,268505.70
2048000,8192000,75,Inc,Large,1200917464,5442262,1851,0,648793.88
2048000,8192000,76,Del,Struct,1220705959,5442262,836,0,1460174.59
2048000,8192000,77,Add,Struct,1224449888,5442260,2928,4,418186.44
2048000,8192000,78,Dec,Large,1227716591,5442260,3219,6,381396.89
2048000,8192000,79,Add,Struct,1207808443,5442254,7445,24,162230.82
2048000,8192000,80,Dec,Large,1236296034,5442254,1608,0,768840.82
2048000,8192000,81,Dec,Large,1211517401,5442254,1399,0,865988.14
2048000,8192000,82,Inc,Large,1219560483,5442254,1555,0,784283.27
2048000,8192000,83,Add,Struct,1229476359,5442254,2260,0,544016.09
2048000,8192000,84,Dec,Large,1218637158,5442254,4366,8,279119.83
2048000,8192000,85,Inc,Large,1224510251,5442254,1358,0,901701.22
2048000,8192000,86,Inc,Large,1220627514,5442254,2022,0,603673.35
2048000,8192000,87,Dec,Large,1226574478,5442254,1916,0,640174.57
2048000,8192000,88,Del,Struct,1225101282,5442254,795,0,1541007.90
2048000,8192000,89,Inc,Large,1225434502,5442254,1691,0,724680.37
2048000,8192000,90,Add,Struct,1216992719,5442254,2489,0,488948.46
2048000,8192000,91,Del,Struct,1220909105,5442254,887,0,1376447.69
2048000,8192000,92,Inc,Large,1214783209,5442254,1541,0,788308.38
2048000,8192000,93,Dec,Large,1207674385,5442254,1794,0,673174.13
2048000,8192000,94,Dec,Large,1215509024,5442254,4353,6,279234.79
2048000,8192000,95,Add,Struct,1199930114,5442252,2135,2,562028.16
2048000,8192000,96,Dec,Large,1199264503,5442250,2680,2,447486.75
2048000,8192000,97,Add,Struct,1226902700,5442250,3934,8,311871.56
2048000,8192000,98,Inc,Large,1217112997,5442250,1631,0,746237.28
2048000,8192000,99,Inc,Large,1223925315,5442250,1521,0,804684.63
2048000,8192000,100,Dec,Large,1220021747,5442250,1533,0,795839.37
2048000,8192000,101,Add,Struct,1238672896,5442252,22077,66,56106.94
2048000,8192000,102,Dec,Large,1222087103,5442250,3160,2,386736.42
2048000,8192000,103,Del,Struct,1218490907,5442250,1485,0,820532.60
2048000,8192000,104,Del,Struct,1218111871,5442250,944,0,1290372.74
2048000,8192000,105,Add,Struct,1215958402,5442250,2125,0,572215.72
2048000,8192000,106,Add,Struct,1201923976,5442252,1183,0,1015996.60
2048000,8192000,107,Inc,Large,1216256900,5442250,1630,0,746169.88
2048000,8192000,108,Add,Struct,1213832633,5442250,2282,0,531916.14
2048000,8192000,109,Dec,Large,1217684379,5442250,2139,0,569277.41
2048000,8192000,110,Dec,Large,1224093537,5442250,1434,0,853621.71
2048000,8192000,111,Inc,Large,1209692400,5442250,1538,0,786536.02
2048000,8192000,112,Del,Struct,1207302743,5442252,4381,4,275576.98
2048000,8192000,113,Inc,Large,1202311040,5442252,1763,0,681968.83
2048000,8192000,114,Inc,Large,1217160918,5442252,1679,0,724932.05
2048000,8192000,115,Add,Struct,1217891752,5442252,1983,0,614166.29
2048000,8192000,116,Inc,Large,1218743550,5442252,1599,0,762191.09
2048000,8192000,117,Add,Struct,1217186931,5442252,1399,0,870040.69
2048000,8192000,118,Del,Struct,1220048777,5442252,5644,6,216167.39
2048000,8192000,119,Del,Struct,1270954149,5442252,882,0,1440991.10
2048000,8192000,120,Add,Struct,1221076617,5442252,1103,0,1107050.42
2048000,8192000,121,Dec,Large,1231108119,5442256,9456,28,130193.33
2048000,8192000,122,Inc,Large,1222813138,5442256,1365,0,895833.80
2048000,8192000,123,Add,Struct,1226411520,5442256,1927,0,636435.66
2048000,8192000,124,Add,Struct,1215274032,5442254,3833,8,317055.58
2048000,8192000,125,Dec,Large,1230195272,5442254,2023,0,608104.43
2048000,8192000,126,Dec,Large,1214338025,5442258,4320,6,281096.77
2048000,8192000,127,Add,Struct,1214943451,5442258,1396,0,870303.33
2048000,8192000,128,Inc,Large,1226239796,5442258,1756,0,698314.23
2048000,8192000,129,Del,Struct,1247858484,5442258,797,0,1565694.46
2048000,8192000,130,Dec,Large,1202371373,5442258,5829,16,206274.04
2048000,8192000,131,Add,Struct,1200398281,5442260,2946,4,407467.17
2048000,8192000,132,Dec,Large,1217955801,5442266,5461,12,223027.98
2048000,8192000,133,Add,Struct,1213180401,5442266,2458,0,493564.04
2048000,8192000,134,Inc,Large,1202929483,5442266,1394,0,862933.63
2048000,8192000,135,Dec,Large,1201738211,5442266,1571,0,764951.12
2048000,8192000,136,Inc,Large,1199417878,5442266,1615,0,742673.61
2048000,8192000,137,Inc,Large,1219426031,5442266,1563,0,780183.00
2048000,8192000,138,Del,Struct,1231031639,5442266,1098,0,1121158.14
2048000,8192000,139,Add,Struct,1226281175,5442266,1555,0,788605.26
2048000,8192000,140,Add,Struct,1229018299,5442266,2206,0,557125.25
2048000,8192000,141,Del,Struct,1224903635,5442266,960,0,1275941.29
2048000,8192000,142,Del,Struct,1218263595,5442266,967,0,1259838.26
2048000,8192000,143,Inc,Large,1211927809,5442266,4412,2,274688.99
2048000,8192000,144,Dec,Large,1215017646,5442266,1596,0,761289.25
2048000,8192000,145,Dec,Large,1224402594,5442266,1641,0,746131.99
2048000,8192000,146,Dec,Large,1232990314,5442266,1862,0,662185.99
2048000,8192000,147,Del,Struct,1230111445,5442272,5345,6,230142.46
2048000,8192000,148,Inc,Large,1220694027,5442272,1453,0,840119.77
2048000,8192000,149,Inc,Large,1216886521,5442272,1603,0,759130.71
2048000,8192000,150,Del,Struct,1211671480,5442270,1349,0,898199.76
2048000,8192000,151,Del,Struct,1218551363,5442270,936,0,1301871.11
2048000,8192000,152,Del,Struct,1224150839,5442270,912,0,1342270.66
2048000,8192000,153,Inc,Large,1215173345,5442270,1956,0,621254.27
2048000,8192000,154,Del,Struct,1205089216,5442270,946,0,1273878.66
2048000,8192000,155,Add,Struct,1203239347,5442270,1319,0,912236.05
2048000,8192000,156,Del,Struct,1208571407,5442270,958,0,1261556.79
2048000,8192000,157,Inc,Large,1220362248,5442270,3702,2,329649.45
2048000,8192000,158,Dec,Large,1262241022,5442270,1413,0,893305.75
2048000,8192000,159,Del,Struct,1215484267,5442270,918,0,1324056.94
2048000,8192000,160,Del,Struct,1214775253,5442270,1193,0,1018252.52
2048000,8192000,161,Add,Struct,1213605599,5442270,1257,0,965477.80
2048000,8192000,162,Inc,Large,1230874408,5442270,4189,2,293834.90
2048000,8192000,163,Dec,Large,1223373358,5442272,3123,4,391730.18
2048000,8192000,164,Del,Struct,1226365039,5442272,977,0,1255235.45
2048000,8192000,165,Dec,Large,1216305997,5442272,1569,0,775210.96
2048000,8192000,166,Add,Struct,1225238655,5442272,1199,0,1021883.78
2048000,8192000,167,Dec,Large,1218587279,5442272,1636,0,744857.75
2048000,8192000,168,Add,Struct,1211263479,5442272,2728,0,444011.54
2048000,8192000,169,Inc,Large,1213688520,5442272,1364,0,889800.97
2048000,8192000,170,Add,Struct,1205000405,5442272,1572,0,766539.70
2048000,8192000,171,Add,Struct,1211717391,5442272,1281,0,945915.22
2048000,8192000,172,Dec,Large,1204628004,5442272,1585,0,760017.67
2048000,8192000,173,Inc,Large,1209060158,5442272,1807,0,669098.04
2048000,8192000,174,Del,Struct,1207024005,5442272,931,0,1296481.21
2048000,8192000,175,Del,Struct,1216178776,5442272,5125,4,237303.18
2048000,8192000,176,Add,Struct,1209571748,5442272,1136,0,1064763.86
2048000,8192000,177,Del,Struct,1196867589,5442272,948,0,1262518.55
2048000,8192000,178,Add,Struct,1232430420,5442274,7693,24,160201.54
2048000,8192000,179,Inc,Large,1208754013,5442274,3695,2,327132.34
2048000,8192000,180,Del,Struct,1212634973,5442274,3369,2,359939.14
2048000,8192000,181,Inc,Large,1214147222,5442274,1852,0,655587.05
2048000,8192000,182,Inc,Large,1220651622,5442274,1646,0,741586.65
2048000,8192000,183,Dec,Large,1208939144,5442274,1460,0,828040.51
2048000,8192000,184,Del,Struct,1210639909,5442274,1302,0,929830.96
2048000,8192000,185,Del,Struct,1219297890,5442274,961,0,1268780.32
2048000,8192000,186,Dec,Large,1224966152,5442274,1561,0,784731.68
2048000,8192000,187,Inc,Large,1309335512,5442272,3945,2,331897.47
2048000,8192000,188,Del,Struct,1501909132,5442270,1127,0,1332661.16
2048000,8192000,189,Inc,Large,1395079106,5442270,1408,0,990823.23
2048000,8192000,190,Del,Struct,1268233093,5442270,922,0,1375523.96
2048000,8192000,191,Del,Struct,1443612073,5442270,879,0,1642334.55
2048000,8192000,192,Del,Struct,1280951918,5442270,4979,6,257270.92
2048000,8192000,193,Add,Struct,1218902854,5442270,1293,0,942693.62
2048000,8192000,194,Dec,Large,1211887932,5442270,1914,0,633170.29
2048000,8192000,195,Dec,Large,1214304929,5442270,1336,0,908910.88
2048000,8192000,196,Add,Struct,1192882648,5442270,2055,0,580478.17
2048000,8192000,197,Del,Struct,1202896041,5442270,984,0,1222455.33
2048000,8192000,198,Dec,Large,1220615004,5442270,1766,0,691174.97
2048000,8192000,199,Del,Struct,1212270454,5442274,4428,4,273773.82
2048000,8192000,200,Dec,Large,1210530250,5442274,1334,0,907443.97
2048000,8192000,201,Inc,Large,1213598128,5442274,1334,0,909743.72
2048000,8192000,202,Inc,Large,1208992070,5442274,1905,0,634641.51
2048000,8192000,203,Dec,Large,1204313662,5442274,1198,0,1005270.17
2048000,8192000,204,Del,Struct,1195820206,5442274,957,0,1249550.89
2048000,8192000,205,Dec,Large,1197321099,5442274,1710,0,700187.78
2048000,8192000,206,Add,Struct,1211379945,5442274,1930,0,627658.00
2048000,8192000,207,Inc,Large,1204395872,5442274,4415,2,272796.35
2048000,8192000,208,Inc,Large,1203483127,5442274,1650,0,729383.71
2048000,8192000,209,Add,Struct,1269107892,5442274,2295,0,552988.19
2048000,8192000,210,Inc,Large,1460497736,5442274,1252,0,1166531.74
2048000,8192000,211,Dec,Large,1213290678,5442274,1280,0,947883.34
2048000,8192000,212,Dec,Large,1196938828,5442274,5288,12,226350.01
2048000,8192000,213,Dec,Large,1202658981,5442274,2438,2,493297.37
2048000,8192000,214,Del,Struct,1212026503,5442274,783,0,1547926.57
2048000,8192000,215,Dec,Large,1214639565,5442276,3137,4,387197.82
2048000,8192000,216,Del,Struct,1210681263,5442276,995,0,1216765.09
2048000,8192000,217,Inc,Large,1200690150,5442276,3865,2,310657.22
2048000,8192000,218,Inc,Large,1204315923,5442276,1333,0,903462.81
2048000,8192000,219,Dec,Large,1200550807,5442276,13578,0,88418.83
2048000,8192000,220,Inc,Large,1205185185,5442276,1589,0,758455.12
2048000,8192000,221,Del,Struct,1203566094,5442276,860,0,1399495.46
2048000,8192000,222,Del,Struct,1202807050,5442274,4449,4,270354.47
2048000,8192000,223,Inc,Large,1207143567,5442274,1540,0,783859.46
2048000,8192000,224,Inc,Large,1199849839,5442274,1506,0,796713.04
2048000,8192000,225,Add,Struct,1220504953,5442274,2312,0,527900.07
2048000,8192000,226,Inc,Large,1217221735,5442274,3190,2,381574.21
2048000,8192000,227,Add,Struct,1238180255,5442274,1129,0,1096705.27
2048000,8192000,228,Del,Struct,1199040384,5442276,4654,4,257636.52
2048000,8192000,229,Add,Struct,1199548617,5442272,3417,6,351053.15
2048000,8192000,230,Dec,Large,1221047136,5442272,1598,0,764109.60
2048000,8192000,231,Del,Struct,1207681457,5442272,900,0,1341868.29
2048000,8192000,232,Del,Struct,1197913267,5442272,806,0,1486244.75
2048000,8192000,233,Add,Struct,1191075318,5442272,2609,0,456525.61
2048000,8192000,234,Add,Struct,1189755722,5442272,1428,0,833162.27
2048000,8192000,235,Del,Struct,1194421425,5442272,954,0,1252014.07
2048000,8192000,236,Add,Struct,1209804179,5442272,2190,0,552422.00
2048000,8192000,237,Add,Struct,1208218642,5442272,1228,0,983891.40
2048000,8192000,238,Add,Struct,1199694534,5442272,2030,0,590982.53
2048000,8192000,239,Add,Struct,1212591920,5442272,2358,0,514245.94
2048000,8192000,240,Dec,Large,1214106062,5442270,12292,48,98772.05
2048000,8192000,241,Dec,Large,1212834398,5442270,1226,0,989261.34
2048000,8192000,242,Dec,Large,1220451987,5442270,1347,0,906051.96
2048000,8192000,243,Dec,Large,1217185570,5442268,1736,0,701143.76
2048000,8192000,244,Inc,Large,1215718760,5442268,1728,0,703540.95
2048000,8192000,245,Del,Struct,1211591710,5442268,868,0,1395842.98
2048000,8192000,246,Inc,Large,1215956369,5442266,6267,6,194025.27
2048000,8192000,247,Dec,Large,1212091769,5442266,1516,0,799532.83
2048000,8192000,248,Del,Struct,1195693386,5442266,3328,2,359282.87
2048000,8192000,249,Del,Struct,1210071784,5442266,817,0,1481116.01
2048000,8192000,250,Del,Struct,1205704637,5442266,899,0,1341162.00
2048000,8192000,251,Inc,Large,1212099452,5442266,1584,0,765214.30
2048000,8192000,252,Inc,Large,1209787933,5442266,1227,0,985972.24
2048000,8192000,253,Del,Struct,1216286123,5442266,884,0,1375889.28
2048000,8192000,254,Del,Struct,1216803193,5442264,878,0,1385880.63
2048000,8192000,255,Inc,Large,1214136788,5442264,1495,0,812131.63
2048000,8192000,256,Add,Struct,1248450564,5442264,1351,0,924093.68
2048000,8192000,257,Inc,Large,1216780752,5442264,1460,0,833411.47
2048000,8192000,258,Del,Struct,1219884293,5442264,933,0,1307485.84
2048000,8192000,259,Inc,Large,1211718867,5442264,1637,0,740207.00
2048000,8192000,260,Dec,Large,1201523089,5442264,1445,0,831503.87
2048000,8192000,261,Inc,Large,1217713245,5442264,1429,0,852143.63
2048000,8192000,262,Del,Struct,1211818993,5442264,981,0,1235289.49
2048000,8192000,263,Add,Struct,1215864240,5442260,2495,2,487320.34
2048000,8192000,264,Del,Struct,1208388421,5442260,970,0,1245761.26
2048000,8192000,265,Add,Struct,1194601060,5442260,1193,0,1001342.05
2048000,8192000,266,Dec,Large,1208073499,5442260,1664,0,726005.71
2048000,8192000,267,Del,Struct,1200110197,5442260,1170,0,1025735.21
2048000,8192000,268,Dec,Large,1212035057,5442260,4746,8,255380.33
2048000,8192000,269,Del,Struct,1232742078,5442260,1026,0,1201503.00
2048000,8192000,270,Dec,Large,1203783232,5442260,1193,0,1009038.75
2048000,8192000,271,Del,Struct,1201408972,5442262,11055,20,108675.62
2048000,8192000,272,Inc,Large,1204749017,5442262,1503,0,801562.89
2048000,8192000,273,Del,Struct,1219843963,5442262,764,0,1596654.40
2048000,8192000,274,Add,Struct,1198160447,5442262,2383,2,502794.98
2048000,8192000,275,Add,Struct,1202243563,5442260,3421,6,351430.45
2048000,8192000,276,Del,Struct,1219196440,5442260,1427,0,854377.32
2048000,8192000,277,Add,Struct,1216350212,5442262,2448,2,496875.09
2048000,8192000,278,Dec,Large,1200443487,5442262,1570,0,764613.69
2048000,8192000,279,Add,Struct,1216113660,5442262,2421,0,502318.74
2048000,8192000,280,Inc,Large,1223210783,5442262,1519,0,805273.72
2048000,8192000,281,Add,Struct,1202116352,5442262,1269,0,947294.21
2048000,8192000,282,Add,Struct,1223023117,5442262,2183,0,560248.79
2048000,8192000,283,Inc,Large,1208531434,5442266,3558,2,339665.95
2048000,8192000,284,Del,Struct,1210965863,5442266,1304,0,928654.80
2048000,8192000,285,Del,Struct,1195522457,5442266,920,0,1299480.93
2048000,8192000,286,Del,Struct,1208000269,5442266,1002,0,1205589.09
2048000,8192000,287,Inc,Large,1208068097,5442266,1752,0,689536.59
2048000,8192000,288,Inc,Large,1213464978,5442268,9284,14,130704.97
2048000,8192000,289,Del,Struct,1215965048,5442268,1226,0,991814.88
2048000,8192000,290,Del,Struct,1203565388,5442274,9149,14,131551.58
2048000,8192000,291,Inc,Large,1208916088,5442274,1552,0,778940.78
2048000,8192000,292,Dec,Large,1198148621,5442274,1440,0,832047.65
2048000,8192000,293,Inc,Large,1208066274,5442274,1831,0,659784.97
2048000,8192000,294,Add,Struct,1218576787,5442266,16223,70,75114.15
2048000,8192000,295,Del,Struct,1199282688,5442266,1056,0,1135684.36
2048000,8192000,296,Dec,Large,1200339188,5442268,4901,8,244917.20
2048000,8192000,297,Inc,Large,1193058188,5442268,1690,0,705951.59
2048000,8192000,298,Add,Struct,1204142054,5442268,2343,0,513931.73
2048000,8192000,299,Del,Struct,1215788717,5442268,997,0,1219447.06
2048000,8192000,300,Dec,Large,1215759006,5442266,1497,0,812130.26
2048000,8192000,301,Dec,Large,1219051415,5442266,2742,2,444584.76
2048000,8192000,302,Add,Struct,1237034073,5442266,1587,0,779479.57
2048000,8192000,303,Del,Struct,1215754494,5442266,1040,0,1168994.71
2048000,8192000,304,Dec,Large,1196213277,5442266,2908,2,411352.57
2048000,8192000,305,Add,Struct,1215606832,5442266,1224,0,993142.84
2048000,8192000,306,Inc,Large,1211254359,5442266,1605,0,754675.61
2048000,8192000,307,Add,Struct,1207053303,5442268,4712,10,256165.81
2048000,8192000,308,Del,Struct,1202851400,5442220,224238,638,5364.17
2048000,8192000,309,Dec,Large,1217535244,5442220,3023,2,402757.28
2048000,8192000,310,Add,Struct,1203867119,5442220,2437,0,493995.54
2048000,8192000,311,Del,Struct,1213872607,5442218,16672,4,72809.06
2048000,8192000,312,Dec,Large,1199003520,5442218,1635,0,733335.49
2048000,8192000,313,Inc,Large,1213054937,5442218,8779,12,138176.89
2048000,8192000,314,Del,Struct,1213555827,5442218,1107,0,1096256.39
2048000,8192000,315,Del,Struct,1210100188,5442218,994,0,1217404.62
2048000,8192000,316,Add,Struct,1210418959,5442224,3042,6,397902.35
2048000,8192000,317,Dec,Large,1199934028,5442224,1383,0,867631.26
2048000,8192000,318,Add,Struct,1206891304,5442224,3121,2,386700.19
2048000,8192000,319,Add,Struct,1196422722,5442226,2988,2,400409.21
2048000,8192000,320,Add,Struct,1204178020,5442226,2694,0,446985.16
2048000,8192000,321,Dec,Large,1218133880,5442226,1722,0,707394.82
2048000,8192000,322,Inc,Large,1210716307,5442226,1689,0,716824.34
2048000,8192000,323,Add,Struct,1214810463,5442226,2658,2,457039.30
2048000,8192000,324,Add,Struct,1205221499,5442228,1747,2,689880.65
2048000,8192000,325,Inc,Large,1212353432,5442228,1428,0,848987.00
2048000,8192000,326,Inc,Large,1232029473,5442228,1643,0,749865.78
2048000,8192000,327,Inc,Large,1232589692,5442228,3929,2,313715.88
2048000,8192000,328,Dec,Large,1208531286,5442228,1771,0,682400.50
2048000,8192000,329,Add,Struct,1221390197,5442228,1482,0,824149.93
2048000,8192000,330,Add,Struct,1221646623,5442228,2142,0,570329.89
2048000,8192000,331,Add,Struct,1205727753,5442228,1847,0,652803.33
2048000,8192000,332,Inc,Large,1209662943,5442228,1494,0,809680.68
2048000,8192000,333,Del,Struct,1205350406,5442228,833,0,1446999.29
2048000,8192000,334,Dec,Large,1214513522,5442228,1357,0,894998.91
2048000,8192000,335,Dec,Large,1210166626,5442224,5793,18,208901.54
2048000,8192000,336,Add,Struct,1216745426,5442226,2684,0,453332.87
2048000,8192000,337,Inc,Large,1211062529,5442226,1609,0,752680.25
2048000,8192000,338,Dec,Large,1214368699,5442226,1565,0,775954.44
2048000,8192000,339,Dec,Large,1203096957,5442226,1579,0,761936.01
2048000,8192000,340,Add,Struct,1215248292,5442222,4965,10,244763.00
2048000,8192000,341,Del,Struct,1217391144,5442222,876,0,1389715.92
2048000,8192000,342,Add,Struct,1200051935,5442220,2037,2,589127.12
2048000,8192000,343,Inc,Large,1217289822,5442222,5854,6,207941.55
2048000,8192000,344,Dec,Large,1220143679,5442222,1490,0,818888.38
2048000,8192000,345,Del,Struct,1212083965,5442222,850,0,1425981.14
2048000,8192000,346,Inc,Large,1207089554,5442222,1732,0,696933.92
2048000,8192000,347,Inc,Large,1206860353,5442222,1786,0,675733.68
2048000,8192000,348,Inc,Large,1255085326,5442222,1479,0,848604.01
2048000,8192000,349,Add,Struct,1209740383,5442224,2202,2,549382.55
2048000,8192000,350,Dec,Large,1206756870,5442226,1611,0,749073.17
2048000,8192000,351,Add,Struct,1213048180,5442226,2294,2,528791.71
2048000,8192000,352,Inc,Large,1215358309,5442226,1453,0,836447.56
2048000,8192000,353,Add,Struct,1211019927,5442226,1261,0,960364.73
2048000,8192000,354,Del,Struct,1206395524,5442226,1333,0,905022.90
2048000,8192000,355,Del,Struct,1211634100,5442226,977,0,1240157.73
2048000,8192000,356,Add,Struct,1215255744,5442236,12206,48,99562.16
2048000,8192000,357,Del,Struct,1204730119,5442236,829,0,1453232.95
2048000,8192000,358,Dec,Large,1201822898,5442236,1309,0,918122.92
2048000,8192000,359,Add,Struct,1207366191,5442236,2122,0,568975.58
2048000,8192000,360,Del,Struct,1219465340,5442236,793,0,1537787.31
2048000,8192000,361,Dec,Large,1202420271,5442238,1573,0,764412.12
2048000,8192000,362,Del,Struct,1195188973,5442236,908,0,1316287.42
2048000,8192000,363,Inc,Large,1197113960,5442236,1558,0,768365.83
2048000,8192000,364,Add,Struct,1199799070,5442236,2190,0,547853.46
2048000,8192000,365,Add,Struct,1200272429,5442236,1114,0,1077443.83
2048000,8192000,366,Dec,Large,1188270824,5442236,3313,4,358669.13
2048000,8192000,367,Dec,Large,1186805904,5442238,4585,8,258845.34
2048000,8192000,368,Add,Struct,1195617666,5442248,6249,22,191329.44
2048000,8192000,369,Inc,Large,1199609993,5442248,1512,0,793392.85
2048000,8192000,370,Del,Struct,1192792011,5442248,908,0,1313647.59
2048000,8192000,371,Add,Struct,1198953812,5442248,1999,0,599776.79
2048000,8192000,372,Add,Struct,1195188160,5442248,2762,2,432725.62
2048000,8192000,373,Inc,Large,1208796213,5442248,3279,2,368647.82
2048000,8192000,374,Del,Struct,1205521030,5442248,5156,4,233809.35
2048000,8192000,375,Dec,Large,1219582125,5442246,5031,10,242413.46
2048000,8192000,376,Dec,Large,1215064248,5442246,1471,0,826012.41
2048000,8192000,377,Del,Struct,1208294246,5442246,931,0,1297845.59
2048000,8192000,378,Add,Struct,1198232529,5442246,2138,0,560445.52
2048000,8192000,379,Add,Struct,1205379129,5442246,1237,0,974437.45
2048000,8192000,380,Add,Struct,1215228937,5442246,2324,0,522904.02
2048000,8192000,381,Dec,Large,1208999345,5442246,1558,0,775994.44
2048000,8192000,382,Dec,Large,1216984431,5442250,4752,8,256099.42
2048000,8192000,383,Dec,Large,1199815581,5442250,12466,44,96247.04
2048000,8192000,384,Del,Struct,1196655077,5442250,805,0,1486528.05
2048000,8192000,385,Dec,Large,1226538701,5442250,2078,0,590249.62
2048000,8192000,386,Dec,Large,1195294044,5442252,2840,2,420878.18
2048000,8192000,387,Add,Struct,1213429553,5442252,20386,0,59522.69
2048000,8192000,388,Add,Struct,1213636539,5442252,1250,0,970909.23
2048000,8192000,389,Inc,Large,1190012976,5442252,3646,2,326388.64
2048000,8192000,390,Add,Struct,1205217492,5442252,1837,0,656079.20
2048000,8192000,391,Del,Struct,1253335729,5442252,990,0,1265995.69
2048000,8192000,392,Dec,Large,1209069979,5442252,14322,0,84420.47
2048000,8192000,393,Dec,Large,1213777154,5442256,3743,4,324279.23
2048000,8192000,394,Dec,Large,1200411596,5442256,1676,0,716236.04
2048000,8192000,395,Del,Struct,1209300388,5442256,1210,0,999421.81
2048000,8192000,396,Inc,Large,1204527595,5442256,3638,2,331096.10
2048000,8192000,397,Dec,Large,1207540201,5442256,1421,0,849781.99
2048000,8192000,398,Add,Struct,1212842291,5442256,2779,0,436431.20
2048000,8192000,399,Del,Struct,1193369188,5442254,2846,2,419314.54
2048000,8192000,400,Add,Struct,1205560966,5442254,1105,0,1091005.40
2048000,8192000,401,Add,Struct,1207678463,5442256,3786,6,318985.33
2048000,8192000,402,Inc,Large,1194689609,5442258,7706,8,155033.69
2048000,8192000,403,Del,Struct,1210101301,5442258,950,0,1273790.84
2048000,8192000,404,Inc,Large,1223588886,5442262,3920,2,312140.02
2048000,8192000,405,Add,Struct,1213940751,5442262,2383,0,509417.02
2048000,8192000,406,Dec,Large,1218019552,5442262,3158,2,385693.34
2048000,8192000,407,Del,Struct,1205364078,5442264,8977,12,134272.48
2048000,8192000,408,Inc,Large,1215337965,5442264,1483,0,819513.13
2048000,8192000,409,Dec,Large,1219444039,5442264,2913,2,418621.37
2048000,8192000,410,Dec,Large,1215071131,5442264,1378,0,881764.25
2048000,8192000,411,Inc,Large,1218151273,5442266,11667,20,104409.98
2048000,8192000,412,Add,Struct,1205839704,5442266,1191,0,1012459.87
2048000,8192000,413,Inc,Large,1206756224,5442266,1599,0,754694.32
2048000,8192000,414,Inc,Large,1209699319,5442266,1685,0,717922.44
2048000,8192000,415,Dec,Large,1207925588,5442262,3274,6,368944.90
2048000,8192000,416,Add,Struct,1212143727,5442262,1246,0,972828.03
2048000,8192000,417,Del,Struct,1200715068,5442262,829,0,1448389.71
2048000,8192000,418,Add,Struct,1203082078,5442262,2358,0,510212.93
2048000,8192000,419,Del,Struct,1211003421,5442262,827,0,1464333.04
2048000,8192000,420,Del,Struct,1212001401,5442262,705,0,1719150.92
2048000,8192000,421,Inc,Large,1198003412,5442262,1042,0,1149715.37
2048000,8192000,422,Add,Struct,1205074871,5442262,1219,0,988576.60
2048000,8192000,423,Add,Struct,1222243042,5442262,1420,0,860734.54
2048000,8192000,424,Inc,Large,1213646997,5442262,1849,0,656380.20
2048000,8192000,425,Dec,Large,1230840251,5442262,1605,0,766878.66
2048000,8192000,426,Dec,Large,1209894856,5442262,1799,0,672537.44
2048000,8192000,427,Inc,Large,1207055713,5442262,1678,0,719341.90
2048000,8192000,428,Inc,Large,1213461440,5442260,5301,4,228911.80
2048000,8192000,429,Add,Struct,1217050663,5442266,17859,74,68147.75
2048000,8192000,430,Dec,Large,1215128458,5442268,4264,6,284973.84
2048000,8192000,431,Inc,Large,1216650370,5442268,1764,0,689711.09
2048000,8192000,432,Del,Struct,1209490375,5442268,943,0,1282598.49
2048000,8192000,433,Dec,Large,1198044583,5442272,4893,10,244848.68
2048000,8192000,434,Inc,Large,1211857953,5442272,1735,0,698477.21
2048000,8192000,435,Inc,Large,1218899397,5442272,1638,0,744138.83
2048000,8192000,436,Inc,Large,1205829128,5442272,1359,0,887291.48
2048000,8192000,437,Dec,Large,1243170701,5442274,15089,36,82389.20
2048000,8192000,438,Add,Struct,1217488238,5442274,3895,6,312577.21
2048000,8192000,439,Del,Struct,1213639731,5442274,3671,2,330601.94
2048000,8192000,440,Inc,Large,1208692295,5442274,1800,0,671495.72
2048000,8192000,441,Del,Struct,1215703382,5442274,812,0,1497171.65
2048000,8192000,442,Del,Struct,1209030474,5442274,7295,10,165734.13
2048000,8192000,443,Inc,Large,1211942804,5442274,1479,0,819433.94
2048000,8192000,444,Del,Struct,1218970061,5442274,3719,2,327768.23
2048000,8192000,445,Inc,Large,1212180322,5442276,3730,2,324981.32
2048000,8192000,446,Add,Struct,1207698022,5442276,1316,0,917703.66
2048000,8192000,447,Add,Struct,1204288691,5442276,1184,0,1017135.72
2048000,8192000,448,Dec,Large,1219731233,5442276,1901,0,641626.11
2048000,8192000,449,Add,Struct,1209154324,5442276,2350,0,514533.75
2048000,8192000,450,Del,Struct,1216708529,5442270,10566,16,115153.18
2048000,8192000,451,Dec,Large,1199735282,5442270,1587,0,755976.86
2048000,8192000,452,Dec,Large,1197916550,5442270,3900,6,307158.09
2048000,8192000,453,Add,Struct,1199506188,5442270,2383,0,503359.71
2048000,8192000,454,Add,Struct,1212535696,5442268,2284,2,530882.53
2048000,8192000,455,Inc,Large,1216537977,5442268,1818,0,669162.80
2048000,8192000,456,Del,Struct,1207548233,5442268,1066,0,1132784.46
2048000,8192000,457,Del,Struct,1195090184,5442268,1175,0,1017098.03
2048000,8192000,458,Inc,Large,1218630938,5442268,1843,0,661221.34
2048000,8192000,459,Inc,Large,1200452559,5442268,1618,0,741936.07
2048000,8192000,460,Add,Struct,1201394389,5442272,3863,6,311000.36
2048000,8192000,461,Inc,Large,1213639809,5442272,1509,0,804267.60
2048000,8192000,462,Inc,Large,1213113314,5442272,1353,0,896609.99
2048000,8192000,463,Del,Struct,1220084806,5442272,972,0,1255231.28
2048000,8192000,464,Del,Struct,1209325449,5442270,2299,0,526022.38
2048000,8192000,465,Dec,Large,1209702721,5442270,1285,0,941402.90
2048000,8192000,466,Dec,Large,1226975316,5442272,1576,0,778537.64
2048000,8192000,467,Del,Struct,1204493972,5442274,11530,20,104466.09
2048000,8192000,468,Inc,Large,1214988916,5442274,1491,0,814881.90
2048000,8192000,469,Del,Struct,1207214554,5442274,998,0,1209633.82
2048000,8192000,470,Dec,Large,1211102466,5442274,3304,2,366556.44
2048000,8192000,471,Add,Struct,1217860389,5442274,1301,0,936095.61
2048000,8192000,472,Add,Struct,1210011171,5442274,3312,2,365341.54
2048000,8192000,473,Add,Struct,1198316312,5442274,2746,0,436386.13
2048000,8192000,474,Add,Struct,1200004280,5442274,6883,0,174343.20
2048000,8192000,475,Inc,Large,1210356696,5442274,1443,0,838778.03
2048000,8192000,476,Add,Struct,1204908625,5442274,1104,0,1091402.74
2048000,8192000,477,Inc,Large,1210587300,5442274,1817,0,666256.08
2048000,8192000,478,Dec,Large,1223835933,5442274,1741,0,702949.99
2048000,8192000,479,Dec,Large,1222971872,5442274,1825,0,670121.57
2048000,8192000,480,Del,Struct,1223373762,5442252,74834,138,16347.83
2048000,8192000,481,Add,Struct,1221284644,5442252,1390,0,878622.05
2048000,8192000,482,Add,Struct,1226055454,5442260,9345,36,131199.09
2048000,8192000,483,Inc,Large,1226970075,5442260,1983,0,618744.36
2048000,8192000,484,Add,Struct,1230846641,5442260,1438,0,855943.42
2048000,8192000,485,Inc,Large,1228102832,5442260,1991,0,616827.14
2048000,8192000,486,Dec,Large,1260527327,5442260,1963,0,642143.31
2048000,8192000,487,Inc,Large,1207277416,5442260,1412,0,855012.33
2048000,8192000,488,Del,Struct,1213366642,5442260,1046,0,1160006.35
2048000,8192000,489,Inc,Large,1222742809,5442260,1837,0,665619.38
2048000,8192000,490,Add,Struct,1222707004,5442260,1153,0,1060457.07
2048000,8192000,491,Inc,Large,1216321232,5442256,9820,14,123861.63
2048000,8192000,492,Add,Struct,1215320150,5442256,1788,0,679709.26
2048000,8192000,493,Dec,Large,1210027147,5442256,1808,0,669262.80
2048000,8192000,494,Del,Struct,1208327988,5442256,1038,0,1164092.47
2048000,8192000,495,Inc,Large,1203479243,5442256,6355,6,189375.18
2048000,8192000,496,Inc,Large,1206363948,5442256,1377,0,876081.30
2048000,8192000,497,Add,Struct,1216056373,5442256,2242,0,542398.03
2048000,8192000,498,Del,Struct,1229107573,5442254,1117,0,1100364.88
2048000,8192000,499,Del,Struct,1225933670,5442254,923,0,1328205.49
2048000,8192000,500,Dec,Large,1219503387,5442256,1252,0,974044.24
2048000,8192000,501,Dec,Large,1216437401,5442256,1704,0,713871.71
2048000,8192000,502,Dec,Large,1226422158,5442256,1910,0,642105.84
2048000,8192000,503,Dec,Large,1226782208,5442260,11566,44,106067.98
2048000,8192000,504,Dec,Large,1213034007,5442260,1602,0,757199.75
2048000,8192000,505,Add,Struct,1218815648,5442260,1954,0,623754.17
2048000,8192000,506,Del,Struct,1216153802,5442260,864,0,1407585.42
2048000,8192000,507,Dec,Large,1219868694,5442260,1761,0,692713.63
2048000,8192000,508,Dec,Large,1197743172,5442256,3307,2,362184.21
2048000,8192000,509,Dec,Large,1226269395,5442260,16501,70,74314.85
2048000,8192000,510,Add,Struct,1208036321,5442260,1283,0,941571.57
2048000,8192000,511,Inc,Large,1211718723,5442260,1930,0,627833.54
2048000,8192000,512,Del,Struct,1201475992,5442258,972,0,1236086.41
2048000,8192000,513,Dec,Large,1209087204,5442256,3943,6,306641.44
2048000,8192000,514,Add,Struct,1209701983,5442256,2226,0,543442.04
2048000,8192000,515,Add,Struct,1212222360,5442262,5591,14,216816.73
2048000,8192000,516,Dec,Large,1210097443,5442262,14058,0,86078.92
2048000,8192000,517,Add,Struct,1213926236,5442262,1187,0,1022684.28
2048000,8192000,518,Inc,Large,1196750553,5442262,7002,6,170915.53
2048000,8192000,519,Dec,Large,1198809842,5442260,2418,2,495785.71
2048000,8192000,520,Inc,Large,1204154732,5442256,9818,14,122647.66
2048000,8192000,521,Add,Struct,1212892525,5442256,1310,0,925872.16
2048000,8192000,522,Add,Struct,1206886507,5442256,1262,0,956328.45
2048000,8192000,523,Del,Struct,1194262329,5442256,1224,0,975704.52
2048000,8192000,524,Dec,Large,1224526284,5442256,1685,0,726721.83
2048000,8192000,525,Add,Struct,1203455818,5442256,3760,4,320068.04
2048000,8192000,526,Del,Struct,1193632188,5442256,825,0,1446826.89
2048000,8192000,527,Inc,Large,1214698469,5442256,1383,0,878306.92
2048000,8192000,528,Del,Struct,1218010731,5442256,950,0,1282116.56
2048000,8192000,529,Add,Struct,1211844792,5442256,2312,0,524154.32
2048000,8192000,530,Del,Struct,1243653123,5442256,906,0,1372685.57
2048000,8192000,531,Dec,Large,1213011451,5442258,2785,2,435551.69
2048000,8192000,532,Inc,Large,1212530857,5442258,1616,0,750328.50
2048000,8192000,533,Dec,Large,1220281448,5442260,2691,2,453467.65
2048000,8192000,534,Dec,Large,1207110497,5442260,1542,0,782821.33
2048000,8192000,535,Inc,Large,1218869270,5442260,2710,0,449767.26
2048000,8192000,536,Dec,Large,1215202385,5442260,1918,0,633577.89
2048000,8192000,537,Add,Struct,1196798373,5442260,1073,0,1115375.93
2048000,8192000,538,Add,Struct,1202100466,5442260,1672,0,718959.61
2048000,8192000,539,Inc,Large,1191719217,5442264,4041,2,294907.01
2048000,8192000,540,Del,Struct,1213557314,5442264,924,0,1313373.72
2048000,8192000,541,Dec,Large,1215654199,5442264,1696,0,716777.24
2048000,8192000,542,Inc,Large,1210856371,5442264,1570,0,771246.10
2048000,8192000,543,Dec,Large,1212645977,5442264,5461,12,222055.66
2048000,8192000,544,Inc,Large,1208312797,5442264,1547,0,781068.39
2048000,8192000,545,Dec,Large,1215173607,5442264,1553,0,782468.52
2048000,8192000,546,Dec,Large,1214229879,5442264,22509,32,53944.19
2048000,8192000,547,Add,Struct,1219682832,5442264,1580,0,771951.16
2048000,8192000,548,Del,Struct,1198846180,5442264,1155,0,1037962.06
2048000,8192000,549,Dec,Large,1215999110,5442264,1415,0,859363.33
2048000,8192000,550,Inc,Large,1213107378,5442264,1754,0,691623.36
2048000,8192000,551,Add,Struct,1209193255,5442264,3626,4,333478.56
2048000,8192000,552,Add,Struct,1218189806,5442266,2168,0,561895.67
2048000,8192000,553,Add,Struct,1211166751,5442266,1565,0,773908.47
2048000,8192000,554,Dec,Large,1206659355,5442266,7633,14,158084.55
2048000,8192000,555,Inc,Large,1216677031,5442254,36585,100,33256.17
2048000,8192000,556,Del,Struct,1211861358,5442254,853,0,1420704.99
2048000,8192000,557,Del,Struct,1212636320,5442254,1108,0,1094437.11
2048000,8192000,558,Dec,Large,1213192452,5442254,1591,0,762534.54
2048000,8192000,559,Inc,Large,1217868176,5442254,5594,6,217709.72
2048000,8192000,560,Add,Struct,1224684847,5442254,1801,0,680002.69
2048000,8192000,561,Add,Struct,1211163654,5442254,2472,0,489952.93
2048000,8192000,562,Del,Struct,1210905940,5442252,3254,2,372128.44
2048000,8192000,563,Add,Struct,1204620279,5442254,2613,2,461010.44
2048000,8192000,564,Inc,Large,1215037524,5442258,3465,2,350660.18
2048000,8192000,565,Dec,Large,1216917064,5442258,1432,0,849802.42
2048000,8192000,566,Dec,Large,1207441441,5442258,1298,0,930232.23
2048000,8192000,567,Inc,Large,1216482511,5442258,1238,0,982619.15
2048000,8192000,568,Dec,Large,1218329623,5442258,1437,0,847828.55
2048000,8192000,569,Inc,Large,1211856655,5442260,3707,2,326910.35
2048000,8192000,570,Inc,Large,1220082697,5442262,19049,8,64049.70
2048000,8192000,571,Del,Struct,1215989076,5442262,1044,0,1164740.49
2048000,8192000,572,Add,Struct,1215080039,5442262,4959,8,245025.21
2048000,8192000,573,Dec,Large,1232155447,5442262,1416,0,870166.28
2048000,8192000,574,Dec,Large,1216974849,5442264,4614,8,263757.01
2048000,8192000,575,Del,Struct,1207832382,5442264,1053,0,1147039.30
2048000,8192000,576,Inc,Large,1207189695,5442264,1763,0,684736.07
2048000,8192000,577,Add,Struct,1213204586,5442264,1652,0,734385.34
2048000,8192000,578,Add,Struct,1204930951,5442264,1500,0,803287.30
2048000,8192000,579,Del,Struct,1202660750,5442264,960,0,1252771.61
2048000,8192000,580,Add,Struct,1208423348,5442264,1235,0,978480.44
2048000,8192000,581,Add,Struct,1245486873,5442264,2485,0,501201.96
2048000,8192000,582,Add,Struct,1211884202,5442264,2674,0,453210.25
2048000,8192000,583,Add,Struct,1203212798,5442264,2887,0,416769.24
2048000,8192000,584,Inc,Large,1209341582,5442264,1333,0,907232.99
2048000,8192000,585,Del,Struct,1212186691,5442264,934,0,1297844.42
2048000,8192000,586,Del,Struct,1194261580,5442264,1241,0,962338.10
2048000,8192000,587,Dec,Large,1208114789,5442264,1613,0,748986.23
2048000,8192000,588,Inc,Large,1210524116,5442264,1707,0,709152.97
2048000,8192000,589,Dec,Large,1213891940,5442264,1655,0,733469.45
2048000,8192000,590,Inc,Large,1209554288,5442264,1246,0,970749.83
2048000,8192000,591,Inc,Large,1191331067,5442264,1305,0,912897.37
2048000,8192000,592,Dec,Large,1211201800,5442264,1575,0,769017.02
2048000,8192000,593,Del,Struct,1196461142,5442264,978,0,1223375.40
2048000,8192000,594,Del,Struct,1212685710,5442262,3832,2,316462.87
2048000,8192000,595,Inc,Large,1209224922,5442254,11915,24,101487.61
2048000,8192000,596,Dec,Large,1204072791,5442254,13012,50,92535.57
2048000,8192000,597,Inc,Large,1210571838,5442254,1608,0,752843.18
2048000,8192000,598,Add,Struct,1202298679,5442254,1243,0,967255.57
2048000,8192000,599,Dec,Large,1211660527,5442254,1488,0,814287.99
2048000,8192000,600,Dec,Large,1193298329,5442254,1405,0,849322.65
2048000,8192000,601,Del,Struct,1215013674,5442256,11707,18,103785.23
2048000,8192000,602,Add,Struct,1217993545,5442256,1888,0,645123.70
2048000,8192000,603,Dec,Large,1209825068,5442256,1365,0,886318.73
2048000,8192000,604,Del,Struct,1213760628,5442256,1484,0,817898.00
2048000,8192000,605,Del,Struct,1203433695,5442256,947,0,1270785.32
2048000,8192000,606,Inc,Large,1205213785,5442260,3962,2,304193.28
2048000,8192000,607,Del,Struct,1196500832,5442260,5811,6,205902.74
2048000,8192000,608,Add,Struct,1197496631,5442262,3759,2,318567.87
2048000,8192000,609,Inc,Large,1217903804,5442262,6153,6,197936.58
2048000,8192000,610,Del,Struct,1207600640,5442260,893,0,1352296.35
2048000,8192000,611,Add,Struct,1215300670,5442260,1202,0,1011065.45
2048000,8192000,612,Add,Struct,1306682112,5442260,2092,0,624609.04
2048000,8192000,613,Add,Struct,1365906906,5442258,4104,4,332823.32
2048000,8192000,614,Del,Struct,1207277877,5442258,13682,26,88238.41
2048000,8192000,615,Dec,Large,1347946942,5442258,2766,2,487327.17
2048000,8192000,616,Dec,Large,1404603475,5442258,1510,0,930200.98
2048000,8192000,617,Del,Struct,1209508364,5442258,981,0,1232934.11
2048000,8192000,618,Del,Struct,1192103015,5442258,1355,0,879780.82
2048000,8192000,619,Del,Struct,1206209872,5442258,1192,0,1011921.03
2048000,8192000,620,Inc,Large,1219583278,5442258,3392,2,359546.96
2048000,8192000,621,Inc,Large,1202541544,5442258,1753,0,685990.61
2048000,8192000,622,Add,Struct,1201355567,5442258,2247,0,534648.67
2048000,8192000,623,Dec,Large,1241356134,5442256,3238,6,383371.26
2048000,8192000,624,Add,Struct,1342186943,5442256,1463,0,917421.01
2048000,8192000,625,Del,Struct,1219250040,5442256,3757,2,324527.56
2048000,8192000,626,Inc,Large,1217211743,5442256,1829,0,665506.69
2048000,8192000,627,Inc,Large,1209935810,5442254,3326,2,363781.06
2048000,8192000,628,Del,Struct,1206207171,5442248,14254,32,84622.36
2048000,8192000,629,Inc,Large,1220744473,5442248,1329,0,918543.62
2048000,8192000,630,Dec,Large,1212059269,5442248,1573,0,770539.90
2048000,8192000,631,Del,Struct,1213889005,5442248,951,0,1276434.28
2048000,8192000,632,Dec,Large,1221937803,5442246,2451,2,498546.64
2048000,8192000,633,Dec,Large,1219825271,5442246,2432,2,501572.89
2048000,8192000,634,Del,Struct,1220880808,5442244,21059,2,57974.30
2048000,8192000,635,Dec,Large,1215094778,5442244,1443,0,842061.52
2048000,8192000,636,Dec,Large,1212309780,5442244,1556,0,779119.40
2048000,8192000,637,Del,Struct,1225125165,5442244,994,0,1232520.29
2048000,8192000,638,Inc,Large,1211030107,5442244,1490,0,812771.88
2048000,8192000,639,Dec,Large,1207970889,5442244,1559,0,774837.00
2048000,8192000,640,Dec,Large,1209548951,5442242,8382,28,144303.14
2048000,8192000,641,Dec,Large,1231109065,5442242,1104,0,1115135.02
2048000,8192000,642,Add,Struct,1212796058,5442242,2797,0,433606.03
2048000,8192000,643,Del,Struct,1211852382,5442242,998,0,1214280.94
2048000,8192000,644,Inc,Large,1210656271,5442244,1262,0,959315.59
2048000,8192000,645,Inc,Large,1221010882,5442244,1709,0,714459.26
2048000,8192000,646,Del,Struct,1214650298,5442244,937,0,1296318.35
2048000,8192000,647,Dec,Large,1249142506,5442244,1658,0,753403.20
2048000,8192000,648,Dec,Large,1215232419,5442244,1922,0,632274.93
2048000,8192000,649,Inc,Large,1185579688,5442244,7688,8,154211.72
2048000,8192000,650,Add,Struct,1213942726,5442250,2833,2,428500.79
2048000,8192000,651,Inc,Large,1204439291,5442250,1527,0,788761.81
2048000,8192000,652,Del,Struct,1209922862,5442250,962,0,1257716.07
2048000,8192000,653,Dec,Large,1204903567,5442250,2624,2,459185.81
2048000,8192000,654,Del,Struct,1201342221,5442252,18334,2,65525.37
2048000,8192000,655,Dec,Large,1196076731,5442256,3627,4,329770.26
2048000,8192000,656,Dec,Large,1191434697,5442256,1757,0,678107.40
2048000,8192000,657,Del,Struct,1203718597,5442254,1069,0,1126023.01
2048000,8192000,658,Add,Struct,1203250958,5442258,2228,2,540058.78
2048000,8192000,659,Inc,Large,1204637728,5442258,1324,0,909847.23
2048000,8192000,660,Add,Struct,1194782885,5442258,3214,2,371743.27
2048000,8192000,661,Dec,Large,1208819083,5442258,1641,0,736635.64
2048000,8192000,662,Del,Struct,1222618192,5442258,1332,0,917881.53
2048000,8192000,663,Dec,Large,1203300468,5442258,2961,4,406383.14
2048000,8192000,664,Del,Struct,1187270943,5442260,4562,4,260252.29
2048000,8192000,665,Add,Struct,1214272521,5442258,3191,4,380530.40
2048000,8192000,666,Inc,Large,1200839296,5442258,1347,0,891491.68
2048000,8192000,667,Del,Struct,1220342643,5442258,1317,0,926607.93
2048000,8192000,668,Dec,Large,1197586778,5442258,3209,2,373196.25
2048000,8192000,669,Dec,Large,1201290362,5442258,1711,0,702098.40
2048000,8192000,670,Dec,Large,1206014529,5442258,1462,0,824907.34
2048000,8192000,671,Del,Struct,1210388982,5442258,938,0,1290393.37
2048000,8192000,672,Inc,Large,1232338938,5442258,1941,0,634898.99
2048000,8192000,673,Del,Struct,1202858771,5442258,3335,2,360677.29
2048000,8192000,674,Add,Struct,1203353547,5442258,2981,2,403674.45
2048000,8192000,675,Del,Struct,1214309384,5442258,1216,0,998609.69
2048000,8192000,676,Del,Struct,1226270306,5442258,1020,0,1202225.79
2048000,8192000,677,Inc,Large,1221667749,5442258,1618,0,755048.05
2048000,8192000,678,Dec,Large,1210512284,5442258,1594,0,759417.99
2048000,8192000,679,Del,Struct,1207686623,5442258,799,0,1511497.65
2048000,8192000,680,Inc,Large,1216128618,5442260,3478,2,349663.20
2048000,8192000,681,Inc,Large,1208948815,5442260,1622,0,745344.52
2048000,8192000,682,Inc,Large,1202869530,5442260,5938,6,202571.49
2048000,8192000,683,Add,Struct,1198346199,5442264,6436,16,186194.25
2048000,8192000,684,Inc,Large,1214555305,5442264,24913,0,48751.87
2048000,8192000,685,Dec,Large,1211574475,5442264,1529,0,792396.65
2048000,8192000,686,Del,Struct,1205732613,5442264,1204,0,1001439.05
2048000,8192000,687,Dec,Large,1206370602,5442264,1617,0,746054.79
2048000,8192000,688,Inc,Large,1209469782,5442264,1829,0,661273.80
2048000,8192000,689,Add,Struct,1201498985,5442264,1359,0,884105.21
2048000,8192000,690,Inc,Large,1203984723,5442266,3681,2,327080.88
2048000,8192000,691,Inc,Large,1212621190,5442266,1723,0,703784.79
2048000,8192000,692,Dec,Large,1252981819,5442266,1606,0,780187.93
2048000,8192000,693,Add,Struct,1204959713,5442266,1603,0,751690.40
2048000,8192000,694,Add,Struct,1205071144,5442266,1428,0,843887.36
2048000,8192000,695,Dec,Large,1198223785,5442266,1492,0,803099.05
2048000,8192000,696,Dec,Large,1207657777,5442266,2873,2,420347.29
2048000,8192000,697,Del,Struct,1194388647,5442266,1169,0,1021718.26
2048000,8192000,698,Dec,Large,1213770048,5442266,1409,0,861440.77
2048000,8192000,699,Dec,Large,1205513290,5442268,5525,14,218192.45
2048000,8192000,700,Add,Struct,1220826301,5442266,4636,6,263336.13
2048000,8192000,701,Del,Struct,1228748346,5442266,1025,0,1198778.87
2048000,8192000,702,Dec,Large,1209728261,5442266,1427,0,847742.30
2048000,8192000,703,Add,Struct,1206028401,5442264,1302,0,926289.09
2048000,8192000,704,Del,Struct,1207756062,5442264,892,0,1353986.62
2048000,8192000,705,Dec,Large,1215116359,5442264,3658,4,332180.52
2048000,8192000,706,Del,Struct,1217753711,5442252,14229,28,85582.52
2048000,8192000,707,Inc,Large,1237343764,5442252,1249,0,990667.55
2048000,8192000,708,Dec,Large,1207430933,5442252,1187,0,1017212.24
2048000,8192000,709,Del,Struct,1214014503,5442252,966,0,1256743.79
2048000,8192000,710,Del,Struct,1199331903,5442252,734,0,1633967.17
2048000,8192000,711,Del,Struct,1196332298,5442252,836,0,1431019.50
2048000,8192000,712,Inc,Large,1215906059,5442250,1732,0,702024.28
2048000,8192000,713,Inc,Large,1201817112,5442250,1558,0,771384.54
2048000,8192000,714,Add,Struct,1208138255,5442250,2180,0,554191.86
2048000,8192000,715,Inc,Large,1212883930,5442250,1273,0,952776.06
2048000,8192000,716,Dec,Large,1203709642,5442250,1314,0,916065.18
2048000,8192000,717,Add,Struct,1197769865,5442252,1949,2,614556.11
2048000,8192000,718,Del,Struct,1201804002,5442250,992,0,1211495.97
2048000,8192000,719,Inc,Large,1423198763,5442250,1656,0,859419.54
2048000,8192000,720,Inc,Large,1391414149,5442250,2007,0,693280.59
2048000,8192000,721,Dec,Large,1579981039,5442250,1563,0,1010864.39
2048000,8192000,722,Inc,Large,1484755347,5442248,12010,6,123626.59
2048000,8192000,723,Inc,Large,1455628396,5442248,1496,0,973013.63
2048000,8192000,724,Inc,Large,1349068508,5442248,1066,0,1265542.69
2048000,8192000,725,Dec,Large,1466838871,5442248,1317,0,1113772.87
2048000,8192000,726,Del,Struct,1335542861,5442244,8394,12,159106.85
2048000,8192000,727,Inc,Large,1215000900,5442244,1358,0,894698.75
2048000,8192000,728,Del,Struct,1230527721,5442244,945,0,1302145.74
2048000,8192000,729,Del,Struct,1263567092,5442244,1241,0,1018184.60
2048000,8192000,730,Del,Struct,1426188072,5442244,872,0,1635536.78
2048000,8192000,731,Add,Struct,1412014190,5442244,1852,0,762426.67
2048000,8192000,732,Add,Struct,1267984959,5442246,2417,2,524611.07
2048000,8192000,733,Dec,Large,1206184483,5442246,2404,2,501740.63
2048000,8192000,734,Add,Struct,1256621025,5442246,6033,10,208291.24
2048000,8192000,735,Dec,Large,1181663012,5442246,1487,0,794662.42
2048000,8192000,736,Del,Struct,1214485839,5442246,857,0,1417136.33
2048000,8192000,737,Dec,Large,1213135259,5442246,1403,0,864672.32
2048000,8192000,738,Inc,Large,1229863317,5442246,1419,0,866711.29
2048000,8192000,739,Del,Struct,1626561641,5442248,4078,2,398862.59
2048000,8192000,740,Inc,Large,1457853851,5442246,4656,4,313112.94
2048000,8192000,741,Add,Struct,1379674237,5442250,8768,24,157353.36
2048000,8192000,742,Del,Struct,1352289271,5442250,1068,0,1266188.46
2048000,8192000,743,Inc,Large,1361956939,5442250,1237,0,1101016.12
2048000,8192000,744,Dec,Large,1463659951,5442250,1870,0,782705.86
2048000,8192000,745,Inc,Large,1665190058,5442250,5007,2,332572.41
2048000,8192000,746,Dec,Large,1607649449,5442250,1393,0,1154091.49
2048000,8192000,747,Dec,Large,1441414510,5442250,2892,0,498414.42
2048000,8192000,748,Add,Struct,1375791168,5442250,2035,0,676064.46
2048000,8192000,749,Add,Struct,1234624849,5442248,5492,18,224804.23
2048000,8192000,750,Dec,Large,1232894829,5442248,914,0,1348900.25
2048000,8192000,751,Add,Struct,1236470081,5442248,7080,0,174642.67
2048000,8192000,752,Add,Struct,1230100392,5442248,1572,0,782506.61
2048000,8192000,753,Inc,Large,1225343232,5442248,1357,0,902979.54
2048000,8192000,754,Inc,Large,1228298422,5442248,1238,0,992163.51
2048000,8192000,755,Del,Struct,1226164160,5442248,1000,0,1226164.16
2048000,8192000,756,Inc,Large,1241801766,5442246,5466,4,227186.57
2048000,8192000,757,Inc,Large,1229461874,5442246,1522,0,807793.61
2048000,8192000,758,Inc,Large,1230545674,5442244,5466,4,225127.27
2048000,8192000,759,Del,Struct,1228927770,5442244,1044,0,1177133.88
2048000,8192000,760,Inc,Large,1228973284,5442244,2106,0,583558.06
2048000,8192000,761,Dec,Large,1246742188,5442244,1747,0,713647.50
2048000,8192000,762,Dec,Large,1220330336,5442244,1803,0,676833.24
2048000,8192000,763,Add,Struct,1231518701,5442244,3239,2,380215.72
2048000,8192000,764,Dec,Large,1230443002,5442244,1587,0,775326.40
2048000,8192000,765,Del,Struct,1241643464,5442244,1142,0,1087253.47
2048000,8192000,766,Dec,Large,1235834327,5442244,1537,0,804056.17
2048000,8192000,767,Inc,Large,1302872188,5442244,1715,0,759692.24
2048000,8192000,768,Dec,Large,1227661756,5442244,1780,0,689697.62
2048000,8192000,769,Inc,Large,1249377865,5442244,1501,0,832363.67
2048000,8192000,770,Add,Struct,1252680524,5442244,4686,10,267324.06
2048000,8192000,771,Add,Struct,1227577950,5442248,3208,4,382661.46
2048000,8192000,772,Del,Struct,1220391899,5442252,17580,36,69419.33
2048000,8192000,773,Add,Struct,1229799113,5442252,2791,0,440630.28
2048000,8192000,774,Del,Struct,1241580949,5442250,1020,0,1217236.22
2048000,8192000,775,Del,Struct,1228284708,5442250,1345,0,913222.83
2048000,8192000,776,Dec,Large,1235168244,5442250,1268,0,974107.45
2048000,8192000,777,Del,Struct,1210451131,5442250,948,0,1276847.18
2048000,8192000,778,Del,Struct,1243975045,5442250,1000,0,1243975.04
2048000,8192000,779,Inc,Large,1228927985,5442254,18544,42,66270.92
2048000,8192000,780,Dec,Large,1213270676,5442254,1325,0,915675.98
2048000,8192000,781,Dec,Large,1224166044,5442254,1027,0,1191982.52
2048000,8192000,782,Inc,Large,1225831307,5442256,3364,2,364396.94
2048000,8192000,783,Inc,Large,1219544753,5442258,2918,2,417938.57
2048000,8192000,784,Add,Struct,1221182448,5442258,1634,0,747357.68
2048000,8192000,785,Dec,Large,1232122109,5442258,1526,0,807419.47
2048000,8192000,786,Del,Struct,1235920488,5442260,4983,4,248027.39
2048000,8192000,787,Add,Struct,1234835532,5442262,3175,4,388924.58
2048000,8192000,788,Add,Struct,1215899233,5442262,1619,0,751018.67
2048000,8192000,789,Inc,Large,1227931680,5442262,1146,0,1071493.61
2048000,8192000,790,Del,Struct,1225406225,5442262,1498,0,818028.19
2048000,8192000,791,Add,Struct,1220757126,5442262,2272,0,537305.07
2048000,8192000,792,Add,Struct,1215658193,5442262,2270,0,535532.24
2048000,8192000,793,Dec,Large,1229685430,5442262,1351,0,910203.87
2048000,8192000,794,Add,Struct,1233885942,5442262,2147,0,574702.35
2048000,8192000,795,Add,Struct,1249847313,5442262,2622,0,476677.08
2048000,8192000,796,Add,Struct,1233793636,5442264,2779,2,443970.36
2048000,8192000,797,Del,Struct,1236274845,5442260,10311,12,119898.64
2048000,8192000,798,Del,Struct,1234891487,5442262,3315,2,372516.29
2048000,8192000,799,Inc,Large,1237034150,5442262,1835,0,674133.05
2048000,8192000,800,Inc,Large,1239615601,5442262,1499,0,826961.71
2048000,8192000,801,Add,Struct,1233975609,5442264,1560,0,791010.01
2048000,8192000,802,Dec,Large,1242019484,5442266,2457,2,505502.44
2048000,8192000,803,Inc,Large,1232371748,5442266,1485,0,829879.96
2048000,8192000,804,Del,Struct,1237195169,5442264,2991,0,413639.31
2048000,8192000,805,Del,Struct,1227543566,5442262,4562,4,269080.13
2048000,8192000,806,Del,Struct,1233570575,5442262,1163,0,1060679.77
2048000,8192000,807,Dec,Large,1234439836,5442262,1370,0,901050.98
2048000,8192000,808,Add,Struct,1220383493,5442262,2769,0,440730.77
2048000,8192000,809,Del,Struct,1209233960,5442262,1027,0,1177443.00
2048000,8192000,810,Inc,Large,1214807283,5442262,29229,0,41561.71
2048000,8192000,811,Del,Struct,1217678708,5442262,1065,0,1143360.29
2048000,8192000,812,Add,Struct,1228427423,5442262,2111,0,581917.30
2048000,8192000,813,Del,Struct,1239377815,5442262,1027,0,1206794.37
2048000,8192000,814,Dec,Large,1226241274,5442262,3204,2,382722.00
2048000,8192000,815,Add,Struct,1269531608,5442262,2059,0,616576.79
2048000,8192000,816,Del,Struct,1243519749,5442262,1106,0,1124339.74
2048000,8192000,817,Del,Struct,1231303894,5442262,974,0,1264172.38
2048000,8192000,818,Dec,Large,1229595227,5442262,1868,0,658241.56
2048000,8192000,819,Add,Struct,1237601428,5442260,5877,14,210583.87
2048000,8192000,820,Dec,Large,1228990348,5442258,6257,18,196418.47
2048000,8192000,821,Del,Struct,1222432826,5442258,844,0,1448380.13
2048000,8192000,822,Dec,Large,1211662590,5442258,3338,6,362990.59
2048000,8192000,823,Del,Struct,1224716085,5442264,9991,16,122581.93
2048000,8192000,824,Inc,Large,1228397748,5442262,3382,2,363216.37
2048000,8192000,825,Inc,Large,1231705600,5442262,1603,0,768375.30
2048000,8192000,826,Inc,Large,1224952279,5442262,274691,864,4459.38
2048000,8192000,827,Del,Struct,1227991381,5442262,943,0,1302217.80
2048000,8192000,828,Dec,Large,1222534380,5442260,4329,6,282405.72
2048000,8192000,829,Del,Struct,1223767010,5442260,1066,0,1147999.07
2048000,8192000,830,Inc,Large,1228737468,5442260,1984,0,619323.32
2048000,8192000,831,Dec,Large,1230812443,5442260,1741,0,706957.18
2048000,8192000,832,Dec,Large,1230517960,5442260,1596,0,771001.23
2048000,8192000,833,Dec,Large,1246793733,5442260,1510,0,825691.21
2048000,8192000,834,Dec,Large,1238173644,5442260,1880,0,658603.00
2048000,8192000,835,Add,Struct,1248033146,5442260,1592,0,783940.42
2048000,8192000,836,Del,Struct,1245645959,5442260,843,0,1477634.59
2048000,8192000,837,Add,Struct,1224697656,5442258,3855,6,317690.70
2048000,8192000,838,Add,Struct,1233627425,5442256,4034,4,305807.49
2048000,8192000,839,Inc,Large,1238891178,5442256,1358,0,912291.00
2048000,8192000,840,Inc,Large,1231824206,5442256,1492,0,825619.44
2048000,8192000,841,Dec,Large,1227529758,5442256,1633,0,751702.24
2048000,8192000,842,Dec,Large,1222883408,5442256,1411,0,866678.53
2048000,8192000,843,Inc,Large,1238028176,5442256,1511,0,819343.60
2048000,8192000,844,Del,Struct,1213017640,5442254,6210,6,195332.95
2048000,8192000,845,Dec,Large,1230144828,5442254,1384,0,888832.97
2048000,8192000,846,Inc,Large,1219525822,5442254,1726,0,706561.89
2048000,8192000,847,Dec,Large,1221243287,5442254,1636,0,746481.23
2048000,8192000,848,Add,Struct,1218432152,5442254,1422,0,856843.99
2048000,8192000,849,Inc,Large,1231921149,5442254,1497,0,822926.62
2048000,8192000,850,Del,Struct,1241515600,5442254,1180,0,1052131.86
2048000,8192000,851,Add,Struct,1245344583,5442254,2069,0,601906.52
2048000,8192000,852,Inc,Large,1232344707,5442254,1891,0,651689.43
2048000,8192000,853,Dec,Large,1240642130,5442254,1915,2,647854.90
2048000,8192000,854,Dec,Large,1249438240,5442254,1493,0,836864.19
2048000,8192000,855,Add,Struct,1229169102,5442254,2266,0,542440.03
2048000,8192000,856,Dec,Large,1239026971,5442252,8225,30,150641.58
2048000,8192000,857,Inc,Large,1237472471,5442252,1554,0,796314.33
2048000,8192000,858,Dec,Large,1248990492,5442252,1558,0,801662.70
2048000,8192000,859,Del,Struct,1247671423,5442252,3222,2,387235.08
2048000,8192000,860,Dec,Large,1241937846,5442252,1553,0,799702.41
2048000,8192000,861,Inc,Large,1245812150,5442252,5358,4,232514.40
2048000,8192000,862,Inc,Large,1433778757,5442252,1217,0,1178125.52
2048000,8192000,863,Add,Struct,1348389304,5442252,1208,0,1116216.31
2048000,8192000,864,Add,Struct,1350686352,5442252,2316,0,583197.91
2048000,8192000,865,Add,Struct,1236391483,5442252,2637,0,468862.91
2048000,8192000,866,Dec,Large,1226464506,5442252,3228,4,379945.63
2048000,8192000,867,Inc,Large,1267136647,5442252,1399,0,905744.57
2048000,8192000,868,Dec,Large,1269587310,5442250,2671,2,475322.84
2048000,8192000,869,Add,Struct,1294976014,5442250,1336,0,969293.42
2048000,8192000,870,Inc,Large,1302145386,5442250,1765,0,737759.43
2048000,8192000,871,Del,Struct,1218713917,5442250,1354,0,900084.13
2048000,8192000,872,Dec,Large,1221732012,5442250,1965,0,621746.57
2048000,8192000,873,Del,Struct,1217304479,5442254,6019,6,202243.64
2048000,8192000,874,Inc,Large,1216254295,5442254,1414,0,860151.55
2048000,8192000,875,Del,Struct,1210101956,5442254,1378,0,878158.17
2048000,8192000,876,Inc,Large,1213460819,5442254,1638,0,740818.57
2048000,8192000,877,Inc,Large,1204091202,5442254,1550,0,776833.03
2048000,8192000,878,Dec,Large,1257769372,5442256,2481,2,506960.65
2048000,8192000,879,Del,Struct,1225771317,5442256,1592,0,769956.86
2048000,8192000,880,Del,Struct,1201664693,5442256,1400,0,858331.92
2048000,8192000,881,Dec,Large,1214334779,5442256,1223,0,992914.78
2048000,8192000,882,Inc,Large,1215945676,5442256,1704,0,713583.14
2048000,8192000,883,Del,Struct,1239142472,5442256,1127,0,1099505.30
2048000,8192000,884,Inc,Large,1229284608,5442256,1574,0,780994.03
2048000,8192000,885,Del,Struct,1211655834,5442256,890,0,1361411.05
2048000,8192000,886,Del,Struct,1224257585,5442256,839,0,1459186.63
2048000,8192000,887,Dec,Large,1225355511,5442256,1557,0,786997.76
2048000,8192000,888,Add,Struct,1207764275,5442256,2328,0,518799.09
2048000,8192000,889,Dec,Large,1220839241,5442256,3681,6,331659.67
2048000,8192000,890,Del,Struct,1214563350,5442254,847,0,1433959.09
2048000,8192000,891,Add,Struct,1231128285,5442254,1262,0,975537.47
2048000,8192000,892,Del,Struct,1215117307,5442252,1137,0,1068704.76
2048000,8192000,893,Dec,Large,1221123213,5442252,1785,0,684102.64
2048000,8192000,894,Dec,Large,1212863947,5442252,1597,0,759463.96
2048000,8192000,895,Dec,Large,1220619421,5442252,1835,0,665187.70
2048000,8192000,896,Inc,Large,1216241957,5442262,51543,158,23596.65
2048000,8192000,897,Add,Struct,1226873813,5442262,2300,0,533423.40
2048000,8192000,898,Inc,Large,1222466974,5442264,8776,10,139296.60
2048000,8192000,899,Add,Struct,1222852440,5442264,1996,0,612651.52
2048000,8192000,900,Dec,Large,1225402141,5442264,1552,0,789563.24
2048000,8192000,901,Dec,Large,1226102813,5442264,1955,0,627162.56
2048000,8192000,902,Dec,Large,1213254005,5442264,1712,0,708676.40
2048000,8192000,903,Inc,Large,1203558674,5442264,1360,0,884969.61
2048000,8192000,904,Inc,Large,1224148976,5442264,1469,0,833321.29
2048000,8192000,905,Inc,Large,1222225808,5442264,1379,0,886313.13
2048000,8192000,906,Inc,Large,1218884860,5442264,1545,0,788922.24
2048000,8192000,907,Dec,Large,1211310282,5442264,2596,2,466606.43
2048000,8192000,908,Dec,Large,1222713613,5442262,3248,4,376451.24
2048000,8192000,909,Dec,Large,1215122456,5442262,1396,0,870431.56
2048000,8192000,910,Inc,Large,1209515091,5442262,1442,0,838776.07
2048000,8192000,911,Inc,Large,1221015685,5442262,1851,0,659651.91
2048000,8192000,912,Dec,Large,1232380113,5442264,4036,6,305346.91
2048000,8192000,913,Del,Struct,1282912688,5442264,1070,0,1198983.82
2048000,8192000,914,Inc,Large,1218575046,5442264,1489,0,818384.85
2048000,8192000,915,Add,Struct,1208241431,5442264,1612,0,749529.42
2048000,8192000,916,Del,Struct,1235023204,5442264,954,0,1294573.59
2048000,8192000,917,Dec,Large,1226553302,5442266,2380,2,515358.53
2048000,8192000,918,Dec,Large,1219444756,5442266,1457,0,836955.91
2048000,8192000,919,Inc,Large,1203764779,5442266,4806,4,250471.24
2048000,8192000,920,Add,Struct,1231365082,5442266,1686,0,730347.02
2048000,8192000,921,Del,Struct,1224472443,5442266,3900,2,313967.29
2048000,8192000,922,Dec,Large,1213634189,5442266,1610,0,753810.06
2048000,8192000,923,Add,Struct,1212739896,5442268,1907,0,635941.21
2048000,8192000,924,Inc,Large,1216643447,5442268,1933,0,629406.85
2048000,8192000,925,Dec,Large,1208896888,5442268,1639,0,737581.99
2048000,8192000,926,Add,Struct,1218016769,5442266,2712,2,449121.23
2048000,8192000,927,Dec,Large,1225449205,5442266,1518,0,807278.79
2048000,8192000,928,Inc,Large,1202072672,5442266,1585,0,758405.47
2048000,8192000,929,Add,Struct,1214174065,5442266,1211,0,1002621.03
2048000,8192000,930,Dec,Large,1219315685,5442266,1752,0,695956.44
2048000,8192000,931,Inc,Large,1213791725,5442266,1521,0,798022.17
2048000,8192000,932,Add,Struct,1238940544,5442266,1990,0,622583.19
2048000,8192000,933,Dec,Large,1221717176,5442270,3010,4,405886.10
2048000,8192000,934,Del,Struct,1224711249,5442268,4412,4,277586.41
2048000,8192000,935,Inc,Large,1210491189,5442268,1404,0,862173.21
2048000,8192000,936,Inc,Large,1213114346,5442268,1361,0,891340.45
2048000,8192000,937,Add,Struct,1212817134,5442268,1135,0,1068561.35
2048000,8192000,938,Inc,Large,1223619312,5442268,1577,0,775915.86
2048000,8192000,939,Inc,Large,1214456624,5442268,1540,0,788608.20
2048000,8192000,940,Inc,Large,1219661727,5442268,1731,0,704599.50
2048000,8192000,941,Add,Struct,1227281433,5442270,7103,16,172783.53
2048000,8192000,942,Inc,Large,1219187329,5442270,1306,0,933527.82
2048000,8192000,943,Del,Struct,1215052940,5442270,994,0,1222387.26
2048000,8192000,944,Inc,Large,1208839571,5442270,2176,0,555532.89
2048000,8192000,945,Dec,Large,1210525495,5442268,5489,10,220536.62
2048000,8192000,946,Add,Struct,1210244232,5442268,2102,0,575758.44
2048000,8192000,947,Dec,Large,1202352777,5442266,3461,4,347400.40
2048000,8192000,948,Add,Struct,1203724205,5442266,1511,0,796640.77
2048000,8192000,949,Inc,Large,1213530326,5442266,1658,0,731924.20
2048000,8192000,950,Dec,Large,1216091296,5442266,2829,2,429866.14
2048000,8192000,951,Inc,Large,1201270174,5442266,1624,0,739698.38
2048000,8192000,952,Add,Struct,1218710629,5442266,1250,0,974968.50
2048000,8192000,953,Del,Struct,1219062527,5442264,879,0,1386874.32
2048000,8192000,954,Dec,Large,1209980558,5442266,3476,4,348095.67
2048000,8192000,955,Del,Struct,1205986619,5442266,3602,2,334810.28
2048000,8192000,956,Inc,Large,1217431260,5442266,1438,0,846614.23
2048000,8192000,957,Add,Struct,1222675643,5442266,2458,0,497427.03
2048000,8192000,958,Inc,Large,1212223646,5442266,1338,0,905996.75
2048000,8192000,959,Dec,Large,1206624750,5442266,4656,8,259154.80
2048000,8192000,960,Del,Struct,1210288622,5442266,922,0,1312677.46
2048000,8192000,961,Inc,Large,1215592456,5442266,1475,0,824130.48
2048000,8192000,962,Inc,Large,1275782195,5442266,1505,0,847695.81
2048000,8192000,963,Inc,Large,1220941930,5442266,1658,0,736394.41
2048000,8192000,964,Inc,Large,1232156941,5442266,1562,0,788832.87
2048000,8192000,965,Dec,Large,1235603557,5442266,1589,0,777598.21
2048000,8192000,966,Inc,Large,1226899966,5442266,1408,0,871377.82
2048000,8192000,967,Del,Struct,1214038943,5442266,1009,0,1203210.05
2048000,8192000,968,Del,Struct,1212050501,5442266,1205,0,1005851.04
2048000,8192000,969,Add,Struct,1217807714,5442266,1288,0,945502.88
2048000,8192000,970,Add,Struct,1226599926,5442266,1234,0,994003.18
2048000,8192000,971,Del,Struct,1204095293,5442266,811,0,1484704.43
2048000,8192000,972,Dec,Large,1221372300,5442266,1584,0,771068.37
2048000,8192000,973,Add,Struct,1206338137,5442266,1150,0,1048989.68
2048000,8192000,974,Inc,Large,1215692126,5442266,1746,0,696272.70
2048000,8192000,975,Dec,Large,1225067379,5442268,3399,2,360419.94
2048000,8192000,976,Inc,Large,1218529669,5442268,3853,2,316254.78
2048000,8192000,977,Del,Struct,1222258063,5442268,1073,0,1139103.51
2048000,8192000,978,Del,Struct,1221466986,5442266,1247,0,979524.45
2048000,8192000,979,Del,Struct,1223744893,5442264,3552,2,344522.77
2048000,8192000,980,Add,Struct,1214625681,5442264,2676,0,453895.99
2048000,8192000,981,Del,Struct,1208672643,5442264,838,0,1442330.12
2048000,8192000,982,Add,Struct,1228504959,5442264,3285,0,373974.11
2048000,8192000,983,Del,Struct,1223719700,5442264,801,0,1527739.95
2048000,8192000,984,Dec,Large,1224577059,5442270,5042,12,242875.26
2048000,8192000,985,Del,Struct,1215169559,5442270,1222,0,994410.44
2048000,8192000,986,Add,Struct,1225609748,5442270,1246,0,983635.43
2048000,8192000,987,Inc,Large,1209231732,5442270,3226,2,374839.35
2048000,8192000,988,Del,Struct,1207064706,5442270,1337,0,902815.79
2048000,8192000,989,Add,Struct,1223647448,5442270,2432,0,503144.51
2048000,8192000,990,Inc,Large,1225892668,5442270,1619,0,757191.27
2048000,8192000,991,Inc,Large,1213399099,5442268,4638,4,261621.19
2048000,8192000,992,Inc,Large,1221067169,5442268,1734,0,704190.99
2048000,8192000,993,Inc,Large,1213451780,5442268,1388,0,874244.80
2048000,8192000,994,Inc,Large,1217524553,5442266,1886,0,645559.15
2048000,8192000,995,Add,Struct,1214929326,5442266,2666,0,455712.43
2048000,8192000,996,Inc,Large,1216954126,5442266,5007,4,243050.55
2048000,8192000,997,Add,Struct,1214533853,5442266,1199,0,1012955.67
2048000,8192000,998,Del,Struct,1206348399,5442266,835,0,1444728.62
2048000,8192000,999,Del,Struct,1212501352,5442266,905,0,1339780.50
