node,distance
0,0
1,2750
2,3638
3,4253
4,3224
5,3533
6,3501
7,3310
8,3474
9,4334
10,4220
11,3832
12,3100
13,3351
14,4301
15,2786
16,4565
17,3207
18,3478
19,3956
20,4931
21,3677
22,3408
23,3715
24,3429
25,2983
26,3685
27,3167
28,3301
29,3174
30,3633
31,3365
32,3751
33,2791
34,3764
35,3909
36,3914
37,3673
38,2745
39,3243
40,3551
41,3658
42,4052
43,2771
44,3114
45,3708
46,3091
47,3385
48,3694
49,3424
50,3715
51,4016
52,3425
53,3286
54,3650
55,3624
56,3815
57,3310
58,3186
59,3641
60,3293
61,3637
62,3745
63,3675
64,3779
65,3162
66,2847
67,4059
68,4450
69,3614
70,4254
71,3205
72,3969
73,4100
74,3593
75,4212
76,5308
77,3872
78,3415
79,3607
80,4171
81,3917
82,3836
83,3273
84,2700
85,3277
86,3064
87,3687
88,3794
89,4150
90,4114
91,3599
92,3865
93,3748
94,3420
95,4127
96,2284
97,3110
98,3611
99,3215
100,3779
101,3542
102,3946
103,3013
104,3812
105,3355
106,2919
107,2921
108,3593
109,1907
110,3579
111,5093
112,4084
113,4057
114,3351
115,3381
116,3506
117,3986
118,4062
119,3419
120,3235
121,3946
122,3830
123,4105
124,2765
125,2978
126,3768
127,3751
128,3828
129,3819
130,3459
131,3428
132,3005
133,3677
134,2858
135,2364
136,3606
137,3658
138,3762
139,3248
140,4233
141,3451
142,3662
143,3660
144,3606
145,3275
146,3735
147,3575
148,3427
149,4025
150,3237
151,3720
152,3273
153,2092
154,3409
155,3810
156,4447
157,2740
158,4147
159,3145
160,3756
161,3072
162,3380
163,3663
164,3840
165,3088
166,3652
167,3949
168,3244
169,3273
170,3926
171,3141
172,4312
173,3633
174,3647
175,3839
176,3316
177,4536
178,3363
179,3915
180,3995
181,3074
182,3129
183,4133
184,3842
185,3513
186,3900
187,3546
188,3464
189,3398
190,3900
191,3504
192,2531
193,3335
194,3787
195,3445
196,3529
197,-1
198,3798
199,4229
200,3700
201,4543
202,4064
203,2706
204,3630
205,3096
206,3429
207,4032
208,4354
209,3242
210,3886
211,3669
212,3437
213,3284
214,3493
215,3246
216,4230
217,4825
218,3654
219,3651
220,3342
221,3284
222,3660
223,3204
224,3097
225,4168
226,4728
227,3331
228,4055
229,3331
230,3187
231,3665
232,4202
233,3827
234,3354
235,3903
236,3790
237,3092
238,3332
239,3538
240,4329
241,3254
242,3029
243,3318
244,3254
245,3569
246,4170
247,3456
248,3274
249,2863
250,3677
251,3589
252,3495
253,3905
254,2819
255,-1
256,4287
257,3398
258,4246
259,3223
260,3713
261,3368
262,3786
263,3886
264,4084
265,3429
266,3973
267,3212
268,4114
269,3650
270,4015
271,3635
272,3600
273,3695
274,3006
275,3796
276,3630
277,3114
278,3611
279,4114
280,3985
281,3027
282,5103
283,3065
284,3780
285,4245
286,3774
287,3792
288,3486
289,3769
290,3661
291,3784
292,3245
293,3825
294,3973
295,3570
296,3823
297,3131
298,2899
299,3822
300,3541
301,3617
302,3588
303,3390
304,3796
305,3682
306,4377
307,3035
308,3793
309,3546
310,4508
311,3995
312,3221
313,3624
314,2754
315,3869
316,3284
317,3305
318,3663
319,3299
320,3400
321,3622
322,3589
323,3756
324,3037
325,3797
326,3639
327,3768
328,3961
329,3220
330,4024
331,3829
332,3659
333,3779
334,3764
335,3460
336,3642
337,2865
338,3320
339,3829
340,3667
341,3892
342,3820
343,4255
344,3771
345,3135
346,3630
347,4244
348,3401
349,4163
350,3333
351,3694
352,-1
353,3894
354,3329
355,4107
356,2270
357,2803
358,3556
359,3467
360,3706
361,3875
362,3465
363,3632
364,3518
365,3819
366,3584
367,4172
368,3272
369,-1
370,3722
371,2882
372,-1
373,3740
374,3486
375,3258
376,3582
377,3659
378,3317
379,3775
380,3631
381,3506
382,3838
383,3516
384,3464
385,3089
386,3718
387,3679
388,3428
389,3561
390,2707
391,4396
392,2943
393,3332
394,3802
395,3967
396,3741
397,3847
398,3878
399,3342
400,3144
401,4334
402,2988
403,4330
404,3541
405,3842
406,4209
407,3554
408,3558
409,2975
410,3401
411,3745
412,3330
413,3467
414,3533
415,3971
416,4537
417,3492
418,4382
419,3524
420,3086
421,3872
422,3702
423,2941
424,3302
425,4207
426,4219
427,3531
428,3624
429,4595
430,3598
431,3591
432,3856
433,3274
434,3153
435,-1
436,3294
437,4298
438,-1
439,4027
440,3815
441,4379
442,4086
443,3647
444,3002
445,3349
446,3690
447,4049
448,3488
449,2870
450,3773
451,3125
452,3031
453,3622
454,3552
455,3657
456,2820
457,4132
458,3796
459,3728
460,3802
461,3246
462,3952
463,3551
464,4187
465,3665
466,3500
467,2993
468,3749
469,3684
470,4042
471,3541
472,3940
473,4626
474,3449
475,3414
476,3634
477,4206
478,3775
479,4165
480,3606
481,3557
482,3330
483,2682
484,4388
485,4264
486,3332
487,3528
488,3627
489,2951
490,3718
491,3484
492,3489
493,4329
494,3700
495,4222
496,3457
497,3455
498,2920
499,3370
500,4077
501,3534
502,4162
503,3669
504,4347
505,4335
506,3521
507,3159
508,3938
509,3219
510,3290
511,2788
512,3412
513,3679
514,3916
515,3792
516,4141
517,3882
518,3375
519,4395
520,3440
521,2462
522,4080
523,3676
524,3432
525,3776
526,3974
527,3079
528,3485
529,3601
530,3797
531,3481
532,3619
533,3255
534,3662
535,3556
536,3423
537,4061
538,4373
539,4391
540,3442
541,3305
542,3862
543,3542
544,3051
545,3792
546,3961
547,3768
548,3735
549,4050
550,3517
551,3837
552,4237
553,3094
554,4014
555,3926
556,3638
557,3530
558,3734
559,3627
560,3440
561,3650
562,3962
563,3633
564,3175
565,4175
566,2509
567,2585
568,3771
569,3490
570,-1
571,3363
572,3853
573,3864
574,3680
575,3679
576,2993
577,3852
578,3224
579,3409
580,4131
581,3462
582,4098
583,3281
584,3837
585,3583
586,3633
587,3044
588,3664
589,3494
590,3140
591,3885
592,3254
593,4010
594,3507
595,3681
596,3568
597,3482
598,3330
599,3734
600,4186
601,4378
602,3739
603,3963
604,4017
605,-1
606,3040
607,2797
608,4015
609,3711
610,3319
611,2690
612,3509
613,4831
614,3518
615,3514
616,2873
617,2880
618,3144
619,3014
620,3667
621,-1
622,3512
623,3629
624,-1
625,3956
626,3841
627,3495
628,3824
629,4706
630,3179
631,2689
632,2522
633,4208
634,3468
635,3609
636,2943
637,3253
638,4137
639,2385
640,3435
641,4057
642,3889
643,3794
644,3828
645,4313
646,4405
647,3226
648,3242
649,4928
650,3946
651,3784
652,3289
653,4874
654,3388
655,3871
656,3368
657,3456
658,2378
659,3143
660,3221
661,3224
662,2752
663,4376
664,3495
665,4266
666,2912
667,3897
668,3978
669,3796
670,3312
671,3233
672,3775
673,4016
674,3496
675,3597
676,3184
677,2851
678,4082
679,3801
680,2385
681,3921
682,4319
683,3773
684,-1
685,3630
686,3902
687,3936
688,3321
689,4001
690,3912
691,4381
692,3596
693,2635
694,3630
695,3768
696,3733
697,3406
698,3583
699,4390
700,3426
701,2406
702,3571
703,3433
704,4187
705,2476
706,3959
707,3203
708,3660
709,3272
710,2803
711,3556
712,3528
713,3387
714,2870
715,3438
716,3695
717,4069
718,4787
719,3841
720,3421
721,4363
722,3789
723,4224
724,3933
725,3336
726,3973
727,3694
728,3993
729,3301
730,3196
731,4132
732,3546
733,3662
734,3664
735,3443
736,3227
737,3234
738,3496
739,3674
740,3107
741,3620
742,3600
743,3296
744,3433
745,3160
746,3104
747,3776
748,-1
749,-1
750,2760
751,4028
752,3710
753,3513
754,3888
755,4388
756,3821
757,4027
758,3287
759,3710
760,3603
761,3412
762,3323
763,2766
764,3715
765,3356
766,3961
767,3571
768,3663
769,3553
770,3406
771,3578
772,3406
773,2650
774,3626
775,3477
776,3719
777,3728
778,3098
779,3143
780,3767
781,3153
782,3749
783,3824
784,3728
785,3767
786,3607
787,3367
788,3372
789,4083
790,4247
791,3932
792,3792
793,3344
794,2687
795,2864
796,3791
797,3404
798,3690
799,3446
800,2908
801,3815
802,3687
803,3527
804,2814
805,3012
806,3422
807,3578
808,3829
809,3621
810,3523
811,3332
812,3185
813,3995
814,3022
815,4607
816,3807
817,3467
818,3136
819,3460
820,3636
821,3757
822,3528
823,4031
824,3408
825,3577
826,3555
827,3762
828,3749
829,3545
830,2992
831,4209
832,3215
833,2781
834,3444
835,3947
836,3898
837,3648
838,3557
839,3961
840,3285
841,4131
842,3880
843,3239
844,4052
845,3780
846,3603
847,3694
848,3786
849,3360
850,3945
851,3067
852,3836
853,4003
854,3057
855,3675
856,2854
857,3272
858,4099
859,4013
860,4640
861,3533
862,3310
863,3338
864,3635
865,3687
866,3294
867,3267
868,3108
869,3847
870,3383
871,3228
872,3367
873,2807
874,3798
875,3762
876,3341
877,3881
878,4312
879,3365
880,2840
881,3641
882,2716
883,4240
884,3667
885,3743
886,3670
887,3382
888,3548
889,3297
890,3548
891,3181
892,4083
893,3207
894,3717
895,3304
896,3120
897,3096
898,3301
899,3242
900,2656
901,4433
902,3785
903,3370
904,3778
905,3242
906,3542
907,3731
908,3626
909,3856
910,3591
911,4256
912,3272
913,3488
914,4358
915,3219
916,4313
917,4028
918,3500
919,3874
920,2927
921,3140
922,2958
923,3723
924,3576
925,3514
926,4034
927,3733
928,3131
929,3539
930,3505
931,3805
932,3886
933,2537
934,3820
935,3010
936,3558
937,3816
938,2989
939,4408
940,3917
941,4879
942,3595
943,-1
944,3753
945,4543
946,3436
947,3380
948,2250
949,3456
950,3715
951,3382
952,3903
953,3406
954,4527
955,3638
956,3047
957,4429
958,3284
959,3787
960,3840
961,3836
962,3945
963,3248
964,3954
965,3365
966,4146
967,3547
968,3108
969,2064
970,3734
971,3687
972,4296
973,4050
974,3755
975,2554
976,3779
977,3869
978,3921
979,3774
980,3900
981,3792
982,3536
983,3442
984,3589
985,3670
986,3172
987,3451
988,3638
989,3871
990,3376
991,3227
992,3952
993,3555
994,3762
995,4856
996,-1
997,3857
998,3762
999,3125
1000,3835
1001,3470
1002,3913
1003,3483
1004,4199
1005,3711
1006,3207
1007,3726
1008,4246
1009,3579
1010,3466
1011,3874
1012,3351
1013,2996
1014,3487
1015,3121
1016,3969
1017,3212
1018,3651
1019,3213
1020,3933
1021,3926
1022,3253
1023,3525
1024,3322
1025,4407
1026,3281
1027,3041
1028,3371
1029,3379
1030,3459
1031,3361
1032,4000
1033,4083
1034,3725
1035,3863
1036,3248
1037,3693
1038,3611
1039,3982
1040,2970
1041,3497
1042,4006
1043,3365
1044,3350
1045,3031
1046,3528
1047,-1
1048,3776
1049,3859
1050,3259
1051,3472
1052,3514
1053,3489
1054,4093
1055,3390
1056,3387
1057,3400
1058,3672
1059,3682
1060,3504
1061,3383
1062,3564
1063,3986
1064,4226
1065,4297
1066,-1
1067,3313
1068,3287
1069,3908
1070,3749
1071,4306
1072,3375
1073,4152
1074,3525
1075,3685
1076,3792
1077,3860
1078,4571
1079,3297
1080,2896
1081,2816
1082,4038
1083,3344
1084,3864
1085,4274
1086,4111
1087,2991
1088,3644
1089,3899
1090,3447
1091,3272
1092,3953
1093,3982
1094,3745
1095,3492
1096,3612
1097,3596
1098,3772
1099,3186
1100,3945
1101,3165
1102,4234
1103,3479
1104,4850
1105,4009
1106,4526
1107,3373
1108,3603
1109,3080
1110,4242
1111,3340
1112,4492
1113,3293
1114,4373
1115,3717
1116,3350
1117,3910
1118,3712
1119,3367
1120,3542
1121,4278
1122,3723
1123,2702
1124,2682
1125,3750
1126,3996
1127,4072
1128,5232
1129,2792
1130,3421
1131,3613
1132,3683
1133,3658
1134,3631
1135,4019
1136,3624
1137,3160
1138,3539
1139,3651
1140,2897
1141,3279
1142,3353
1143,4661
1144,3449
1145,3181
1146,3928
1147,2718
1148,3028
1149,3270
1150,3583
1151,2690
1152,3626
1153,3507
1154,4395
1155,2635
1156,3498
1157,3099
1158,3527
1159,3485
1160,4131
1161,4046
1162,4338
1163,2706
1164,2803
1165,3598
1166,4000
1167,3747
1168,3952
1169,3068
1170,3750
1171,3465
1172,3499
1173,3270
1174,3056
1175,3736
1176,2969
1177,3392
1178,3065
1179,3545
1180,3926
1181,5335
1182,3217
1183,4478
1184,3658
1185,3145
1186,3378
1187,3445
1188,3770
1189,3696
1190,4094
1191,3468
1192,3333
1193,3557
1194,4023
1195,2635
1196,2813
1197,2887
1198,3708
1199,2976
1200,4237
1201,2799
1202,4182
1203,3285
1204,4277
1205,3865
1206,2300
1207,3195
1208,-1
1209,2629
1210,4072
1211,3539
1212,3571
1213,3643
1214,3810
1215,3138
1216,3400
1217,4156
1218,3343
1219,3992
1220,3555
1221,3826
1222,2699
1223,3600
1224,4075
1225,3532
1226,3687
1227,3288
1228,3596
1229,3667
1230,3336
1231,3218
1232,3530
1233,4059
1234,3456
1235,3327
1236,4154
1237,3718
1238,3534
1239,3069
1240,3324
1241,3874
1242,3512
1243,3003
1244,4258
1245,3963
1246,3290
1247,3241
1248,3327
1249,3003
1250,4243
1251,3637
1252,3679
1253,3468
1254,2685
1255,3108
1256,3767
1257,3755
1258,3530
1259,3567
1260,4375
1261,3060
1262,4270
1263,2524
1264,2268
1265,3548
1266,3532
1267,2103
1268,3082
1269,3692
1270,3881
1271,3951
1272,4238
1273,3912
1274,3985
1275,3072
1276,3632
1277,3374
1278,3481
1279,3169
1280,4040
1281,3670
1282,3511
1283,3389
1284,4818
1285,3513
1286,3993
1287,3299
1288,3990
1289,3305
1290,3450
1291,4041
1292,3510
1293,3648
1294,3357
1295,4041
1296,3826
1297,3975
1298,3958
1299,3757
1300,3435
1301,3061
1302,3854
1303,3681
1304,3637
1305,3973
1306,4259
1307,3031
1308,4182
1309,3812
1310,3878
1311,3918
1312,3605
1313,2716
1314,3800
1315,4204
1316,3387
1317,3301
1318,3390
1319,3795
1320,3276
1321,2641
1322,3511
1323,3451
1324,3079
1325,3675
1326,3958
1327,4650
1328,3376
1329,3631
1330,4072
1331,4347
1332,3696
1333,3202
1334,4489
1335,3323
1336,3495
1337,4329
1338,3572
1339,3493
1340,4371
1341,3271
1342,4876
1343,4261
1344,3726
1345,3397
1346,3151
1347,3644
1348,3435
1349,3690
1350,3355
1351,3800
1352,3534
1353,3494
1354,4107
1355,3571
1356,-1
1357,2814
1358,3689
1359,3756
1360,3820
1361,3972
1362,2765
1363,3530
1364,3305
1365,3670
1366,3854
1367,3501
1368,3558
1369,3420
1370,4025
1371,3342
1372,2713
1373,3876
1374,3575
1375,3544
1376,3184
1377,3863
1378,-1
1379,3609
1380,3688
1381,3489
1382,3658
1383,3805
1384,3509
1385,4275
1386,3445
1387,4210
1388,4017
1389,3326
1390,3756
1391,4103
1392,3285
1393,3306
1394,3213
1395,4019
1396,3606
1397,3672
1398,3405
1399,3853
1400,3516
1401,3536
1402,3755
1403,4580
1404,3612
1405,3699
1406,3463
1407,3858
1408,3426
1409,3833
1410,2758
1411,3979
1412,4063
1413,3402
1414,3792
1415,3503
1416,3319
1417,3741
1418,4180
1419,-1
1420,3605
1421,3409
1422,3701
1423,4272
1424,3016
1425,3342
1426,3625
1427,3721
1428,4170
1429,4305
1430,3218
1431,4869
1432,2836
1433,4037
1434,3623
1435,3533
1436,6049
1437,3407
1438,4248
1439,4646
1440,2933
1441,2759
1442,4106
1443,3757
1444,3699
1445,3180
1446,3926
1447,3374
1448,4077
1449,3322
1450,3073
1451,3681
1452,3969
1453,3396
1454,3450
1455,2577
1456,4217
1457,3843
1458,3711
1459,3395
1460,3947
1461,3936
1462,2530
1463,3579
1464,3899
1465,3342
1466,3745
1467,3613
1468,3359
1469,-1
1470,3491
1471,3513
1472,3808
1473,3637
1474,3010
1475,3511
1476,3515
1477,3840
1478,3738
1479,4303
1480,3509
1481,3737
1482,4132
1483,4612
1484,3731
1485,4343
1486,3395
1487,4084
1488,3745
1489,3280
1490,3329
1491,4011
1492,3921
1493,3536
1494,2414
1495,-1
1496,3688
1497,3568
1498,3757
1499,3194
1500,3466
1501,3870
1502,4262
1503,3574
1504,4176
1505,2860
1506,4255
1507,3603
1508,3261
1509,4556
1510,3423
1511,3716
1512,2923
1513,3523
1514,3862
1515,3880
1516,3860
1517,-1
1518,-1
1519,4214
1520,3980
1521,-1
1522,3751
1523,4232
1524,3302
1525,2960
1526,3200
1527,3839
1528,3928
1529,3701
1530,2657
1531,3748
1532,3867
1533,2847
1534,2836
1535,3538
1536,3454
1537,4096
1538,3711
1539,4065
1540,3870
1541,2953
1542,4327
1543,3129
1544,-1
1545,3319
1546,3773
1547,3635
1548,3746
1549,3754
1550,3624
1551,3836
1552,3273
1553,4649
1554,3407
1555,4107
1556,3316
1557,4412
1558,3223
1559,3300
1560,3166
1561,4325
1562,3408
1563,4257
1564,3190
1565,3390
1566,3339
1567,3472
1568,3403
1569,4456
1570,3855
1571,3086
1572,3624
1573,2311
1574,3371
1575,3907
1576,3643
1577,3865
1578,3421
1579,2988
1580,3930
1581,3622
1582,3863
1583,3845
1584,4157
1585,3773
1586,3445
1587,3667
1588,4026
1589,3861
1590,3416
1591,3555
1592,3364
1593,4002
1594,3191
1595,2914
1596,2935
1597,4237
1598,3360
1599,3377
1600,3117
1601,3939
1602,3379
1603,2836
1604,3810
1605,3522
1606,3023
1607,3684
1608,3931
1609,3073
1610,3399
1611,2670
1612,3479
1613,3567
1614,3858
1615,3407
1616,3778
1617,3436
1618,3162
1619,3505
1620,3804
1621,3648
1622,3324
1623,3909
1624,3833
1625,3610
1626,4030
1627,3269
1628,4995
1629,4161
1630,2928
1631,3438
1632,3982
1633,3821
1634,3687
1635,3859
1636,3646
1637,3987
1638,4093
1639,3389
1640,3297
1641,3548
1642,3545
1643,2890
1644,-1
1645,3874
1646,3922
1647,3926
1648,3938
1649,3533
1650,3280
1651,3437
1652,3577
1653,3680
1654,3600
1655,3405
1656,4085
1657,3880
1658,-1
1659,3351
1660,3812
1661,3116
1662,4112
1663,3592
1664,4542
1665,3972
1666,3295
1667,3215
1668,3409
1669,2817
1670,3132
1671,2952
1672,3337
1673,3271
1674,2799
1675,3712
1676,3518
1677,-1
1678,3606
1679,3590
1680,3991
1681,3768
1682,3398
1683,3812
1684,3350
1685,3010
1686,3423
1687,3280
1688,3955
1689,4408
1690,3402
1691,2794
1692,3237
1693,3630
1694,3831
1695,3553
1696,2932
1697,3628
1698,3661
1699,3408
1700,3543
1701,3677
1702,3502
1703,3723
1704,4148
1705,3292
1706,3555
1707,3809
1708,4199
1709,4500
1710,3756
1711,3520
1712,3312
1713,3272
1714,3351
1715,4110
1716,3158
1717,3944
1718,4126
1719,3418
1720,3800
1721,3439
1722,3976
1723,3706
1724,3935
1725,3419
1726,3775
1727,3385
1728,3950
1729,3622
1730,2741
1731,3211
1732,3892
1733,3563
1734,3658
1735,3802
1736,4531
1737,3090
1738,3802
1739,4323
1740,3561
1741,3523
1742,-1
1743,2965
1744,3616
1745,3703
1746,3703
1747,3745
1748,3841
1749,3754
1750,3771
1751,4081
1752,4841
1753,4172
1754,3967
1755,3540
1756,3811
1757,3533
1758,3353
1759,3780
1760,3563
1761,3609
1762,3552
1763,3978
1764,3415
1765,3970
1766,3513
1767,3892
1768,5741
1769,3467
1770,3358
1771,4390
1772,3425
1773,3517
1774,3327
1775,3448
1776,3501
1777,3401
1778,2806
1779,2829
1780,3116
1781,3727
1782,3243
1783,3556
1784,4483
1785,3399
1786,3767
1787,3744
1788,4139
1789,3354
1790,2685
1791,3865
1792,3439
1793,3026
1794,4332
1795,2501
1796,3484
1797,3806
1798,3303
1799,3552
1800,4069
1801,3848
1802,3967
1803,3890
1804,3854
1805,3221
1806,3414
1807,2933
1808,-1
1809,3120
1810,3878
1811,3364
1812,3331
1813,3657
1814,4037
1815,3534
1816,4505
1817,3440
1818,2881
1819,4452
1820,3319
1821,1653
1822,3711
1823,3912
1824,3602
1825,2856
1826,3030
1827,3797
1828,3205
1829,3473
1830,3832
1831,3900
1832,3437
1833,3806
1834,3315
1835,2979
1836,3455
1837,3777
1838,3060
1839,3092
1840,3606
1841,3459
1842,3210
1843,2732
1844,3936
1845,3303
1846,3690
1847,2835
1848,3862
1849,3050
1850,4332
1851,3343
1852,2845
1853,3508
1854,3370
1855,-1
1856,3916
1857,3634
1858,3169
1859,2849
1860,3816
1861,3772
1862,3222
1863,2962
1864,3866
1865,3743
1866,3504
1867,3439
1868,3461
1869,3465
1870,3895
1871,3436
1872,3349
1873,3587
1874,3925
1875,4141
1876,3684
1877,3186
1878,3253
1879,3570
1880,3428
1881,4518
1882,3148
1883,3863
1884,3925
1885,3756
1886,2255
1887,4335
1888,3163
1889,3783
1890,3033
1891,4185
1892,2923
1893,3604
1894,3747
1895,3045
1896,4089
1897,3349
1898,2884
1899,3360
1900,4164
1901,3848
1902,3327
1903,3672
1904,3806
1905,3774
1906,3224
1907,3593
1908,2595
1909,3171
1910,3854
1911,3478
1912,3984
1913,3943
1914,3126
1915,4089
1916,3494
1917,3232
1918,3337
1919,3869
1920,3458
1921,3464
1922,4003
1923,3935
1924,3775
1925,3588
1926,-1
1927,3197
1928,5720
1929,3874
1930,2999
1931,3827
1932,3412
1933,3276
1934,3532
1935,3855
1936,3743
1937,3266
1938,3749
1939,3719
1940,3604
1941,3570
1942,3152
1943,4166
1944,3128
1945,3610
1946,4303
1947,4774
1948,3373
1949,3625
1950,3496
1951,4011
1952,3549
1953,3601
1954,3485
1955,3132
1956,4151
1957,3167
1958,3125
1959,3911
1960,3092
1961,3427
1962,4032
1963,3427
1964,3014
1965,3353
1966,3891
1967,3192
1968,3392
1969,3486
1970,3350
1971,3658
1972,3766
1973,3716
1974,3995
1975,3748
1976,3436
1977,3418
1978,4074
1979,3809
1980,3387
1981,3881
1982,2309
1983,3010
1984,4008
1985,3041
1986,3924
1987,3423
1988,3582
1989,3969
1990,3678
1991,4321
1992,3479
1993,3755
1994,3041
1995,2625
1996,3213
1997,3459
1998,2758
1999,3128
2000,3367
2001,3343
2002,3322
2003,4288
2004,3824
2005,3753
2006,3609
2007,3257
2008,4937
2009,3053
2010,3876
2011,4371
2012,3883
2013,3586
2014,3150
2015,2826
2016,4352
2017,3917
2018,3790
2019,3507
2020,4036
2021,4598
2022,3909
2023,4385
2024,3854
2025,3828
2026,3608
2027,4458
2028,2831
2029,3694
2030,4915
2031,3734
2032,3919
2033,4231
2034,3653
2035,3120
2036,3525
2037,4124
2038,3856
2039,3110
2040,4582
2041,3567
2042,4386
2043,3010
2044,3558
2045,2818
2046,3478
2047,3321
2048,3545
2049,2687
2050,2938
2051,2957
2052,4057
2053,3803
2054,3857
2055,3147
2056,3151
2057,4201
2058,3498
2059,3607
2060,3551
2061,3490
2062,3552
2063,4101
2064,3919
2065,3036
2066,3491
2067,3202
2068,3898
2069,3400
2070,3391
2071,3645
2072,3297
2073,3768
2074,3361
2075,3370
2076,3728
2077,3968
2078,2387
2079,3834
2080,3661
2081,3385
2082,3680
2083,3127
2084,3799
2085,3192
2086,3532
2087,3768
2088,2959
2089,2826
2090,3848
2091,3753
2092,3105
2093,3547
2094,3589
2095,3057
2096,2955
2097,3685
2098,3881
2099,4973
2100,3211
2101,3228
2102,3246
2103,3809
2104,3695
2105,3820
2106,5137
2107,-1
2108,4130
2109,3986
2110,3766
2111,4630
2112,3428
2113,3740
2114,3922
2115,3226
2116,3829
2117,3398
2118,3877
2119,3873
2120,4063
2121,3910
2122,2774
2123,3661
2124,4468
2125,3669
2126,3574
2127,3777
2128,4379
2129,3223
2130,4284
2131,4069
2132,3588
2133,3971
2134,3939
2135,-1
2136,3854
2137,3665
2138,3025
2139,3019
2140,3533
2141,4318
2142,3020
2143,3326
2144,3413
2145,3348
2146,2984
2147,4100
2148,3753
2149,3451
2150,3326
2151,3498
2152,3248
2153,3721
2154,3321
2155,3703
2156,3908
2157,3525
2158,3339
2159,3648
2160,4035
2161,2752
2162,3695
2163,3668
2164,3164
2165,2472
2166,3488
2167,3654
2168,3874
2169,3543
2170,3297
2171,3230
2172,2645
2173,3437
2174,3214
2175,3671
2176,3599
2177,4102
2178,3668
2179,3659
2180,3727
2181,-1
2182,3858
2183,3093
2184,4126
2185,3894
2186,3235
2187,3957
2188,3252
2189,3320
2190,3653
2191,3258
2192,3663
2193,2564
2194,3698
2195,4277
2196,3652
2197,3137
2198,3417
2199,3775
2200,3966
2201,3214
2202,3379
2203,3983
2204,4019
2205,2403
2206,3382
2207,4318
2208,3029
2209,3458
2210,2918
2211,3702
2212,3613
2213,3379
2214,3900
2215,2767
2216,4007
2217,4144
2218,4184
2219,4130
2220,-1
2221,3710
2222,3109
2223,3691
2224,3772
2225,3973
2226,3331
2227,3167
2228,3532
2229,3859
2230,3695
2231,4147
2232,4870
2233,3299
2234,3411
2235,3809
2236,3194
2237,4394
2238,3912
2239,3319
2240,3407
2241,3372
2242,3724
2243,3345
2244,3495
2245,3760
2246,3595
2247,3307
2248,-1
2249,3614
2250,4188
2251,2878
2252,3310
2253,3152
2254,3926
2255,3725
2256,3444
2257,3970
2258,3675
2259,3788
2260,3946
2261,4380
2262,3714
2263,4651
2264,3115
2265,3490
2266,3490
2267,3856
2268,3562
2269,2874
2270,3871
2271,2706
2272,3717
2273,4133
2274,3706
2275,3272
2276,2331
2277,4352
2278,2467
2279,3035
2280,3832
2281,3120
2282,3547
2283,3425
2284,3801
2285,3652
2286,4056
2287,4504
2288,3641
2289,3572
2290,3247
2291,3970
2292,3737
2293,3205
2294,3910
2295,4653
2296,3930
2297,4235
2298,3603
2299,4238
2300,3744
2301,3940
2302,3494
2303,4156
2304,3727
2305,4634
2306,4203
2307,3947
2308,3995
2309,3171
2310,-1
2311,3273
2312,3902
2313,4301
2314,3825
2315,3835
2316,2991
2317,2811
2318,3650
2319,4416
2320,3769
2321,3670
2322,2639
2323,3738
2324,3910
2325,2975
2326,3524
2327,3630
2328,3825
2329,4846
2330,3496
2331,4761
2332,4032
2333,3658
2334,3599
2335,3647
2336,4512
2337,3242
2338,4598
2339,3452
2340,3307
2341,3455
2342,4141
2343,3305
2344,3243
2345,4234
2346,4630
2347,3636
2348,3789
2349,3041
2350,-1
2351,3609
2352,3503
2353,2711
2354,3251
2355,4155
2356,3314
2357,3450
2358,3520
2359,3172
2360,3162
2361,3791
2362,3365
2363,3838
2364,4783
2365,2924
2366,3196
2367,3933
2368,4003
2369,3664
2370,3984
2371,4515
2372,2751
2373,3908
2374,3339
2375,3764
2376,3189
2377,3460
2378,3439
2379,3490
2380,3191
2381,3378
2382,3470
2383,3064
2384,3788
2385,3784
2386,4357
2387,3149
2388,4142
2389,3331
2390,3404
2391,3926
2392,2985
2393,5039
2394,3031
2395,3873
2396,3295
2397,3689
2398,3506
2399,4061
2400,3492
2401,3612
2402,3246
2403,3423
2404,3375
2405,3268
2406,3810
2407,2443
2408,2701
2409,4040
2410,3477
2411,3504
2412,3983
2413,3813
2414,3725
2415,3438
2416,3463
2417,3728
2418,3858
2419,3392
2420,3766
2421,3325
2422,3735
2423,2760
2424,3373
2425,3112
2426,3012
2427,2936
2428,3165
2429,3977
2430,2811
2431,3539
2432,3865
2433,3113
2434,3965
2435,3560
2436,3435
2437,3628
2438,4208
2439,4345
2440,3638
2441,2629
2442,3485
2443,3303
2444,3624
2445,4180
2446,3461
2447,3489
2448,3207
2449,3960
2450,3708
2451,3555
2452,4165
2453,4898
2454,3204
2455,3312
2456,3423
2457,3186
2458,3828
2459,3671
2460,3503
2461,1586
2462,4109
2463,3323
2464,2508
2465,-1
2466,3821
2467,3125
2468,3502
2469,3982
2470,3929
2471,4070
2472,3584
2473,3410
2474,3127
2475,3229
2476,4082
2477,2942
2478,3935
2479,3897
2480,3948
2481,3616
2482,2906
2483,3856
2484,3910
2485,4237
2486,3158
2487,3315
2488,3435
2489,4358
2490,3892
2491,3777
2492,3417
2493,4122
2494,3820
2495,3373
2496,3420
2497,3189
2498,3787
2499,2665
2500,3133
2501,4303
2502,4149
2503,3988
2504,4679
2505,3709
2506,4203
2507,3276
2508,3301
2509,3266
2510,3804
2511,3592
2512,3795
2513,3420
2514,3845
2515,3680
2516,4327
2517,3899
2518,3179
2519,3613
2520,3436
2521,3177
2522,4089
2523,3574
2524,3532
2525,3029
2526,3415
2527,3177
2528,3278
2529,3306
2530,3368
2531,3879
2532,3946
2533,3998
2534,3681
2535,3287
2536,4255
2537,3692
2538,3707
2539,3786
2540,3497
2541,3002
2542,4216
2543,2649
2544,3714
2545,3780
2546,4483
2547,4026
2548,3583
2549,3644
2550,3218
2551,3732
2552,3503
2553,4057
2554,4114
2555,3312
2556,3853
2557,3439
2558,2945
2559,4589
2560,3307
2561,4150
2562,3412
2563,3504
2564,3496
2565,3152
2566,3657
2567,4138
2568,3460
2569,3643
2570,4528
2571,3769
2572,4271
2573,3706
2574,3786
2575,3306
2576,3716
2577,2938
2578,3568
2579,4218
2580,3711
2581,3906
2582,3347
2583,3482
2584,3250
2585,3333
2586,3037
2587,3016
2588,2906
2589,3531
2590,3606
2591,3162
2592,3667
2593,3492
2594,3894
2595,3085
2596,3383
2597,3655
2598,3893
2599,3881
2600,3469
2601,3229
2602,3881
2603,3601
2604,3146
2605,3695
2606,3694
2607,3172
2608,3676
2609,3068
2610,3733
2611,4262
2612,3822
2613,3657
2614,3856
2615,4276
2616,3996
2617,4558
2618,3640
2619,3600
2620,3278
2621,3957
2622,3545
2623,3359
2624,3972
2625,3707
2626,3626
2627,3257
2628,3714
2629,3966
2630,3108
2631,3278
2632,2988
2633,3366
2634,3074
2635,3619
2636,3683
2637,3716
2638,3529
2639,3574
2640,3318
2641,4290
2642,3133
2643,3534
2644,3464
2645,3641
2646,3708
2647,3112
2648,3956
2649,4004
2650,3626
2651,3160
2652,3827
2653,4259
2654,3501
2655,3293
2656,3085
2657,4001
2658,3382
2659,3686
2660,3013
2661,3849
2662,2974
2663,4253
2664,3440
2665,3708
2666,4842
2667,3082
2668,3403
2669,3993
2670,3397
2671,4309
2672,4040
2673,3084
2674,4137
2675,3346
2676,3920
2677,3686
2678,3590
2679,3071
2680,3021
2681,4269
2682,3528
2683,3919
2684,2547
2685,3744
2686,3946
2687,3669
2688,3502
2689,3345
2690,3262
2691,3039
2692,3697
2693,3436
2694,3703
2695,4538
2696,3417
2697,3934
2698,4107
2699,3469
2700,2416
2701,3178
2702,3697
2703,3809
2704,4077
2705,3428
2706,3577
2707,3840
2708,3213
2709,3331
2710,4147
2711,4311
2712,3025
2713,3662
2714,2992
2715,2792
2716,3614
2717,3889
2718,2673
2719,3470
2720,3490
2721,3869
2722,3495
2723,4050
2724,3440
2725,3744
2726,3155
2727,3378
2728,3865
2729,4536
2730,3376
2731,3246
2732,3802
2733,2860
2734,2275
2735,3290
2736,3888
2737,3700
2738,3868
2739,3485
2740,3420
2741,4067
2742,-1
2743,3814
2744,3949
2745,4564
2746,2885
2747,3861
2748,3701
2749,2791
2750,3361
2751,3337
2752,3791
2753,3610
2754,3282
2755,3868
2756,2810
2757,3812
2758,3514
2759,3449
2760,4498
2761,3248
2762,3467
2763,3813
2764,3615
2765,3867
2766,4073
2767,3578
2768,4128
2769,3382
2770,3778
2771,4239
2772,3583
2773,2930
2774,3790
2775,3550
2776,3112
2777,4039
2778,4006
2779,3456
2780,2965
2781,3082
2782,4314
2783,3770
2784,3543
2785,3982
2786,3821
2787,3508
2788,4417
2789,3728
2790,3087
2791,2640
2792,4309
2793,3491
2794,3306
2795,3706
2796,3353
2797,3832
2798,3974
2799,2817
2800,3867
2801,3751
2802,3252
2803,3779
2804,3865
2805,3419
2806,4087
2807,3055
2808,3663
2809,4004
2810,3125
2811,3759
2812,3551
2813,3874
2814,3689
2815,3473
2816,3153
2817,5788
2818,2985
2819,-1
2820,3786
2821,3481
2822,3641
2823,3390
2824,4166
2825,3125
2826,4003
2827,2811
2828,3354
2829,3923
2830,3759
2831,3367
2832,3621
2833,3526
2834,2696
2835,3059
2836,3711
2837,4349
2838,4050
2839,3254
2840,3170
2841,4304
2842,3576
2843,4049
2844,3485
2845,3761
2846,4456
2847,3271
2848,4214
2849,4019
2850,3236
2851,4070
2852,3517
2853,2532
2854,4786
2855,4130
2856,4229
2857,3720
2858,3943
2859,3732
2860,3728
2861,4161
2862,3350
2863,3222
2864,4303
2865,3438
2866,3414
2867,3923
2868,2879
2869,3085
2870,3673
2871,4244
2872,3135
2873,2850
2874,2601
2875,3558
2876,3299
2877,3506
2878,3391
2879,4608
2880,3825
2881,2995
2882,3548
2883,3510
2884,4037
2885,3459
2886,3459
2887,3427
2888,3569
2889,3459
2890,2017
2891,3491
2892,3483
2893,3708
2894,3525
2895,3436
2896,3267
2897,3516
2898,2704
2899,3786
2900,3524
2901,3545
2902,3544
2903,3816
2904,3608
2905,4268
2906,4835
2907,4084
2908,4058
2909,3571
2910,3551
2911,3498
2912,3970
2913,3911
2914,3282
2915,3436
2916,3368
2917,4776
2918,3726
2919,3458
2920,3531
2921,3381
2922,4099
2923,3633
2924,3648
2925,3558
2926,2687
2927,3795
2928,3577
2929,-1
2930,3874
2931,4158
2932,3974
2933,3674
2934,2545
2935,3774
2936,3528
2937,2982
2938,3602
2939,3315
2940,3173
2941,4124
2942,3319
2943,3056
2944,3660
2945,3711
2946,3459
2947,3463
2948,3450
2949,3760
2950,2950
2951,4408
2952,3126
2953,5263
2954,3403
2955,4054
2956,3799
2957,2756
2958,3593
2959,2713
2960,3190
2961,3741
2962,3146
2963,3170
2964,3138
2965,3811
2966,4028
2967,3079
2968,4220
2969,3901
2970,3545
2971,3879
2972,4187
2973,3581
2974,3487
2975,3740
2976,3880
2977,3824
2978,2918
2979,3279
2980,3887
2981,3813
2982,4228
2983,3431
2984,3783
2985,3273
2986,4049
2987,3138
2988,3063
2989,3220
2990,3676
2991,3223
2992,3472
2993,3225
2994,3213
2995,3431
2996,3448
2997,3173
2998,2694
2999,4319
3000,3727
3001,3816
3002,3100
3003,2875
3004,4110
3005,3960
3006,3280
3007,2915
3008,2764
3009,3593
3010,3242
3011,3400
3012,3481
3013,3838
3014,3336
3015,3432
3016,3609
3017,3658
3018,3924
3019,3969
3020,3050
3021,3302
3022,3785
3023,3319
3024,3309
3025,3721
3026,3695
3027,3304
3028,4349
3029,3709
3030,3329
3031,3667
3032,4078
3033,3114
3034,3742
3035,3301
3036,3361
3037,3645
3038,3665
3039,3837
3040,3720
3041,3312
3042,4215
3043,3511
3044,3197
3045,3677
3046,3577
3047,3672
3048,3816
3049,3395
3050,3559
3051,4098
3052,3405
3053,3342
3054,3398
3055,3629
3056,3464
3057,3664
3058,4462
3059,3828
3060,3645
3061,3447
3062,4619
3063,3393
3064,3834
3065,2890
3066,3423
3067,3839
3068,3213
3069,3384
3070,3782
3071,3654
3072,3438
3073,4233
3074,3873
3075,3187
3076,4265
3077,3349
3078,2906
3079,3555
3080,3512
3081,3912
3082,4160
3083,3566
3084,4259
3085,3022
3086,4478
3087,4215
3088,3811
3089,3801
3090,4362
3091,3586
3092,3150
3093,4099
3094,3388
3095,3647
3096,3785
3097,3140
3098,4041
3099,4056
3100,3227
3101,3164
3102,4931
3103,3443
3104,3725
3105,3842
3106,3541
3107,3413
3108,3686
3109,3633
3110,3780
3111,3527
3112,4175
3113,3419
3114,-1
3115,3685
3116,3483
3117,2783
3118,3561
3119,4547
3120,3444
3121,3819
3122,3782
3123,4183
3124,3461
3125,4092
3126,3732
3127,3428
3128,2949
3129,4719
3130,-1
3131,4030
3132,3153
3133,4311
3134,4347
3135,3064
3136,2697
3137,3004
3138,4567
3139,4001
3140,3700
3141,4137
3142,3807
3143,3502
3144,3633
3145,3981
3146,3296
3147,3292
3148,3349
3149,3835
3150,3477
3151,4167
3152,-1
3153,3287
3154,3474
3155,3011
3156,3072
3157,3535
3158,4271
3159,3827
3160,3726
3161,4676
3162,3560
3163,3154
3164,3616
3165,3914
3166,3574
3167,3251
3168,4370
3169,4846
3170,1939
3171,3105
3172,4073
3173,3806
3174,3378
3175,3933
3176,3760
3177,3697
3178,4671
3179,3261
3180,2688
3181,3430
3182,3007
3183,3768
3184,3691
3185,3740
3186,3418
3187,3041
3188,3941
3189,-1
3190,2215
3191,3669
3192,2854
3193,2945
3194,4184
3195,3572
3196,4893
3197,3587
3198,4224
3199,3639
3200,4261
3201,4290
3202,2635
3203,3539
3204,3439
3205,3443
3206,3580
3207,3750
3208,3680
3209,3846
3210,3590
3211,3702
3212,3610
3213,3948
3214,3810
3215,4212
3216,3620
3217,3458
3218,3446
3219,4075
3220,3688
3221,5230
3222,3972
3223,3811
3224,4646
3225,2764
3226,3258
3227,3066
3228,3539
3229,3729
3230,-1
3231,4074
3232,-1
3233,3582
3234,3117
3235,4258
3236,2997
3237,3485
3238,2378
3239,3649
3240,-1
3241,4665
3242,3340
3243,3636
3244,3875
3245,3793
3246,2689
3247,3294
3248,3656
3249,3681
3250,4236
3251,3170
3252,3317
3253,3594
3254,3600
3255,3116
3256,3965
3257,3632
3258,3457
3259,3202
3260,4381
3261,3136
3262,3902
3263,3539
3264,3200
3265,3994
3266,3469
3267,3647
3268,3580
3269,3588
3270,3321
3271,3214
3272,3563
3273,3646
3274,-1
3275,4129
3276,4068
3277,3517
3278,3434
3279,4070
3280,3423
3281,3354
3282,4159
3283,3537
3284,3423
3285,3568
3286,3429
3287,3496
3288,3550
3289,-1
3290,4553
3291,3413
3292,2858
3293,4290
3294,3418
3295,3431
3296,2535
3297,3330
3298,4460
3299,4303
3300,4133
3301,3251
3302,3576
3303,3524
3304,3721
3305,3555
3306,3770
3307,3937
3308,3032
3309,3668
3310,3679
3311,3653
3312,3775
3313,3623
3314,3591
3315,3570
3316,3407
3317,3610
3318,3174
3319,3497
3320,2968
3321,4550
3322,3609
3323,3807
3324,3410
3325,3788
3326,4410
3327,3546
3328,3435
3329,3569
3330,3627
3331,2364
3332,3691
3333,3518
3334,4161
3335,4137
3336,3798
3337,3152
3338,4097
3339,3777
3340,3481
3341,3536
3342,3859
3343,4054
3344,2964
3345,3481
3346,3126
3347,4158
3348,3740
3349,3974
3350,3267
3351,3820
3352,3480
3353,3660
3354,4262
3355,3215
3356,3863
3357,3430
3358,3933
3359,3692
3360,3220
3361,3824
3362,3754
3363,2643
3364,3301
3365,3683
3366,3138
3367,3390
3368,3052
3369,3303
3370,3631
3371,3641
3372,4185
3373,3449
3374,3343
3375,3731
3376,3826
3377,2957
3378,3206
3379,3538
3380,3953
3381,3614
3382,3368
3383,3502
3384,4916
3385,2710
3386,3684
3387,3460
3388,4288
3389,3730
3390,2574
3391,3297
3392,3471
3393,3554
3394,3464
3395,3611
3396,3729
3397,3108
3398,4041
3399,3853
3400,3375
3401,3912
3402,-1
3403,3291
3404,2803
3405,3299
3406,-1
3407,3811
3408,3986
3409,3509
3410,4327
3411,2344
3412,3675
3413,3305
3414,2408
3415,3289
3416,3554
3417,3506
3418,2980
3419,3320
3420,3233
3421,4520
3422,3029
3423,-1
3424,-1
3425,3017
3426,3534
3427,4404
3428,2832
3429,3439
3430,2927
3431,3514
3432,-1
3433,3671
3434,3502
3435,4059
3436,3815
3437,3802
3438,4047
3439,3515
3440,3865
3441,3563
3442,3463
3443,3381
3444,3290
3445,3333
3446,3688
3447,3402
3448,3942
3449,3328
3450,3816
3451,3413
3452,3742
3453,4039
3454,-1
3455,3516
3456,3019
3457,3676
3458,3477
3459,3385
3460,3071
3461,3738
3462,3711
3463,3473
3464,4160
3465,3115
3466,3917
3467,3897
3468,3490
3469,3845
3470,3312
3471,3506
3472,4374
3473,3928
3474,3576
3475,3327
3476,4034
3477,3242
3478,4805
3479,-1
3480,3530
3481,3511
3482,4213
3483,-1
3484,3545
3485,3448
3486,3658
3487,3871
3488,-1
3489,3651
3490,3973
3491,3181
3492,3465
3493,3239
3494,3265
3495,3642
3496,4035
3497,3823
3498,3681
3499,3223
3500,3496
3501,3558
3502,3932
3503,3536
3504,3857
3505,3718
3506,3607
3507,4092
3508,3563
3509,4310
3510,4279
3511,3177
3512,2775
3513,3351
3514,3565
3515,3518
3516,3439
3517,4485
3518,4000
3519,3445
3520,3073
3521,3568
3522,3371
3523,3399
3524,3927
3525,3967
3526,3165
3527,3672
3528,3581
3529,4187
3530,3872
3531,4216
3532,3469
3533,2930
3534,3283
3535,3608
3536,3569
3537,3324
3538,3761
3539,4328
3540,3341
3541,3925
3542,3298
3543,3531
3544,2562
3545,3395
3546,3224
3547,3776
3548,4279
3549,3204
3550,3693
3551,3284
3552,3430
3553,3689
3554,3588
3555,3194
3556,3384
3557,4266
3558,4242
3559,3838
3560,3892
3561,4193
3562,3845
3563,4331
3564,3618
3565,3608
3566,3686
3567,3327
3568,3814
3569,3316
3570,-1
3571,3643
3572,3727
3573,3456
3574,3819
3575,2831
3576,3250
3577,3148
3578,3684
3579,3809
3580,3438
3581,3046
3582,4306
3583,4041
3584,2753
3585,3741
3586,3863
3587,3251
3588,3128
3589,3909
3590,4855
3591,3666
3592,4165
3593,3742
3594,3844
3595,2801
3596,3577
3597,2904
3598,3382
3599,4221
3600,4283
3601,3327
3602,3878
3603,3403
3604,3515
3605,3236
3606,3606
3607,3208
3608,4058
3609,2987
3610,3625
3611,4044
3612,3222
3613,3682
3614,2755
3615,3837
3616,3894
3617,3927
3618,3461
3619,3208
3620,3274
3621,3654
3622,3066
3623,4145
3624,3131
3625,2881
3626,2609
3627,3113
3628,3467
3629,3827
3630,3339
3631,3584
3632,3247
3633,3286
3634,4065
3635,4469
3636,3600
3637,3366
3638,3737
3639,3773
3640,3832
3641,3431
3642,3297
3643,3833
3644,4200
3645,3448
3646,3581
3647,2784
3648,3656
3649,3218
3650,3509
3651,3884
3652,3561
3653,3634
3654,3432
3655,3013
3656,3702
3657,3805
3658,3482
3659,3789
3660,3757
3661,3965
3662,3613
3663,3831
3664,-1
3665,3449
3666,4020
3667,-1
3668,3216
3669,3315
3670,3458
3671,3916
3672,3345
3673,3622
3674,4052
3675,3814
3676,3747
3677,3427
3678,3712
3679,4206
3680,3758
3681,2861
3682,3335
3683,2646
3684,3951
3685,4129
3686,3376
3687,-1
3688,2508
3689,3527
3690,3644
3691,3172
3692,4825
3693,3390
3694,3342
3695,3860
3696,4303
3697,3227
3698,3573
3699,3255
3700,2914
3701,4104
3702,4273
3703,3756
3704,3073
3705,3037
3706,4354
3707,3649
3708,3635
3709,3632
3710,3633
3711,3520
3712,3339
3713,3521
3714,3003
3715,3939
3716,4043
3717,4514
3718,2946
3719,3793
3720,3554
3721,3435
3722,3569
3723,3208
3724,3768
3725,3875
3726,3740
3727,3358
3728,3149
3729,4579
3730,3421
3731,3243
3732,4439
3733,3633
3734,3494
3735,2926
3736,3672
3737,3413
3738,2555
3739,3457
3740,3260
3741,3040
3742,3323
3743,3454
3744,3141
3745,3448
3746,3850
3747,3472
3748,3207
3749,3143
3750,3530
3751,3340
3752,3743
3753,3305
3754,3329
3755,4245
3756,2950
3757,3258
3758,3071
3759,3963
3760,4194
3761,3793
3762,3166
3763,3389
3764,3485
3765,3755
3766,3469
3767,3760
3768,2971
3769,4015
3770,3806
3771,3318
3772,4035
3773,3777
3774,3647
3775,3647
3776,3403
3777,3874
3778,3349
3779,3476
3780,3475
3781,3543
3782,4058
3783,3015
3784,3842
3785,-1
3786,3637
3787,2451
3788,3331
3789,3572
3790,3150
3791,3710
3792,4081
3793,3463
3794,4027
3795,3032
3796,4460
3797,3752
3798,3810
3799,2997
3800,3726
3801,4289
3802,3233
3803,3667
3804,4028
3805,4261
3806,2890
3807,3814
3808,3624
3809,3580
3810,2888
3811,4261
3812,3645
3813,4506
3814,3486
3815,3981
3816,2122
3817,3352
3818,2988
3819,3729
3820,3724
3821,3186
3822,2614
3823,3143
3824,-1
3825,3865
3826,3196
3827,2810
3828,4142
3829,3589
3830,3541
3831,3753
3832,3677
3833,-1
3834,3531
3835,2807
3836,3516
3837,4075
3838,3374
3839,3514
3840,3388
3841,3435
3842,3698
3843,3502
3844,3258
3845,3258
3846,3604
3847,2928
3848,3807
3849,2612
3850,2860
3851,3490
3852,3548
3853,3406
3854,4985
3855,3623
3856,2997
3857,3635
3858,3908
3859,-1
3860,3898
3861,3302
3862,3466
3863,3560
3864,3910
3865,3871
3866,2874
3867,4559
3868,3716
3869,2956
3870,4395
3871,4219
3872,3560
3873,3553
3874,3858
3875,3518
3876,2944
3877,3997
3878,3605
3879,3356
3880,3568
3881,3243
3882,2939
3883,3994
3884,3784
3885,3080
3886,3242
3887,3789
3888,3374
3889,4052
3890,3269
3891,3490
3892,4342
3893,3620
3894,2685
3895,3735
3896,3112
3897,3600
3898,3502
3899,2819
3900,3402
3901,3963
3902,4246
3903,3085
3904,3679
3905,4192
3906,3297
3907,3391
3908,4003
3909,3666
3910,2376
3911,3641
3912,3157
3913,4075
3914,3098
3915,3856
3916,3863
3917,3721
3918,3949
3919,2860
3920,3095
3921,3211
3922,3436
3923,3443
3924,3554
3925,3697
3926,4139
3927,3421
3928,3007
3929,3407
3930,3653
3931,4520
3932,4041
3933,3194
3934,3763
3935,3822
3936,3408
3937,3501
3938,3351
3939,4172
3940,4020
3941,4139
3942,3574
3943,3909
3944,3954
3945,2804
3946,3122
3947,3442
3948,4309
3949,4434
3950,4001
3951,3867
3952,3892
3953,3185
3954,3913
3955,3682
3956,3583
3957,3923
3958,3892
3959,3694
3960,3039
3961,3009
3962,3866
3963,3981
3964,3025
3965,3957
3966,3044
3967,3340
3968,4040
3969,3985
3970,3514
3971,4036
3972,4167
3973,4230
3974,4311
3975,4096
3976,3577
3977,3527
3978,3460
3979,4192
3980,4030
3981,3147
3982,3901
3983,3487
3984,4288
3985,4237
3986,3894
3987,3838
3988,4009
3989,3170
3990,3444
3991,2062
3992,2477
3993,3251
3994,3792
3995,3786
3996,4020
3997,3209
3998,3588
3999,4024
4000,3227
4001,3231
4002,3381
4003,3843
4004,3751
4005,3600
4006,3760
4007,3798
4008,3779
4009,3471
4010,4104
4011,3916
4012,3454
4013,3617
4014,3375
4015,2928
4016,3533
4017,4290
4018,2993
4019,3256
4020,3630
4021,4110
4022,3784
4023,4181
4024,4083
4025,4089
4026,3708
4027,4370
4028,3245
4029,3608
4030,3130
4031,3552
4032,3318
4033,3555
4034,3880
4035,3104
4036,3651
4037,3681
4038,2611
4039,4234
4040,3781
4041,3559
4042,3681
4043,4039
4044,3911
4045,3604
4046,-1
4047,3314
4048,3756
4049,3750
4050,3584
4051,3210
4052,3191
4053,3107
4054,3865
4055,4122
4056,3375
4057,2620
4058,3773
4059,3770
4060,3430
4061,4028
4062,4158
4063,3210
4064,4170
4065,4179
4066,3868
4067,3597
4068,3712
4069,3023
4070,3168
4071,3574
4072,3523
4073,2756
4074,-1
4075,3959
4076,3637
4077,3441
4078,3965
4079,3704
4080,2924
4081,3889
4082,3257
4083,3737
4084,3745
4085,3854
4086,3837
4087,3610
4088,3261
4089,3730
4090,3731
4091,3763
4092,3413
4093,3423
4094,2766
4095,4033
4096,2785
4097,3776
4098,3435
4099,3750
4100,3932
4101,3182
4102,3631
4103,3893
4104,-1
4105,3409
4106,4215
4107,4152
4108,3851
4109,3618
4110,3902
4111,4526
4112,3464
4113,3591
4114,3144
4115,3075
4116,-1
4117,3386
4118,2083
4119,3534
4120,3841
4121,4154
4122,4165
4123,3226
4124,3755
4125,4855
4126,3125
4127,3373
4128,3538
4129,3172
4130,3116
4131,3446
4132,3616
4133,3743
4134,3797
4135,3716
4136,-1
4137,3754
4138,3248
4139,3748
4140,3698
4141,3370
4142,4200
4143,4251
4144,4923
4145,4131
4146,3083
4147,4031
4148,3320
4149,3406
4150,-1
4151,3543
4152,3807
4153,4049
4154,3594
4155,3053
4156,2957
4157,3194
4158,3617
4159,3836
4160,3646
4161,3722
4162,3504
4163,2860
4164,2950
4165,3415
4166,3222
4167,3638
4168,3514
4169,3977
4170,4093
4171,3342
4172,4540
4173,3017
4174,3728
4175,4363
4176,4011
4177,3679
4178,4305
4179,3582
4180,3580
4181,4255
4182,3987
4183,3917
4184,3553
4185,3746
4186,3700
4187,2634
4188,4015
4189,3011
4190,-1
4191,3082
4192,2953
4193,4194
4194,3458
4195,2627
4196,-1
4197,3696
4198,3630
4199,4045
4200,3887
4201,4141
4202,3432
4203,3882
4204,3165
4205,3127
4206,3436
4207,2962
4208,3265
4209,3273
4210,3426
4211,4124
4212,3708
4213,4540
4214,3122
4215,3239
4216,3782
4217,3330
4218,3501
4219,3760
4220,3277
4221,3894
4222,3454
4223,3825
4224,3063
4225,3956
4226,3747
4227,3289
4228,3771
4229,3662
4230,4066
4231,4666
4232,3460
4233,3738
4234,3519
4235,3885
4236,2904
4237,3968
4238,2957
4239,3103
4240,3130
4241,3690
4242,4132
4243,3902
4244,3828
4245,3822
4246,3643
4247,3617
4248,-1
4249,3840
4250,3580
4251,4276
4252,3080
4253,3980
4254,3935
4255,3620
4256,3801
4257,3534
4258,2990
4259,3983
4260,4591
4261,4309
4262,3790
4263,3395
4264,3639
4265,3828
4266,3558
4267,4087
4268,3039
4269,2943
4270,2461
4271,5035
4272,3526
4273,3620
4274,3275
4275,3410
4276,3400
4277,3666
4278,3394
4279,3227
4280,3273
4281,3889
4282,3764
4283,3123
4284,3512
4285,3846
4286,3340
4287,4115
4288,3632
4289,3477
4290,2986
4291,3754
4292,3809
4293,3272
4294,3754
4295,3847
4296,3290
4297,4013
4298,3470
4299,3890
4300,-1
4301,2884
4302,2665
4303,3775
4304,2962
4305,4017
4306,3799
4307,3572
4308,3404
4309,3391
4310,3266
4311,4556
4312,3400
4313,4215
4314,3076
4315,3773
4316,-1
4317,3509
4318,3817
4319,4507
4320,3974
4321,3448
4322,3729
4323,3833
4324,3623
4325,4004
4326,3328
4327,3644
4328,3913
4329,3708
4330,3505
4331,3236
4332,3553
4333,3565
4334,2689
4335,2531
4336,3444
4337,3838
4338,3475
4339,3877
4340,3903
4341,3735
4342,2627
4343,3186
4344,2836
4345,3006
4346,4513
4347,3724
4348,3456
4349,3252
4350,3686
4351,3906
4352,3238
4353,3403
4354,3028
4355,3419
4356,3232
4357,4161
4358,3874
4359,3630
4360,3673
4361,4589
4362,3702
4363,3386
4364,3464
4365,3937
4366,3187
4367,2996
4368,3894
4369,3924
4370,3447
4371,3474
4372,3906
4373,4024
4374,3530
4375,3575
4376,3589
4377,3677
4378,3686
4379,3713
4380,3488
4381,4172
4382,3702
4383,3215
4384,3660
4385,3062
4386,-1
4387,2760
4388,3972
4389,3813
4390,3197
4391,3700
4392,2788
4393,4012
4394,3464
4395,3462
4396,3508
4397,3022
4398,3763
4399,3531
4400,3804
4401,3584
4402,3558
4403,3658
4404,3844
4405,3956
4406,3573
4407,3527
4408,2891
4409,3243
4410,3822
4411,3884
4412,3415
4413,4098
4414,4501
4415,3431
4416,3560
4417,3217
4418,4134
4419,4256
4420,3237
4421,3795
4422,3789
4423,4428
4424,3319
4425,2051
4426,3861
4427,2234
4428,3995
4429,3732
4430,3260
4431,3751
4432,3126
4433,3812
4434,4240
4435,2999
4436,4058
4437,3005
4438,3427
4439,-1
4440,-1
4441,4055
4442,3816
4443,3600
4444,3503
4445,3845
4446,4047
4447,3245
4448,-1
4449,3613
4450,5240
4451,3237
4452,3351
4453,3045
4454,4262
4455,4271
4456,3335
4457,3042
4458,4149
4459,3632
4460,3274
4461,3717
4462,3468
4463,3143
4464,4200
4465,3563
4466,3336
4467,3474
4468,3797
4469,3306
4470,3421
4471,3859
4472,2695
4473,3509
4474,3766
4475,3596
4476,2814
4477,3177
4478,3590
4479,3758
4480,3959
4481,3707
4482,3807
4483,3765
4484,4481
4485,4489
4486,3606
4487,4683
4488,4120
4489,4145
4490,3061
4491,3543
4492,3742
4493,4005
4494,3038
4495,3371
4496,3447
4497,3524
4498,3252
4499,3557
4500,3531
4501,3296
4502,4162
4503,3930
4504,3266
4505,3360
4506,4487
4507,4633
4508,3502
4509,3158
4510,3990
4511,3255
4512,3656
4513,4512
4514,3238
4515,3877
4516,-1
4517,3869
4518,3686
4519,3104
4520,5232
4521,3741
4522,3331
4523,4425
4524,3565
4525,3723
4526,2893
4527,2890
4528,-1
4529,3345
4530,3808
4531,2696
4532,3629
4533,3072
4534,3095
4535,2783
4536,3051
4537,3917
4538,3794
4539,3386
4540,3959
4541,3239
4542,4363
4543,3639
4544,3343
4545,2612
4546,3911
4547,2571
4548,3775
4549,3422
4550,3915
4551,3776
4552,3846
4553,3187
4554,3810
4555,3135
4556,3453
4557,3687
4558,3610
4559,3058
4560,2917
4561,3689
4562,3880
4563,2227
4564,3755
4565,3029
4566,3576
4567,4103
4568,3254
4569,2960
4570,3541
4571,3321
4572,3393
4573,3663
4574,3699
4575,3774
4576,3560
4577,3827
4578,3541
4579,3782
4580,4157
4581,3205
4582,3018
4583,4079
4584,3267
4585,3615
4586,3359
4587,-1
4588,2592
4589,2429
4590,3633
4591,3952
4592,3629
4593,3215
4594,3051
4595,3574
4596,3411
4597,4283
4598,3287
4599,3832
4600,3420
4601,3676
4602,2681
4603,3948
4604,3790
4605,3354
4606,3879
4607,3631
4608,3225
4609,4531
4610,3021
4611,3570
4612,3739
4613,4378
4614,3794
4615,2908
4616,3846
4617,3277
4618,3874
4619,2819
4620,3833
4621,3269
4622,2901
4623,2423
4624,3679
4625,3252
4626,3907
4627,3270
4628,3364
4629,3738
4630,5312
4631,3104
4632,3709
4633,3602
4634,3813
4635,4281
4636,3225
4637,3794
4638,3517
4639,3153
4640,3701
4641,4016
4642,3547
4643,3720
4644,3590
4645,2824
4646,3651
4647,3419
4648,3569
4649,3625
4650,3285
4651,3631
4652,3086
4653,-1
4654,4145
4655,3038
4656,4031
4657,3525
4658,3857
4659,3692
4660,3433
4661,3318
4662,-1
4663,3636
4664,3808
4665,3842
4666,3666
4667,3345
4668,3770
4669,3632
4670,3592
4671,4346
4672,3953
4673,3269
4674,3823
4675,3433
4676,3822
4677,3052
4678,3914
4679,3593
4680,3289
4681,3530
4682,3391
4683,3414
4684,3359
4685,3687
4686,3416
4687,4041
4688,3675
4689,3167
4690,3189
4691,3752
4692,4496
4693,3806
4694,3985
4695,3572
4696,3961
4697,3799
4698,3537
4699,2813
4700,3449
4701,2936
4702,4172
4703,3554
4704,3865
4705,2902
4706,3794
4707,3828
4708,4112
4709,3339
4710,3330
4711,3754
4712,4015
4713,3400
4714,2859
4715,3477
4716,3844
4717,4338
4718,3746
4719,3114
4720,3680
4721,-1
4722,3047
4723,3481
4724,3657
4725,3574
4726,3915
4727,4035
4728,4818
4729,4067
4730,4155
4731,3109
4732,4316
4733,4582
4734,3000
4735,4387
4736,3535
4737,3669
4738,3558
4739,3805
4740,4661
4741,4120
4742,3408
4743,3508
4744,3911
4745,4139
4746,3103
4747,3721
4748,2840
4749,3199
4750,3986
4751,3727
4752,3087
4753,2900
4754,3996
4755,3391
4756,4485
4757,3009
4758,3888
4759,4308
4760,-1
4761,3635
4762,3341
4763,3810
4764,3340
4765,3637
4766,3154
4767,4208
4768,3142
4769,3256
4770,3603
4771,3598
4772,3281
4773,3977
4774,4094
4775,4890
4776,3145
4777,3050
4778,4039
4779,3220
4780,3229
4781,4078
4782,3605
4783,3907
4784,3693
4785,3399
4786,3434
4787,3864
4788,4060
4789,4200
4790,3741
4791,3970
4792,1872
4793,3687
4794,3839
4795,4503
4796,3981
4797,2869
4798,3766
4799,3084
4800,4203
4801,3645
4802,3455
4803,3613
4804,3463
4805,3696
4806,4690
4807,3659
4808,3508
4809,3009
4810,4574
4811,3159
4812,4066
4813,2829
4814,3092
4815,3287
4816,3814
4817,4245
4818,3747
4819,3454
4820,3338
4821,2837
4822,3557
4823,3127
4824,3501
4825,4127
4826,3052
4827,3349
4828,-1
4829,3606
4830,3181
4831,4116
4832,3536
4833,3178
4834,3520
4835,-1
4836,3535
4837,3583
4838,3792
4839,3495
4840,3895
4841,3107
4842,3503
4843,4347
4844,3808
4845,3144
4846,3398
4847,4256
4848,3192
4849,3288
4850,3260
4851,3872
4852,3010
4853,3690
4854,3887
4855,3846
4856,3794
4857,3676
4858,3126
4859,3848
4860,4364
4861,3320
4862,3767
4863,3605
4864,4285
4865,4952
4866,4065
4867,3938
4868,3153
4869,3710
4870,3734
4871,3608
4872,4097
4873,3633
4874,3525
4875,3838
4876,4123
4877,3313
4878,-1
4879,3356
4880,3695
4881,3717
4882,3610
4883,3758
4884,3608
4885,3739
4886,3774
4887,3316
4888,2950
4889,4556
4890,4028
4891,3624
4892,3548
4893,-1
4894,3866
4895,3350
4896,3614
4897,3208
4898,3952
4899,3477
4900,3416
4901,4139
4902,3765
4903,3563
4904,3720
4905,3685
4906,3917
4907,3664
4908,3927
4909,3387
4910,3526
4911,3746
4912,3836
4913,3966
4914,3775
4915,4222
4916,3288
4917,3318
4918,3630
4919,3417
4920,3321
4921,4045
4922,3191
4923,3323
4924,3736
4925,3604
4926,3821
4927,3826
4928,3103
4929,3273
4930,4669
4931,2420
4932,3265
4933,3604
4934,1950
4935,3814
4936,3771
4937,2633
4938,3665
4939,3468
4940,3281
4941,4276
4942,3476
4943,3854
4944,2843
4945,3087
4946,3527
4947,3356
4948,2975
4949,3985
4950,3235
4951,4537
4952,2867
4953,3833
4954,3170
4955,3313
4956,3070
4957,3999
4958,3597
4959,3804
4960,5099
4961,4260
4962,3933
4963,3366
4964,3603
4965,4473
4966,3747
4967,2814
4968,3807
4969,3812
4970,2098
4971,3642
4972,3961
4973,3215
4974,4029
4975,3426
4976,4575
4977,3423
4978,-1
4979,3784
4980,3622
4981,2796
4982,2905
4983,4645
4984,3865
4985,3777
4986,3550
4987,2127
4988,4076
4989,4441
4990,3653
4991,3701
4992,5126
4993,3167
4994,2979
4995,3199
4996,3405
4997,3379
4998,3594
4999,3681
5000,4215
5001,4827
5002,4044
5003,3049
5004,3436
5005,2741
5006,4004
5007,3226
5008,2595
5009,3408
5010,3758
5011,3662
5012,3924
5013,3359
5014,4351
5015,4132
5016,3286
5017,3962
5018,3718
5019,3666
5020,4377
5021,3589
5022,3953
5023,3547
5024,3037
5025,3101
5026,3962
5027,3419
5028,3366
5029,4357
5030,3034
5031,4207
5032,3542
5033,2589
5034,3440
5035,3652
5036,3438
5037,3599
5038,3914
5039,3762
5040,-1
5041,3662
5042,-1
5043,4296
5044,3018
5045,2601
5046,4212
5047,4112
5048,3627
5049,4052
5050,3608
5051,3692
5052,3037
5053,3340
5054,3315
5055,3407
5056,4442
5057,4061
5058,3353
5059,3707
5060,3879
5061,4027
5062,3710
5063,4309
5064,3300
5065,3610
5066,3203
5067,4092
5068,3782
5069,3207
5070,3783
5071,3759
5072,3124
5073,3776
5074,3180
5075,5071
5076,3868
5077,3345
5078,3516
5079,3568
5080,4064
5081,3374
5082,3576
5083,2931
5084,3702
5085,3458
5086,3719
5087,3724
5088,2906
5089,4489
5090,3821
5091,3176
5092,3507
5093,3655
5094,2823
5095,3622
5096,3651
5097,3428
5098,4077
5099,4256
5100,3682
5101,4211
5102,3364
5103,3826
5104,4301
5105,3648
5106,3780
5107,4016
5108,3426
5109,2454
5110,-1
5111,3408
5112,4485
5113,3496
5114,3526
5115,3643
5116,3059
5117,4547
5118,3762
5119,3814
5120,3722
5121,3610
5122,3506
5123,4111
5124,3461
5125,3784
5126,2996
5127,3707
5128,4149
5129,3664
5130,3333
5131,3839
5132,3511
5133,3861
5134,4403
5135,3559
5136,3790
5137,3679
5138,3095
5139,3356
5140,4051
5141,3478
5142,4595
5143,3888
5144,3874
5145,4242
5146,3086
5147,3275
5148,3574
5149,3607
5150,3584
5151,3974
5152,2699
5153,3918
5154,3845
5155,3367
5156,3711
5157,3662
5158,3210
5159,2728
5160,3375
5161,3674
5162,3131
5163,4353
5164,3472
5165,2888
5166,4441
5167,3326
5168,3485
5169,3246
5170,3474
5171,3665
5172,4349
5173,3932
5174,3459
5175,3527
5176,4029
5177,4095
5178,3311
5179,2955
5180,3408
5181,4448
5182,4395
5183,3870
5184,3480
5185,4254
5186,3753
5187,4084
5188,3561
5189,3674
5190,3176
5191,3576
5192,3415
5193,3386
5194,3041
5195,4000
5196,3877
5197,4957
5198,3804
5199,4979
5200,3558
5201,3291
5202,3703
5203,3877
5204,3114
5205,3942
5206,3601
5207,3364
5208,3402
5209,3803
5210,3413
5211,3459
5212,3621
5213,3939
5214,3438
5215,2769
5216,3420
5217,3082
5218,3608
5219,3715
5220,3232
5221,3765
5222,3375
5223,4033
5224,4246
5225,4326
5226,3992
5227,3862
5228,3824
5229,3653
5230,3768
5231,3782
5232,3407
5233,4068
5234,4200
5235,3788
5236,3413
5237,2553
5238,3168
5239,3699
5240,2983
5241,3653
5242,3208
5243,4312
5244,3398
5245,-1
5246,3878
5247,3962
5248,4224
5249,3351
5250,3547
5251,4738
5252,3868
5253,2730
5254,3602
5255,4495
5256,3443
5257,3887
5258,3189
5259,2688
5260,3657
5261,3841
5262,3689
5263,3845
5264,3804
5265,3519
5266,3540
5267,3959
5268,4030
5269,3083
5270,3550
5271,2470
5272,3971
5273,4000
5274,2954
5275,3181
5276,3976
5277,3615
5278,4403
5279,3496
5280,3929
5281,3281
5282,3575
5283,3382
5284,3405
5285,4073
5286,3283
5287,3735
5288,4078
5289,3392
5290,3540
5291,3350
5292,4007
5293,3645
5294,3686
5295,3869
5296,3351
5297,3456
5298,4190
5299,3259
5300,4204
5301,3458
5302,3377
5303,3340
5304,3395
5305,3924
5306,4442
5307,3288
5308,4221
5309,3932
5310,3903
5311,3072
5312,2895
5313,3049
5314,3639
5315,3753
5316,4048
5317,3556
5318,3237
5319,3622
5320,3175
5321,3662
5322,4240
5323,4107
5324,2819
5325,3373
5326,2704
5327,3862
5328,3827
5329,3711
5330,3059
5331,3916
5332,3624
5333,3862
5334,3856
5335,4059
5336,3382
5337,4122
5338,3436
5339,3709
5340,2755
5341,3180
5342,3892
5343,4306
5344,4422
5345,3754
5346,2610
5347,3010
5348,4187
5349,3210
5350,3437
5351,3991
5352,3325
5353,3726
5354,4022
5355,3513
5356,3422
5357,3561
5358,4302
5359,3322
5360,3260
5361,2918
5362,3926
5363,4256
5364,3898
5365,3094
5366,2810
5367,3880
5368,3831
5369,3289
5370,4234
5371,2515
5372,4324
5373,4272
5374,4551
5375,3184
5376,4191
5377,3500
5378,4179
5379,4166
5380,3567
5381,3858
5382,3712
5383,3502
5384,3170
5385,3385
5386,4365
5387,3677
5388,3224
5389,3940
5390,3914
5391,3541
5392,3968
5393,3213
5394,2751
5395,3252
5396,3550
5397,4447
5398,3576
5399,3770
5400,3801
5401,3432
5402,2714
5403,4506
5404,3312
5405,3567
5406,3588
5407,3685
5408,4096
5409,2973
5410,2656
5411,2925
5412,2646
5413,3535
5414,2889
5415,3778
5416,3611
5417,3373
5418,3249
5419,3360
5420,3698
5421,3866
5422,3789
5423,3912
5424,3727
5425,3919
5426,3461
5427,3190
5428,3747
5429,4789
5430,3399
5431,-1
5432,3931
5433,3411
5434,3675
5435,3739
5436,3221
5437,4157
5438,2748
5439,2699
5440,4042
5441,4506
5442,2242
5443,4186
5444,3353
5445,4227
5446,2888
5447,4537
5448,3828
5449,3543
5450,-1
5451,3414
5452,4290
5453,3432
5454,3822
5455,3084
5456,3803
5457,3409
5458,4241
5459,3672
5460,4174
5461,2924
5462,3707
5463,3803
5464,3326
5465,3869
5466,3548
5467,3573
5468,3944
5469,3629
5470,3446
5471,3401
5472,2537
5473,2993
5474,4109
5475,3584
5476,3309
5477,3345
5478,3797
5479,3500
5480,4061
5481,3607
5482,3334
5483,4328
5484,3116
5485,3248
5486,3497
5487,3763
5488,3410
5489,3770
5490,3616
5491,3993
5492,3698
5493,3600
5494,3919
5495,3645
5496,3017
5497,3992
5498,3583
5499,3418
5500,3921
5501,3413
5502,3746
5503,3669
5504,3880
5505,3822
5506,3333
5507,3702
5508,3612
5509,3565
5510,3731
5511,4796
5512,3524
5513,3219
5514,3403
5515,3372
5516,3744
5517,3150
5518,3682
5519,4242
5520,2829
5521,2980
5522,3295
5523,4033
5524,-1
5525,3612
5526,3076
5527,3440
5528,4521
5529,3093
5530,3353
5531,3628
5532,4020
5533,3085
5534,3551
5535,3800
5536,3883
5537,3346
5538,3825
5539,3908
5540,2883
5541,4175
5542,4105
5543,3245
5544,3842
5545,3676
5546,3448
5547,3566
5548,3539
5549,3900
5550,3888
5551,3860
5552,4141
5553,3445
5554,2804
5555,3836
5556,3642
5557,3580
5558,3590
5559,3679
5560,3715
5561,4016
5562,4002
5563,4317
5564,3438
5565,3633
5566,3929
5567,3564
5568,3607
5569,3380
5570,3772
5571,4015
5572,3686
5573,3256
5574,2638
5575,3593
5576,3727
5577,3437
5578,3322
5579,3992
5580,4040
5581,3607
5582,3184
5583,3484
5584,3890
5585,3509
5586,3585
5587,3503
5588,2897
5589,3784
5590,3873
5591,3006
5592,3995
5593,3632
5594,3146
5595,4009
5596,3185
5597,4086
5598,3567
5599,4041
5600,3954
5601,3478
5602,3306
5603,4216
5604,3673
5605,4578
5606,4048
5607,3452
5608,3603
5609,4008
5610,3646
5611,3247
5612,3828
5613,3847
5614,3361
5615,4291
5616,3072
5617,2935
5618,4184
5619,3322
5620,3406
5621,3551
5622,4157
5623,3938
5624,2949
5625,4348
5626,-1
5627,5048
5628,3918
5629,4121
5630,3965
5631,4198
5632,3429
5633,3869
5634,4470
5635,-1
5636,3376
5637,4034
5638,3791
5639,3634
5640,3335
5641,3840
5642,3469
5643,2789
5644,3157
5645,3921
5646,3468
5647,3750
5648,4002
5649,3876
5650,3917
5651,4199
5652,3917
5653,3183
5654,3187
5655,3490
5656,-1
5657,4231
5658,3414
5659,3487
5660,3340
5661,3979
5662,3553
5663,3263
5664,3420
5665,3763
5666,3572
5667,4298
5668,2883
5669,3525
5670,3345
5671,3022
5672,3135
5673,3715
5674,3593
5675,3362
5676,3097
5677,3566
5678,2370
5679,3171
5680,3859
5681,4128
5682,3515
5683,3901
5684,4014
5685,3049
5686,-1
5687,3847
5688,3653
5689,3390
5690,3498
5691,3144
5692,3258
5693,3780
5694,3633
5695,4236
5696,4044
5697,4720
5698,-1
5699,3607
5700,4337
5701,3919
5702,3067
5703,3667
5704,3328
5705,3805
5706,4049
5707,3261
5708,3470
5709,3389
5710,4326
5711,3244
5712,3958
5713,3074
5714,3278
5715,3734
5716,3301
5717,3927
5718,3210
5719,3123
5720,2986
5721,4101
5722,4008
5723,2671
5724,2894
5725,3225
5726,3981
5727,4087
5728,3548
5729,4403
5730,3237
5731,3953
5732,3951
5733,3934
5734,3499
5735,3519
5736,3658
5737,3495
5738,3765
5739,3459
5740,3583
5741,4003
5742,3708
5743,3507
5744,3451
5745,3688
5746,3604
5747,3868
5748,4586
5749,2911
5750,3179
5751,3767
5752,3297
5753,2894
5754,3012
5755,2717
5756,4065
5757,3092
5758,3525
5759,3141
5760,2535
5761,3852
5762,4113
5763,3081
5764,3119
5765,3829
5766,3931
5767,3030
5768,3827
5769,2955
5770,4761
5771,3676
5772,3615
5773,3533
5774,4066
5775,3122
5776,4219
5777,3361
5778,3650
5779,3206
5780,3853
5781,4007
5782,3922
5783,3101
5784,3653
5785,3975
5786,3064
5787,3433
5788,3485
5789,3257
5790,3475
5791,4196
5792,3498
5793,3489
5794,3935
5795,3955
5796,4047
5797,3387
5798,3843
5799,3724
5800,3127
5801,2854
5802,-1
5803,3683
5804,4796
5805,3227
5806,4168
5807,3221
5808,3538
5809,3830
5810,2944
5811,3386
5812,4438
5813,3641
5814,3635
5815,3043
5816,3465
5817,4238
5818,3776
5819,2494
5820,3600
5821,3672
5822,3222
5823,3820
5824,4588
5825,3795
5826,4047
5827,3416
5828,3011
5829,3914
5830,2889
5831,4033
5832,3374
5833,3941
5834,3621
5835,3782
5836,2720
5837,2976
5838,3091
5839,3581
5840,4095
5841,4314
5842,3674
5843,3497
5844,3270
5845,2857
5846,3264
5847,3555
5848,4508
5849,3688
5850,3493
5851,3548
5852,3459
5853,3758
5854,3334
5855,2640
5856,-1
5857,3245
5858,3798
5859,4595
5860,3265
5861,3461
5862,3422
5863,3696
5864,4568
5865,3521
5866,4562
5867,3686
5868,3334
5869,4055
5870,2861
5871,3049
5872,2174
5873,4656
5874,3416
5875,3458
5876,4054
5877,3343
5878,2893
5879,3952
5880,2752
5881,3221
5882,3424
5883,3539
5884,3982
5885,3602
5886,4178
5887,3815
5888,3399
5889,3717
5890,2651
5891,3543
5892,3785
5893,3446
5894,3696
5895,3302
5896,2949
5897,4192
5898,3005
5899,4282
5900,3815
5901,2968
5902,3479
5903,2840
5904,3045
5905,3981
5906,5860
5907,3471
5908,3204
5909,5175
5910,2771
5911,3112
5912,2705
5913,3650
5914,3586
5915,3336
5916,2778
5917,3405
5918,3347
5919,3268
5920,3591
5921,3300
5922,4060
5923,3789
5924,4098
5925,3159
5926,4370
5927,3272
5928,4372
5929,3975
5930,3265
5931,3407
5932,3779
5933,3080
5934,4400
5935,3372
5936,3194
5937,3451
5938,3267
5939,3297
5940,4149
5941,3429
5942,3673
5943,3710
5944,3049
5945,-1
5946,3725
5947,4002
5948,3768
5949,4008
5950,3529
5951,2780
5952,3656
5953,3418
5954,3656
5955,3759
5956,2939
5957,3777
5958,2944
5959,2379
5960,3466
5961,4064
5962,3319
5963,2701
5964,4600
5965,4199
5966,3641
5967,3778
5968,3128
5969,3534
5970,3268
5971,3660
5972,3986
5973,3961
5974,4635
5975,3425
5976,3844
5977,2932
5978,3570
5979,3419
5980,4041
5981,3309
5982,3567
5983,3461
5984,4161
5985,3244
5986,3518
5987,3104
5988,5397
5989,4366
5990,4087
5991,4201
5992,2267
5993,3692
5994,3453
5995,3919
5996,4252
5997,3534
5998,3739
5999,3076
6000,3880
6001,4541
6002,3455
6003,-1
6004,-1
6005,3594
6006,3975
6007,3852
6008,4081
6009,2697
6010,3507
6011,4101
6012,3915
6013,4047
6014,2772
6015,2614
6016,2480
6017,3590
6018,3876
6019,2580
6020,3372
6021,3022
6022,3212
6023,3994
6024,3124
6025,3456
6026,3560
6027,4232
6028,3984
6029,3631
6030,3296
6031,-1
6032,3205
6033,3635
6034,3788
6035,3560
6036,3101
6037,4387
6038,3662
6039,4105
6040,3834
6041,3719
6042,3733
6043,-1
6044,3105
6045,3547
6046,3948
6047,3858
6048,3860
6049,3583
6050,3718
6051,3043
6052,4064
6053,3820
6054,4168
6055,5065
6056,3848
6057,3691
6058,4652
6059,3536
6060,3359
6061,3720
6062,4028
6063,3689
6064,3937
6065,3358
6066,3576
6067,3788
6068,3422
6069,2916
6070,3771
6071,3378
6072,3817
6073,4141
6074,3910
6075,3965
6076,3549
6077,-1
6078,3428
6079,3092
6080,3772
6081,3414
6082,4251
6083,3699
6084,4062
6085,3400
6086,3494
6087,3296
6088,3701
6089,4215
6090,3599
6091,3674
6092,3969
6093,3076
6094,3728
6095,3744
6096,2862
6097,3419
6098,4107
6099,3546
6100,3327
6101,3843
6102,3508
6103,3533
6104,3709
6105,3153
6106,4479
6107,3406
6108,4416
6109,3437
6110,3953
6111,3606
6112,2821
6113,4069
6114,3341
6115,2986
6116,4189
6117,3772
6118,3188
6119,3740
6120,4408
6121,4060
6122,3115
6123,3583
6124,3645
6125,3960
6126,3436
6127,-1
6128,3992
6129,3598
6130,3505
6131,3730
6132,4386
6133,3486
6134,3707
6135,3448
6136,3881
6137,4342
6138,4261
6139,2839
6140,3753
6141,3713
6142,3632
6143,3604
6144,4291
6145,4040
6146,4345
6147,-1
6148,4254
6149,3406
6150,3616
6151,4069
6152,4052
6153,3740
6154,3489
6155,3576
6156,4105
6157,3339
6158,3890
6159,4008
6160,3813
6161,3719
6162,3625
6163,2993
6164,3656
6165,3051
6166,3323
6167,3816
6168,4500
6169,3467
6170,3844
6171,4242
6172,3154
6173,3280
6174,4252
6175,3736
6176,3609
6177,3854
6178,-1
6179,3233
6180,3799
6181,4477
6182,2859
6183,3523
6184,3647
6185,3647
6186,4200
6187,2962
6188,3869
6189,4555
6190,2755
6191,4000
6192,3190
6193,2946
6194,3288
6195,3306
6196,3710
6197,3252
6198,2861
6199,2881
6200,3317
6201,4245
6202,4551
6203,3571
6204,4935
6205,3482
6206,3180
6207,2770
6208,3844
6209,3838
6210,3911
6211,3664
6212,3681
6213,3640
6214,3603
6215,3852
6216,3648
6217,4103
6218,2962
6219,-1
6220,3728
6221,3881
6222,3762
6223,4573
6224,2872
6225,3119
6226,3973
6227,3341
6228,3868
6229,2520
6230,4600
6231,3671
6232,4421
6233,3338
6234,4225
6235,3585
6236,4241
6237,2999
6238,3718
6239,4632
6240,-1
6241,3607
6242,2681
6243,3269
6244,4371
6245,3251
6246,3689
6247,3112
6248,3461
6249,3051
6250,4205
6251,3378
6252,3589
6253,3422
6254,3371
6255,3896
6256,3089
6257,4030
6258,3763
6259,3667
6260,4011
6261,4233
6262,3979
6263,3760
6264,3364
6265,3094
6266,3082
6267,3699
6268,4299
6269,3940
6270,3861
6271,4250
6272,4021
6273,3455
6274,3746
6275,3719
6276,3995
6277,2099
6278,2962
6279,2763
6280,3573
6281,3144
6282,3607
6283,3200
6284,3129
6285,4118
6286,3502
6287,4066
6288,3395
6289,3878
6290,4123
6291,3820
6292,4047
6293,3961
6294,3172
6295,4476
6296,3865
6297,4288
6298,3726
6299,3896
6300,3545
6301,3392
6302,2137
6303,4130
6304,3194
6305,4045
6306,3511
6307,4010
6308,2942
6309,3675
6310,2940
6311,3497
6312,3713
6313,3182
6314,3958
6315,4140
6316,3393
6317,3018
6318,3946
6319,3750
6320,3362
6321,3461
6322,3708
6323,3504
6324,3510
6325,4053
6326,4179
6327,3218
6328,2420
6329,2846
6330,3638
6331,3905
6332,3397
6333,4348
6334,3354
6335,3563
6336,2977
6337,3667
6338,3142
6339,3314
6340,3367
6341,3504
6342,3538
6343,3457
6344,3818
6345,3898
6346,3101
6347,-1
6348,-1
6349,3533
6350,3785
6351,4292
6352,3350
6353,2260
6354,3289
6355,3462
6356,3579
6357,3518
6358,3702
6359,3105
6360,3378
6361,3565
6362,4602
6363,3611
6364,4380
6365,4050
6366,4785
6367,3258
6368,3805
6369,3266
6370,3619
6371,3835
6372,3606
6373,3480
6374,3335
6375,3635
6376,3821
6377,3282
6378,3070
6379,3452
6380,3569
6381,3641
6382,3293
6383,3525
6384,3277
6385,3783
6386,3394
6387,3613
6388,3133
6389,3264
6390,3184
6391,3026
6392,3697
6393,3546
6394,2937
6395,3339
6396,3839
6397,3532
6398,3836
6399,3571
6400,3221
6401,3848
6402,4028
6403,3886
6404,3690
6405,3001
6406,3616
6407,3550
6408,3422
6409,4105
6410,3291
6411,4700
6412,3711
6413,2938
6414,3655
6415,3301
6416,3653
6417,3381
6418,4046
6419,3874
6420,3603
6421,4121
6422,3010
6423,2560
6424,3332
6425,3798
6426,3461
6427,4114
6428,4116
6429,2799
6430,4217
6431,3152
6432,2736
6433,4046
6434,3900
6435,3202
6436,3838
6437,3891
6438,3040
6439,4164
6440,4097
6441,4226
6442,3422
6443,4148
6444,4111
6445,3448
6446,3364
6447,3926
6448,3847
6449,3183
6450,3604
6451,3304
6452,-1
6453,3488
6454,4734
6455,4429
6456,3108
6457,4470
6458,3561
6459,4296
6460,3489
6461,4359
6462,3491
6463,3161
6464,3386
6465,4301
6466,3370
6467,2748
6468,3903
6469,4066
6470,3506
6471,3400
6472,3777
6473,4549
6474,2703
6475,3939
6476,4459
6477,3700
6478,3486
6479,3368
6480,2853
6481,3433
6482,3972
6483,3186
6484,3488
6485,3162
6486,3605
6487,3258
6488,3474
6489,3353
6490,4572
6491,3932
6492,3590
6493,3463
6494,3452
6495,2753
6496,3604
6497,3272
6498,3643
6499,3352
6500,-1
6501,2473
6502,4197
6503,3283
6504,3468
6505,3772
6506,2858
6507,4282
6508,4158
6509,3508
6510,3244
6511,2758
6512,3299
6513,3395
6514,3687
6515,3271
6516,3842
6517,3527
6518,3825
6519,3341
6520,4502
6521,3392
6522,3257
6523,3059
6524,3028
6525,3917
6526,3836
6527,4183
6528,4123
6529,3629
6530,3478
6531,3233
6532,3385
6533,4193
6534,3910
6535,3351
6536,2619
6537,3255
6538,3742
6539,3770
6540,3558
6541,3487
6542,2579
6543,3850
6544,3447
6545,3884
6546,3865
6547,3759
6548,3091
6549,3389
6550,3945
6551,4251
6552,4404
6553,3210
6554,3983
6555,3335
6556,4169
6557,3729
6558,3069
6559,3241
6560,4873
6561,3592
6562,3600
6563,3472
6564,4156
6565,3933
6566,3321
6567,3938
6568,3892
6569,3529
6570,3499
6571,3513
6572,3522
6573,3647
6574,3755
6575,4024
6576,4085
6577,3973
6578,3409
6579,4467
6580,3033
6581,3248
6582,3484
6583,3525
6584,3445
6585,2579
6586,3131
6587,4871
6588,4162
6589,3974
6590,3312
6591,3085
6592,3136
6593,2442
6594,3648
6595,3830
6596,3495
6597,3727
6598,3017
6599,3857
6600,-1
6601,3767
6602,3181
6603,3589
6604,3373
6605,3872
6606,3195
6607,4380
6608,3427
6609,3456
6610,3575
6611,4031
6612,4374
6613,3559
6614,4117
6615,4465
6616,3001
6617,3292
6618,3694
6619,3980
6620,3448
6621,3489
6622,2657
6623,3565
6624,3769
6625,3768
6626,3558
6627,3723
6628,4747
6629,4112
6630,3864
6631,3932
6632,4241
6633,3977
6634,3572
6635,4291
6636,3435
6637,3594
6638,4076
6639,3723
6640,3105
6641,3273
6642,4068
6643,3630
6644,3529
6645,3536
6646,3398
6647,3773
6648,3382
6649,3715
6650,3888
6651,3629
6652,3848
6653,3934
6654,3819
6655,4587
6656,3400
6657,2613
6658,3379
6659,4181
6660,3469
6661,3721
6662,2994
6663,3548
6664,3379
6665,3108
6666,3949
6667,3375
6668,4115
6669,3087
6670,3941
6671,3476
6672,3775
6673,3760
6674,3785
6675,3316
6676,3606
6677,3649
6678,3989
6679,3420
6680,3481
6681,3741
6682,3613
6683,3239
6684,3887
6685,3279
6686,3670
6687,3724
6688,3276
6689,4104
6690,3725
6691,3465
6692,3098
6693,3551
6694,2944
6695,3526
6696,2963
6697,4070
6698,3971
6699,3801
6700,3681
6701,3214
6702,3037
6703,3278
6704,3285
6705,4497
6706,3484
6707,3789
6708,3345
6709,3494
6710,3002
6711,3334
6712,3619
6713,3574
6714,3564
6715,3762
6716,3825
6717,4136
6718,3430
6719,3674
6720,3519
6721,3705
6722,4223
6723,3376
6724,3579
6725,3226
6726,-1
6727,3150
6728,3645
6729,3928
6730,3261
6731,3072
6732,3737
6733,4294
6734,3832
6735,4120
6736,3345
6737,3706
6738,4288
6739,3763
6740,4341
6741,4513
6742,2740
6743,3008
6744,3351
6745,3465
6746,3272
6747,3187
6748,4243
6749,3486
6750,2852
6751,3743
6752,3174
6753,3260
6754,3575
6755,4137
6756,3414
6757,4174
6758,3521
6759,3395
6760,4185
6761,3835
6762,3765
6763,3896
6764,3607
6765,3664
6766,3623
6767,4059
6768,3540
6769,3653
6770,3375
6771,3398
6772,3029
6773,2408
6774,3514
6775,3140
6776,3710
6777,3208
6778,-1
6779,3221
6780,3876
6781,3983
6782,3711
6783,-1
6784,3418
6785,-1
6786,4009
6787,3076
6788,3612
6789,4582
6790,3341
6791,3451
6792,3827
6793,3770
6794,3353
6795,3227
6796,3938
6797,3773
6798,-1
6799,3283
6800,3489
6801,3704
6802,3458
6803,3561
6804,3529
6805,2470
6806,3773
6807,3269
6808,3939
6809,3996
6810,3240
6811,3590
6812,3707
6813,2907
6814,2821
6815,3545
6816,3326
6817,3445
6818,4045
6819,4208
6820,3254
6821,4087
6822,3322
6823,3999
6824,4110
6825,2910
6826,3593
6827,3948
6828,3726
6829,3841
6830,3754
6831,2703
6832,3246
6833,3496
6834,3223
6835,3685
6836,3579
6837,3423
6838,3634
6839,3399
6840,-1
6841,4421
6842,4128
6843,3926
6844,3316
6845,3578
6846,3176
6847,3558
6848,4108
6849,3028
6850,3202
6851,3677
6852,3791
6853,2959
6854,3348
6855,3394
6856,3305
6857,4045
6858,3879
6859,3844
6860,2985
6861,3588
6862,3423
6863,3648
6864,2840
6865,3661
6866,3947
6867,3363
6868,3615
6869,3445
6870,3477
6871,3299
6872,2841
6873,4233
6874,2525
6875,3401
6876,4023
6877,4277
6878,3546
6879,3615
6880,3925
6881,3350
6882,3600
6883,3868
6884,3722
6885,-1
6886,2766
6887,3597
6888,4038
6889,3659
6890,4219
6891,4124
6892,4000
6893,5358
6894,3881
6895,2605
6896,3774
6897,4340
6898,-1
6899,3438
6900,3633
6901,3458
6902,3623
6903,3176
6904,4177
6905,4020
6906,3700
6907,3442
6908,2960
6909,3380
6910,3320
6911,3001
6912,3430
6913,3294
6914,2662
6915,2935
6916,3678
6917,4392
6918,3645
6919,3184
6920,3715
6921,3497
6922,3771
6923,3179
6924,3817
6925,3091
6926,2965
6927,2924
6928,3855
6929,2881
6930,3530
6931,3801
6932,3916
6933,4856
6934,2961
6935,4031
6936,3237
6937,3503
6938,3219
6939,3737
6940,3723
6941,2920
6942,3623
6943,3598
6944,4273
6945,3559
6946,3593
6947,3702
6948,3771
6949,3959
6950,2985
6951,3289
6952,3287
6953,3861
6954,3292
6955,3651
6956,3981
6957,3897
6958,2826
6959,3418
6960,2927
6961,3315
6962,3146
6963,3143
6964,3705
6965,3971
6966,3567
6967,4396
6968,4192
6969,3943
6970,3489
6971,3711
6972,3074
6973,5728
6974,4506
6975,4109
6976,3682
6977,3853
6978,3634
6979,3142
6980,2889
6981,3481
6982,2913
6983,3760
6984,4081
6985,4189
6986,3706
6987,3888
6988,3701
6989,3613
6990,3409
6991,-1
6992,3329
6993,3622
6994,3941
6995,3348
6996,4470
6997,3650
6998,2794
6999,-1
7000,3369
7001,2943
7002,3442
7003,4395
7004,3762
7005,3384
7006,3319
7007,3524
7008,3622
7009,4913
7010,3162
7011,3427
7012,3399
7013,3545
7014,3300
7015,3759
7016,3481
7017,2830
7018,4325
7019,3469
7020,3998
7021,3408
7022,3736
7023,3883
7024,3450
7025,3348
7026,3250
7027,2984
7028,3721
7029,4204
7030,3242
7031,3752
7032,3361
7033,3953
7034,3802
7035,3138
7036,3428
7037,3418
7038,3451
7039,3577
7040,3373
7041,4264
7042,3385
7043,3723
7044,3614
7045,3325
7046,3388
7047,4177
7048,3627
7049,3177
7050,3276
7051,3365
7052,3256
7053,4229
7054,4380
7055,3451
7056,3590
7057,3531
7058,3846
7059,4623
7060,3811
7061,3858
7062,3267
7063,3477
7064,3136
7065,-1
7066,4405
7067,4331
7068,3307
7069,3537
7070,4135
7071,2780
7072,3533
7073,3848
7074,3680
7075,3808
7076,3519
7077,3492
7078,3513
7079,3872
7080,3599
7081,4279
7082,3013
7083,3694
7084,-1
7085,4303
7086,2991
7087,3002
7088,-1
7089,3405
7090,3977
7091,3800
7092,3145
7093,3169
7094,3721
7095,4173
7096,4252
7097,3504
7098,5065
7099,3590
7100,3104
7101,3120
7102,3326
7103,3385
7104,3659
7105,3496
7106,3940
7107,3220
7108,3730
7109,3335
7110,3828
7111,2761
7112,3533
7113,3581
7114,3867
7115,4498
7116,4494
7117,2963
7118,3329
7119,3902
7120,3755
7121,3421
7122,3208
7123,3541
7124,3820
7125,4185
7126,3731
7127,4015
7128,3239
7129,2889
7130,3744
7131,3874
7132,3478
7133,2898
7134,3491
7135,3628
7136,3367
7137,4155
7138,3023
7139,3206
7140,4072
7141,3096
7142,3309
7143,3588
7144,3275
7145,3471
7146,3845
7147,4094
7148,3560
7149,3939
7150,3625
7151,4200
7152,3449
7153,3065
7154,3436
7155,3459
7156,3368
7157,2836
7158,4139
7159,3981
7160,3418
7161,3694
7162,3143
7163,4003
7164,3064
7165,3040
7166,4448
7167,3539
7168,2731
7169,3546
7170,3262
7171,3713
7172,3622
7173,3223
7174,3969
7175,3001
7176,3096
7177,3414
7178,4111
7179,3612
7180,4162
7181,3559
7182,3464
7183,3089
7184,3641
7185,3647
7186,4387
7187,4163
7188,3319
7189,3530
7190,3676
7191,3345
7192,3825
7193,3554
7194,3522
7195,4529
7196,4200
7197,3472
7198,3517
7199,2384
7200,3866
7201,3496
7202,3004
7203,3701
7204,3589
7205,3429
7206,4789
7207,3456
7208,-1
7209,4018
7210,2698
7211,3403
7212,4198
7213,3589
7214,3852
7215,2845
7216,3480
7217,3351
7218,4436
7219,-1
7220,3380
7221,3998
7222,3555
7223,3130
7224,3619
7225,3961
7226,3694
7227,-1
7228,3601
7229,4814
7230,3688
7231,4261
7232,3885
7233,2840
7234,4394
7235,3308
7236,3569
7237,4088
7238,4515
7239,3584
7240,3680
7241,3696
7242,4050
7243,4504
7244,3496
7245,2764
7246,3498
7247,3727
7248,4376
7249,4424
7250,3605
7251,3043
7252,2885
7253,3727
7254,3756
7255,4176
7256,3901
7257,3374
7258,3575
7259,4069
7260,2650
7261,4472
7262,3530
7263,3344
7264,3456
7265,2291
7266,3710
7267,3729
7268,3454
7269,4038
7270,-1
7271,3406
7272,3511
7273,3840
7274,3585
7275,3645
7276,3546
7277,2545
7278,2820
7279,3578
7280,3405
7281,2852
7282,3159
7283,3536
7284,2492
7285,4278
7286,4361
7287,3565
7288,3973
7289,3899
7290,3815
7291,3174
7292,3871
7293,3037
7294,3998
7295,4020
7296,3919
7297,3326
7298,3062
7299,3234
7300,5016
7301,3133
7302,3748
7303,3586
7304,3528
7305,3396
7306,4001
7307,3387
7308,2919
7309,3777
7310,3144
7311,3971
7312,3830
7313,2698
7314,3807
7315,4147
7316,3415
7317,3637
7318,3263
7319,3187
7320,3452
7321,3408
7322,4415
7323,4247
7324,3304
7325,3635
7326,4725
7327,3827
7328,3586
7329,4242
7330,3380
7331,3053
7332,2767
7333,3699
7334,3636
7335,3811
7336,3887
7337,3506
7338,3885
7339,3751
7340,3653
7341,4121
7342,5053
7343,3862
7344,3450
7345,3719
7346,3154
7347,3849
7348,4222
7349,3892
7350,3131
7351,3634
7352,4109
7353,3341
7354,3805
7355,4116
7356,3054
7357,3144
7358,3214
7359,3416
7360,4135
7361,1230
7362,3749
7363,3367
7364,3673
7365,4518
7366,3635
7367,3262
7368,3555
7369,4068
7370,3945
7371,3961
7372,3411
7373,3646
7374,3324
7375,3363
7376,3978
7377,3667
7378,3273
7379,4333
7380,3469
7381,4002
7382,-1
7383,2832
7384,3223
7385,2816
7386,3361
7387,3290
7388,3733
7389,4166
7390,4655
7391,3581
7392,3260
7393,4082
7394,3694
7395,3342
7396,4110
7397,3723
7398,3540
7399,3930
7400,3745
7401,3707
7402,4304
7403,3942
7404,3336
7405,3825
7406,3325
7407,3249
7408,3639
7409,3600
7410,3794
7411,3505
7412,3028
7413,2958
7414,3766
7415,3633
7416,-1
7417,3970
7418,3372
7419,3612
7420,3645
7421,2688
7422,3245
7423,2557
7424,3456
7425,3188
7426,2864
7427,3640
7428,3441
7429,3710
7430,3365
7431,2627
7432,3674
7433,3902
7434,3305
7435,3472
7436,3513
7437,3114
7438,3677
7439,3993
7440,3631
7441,-1
7442,3769
7443,4122
7444,3001
7445,3561
7446,3332
7447,3962
7448,2497
7449,3658
7450,2786
7451,3676
7452,3721
7453,4050
7454,3172
7455,3529
7456,3127
7457,3880
7458,2452
7459,3643
7460,3479
7461,3784
7462,3062
7463,4245
7464,2649
7465,3534
7466,4007
7467,3565
7468,3879
7469,3534
7470,3972
7471,3855
7472,3180
7473,3696
7474,2920
7475,3294
7476,4106
7477,3787
7478,3344
7479,3812
7480,4229
7481,3844
7482,3441
7483,4196
7484,3803
7485,4061
7486,3838
7487,3425
7488,4193
7489,3589
7490,3178
7491,3152
7492,2951
7493,3529
7494,2964
7495,3854
7496,3308
7497,3576
7498,4393
7499,3377
7500,2987
7501,3862
7502,3569
7503,3178
7504,3166
7505,3495
7506,2791
7507,3472
7508,4151
7509,3798
7510,3671
7511,3386
7512,3892
7513,3665
7514,3587
7515,3530
7516,3143
7517,3825
7518,3644
7519,3614
7520,2821
7521,3663
7522,3941
7523,3260
7524,2446
7525,3762
7526,3414
7527,3014
7528,3703
7529,4026
7530,3793
7531,3882
7532,2797
7533,5159
7534,3677
7535,3919
7536,3182
7537,4021
7538,3791
7539,3518
7540,3934
7541,4222
7542,3279
7543,3892
7544,2879
7545,4206
7546,3252
7547,3220
7548,3753
7549,3873
7550,3331
7551,4401
7552,3513
7553,3849
7554,3032
7555,4210
7556,3539
7557,3577
7558,3699
7559,-1
7560,3080
7561,3569
7562,3937
7563,3009
7564,3580
7565,3839
7566,4031
7567,3552
7568,3672
7569,3165
7570,3232
7571,-1
7572,-1
7573,3927
7574,3109
7575,3253
7576,2950
7577,3572
7578,4489
7579,3658
7580,3561
7581,4334
7582,3760
7583,3354
7584,3175
7585,3794
7586,3925
7587,3405
7588,3659
7589,3468
7590,3358
7591,3886
7592,3686
7593,3668
7594,3511
7595,3511
7596,3281
7597,4133
7598,3360
7599,3658
7600,3735
7601,4198
7602,3281
7603,3602
7604,3765
7605,1867
7606,3587
7607,3823
7608,3548
7609,3466
7610,3795
7611,2904
7612,3216
7613,4025
7614,3214
7615,3734
7616,3485
7617,3388
7618,3597
7619,4213
7620,2865
7621,3933
7622,4046
7623,3360
7624,3435
7625,3534
7626,4090
7627,4115
7628,3435
7629,3972
7630,3760
7631,4619
7632,4105
7633,3259
7634,3087
7635,3383
7636,3799
7637,3278
7638,3737
7639,4020
7640,3073
7641,3688
7642,4187
7643,3620
7644,3389
7645,3214
7646,3813
7647,3775
7648,3291
7649,3460
7650,3420
7651,3033
7652,3545
7653,3230
7654,3066
7655,3606
7656,2857
7657,3340
7658,4117
7659,3212
7660,3413
7661,3447
7662,3385
7663,3886
7664,3969
7665,3746
7666,2989
7667,3462
7668,3516
7669,3189
7670,4556
7671,4030
7672,3440
7673,2554
7674,3504
7675,2787
7676,3801
7677,3733
7678,3981
7679,3749
7680,2748
7681,3401
7682,-1
7683,3799
7684,4274
7685,4269
7686,3621
7687,3294
7688,3382
7689,3475
7690,3557
7691,5948
7692,3677
7693,3546
7694,3712
7695,3900
7696,3376
7697,3967
7698,3640
7699,3714
7700,4336
7701,3523
7702,4925
7703,4335
7704,3453
7705,3841
7706,2995
7707,4131
7708,4339
7709,3607
7710,4005
7711,4320
7712,3078
7713,3539
7714,3823
7715,3891
7716,2750
7717,3733
7718,4046
7719,3120
7720,3563
7721,2623
7722,3514
7723,3495
7724,3972
7725,3305
7726,4303
7727,4034
7728,5226
7729,4113
7730,4563
7731,3488
7732,4031
7733,4021
7734,3431
7735,4311
7736,3493
7737,2790
7738,3452
7739,3115
7740,3865
7741,3519
7742,3574
7743,3425
7744,3603
7745,3778
7746,3196
7747,2856
7748,3876
7749,3505
7750,3336
7751,3728
7752,3650
7753,2795
7754,3863
7755,3760
7756,3462
7757,4062
7758,4045
7759,3167
7760,3309
7761,3589
7762,3587
7763,3221
7764,3737
7765,3793
7766,3301
7767,3699
7768,-1
7769,3227
7770,3894
7771,4185
7772,3602
7773,4546
7774,4105
7775,3682
7776,4256
7777,3603
7778,3312
7779,3185
7780,3803
7781,3976
7782,3172
7783,3251
7784,3288
7785,3479
7786,3382
7787,3085
7788,3555
7789,3228
7790,3966
7791,3287
7792,3619
7793,3256
7794,3587
7795,4212
7796,3587
7797,3825
7798,3409
7799,3312
7800,3416
7801,2709
7802,2639
7803,3317
7804,3359
7805,3421
7806,3343
7807,3757
7808,3494
7809,4275
7810,3086
7811,3430
7812,3495
7813,4163
7814,2964
7815,3497
7816,3745
7817,3484
7818,3482
7819,3824
7820,3343
7821,4062
7822,3053
7823,3409
7824,4003
7825,2912
7826,2825
7827,3104
7828,3938
7829,3886
7830,3930
7831,3815
7832,4849
7833,3887
7834,3711
7835,3963
7836,3248
7837,4451
7838,3288
7839,3961
7840,3345
7841,4363
7842,3654
7843,3562
7844,3909
7845,3914
7846,3634
7847,3646
7848,3519
7849,3839
7850,3831
7851,2998
7852,3097
7853,3677
7854,3591
7855,4706
7856,3429
7857,3831
7858,4023
7859,3515
7860,3291
7861,3630
7862,3502
7863,3573
7864,3746
7865,3732
7866,3645
7867,4238
7868,4113
7869,3653
7870,3824
7871,3450
7872,3686
7873,4211
7874,3587
7875,3310
7876,4181
7877,2889
7878,3172
7879,4205
7880,4518
7881,3594
7882,3715
7883,3223
7884,2981
7885,5346
7886,3158
7887,4042
7888,4168
7889,3573
7890,3131
7891,3587
7892,3660
7893,4251
7894,3601
7895,3938
7896,2767
7897,3774
7898,3257
7899,3467
7900,3286
7901,2992
7902,3142
7903,3540
7904,4265
7905,3576
7906,3512
7907,3518
7908,3765
7909,3982
7910,3193
7911,5157
7912,3790
7913,2998
7914,3795
7915,3339
7916,3621
7917,3619
7918,4118
7919,3231
7920,3684
7921,3397
7922,4496
7923,3542
7924,3635
7925,3421
7926,3816
7927,3555
7928,3285
7929,3763
7930,3662
7931,2716
7932,3612
7933,3833
7934,4454
7935,3577
7936,3211
7937,4390
7938,3448
7939,4156
7940,4375
7941,3966
7942,3418
7943,3789
7944,3501
7945,3511
7946,3389
7947,3018
7948,3960
7949,3584
7950,3803
7951,3776
7952,3368
7953,3445
7954,3616
7955,4174
7956,4041
7957,4167
7958,3978
7959,3606
7960,3878
7961,-1
7962,3514
7963,3050
7964,3585
7965,3642
7966,2842
7967,3521
7968,3787
7969,3400
7970,4559
7971,4041
7972,2919
7973,3854
7974,3029
7975,3276
7976,3862
7977,3758
7978,3389
7979,3543
7980,3287
7981,4039
7982,3197
7983,3999
7984,4025
7985,3202
7986,4306
7987,2845
7988,3725
7989,4101
7990,3741
7991,4090
7992,3582
7993,3513
7994,4551
7995,3673
7996,3358
7997,3928
7998,3686
7999,-1
8000,3418
8001,4048
8002,3716
8003,3965
8004,3569
8005,3549
8006,3704
8007,3884
8008,3678
8009,3927
8010,3855
8011,2918
8012,3985
8013,2683
8014,3373
8015,3640
8016,3689
8017,3392
8018,3352
8019,4030
8020,3137
8021,3804
8022,4067
8023,3622
8024,4191
8025,3718
8026,4539
8027,3480
8028,2868
8029,3994
8030,3735
8031,4112
8032,3514
8033,3703
8034,4348
8035,4015
8036,3573
8037,3680
8038,3596
8039,3462
8040,4082
8041,3829
8042,3889
8043,3933
8044,3190
8045,3152
8046,4068
8047,3770
8048,3394
8049,3453
8050,3684
8051,3818
8052,3317
8053,3320
8054,3380
8055,3912
8056,2880
8057,3922
8058,3984
8059,3794
8060,3896
8061,3518
8062,3329
8063,2948
8064,3005
8065,3509
8066,3870
8067,3457
8068,3961
8069,4091
8070,3446
8071,3536
8072,2602
8073,3201
8074,3914
8075,4216
8076,2782
8077,3630
8078,3739
8079,4446
8080,3703
8081,2082
8082,3457
8083,2864
8084,3721
8085,3453
8086,4544
8087,4346
8088,3301
8089,3950
8090,3669
8091,3138
8092,3923
8093,3548
8094,3675
8095,3644
8096,3724
8097,3612
8098,3559
8099,3373
8100,4895
8101,4226
8102,4415
8103,3150
8104,4181
8105,3007
8106,3831
8107,2793
8108,3425
8109,3625
8110,3688
8111,-1
8112,3300
8113,2862
8114,3852
8115,4352
8116,3582
8117,3457
8118,3324
8119,4187
8120,2952
8121,3615
8122,3466
8123,2972
8124,3234
8125,4079
8126,2847
8127,3243
8128,3441
8129,3344
8130,-1
8131,3339
8132,3751
8133,3832
8134,3376
8135,2924
8136,3573
8137,3864
8138,3858
8139,3854
8140,4003
8141,3573
8142,3139
8143,3241
8144,3470
8145,3257
8146,3771
8147,3823
8148,3991
8149,3502
8150,3267
8151,3487
8152,4351
8153,3451
8154,3476
8155,3932
8156,3188
8157,3833
8158,3225
8159,3465
8160,3461
8161,3494
8162,3165
8163,3532
8164,3231
8165,4321
8166,3598
8167,3434
8168,3021
8169,-1
8170,3927
8171,3294
8172,3641
8173,2939
8174,2916
8175,4163
8176,3194
8177,3761
8178,3132
8179,3690
8180,2951
8181,3967
8182,3552
8183,3277
8184,3586
8185,3271
8186,3560
8187,4176
8188,3669
8189,3376
8190,3658
8191,3823
8192,3804
8193,4063
8194,4454
8195,3213
8196,3805
8197,2978
8198,3173
8199,4083
8200,3711
8201,3104
8202,3591
8203,3473
8204,4427
8205,3811
8206,3878
8207,3553
8208,3653
8209,4213
8210,3260
8211,3766
8212,3422
8213,4439
8214,3488
8215,3219
8216,3167
8217,3335
8218,4454
8219,3729
8220,3385
8221,2537
8222,4059
8223,3011
8224,3884
8225,3505
8226,3380
8227,4487
8228,3349
8229,2815
8230,3758
8231,4012
8232,3911
8233,4157
8234,3715
8235,3534
8236,3677
8237,3480
8238,3236
8239,3659
8240,3417
8241,3426
8242,3585
8243,3303
8244,3744
8245,3641
8246,3927
8247,4636
8248,3988
8249,3441
8250,3833
8251,3564
8252,3759
8253,3056
8254,3439
8255,4121
8256,3203
8257,3663
8258,4809
8259,3432
8260,4415
8261,3194
8262,3779
8263,3928
8264,2694
8265,3756
8266,3743
8267,4145
8268,3467
8269,4014
8270,3468
8271,2922
8272,2469
8273,2661
8274,4178
8275,3644
8276,3419
8277,3402
8278,3483
8279,3625
8280,3829
8281,4120
8282,3392
8283,3768
8284,3580
8285,3271
8286,3567
8287,3944
8288,3772
8289,3573
8290,3411
8291,3971
8292,3756
8293,2854
8294,3425
8295,3586
8296,2996
8297,3855
8298,2139
8299,4328
8300,3449
8301,3682
8302,2538
8303,4725
8304,3639
8305,3617
8306,3490
8307,3619
8308,3929
8309,4482
8310,3846
8311,3792
8312,3566
8313,4492
8314,3778
8315,3897
8316,3443
8317,3831
8318,3935
8319,3545
8320,3506
8321,3734
8322,3600
8323,3476
8324,3452
8325,3645
8326,3989
8327,3393
8328,4207
8329,3699
8330,3940
8331,4065
8332,3131
8333,3739
8334,3413
8335,4632
8336,-1
8337,4068
8338,5284
8339,3473
8340,3840
8341,-1
8342,3767
8343,3703
8344,2986
8345,3789
8346,3910
8347,2864
8348,4182
8349,3854
8350,3940
8351,3981
8352,3605
8353,-1
8354,-1
8355,3311
8356,3852
8357,3028
8358,3509
8359,3839
8360,3567
8361,3324
8362,3799
8363,3415
8364,3383
8365,3733
8366,2979
8367,2803
8368,3000
8369,3745
8370,3508
8371,3860
8372,3657
8373,3141
8374,3415
8375,3312
8376,3777
8377,3731
8378,3654
8379,2554
8380,4036
8381,3810
8382,2147
8383,3721
8384,3443
8385,2543
8386,3241
8387,3607
8388,2791
8389,3716
8390,3521
8391,3112
8392,3724
8393,3520
8394,3309
8395,3364
8396,4550
8397,3920
8398,3545
8399,2869
8400,3219
8401,4203
8402,3067
8403,3754
8404,3770
8405,3747
8406,3489
8407,4005
8408,4316
8409,3243
8410,3530
8411,3236
8412,3982
8413,4225
8414,3723
8415,3596
8416,3468
8417,3438
8418,3829
8419,3870
8420,3489
8421,4014
8422,4213
8423,3244
8424,3862
8425,3227
8426,3697
8427,3820
8428,4290
8429,2944
8430,3904
8431,3677
8432,2816
8433,3596
8434,3394
8435,2551
8436,3342
8437,3886
8438,3537
8439,3011
8440,3109
8441,4072
8442,3448
8443,3970
8444,3471
8445,3156
8446,3906
8447,3654
8448,3361
8449,3994
8450,4857
8451,4202
8452,2496
8453,3957
8454,3614
8455,3434
8456,3200
8457,4247
8458,3296
8459,3999
8460,3908
8461,2870
8462,3508
8463,3804
8464,3639
8465,3968
8466,3137
8467,3846
8468,3149
8469,4030
8470,3435
8471,3812
8472,3617
8473,5187
8474,2996
8475,4092
8476,3120
8477,3456
8478,3873
8479,3899
8480,3250
8481,3862
8482,3747
8483,4420
8484,4757
8485,3900
8486,3412
8487,3255
8488,3811
8489,3498
8490,4701
8491,3624
8492,2897
8493,3620
8494,2791
8495,4072
8496,3157
8497,3687
8498,3131
8499,4335
8500,3446
8501,4021
8502,3051
8503,3647
8504,4328
8505,3816
8506,4131
8507,3670
8508,3435
8509,3298
8510,3825
8511,3151
8512,3448
8513,3333
8514,3658
8515,3755
8516,3601
8517,3542
8518,3848
8519,4531
8520,3867
8521,3980
8522,5342
8523,4083
8524,3791
8525,3150
8526,3268
8527,4140
8528,2712
8529,3135
8530,3589
8531,2263
8532,3564
8533,3849
8534,4006
8535,3896
8536,4021
8537,4069
8538,3347
8539,4281
8540,3875
8541,4487
8542,3321
8543,3980
8544,3376
8545,3166
8546,3676
8547,3931
8548,3579
8549,3896
8550,4063
8551,3274
8552,3711
8553,4663
8554,4005
8555,3753
8556,3583
8557,3505
8558,3927
8559,4212
8560,2864
8561,3943
8562,3067
8563,3883
8564,3846
8565,2703
8566,4270
8567,2969
8568,3320
8569,3977
8570,3876
8571,4349
8572,3761
8573,3495
8574,3186
8575,3392
8576,4081
8577,1965
8578,3549
8579,3984
8580,3723
8581,3518
8582,3896
8583,3056
8584,4050
8585,3774
8586,4168
8587,3596
8588,3333
8589,4606
8590,3765
8591,3925
8592,3311
8593,2791
8594,2656
8595,4074
8596,3213
8597,3579
8598,3754
8599,2907
8600,2416
8601,3743
8602,3954
8603,3468
8604,2750
8605,3694
8606,3828
8607,4049
8608,3542
8609,2149
8610,4050
8611,3728
8612,4307
8613,3438
8614,3402
8615,3712
8616,2753
8617,3277
8618,3194
8619,3443
8620,3913
8621,3289
8622,3682
8623,3304
8624,3499
8625,2355
8626,3648
8627,3351
8628,3963
8629,4154
8630,3789
8631,3704
8632,3095
8633,-1
8634,2904
8635,3269
8636,3670
8637,-1
8638,3447
8639,2994
8640,3768
8641,4302
8642,3317
8643,3042
8644,4065
8645,3699
8646,3747
8647,3696
8648,4628
8649,3217
8650,3701
8651,4133
8652,4045
8653,3718
8654,4273
8655,3177
8656,3385
8657,2961
8658,3049
8659,4011
8660,-1
8661,3686
8662,3647
8663,2823
8664,3710
8665,4166
8666,3068
8667,3118
8668,3247
8669,4671
8670,3552
8671,4356
8672,3193
8673,3021
8674,3025
8675,3569
8676,2950
8677,3769
8678,3203
8679,2926
8680,3580
8681,4075
8682,3810
8683,3919
8684,4020
8685,3743
8686,3224
8687,-1
8688,3802
8689,3086
8690,2908
8691,4322
8692,3595
8693,3964
8694,3730
8695,3287
8696,3326
8697,3207
8698,3766
8699,3804
8700,4476
8701,4157
8702,3288
8703,2990
8704,3594
8705,3386
8706,3987
8707,3072
8708,4066
8709,3791
8710,3679
8711,3391
8712,3977
8713,3932
8714,3525
8715,4347
8716,4209
8717,2984
8718,4143
8719,3267
8720,4159
8721,3109
8722,3411
8723,3156
8724,3035
8725,3282
8726,4021
8727,3626
8728,2859
8729,3296
8730,3672
8731,3353
8732,2804
8733,2945
8734,4247
8735,4250
8736,3464
8737,3574
8738,3719
8739,3973
8740,2904
8741,3668
8742,3467
8743,3986
8744,3230
8745,3318
8746,3594
8747,3803
8748,3421
8749,3327
8750,3438
8751,4516
8752,3344
8753,2975
8754,4675
8755,3870
8756,4020
8757,3576
8758,3616
8759,4044
8760,3407
8761,4362
8762,3629
8763,3230
8764,2829
8765,3709
8766,4387
8767,3668
8768,3744
8769,3156
8770,3942
8771,3816
8772,3440
8773,3766
8774,3599
8775,3641
8776,3393
8777,3595
8778,3408
8779,2409
8780,2875
8781,3800
8782,3800
8783,4036
8784,3856
8785,3963
8786,3483
8787,3902
8788,4227
8789,3722
8790,3321
8791,4107
8792,4147
8793,2983
8794,3772
8795,3654
8796,3252
8797,2936
8798,3705
8799,3808
8800,4319
8801,3077
8802,3216
8803,4048
8804,3345
8805,3508
8806,3242
8807,3811
8808,3633
8809,2814
8810,3685
8811,3174
8812,3658
8813,3448
8814,3419
8815,2888
8816,3511
8817,4316
8818,3766
8819,3645
8820,3864
8821,3556
8822,3486
8823,3599
8824,4091
8825,3776
8826,3314
8827,3523
8828,3787
8829,3225
8830,3293
8831,3234
8832,3881
8833,3740
8834,3212
8835,2383
8836,3540
8837,3279
8838,3571
8839,-1
8840,3669
8841,3187
8842,3638
8843,3320
8844,3425
8845,3849
8846,3851
8847,3648
8848,3504
8849,3613
8850,3287
8851,3639
8852,3869
8853,3746
8854,3778
8855,4223
8856,3507
8857,-1
8858,4749
8859,3651
8860,3132
8861,3167
8862,3161
8863,3685
8864,4449
8865,3326
8866,3553
8867,4070
8868,3906
8869,3622
8870,3505
8871,3398
8872,3484
8873,2866
8874,3595
8875,3800
8876,3954
8877,4408
8878,3824
8879,2143
8880,2802
8881,2554
8882,3948
8883,3250
8884,3391
8885,3580
8886,3143
8887,3683
8888,4474
8889,3786
8890,3270
8891,3366
8892,3375
8893,3800
8894,3597
8895,2905
8896,4063
8897,3607
8898,3761
8899,3432
8900,3719
8901,3915
8902,3839
8903,3749
8904,3884
8905,3604
8906,3589
8907,4026
8908,2676
8909,4056
8910,3736
8911,3340
8912,3599
8913,4121
8914,3486
8915,3740
8916,3483
8917,3413
8918,3481
8919,2678
8920,3428
8921,3082
8922,3563
8923,4126
8924,2774
8925,3861
8926,3710
8927,3125
8928,-1
8929,2767
8930,3608
8931,3388
8932,3318
8933,3847
8934,3300
8935,3352
8936,3539
8937,3724
8938,3126
8939,3968
8940,3143
8941,3545
8942,3443
8943,3443
8944,3559
8945,3375
8946,3582
8947,3368
8948,3804
8949,3353
8950,3692
8951,-1
8952,4387
8953,3391
8954,3295
8955,3540
8956,3498
8957,3486
8958,3701
8959,3552
8960,-1
8961,3401
8962,3964
8963,3390
8964,4430
8965,3889
8966,3996
8967,4425
8968,4163
8969,4320
8970,3641
8971,3163
8972,3163
8973,3153
8974,3083
8975,3839
8976,3639
8977,3180
8978,3292
8979,3499
8980,4383
8981,3710
8982,3695
8983,3300
8984,3580
8985,3868
8986,3378
8987,3718
8988,3733
8989,3181
8990,3782
8991,3434
8992,3507
8993,3695
8994,-1
8995,2278
8996,3908
8997,3295
8998,4224
8999,3668
9000,2891
9001,2730
9002,3755
9003,3698
9004,4021
9005,3451
9006,3420
9007,2918
9008,3112
9009,3622
9010,3756
9011,2939
9012,3204
9013,3542
9014,4054
9015,4517
9016,3868
9017,3813
9018,4503
9019,3715
9020,3163
9021,3801
9022,3413
9023,3717
9024,2995
9025,3616
9026,3573
9027,3980
9028,3576
9029,2938
9030,3518
9031,2980
9032,3509
9033,3745
9034,3700
9035,2445
9036,3393
9037,3597
9038,3415
9039,3950
9040,3783
9041,3642
9042,3011
9043,2734
9044,3827
9045,3911
9046,4076
9047,3351
9048,3203
9049,3209
9050,3340
9051,3543
9052,2782
9053,3530
9054,-1
9055,3668
9056,3775
9057,3457
9058,3896
9059,3522
9060,3774
9061,4356
9062,3913
9063,3934
9064,3916
9065,3439
9066,3401
9067,4036
9068,4537
9069,2847
9070,4001
9071,3466
9072,3028
9073,3129
9074,2410
9075,3312
9076,4230
9077,3679
9078,3383
9079,3393
9080,3771
9081,3431
9082,4075
9083,3289
9084,3633
9085,3269
9086,4331
9087,4063
9088,3294
9089,3791
9090,3693
9091,2959
9092,4155
9093,3948
9094,3624
9095,2131
9096,2339
9097,3974
9098,2634
9099,3547
9100,3560
9101,3143
9102,2906
9103,3562
9104,2808
9105,2441
9106,3675
9107,3784
9108,3413
9109,4643
9110,3235
9111,3303
9112,3506
9113,3982
9114,2803
9115,4011
9116,2621
9117,3321
9118,3887
9119,3936
9120,3969
9121,3786
9122,4473
9123,3426
9124,4161
9125,4507
9126,3872
9127,3018
9128,3816
9129,3591
9130,3066
9131,3438
9132,5125
9133,2765
9134,3377
9135,-1
9136,2882
9137,3823
9138,3859
9139,3290
9140,4098
9141,4025
9142,3323
9143,2939
9144,3439
9145,3956
9146,4274
9147,3867
9148,3532
9149,3058
9150,3556
9151,3982
9152,2773
9153,3767
9154,3696
9155,3280
9156,3879
9157,3914
9158,3218
9159,2673
9160,3817
9161,3577
9162,3364
9163,3970
9164,3558
9165,4142
9166,3937
9167,3225
9168,2502
9169,3330
9170,3957
9171,2937
9172,3321
9173,3900
9174,3550
9175,3562
9176,4315
9177,3220
9178,3426
9179,3424
9180,3168
9181,3463
9182,3915
9183,4070
9184,3351
9185,3722
9186,3367
9187,3436
9188,3758
9189,3570
9190,3537
9191,4075
9192,3979
9193,3678
9194,3801
9195,3533
9196,4019
9197,3479
9198,3534
9199,3135
9200,3732
9201,3656
9202,4279
9203,3007
9204,2514
9205,3738
9206,3623
9207,3423
9208,3179
9209,3370
9210,3964
9211,3420
9212,3799
9213,3331
9214,3403
9215,3417
9216,3664
9217,3986
9218,3752
9219,3179
9220,3922
9221,3198
9222,2976
9223,2703
9224,3608
9225,3965
9226,4239
9227,3616
9228,3785
9229,3272
9230,3455
9231,3431
9232,3674
9233,3589
9234,3062
9235,4113
9236,3442
9237,-1
9238,3244
9239,3176
9240,3236
9241,3829
9242,4031
9243,4070
9244,3559
9245,3268
9246,4157
9247,3755
9248,3244
9249,4300
9250,3063
9251,3365
9252,3386
9253,-1
9254,3614
9255,3952
9256,3975
9257,3451
9258,3657
9259,3893
9260,3348
9261,-1
9262,3639
9263,3006
9264,3397
9265,3359
9266,4025
9267,4279
9268,3781
9269,3758
9270,3904
9271,3587
9272,3413
9273,3442
9274,3404
9275,3393
9276,3678
9277,3969
9278,3010
9279,2617
9280,3439
9281,4379
9282,5263
9283,2939
9284,3028
9285,4366
9286,3442
9287,4523
9288,4158
9289,4548
9290,3807
9291,4056
9292,3192
9293,3780
9294,3884
9295,4340
9296,4013
9297,2940
9298,3638
9299,3776
9300,4066
9301,3466
9302,3517
9303,3484
9304,2570
9305,3963
9306,3780
9307,4230
9308,3074
9309,3742
9310,3457
9311,3701
9312,4422
9313,3500
9314,3797
9315,3783
9316,3595
9317,3273
9318,2261
9319,3490
9320,3468
9321,3827
9322,3215
9323,3559
9324,4172
9325,4105
9326,3593
9327,3620
9328,3090
9329,3193
9330,3663
9331,3853
9332,3391
9333,3552
9334,3665
9335,3678
9336,3357
9337,3547
9338,3918
9339,3740
9340,3489
9341,3796
9342,4460
9343,3366
9344,3726
9345,3006
9346,3695
9347,2247
9348,3212
9349,2639
9350,3580
9351,3964
9352,2867
9353,3201
9354,3218
9355,4103
9356,4527
9357,3543
9358,4011
9359,4482
9360,4149
9361,3234
9362,3733
9363,3435
9364,3398
9365,3254
9366,2974
9367,3610
9368,3471
9369,3516
9370,3469
9371,3258
9372,2991
9373,4511
9374,4018
9375,4046
9376,3876
9377,3543
9378,3668
9379,3505
9380,4070
9381,3434
9382,3244
9383,5100
9384,3455
9385,4021
9386,3779
9387,3296
9388,4302
9389,2370
9390,4455
9391,3655
9392,3284
9393,5245
9394,3357
9395,3483
9396,3626
9397,3777
9398,4619
9399,3772
9400,2931
9401,2934
9402,3361
9403,3662
9404,3460
9405,3297
9406,5437
9407,3086
9408,4336
9409,3950
9410,3372
9411,3449
9412,3719
9413,3545
9414,3502
9415,3640
9416,4303
9417,3805
9418,3705
9419,3696
9420,4247
9421,3087
9422,3038
9423,3889
9424,3060
9425,3876
9426,4312
9427,3416
9428,3661
9429,3762
9430,4024
9431,3387
9432,4177
9433,2802
9434,3982
9435,3218
9436,3689
9437,4547
9438,4079
9439,4279
9440,3237
9441,3539
9442,3467
9443,3110
9444,3848
9445,4354
9446,3653
9447,3648
9448,2982
9449,3990
9450,3900
9451,3447
9452,1991
9453,3056
9454,3405
9455,3175
9456,3694
9457,2934
9458,3585
9459,3362
9460,4581
9461,3931
9462,3607
9463,4250
9464,3359
9465,3585
9466,-1
9467,3147
9468,3879
9469,3374
9470,3391
9471,3382
9472,4525
9473,3345
9474,4509
9475,3493
9476,3232
9477,3965
9478,3758
9479,3089
9480,3829
9481,3679
9482,3303
9483,4076
9484,3529
9485,3302
9486,3834
9487,3864
9488,3554
9489,3338
9490,3418
9491,3502
9492,4491
9493,2903
9494,3635
9495,2844
9496,4058
9497,4045
9498,3170
9499,3061
9500,3230
9501,2785
9502,3341
9503,3199
9504,3505
9505,3778
9506,3852
9507,3160
9508,4380
9509,4082
9510,3654
9511,3388
9512,3185
9513,3062
9514,4393
9515,4165
9516,3183
9517,4128
9518,3414
9519,3640
9520,3802
9521,2319
9522,3970
9523,3963
9524,3933
9525,3830
9526,3690
9527,3095
9528,3033
9529,3593
9530,3797
9531,3117
9532,3600
9533,3444
9534,3850
9535,3863
9536,3395
9537,4090
9538,3987
9539,3249
9540,3952
9541,2995
9542,3119
9543,4018
9544,3040
9545,4065
9546,4454
9547,3394
9548,3588
9549,3505
9550,3934
9551,3183
9552,3665
9553,3265
9554,4547
9555,3828
9556,3160
9557,3879
9558,3124
9559,3735
9560,3929
9561,2514
9562,2249
9563,3476
9564,2802
9565,3100
9566,-1
9567,3727
9568,3483
9569,3313
9570,3661
9571,3868
9572,3738
9573,3864
9574,4047
9575,3542
9576,3152
9577,3863
9578,5056
9579,3490
9580,3714
9581,3263
9582,3721
9583,3778
9584,3659
9585,3416
9586,4038
9587,3977
9588,3845
9589,2935
9590,3571
9591,4098
9592,2738
9593,3826
9594,2621
9595,3462
9596,3500
9597,4030
9598,3905
9599,3593
9600,-1
9601,3816
9602,3580
9603,3434
9604,4066
9605,3668
9606,3669
9607,3476
9608,3851
9609,3659
9610,3809
9611,3471
9612,3693
9613,3485
9614,3439
9615,3112
9616,3519
9617,3284
9618,3459
9619,4371
9620,3049
9621,3076
9622,3051
9623,4264
9624,3435
9625,3636
9626,4119
9627,3800
9628,3442
9629,4038
9630,3243
9631,3568
9632,3901
9633,3946
9634,3367
9635,3107
9636,3754
9637,3919
9638,3263
9639,4124
9640,3658
9641,3606
9642,3345
9643,3683
9644,3521
9645,3777
9646,3792
9647,3349
9648,3860
9649,3238
9650,2380
9651,3896
9652,3581
9653,3474
9654,3577
9655,3576
9656,3659
9657,3248
9658,3842
9659,4082
9660,4311
9661,2818
9662,3700
9663,4355
9664,3551
9665,3868
9666,3701
9667,3553
9668,3288
9669,3813
9670,3697
9671,3907
9672,4280
9673,3572
9674,4704
9675,3603
9676,4045
9677,4274
9678,3807
9679,3413
9680,3479
9681,3821
9682,3117
9683,3194
9684,4151
9685,3888
9686,3576
9687,3939
9688,2933
9689,4011
9690,3500
9691,3131
9692,3492
9693,3053
9694,4397
9695,3839
9696,2837
9697,3071
9698,4082
9699,2630
9700,3507
9701,4042
9702,4581
9703,4247
9704,-1
9705,3036
9706,3623
9707,-1
9708,3107
9709,4473
9710,4175
9711,4108
9712,3427
9713,3150
9714,4508
9715,3679
9716,3380
9717,4646
9718,-1
9719,3684
9720,3787
9721,3816
9722,4960
9723,3018
9724,3452
9725,4435
9726,3652
9727,4412
9728,3478
9729,3371
9730,3824
9731,3752
9732,4170
9733,3657
9734,3461
9735,4079
9736,3600
9737,3378
9738,2962
9739,3529
9740,3801
9741,3596
9742,4203
9743,3048
9744,3338
9745,2819
9746,3304
9747,3475
9748,3046
9749,3546
9750,3796
9751,4148
9752,2395
9753,3954
9754,3351
9755,2969
9756,3580
9757,3077
9758,3628
9759,3714
9760,3162
9761,3525
9762,3339
9763,3842
9764,3525
9765,3651
9766,3488
9767,3509
9768,3737
9769,3753
9770,3294
9771,3692
9772,4299
9773,4278
9774,3004
9775,4002
9776,4596
9777,3494
9778,3690
9779,3482
9780,3047
9781,2773
9782,3473
9783,4236
9784,3719
9785,3793
9786,3659
9787,3285
9788,3396
9789,3556
9790,3689
9791,4308
9792,2807
9793,3771
9794,2929
9795,3909
9796,3439
9797,2808
9798,4630
9799,3882
9800,3187
9801,3870
9802,4047
9803,4401
9804,3297
9805,3593
9806,3495
9807,3567
9808,3304
9809,3220
9810,4204
9811,4034
9812,2964
9813,4031
9814,3762
9815,3722
9816,3478
9817,2909
9818,3792
9819,3814
9820,4363
9821,3498
9822,3377
9823,3879
9824,4249
9825,3391
9826,3371
9827,3564
9828,2928
9829,3451
9830,3245
9831,4050
9832,3630
9833,3549
9834,3884
9835,3713
9836,4181
9837,3608
9838,3054
9839,2731
9840,3422
9841,3500
9842,3862
9843,3409
9844,3710
9845,3695
9846,3443
9847,2566
9848,3469
9849,4299
9850,4141
9851,4215
9852,-1
9853,3162
9854,4079
9855,3228
9856,3995
9857,3319
9858,3903
9859,3480
9860,3240
9861,3754
9862,3143
9863,3465
9864,3518
9865,2826
9866,3250
9867,3622
9868,3311
9869,3542
9870,3907
9871,3841
9872,3588
9873,3757
9874,3018
9875,3385
9876,3395
9877,3494
9878,3806
9879,3442
9880,3039
9881,5296
9882,3502
9883,3645
9884,3082
9885,3743
9886,3401
9887,3998
9888,3698
9889,5188
9890,3704
9891,3869
9892,3690
9893,3990
9894,-1
9895,4025
9896,-1
9897,3554
9898,3628
9899,3433
9900,3943
9901,3229
9902,3565
9903,3968
9904,3389
9905,3522
9906,3480
9907,2966
9908,3389
9909,4930
9910,3950
9911,3956
9912,2952
9913,3422
9914,4044
9915,3874
9916,4655
9917,3444
9918,3800
9919,3593
9920,3720
9921,3502
9922,3028
9923,3346
9924,3798
9925,3822
9926,3314
9927,3794
9928,3917
9929,3303
9930,2642
9931,3469
9932,3032
9933,3239
9934,3538
9935,3924
9936,3826
9937,-1
9938,3653
9939,3526
9940,3477
9941,3712
9942,3188
9943,2913
9944,3238
9945,3725
9946,4221
9947,3420
9948,3517
9949,3248
9950,3682
9951,3161
9952,4261
9953,3542
9954,3388
9955,3548
9956,3462
9957,3834
9958,3693
9959,3586
9960,3102
9961,3114
9962,3557
9963,3738
9964,-1
9965,3392
9966,3682
9967,4103
9968,2767
9969,4245
9970,3701
9971,3828
9972,3712
9973,3069
9974,3533
9975,3463
9976,3851
9977,3836
9978,1944
9979,3023
9980,4252
9981,3724
9982,3371
9983,3153
9984,4394
9985,3965
9986,3428
9987,3905
9988,3778
9989,3761
9990,3215
9991,3542
9992,4384
9993,3652
9994,3894
9995,3919
9996,4501
9997,4036
9998,4230
9999,4581
10000,3872
10001,4239
10002,3507
10003,3733
10004,3989
10005,4011
10006,3369
10007,3535
10008,3076
10009,3514
10010,3765
10011,3986
10012,4047
10013,2469
10014,3769
10015,3325
10016,3774
10017,3429
10018,3826
10019,4118
10020,3738
10021,3835
10022,3946
10023,3483
10024,2890
10025,3361
10026,-1
10027,3370
10028,3603
10029,3225
10030,3193
10031,3974
10032,-1
10033,3522
10034,-1
10035,2437
10036,3748
10037,4057
10038,3595
10039,3146
10040,4335
10041,3380
10042,4142
10043,3511
10044,3492
10045,3128
10046,3244
10047,3489
10048,3924
10049,3863
10050,3112
10051,3858
10052,2859
10053,3856
10054,4295
10055,3560
10056,3852
10057,3642
10058,3325
10059,3976
10060,4717
10061,4429
10062,3375
10063,3882
10064,4079
10065,2902
10066,3921
10067,3536
10068,4221
10069,3772
10070,3630
10071,3980
10072,3721
10073,3430
10074,3794
10075,3662
10076,4141
10077,3853
10078,3736
10079,2861
10080,4073
10081,3555
10082,3760
10083,3556
10084,2733
10085,4259
10086,3618
10087,3520
10088,3419
10089,3689
10090,3462
10091,4173
10092,3765
10093,3606
10094,3373
10095,3807
10096,2479
10097,2803
10098,2849
10099,3319
10100,3994
10101,3788
10102,3878
10103,3621
10104,3751
10105,3292
10106,3708
10107,3776
10108,3181
10109,4008
10110,3005
10111,3334
10112,3563
10113,3740
10114,3519
10115,3556
10116,3650
10117,3459
10118,3795
10119,3819
10120,3178
10121,3249
10122,2521
10123,3292
10124,2753
10125,4323
10126,4799
10127,3712
10128,2782
10129,3110
10130,3525
10131,3249
10132,4629
10133,3124
10134,3821
10135,3425
10136,3710
10137,3460
10138,3332
10139,3409
10140,3705
10141,4237
10142,3307
10143,3645
10144,3465
10145,3888
10146,3632
10147,2650
10148,4563
10149,2874
10150,2959
10151,3576
10152,3438
10153,3404
10154,2963
10155,3871
10156,3594
10157,3477
10158,4114
10159,4166
10160,4033
10161,3872
10162,3661
10163,3165
10164,3501
10165,3825
10166,3576
10167,3727
10168,3447
10169,4168
10170,3212
10171,3383
10172,3588
10173,3672
10174,3565
10175,3334
10176,3363
10177,3232
10178,3180
10179,3609
10180,2903
10181,3399
10182,3096
10183,3327
10184,3691
10185,3820
10186,3942
10187,3755
10188,3240
10189,3576
10190,3858
10191,3189
10192,3698
10193,2758
10194,3592
10195,3459
10196,3755
10197,3319
10198,4292
10199,3991
10200,3629
10201,3235
10202,3353
10203,4069
10204,3623
10205,3687
10206,3919
10207,3318
10208,3371
10209,3844
10210,3497
10211,4084
10212,3321
10213,3348
10214,3356
10215,3650
10216,3209
10217,3879
10218,3909
10219,3303
10220,3708
10221,3958
10222,4051
10223,4358
10224,3131
10225,3586
10226,3737
10227,2963
10228,3753
10229,3839
10230,2887
10231,3212
10232,3734
10233,2599
10234,3379
10235,4519
10236,3118
10237,4357
10238,3854
10239,3695
10240,3549
10241,3953
10242,3372
10243,3580
10244,3458
10245,3505
10246,3931
10247,2936
10248,5060
10249,3329
10250,3231
10251,3468
10252,3279
10253,3863
10254,4001
10255,3699
10256,3346
10257,3697
10258,3653
10259,3359
10260,3669
10261,3507
10262,3565
10263,3340
10264,3451
10265,3965
10266,3361
10267,3975
10268,3020
10269,3411
10270,3617
10271,4227
10272,3586
10273,3254
10274,3893
10275,2341
10276,3316
10277,3532
10278,3588
10279,3976
10280,2811
10281,2963
10282,3880
10283,3856
10284,3610
10285,3738
10286,3215
10287,3951
10288,3905
10289,2940
10290,3591
10291,3230
10292,3600
10293,3252
10294,2938
10295,3831
10296,3463
10297,3508
10298,3290
10299,2745
10300,3930
10301,3405
10302,3110
10303,4249
10304,3746
10305,3579
10306,2800
10307,3773
10308,2897
10309,3543
10310,3725
10311,3022
10312,3507
10313,3834
10314,3109
10315,3623
10316,4212
10317,3812
10318,3587
10319,3360
10320,2675
10321,2935
10322,3473
10323,3424
10324,3831
10325,3849
10326,2920
10327,3749
10328,4956
10329,4730
10330,3814
10331,4065
10332,2493
10333,3961
10334,3764
10335,3134
10336,-1
10337,3525
10338,3737
10339,3708
10340,3238
10341,3512
10342,2928
10343,2932
10344,3752
10345,3889
10346,2762
10347,3522
10348,3627
10349,2922
10350,3805
10351,3610
10352,3277
10353,3309
10354,3723
10355,3512
10356,3709
10357,3328
10358,3862
10359,3714
10360,3075
10361,2817
10362,3347
10363,3435
10364,3558
10365,4118
10366,4227
10367,3500
10368,2608
10369,3597
10370,-1
10371,3853
10372,3432
10373,3892
10374,3482
10375,4259
10376,-1
10377,4119
10378,3198
10379,3701
10380,4120
10381,3312
10382,3110
10383,3726
10384,2959
10385,4186
10386,3058
10387,3847
10388,2449
10389,3532
10390,3453
10391,3302
10392,3834
10393,3583
10394,3203
10395,2853
10396,3962
10397,3590
10398,3020
10399,3406
10400,3110
10401,3300
10402,4722
10403,3936
10404,3788
10405,3340
10406,3250
10407,3607
10408,3397
10409,3380
10410,3633
10411,4037
10412,3486
10413,3378
10414,3865
10415,3624
10416,3401
10417,3114
10418,3723
10419,3053
10420,4196
10421,2974
10422,3805
10423,3585
10424,3619
10425,3455
10426,3538
10427,3720
10428,3463
10429,3092
10430,3881
10431,4207
10432,3235
10433,3762
10434,3459
10435,3489
10436,3264
10437,3716
10438,-1
10439,4050
10440,3640
10441,3318
10442,2727
10443,2538
10444,3537
10445,4086
10446,4501
10447,3738
10448,2976
10449,3473
10450,3167
10451,3448
10452,3804
10453,3358
10454,2406
10455,3443
10456,3331
10457,3916
10458,3921
10459,3443
10460,3256
10461,3961
10462,3795
10463,-1
10464,3787
10465,3877
10466,3378
10467,-1
10468,3642
10469,3515
10470,-1
10471,4358
10472,3569
10473,3268
10474,-1
10475,3450
10476,3877
10477,2883
10478,3520
10479,3648
10480,3816
10481,3081
10482,3169
10483,3758
10484,3990
10485,3897
10486,3287
10487,3980
10488,3678
10489,4070
10490,3009
10491,3446
10492,2877
10493,3725
10494,3230
10495,4005
10496,3151
10497,4034
10498,3739
10499,3774
10500,3448
10501,3616
10502,3833
10503,3198
10504,4020
10505,3269
10506,3629
10507,3288
10508,3783
10509,3753
10510,2221
10511,3047
10512,3036
10513,4223
10514,3648
10515,3252
10516,3273
10517,3323
10518,3116
10519,3906
10520,3658
10521,3739
10522,2680
10523,3726
10524,3287
10525,3943
10526,4300
10527,3442
10528,4062
10529,3761
10530,3190
10531,3016
10532,3561
10533,3237
10534,4134
10535,3608
10536,4172
10537,3408
10538,2730
10539,3600
10540,4464
10541,4090
10542,3665
10543,3578
10544,3118
10545,3250
10546,3785
10547,3431
10548,3690
10549,-1
10550,3695
10551,4170
10552,3449
10553,3703
10554,3462
10555,-1
10556,2928
10557,3744
10558,3306
10559,3540
10560,3760
10561,3796
10562,3745
10563,4122
10564,3636
10565,3370
10566,3176
10567,3344
10568,3409
10569,3429
10570,3632
10571,3728
10572,3361
10573,3188
10574,3521
10575,4099
10576,3873
10577,3245
10578,3851
10579,3413
10580,-1
10581,3786
10582,3582
10583,-1
10584,3705
10585,3346
10586,3524
10587,3128
10588,3646
10589,4172
10590,3493
10591,3959
10592,3619
10593,3670
10594,3042
10595,3246
10596,3756
10597,3161
10598,3187
10599,3153
10600,4075
10601,2538
10602,3547
10603,3740
10604,3872
10605,4684
10606,4193
10607,3734
10608,3532
10609,3916
10610,3292
10611,3489
10612,3668
10613,3523
10614,3067
10615,3933
10616,4094
10617,3842
10618,4664
10619,3141
10620,3480
10621,3279
10622,-1
10623,4162
10624,3802
10625,3710
10626,3873
10627,3046
10628,3588
10629,4200
10630,3616
10631,4064
10632,3200
10633,2443
10634,4110
10635,3913
10636,3847
10637,-1
10638,3162
10639,2719
10640,3590
10641,3915
10642,4024
10643,3115
10644,3453
10645,3742
10646,2975
10647,3165
10648,3661
10649,3945
10650,3630
10651,3325
10652,3545
10653,3584
10654,3328
10655,3805
10656,-1
10657,4201
10658,3908
10659,3369
10660,3144
10661,3545
10662,2635
10663,3840
10664,3357
10665,3375
10666,3895
10667,4335
10668,3869
10669,2958
10670,3820
10671,3688
10672,3781
10673,3201
10674,3413
10675,3727
10676,4431
10677,3554
10678,3561
10679,2984
10680,3458
10681,3087
10682,3595
10683,3797
10684,3666
10685,2896
10686,3483
10687,3286
10688,3226
10689,3760
10690,3160
10691,3883
10692,3178
10693,3474
10694,3690
10695,4323
10696,3113
10697,3326
10698,3673
10699,3813
10700,3493
10701,3699
10702,3935
10703,3914
10704,3062
10705,3347
10706,3885
10707,4277
10708,3946
10709,3776
10710,4094
10711,4040
10712,3898
10713,2987
10714,3303
10715,2885
10716,3457
10717,2825
10718,3957
10719,2978
10720,3837
10721,3301
10722,3430
10723,3482
10724,3982
10725,3257
10726,4578
10727,4005
10728,3383
10729,3800
10730,3693
10731,3763
10732,3702
10733,3524
10734,3521
10735,4047
10736,3959
10737,3911
10738,2758
10739,3304
10740,3433
10741,-1
10742,5224
10743,-1
10744,3616
10745,3601
10746,3534
10747,4000
10748,3878
10749,3487
10750,3461
10751,3441
10752,3165
10753,4289
10754,3510
10755,2985
10756,3218
10757,4290
10758,3306
10759,3587
10760,3525
10761,3410
10762,3374
10763,3462
10764,3460
10765,4033
10766,3731
10767,4376
10768,3958
10769,3848
10770,4089
10771,3802
10772,3278
10773,3771
10774,2764
10775,3826
10776,4474
10777,3876
10778,3741
10779,2755
10780,2763
10781,2914
10782,3692
10783,3762
10784,3179
10785,2412
10786,3458
10787,2928
10788,3527
10789,-1
10790,3460
10791,2731
10792,3727
10793,4203
10794,3377
10795,3244
10796,4192
10797,2950
10798,3148
10799,3326
10800,4470
10801,3615
10802,3361
10803,3211
10804,3953
10805,3640
10806,4328
10807,3587
10808,3571
10809,2874
10810,4386
10811,3683
10812,3447
10813,4013
10814,3525
10815,-1
10816,3124
10817,3862
10818,3431
10819,3761
10820,3636
10821,2994
10822,3585
10823,3112
10824,3361
10825,3485
10826,3244
10827,3512
10828,3430
10829,3775
10830,3775
10831,3184
10832,3566
10833,3281
10834,4049
10835,3388
10836,3848
10837,3876
10838,3699
10839,4319
10840,3773
10841,3183
10842,3430
10843,3236
10844,3905
10845,4562
10846,4113
10847,2466
10848,4339
10849,4292
10850,3360
10851,2326
10852,3539
10853,3095
10854,3787
10855,3413
10856,3694
10857,3423
10858,3388
10859,3289
10860,2545
10861,4519
10862,4914
10863,4162
10864,3622
10865,3897
10866,3146
10867,3400
10868,3893
10869,2677
10870,4463
10871,3994
10872,4212
10873,3697
10874,4331
10875,3958
10876,3675
10877,3450
10878,4058
10879,3729
10880,2758
10881,3379
10882,3888
10883,-1
10884,3669
10885,3552
10886,4055
10887,3872
10888,4088
10889,3701
10890,3668
10891,2541
10892,3973
10893,3307
10894,3312
10895,3326
10896,3638
10897,3568
10898,4161
10899,4135
10900,3873
10901,4401
10902,4764
10903,4233
10904,3050
10905,4189
10906,3884
10907,3038
10908,2424
10909,3600
10910,3218
10911,3102
10912,3320
10913,3837
10914,3851
10915,3484
10916,3228
10917,3870
10918,3484
10919,3019
10920,4103
10921,4368
10922,-1
10923,3240
10924,2718
10925,3365
10926,2779
10927,3315
10928,3161
10929,3681
10930,3634
10931,3580
10932,3911
10933,3067
10934,3325
10935,2953
10936,3346
10937,3096
10938,3988
10939,3623
10940,3596
10941,3776
10942,3164
10943,3853
10944,2726
10945,3485
10946,3948
10947,3191
10948,3683
10949,3718
10950,3827
10951,4007
10952,3051
10953,3527
10954,-1
10955,4305
10956,2445
10957,3751
10958,3476
10959,3297
10960,3577
10961,2970
10962,3218
10963,3245
10964,3275
10965,3384
10966,4215
10967,3891
10968,3572
10969,2898
10970,4190
10971,2725
10972,4038
10973,3843
10974,3654
10975,3405
10976,3505
10977,3571
10978,2889
10979,3552
10980,3602
10981,2965
10982,3801
10983,3708
10984,3302
10985,3337
10986,3840
10987,3120
10988,3890
10989,4127
10990,3628
10991,3575
10992,4189
10993,3575
10994,2814
10995,3432
10996,3647
10997,4169
10998,-1
10999,4129
11000,3745
11001,3205
11002,3560
11003,3929
11004,4261
11005,3196
11006,-1
11007,3506
11008,4266
11009,4560
11010,3602
11011,2947
11012,3572
11013,3845
11014,1950
11015,3509
11016,3526
11017,3021
11018,3704
11019,2914
11020,3499
11021,2851
11022,3039
11023,2216
11024,3578
11025,3374
11026,4214
11027,3822
11028,3886
11029,3446
11030,2968
11031,3790
11032,4054
11033,3344
11034,4658
11035,3139
11036,4275
11037,3729
11038,4497
11039,3970
11040,3408
11041,3698
11042,3340
11043,4050
11044,3724
11045,4928
11046,3739
11047,3850
11048,-1
11049,4166
11050,4199
11051,2730
11052,3775
11053,3943
11054,3450
11055,3534
11056,3444
11057,4044
11058,3791
11059,4102
11060,3728
11061,3583
11062,3518
11063,3784
11064,4306
11065,3132
11066,3123
11067,3454
11068,3463
11069,3707
11070,3982
11071,3122
11072,3273
11073,3841
11074,3351
11075,3768
11076,3962
11077,3488
11078,2869
11079,3646
11080,3869
11081,3727
11082,3170
11083,4437
11084,3907
11085,3635
11086,3314
11087,3672
11088,-1
11089,3029
11090,3886
11091,3232
11092,3861
11093,3944
11094,3561
11095,3399
11096,3302
11097,4156
11098,4018
11099,2572
11100,3073
11101,3625
11102,3126
11103,3647
11104,3341
11105,3479
11106,3469
11107,3920
11108,3074
11109,3550
11110,3586
11111,4312
11112,3570
11113,4032
11114,3583
11115,4092
11116,3692
11117,3895
11118,3169
11119,3852
11120,3561
11121,2980
11122,4016
11123,3693
11124,3033
11125,3773
11126,3547
11127,3922
11128,3907
11129,3502
11130,3060
11131,4661
11132,3500
11133,2821
11134,4444
11135,3321
11136,3820
11137,3578
11138,3460
11139,3391
11140,3329
11141,3530
11142,3335
11143,4048
11144,3212
11145,3540
11146,2974
11147,3091
11148,4545
11149,2767
11150,3376
11151,3639
11152,3045
11153,3498
11154,3585
11155,3852
11156,3730
11157,3434
11158,3502
11159,3827
11160,3799
11161,3540
11162,2909
11163,3392
11164,3667
11165,3407
11166,3696
11167,4038
11168,3475
11169,3716
11170,3278
11171,2400
11172,3746
11173,3699
11174,4378
11175,3676
11176,3734
11177,3383
11178,2902
11179,3837
11180,3238
11181,3062
11182,3262
11183,2985
11184,2990
11185,3286
11186,3845
11187,3366
11188,4345
11189,4380
11190,3395
11191,3853
11192,3986
11193,3126
11194,2636
11195,4836
11196,3302
11197,3475
11198,2769
11199,3504
11200,3279
11201,4277
11202,4237
11203,3386
11204,-1
11205,3799
11206,3156
11207,3324
11208,2988
11209,3661
11210,4295
11211,3590
11212,3122
11213,4560
11214,4791
11215,3558
11216,3758
11217,2579
11218,2906
11219,4130
11220,3201
11221,3642
11222,3274
11223,3306
11224,3015
11225,3211
11226,3744
11227,3308
11228,3564
11229,2970
11230,3626
11231,4304
11232,3752
11233,3106
11234,3926
11235,4226
11236,3531
11237,-1
11238,3045
11239,3907
11240,3632
11241,3447
11242,2944
11243,3645
11244,4625
11245,3732
11246,4056
11247,2827
11248,4178
11249,3398
11250,3953
11251,3539
11252,3489
11253,-1
11254,3289
11255,3490
11256,3668
11257,3908
11258,3111
11259,3334
11260,4092
11261,3717
11262,3791
11263,4154
11264,5365
11265,4391
11266,3452
11267,3844
11268,3692
11269,3787
11270,4162
11271,4067
11272,3760
11273,2974
11274,4034
11275,3115
11276,2459
11277,3022
11278,2951
11279,3231
11280,3403
11281,3425
11282,3598
11283,3824
11284,3669
11285,3294
11286,2382
11287,4589
11288,3724
11289,4915
11290,2802
11291,4288
11292,3404
11293,4235
11294,3731
11295,4067
11296,3347
11297,2969
11298,2716
11299,3146
11300,3629
11301,3010
11302,3443
11303,3337
11304,3752
11305,3725
11306,3450
11307,3314
11308,3250
11309,3395
11310,3976
11311,3008
11312,3978
11313,3366
11314,3853
11315,3474
11316,4483
11317,3598
11318,3261
11319,4036
11320,4045
11321,3572
11322,2901
11323,3559
11324,3373
11325,3515
11326,3373
11327,3010
11328,3521
11329,4197
11330,3894
11331,3540
11332,3411
11333,3644
11334,3360
11335,4016
11336,3321
11337,4119
11338,3211
11339,3361
11340,3335
11341,4068
11342,3333
11343,4426
11344,4107
11345,3710
11346,3601
11347,3761
11348,3329
11349,3785
11350,3609
11351,2620
11352,2898
11353,3665
11354,4154
11355,3857
11356,4115
11357,3427
11358,4133
11359,4082
11360,4217
11361,3519
11362,3680
11363,2945
11364,3597
11365,4279
11366,4046
11367,4459
11368,3292
11369,3191
11370,3912
11371,3198
11372,5304
11373,3521
11374,2730
11375,3532
11376,4060
11377,3437
11378,3391
11379,3714
11380,3317
11381,3578
11382,3117
11383,3529
11384,3524
11385,3050
11386,3947
11387,4049
11388,3494
11389,-1
11390,4085
11391,3712
11392,3242
11393,2658
11394,3259
11395,3141
11396,4086
11397,3505
11398,2959
11399,3749
11400,3633
11401,3252
11402,3900
11403,3672
11404,4261
11405,3830
11406,3609
11407,3638
11408,3705
11409,4652
11410,3664
11411,3861
11412,3326
11413,3463
11414,3596
11415,3550
11416,3937
11417,3694
11418,3603
11419,3556
11420,3277
11421,3987
11422,3435
11423,3994
11424,3719
11425,5179
11426,3821
11427,3199
11428,3740
11429,2872
11430,3368
11431,5136
11432,3518
11433,3549
11434,2750
11435,3629
11436,3217
11437,3843
11438,4182
11439,3746
11440,4346
11441,3464
11442,3712
11443,3404
11444,4216
11445,3550
11446,3572
11447,3411
11448,4358
11449,3448
11450,3598
11451,3084
11452,3175
11453,4042
11454,3530
11455,3690
11456,3401
11457,3919
11458,3903
11459,3679
11460,3361
11461,3554
11462,3478
11463,3744
11464,3387
11465,4834
11466,3286
11467,3366
11468,3650
11469,3564
11470,2869
11471,4049
11472,3393
11473,3437
11474,3752
11475,3463
11476,3886
11477,3190
11478,3599
11479,2973
11480,3556
11481,2956
11482,3397
11483,3438
11484,4095
11485,3912
11486,3455
11487,3811
11488,3827
11489,3580
11490,4378
11491,3799
11492,3462
11493,2972
11494,3851
11495,3950
11496,3562
11497,3533
11498,4012
11499,2126
11500,4128
11501,2524
11502,3821
11503,4600
11504,3301
11505,4349
11506,3567
11507,3297
11508,4137
11509,3396
11510,4355
11511,3410
11512,4201
11513,3162
11514,3347
11515,3686
11516,4435
11517,3755
11518,4135
11519,3449
11520,3161
11521,4149
11522,3363
11523,3495
11524,3176
11525,3080
11526,4296
11527,3349
11528,3777
11529,3712
11530,3362
11531,2351
11532,3927
11533,3203
11534,3366
11535,3907
11536,-1
11537,3576
11538,2439
11539,3417
11540,3499
11541,3465
11542,3154
11543,4219
11544,3409
11545,3955
11546,4242
11547,3709
11548,3194
11549,4098
11550,3082
11551,3922
11552,3966
11553,3471
11554,3537
11555,2901
11556,4005
11557,3695
11558,3765
11559,3741
11560,4062
11561,4190
11562,3925
11563,3712
11564,3724
11565,3407
11566,3224
11567,3955
11568,3392
11569,3976
11570,3856
11571,3939
11572,3428
11573,3770
11574,3140
11575,2658
11576,4009
11577,4252
11578,4425
11579,3071
11580,3003
11581,4358
11582,4634
11583,3841
11584,3732
11585,3698
11586,2518
11587,4270
11588,3626
11589,3593
11590,3449
11591,3592
11592,3391
11593,4138
11594,3664
11595,3708
11596,3514
11597,3445
11598,4047
11599,3697
11600,3390
11601,3882
11602,3375
11603,4281
11604,3968
11605,3718
11606,3283
11607,2895
11608,3312
11609,3403
11610,2941
11611,5723
11612,3222
11613,3192
11614,3635
11615,3592
11616,2935
11617,2946
11618,3975
11619,3566
11620,3703
11621,3876
11622,3932
11623,4021
11624,4141
11625,3529
11626,3687
11627,3798
11628,2438
11629,3977
11630,3575
11631,4254
11632,3193
11633,4230
11634,3718
11635,3775
11636,3451
11637,3847
11638,3935
11639,3918
11640,3608
11641,3148
11642,3056
11643,3709
11644,-1
11645,3604
11646,2741
11647,3747
11648,3127
11649,3216
11650,3404
11651,3649
11652,3700
11653,4830
11654,3582
11655,3934
11656,3592
11657,2614
11658,3768
11659,3050
11660,2889
11661,2763
11662,4052
11663,3828
11664,4508
11665,3186
11666,3207
11667,3204
11668,3786
11669,3088
11670,2998
11671,3285
11672,3955
11673,3217
11674,4616
11675,3444
11676,3718
11677,-1
11678,3427
11679,2707
11680,2242
11681,4149
11682,3499
11683,3746
11684,3504
11685,3675
11686,3365
11687,3327
11688,2764
11689,3350
11690,3610
11691,3244
11692,3361
11693,3764
11694,3124
11695,4639
11696,3475
11697,3190
11698,3831
11699,4218
11700,3879
11701,3206
11702,2581
11703,3916
11704,4264
11705,3662
11706,-1
11707,3515
11708,4070
11709,3749
11710,3067
11711,3303
11712,3314
11713,4304
11714,3751
11715,3578
11716,4163
11717,2910
11718,2578
11719,3518
11720,3259
11721,3510
11722,3455
11723,4288
11724,3325
11725,3184
11726,3381
11727,3579
11728,3703
11729,3536
11730,3344
11731,3250
11732,3466
11733,3068
11734,4230
11735,3665
11736,3506
11737,3831
11738,3178
11739,3883
11740,3550
11741,3678
11742,3134
11743,3784
11744,3847
11745,3766
11746,3528
11747,3399
11748,3549
11749,3051
11750,3857
11751,4241
11752,2950
11753,3447
11754,3689
11755,3660
11756,4254
11757,2742
11758,3670
11759,2865
11760,3553
11761,3746
11762,3739
11763,4188
11764,3414
11765,3865
11766,3082
11767,4164
11768,4682
11769,3410
11770,3826
11771,3593
11772,3395
11773,4206
11774,3799
11775,3319
11776,3520
11777,3431
11778,3580
11779,3622
11780,3323
11781,3459
11782,3743
11783,3825
11784,3393
11785,3245
11786,3307
11787,3996
11788,3691
11789,3885
11790,3444
11791,3114
11792,2976
11793,2731
11794,3579
11795,3259
11796,3039
11797,3595
11798,3535
11799,2926
11800,3555
11801,3156
11802,3370
11803,3632
11804,3667
11805,3432
11806,4122
11807,3312
11808,3919
11809,3403
11810,4275
11811,3585
11812,3215
11813,3164
11814,3376
11815,3402
11816,3303
11817,3927
11818,3679
11819,3916
11820,3876
11821,3253
11822,3616
11823,3595
11824,3098
11825,3622
11826,3473
11827,3359
11828,4049
11829,3276
11830,3551
11831,3281
11832,3563
11833,4505
11834,3671
11835,3123
11836,-1
11837,4023
11838,3953
11839,3624
11840,3573
11841,3474
11842,3757
11843,3486
11844,3798
11845,3914
11846,3598
11847,3554
11848,3789
11849,3726
11850,3620
11851,3004
11852,3973
11853,3517
11854,3649
11855,2751
11856,3826
11857,4151
11858,3303
11859,3487
11860,4229
11861,3357
11862,3377
11863,4239
11864,4637
11865,3484
11866,2738
11867,3734
11868,3690
11869,3433
11870,3367
11871,3766
11872,2824
11873,4070
11874,4230
11875,3576
11876,3601
11877,-1
11878,3337
11879,3740
11880,3594
11881,3316
11882,3979
11883,3468
11884,3530
11885,3872
11886,3620
11887,3665
11888,-1
11889,2687
11890,3106
11891,3301
11892,3815
11893,3555
11894,2512
11895,3661
11896,3196
11897,3979
11898,3938
11899,4023
11900,3700
11901,3690
11902,3972
11903,4005
11904,3713
11905,3766
11906,3604
11907,4052
11908,3295
11909,3157
11910,3290
11911,3638
11912,3761
11913,3327
11914,3634
11915,3582
11916,3547
11917,3581
11918,3526
11919,4036
11920,3594
11921,3349
11922,3934
11923,3255
11924,3846
11925,3725
11926,3196
11927,3840
11928,3338
11929,3793
11930,3535
11931,3699
11932,3268
11933,4410
11934,3368
11935,3635
11936,4175
11937,3580
11938,4737
11939,3067
11940,3529
11941,3317
11942,3977
11943,3873
11944,3873
11945,2909
11946,3440
11947,3969
11948,4456
11949,2933
11950,3715
11951,3989
11952,3643
11953,3553
11954,-1
11955,4114
11956,4069
11957,3735
11958,3780
11959,3163
11960,3558
11961,5330
11962,4586
11963,3964
11964,3365
11965,3531
11966,3407
11967,4092
11968,2801
11969,3722
11970,4463
11971,3337
11972,2931
11973,3462
11974,3580
11975,4203
11976,4733
11977,-1
11978,4150
11979,3566
11980,4155
11981,4056
11982,4223
11983,4051
11984,3104
11985,3300
11986,2567
11987,4355
11988,3839
11989,2893
11990,3839
11991,3477
11992,3342
11993,3530
11994,3592
11995,3682
11996,3466
11997,3390
11998,5557
11999,2973
12000,2615
12001,3779
12002,3407
12003,2765
12004,3122
12005,3911
12006,3520
12007,3740
12008,1701
12009,3758
12010,3382
12011,3698
12012,3295
12013,3439
12014,3090
12015,3881
12016,3414
12017,3701
12018,3340
12019,2755
12020,4125
12021,3194
12022,3889
12023,3594
12024,3614
12025,3919
12026,4112
12027,3453
12028,3940
12029,4030
12030,2620
12031,2726
12032,3957
12033,3694
12034,3902
12035,3793
12036,3832
12037,4165
12038,3122
12039,3738
12040,3229
12041,3361
12042,4232
12043,3680
12044,4000
12045,3245
12046,2399
12047,4814
12048,3521
12049,3598
12050,3367
12051,4445
12052,3301
12053,2970
12054,4010
12055,3954
12056,3563
12057,3915
12058,3632
12059,3497
12060,-1
12061,3592
12062,3591
12063,3659
12064,3942
12065,4064
12066,2516
12067,3525
12068,4532
12069,3750
12070,4227
12071,3618
12072,3876
12073,4193
12074,2929
12075,3334
12076,3064
12077,3733
12078,4159
12079,3314
12080,3212
12081,3507
12082,3204
12083,3615
12084,3844
12085,4069
12086,3421
12087,4435
12088,3258
12089,3948
12090,2875
12091,4162
12092,3607
12093,3624
12094,3336
12095,3782
12096,3934
12097,3507
12098,3690
12099,3489
12100,3816
12101,3476
12102,3645
12103,3497
12104,3554
12105,3459
12106,3039
12107,4224
12108,3362
12109,3433
12110,4077
12111,3904
12112,4594
12113,3345
12114,3926
12115,4268
12116,3595
12117,3476
12118,4165
12119,2997
12120,3658
12121,3235
12122,3124
12123,3989
12124,3712
12125,2812
12126,3152
12127,3931
12128,3227
12129,3207
12130,3755
12131,3651
12132,2943
12133,3970
12134,3163
12135,-1
12136,3490
12137,-1
12138,3705
12139,3433
12140,2847
12141,3448
12142,3947
12143,3125
12144,3614
12145,2601
12146,2366
12147,4470
12148,3408
12149,4144
12150,3724
12151,3220
12152,4074
12153,4232
12154,3308
12155,3750
12156,2483
12157,4093
12158,3114
12159,3103
12160,3272
12161,3622
12162,3284
12163,3922
12164,3172
12165,3694
12166,3369
12167,1473
12168,3636
12169,4200
12170,3916
12171,4028
12172,4112
12173,-1
12174,3673
12175,4630
12176,3680
12177,4179
12178,3495
12179,3265
12180,3480
12181,3882
12182,3451
12183,3343
12184,3621
12185,3785
12186,3409
12187,3714
12188,3953
12189,4959
12190,4046
12191,2801
12192,3318
12193,3101
12194,3031
12195,4024
12196,3625
12197,3618
12198,3077
12199,4370
12200,3868
12201,3603
12202,2985
12203,4328
12204,3812
12205,3462
12206,4945
12207,3878
12208,3464
12209,3376
12210,3518
12211,2796
12212,3922
12213,3978
12214,-1
12215,3187
12216,3196
12217,2641
12218,3839
12219,3445
12220,4127
12221,4147
12222,3325
12223,3365
12224,3801
12225,3626
12226,4158
12227,3720
12228,4400
12229,3705
12230,3754
12231,3030
12232,4010
12233,3542
12234,3914
12235,3924
12236,3289
12237,3892
12238,3855
12239,3425
12240,3558
12241,4161
12242,3646
12243,-1
12244,3372
12245,4021
12246,3242
12247,3889
12248,3601
12249,4259
12250,3135
12251,3712
12252,3663
12253,3720
12254,3244
12255,3609
12256,4051
12257,3132
12258,3473
12259,3757
12260,3329
12261,3809
12262,2695
12263,4042
12264,3354
12265,4301
12266,3134
12267,3295
12268,3718
12269,3160
12270,1950
12271,3824
12272,3593
12273,3398
12274,3025
12275,3006
12276,4252
12277,3047
12278,3204
12279,4280
12280,3516
12281,2870
12282,3294
12283,3528
12284,3034
12285,2674
12286,4171
12287,3311
12288,3275
12289,3183
12290,3778
12291,2947
12292,3672
12293,3783
12294,3206
12295,3441
12296,2733
12297,3570
12298,4819
12299,3860
12300,3483
12301,2508
12302,2572
12303,-1
12304,4348
12305,3515
12306,4570
12307,3936
12308,3565
12309,3436
12310,3529
12311,4160
12312,3370
12313,2724
12314,3169
12315,3990
12316,3227
12317,3290
12318,3354
12319,3318
12320,3479
12321,2024
12322,3491
12323,3638
12324,3773
12325,3355
12326,2946
12327,4104
12328,3635
12329,3119
12330,4031
12331,3642
12332,3952
12333,4409
12334,3161
12335,3173
12336,2845
12337,2923
12338,3928
12339,4643
12340,3128
12341,3934
12342,3377
12343,3183
12344,3966
12345,3958
12346,3942
12347,3260
12348,3499
12349,2983
12350,4124
12351,3778
12352,3462
12353,3331
12354,4366
12355,3401
12356,3760
12357,3645
12358,3286
12359,3619
12360,3484
12361,3172
12362,4000
12363,3800
12364,3411
12365,3709
12366,3609
12367,4082
12368,3104
12369,2814
12370,3551
12371,3664
12372,3749
12373,3594
12374,3424
12375,3732
12376,-1
12377,3985
12378,3361
12379,3476
12380,3043
12381,3455
12382,-1
12383,4069
12384,3664
12385,4245
12386,4197
12387,3157
12388,4065
12389,3505
12390,3448
12391,3487
12392,2538
12393,4182
12394,3641
12395,3458
12396,3443
12397,3804
12398,3901
12399,2733
12400,3470
12401,3242
12402,4377
12403,3289
12404,-1
12405,3380
12406,3360
12407,3706
12408,3765
12409,3322
12410,3483
12411,4050
12412,4035
12413,3456
12414,3858
12415,2644
12416,4046
12417,2947
12418,3642
12419,3886
12420,3168
12421,3180
12422,3850
12423,4349
12424,3350
12425,4392
12426,3854
12427,4262
12428,3824
12429,3545
12430,3825
12431,-1
12432,3749
12433,3938
12434,2885
12435,3094
12436,3943
12437,3704
12438,4027
12439,3578
12440,3191
12441,3434
12442,4188
12443,3915
12444,3377
12445,4037
12446,3206
12447,3773
12448,2901
12449,3543
12450,3280
12451,3296
12452,3658
12453,3285
12454,4043
12455,4582
12456,3486
12457,3558
12458,3651
12459,3577
12460,3348
12461,4322
12462,3033
12463,3930
12464,3843
12465,3627
12466,3155
12467,3701
12468,2019
12469,3133
12470,3464
12471,2720
12472,3747
12473,3862
12474,3328
12475,3327
12476,3639
12477,3957
12478,3666
12479,3557
12480,3764
12481,4030
12482,3450
12483,3058
12484,4199
12485,3730
12486,3915
12487,3733
12488,3741
12489,3836
12490,4960
12491,4162
12492,3767
12493,4783
12494,3913
12495,3909
12496,4243
12497,3272
12498,3630
12499,4574
12500,4185
12501,3155
12502,3124
12503,3068
12504,2842
12505,-1
12506,3566
12507,3716
12508,4338
12509,3300
12510,3431
12511,3817
12512,4364
12513,3567
12514,3907
12515,3562
12516,3502
12517,3112
12518,3193
12519,3409
12520,4166
12521,3464
12522,3107
12523,4184
12524,3415
12525,3477
12526,3468
12527,2661
12528,4122
12529,3318
12530,3783
12531,3572
12532,2943
12533,3376
12534,3589
12535,3651
12536,3524
12537,4247
12538,3858
12539,4110
12540,3920
12541,4249
12542,3056
12543,3713
12544,4023
12545,3567
12546,3939
12547,2897
12548,2571
12549,3384
12550,3154
12551,3458
12552,3609
12553,2963
12554,3424
12555,3655
12556,3789
12557,3637
12558,3397
12559,3846
12560,4295
12561,3571
12562,3215
12563,3470
12564,3955
12565,3987
12566,3376
12567,3374
12568,3558
12569,3888
12570,3989
12571,2722
12572,3360
12573,3936
12574,3608
12575,2302
12576,3384
12577,3344
12578,4396
12579,3477
12580,3308
12581,3873
12582,3597
12583,4152
12584,3069
12585,3196
12586,3596
12587,3722
12588,3264
12589,3833
12590,3841
12591,3130
12592,5007
12593,1977
12594,3131
12595,3684
12596,3830
12597,3937
12598,3792
12599,3185
12600,3408
12601,3056
12602,3342
12603,2925
12604,2892
12605,3385
12606,3448
12607,3774
12608,3584
12609,3547
12610,3950
12611,4225
12612,3119
12613,3183
12614,3920
12615,3329
12616,3929
12617,2952
12618,3609
12619,3464
12620,3809
12621,3375
12622,4112
12623,3589
12624,3924
12625,3879
12626,3840
12627,4053
12628,2856
12629,3763
12630,4248
12631,4003
12632,4523
12633,3364
12634,3388
12635,3777
12636,3269
12637,-1
12638,4013
12639,3920
12640,-1
12641,3501
12642,3605
12643,3965
12644,2355
12645,3226
12646,4491
12647,3959
12648,3578
12649,4354
12650,4197
12651,2788
12652,4076
12653,3603
12654,3563
12655,3651
12656,3837
12657,3885
12658,4093
12659,3325
12660,3924
12661,4179
12662,3653
12663,3428
12664,3405
12665,3989
12666,3537
12667,4116
12668,3392
12669,3779
12670,3907
12671,3689
12672,3537
12673,3725
12674,3578
12675,3279
12676,2373
12677,3364
12678,-1
12679,4120
12680,3794
12681,2816
12682,3021
12683,2981
12684,3945
12685,3572
12686,3615
12687,4302
12688,3339
12689,3466
12690,3961
12691,3589
12692,3273
12693,3721
12694,3918
12695,3699
12696,3813
12697,3559
12698,2930
12699,3545
12700,3104
12701,3548
12702,3491
12703,3521
12704,3645
12705,3601
12706,-1
12707,3697
12708,3655
12709,4199
12710,4071
12711,3567
12712,3115
12713,2669
12714,3519
12715,3453
12716,3782
12717,3733
12718,3664
12719,3524
12720,3246
12721,1726
12722,3735
12723,3801
12724,3284
12725,3794
12726,-1
12727,4297
12728,3438
12729,3460
12730,4123
12731,4474
12732,3606
12733,2196
12734,3201
12735,3921
12736,3455
12737,3885
12738,4671
12739,2600
12740,2642
12741,3471
12742,4079
12743,3668
12744,3782
12745,3791
12746,3819
12747,3657
12748,4047
12749,2855
12750,4061
12751,3082
12752,3080
12753,4150
12754,3274
12755,3932
12756,2974
12757,3395
12758,3939
12759,3481
12760,4110
12761,3350
12762,3482
12763,3137
12764,3730
12765,3901
12766,2735
12767,3141
12768,3668
12769,3047
12770,3324
12771,3908
12772,4042
12773,3382
12774,3369
12775,4546
12776,3521
12777,3669
12778,3250
12779,3733
12780,3471
12781,2492
12782,3702
12783,3098
12784,4320
12785,2207
12786,3726
12787,3406
12788,4170
12789,3653
12790,2718
12791,3367
12792,3638
12793,3744
12794,3237
12795,3630
12796,3731
12797,3342
12798,3382
12799,3296
12800,3845
12801,3401
12802,3702
12803,3452
12804,3628
12805,3529
12806,2899
12807,3962
12808,3441
12809,3284
12810,4031
12811,3521
12812,3234
12813,3746
12814,2638
12815,4059
12816,3313
12817,3013
12818,4034
12819,4093
12820,3756
12821,4480
12822,4277
12823,2474
12824,3857
12825,3633
12826,3468
12827,3175
12828,3820
12829,3414
12830,3998
12831,3711
12832,2651
12833,3712
12834,3624
12835,2911
12836,3931
12837,3786
12838,3374
12839,4670
12840,3645
12841,3134
12842,3989
12843,3185
12844,3575
12845,4282
12846,3090
12847,4062
12848,4090
12849,3420
12850,3074
12851,3663
12852,4644
12853,4424
12854,4706
12855,3447
12856,3419
12857,3184
12858,4519
12859,2940
12860,3511
12861,3587
12862,3388
12863,3764
12864,3979
12865,3635
12866,2691
12867,3537
12868,4651
12869,4572
12870,3653
12871,3472
12872,4288
12873,2942
12874,4556
12875,3639
12876,3690
12877,3102
12878,3794
12879,4079
12880,3262
12881,3381
12882,2992
12883,3195
12884,4065
12885,3316
12886,2939
12887,3692
12888,-1
12889,3422
12890,3785
12891,3553
12892,3995
12893,2823
12894,3801
12895,4292
12896,2715
12897,3779
12898,3308
12899,3444
12900,3570
12901,3945
12902,4027
12903,3606
12904,3869
12905,2947
12906,3350
12907,3463
12908,2584
12909,3530
12910,2725
12911,3085
12912,3995
12913,2895
12914,2827
12915,2986
12916,4493
12917,3563
12918,3602
12919,-1
12920,3836
12921,3801
12922,3455
12923,4254
12924,3065
12925,3642
12926,3065
12927,4485
12928,3346
12929,3518
12930,3464
12931,3744
12932,3247
12933,3943
12934,4169
12935,-1
12936,3736
12937,3336
12938,3247
12939,4684
12940,3374
12941,3962
12942,3831
12943,2891
12944,3671
12945,3621
12946,3277
12947,4035
12948,2599
12949,3143
12950,3438
12951,3543
12952,3622
12953,3866
12954,3323
12955,3466
12956,3708
12957,3446
12958,4177
12959,3450
12960,4296
12961,2948
12962,3430
12963,3340
12964,4257
12965,3817
12966,3233
12967,3974
12968,4325
12969,2962
12970,3661
12971,3678
12972,3830
12973,4641
12974,4326
12975,3146
12976,3674
12977,3339
12978,2936
12979,4005
12980,4181
12981,3907
12982,3466
12983,3408
12984,3739
12985,3707
12986,2345
12987,2565
12988,3887
12989,3706
12990,3637
12991,3608
12992,3998
12993,3544
12994,2381
12995,3582
12996,4039
12997,3716
12998,3382
12999,3972
13000,3240
13001,3575
13002,4333
13003,3946
13004,3122
13005,2762
13006,2714
13007,3696
13008,3372
13009,3401
13010,3743
13011,3576
13012,3316
13013,3923
13014,3003
13015,3049
13016,1960
13017,3841
13018,4237
13019,2620
13020,3626
13021,3422
13022,2702
13023,3288
13024,3790
13025,3764
13026,3253
13027,3764
13028,3654
13029,3969
13030,3201
13031,3197
13032,3601
13033,2964
13034,3204
13035,3754
13036,3330
13037,3562
13038,3633
13039,3940
13040,3813
13041,3501
13042,3906
13043,3352
13044,3634
13045,2985
13046,4302
13047,3580
13048,2922
13049,4395
13050,4808
13051,3051
13052,4414
13053,4997
13054,3209
13055,4050
13056,3345
13057,3610
13058,3695
13059,3805
13060,3686
13061,3679
13062,4038
13063,4046
13064,3818
13065,3299
13066,4246
13067,3850
13068,4081
13069,3674
13070,3676
13071,3172
13072,3252
13073,3198
13074,3472
13075,3457
13076,3545
13077,3847
13078,4090
13079,4184
13080,3992
13081,-1
13082,3362
13083,3377
13084,3445
13085,4050
13086,3325
13087,3739
13088,3863
13089,3915
13090,2938
13091,3973
13092,3351
13093,3172
13094,3980
13095,3911
13096,4202
13097,3109
13098,3723
13099,3028
13100,3022
13101,-1
13102,4134
13103,3063
13104,3677
13105,2866
13106,3616
13107,3830
13108,4400
13109,3543
13110,3398
13111,3739
13112,3642
13113,3774
13114,3694
13115,3800
13116,3150
13117,3296
13118,3474
13119,3253
13120,4138
13121,3637
13122,3828
13123,4066
13124,3023
13125,3833
13126,3750
13127,3893
13128,4445
13129,3155
13130,4086
13131,3670
13132,3164
13133,3438
13134,3110
13135,3681
13136,4008
13137,2045
13138,3677
13139,4502
13140,3256
13141,3416
13142,3208
13143,2998
13144,4032
13145,3762
13146,3910
13147,3868
13148,3420
13149,3002
13150,3674
13151,3605
13152,4322
13153,3706
13154,2475
13155,3792
13156,4383
13157,4017
13158,3222
13159,4250
13160,3422
13161,4316
13162,3769
13163,3560
13164,3647
13165,3965
13166,4309
13167,2972
13168,3832
13169,3359
13170,4280
13171,-1
13172,3665
13173,3705
13174,3692
13175,2550
13176,4026
13177,3488
13178,4138
13179,3553
13180,3860
13181,3714
13182,3705
13183,4369
13184,3844
13185,3700
13186,3832
13187,4180
13188,3124
13189,3543
13190,3900
13191,-1
13192,3116
13193,3466
13194,3335
13195,4128
13196,2911
13197,3374
13198,3554
13199,3133
13200,3652
13201,3813
13202,4227
13203,4204
13204,3732
13205,3069
13206,3313
13207,2818
13208,3862
13209,4129
13210,3323
13211,4071
13212,3706
13213,3518
13214,3674
13215,3174
13216,3305
13217,4249
13218,3332
13219,4407
13220,4499
13221,3172
13222,3615
13223,3536
13224,3360
13225,3622
13226,3284
13227,3174
13228,3785
13229,4121
13230,3561
13231,3148
13232,3064
13233,3433
13234,3544
13235,3621
13236,3224
13237,4103
13238,3843
13239,3290
13240,3702
13241,3349
13242,3148
13243,3743
13244,-1
13245,3851
13246,3130
13247,4436
13248,3624
13249,4142
13250,3360
13251,3604
13252,3262
13253,3802
13254,4309
13255,3402
13256,3966
13257,2921
13258,3390
13259,3708
13260,3211
13261,3679
13262,2989
13263,3845
13264,3116
13265,3992
13266,3242
13267,3320
13268,3820
13269,3924
13270,3689
13271,4070
13272,3622
13273,3373
13274,3616
13275,3129
13276,3717
13277,-1
13278,3560
13279,3634
13280,3650
13281,4368
13282,4253
13283,3459
13284,3366
13285,3114
13286,3436
13287,3307
13288,4158
13289,3550
13290,2565
13291,3069
13292,3913
13293,3407
13294,2922
13295,2804
13296,3559
13297,3754
13298,3352
13299,3769
13300,4699
13301,3864
13302,3277
13303,3189
13304,3440
13305,3676
13306,3890
13307,3177
13308,3568
13309,3271
13310,3753
13311,2939
13312,3594
13313,3527
13314,3684
13315,3622
13316,2463
13317,3141
13318,3859
13319,3431
13320,3218
13321,3026
13322,3373
13323,3526
13324,3509
13325,3868
13326,3503
13327,3908
13328,3455
13329,3702
13330,4145
13331,3048
13332,3378
13333,3623
13334,3816
13335,4313
13336,2996
13337,3663
13338,2257
13339,3447
13340,3396
13341,3331
13342,4041
13343,3819
13344,3567
13345,3467
13346,2237
13347,3618
13348,3261
13349,3412
13350,4062
13351,2542
13352,3922
13353,3840
13354,3763
13355,3330
13356,3323
13357,3428
13358,3374
13359,3514
13360,3266
13361,3678
13362,3722
13363,3756
13364,3635
13365,3833
13366,3970
13367,3422
13368,4119
13369,2811
13370,3069
13371,4162
13372,3547
13373,3980
13374,3645
13375,3631
13376,4104
13377,3940
13378,-1
13379,3691
13380,3488
13381,3746
13382,4271
13383,3921
13384,3931
13385,3729
13386,3575
13387,3761
13388,3944
13389,3197
13390,3554
13391,3199
13392,3494
13393,3798
13394,4607
13395,3367
13396,4012
13397,3613
13398,3466
13399,3857
13400,3857
13401,3279
13402,3368
13403,2905
13404,3930
13405,3811
13406,4514
13407,3356
13408,3711
13409,3164
13410,3190
13411,2468
13412,3500
13413,2782
13414,3603
13415,2139
13416,3646
13417,3266
13418,3570
13419,3966
13420,3414
13421,3417
13422,4077
13423,3350
13424,3165
13425,3820
13426,3112
13427,3664
13428,3215
13429,-1
13430,3632
13431,3059
13432,3532
13433,3766
13434,5049
13435,3661
13436,3612
13437,3609
13438,3499
13439,3496
13440,3454
13441,4215
13442,3467
13443,3887
13444,3419
13445,3728
13446,3843
13447,3661
13448,3720
13449,3099
13450,3217
13451,4290
13452,3046
13453,4548
13454,3967
13455,3689
13456,3919
13457,3643
13458,3493
13459,4353
13460,3792
13461,3590
13462,3778
13463,3726
13464,3835
13465,3414
13466,3592
13467,3807
13468,3535
13469,3453
13470,3981
13471,3515
13472,3457
13473,3995
13474,3601
13475,3761
13476,4151
13477,3985
13478,3593
13479,3997
13480,-1
13481,4080
13482,3699
13483,3764
13484,3729
13485,3766
13486,4445
13487,2607
13488,3362
13489,4051
13490,3599
13491,3409
13492,3012
13493,3441
13494,4169
13495,3523
13496,3648
13497,3476
13498,3500
13499,3811
13500,4173
13501,3738
13502,3079
13503,3329
13504,3522
13505,3809
13506,4240
13507,4057
13508,2847
13509,4612
13510,3113
13511,3531
13512,3101
13513,4570
13514,3328
13515,2914
13516,2995
13517,3368
13518,3622
13519,4011
13520,3718
13521,3449
13522,3745
13523,3499
13524,3599
13525,3230
13526,3416
13527,2563
13528,3353
13529,3950
13530,3831
13531,3558
13532,3400
13533,3009
13534,3834
13535,3617
13536,3501
13537,3984
13538,3912
13539,3203
13540,3662
13541,3387
13542,3812
13543,3440
13544,5249
13545,3188
13546,3412
13547,3724
13548,4015
13549,3092
13550,3029
13551,3606
13552,4314
13553,3191
13554,3708
13555,3339
13556,3560
13557,3092
13558,4454
13559,4007
13560,4119
13561,3661
13562,3769
13563,4310
13564,3277
13565,-1
13566,3581
13567,1877
13568,4343
13569,3167
13570,3154
13571,3233
13572,4018
13573,3222
13574,2791
13575,3679
13576,4175
13577,3526
13578,3864
13579,3146
13580,4151
13581,3013
13582,3246
13583,3532
13584,3527
13585,3308
13586,3296
13587,4238
13588,3275
13589,3565
13590,4000
13591,4024
13592,4606
13593,3507
13594,2429
13595,3693
13596,3859
13597,4920
13598,2876
13599,3281
13600,3550
13601,3948
13602,4074
13603,3245
13604,3181
13605,3897
13606,3530
13607,3877
13608,3744
13609,3855
13610,3717
13611,2950
13612,3919
13613,1955
13614,3445
13615,4344
13616,3572
13617,3531
13618,4447
13619,2820
13620,3965
13621,5274
13622,3471
13623,3559
13624,2861
13625,2971
13626,5767
13627,2796
13628,4295
13629,3677
13630,4122
13631,3129
13632,3798
13633,3146
13634,3251
13635,4496
13636,3686
13637,4122
13638,3161
13639,3579
13640,3138
13641,4139
13642,3484
13643,3888
13644,3844
13645,3911
13646,3845
13647,3443
13648,3627
13649,3853
13650,3919
13651,3134
13652,3397
13653,4278
13654,2634
13655,4236
13656,2358
13657,3543
13658,4075
13659,3565
13660,3766
13661,3522
13662,2989
13663,2832
13664,1735
13665,3958
13666,4149
13667,3709
13668,3468
13669,3476
13670,3709
13671,3732
13672,-1
13673,3390
13674,3189
13675,3790
13676,3669
13677,5197
13678,3389
13679,3330
13680,4290
13681,4415
13682,2083
13683,2823
13684,4121
13685,3256
13686,4021
13687,3509
13688,3454
13689,3954
13690,3724
13691,3813
13692,3541
13693,3753
13694,3408
13695,3411
13696,4222
13697,3462
13698,-1
13699,3087
13700,4325
13701,2716
13702,2882
13703,3243
13704,-1
13705,4306
13706,3988
13707,4191
13708,3914
13709,3283
13710,-1
13711,4789
13712,3963
13713,3438
13714,3418
13715,3365
13716,3527
13717,3448
13718,4022
13719,3832
13720,3608
13721,3840
13722,3430
13723,4097
13724,3974
13725,3595
13726,3897
13727,4177
13728,3837
13729,3368
13730,3096
13731,1983
13732,3393
13733,3095
13734,3862
13735,4910
13736,3612
13737,4270
13738,3641
13739,3579
13740,3910
13741,4122
13742,3573
13743,3714
13744,3946
13745,3600
13746,3652
13747,3384
13748,3744
13749,3191
13750,3928
13751,4085
13752,3983
13753,4280
13754,3445
13755,3573
13756,3607
13757,3682
13758,3293
13759,3480
13760,3457
13761,3421
13762,3912
13763,3644
13764,4467
13765,3396
13766,2993
13767,2769
13768,3698
13769,3458
13770,3392
13771,3883
13772,3499
13773,4018
13774,3756
13775,3362
13776,3376
13777,3445
13778,2630
13779,2931
13780,3028
13781,3279
13782,3120
13783,2135
13784,3690
13785,4288
13786,3443
13787,3846
13788,3476
13789,3985
13790,2621
13791,3808
13792,3656
13793,3241
13794,4394
13795,3513
13796,3425
13797,3228
13798,3674
13799,2827
13800,3675
13801,3651
13802,3927
13803,3626
13804,4181
13805,3239
13806,3391
13807,3067
13808,3637
13809,3319
13810,3248
13811,3209
13812,3189
13813,4124
13814,3484
13815,3365
13816,3444
13817,3466
13818,2977
13819,3615
13820,3362
13821,3853
13822,3302
13823,3304
13824,3594
13825,3754
13826,3775
13827,3931
13828,3668
13829,3628
13830,3857
13831,3461
13832,3766
13833,3750
13834,3415
13835,3527
13836,3733
13837,3546
13838,3889
13839,3800
13840,3822
13841,4262
13842,2762
13843,3950
13844,3036
13845,3593
13846,3315
13847,3292
13848,3987
13849,4045
13850,3166
13851,2423
13852,2319
13853,3786
13854,3109
13855,3236
13856,3839
13857,3362
13858,3657
13859,3481
13860,3841
13861,4759
13862,3152
13863,3659
13864,2702
13865,4084
13866,2336
13867,3469
13868,3826
13869,4102
13870,3253
13871,3569
13872,2759
13873,3230
13874,3236
13875,3657
13876,3838
13877,3537
13878,3429
13879,4409
13880,3478
13881,3818
13882,3108
13883,2988
13884,3189
13885,3565
13886,3174
13887,3343
13888,3541
13889,3617
13890,3379
13891,3092
13892,3604
13893,2926
13894,3552
13895,3392
13896,3944
13897,4055
13898,-1
13899,3982
13900,3859
13901,4189
13902,3015
13903,3545
13904,3892
13905,4641
13906,2490
13907,3935
13908,4012
13909,3485
13910,3624
13911,3547
13912,3511
13913,3308
13914,3826
13915,3926
13916,3691
13917,4037
13918,3045
13919,2792
13920,3213
13921,4056
13922,3579
13923,3580
13924,4446
13925,4077
13926,4222
13927,4173
13928,3778
13929,4159
13930,3318
13931,2819
13932,3952
13933,3882
13934,4341
13935,3497
13936,3266
13937,3875
13938,3606
13939,3771
13940,3814
13941,3818
13942,3637
13943,2550
13944,3460
13945,3269
13946,3809
13947,3364
13948,3276
13949,3075
13950,3049
13951,3779
13952,2964
13953,3187
13954,3790
13955,3818
13956,3517
13957,3596
13958,4171
13959,4073
13960,3875
13961,3654
13962,1911
13963,3639
13964,3123
13965,4073
13966,3722
13967,4245
13968,3604
13969,4181
13970,4223
13971,3727
13972,3671
13973,3389
13974,3235
13975,-1
13976,3422
13977,4760
13978,2630
13979,3850
13980,3974
13981,3217
13982,3636
13983,3614
13984,4297
13985,3986
13986,2667
13987,3603
13988,3070
13989,3408
13990,3487
13991,4196
13992,3571
13993,3842
13994,3711
13995,3411
13996,3709
13997,3993
13998,3391
13999,3991
14000,3881
14001,3973
14002,3637
14003,2695
14004,3464
14005,3643
14006,3410
14007,3547
14008,3456
14009,4576
14010,4456
14011,4314
14012,4162
14013,3990
14014,4643
14015,3633
14016,2927
14017,2788
14018,3168
14019,3686
14020,2960
14021,3579
14022,3744
14023,4253
14024,3580
14025,3493
14026,3107
14027,4475
14028,3443
14029,3150
14030,3869
14031,3746
14032,3690
14033,2777
14034,3327
14035,3336
14036,3514
14037,3720
14038,3737
14039,3529
14040,3716
14041,4005
14042,3506
14043,3811
14044,4295
14045,3420
14046,3229
14047,3336
14048,3334
14049,4080
14050,2980
14051,2989
14052,3913
14053,3719
14054,3632
14055,4539
14056,3942
14057,3162
14058,2925
14059,3531
14060,3400
14061,4414
14062,3855
14063,3866
14064,3644
14065,4128
14066,2960
14067,3623
14068,3285
14069,3492
14070,3805
14071,3404
14072,3916
14073,3386
14074,4168
14075,3618
14076,4263
14077,2893
14078,3444
14079,3317
14080,3564
14081,2862
14082,4509
14083,3339
14084,3548
14085,3707
14086,3557
14087,3228
14088,3287
14089,4049
14090,4134
14091,3276
14092,3423
14093,3756
14094,4047
14095,3500
14096,3473
14097,5939
14098,3947
14099,3626
14100,3595
14101,3445
14102,3810
14103,3724
14104,-1
14105,3560
14106,3164
14107,3274
14108,3365
14109,3853
14110,3510
14111,3162
14112,3258
14113,3710
14114,2953
14115,3666
14116,4008
14117,4734
14118,3461
14119,3019
14120,4322
14121,3650
14122,2484
14123,3904
14124,3843
14125,3208
14126,4558
14127,3488
14128,3380
14129,4216
14130,3763
14131,3305
14132,4383
14133,3669
14134,3587
14135,3779
14136,2978
14137,4048
14138,3527
14139,2325
14140,3575
14141,3790
14142,4814
14143,3718
14144,3784
14145,3425
14146,3587
14147,3399
14148,3656
14149,3332
14150,3420
14151,3648
14152,3548
14153,4127
14154,3377
14155,3845
14156,3099
14157,3821
14158,3368
14159,3342
14160,3349
14161,3586
14162,2597
14163,3664
14164,3697
14165,3518
14166,4622
14167,2794
14168,3436
14169,3202
14170,3844
14171,3112
14172,3842
14173,2268
14174,3213
14175,3802
14176,3514
14177,3275
14178,4023
14179,2977
14180,2977
14181,4167
14182,3332
14183,4370
14184,3970
14185,3682
14186,4157
14187,3574
14188,3176
14189,4098
14190,3772
14191,4175
14192,3485
14193,3874
14194,3848
14195,3292
14196,3425
14197,4507
14198,3828
14199,4718
14200,3660
14201,3948
14202,3002
14203,3079
14204,3278
14205,-1
14206,3438
14207,3438
14208,2822
14209,3785
14210,3248
14211,3963
14212,3400
14213,3468
14214,3338
14215,4313
14216,3781
14217,3789
14218,4106
14219,3926
14220,4424
14221,3323
14222,3653
14223,3457
14224,3535
14225,2681
14226,3532
14227,3107
14228,4489
14229,4047
14230,3282
14231,3964
14232,3902
14233,4091
14234,3085
14235,3720
14236,3691
14237,3781
14238,2960
14239,4236
14240,3480
14241,3959
14242,4219
14243,4353
14244,3248
14245,3138
14246,3491
14247,3307
14248,-1
14249,3535
14250,2957
14251,3584
14252,3021
14253,4054
14254,3311
14255,3519
14256,2632
14257,3877
14258,3268
14259,3362
14260,3864
14261,3944
14262,3337
14263,3899
14264,3637
14265,3561
14266,3538
14267,3468
14268,2521
14269,4229
14270,3260
14271,3749
14272,4377
14273,3570
14274,3259
14275,3712
14276,3366
14277,4056
14278,3858
14279,3250
14280,3508
14281,3842
14282,3632
14283,3763
14284,3204
14285,3741
14286,2617
14287,4126
14288,3371
14289,3623
14290,3562
14291,3048
14292,2689
14293,3804
14294,3561
14295,3209
14296,3307
14297,4171
14298,4848
14299,-1
14300,3368
14301,3573
14302,3976
14303,3723
14304,-1
14305,4197
14306,3482
14307,3419
14308,2584
14309,4379
14310,4106
14311,4048
14312,3880
14313,3729
14314,4090
14315,3119
14316,3197
14317,3895
14318,3481
14319,3676
14320,3586
14321,2941
14322,3167
14323,3565
14324,4165
14325,3288
14326,4153
14327,3836
14328,3751
14329,3999
14330,3778
14331,3788
14332,4604
14333,3066
14334,3702
14335,3633
14336,2766
14337,-1
14338,3627
14339,2546
14340,2656
14341,3663
14342,3854
14343,3763
14344,3355
14345,2530
14346,3717
14347,3059
14348,3547
14349,3384
14350,3461
14351,2804
14352,3446
14353,3936
14354,4558
14355,3791
14356,4168
14357,3623
14358,4079
14359,3857
14360,3316
14361,3640
14362,3080
14363,3817
14364,3943
14365,2867
14366,3129
14367,2801
14368,-1
14369,3599
14370,3566
14371,3634
14372,3617
14373,3719
14374,3224
14375,4643
14376,2976
14377,4025
14378,3675
14379,4464
14380,-1
14381,3432
14382,3155
14383,3095
14384,3896
14385,3902
14386,4201
14387,3414
14388,3786
14389,3476
14390,4055
14391,3272
14392,3964
14393,3368
14394,3719
14395,3863
14396,4017
14397,2384
14398,3594
14399,3413
14400,3980
14401,2456
14402,4072
14403,4495
14404,3135
14405,3332
14406,3014
14407,4320
14408,3441
14409,3732
14410,4113
14411,3446
14412,3550
14413,4047
14414,4069
14415,3178
14416,4177
14417,3991
14418,3165
14419,4071
14420,3402
14421,3493
14422,2883
14423,2863
14424,4231
14425,-1
14426,3907
14427,3134
14428,2888
14429,3504
14430,3988
14431,4300
14432,3678
14433,3492
14434,3465
14435,4265
14436,3662
14437,2680
14438,3821
14439,3454
14440,4080
14441,-1
14442,4252
14443,4428
14444,2845
14445,3049
14446,3188
14447,3812
14448,3687
14449,3902
14450,3114
14451,3623
14452,3602
14453,3273
14454,3126
14455,4364
14456,3182
14457,3754
14458,3572
14459,3611
14460,2890
14461,3307
14462,3543
14463,5228
14464,2863
14465,3814
14466,3340
14467,3648
14468,3257
14469,2898
14470,2812
14471,3823
14472,4179
14473,3473
14474,2772
14475,3896
14476,3708
14477,3957
14478,2834
14479,3246
14480,3781
14481,3740
14482,3385
14483,3495
14484,3387
14485,3528
14486,3543
14487,3695
14488,3262
14489,4062
14490,4230
14491,3426
14492,3854
14493,3555
14494,2683
14495,3650
14496,3474
14497,3967
14498,3745
14499,3818
14500,3254
14501,4813
14502,2931
14503,3010
14504,2874
14505,3607
14506,3206
14507,3960
14508,3331
14509,3388
14510,3857
14511,4564
14512,3552
14513,3462
14514,4688
14515,3705
14516,3513
14517,3906
14518,3352
14519,3453
14520,3775
14521,4028
14522,3754
14523,3308
14524,2961
14525,4625
14526,3263
14527,3330
14528,3714
14529,3919
14530,3747
14531,3011
14532,3871
14533,3707
14534,3392
14535,3803
14536,3760
14537,3377
14538,4176
14539,3599
14540,3330
14541,3421
14542,3552
14543,3347
14544,3651
14545,3142
14546,3573
14547,3622
14548,4366
14549,3129
14550,3103
14551,3603
14552,2925
14553,3217
14554,3874
14555,3661
14556,3374
14557,3682
14558,4097
14559,3409
14560,3872
14561,3690
14562,3658
14563,3297
14564,3659
14565,3790
14566,3543
14567,3625
14568,3505
14569,5576
14570,3324
14571,3145
14572,3331
14573,4283
14574,3349
14575,4087
14576,3634
14577,3884
14578,3989
14579,3687
14580,4239
14581,3579
14582,3306
14583,3734
14584,3554
14585,3619
14586,2907
14587,3526
14588,2795
14589,3835
14590,3654
14591,3322
14592,3706
14593,3361
14594,3365
14595,3424
14596,3704
14597,3514
14598,3667
14599,2873
14600,3482
14601,4017
14602,3511
14603,3496
14604,3426
14605,3584
14606,3946
14607,3479
14608,3205
14609,4254
14610,3223
14611,3531
14612,3639
14613,3097
14614,3283
14615,4046
14616,3143
14617,3901
14618,3465
14619,3336
14620,5013
14621,-1
14622,3845
14623,4177
14624,3887
14625,3397
14626,3499
14627,3136
14628,3378
14629,3444
14630,3997
14631,3558
14632,3894
14633,3683
14634,3499
14635,4860
14636,3870
14637,2464
14638,3309
14639,3462
14640,3520
14641,3444
14642,3483
14643,3700
14644,4491
14645,2959
14646,3655
14647,3923
14648,4170
14649,3369
14650,3977
14651,3531
14652,2985
14653,3189
14654,3575
14655,3300
14656,3404
14657,3697
14658,4610
14659,4876
14660,3417
14661,4675
14662,2901
14663,-1
14664,3186
14665,3624
14666,3879
14667,3577
14668,2786
14669,3842
14670,3822
14671,3415
14672,3574
14673,2830
14674,2378
14675,3067
14676,3139
14677,3642
14678,3305
14679,2851
14680,3696
14681,3960
14682,2919
14683,3395
14684,3710
14685,3499
14686,3736
14687,3344
14688,3502
14689,4756
14690,3641
14691,2864
14692,2488
14693,3509
14694,3317
14695,3791
14696,3530
14697,3596
14698,3662
14699,2807
14700,4373
14701,4151
14702,3684
14703,-1
14704,3020
14705,3423
14706,3736
14707,2586
14708,4086
14709,3715
14710,3134
14711,4143
14712,3928
14713,3754
14714,3442
14715,2857
14716,3709
14717,3363
14718,2829
14719,3794
14720,3605
14721,3348
14722,3556
14723,3509
14724,2837
14725,3350
14726,3970
14727,3929
14728,2985
14729,3503
14730,3758
14731,4305
14732,3211
14733,3554
14734,3467
14735,3731
14736,3745
14737,4267
14738,3437
14739,3763
14740,3786
14741,4399
14742,3765
14743,4002
14744,1958
14745,3800
14746,3062
14747,3801
14748,3815
14749,3326
14750,3854
14751,3734
14752,3468
14753,3767
14754,3543
14755,3839
14756,4380
14757,3389
14758,3409
14759,3733
14760,3748
14761,2906
14762,3590
14763,3332
14764,3068
14765,3575
14766,4013
14767,2827
14768,2939
14769,2906
14770,3270
14771,3813
14772,3156
14773,3209
14774,3514
14775,3362
14776,3909
14777,3882
14778,4245
14779,3809
14780,3583
14781,4293
14782,4449
14783,3490
14784,4172
14785,3633
14786,4225
14787,3600
14788,2958
14789,5453
14790,3742
14791,3730
14792,-1
14793,3693
14794,4092
14795,-1
14796,3893
14797,3696
14798,3936
14799,3537
14800,3505
14801,3863
14802,3333
14803,3751
14804,3244
14805,3541
14806,3153
14807,4286
14808,-1
14809,3578
14810,3479
14811,3973
14812,3869
14813,3259
14814,2743
14815,3847
14816,3355
14817,3769
14818,4610
14819,3415
14820,3891
14821,4312
14822,4066
14823,4386
14824,3948
14825,3703
14826,3777
14827,3456
14828,2811
14829,3834
14830,3162
14831,2922
14832,3716
14833,3940
14834,3423
14835,3006
14836,3871
14837,3380
14838,4087
14839,3277
14840,3577
14841,4871
14842,3286
14843,3933
14844,3393
14845,4336
14846,4056
14847,4022
14848,3186
14849,4034
14850,3304
14851,2846
14852,3891
14853,3098
14854,3986
14855,3695
14856,2998
14857,3309
14858,3375
14859,4024
14860,3486
14861,3239
14862,3505
14863,3996
14864,3708
14865,3221
14866,3779
14867,3879
14868,3633
14869,3318
14870,3595
14871,3650
14872,4320
14873,3531
14874,3898
14875,2980
14876,3301
14877,3913
14878,3441
14879,3297
14880,4044
14881,4323
14882,2941
14883,3500
14884,3323
14885,3566
14886,2938
14887,3919
14888,3726
14889,3709
14890,3874
14891,3542
14892,3948
14893,3141
14894,3308
14895,3761
14896,3500
14897,3565
14898,3616
14899,-1
14900,3517
14901,4482
14902,4387
14903,4402
14904,4095
14905,4044
14906,3397
14907,4095
14908,3582
14909,3758
14910,4447
14911,3648
14912,3539
14913,3195
14914,3831
14915,3910
14916,3798
14917,3287
14918,4044
14919,4331
14920,3834
14921,3320
14922,3765
14923,3639
14924,1212
14925,3217
14926,3828
14927,3906
14928,3538
14929,3581
14930,3595
14931,3507
14932,3994
14933,3621
14934,4359
14935,3733
14936,3740
14937,3516
14938,4050
14939,3298
14940,3181
14941,3441
14942,4118
14943,4237
14944,3530
14945,3564
14946,3498
14947,3480
14948,3854
14949,3512
14950,3995
14951,3987
14952,3545
14953,4187
14954,3465
14955,2533
14956,2953
14957,3559
14958,3844
14959,4281
14960,3802
14961,4968
14962,3257
14963,3856
14964,3608
14965,3532
14966,3632
14967,3702
14968,3408
14969,3905
14970,3048
14971,3482
14972,3543
14973,3673
14974,3906
14975,3088
14976,3060
14977,3450
14978,3849
14979,3324
14980,3046
14981,3738
14982,3175
14983,3251
14984,4184
14985,4019
14986,3351
14987,3383
14988,3084
14989,3091
14990,3155
14991,3165
14992,3639
14993,3785
14994,3730
14995,3577
14996,4000
14997,3669
14998,3151
14999,3767
15000,2436
15001,3748
15002,3329
15003,3294
15004,3310
15005,4119
15006,3441
15007,2871
15008,4112
15009,3401
15010,2591
15011,2743
15012,3107
15013,3007
15014,3934
15015,4082
15016,3665
15017,3082
15018,3268
15019,3883
15020,3087
15021,3386
15022,3414
15023,3357
15024,3863
15025,4520
15026,-1
15027,3983
15028,2937
15029,3916
15030,4340
15031,3963
15032,5030
15033,3978
15034,3844
15035,3526
15036,4045
15037,3796
15038,2949
15039,4336
15040,3537
15041,3329
15042,3839
15043,3271
15044,2449
15045,4253
15046,4198
15047,3087
15048,3783
15049,3140
15050,3834
15051,3610
15052,4489
15053,3269
15054,3885
15055,4299
15056,2999
15057,3503
15058,3549
15059,4424
15060,3763
15061,2777
15062,3823
15063,3269
15064,3136
15065,3876
15066,3539
15067,4051
15068,3503
15069,4726
15070,3591
15071,3893
15072,3117
15073,4277
15074,3620
15075,4195
15076,4301
15077,3633
15078,3130
15079,3597
15080,3643
15081,3071
15082,3137
15083,2928
15084,3699
15085,3266
15086,4145
15087,3322
15088,3830
15089,5231
15090,3906
15091,3476
15092,3824
15093,3478
15094,5308
15095,3566
15096,3907
15097,3680
15098,3828
15099,3745
15100,3823
15101,3297
15102,3319
15103,3602
15104,3918
15105,3394
15106,4246
15107,4030
15108,3102
15109,3431
15110,4057
15111,3437
15112,4045
15113,3685
15114,3807
15115,3776
15116,4157
15117,3732
15118,3980
15119,4810
15120,3177
15121,4036
15122,4173
15123,4687
15124,3674
15125,3522
15126,3792
15127,3968
15128,4050
15129,3675
15130,4278
15131,3943
15132,3504
15133,3329
15134,4037
15135,3544
15136,3521
15137,2594
15138,2888
15139,4098
15140,3911
15141,3244
15142,3477
15143,3190
15144,3340
15145,4342
15146,3920
15147,3937
15148,3328
15149,4798
15150,3793
15151,3177
15152,3635
15153,3139
15154,3184
15155,3235
15156,3824
15157,3847
15158,3319
15159,3919
15160,4451
15161,4113
15162,5047
15163,3402
15164,3786
15165,3123
15166,4016
15167,3122
15168,-1
15169,3481
15170,3595
15171,4134
15172,3481
15173,3055
15174,3167
15175,3853
15176,3551
15177,3611
15178,3382
15179,3297
15180,3728
15181,3744
15182,4162
15183,3978
15184,3139
15185,3464
15186,4159
15187,3614
15188,3899
15189,3730
15190,4175
15191,3108
15192,3790
15193,3348
15194,3011
15195,2982
15196,3768
15197,3346
15198,3569
15199,3500
15200,3828
15201,3524
15202,3189
15203,4234
15204,3502
15205,3589
15206,3578
15207,3834
15208,4135
15209,3283
15210,3190
15211,3745
15212,3846
15213,3242
15214,3533
15215,4336
15216,4125
15217,3427
15218,3807
15219,2481
15220,4246
15221,3581
15222,3934
15223,3854
15224,-1
15225,3769
15226,3451
15227,2916
15228,3265
15229,3554
15230,3902
15231,3155
15232,3482
15233,3851
15234,-1
15235,3088
15236,4058
15237,2825
15238,3370
15239,3619
15240,3721
15241,3531
15242,4070
15243,2260
15244,5015
15245,3640
15246,3449
15247,3136
15248,3007
15249,3016
15250,-1
15251,3171
15252,3851
15253,3447
15254,3672
15255,3587
15256,3587
15257,3261
15258,3395
15259,4165
15260,3153
15261,3568
15262,4076
15263,3523
15264,3186
15265,3000
15266,3635
15267,3706
15268,3469
15269,3323
15270,3322
15271,4325
15272,3851
15273,3192
15274,3628
15275,3537
15276,3713
15277,4305
15278,3570
15279,2975
15280,4149
15281,3239
15282,3156
15283,3469
15284,3672
15285,3048
15286,3105
15287,3274
15288,3940
15289,3376
15290,3254
15291,3605
15292,3701
15293,3868
15294,2574
15295,3822
15296,3146
15297,3924
15298,2936
15299,3754
15300,3219
15301,3551
15302,4016
15303,3207
15304,4355
15305,3089
15306,3137
15307,4692
15308,3620
15309,3465
15310,4435
15311,3720
15312,-1
15313,3956
15314,3778
15315,3952
15316,4185
15317,3523
15318,3906
15319,3423
15320,3587
15321,3569
15322,3283
15323,3448
15324,3629
15325,4828
15326,3407
15327,3458
15328,4030
15329,3641
15330,3509
15331,3673
15332,4153
15333,3819
15334,3823
15335,3604
15336,3977
15337,3917
15338,3076
15339,4074
15340,2953
15341,3873
15342,2970
15343,3732
15344,3534
15345,-1
15346,3146
15347,3461
15348,2620
15349,4249
15350,3000
15351,3976
15352,3346
15353,2814
15354,3256
15355,3080
15356,4000
15357,2748
15358,3839
15359,3347
15360,3948
15361,2066
15362,4480
15363,3981
15364,2975
15365,2513
15366,4113
15367,3646
15368,3506
15369,3752
15370,3664
15371,3657
15372,3205
15373,4499
15374,3005
15375,4080
15376,3662
15377,3038
15378,3825
15379,4088
15380,3561
15381,3662
15382,3952
15383,3146
15384,3996
15385,3512
15386,3841
15387,3453
15388,3215
15389,2920
15390,3668
15391,4005
15392,4270
15393,3401
15394,3212
15395,3680
15396,4055
15397,3413
15398,2996
15399,2994
15400,5016
15401,3964
15402,3581
15403,3933
15404,3037
15405,4424
15406,3200
15407,3982
15408,3686
15409,3083
15410,3556
15411,3475
15412,3670
15413,3921
15414,3225
15415,3620
15416,3389
15417,3406
15418,3572
15419,3290
15420,3583
15421,3769
15422,3788
15423,3245
15424,3355
15425,3942
15426,3675
15427,3031
15428,3839
15429,3509
15430,3461
15431,2266
15432,3575
15433,3823
15434,3718
15435,3842
15436,3792
15437,4320
15438,3188
15439,4041
15440,3324
15441,3413
15442,3962
15443,3629
15444,4023
15445,3621
15446,3988
15447,2654
15448,3272
15449,3689
15450,3268
15451,4376
15452,3547
15453,3175
15454,3686
15455,4197
15456,3579
15457,3159
15458,3449
15459,4777
15460,4174
15461,3217
15462,2997
15463,4221
15464,2955
15465,4161
15466,-1
15467,4874
15468,3600
15469,3554
15470,4054
15471,3703
15472,3788
15473,3944
15474,-1
15475,3686
15476,3011
15477,3350
15478,3966
15479,3203
15480,3008
15481,3580
15482,3864
15483,4134
15484,3485
15485,4056
15486,3581
15487,3903
15488,3345
15489,3702
15490,3417
15491,3386
15492,3633
15493,3751
15494,3494
15495,3500
15496,3528
15497,3714
15498,3954
15499,5059
15500,3158
15501,3561
15502,3590
15503,4366
15504,4000
15505,3905
15506,-1
15507,3959
15508,3568
15509,-1
15510,3830
15511,3091
15512,4453
15513,3832
15514,3773
15515,3565
15516,2787
15517,3162
15518,3872
15519,-1
15520,3346
15521,-1
15522,3821
15523,3938
15524,3900
15525,3880
15526,3421
15527,4170
15528,4336
15529,3135
15530,3602
15531,3767
15532,4059
15533,3133
15534,3913
15535,3334
15536,3697
15537,4635
15538,3839
15539,4567
15540,3634
15541,3628
15542,3310
15543,3419
15544,4178
15545,2501
15546,3988
15547,3251
15548,3530
15549,3668
15550,3432
15551,3177
15552,3531
15553,3371
15554,3476
15555,3671
15556,3399
15557,4480
15558,3368
15559,4114
15560,3930
15561,3634
15562,3679
15563,3525
15564,3286
15565,3459
15566,3568
15567,3681
15568,2675
15569,3318
15570,3259
15571,3727
15572,3997
15573,4132
15574,3657
15575,3445
15576,3850
15577,4078
15578,2892
15579,3615
15580,3293
15581,4001
15582,4033
15583,4104
15584,3843
15585,3756
15586,3309
15587,3230
15588,3347
15589,3606
15590,3853
15591,3324
15592,3801
15593,4191
15594,3494
15595,3583
15596,3945
15597,-1
15598,4210
15599,4019
15600,3185
15601,3132
15602,3134
15603,3604
15604,3776
15605,3779
15606,4028
15607,3679
15608,4024
15609,3926
15610,4206
15611,3753
15612,3206
15613,3554
15614,3544
15615,3552
15616,3405
15617,3310
15618,3806
15619,3806
15620,3626
15621,3735
15622,3412
15623,3631
15624,3544
15625,3671
15626,3566
15627,4104
15628,3401
15629,2820
15630,3739
15631,3688
15632,3520
15633,3312
15634,4208
15635,-1
15636,3408
15637,3564
15638,4445
15639,3330
15640,3355
15641,3138
15642,4072
15643,3562
15644,4268
15645,4066
15646,3831
15647,3035
15648,3361
15649,3197
15650,3709
15651,4253
15652,3407
15653,3510
15654,4111
15655,4330
15656,3317
15657,3881
15658,3934
15659,3649
15660,3464
15661,2795
15662,-1
15663,3435
15664,4261
15665,3440
15666,3541
15667,3928
15668,4202
15669,4054
15670,3665
15671,3370
15672,4514
15673,3971
15674,4299
15675,3923
15676,3610
15677,3892
15678,3818
15679,3640
15680,3771
15681,3690
15682,3755
15683,3531
15684,3641
15685,3713
15686,3550
15687,2979
15688,2132
15689,3374
15690,3293
15691,3455
15692,3150
15693,3653
15694,3841
15695,3521
15696,2598
15697,3424
15698,3730
15699,2125
15700,2844
15701,3734
15702,3548
15703,3684
15704,3683
15705,3722
15706,3179
15707,3539
15708,4471
15709,3289
15710,3236
15711,3240
15712,3241
15713,3258
15714,3244
15715,3599
15716,4158
15717,3690
15718,3874
15719,4174
15720,3671
15721,3252
15722,4556
15723,3718
15724,3175
15725,3825
15726,3603
15727,4119
15728,3840
15729,4011
15730,3962
15731,3290
15732,3169
15733,3649
15734,3879
15735,4068
15736,3689
15737,3154
15738,3421
15739,3485
15740,3412
15741,4091
15742,2666
15743,4039
15744,3402
15745,2824
15746,-1
15747,4099
15748,4190
15749,3222
15750,3821
15751,3175
15752,3361
15753,3198
15754,4282
15755,2913
15756,4458
15757,3846
15758,4344
15759,4247
15760,2847
15761,4160
15762,3431
15763,-1
15764,3634
15765,3672
15766,3169
15767,3707
15768,3685
15769,3655
15770,3082
15771,2962
15772,2849
15773,3105
15774,4062
15775,-1
15776,3722
15777,3547
15778,4029
15779,3705
15780,3429
15781,1843
15782,3845
15783,2372
15784,3619
15785,3517
15786,3446
15787,2983
15788,3191
15789,2829
15790,3399
15791,3409
15792,3706
15793,3928
15794,3104
15795,3602
15796,3784
15797,4155
15798,3215
15799,3278
15800,3627
15801,3404
15802,4053
15803,3713
15804,3864
15805,3226
15806,3363
15807,3763
15808,3692
15809,3407
15810,3383
15811,2463
15812,3559
15813,3940
15814,3533
15815,3676
15816,3774
15817,3437
15818,3500
15819,3376
15820,-1
15821,3581
15822,3563
15823,3785
15824,3699
15825,3652
15826,3733
15827,4045
15828,3606
15829,3146
15830,3273
15831,-1
15832,3310
15833,3570
15834,3249
15835,3323
15836,4036
15837,3512
15838,3183
15839,3297
15840,3336
15841,3312
15842,2836
15843,3156
15844,3333
15845,3826
15846,3629
15847,3966
15848,3561
15849,3433
15850,4334
15851,3469
15852,2992
15853,3711
15854,3382
15855,3331
15856,3842
15857,3604
15858,3906
15859,4633
15860,3679
15861,-1
15862,5307
15863,3967
15864,3444
15865,3698
15866,3216
15867,3599
15868,3679
15869,3240
15870,3138
15871,3600
15872,2990
15873,3332
15874,3502
15875,3613
15876,3339
15877,3726
15878,3570
15879,3719
15880,3167
15881,3778
15882,3701
15883,3651
15884,2957
15885,3367
15886,3617
15887,3673
15888,3390
15889,4039
15890,3329
15891,3439
15892,3526
15893,3544
15894,4218
15895,3821
15896,3937
15897,3346
15898,3056
15899,4050
15900,2986
15901,5586
15902,3531
15903,2938
15904,3276
15905,4108
15906,3632
15907,3869
15908,3637
15909,3886
15910,3000
15911,5030
15912,3898
15913,3099
15914,3745
15915,2542
15916,3452
15917,3430
15918,3226
15919,3719
15920,4225
15921,-1
15922,3531
15923,3997
15924,3937
15925,2891
15926,4551
15927,3604
15928,3526
15929,4165
15930,4067
15931,3822
15932,3339
15933,3672
15934,4281
15935,4087
15936,3585
15937,4434
15938,3720
15939,3860
15940,3640
15941,4338
15942,3486
15943,3510
15944,3657
15945,3532
15946,3213
15947,3280
15948,3154
15949,3411
15950,3010
15951,3560
15952,4005
15953,3324
15954,4438
15955,3781
15956,3510
15957,3366
15958,4345
15959,3736
15960,3971
15961,3809
15962,3451
15963,3914
15964,4470
15965,3292
15966,4327
15967,3579
15968,3196
15969,2723
15970,4091
15971,3631
15972,1853
15973,2904
15974,3510
15975,3118
15976,3723
15977,2607
15978,3544
15979,4480
15980,4465
15981,3250
15982,3130
15983,3017
15984,3982
15985,3812
15986,4137
15987,3138
15988,3359
15989,4002
15990,3387
15991,3844
15992,3252
15993,4000
15994,4249
15995,-1
15996,3613
15997,4171
15998,4221
15999,3288
16000,4136
16001,3913
16002,3311
16003,2553
16004,2310
16005,3877
16006,3438
16007,3550
16008,3756
16009,3128
16010,3017
16011,3622
16012,2968
16013,3582
16014,3548
16015,3747
16016,3774
16017,2802
16018,4192
16019,3626
16020,3863
16021,4213
16022,4313
16023,3914
16024,4093
16025,3740
16026,4098
16027,3847
16028,3812
16029,3924
16030,4122
16031,3323
16032,3805
16033,3303
16034,2882
16035,3628
16036,3808
16037,3389
16038,3418
16039,3556
16040,3302
16041,3386
16042,3785
16043,3584
16044,3310
16045,3584
16046,3709
16047,3358
16048,3610
16049,4076
16050,2946
16051,4272
16052,3583
16053,3667
16054,2772
16055,4022
16056,2960
16057,3544
16058,3675
16059,5109
16060,3323
16061,4303
16062,3360
16063,3761
16064,1782
16065,3532
16066,3120
16067,3279
16068,2935
16069,4124
16070,3661
16071,2882
16072,4135
16073,3778
16074,3647
16075,3142
16076,4101
16077,3854
16078,3746
16079,3898
16080,3624
16081,3611
16082,3522
16083,3916
16084,3811
16085,3586
16086,3081
16087,3902
16088,4128
16089,3180
16090,3559
16091,4496
16092,3589
16093,3728
16094,4088
16095,3763
16096,3948
16097,2416
16098,3991
16099,3055
16100,4440
16101,3535
16102,3688
16103,3741
16104,3111
16105,3246
16106,4108
16107,3835
16108,3559
16109,3683
16110,3527
16111,2281
16112,3458
16113,3871
16114,3558
16115,3145
16116,3110
16117,3119
16118,4260
16119,2652
16120,3626
16121,3297
16122,4310
16123,4048
16124,3729
16125,3567
16126,3846
16127,3677
16128,3397
16129,3298
16130,4035
16131,3874
16132,3714
16133,3359
16134,4381
16135,3684
16136,3052
16137,3450
16138,2602
16139,3524
16140,3733
16141,3714
16142,3915
16143,3485
16144,3908
16145,3484
16146,3699
16147,3767
16148,3357
16149,3447
16150,2929
16151,4638
16152,3432
16153,3495
16154,3590
16155,3967
16156,3569
16157,3778
16158,2648
16159,3594
16160,3448
16161,3684
16162,3110
16163,3125
16164,3957
16165,3554
16166,3629
16167,3386
16168,4468
16169,3903
16170,2894
16171,3292
16172,3918
16173,3695
16174,3606
16175,2931
16176,3861
16177,3767
16178,4328
16179,3306
16180,3030
16181,3533
16182,3402
16183,3659
16184,4481
16185,4933
16186,3536
16187,4211
16188,3695
16189,3575
16190,4753
16191,3442
16192,3320
16193,3626
16194,4381
16195,3446
16196,3428
16197,4112
16198,2517
16199,3810
16200,4328
16201,2939
16202,3157
16203,3348
16204,3805
16205,3709
16206,3805
16207,4552
16208,3401
16209,4043
16210,3597
16211,3471
16212,3493
16213,3715
16214,4335
16215,3026
16216,4036
16217,4021
16218,3292
16219,3561
16220,3475
16221,3296
16222,4786
16223,3913
16224,4152
16225,3977
16226,4074
16227,4032
16228,3466
16229,2826
16230,3991
16231,3339
16232,4276
16233,3795
16234,3711
16235,4369
16236,2441
16237,4078
16238,3736
16239,3617
16240,3408
16241,3214
16242,4496
16243,3806
16244,4048
16245,3255
16246,3498
16247,4108
16248,3640
16249,4110
16250,3333
16251,3704
16252,3641
16253,3837
16254,3173
16255,3471
16256,3512
16257,3321
16258,3465
16259,3238
16260,3974
16261,4179
16262,3917
16263,3719
16264,3040
16265,2790
16266,3137
16267,3908
16268,2998
16269,3143
16270,4451
16271,3655
16272,3327
16273,2502
16274,3937
16275,3439
16276,3798
16277,3860
16278,2441
16279,3518
16280,3414
16281,3800
16282,3025
16283,3813
16284,3754
16285,2105
16286,3750
16287,3625
16288,3738
16289,3037
16290,5308
16291,3039
16292,3376
16293,4212
16294,3771
16295,3715
16296,3909
16297,3016
16298,3963
16299,3717
16300,3891
16301,3553
16302,4284
16303,2932
16304,3493
16305,4196
16306,3225
16307,3933
16308,3928
16309,3300
16310,3586
16311,3384
16312,3638
16313,3418
16314,3608
16315,3691
16316,3459
16317,3935
16318,3260
16319,4411
16320,2709
16321,3391
16322,3514
16323,4322
16324,3779
16325,4035
16326,3755
16327,3891
16328,3647
16329,4159
16330,3577
16331,3090
16332,3489
16333,-1
16334,3958
16335,2865
16336,3599
16337,3575
16338,5075
16339,3135
16340,3438
16341,-1
16342,4026
16343,3350
16344,3773
16345,3821
16346,3495
16347,3193
16348,3392
16349,2218
16350,4130
16351,3342
16352,3619
16353,3592
16354,3093
16355,3699
16356,3979
16357,3724
16358,4315
16359,3477
16360,2879
16361,3452
16362,3749
16363,3270
16364,3575
16365,2893
16366,3796
16367,3746
16368,3594
16369,3201
16370,3361
16371,3596
16372,3785
16373,4000
16374,4135
16375,4098
16376,2876
16377,3842
16378,3484
16379,3786
16380,3801
16381,3223
16382,3426
16383,2634
16384,3343
16385,3367
16386,3007
16387,3631
16388,4440
16389,3579
16390,4091
16391,2976
16392,3512
16393,3708
16394,3838
16395,3342
16396,2857
16397,3881
16398,3731
16399,3994
16400,3788
16401,3277
16402,3071
16403,3596
16404,3125
16405,3836
16406,3710
16407,3984
16408,3035
16409,3758
16410,3340
16411,3547
16412,3704
16413,3306
16414,3263
16415,3780
16416,3293
16417,4401
16418,3212
16419,3601
16420,3782
16421,3586
16422,3344
16423,-1
16424,4004
16425,3128
16426,4042
16427,3387
16428,3631
16429,3435
16430,3691
16431,2801
16432,3855
16433,3460
16434,3638
16435,3676
16436,3206
16437,3873
16438,3939
16439,3568
16440,3384
16441,3561
16442,3259
16443,3642
16444,3375
16445,3505
16446,4045
16447,3673
16448,3033
16449,3878
16450,3807
16451,3557
16452,3449
16453,2577
16454,3609
16455,3214
16456,3523
16457,3062
16458,3300
16459,3492
16460,2605
16461,2890
16462,3088
16463,-1
16464,3331
16465,3423
16466,3047
16467,3491
16468,3906
16469,3726
16470,3657
16471,4018
16472,3503
16473,3321
16474,2228
16475,3846
16476,3916
16477,3908
16478,3212
16479,4960
16480,3972
16481,3829
16482,3910
16483,3039
16484,2348
16485,3378
16486,-1
16487,3325
16488,4606
16489,3332
16490,3299
16491,3980
16492,4169
16493,4448
16494,3336
16495,4928
16496,3627
16497,3828
16498,2991
16499,3162
16500,2890
16501,3528
16502,3680
16503,3563
16504,3477
16505,3217
16506,2823
16507,3839
16508,3519
16509,3210
16510,3194
16511,3225
16512,4083
16513,4510
16514,3385
16515,3257
16516,2895
16517,2754
16518,2917
16519,3349
16520,3464
16521,3610
16522,4281
16523,3328
16524,3208
16525,2800
16526,3767
16527,3491
16528,4139
16529,3866
16530,4059
16531,3221
16532,3667
16533,3501
16534,3567
16535,3708
16536,3883
16537,3933
16538,3521
16539,3531
16540,4286
16541,4035
16542,3354
16543,2543
16544,3735
16545,-1
16546,3253
16547,3129
16548,3615
16549,3690
16550,2375
16551,3655
16552,3576
16553,3275
16554,3131
16555,4154
16556,3212
16557,3199
16558,4395
16559,3688
16560,3580
16561,3737
16562,3876
16563,3038
16564,3465
16565,3675
16566,3368
16567,3845
16568,3321
16569,3375
16570,3206
16571,3690
16572,3511
16573,3378
16574,2205
16575,3783
16576,3257
16577,2505
16578,2871
16579,3944
16580,4043
16581,2737
16582,3385
16583,3336
16584,3595
16585,3484
16586,3729
16587,3834
16588,3581
16589,4201
16590,3721
16591,2464
16592,4298
16593,2889
16594,4466
16595,3413
16596,4042
16597,2763
16598,3461
16599,4138
16600,4133
16601,4004
16602,3601
16603,3518
16604,3715
16605,4188
16606,3708
16607,3895
16608,3300
16609,3681
16610,4360
16611,4396
16612,4797
16613,3547
16614,3556
16615,3140
16616,4354
16617,3195
16618,4023
16619,2946
16620,2999
16621,3817
16622,3582
16623,2897
16624,2975
16625,4068
16626,3637
16627,3550
16628,4004
16629,3768
16630,2585
16631,4078
16632,3649
16633,3893
16634,3287
16635,3758
16636,3104
16637,4493
16638,3739
16639,3332
16640,3838
16641,3797
16642,4069
16643,3504
16644,3835
16645,3672
16646,2801
16647,3984
16648,3732
16649,4480
16650,3479
16651,3931
16652,3577
16653,3167
16654,3367
16655,3174
16656,3771
16657,3674
16658,3129
16659,3812
16660,3088
16661,4578
16662,3754
16663,3071
16664,3401
16665,4112
16666,4033
16667,3540
16668,3830
16669,3259
16670,5150
16671,3882
16672,3451
16673,3669
16674,3681
16675,4000
16676,3897
16677,4633
16678,3292
16679,3974
16680,3855
16681,3509
16682,4006
16683,4121
16684,3228
16685,2790
16686,3294
16687,5966
16688,3320
16689,4209
16690,3590
16691,3673
16692,2850
16693,3607
16694,4393
16695,3654
16696,3092
16697,3906
16698,3348
16699,3290
16700,3264
16701,4371
16702,4068
16703,3836
16704,3900
16705,-1
16706,4141
16707,3190
16708,4541
16709,4276
16710,3894
16711,2834
16712,3011
16713,3167
16714,3469
16715,3290
16716,4149
16717,3746
16718,3838
16719,3198
16720,3288
16721,3104
16722,3469
16723,3225
16724,3196
16725,3281
16726,-1
16727,3358
16728,3696
16729,3551
16730,2963
16731,3403
16732,4194
16733,3368
16734,3490
16735,4275
16736,3549
16737,3719
16738,3317
16739,3247
16740,3728
16741,3578
16742,3564
16743,3438
16744,3791
16745,3819
16746,3857
16747,3786
16748,3175
16749,3316
16750,4112
16751,3194
16752,3038
16753,3932
16754,3391
16755,3472
16756,2727
16757,3257
16758,3401
16759,2948
16760,4156
16761,3394
16762,3852
16763,4681
16764,3405
16765,4137
16766,3629
16767,3236
16768,3346
16769,4172
16770,3489
16771,3369
16772,3165
16773,3415
16774,3770
16775,3666
16776,3565
16777,3718
16778,3656
16779,3710
16780,3378
16781,3348
16782,3349
16783,3504
16784,3630
16785,3801
16786,3981
16787,4187
16788,4139
16789,3664
16790,4000
16791,3325
16792,2795
16793,3273
16794,3917
16795,3692
16796,3112
16797,4116
16798,4133
16799,4230
16800,3834
16801,4142
16802,2638
16803,3642
16804,3107
16805,2685
16806,3647
16807,3348
16808,4310
16809,3951
16810,3079
16811,4087
16812,2859
16813,3473
16814,3900
16815,3685
16816,2728
16817,4020
16818,3264
16819,3353
16820,3207
16821,3721
16822,3375
16823,3692
16824,4158
16825,3776
16826,3466
16827,3568
16828,3573
16829,3433
16830,3912
16831,3839
16832,3846
16833,3333
16834,3952
16835,3868
16836,4064
16837,3341
16838,3440
16839,3378
16840,3522
16841,3353
16842,3679
16843,3888
16844,4209
16845,3280
16846,3837
16847,3473
16848,3794
16849,4416
16850,3593
16851,3873
16852,3293
16853,3913
16854,4001
16855,3191
16856,3317
16857,3295
16858,2831
16859,3304
16860,3604
16861,3369
16862,3887
16863,3162
16864,4016
16865,3767
16866,3529
16867,3953
16868,3661
16869,3470
16870,3799
16871,3734
16872,4688
16873,3208
16874,3357
16875,3379
16876,3579
16877,3959
16878,4182
16879,3356
16880,3442
16881,3014
16882,2794
16883,3707
16884,3284
16885,3614
16886,3979
16887,3212
16888,3670
16889,3505
16890,3942
16891,4076
16892,4106
16893,3169
16894,4106
16895,4255
16896,3305
16897,3828
16898,3098
16899,3480
16900,3647
16901,3542
16902,3426
16903,3785
16904,3817
16905,3379
16906,3473
16907,3609
16908,3221
16909,3070
16910,3313
16911,3375
16912,3490
16913,2959
16914,3356
16915,3654
16916,3822
16917,3747
16918,2465
16919,3904
16920,3608
16921,3282
16922,3524
16923,3810
16924,3003
16925,3317
16926,4078
16927,3459
16928,3949
16929,3907
16930,3318
16931,3586
16932,3282
16933,3838
16934,3329
16935,3350
16936,3546
16937,4097
16938,4341
16939,-1
16940,4194
16941,3279
16942,3165
16943,3199
16944,3946
16945,3868
16946,2939
16947,3892
16948,3679
16949,3937
16950,3476
16951,3083
16952,4499
16953,2842
16954,4296
16955,3581
16956,3539
16957,4381
16958,3004
16959,3754
16960,3236
16961,4665
16962,3660
16963,2924
16964,3566
16965,4293
16966,3422
16967,3129
16968,3758
16969,3797
16970,3420
16971,3268
16972,4762
16973,3372
16974,3248
16975,2761
16976,3322
16977,3510
16978,3150
16979,3344
16980,3575
16981,3695
16982,3762
16983,4008
16984,3460
16985,4547
16986,4258
16987,3079
16988,3660
16989,3819
16990,2452
16991,4325
16992,3481
16993,2887
16994,3532
16995,3656
16996,3628
16997,3645
16998,3780
16999,2903
17000,3699
17001,3811
17002,4117
17003,3597
17004,3216
17005,3498
17006,3786
17007,4485
17008,3976
17009,3453
17010,2643
17011,3544
17012,4667
17013,3667
17014,4217
17015,4050
17016,3859
17017,2544
17018,3926
17019,3119
17020,4000
17021,3217
17022,3678
17023,4263
17024,3244
17025,3588
17026,4380
17027,3927
17028,3836
17029,3878
17030,3691
17031,2903
17032,3229
17033,3732
17034,3302
17035,3359
17036,3317
17037,4216
17038,3361
17039,3491
17040,3290
17041,3944
17042,3376
17043,3467
17044,4373
17045,3233
17046,3856
17047,2596
17048,3976
17049,4005
17050,3844
17051,3420
17052,3590
17053,3667
17054,2909
17055,4037
17056,2661
17057,3168
17058,3176
17059,4056
17060,3024
17061,3881
17062,3157
17063,3597
17064,3456
17065,4060
17066,2806
17067,3239
17068,3845
17069,3537
17070,3872
17071,-1
17072,4295
17073,3303
17074,3170
17075,3244
17076,3347
17077,4265
17078,3860
17079,4021
17080,4030
17081,4426
17082,2851
17083,4069
17084,3472
17085,5904
17086,3129
17087,3401
17088,4531
17089,3593
17090,3350
17091,3480
17092,4294
17093,3936
17094,3666
17095,4979
17096,3489
17097,2789
17098,3427
17099,2940
17100,3837
17101,4811
17102,3723
17103,3273
17104,4971
17105,3477
17106,3607
17107,2818
17108,4008
17109,3707
17110,4331
17111,3154
17112,3950
17113,3037
17114,3853
17115,2635
17116,3712
17117,3138
17118,3144
17119,3096
17120,3094
17121,3295
17122,3473
17123,3636
17124,4617
17125,3081
17126,4269
17127,3562
17128,3901
17129,3223
17130,3787
17131,4091
17132,3701
17133,4629
17134,3786
17135,3373
17136,3368
17137,2988
17138,3533
17139,3540
17140,3460
17141,3390
17142,2925
17143,3192
17144,3353
17145,3948
17146,3804
17147,3142
17148,3436
17149,3572
17150,3936
17151,3831
17152,3825
17153,3250
17154,3321
17155,3039
17156,3681
17157,2849
17158,4487
17159,4152
17160,2648
17161,2339
17162,3766
17163,3595
17164,3492
17165,3616
17166,3595
17167,3688
17168,2508
17169,3685
17170,4553
17171,-1
17172,3427
17173,3648
17174,3835
17175,3830
17176,4039
17177,3570
17178,3704
17179,3285
17180,3380
17181,3496
17182,3215
17183,2917
17184,4015
17185,4194
17186,3713
17187,3299
17188,3882
17189,-1
17190,4267
17191,3393
17192,3616
17193,3248
17194,3469
17195,3367
17196,3324
17197,4287
17198,-1
17199,3350
17200,2887
17201,3469
17202,-1
17203,4309
17204,3543
17205,4036
17206,3594
17207,3738
17208,3668
17209,4028
17210,4374
17211,4112
17212,3793
17213,3894
17214,4069
17215,4028
17216,3202
17217,3330
17218,3335
17219,3007
17220,3501
17221,3043
17222,2604
17223,4075
17224,3671
17225,3102
17226,3610
17227,3967
17228,3471
17229,3744
17230,3644
17231,3659
17232,4194
17233,4275
17234,3427
17235,3379
17236,2754
17237,3351
17238,3173
17239,4064
17240,3864
17241,4367
17242,3295
17243,3576
17244,3445
17245,3632
17246,3515
17247,3804
17248,3555
17249,3009
17250,3400
17251,3878
17252,3152
17253,3999
17254,4045
17255,3223
17256,3200
17257,3360
17258,2799
17259,3577
17260,3404
17261,4433
17262,3561
17263,3623
17264,3804
17265,3988
17266,3614
17267,3230
17268,3406
17269,2699
17270,3679
17271,3860
17272,3559
17273,3979
17274,4504
17275,4280
17276,3687
17277,3290
17278,3944
17279,4287
17280,3615
17281,-1
17282,3991
17283,3636
17284,4317
17285,3737
17286,3526
17287,3293
17288,3892
17289,4004
17290,3832
17291,3246
17292,4301
17293,2964
17294,3376
17295,3137
17296,3184
17297,3433
17298,3979
17299,3614
17300,3594
17301,3504
17302,3393
17303,4348
17304,3536
17305,3259
17306,3123
17307,2648
17308,3343
17309,3102
17310,4128
17311,3443
17312,3470
17313,4032
17314,3326
17315,4359
17316,3172
17317,2800
17318,4111
17319,3043
17320,2935
17321,3279
17322,3597
17323,3742
17324,4070
17325,3792
17326,3225
17327,-1
17328,2958
17329,4179
17330,3864
17331,3951
17332,3606
17333,4239
17334,4014
17335,4218
17336,3723
17337,3222
17338,3604
17339,4311
17340,-1
17341,3923
17342,3636
17343,3176
17344,2855
17345,3965
17346,4138
17347,4092
17348,3121
17349,3597
17350,3748
17351,3730
17352,3353
17353,2858
17354,3687
17355,4281
17356,3019
17357,3638
17358,3508
17359,3663
17360,4177
17361,3911
17362,4221
17363,4418
17364,3109
17365,4039
17366,3374
17367,2678
17368,3620
17369,3623
17370,2847
17371,3092
17372,4008
17373,3567
17374,3499
17375,3226
17376,4773
17377,4036
17378,3689
17379,3892
17380,4242
17381,3869
17382,3683
17383,3277
17384,3941
17385,3834
17386,4739
17387,4206
17388,3057
17389,2501
17390,3710
17391,3665
17392,3015
17393,-1
17394,2400
17395,3128
17396,3273
17397,-1
17398,3521
17399,4019
17400,3773
17401,4280
17402,3637
17403,3442
17404,4556
17405,2929
17406,-1
17407,3423
17408,3265
17409,4154
17410,3873
17411,3309
17412,3862
17413,3744
17414,4872
17415,3694
17416,3156
17417,3770
17418,3458
17419,3342
17420,3252
17421,3411
17422,2910
17423,2679
17424,3573
17425,2949
17426,4317
17427,3177
17428,2531
17429,3272
17430,2994
17431,3276
17432,-1
17433,3640
17434,3344
17435,3811
17436,3598
17437,3446
17438,4445
17439,3606
17440,4123
17441,3368
17442,3972
17443,4082
17444,3524
17445,3663
17446,3428
17447,3420
17448,3857
17449,3883
17450,3560
17451,3884
17452,3247
17453,4067
17454,3699
17455,3857
17456,4044
17457,3163
17458,3302
17459,2975
17460,3729
17461,3192
17462,3690
17463,3724
17464,3865
17465,3632
17466,3861
17467,4793
17468,-1
17469,3239
17470,3110
17471,3975
17472,3704
17473,3130
17474,3367
17475,3186
17476,3627
17477,3874
17478,3357
17479,3708
17480,3539
17481,3998
17482,3981
17483,4525
17484,3409
17485,4096
17486,3956
17487,3413
17488,3893
17489,4329
17490,4082
17491,3326
17492,3462
17493,4093
17494,2970
17495,3693
17496,3973
17497,4025
17498,3467
17499,3355
17500,3254
17501,3996
17502,2851
17503,3113
17504,3775
17505,3272
17506,4040
17507,3991
17508,2885
17509,3429
17510,3582
17511,2879
17512,3890
17513,3629
17514,3020
17515,-1
17516,3306
17517,3582
17518,3464
17519,3180
17520,3867
17521,3674
17522,3144
17523,3400
17524,4195
17525,3470
17526,3885
17527,3398
17528,4113
17529,4066
17530,3430
17531,3849
17532,3508
17533,3968
17534,3641
17535,3520
17536,3685
17537,4003
17538,3210
17539,4221
17540,3391
17541,3137
17542,4340
17543,3708
17544,4157
17545,3132
17546,4514
17547,3988
17548,3538
17549,3173
17550,3248
17551,3570
17552,2854
17553,-1
17554,3862
17555,3281
17556,3298
17557,4921
17558,3607
17559,3784
17560,3492
17561,3532
17562,3813
17563,3483
17564,3599
17565,5275
17566,3554
17567,3421
17568,3588
17569,3502
17570,3957
17571,3217
17572,3195
17573,3413
17574,4093
17575,3427
17576,3364
17577,3495
17578,3992
17579,3553
17580,3407
17581,3547
17582,4096
17583,4531
17584,3535
17585,3592
17586,3375
17587,3353
17588,3656
17589,3393
17590,4019
17591,3636
17592,4725
17593,3827
17594,4000
17595,4778
17596,4241
17597,3987
17598,3573
17599,3008
17600,3445
17601,3684
17602,3187
17603,4273
17604,4287
17605,3448
17606,3272
17607,3458
17608,4726
17609,3613
17610,2718
17611,2989
17612,5084
17613,3853
17614,3316
17615,3652
17616,3260
17617,3521
17618,3581
17619,3213
17620,3544
17621,3992
17622,2146
17623,3309
17624,4230
17625,3504
17626,4293
17627,3906
17628,3131
17629,3838
17630,4023
17631,3692
17632,3789
17633,3535
17634,3672
17635,3935
17636,3039
17637,4274
17638,3881
17639,3137
17640,3852
17641,3672
17642,3616
17643,3390
17644,1536
17645,3208
17646,4147
17647,3633
17648,4207
17649,3941
17650,3330
17651,3342
17652,3479
17653,3320
17654,3651
17655,3912
17656,3025
17657,3739
17658,4773
17659,3869
17660,3419
17661,3392
17662,2977
17663,3093
17664,3523
17665,2752
17666,2967
17667,3154
17668,3407
17669,2981
17670,3943
17671,3122
17672,3609
17673,3825
17674,2993
17675,3901
17676,3150
17677,3584
17678,3510
17679,2412
17680,3541
17681,3333
17682,3465
17683,3528
17684,3610
17685,3652
17686,3714
17687,3468
17688,4014
17689,4298
17690,3044
17691,2954
17692,3590
17693,3594
17694,3291
17695,3324
17696,4358
17697,3513
17698,2881
17699,3291
17700,2981
17701,3636
17702,3322
17703,5054
17704,3497
17705,3217
17706,2615
17707,3590
17708,4150
17709,3197
17710,4347
17711,3846
17712,4331
17713,4044
17714,3549
17715,3924
17716,3948
17717,3404
17718,3278
17719,3920
17720,3548
17721,3838
17722,-1
17723,3185
17724,4403
17725,3922
17726,3392
17727,3739
17728,3989
17729,3694
17730,3669
17731,4866
17732,3188
17733,3894
17734,4646
17735,3803
17736,3220
17737,3759
17738,4012
17739,3419
17740,4444
17741,2472
17742,3482
17743,3468
17744,2804
17745,4114
17746,4395
17747,3689
17748,3856
17749,3647
17750,3416
17751,3528
17752,3401
17753,2917
17754,3075
17755,4210
17756,3645
17757,3404
17758,4035
17759,3375
17760,3601
17761,3569
17762,2830
17763,3419
17764,3484
17765,3436
17766,4653
17767,3601
17768,3783
17769,3569
17770,3609
17771,4017
17772,3802
17773,3856
17774,2952
17775,3847
17776,3646
17777,3149
17778,3001
17779,4935
17780,3446
17781,3228
17782,3883
17783,4161
17784,3440
17785,3089
17786,3357
17787,3639
17788,3360
17789,3421
17790,3523
17791,3052
17792,3487
17793,3843
17794,4170
17795,2962
17796,3179
17797,3578
17798,3261
17799,3426
17800,3176
17801,3590
17802,3259
17803,3840
17804,3522
17805,3548
17806,3588
17807,4146
17808,4258
17809,3865
17810,3694
17811,3651
17812,4249
17813,3501
17814,3503
17815,3940
17816,4236
17817,3334
17818,3567
17819,3385
17820,3405
17821,3843
17822,2998
17823,3427
17824,2728
17825,3535
17826,3950
17827,3766
17828,3298
17829,3284
17830,3963
17831,3345
17832,3339
17833,3351
17834,3146
17835,3525
17836,4741
17837,3066
17838,3635
17839,3304
17840,3470
17841,3259
17842,3843
17843,3114
17844,3547
17845,3715
17846,3577
17847,3858
17848,2994
17849,3941
17850,3732
17851,3550
17852,4627
17853,3745
17854,4214
17855,3372
17856,4140
17857,2531
17858,3527
17859,3528
17860,3794
17861,2721
17862,3804
17863,3210
17864,4102
17865,4474
17866,3442
17867,3710
17868,3988
17869,3939
17870,4303
17871,3520
17872,2699
17873,3154
17874,3672
17875,3605
17876,3525
17877,4267
17878,2137
17879,3944
17880,4089
17881,3117
17882,3014
17883,3969
17884,3639
17885,4037
17886,4117
17887,3563
17888,3586
17889,4311
17890,3447
17891,3412
17892,3336
17893,3769
17894,2742
17895,4103
17896,3813
17897,3364
17898,3384
17899,3727
17900,3519
17901,3686
17902,3594
17903,3758
17904,3047
17905,3641
17906,3762
17907,3871
17908,3399
17909,3710
17910,3082
17911,3897
17912,3464
17913,4169
17914,3481
17915,3475
17916,3177
17917,3959
17918,2930
17919,3635
17920,3718
17921,3876
17922,3166
17923,3577
17924,3399
17925,3529
17926,4075
17927,3471
17928,3879
17929,4575
17930,3553
17931,4014
17932,4088
17933,3703
17934,4505
17935,3123
17936,4150
17937,3028
17938,3085
17939,4163
17940,3437
17941,3733
17942,4409
17943,4268
17944,2718
17945,3847
17946,3050
17947,3414
17948,3455
17949,3086
17950,3824
17951,3620
17952,3768
17953,3555
17954,3302
17955,3940
17956,3526
17957,2967
17958,3374
17959,3565
17960,3955
17961,3577
17962,3998
17963,3035
17964,3874
17965,3513
17966,4488
17967,3327
17968,4200
17969,3668
17970,3332
17971,3383
17972,2788
17973,3406
17974,3357
17975,3503
17976,3602
17977,3834
17978,3559
17979,2866
17980,3415
17981,4070
17982,3508
17983,3530
17984,3820
17985,3710
17986,3401
17987,3469
17988,2901
17989,3412
17990,3891
17991,3289
17992,3621
17993,4163
17994,3706
17995,4225
17996,3530
17997,3459
17998,3432
17999,3533
18000,3296
18001,4269
18002,3199
18003,3331
18004,3887
18005,3397
18006,3613
18007,3517
18008,4435
18009,3919
18010,2658
18011,3554
18012,3277
18013,3989
18014,4415
18015,4947
18016,3557
18017,3649
18018,3436
18019,-1
18020,4379
18021,3758
18022,3643
18023,3686
18024,3834
18025,2819
18026,3549
18027,3705
18028,3166
18029,3590
18030,2747
18031,5620
18032,3997
18033,3682
18034,3257
18035,3043
18036,3234
18037,3645
18038,4092
18039,3455
18040,3694
18041,3858
18042,4050
18043,3622
18044,3859
18045,3852
18046,3705
18047,3510
18048,3915
18049,4323
18050,4024
18051,4027
18052,3652
18053,3908
18054,3307
18055,3907
18056,3167
18057,3567
18058,3549
18059,3359
18060,4052
18061,3571
18062,3603
18063,3370
18064,3513
18065,2478
18066,3587
18067,2948
18068,3533
18069,4623
18070,3753
18071,4154
18072,-1
18073,2504
18074,3361
18075,3398
18076,3946
18077,4121
18078,4143
18079,3648
18080,-1
18081,3587
18082,3501
18083,4039
18084,3212
18085,3724
18086,3407
18087,3783
18088,3409
18089,3999
18090,3117
18091,3561
18092,3708
18093,4063
18094,3171
18095,2423
18096,2373
18097,3700
18098,3245
18099,3950
18100,3441
18101,2986
18102,3182
18103,3344
18104,3404
18105,3347
18106,4418
18107,3295
18108,3563
18109,3957
18110,4088
18111,3482
18112,3861
18113,3941
18114,3589
18115,3179
18116,2979
18117,3862
18118,3603
18119,3079
18120,4050
18121,3465
18122,3171
18123,3344
18124,3907
18125,3356
18126,3672
18127,3195
18128,3478
18129,3800
18130,2790
18131,4600
18132,3235
18133,3915
18134,3345
18135,3237
18136,3569
18137,2917
18138,3750
18139,5086
18140,3725
18141,3668
18142,3564
18143,4070
18144,3255
18145,2947
18146,3730
18147,3243
18148,3548
18149,3436
18150,3639
18151,4267
18152,3565
18153,3507
18154,3383
18155,3569
18156,-1
18157,3604
18158,-1
18159,3507
18160,3684
18161,3446
18162,3839
18163,4077
18164,3328
18165,3841
18166,3061
18167,3257
18168,4122
18169,3590
18170,3646
18171,2788
18172,3153
18173,3519
18174,4359
18175,4007
18176,3989
18177,3269
18178,3211
18179,4509
18180,4335
18181,4524
18182,3736
18183,3592
18184,3323
18185,3204
18186,3390
18187,3872
18188,4236
18189,3746
18190,3573
18191,4068
18192,3290
18193,3370
18194,3399
18195,3284
18196,3807
18197,3251
18198,3227
18199,3171
18200,3409
18201,2731
18202,3297
18203,2695
18204,3464
18205,4730
18206,3178
18207,3668
18208,-1
18209,3826
18210,3526
18211,3748
18212,3752
18213,3339
18214,3120
18215,3291
18216,4037
18217,3499
18218,3477
18219,3736
18220,4267
18221,4439
18222,-1
18223,3925
18224,3529
18225,3163
18226,4023
18227,3322
18228,4116
18229,3763
18230,4962
18231,3277
18232,3580
18233,3544
18234,3695
18235,2851
18236,4239
18237,2624
18238,3448
18239,3655
18240,3065
18241,3962
18242,3958
18243,2789
18244,3609
18245,3623
18246,3536
18247,3754
18248,4012
18249,3454
18250,3362
18251,3876
18252,3289
18253,3772
18254,3938
18255,3786
18256,4407
18257,4659
18258,4633
18259,3930
18260,3027
18261,3623
18262,3641
18263,4288
18264,3450
18265,3463
18266,3832
18267,4213
18268,2718
18269,3593
18270,3415
18271,3602
18272,3949
18273,4236
18274,4226
18275,3473
18276,3632
18277,3662
18278,4538
18279,3521
18280,4576
18281,3193
18282,4198
18283,3997
18284,3360
18285,3092
18286,2898
18287,4032
18288,3629
18289,3456
18290,4456
18291,3874
18292,3065
18293,3950
18294,4009
18295,2993
18296,3556
18297,4306
18298,3184
18299,3308
18300,3349
18301,4241
18302,4061
18303,3483
18304,3507
18305,3733
18306,3073
18307,3846
18308,3350
18309,3875
18310,3399
18311,3009
18312,3125
18313,3591
18314,3847
18315,3627
18316,3645
18317,-1
18318,3774
18319,3781
18320,3604
18321,3305
18322,4612
18323,3600
18324,3700
18325,3779
18326,3347
18327,3279
18328,3427
18329,3867
18330,2753
18331,3324
18332,3242
18333,3281
18334,4216
18335,3636
18336,3912
18337,3574
18338,3744
18339,3181
18340,3451
18341,-1
18342,3729
18343,3119
18344,3448
18345,3340
18346,3990
18347,3251
18348,4299
18349,2794
18350,3202
18351,3553
18352,3444
18353,3906
18354,3727
18355,3468
18356,3151
18357,3577
18358,4103
18359,3445
18360,2975
18361,4069
18362,3933
18363,4385
18364,3159
18365,2757
18366,3646
18367,4261
18368,2986
18369,3753
18370,4418
18371,3501
18372,3636
18373,3818
18374,3356
18375,3207
18376,2825
18377,3017
18378,3899
18379,3595
18380,3699
18381,3379
18382,3606
18383,3683
18384,3901
18385,3157
18386,3516
18387,3296
18388,2455
18389,3677
18390,3471
18391,3976
18392,3385
18393,3728
18394,4163
18395,4464
18396,3414
18397,3360
18398,3812
18399,3758
18400,3821
18401,3410
18402,3330
18403,2614
18404,3192
18405,3891
18406,3508
18407,3568
18408,3433
18409,2690
18410,3858
18411,3509
18412,3736
18413,3409
18414,3414
18415,3366
18416,3541
18417,3274
18418,3565
18419,3402
18420,3624
18421,4217
18422,3509
18423,3520
18424,3970
18425,2580
18426,3275
18427,4284
18428,3524
18429,3174
18430,4034
18431,3879
18432,2844
18433,-1
18434,3977
18435,4075
18436,3159
18437,-1
18438,3827
18439,3651
18440,4021
18441,4260
18442,2955
18443,3514
18444,3324
18445,3479
18446,3106
18447,4680
18448,3281
18449,3995
18450,2675
18451,3890
18452,3801
18453,3770
18454,3467
18455,3637
18456,3720
18457,3898
18458,3967
18459,3622
18460,3744
18461,4593
18462,4003
18463,3023
18464,2755
18465,3522
18466,3894
18467,3386
18468,3435
18469,3347
18470,3682
18471,4100
18472,3081
18473,4052
18474,3258
18475,3505
18476,-1
18477,4136
18478,3192
18479,3445
18480,4074
18481,2934
18482,3573
18483,3588
18484,4571
18485,3739
18486,3096
18487,3389
18488,3578
18489,4005
18490,3828
18491,4006
18492,3634
18493,2729
18494,3874
18495,3991
18496,3851
18497,4372
18498,3893
18499,4633
18500,4049
18501,3203
18502,4252
18503,3567
18504,3676
18505,3914
18506,4136
18507,3942
18508,4221
18509,3113
18510,-1
18511,3292
18512,3048
18513,4457
18514,3237
18515,-1
18516,4112
18517,3862
18518,2437
18519,3623
18520,3406
18521,3712
18522,4178
18523,3462
18524,3964
18525,3511
18526,1856
18527,3853
18528,2905
18529,3539
18530,4149
18531,2689
18532,-1
18533,3343
18534,3904
18535,3652
18536,3878
18537,3872
18538,4320
18539,3652
18540,3056
18541,3907
18542,3379
18543,4275
18544,3323
18545,3216
18546,2963
18547,3305
18548,3359
18549,3625
18550,3267
18551,3415
18552,3856
18553,3625
18554,3145
18555,4250
18556,3675
18557,4069
18558,3095
18559,4148
18560,3408
18561,2722
18562,2923
18563,3686
18564,3423
18565,2914
18566,4393
18567,3892
18568,3117
18569,-1
18570,3631
18571,3356
18572,3592
18573,-1
18574,3376
18575,3418
18576,3441
18577,3341
18578,3070
18579,2531
18580,3388
18581,3631
18582,3628
18583,3591
18584,3044
18585,3518
18586,3674
18587,2990
18588,3014
18589,3842
18590,2702
18591,2934
18592,3427
18593,3864
18594,3458
18595,3308
18596,3206
18597,3709
18598,3569
18599,3747
18600,3632
18601,4084
18602,3445
18603,3677
18604,3562
18605,3148
18606,2832
18607,3070
18608,3662
18609,3919
18610,3583
18611,3862
18612,3600
18613,4209
18614,3430
18615,3619
18616,3510
18617,3889
18618,3093
18619,3925
18620,4938
18621,3115
18622,3944
18623,2888
18624,3472
18625,3043
18626,3679
18627,3387
18628,3551
18629,3911
18630,3790
18631,3566
18632,4126
18633,3555
18634,3656
18635,3603
18636,3272
18637,2997
18638,3660
18639,3623
18640,3025
18641,3350
18642,3171
18643,4150
18644,4033
18645,4426
18646,3589
18647,3546
18648,3586
18649,3694
18650,3443
18651,3260
18652,3776
18653,2982
18654,3569
18655,3009
18656,3224
18657,-1
18658,3305
18659,3686
18660,4396
18661,3749
18662,3679
18663,3261
18664,4117
18665,4033
18666,4725
18667,3911
18668,3490
18669,3990
18670,3099
18671,3554
18672,3521
18673,3492
18674,3027
18675,3333
18676,2486
18677,3505
18678,3012
18679,3390
18680,3707
18681,4025
18682,3337
18683,3537
18684,2546
18685,3718
18686,2712
18687,3762
18688,4213
18689,3168
18690,3351
18691,3924
18692,2423
18693,3145
18694,3710
18695,3742
18696,3385
18697,3293
18698,3666
18699,3836
18700,3659
18701,3258
18702,2936
18703,3513
18704,3401
18705,4051
18706,3848
18707,3125
18708,3337
18709,3701
18710,3075
18711,4090
18712,3992
18713,3502
18714,2951
18715,5429
18716,4013
18717,3761
18718,4233
18719,3873
18720,3267
18721,3572
18722,3348
18723,4269
18724,3578
18725,2823
18726,3291
18727,3936
18728,3219
18729,3475
18730,3193
18731,3424
18732,3277
18733,2446
18734,3445
18735,4004
18736,4760
18737,3307
18738,3713
18739,3815
18740,3544
18741,4000
18742,2930
18743,3298
18744,3257
18745,3940
18746,3238
18747,3601
18748,3140
18749,4207
18750,2855
18751,3716
18752,3415
18753,3763
18754,3810
18755,-1
18756,3246
18757,3404
18758,3460
18759,3872
18760,3311
18761,3207
18762,3750
18763,3560
18764,3435
18765,-1
18766,3690
18767,3337
18768,3568
18769,3511
18770,3769
18771,3410
18772,-1
18773,4197
18774,3495
18775,3904
18776,3198
18777,4273
18778,3184
18779,3665
18780,-1
18781,4174
18782,-1
18783,3133
18784,3957
18785,3799
18786,4215
18787,3975
18788,4349
18789,3666
18790,3306
18791,3509
18792,3756
18793,2821
18794,3906
18795,3666
18796,2967
18797,3928
18798,3167
18799,4211
18800,3406
18801,3397
18802,3958
18803,3583
18804,3602
18805,3045
18806,3967
18807,3845
18808,4008
18809,-1
18810,3532
18811,2922
18812,3153
18813,4053
18814,3556
18815,3304
18816,2884
18817,3732
18818,3359
18819,3307
18820,3474
18821,3669
18822,3323
18823,4211
18824,4023
18825,3289
18826,3857
18827,3746
18828,4118
18829,-1
18830,4064
18831,4274
18832,4028
18833,3700
18834,3379
18835,3598
18836,3723
18837,3341
18838,3740
18839,3883
18840,3686
18841,2944
18842,3508
18843,3291
18844,4176
18845,2882
18846,4210
18847,4046
18848,3428
18849,2634
18850,3800
18851,3619
18852,3923
18853,4352
18854,3943
18855,3782
18856,3698
18857,3452
18858,4980
18859,4274
18860,3100
18861,4393
18862,3437
18863,3344
18864,2618
18865,3858
18866,3553
18867,4359
18868,3536
18869,3550
18870,3615
18871,2390
18872,2858
18873,3818
18874,3274
18875,3089
18876,3085
18877,3708
18878,3447
18879,3837
18880,2634
18881,3201
18882,2637
18883,3377
18884,3212
18885,4301
18886,3186
18887,3513
18888,3705
18889,3609
18890,3996
18891,3035
18892,3734
18893,3281
18894,3681
18895,3110
18896,3694
18897,3751
18898,3480
18899,4293
18900,3450
18901,3506
18902,3509
18903,3660
18904,4060
18905,3784
18906,3648
18907,3718
18908,4132
18909,2912
18910,3554
18911,3728
18912,3791
18913,3434
18914,3638
18915,3524
18916,4226
18917,3899
18918,3690
18919,3639
18920,4515
18921,3797
18922,3235
18923,-1
18924,4033
18925,3974
18926,2962
18927,4774
18928,3327
18929,3908
18930,2931
18931,4059
18932,3639
18933,3563
18934,-1
18935,3682
18936,2939
18937,3636
18938,4268
18939,3777
18940,3401
18941,3520
18942,4612
18943,3653
18944,3322
18945,5194
18946,3349
18947,3592
18948,3545
18949,3511
18950,3562
18951,3794
18952,4059
18953,3642
18954,3764
18955,3471
18956,2587
18957,3380
18958,3547
18959,3395
18960,3417
18961,3615
18962,3075
18963,3347
18964,4545
18965,3370
18966,2900
18967,3441
18968,3753
18969,4309
18970,-1
18971,3569
18972,3807
18973,3845
18974,1798
18975,3237
18976,3492
18977,-1
18978,3364
18979,2748
18980,2815
18981,3851
18982,3474
18983,3642
18984,3894
18985,3897
18986,3674
18987,3784
18988,3593
18989,3402
18990,4458
18991,2608
18992,3714
18993,-1
18994,3789
18995,3505
18996,3247
18997,3408
18998,3231
18999,3163
19000,4110
19001,3450
19002,4155
19003,3736
19004,3241
19005,4464
19006,3530
19007,3533
19008,3078
19009,3122
19010,4374
19011,3528
19012,3696
19013,2955
19014,3692
19015,3467
19016,4047
19017,3376
19018,3358
19019,3431
19020,3298
19021,4036
19022,3105
19023,4259
19024,3422
19025,2249
19026,3696
19027,3865
19028,3032
19029,3479
19030,4433
19031,2901
19032,3402
19033,2938
19034,3178
19035,3080
19036,3637
19037,3084
19038,3836
19039,-1
19040,3579
19041,4125
19042,4184
19043,3276
19044,3039
19045,2371
19046,2730
19047,3506
19048,4114
19049,3859
19050,4237
19051,3317
19052,4586
19053,3409
19054,3431
19055,3711
19056,3571
19057,3882
19058,3735
19059,4130
19060,3415
19061,3546
19062,4129
19063,4078
19064,4059
19065,3216
19066,3393
19067,3054
19068,3777
19069,3797
19070,3540
19071,2851
19072,3192
19073,3381
19074,3376
19075,-1
19076,3739
19077,3752
19078,3144
19079,4056
19080,3656
19081,3017
19082,3652
19083,4187
19084,4816
19085,4231
19086,3776
19087,3484
19088,3407
19089,3383
19090,3689
19091,2807
19092,3414
19093,3661
19094,3321
19095,3633
19096,3694
19097,3945
19098,4636
19099,3314
19100,3546
19101,2425
19102,3307
19103,3363
19104,4157
19105,4118
19106,2970
19107,3282
19108,3315
19109,4085
19110,2855
19111,4049
19112,3951
19113,2975
19114,3501
19115,3539
19116,3556
19117,3828
19118,3894
19119,3015
19120,3574
19121,3480
19122,3590
19123,3400
19124,3671
19125,3938
19126,3386
19127,4200
19128,3621
19129,3840
19130,4140
19131,4328
19132,3695
19133,3303
19134,3680
19135,3607
19136,3657
19137,2486
19138,3437
19139,3810
19140,3596
19141,3468
19142,3035
19143,2920
19144,3319
19145,3558
19146,4098
19147,4556
19148,3445
19149,3796
19150,3273
19151,3534
19152,3813
19153,3386
19154,3823
19155,4184
19156,3593
19157,3283
19158,3974
19159,4041
19160,4599
19161,3993
19162,3618
19163,3334
19164,3543
19165,3169
19166,3955
19167,4010
19168,3782
19169,3386
19170,4270
19171,3774
19172,4544
19173,4131
19174,3194
19175,3078
19176,-1
19177,3831
19178,3888
19179,3688
19180,3426
19181,3784
19182,3776
19183,3860
19184,3234
19185,2263
19186,3688
19187,3709
19188,3319
19189,4731
19190,3386
19191,2643
19192,-1
19193,4421
19194,3950
19195,3842
19196,3168
19197,3660
19198,3957
19199,4202
19200,3689
19201,2675
19202,3889
19203,3849
19204,3181
19205,3391
19206,3403
19207,3357
19208,4053
19209,4146
19210,-1
19211,3753
19212,4466
19213,3823
19214,3336
19215,3548
19216,3362
19217,-1
19218,4067
19219,3763
19220,4849
19221,3773
19222,4182
19223,2943
19224,4110
19225,3362
19226,4823
19227,4263
19228,3381
19229,4813
19230,4726
19231,3987
19232,3701
19233,3737
19234,4586
19235,3740
19236,3648
19237,4277
19238,3150
19239,3108
19240,3820
19241,4303
19242,3252
19243,2710
19244,2999
19245,2922
19246,3159
19247,3846
19248,3018
19249,3330
19250,3139
19251,2923
19252,3666
19253,3519
19254,3715
19255,3489
19256,3436
19257,3758
19258,3992
19259,4540
19260,3953
19261,3346
19262,3950
19263,3933
19264,3253
19265,3677
19266,3607
19267,4654
19268,3427
19269,4097
19270,3816
19271,3705
19272,3608
19273,3658
19274,3499
19275,3800
19276,3513
19277,3721
19278,3962
19279,2779
19280,4448
19281,3393
19282,3128
19283,4275
19284,2586
19285,3855
19286,3803
19287,4097
19288,4163
19289,4552
19290,3150
19291,2554
19292,3454
19293,3708
19294,4398
19295,-1
19296,3771
19297,3648
19298,3844
19299,3413
19300,3822
19301,3485
19302,4280
19303,3558
19304,3332
19305,3802
19306,3057
19307,4244
19308,4066
19309,3872
19310,3776
19311,4287
19312,4031
19313,3589
19314,3706
19315,3688
19316,-1
19317,3630
19318,3601
19319,4768
19320,3564
19321,3990
19322,3658
19323,3568
19324,3929
19325,2805
19326,3633
19327,3703
19328,4355
19329,3259
19330,-1
19331,3127
19332,2984
19333,3454
19334,4402
19335,3385
19336,4210
19337,3784
19338,4005
19339,3623
19340,3443
19341,3564
19342,4177
19343,-1
19344,3440
19345,3990
19346,3134
19347,2143
19348,4026
19349,3677
19350,3824
19351,3374
19352,3912
19353,3488
19354,3730
19355,3725
19356,2880
19357,3693
19358,2770
19359,3547
19360,3763
19361,3485
19362,3506
19363,4238
19364,2900
19365,3041
19366,3729
19367,4107
19368,3424
19369,3883
19370,3334
19371,2943
19372,3698
19373,3657
19374,3422
19375,3212
19376,2945
19377,3324
19378,3239
19379,2885
19380,3296
19381,3253
19382,4152
19383,3544
19384,3348
19385,3545
19386,3203
19387,4244
19388,3705
19389,4290
19390,3426
19391,3411
19392,3259
19393,4159
19394,3429
19395,4302
19396,3329
19397,3397
19398,3883
19399,3500
19400,3406
19401,2901
19402,3554
19403,2681
19404,3127
19405,3588
19406,2952
19407,4041
19408,3888
19409,4237
19410,3267
19411,3811
19412,3654
19413,3167
19414,2970
19415,2855
19416,3599
19417,3462
19418,3140
19419,3347
19420,3385
19421,3522
19422,3156
19423,3808
19424,3386
19425,3728
19426,3434
19427,3946
19428,3472
19429,3380
19430,3744
19431,3119
19432,3699
19433,4428
19434,3664
19435,3333
19436,3619
19437,3573
19438,4006
19439,3307
19440,4111
19441,3573
19442,3649
19443,3663
19444,3755
19445,3376
19446,3695
19447,3811
19448,2924
19449,3325
19450,4654
19451,3566
19452,-1
19453,3504
19454,3560
19455,3875
19456,3141
19457,3759
19458,2887
19459,3300
19460,3509
19461,3469
19462,3158
19463,3194
19464,3301
19465,3275
19466,3519
19467,3432
19468,3545
19469,3038
19470,3024
19471,3667
19472,3748
19473,2822
19474,4116
19475,4116
19476,3647
19477,4106
19478,2668
19479,3176
19480,3380
19481,3124
19482,4128
19483,2713
19484,4011
19485,3464
19486,-1
19487,3528
19488,4015
19489,3360
19490,4135
19491,-1
19492,3946
19493,3497
19494,4365
19495,3961
19496,4127
19497,2909
19498,3235
19499,3445
19500,4103
19501,3566
19502,3491
19503,2746
19504,3452
19505,3196
19506,3061
19507,4703
19508,3517
19509,3616
19510,3454
19511,2807
19512,3436
19513,3331
19514,4221
19515,4134
19516,3436
19517,3988
19518,3916
19519,3554
19520,2397
19521,2964
19522,4026
19523,3237
19524,3005
19525,3413
19526,-1
19527,3298
19528,4668
19529,4232
19530,4106
19531,3492
19532,4143
19533,3039
19534,3094
19535,3712
19536,3818
19537,3340
19538,3705
19539,3665
19540,3645
19541,3976
19542,3452
19543,2812
19544,2824
19545,3017
19546,4019
19547,2823
19548,3233
19549,3609
19550,3629
19551,3754
19552,2740
19553,3396
19554,3870
19555,3512
19556,3561
19557,3495
19558,3994
19559,3740
19560,3342
19561,4203
19562,3914
19563,3657
19564,4094
19565,3349
19566,3394
19567,3816
19568,3669
19569,3997
19570,3402
19571,4062
19572,3885
19573,3428
19574,4361
19575,3619
19576,4349
19577,3257
19578,3836
19579,2983
19580,3853
19581,3827
19582,3318
19583,3559
19584,3325
19585,3494
19586,3829
19587,3678
19588,3191
19589,3791
19590,3362
19591,3666
19592,3239
19593,3569
19594,2885
19595,3499
19596,4004
19597,3649
19598,3839
19599,3223
19600,4091
19601,3879
19602,3782
19603,3570
19604,3721
19605,3344
19606,3970
19607,3305
19608,3708
19609,3068
19610,4436
19611,3867
19612,3761
19613,2772
19614,2950
19615,3284
19616,3343
19617,3142
19618,3586
19619,3398
19620,3833
19621,4024
19622,-1
19623,4295
19624,2874
19625,3923
19626,3258
19627,3374
19628,3008
19629,4361
19630,3594
19631,3844
19632,3782
19633,3064
19634,2631
19635,4410
19636,3914
19637,3539
19638,3736
19639,3233
19640,3367
19641,3695
19642,3683
19643,3387
19644,4442
19645,3448
19646,3036
19647,3392
19648,3486
19649,3636
19650,3440
19651,3681
19652,3768
19653,3930
19654,2677
19655,3531
19656,-1
19657,3862
19658,3190
19659,4187
19660,4026
19661,3393
19662,3094
19663,4523
19664,2631
19665,3034
19666,3554
19667,3694
19668,3042
19669,3463
19670,3504
19671,5220
19672,3206
19673,4071
19674,3149
19675,4097
19676,3413
19677,4352
19678,3657
19679,3689
19680,3315
19681,3153
19682,3252
19683,4016
19684,3446
19685,4716
19686,4474
19687,3577
19688,4402
19689,3608
19690,4267
19691,4322
19692,4137
19693,3611
19694,3684
19695,3664
19696,3909
19697,3036
19698,3857
19699,3324
19700,3417
19701,4325
19702,3391
19703,3925
19704,3210
19705,2729
19706,3453
19707,3898
19708,3367
19709,3627
19710,3683
19711,3498
19712,3388
19713,3581
19714,3556
19715,2987
19716,3957
19717,3503
19718,3633
19719,3341
19720,3080
19721,3625
19722,3455
19723,3591
19724,3277
19725,3522
19726,3176
19727,3008
19728,3112
19729,2872
19730,4232
19731,4442
19732,3704
19733,4002
19734,3580
19735,3657
19736,3981
19737,3515
19738,3583
19739,3646
19740,3739
19741,3644
19742,3390
19743,4191
19744,3539
19745,4504
19746,3669
19747,3866
19748,3795
19749,2928
19750,3931
19751,3673
19752,3947
19753,3196
19754,4665
19755,3159
19756,3809
19757,3503
19758,4670
19759,3816
19760,3479
19761,3701
19762,3438
19763,3235
19764,2804
19765,3494
19766,3247
19767,4107
19768,3523
19769,2942
19770,2865
19771,3800
19772,3481
19773,3072
19774,4437
19775,3389
19776,3765
19777,3975
19778,4032
19779,3830
19780,4162
19781,3457
19782,4070
19783,4165
19784,2392
19785,2761
19786,3854
19787,3426
19788,3990
19789,3725
19790,3977
19791,3278
19792,4115
19793,3518
19794,3594
19795,4147
19796,3275
19797,3660
19798,3706
19799,4121
19800,3686
19801,3401
19802,-1
19803,4396
19804,-1
19805,3220
19806,3756
19807,3966
19808,4730
19809,3211
19810,3248
19811,3937
19812,4055
19813,4038
19814,3408
19815,4292
19816,4439
19817,3414
19818,3361
19819,3297
19820,3893
19821,4835
19822,3375
19823,3069
19824,3784
19825,3596
19826,3257
19827,3581
19828,3717
19829,3586
19830,3630
19831,4066
19832,4212
19833,4040
19834,3479
19835,4225
19836,4140
19837,2917
19838,4096
19839,3779
19840,3548
19841,3130
19842,3265
19843,3372
19844,3629
19845,2999
19846,3728
19847,2715
19848,3373
19849,3683
19850,3634
19851,3767
19852,3967
19853,2750
19854,4044
19855,-1
19856,3396
19857,3477
19858,-1
19859,3211
19860,3422
19861,3118
19862,4036
19863,3250
19864,3404
19865,-1
19866,3590
19867,3081
19868,2726
19869,4168
19870,3813
19871,3673
19872,3445
19873,3460
19874,4086
19875,3182
19876,3860
19877,3584
19878,4044
19879,4030
19880,3284
19881,4181
19882,2687
19883,2925
19884,4022
19885,4135
19886,3500
19887,3729
19888,3472
19889,2792
19890,2600
19891,2496
19892,3428
19893,3497
19894,2916
19895,4123
19896,3454
19897,3976
19898,2964
19899,3875
19900,3357
19901,3047
19902,2980
19903,4223
19904,3036
19905,2880
19906,4157
19907,3228
19908,4009
19909,3585
19910,3285
19911,2979
19912,4467
19913,4072
19914,3769
19915,3166
19916,3392
19917,3598
19918,3922
19919,3577
19920,2506
19921,-1
19922,3543
19923,3772
19924,3030
19925,3929
19926,3217
19927,3265
19928,3092
19929,4086
19930,3743
19931,3614
19932,3266
19933,2413
19934,3958
19935,2798
19936,3482
19937,3595
19938,3631
19939,3847
19940,-1
19941,4100
19942,3619
19943,3189
19944,3089
19945,3308
19946,3789
19947,3750
19948,3040
19949,2728
19950,4205
19951,4031
19952,3255
19953,2956
19954,3866
19955,2689
19956,3580
19957,3044
19958,3418
19959,3938
19960,3520
19961,3956
19962,2916
19963,4712
19964,3852
19965,4644
19966,3287
19967,3308
19968,2952
19969,3456
19970,2594
19971,3045
19972,3672
19973,3151
19974,4221
19975,3808
19976,4437
19977,-1
19978,3915
19979,3299
19980,3593
19981,3993
19982,3855
19983,3222
19984,3405
19985,-1
19986,3465
19987,3443
19988,3417
19989,3463
19990,3409
19991,3701
19992,4459
19993,3799
19994,4300
19995,3587
19996,3467
19997,3980
19998,3648
19999,3097
20000,4279
20001,-1
20002,3135
20003,3347
20004,4148
20005,3891
20006,3569
20007,3691
20008,3954
20009,3592
20010,3528
20011,4125
20012,4001
20013,3642
20014,3707
20015,3539
20016,3424
20017,3731
20018,3180
20019,3267
20020,3903
20021,3369
20022,3423
20023,4607
20024,2944
20025,3491
20026,3113
20027,3453
20028,3498
20029,3601
20030,3393
20031,3146
20032,3713
20033,3353
20034,3855
20035,3649
20036,4094
20037,3797
20038,2847
20039,2767
20040,4238
20041,3548
20042,3902
20043,3370
20044,2853
20045,3264
20046,4142
20047,3095
20048,3116
20049,3914
20050,3837
20051,3314
20052,2992
20053,2460
20054,3757
20055,3618
20056,3948
20057,2945
20058,3291
20059,3935
20060,4624
20061,4048
20062,3628
20063,3212
20064,-1
20065,3517
20066,4098
20067,3913
20068,3716
20069,3186
20070,2809
20071,2498
20072,3474
20073,4035
20074,3332
20075,3417
20076,3201
20077,2968
20078,3906
20079,3353
20080,4120
20081,4328
20082,2842
20083,3566
20084,3200
20085,2917
20086,3929
20087,3255
20088,3680
20089,4108
20090,3172
20091,3770
20092,4462
20093,3288
20094,3321
20095,2910
20096,3049
20097,3454
20098,3506
20099,2710
20100,3687
20101,-1
20102,3468
20103,3413
20104,2087
20105,4026
20106,3340
20107,2823
20108,3169
20109,3551
20110,3061
20111,2936
20112,3666
20113,3648
20114,3489
20115,3693
20116,2436
20117,3416
20118,3649
20119,3927
20120,4169
20121,3698
20122,3274
20123,3324
20124,4016
20125,2741
20126,3459
20127,3484
20128,3424
20129,3055
20130,4078
20131,3529
20132,3271
20133,3728
20134,3167
20135,3061
20136,3629
20137,3291
20138,3070
20139,3773
20140,3275
20141,4828
20142,3843
20143,3904
20144,4084
20145,3867
20146,3732
20147,4216
20148,3178
20149,3574
20150,3511
20151,4829
20152,3611
20153,3578
20154,4146
20155,3019
20156,-1
20157,2306
20158,3818
20159,3974
20160,3666
20161,4602
20162,4257
20163,-1
20164,3493
20165,3486
20166,3488
20167,3028
20168,3405
20169,3710
20170,2395
20171,4020
20172,3409
20173,3362
20174,3842
20175,3661
20176,3666
20177,4858
20178,3262
20179,3127
20180,3558
20181,3837
20182,4049
20183,3015
20184,3447
20185,4102
20186,4268
20187,3478
20188,2807
20189,4247
20190,3394
20191,4181
20192,3423
20193,3540
20194,3438
20195,4056
20196,3753
20197,3464
20198,3267
20199,3591
20200,4268
20201,3683
20202,3413
20203,4454
20204,3596
20205,2928
20206,3537
20207,3341
20208,3617
20209,4288
20210,3616
20211,3929
20212,-1
20213,3852
20214,2968
20215,3626
20216,3132
20217,3502
20218,2729
20219,3262
20220,3059
20221,3856
20222,3177
20223,3314
20224,4379
20225,3485
20226,4043
20227,2527
20228,2920
20229,3827
20230,3719
20231,3098
20232,4293
20233,3742
20234,3410
20235,3784
20236,3849
20237,3239
20238,3707
20239,4094
20240,3385
20241,3465
20242,3393
20243,3763
20244,3956
20245,3292
20246,4413
20247,2657
20248,3041
20249,3533
20250,4108
20251,3428
20252,3843
20253,3261
20254,5039
20255,3734
20256,3262
20257,4509
20258,3382
20259,3754
20260,4241
20261,3329
20262,3539
20263,3917
20264,3285
20265,3577
20266,3700
20267,3847
20268,2660
20269,3639
20270,3538
20271,3782
20272,2761
20273,4118
20274,-1
20275,3832
20276,3808
20277,3560
20278,4098
20279,3807
20280,3452
20281,3464
20282,2883
20283,3031
20284,4894
20285,3072
20286,3470
20287,3789
20288,3615
20289,3674
20290,3439
20291,4029
20292,3368
20293,3082
20294,3930
20295,3435
20296,3437
20297,3600
20298,3974
20299,4253
20300,3329
20301,3649
20302,3754
20303,3206
20304,3115
20305,3197
20306,3360
20307,3609
20308,3979
20309,4492
20310,2676
20311,4121
20312,3706
20313,3574
20314,3060
20315,3643
20316,2663
20317,3675
20318,3581
20319,2846
20320,3909
20321,3446
20322,4093
20323,3850
20324,4538
20325,3323
20326,3009
20327,3248
20328,3566
20329,3304
20330,-1
20331,3720
20332,3569
20333,3869
20334,3164
20335,4231
20336,3481
20337,3941
20338,3087
20339,4514
20340,2603
20341,4103
20342,3363
20343,3474
20344,3242
20345,3188
20346,4019
20347,3316
20348,3644
20349,3099
20350,3302
20351,3149
20352,2725
20353,3223
20354,4366
20355,3777
20356,3661
20357,3665
20358,4049
20359,3968
20360,3773
20361,3752
20362,3367
20363,4459
20364,4098
20365,3891
20366,3557
20367,3744
20368,4194
20369,4376
20370,3473
20371,3373
20372,3551
20373,4194
20374,3435
20375,3666
20376,4953
20377,3260
20378,3789
20379,4327
20380,3678
20381,3453
20382,3194
20383,3994
20384,3975
20385,3500
20386,2720
20387,3325
20388,4097
20389,4057
20390,3737
20391,3114
20392,3465
20393,3738
20394,4340
20395,2724
20396,3788
20397,4279
20398,3353
20399,4169
20400,-1
20401,3694
20402,3327
20403,3841
20404,3826
20405,3645
20406,4302
20407,3743
20408,3341
20409,3610
20410,3569
20411,3613
20412,3439
20413,3042
20414,2905
20415,3040
20416,3479
20417,4536
20418,2387
20419,3656
20420,3650
20421,3189
20422,3887
20423,2939
20424,3276
20425,4331
20426,3487
20427,3996
20428,3353
20429,3625
20430,3015
20431,3467
20432,4177
20433,3328
20434,3769
20435,3898
20436,3565
20437,3525
20438,4189
20439,-1
20440,3071
20441,3566
20442,4564
20443,3360
20444,-1
20445,4108
20446,3428
20447,2478
20448,3544
20449,2574
20450,3571
20451,2829
20452,3576
20453,3289
20454,4009
20455,3834
20456,3677
20457,3865
20458,3462
20459,4509
20460,3674
20461,3588
20462,3549
20463,3548
20464,2863
20465,4231
20466,3159
20467,4051
20468,3404
20469,3135
20470,4991
20471,3659
20472,3764
20473,3849
20474,3967
20475,4272
20476,3535
20477,-1
20478,3547
20479,3716
20480,3784
20481,3722
20482,3357
20483,3446
20484,4156
20485,3937
20486,3976
20487,2771
20488,2991
20489,3675
20490,3983
20491,4497
20492,-1
20493,4103
20494,3317
20495,3269
20496,3878
20497,3427
20498,2839
20499,3875
20500,3390
20501,3799
20502,4504
20503,3740
20504,3585
20505,2925
20506,3893
20507,3446
20508,3602
20509,3704
20510,3842
20511,3757
20512,3045
20513,4009
20514,2826
20515,3759
20516,3395
20517,3813
20518,2871
20519,4152
20520,3867
20521,3676
20522,3089
20523,3064
20524,2780
20525,3064
20526,3232
20527,4051
20528,4333
20529,4501
20530,3542
20531,3271
20532,3839
20533,3131
20534,3210
20535,3402
20536,3488
20537,3959
20538,3698
20539,3918
20540,3280
20541,3595
20542,3617
20543,3235
20544,4132
20545,2959
20546,3998
20547,3712
20548,4245
20549,3071
20550,3446
20551,3599
20552,3425
20553,4686
20554,3350
20555,3199
20556,3713
20557,3214
20558,3671
20559,3025
20560,3646
20561,3599
20562,-1
20563,3564
20564,4226
20565,3729
20566,3753
20567,3980
20568,3761
20569,3347
20570,3750
20571,3760
20572,2940
20573,3616
20574,3336
20575,3537
20576,4076
20577,3240
20578,3298
20579,4070
20580,2860
20581,1537
20582,3374
20583,3110
20584,3438
20585,2948
20586,3246
20587,3924
20588,2469
20589,3291
20590,3357
20591,4349
20592,3013
20593,3402
20594,2879
20595,3424
20596,3988
20597,3738
20598,3142
20599,4592
20600,2749
20601,3415
20602,3441
20603,3635
20604,3137
20605,3158
20606,3588
20607,3368
20608,3446
20609,4556
20610,3801
20611,3759
20612,3883
20613,2736
20614,3508
20615,3407
20616,2998
20617,3627
20618,3391
20619,3786
20620,3738
20621,3168
20622,3582
20623,1820
20624,3935
20625,3834
20626,3640
20627,3614
20628,3596
20629,3109
20630,3882
20631,3662
20632,3350
20633,2997
20634,3897
20635,4363
20636,2924
20637,3507
20638,3779
20639,3402
20640,3373
20641,3711
20642,3553
20643,3571
20644,2430
20645,3934
20646,4361
20647,3262
20648,3809
20649,3565
20650,3306
20651,3570
20652,3309
20653,3329
20654,3856
20655,4260
20656,3943
20657,3590
20658,4034
20659,4302
20660,3723
20661,3266
20662,3525
20663,3280
20664,4155
20665,4220
20666,3989
20667,3431
20668,3259
20669,4058
20670,3634
20671,1947
20672,3761
20673,3052
20674,3661
20675,3397
20676,3659
20677,2829
20678,4089
20679,3923
20680,3922
20681,3555
20682,3593
20683,3496
20684,3861
20685,3933
20686,4539
20687,3268
20688,3307
20689,2780
20690,3582
20691,3733
20692,3719
20693,3055
20694,3653
20695,-1
20696,4189
20697,3713
20698,3748
20699,3196
20700,3869
20701,3339
20702,3750
20703,3780
20704,2137
20705,3908
20706,3643
20707,3478
20708,4109
20709,3878
20710,3146
20711,3887
20712,3588
20713,3938
20714,3372
20715,-1
20716,3039
20717,3822
20718,3917
20719,3630
20720,3782
20721,4189
20722,3213
20723,3732
20724,3742
20725,3173
20726,3947
20727,3235
20728,4341
20729,3407
20730,4026
20731,3305
20732,3608
20733,3585
20734,4126
20735,3262
20736,3542
20737,3571
20738,3738
20739,5276
20740,4230
20741,3455
20742,4034
20743,4205
20744,4086
20745,3874
20746,3560
20747,3630
20748,3179
20749,3413
20750,3664
20751,3612
20752,3533
20753,4108
20754,4676
20755,3334
20756,4008
20757,4314
20758,3982
20759,3765
20760,4261
20761,3704
20762,4008
20763,4037
20764,3213
20765,-1
20766,4076
20767,3720
20768,3448
20769,2591
20770,3075
20771,2461
20772,3483
20773,4095
20774,3274
20775,4062
20776,3540
20777,3324
20778,2651
20779,3627
20780,3435
20781,3289
20782,4025
20783,3582
20784,4185
20785,3236
20786,3349
20787,3408
20788,3355
20789,4004
20790,3474
20791,3725
20792,3235
20793,2852
20794,3850
20795,3360
20796,2741
20797,3751
20798,4172
20799,4056
20800,3567
20801,3477
20802,2945
20803,3363
20804,-1
20805,3034
20806,3887
20807,3747
20808,3629
20809,3877
20810,4261
20811,3493
20812,3660
20813,4442
20814,3445
20815,4318
20816,3930
20817,3745
20818,3129
20819,3518
20820,3531
20821,3350
20822,3484
20823,3311
20824,3596
20825,5405
20826,-1
20827,3789
20828,3127
20829,2913
20830,4008
20831,4295
20832,4204
20833,3200
20834,3080
20835,3435
20836,3830
20837,3622
20838,-1
20839,4630
20840,3217
20841,2849
20842,4745
20843,3364
20844,3193
20845,3354
20846,3798
20847,3277
20848,3753
20849,3846
20850,3636
20851,3927
20852,-1
20853,3316
20854,3910
20855,3197
20856,-1
20857,3914
20858,3457
20859,3530
20860,3426
20861,3424
20862,3171
20863,3799
20864,2620
20865,3189
20866,2948
20867,4009
20868,4063
20869,2648
20870,3513
20871,3716
20872,3455
20873,3290
20874,3713
20875,4182
20876,3043
20877,3996
20878,4331
20879,3140
20880,3650
20881,3112
20882,3089
20883,3352
20884,4126
20885,3755
20886,4110
20887,4269
20888,2326
20889,3657
20890,4336
20891,3706
20892,3875
20893,3377
20894,4119
20895,3901
20896,3817
20897,3129
20898,4112
20899,3950
20900,3520
20901,2423
20902,3295
20903,3758
20904,4025
20905,3432
20906,3050
20907,3383
20908,3922
20909,3351
20910,3765
20911,4102
20912,3015
20913,3163
20914,3951
20915,3617
20916,3935
20917,3819
20918,3593
20919,3494
20920,3967
20921,3161
20922,3818
20923,4097
20924,3423
20925,3254
20926,3236
20927,3726
20928,3576
20929,3273
20930,3890
20931,3656
20932,3235
20933,3728
20934,3747
20935,3904
20936,3810
20937,3772
20938,4523
20939,2690
20940,3083
20941,3388
20942,3778
20943,3475
20944,4034
20945,3754
20946,3827
20947,3484
20948,3992
20949,3740
20950,2958
20951,3679
20952,3629
20953,3375
20954,3467
20955,3280
20956,3065
20957,2869
20958,3304
20959,3440
20960,3340
20961,3804
20962,3764
20963,3766
20964,3401
20965,3664
20966,4160
20967,3668
20968,2871
20969,3805
20970,3285
20971,3312
20972,3784
20973,4044
20974,3613
20975,3807
20976,3739
20977,3859
20978,3468
20979,2557
20980,3233
20981,3940
20982,3100
20983,2698
20984,3766
20985,3601
20986,3752
20987,4823
20988,3416
20989,3744
20990,-1
20991,3736
20992,4054
20993,4118
20994,3367
20995,4325
20996,4285
20997,3528
20998,4055
20999,3120
21000,3963
21001,3013
21002,3243
21003,3551
21004,3725
21005,4338
21006,3621
21007,3477
21008,3251
21009,4381
21010,3711
21011,3888
21012,3572
21013,3187
21014,3804
21015,3838
21016,3962
21017,3256
21018,2977
21019,3279
21020,4619
21021,3258
21022,2596
21023,3673
21024,3329
21025,3123
21026,3639
21027,3115
21028,3774
21029,3721
21030,4104
21031,2562
21032,3102
21033,3401
21034,3788
21035,4214
21036,-1
21037,2953
21038,4655
21039,3178
21040,3259
21041,3637
21042,3122
21043,3695
21044,2041
21045,3289
21046,3158
21047,4049
21048,3826
21049,3344
21050,3028
21051,3799
21052,3817
21053,3261
21054,3045
21055,3763
21056,3720
21057,2792
21058,3009
21059,3830
21060,3358
21061,3935
21062,3903
21063,3735
21064,3343
21065,3390
21066,3751
21067,4136
21068,3721
21069,3564
21070,4100
21071,3544
21072,3629
21073,3431
21074,3414
21075,4155
21076,3045
21077,3929
21078,3523
21079,3701
21080,3898
21081,4138
21082,3265
21083,4207
21084,3711
21085,4302
21086,3933
21087,3624
21088,2825
21089,3953
21090,2744
21091,3312
21092,3534
21093,3682
21094,3446
21095,4139
21096,3501
21097,4010
21098,2630
21099,3453
21100,3625
21101,4125
21102,4526
21103,2964
21104,3737
21105,3211
21106,-1
21107,4698
21108,3064
21109,3487
21110,3825
21111,4030
21112,3505
21113,3102
21114,3306
21115,4712
21116,3371
21117,3839
21118,4165
21119,3781
21120,2939
21121,4239
21122,3757
21123,3150
21124,3991
21125,3404
21126,3455
21127,3868
21128,3127
21129,3512
21130,3983
21131,3899
21132,3311
21133,3834
21134,3572
21135,3802
21136,4370
21137,2954
21138,4061
21139,3394
21140,4011
21141,3785
21142,4188
21143,3137
21144,3597
21145,3429
21146,3361
21147,3878
21148,3516
21149,3617
21150,3231
21151,4395
21152,2836
21153,3848
21154,3303
21155,3186
21156,3256
21157,3588
21158,4094
21159,3264
21160,3060
21161,3851
21162,3020
21163,4023
21164,3232
21165,4138
21166,3717
21167,3763
21168,3580
21169,3512
21170,3954
21171,3924
21172,3994
21173,3658
21174,3536
21175,3725
21176,3032
21177,4168
21178,3977
21179,4093
21180,2982
21181,4047
21182,4428
21183,2981
21184,4061
21185,3976
21186,4224
21187,3672
21188,-1
21189,4147
21190,3278
21191,4450
21192,3821
21193,4533
21194,4210
21195,3462
21196,4128
21197,3945
21198,3451
21199,3478
21200,3278
21201,3220
21202,4152
21203,3910
21204,3148
21205,3826
21206,3188
21207,3576
21208,3953
21209,2756
21210,3874
21211,3234
21212,3609
21213,3559
21214,3837
21215,3541
21216,2982
21217,2833
21218,3296
21219,4080
21220,3837
21221,-1
21222,3986
21223,4162
21224,3942
21225,3934
21226,3700
21227,4137
21228,3390
21229,3517
21230,3744
21231,3247
21232,3715
21233,3274
21234,3429
21235,3493
21236,3925
21237,3687
21238,3450
21239,4060
21240,3782
21241,3881
21242,3697
21243,2739
21244,3856
21245,3044
21246,3417
21247,3636
21248,3451
21249,2499
21250,4446
21251,4263
21252,3568
21253,3659
21254,3102
21255,4557
21256,3568
21257,3193
21258,3268
21259,4048
21260,3370
21261,3622
21262,3139
21263,3742
21264,2625
21265,3850
21266,3478
21267,-1
21268,3711
21269,4696
21270,3194
21271,3437
21272,4153
21273,4247
21274,4436
21275,3399
21276,3482
21277,3759
21278,3449
21279,3770
21280,3241
21281,3448
21282,4598
21283,3836
21284,3830
21285,4453
21286,4359
21287,5635
21288,4130
21289,3398
21290,2290
21291,3876
21292,4189
21293,3755
21294,3837
21295,4599
21296,3262
21297,3766
21298,3661
21299,3447
21300,4386
21301,3121
21302,3838
21303,3523
21304,4407
21305,3430
21306,3342
21307,3006
21308,3230
21309,3348
21310,3997
21311,4181
21312,4393
21313,4586
21314,4515
21315,2997
21316,2977
21317,-1
21318,4162
21319,5077
21320,3720
21321,3153
21322,4042
21323,4613
21324,3433
21325,2902
21326,3415
21327,3855
21328,3423
21329,3680
21330,3873
21331,3653
21332,3650
21333,4351
21334,3745
21335,3107
21336,3859
21337,3901
21338,3467
21339,3614
21340,1971
21341,4804
21342,3406
21343,3543
21344,3098
21345,2980
21346,4148
21347,3916
21348,4046
21349,3963
21350,3516
21351,4013
21352,2998
21353,3681
21354,3728
21355,4021
21356,3086
21357,3709
21358,4031
21359,2185
21360,3514
21361,3453
21362,4332
21363,3618
21364,3633
21365,3875
21366,2625
21367,3212
21368,3412
21369,3804
21370,3440
21371,3756
21372,3554
21373,4188
21374,3442
21375,3359
21376,4043
21377,3617
21378,3482
21379,3366
21380,3874
21381,3867
21382,3643
21383,3392
21384,3757
21385,2718
21386,4338
21387,3273
21388,3610
21389,3269
21390,3484
21391,3955
21392,3844
21393,3171
21394,3133
21395,2822
21396,3547
21397,3544
21398,3739
21399,3471
21400,3862
21401,3713
21402,3129
21403,3105
21404,3726
21405,3806
21406,3814
21407,3551
21408,3952
21409,3646
21410,3228
21411,3694
21412,3441
21413,4219
21414,3167
21415,3144
21416,3359
21417,3656
21418,4439
21419,4139
21420,5205
21421,3327
21422,-1
21423,3824
21424,3530
21425,4074
21426,3596
21427,3341
21428,3883
21429,4276
21430,3466
21431,2972
21432,4109
21433,2988
21434,3728
21435,3715
21436,2977
21437,3676
21438,3806
21439,3579
21440,2253
21441,3568
21442,3957
21443,3089
21444,4261
21445,3882
21446,3908
21447,2996
21448,3413
21449,3693
21450,3645
21451,3568
21452,3745
21453,3429
21454,3003
21455,3882
21456,-1
21457,3372
21458,3883
21459,-1
21460,3962
21461,3294
21462,3777
21463,3772
21464,3073
21465,3304
21466,3185
21467,3446
21468,3724
21469,3933
21470,3473
21471,3420
21472,3450
21473,3470
21474,2515
21475,3274
21476,3255
21477,4196
21478,3399
21479,4667
21480,2897
21481,3237
21482,4114
21483,3946
21484,3834
21485,4253
21486,3389
21487,3401
21488,3403
21489,2807
21490,4957
21491,3503
21492,3490
21493,3937
21494,3241
21495,3557
21496,3767
21497,2433
21498,3953
21499,3305
21500,3673
21501,3945
21502,3693
21503,4795
21504,3540
21505,3754
21506,3433
21507,3959
21508,3804
21509,4180
21510,4137
21511,3521
21512,2899
21513,3219
21514,3208
21515,4555
21516,3213
21517,4211
21518,3557
21519,4350
21520,3134
21521,3562
21522,3478
21523,3371
21524,3877
21525,4211
21526,3662
21527,2730
21528,3471
21529,3807
21530,3354
21531,2621
21532,4280
21533,3797
21534,3444
21535,4195
21536,3845
21537,3562
21538,3523
21539,3686
21540,3395
21541,3673
21542,4032
21543,3391
21544,3632
21545,3332
21546,3959
21547,-1
21548,3321
21549,3642
21550,3271
21551,3423
21552,3440
21553,3003
21554,3758
21555,3831
21556,2904
21557,3455
21558,3991
21559,3393
21560,3579
21561,3899
21562,3684
21563,3096
21564,3018
21565,3556
21566,3595
21567,3509
21568,3899
21569,3742
21570,3364
21571,3904
21572,4989
21573,4054
21574,3577
21575,3926
21576,3634
21577,4111
21578,3429
21579,2902
21580,3744
21581,3500
21582,3259
21583,4430
21584,3381
21585,3632
21586,3407
21587,3548
21588,2557
21589,4558
21590,3570
21591,3860
21592,3752
21593,3874
21594,3091
21595,3762
21596,4202
21597,4016
21598,3313
21599,4493
21600,2776
21601,3301
21602,4175
21603,3686
21604,3946
21605,4053
21606,3495
21607,3587
21608,3481
21609,4411
21610,3685
21611,3662
21612,3463
21613,3945
21614,4064
21615,3485
21616,3861
21617,3896
21618,3776
21619,3876
21620,2937
21621,3011
21622,2991
21623,3018
21624,3555
21625,3423
21626,3815
21627,2733
21628,3380
21629,2693
21630,4136
21631,3244
21632,3618
21633,3277
21634,3906
21635,3542
21636,2733
21637,2994
21638,3284
21639,3300
21640,3738
21641,4074
21642,4418
21643,3268
21644,3988
21645,3793
21646,3319
21647,3669
21648,4536
21649,4234
21650,3665
21651,3942
21652,3754
21653,3816
21654,3690
21655,3243
21656,4174
21657,3525
21658,3545
21659,2794
21660,3656
21661,3004
21662,3411
21663,3785
21664,3497
21665,3860
21666,3789
21667,3835
21668,3911
21669,3485
21670,4404
21671,3742
21672,3141
21673,4051
21674,3161
21675,3887
21676,3222
21677,3843
21678,3772
21679,3823
21680,3678
21681,3591
21682,3400
21683,3434
21684,3587
21685,3612
21686,3174
21687,3789
21688,3600
21689,3730
21690,3161
21691,3425
21692,2933
21693,4461
21694,4763
21695,3562
21696,3801
21697,2972
21698,4164
21699,3878
21700,3709
21701,3025
21702,3617
21703,3956
21704,3171
21705,3725
21706,3377
21707,3192
21708,3232
21709,3614
21710,3406
21711,3123
21712,3012
21713,4257
21714,3577
21715,4299
21716,-1
21717,3814
21718,3202
21719,3450
21720,3928
21721,3544
21722,4161
21723,3532
21724,2965
21725,3016
21726,4183
21727,3599
21728,3676
21729,3770
21730,2247
21731,3967
21732,3816
21733,3708
21734,4118
21735,3384
21736,3325
21737,3376
21738,3584
21739,2710
21740,4052
21741,4771
21742,2463
21743,3226
21744,3753
21745,-1
21746,3410
21747,3502
21748,4445
21749,3921
21750,3595
21751,2688
21752,4052
21753,3380
21754,3464
21755,3274
21756,3542
21757,3902
21758,3382
21759,3925
21760,3889
21761,4100
21762,3818
21763,2819
21764,3175
21765,3758
21766,3616
21767,3343
21768,3686
21769,3294
21770,3233
21771,3083
21772,3740
21773,3307
21774,3388
21775,-1
21776,3406
21777,3722
21778,3468
21779,3912
21780,2486
21781,3658
21782,3677
21783,3266
21784,3597
21785,3721
21786,3420
21787,-1
21788,3976
21789,3019
21790,3742
21791,3301
21792,3433
21793,3823
21794,3972
21795,4322
21796,2924
21797,3554
21798,3421
21799,2897
21800,1860
21801,3373
21802,3647
21803,3539
21804,3773
21805,3515
21806,2805
21807,3597
21808,3726
21809,3502
21810,3918
21811,3951
21812,2905
21813,3723
21814,3981
21815,3874
21816,3314
21817,4375
21818,3272
21819,2686
21820,4224
21821,3879
21822,-1
21823,3634
21824,4201
21825,3308
21826,3608
21827,3758
21828,3758
21829,3851
21830,3795
21831,3927
21832,2920
21833,4208
21834,3626
21835,4696
21836,2627
21837,4067
21838,3288
21839,3639
21840,3708
21841,3698
21842,3052
21843,4181
21844,3689
21845,3375
21846,5123
21847,3637
21848,3976
21849,3898
21850,2616
21851,3752
21852,3241
21853,3897
21854,3682
21855,3677
21856,3621
21857,3443
21858,3406
21859,3884
21860,3516
21861,2999
21862,3544
21863,3297
21864,3205
21865,3765
21866,3814
21867,3629
21868,4182
21869,3780
21870,3729
21871,3467
21872,3258
21873,3177
21874,3307
21875,4135
21876,3945
21877,3438
21878,4507
21879,3179
21880,3290
21881,3455
21882,3558
21883,3658
21884,3666
21885,4271
21886,4008
21887,4395
21888,3686
21889,3609
21890,4551
21891,2831
21892,3833
21893,3702
21894,3048
21895,3531
21896,4008
21897,3978
21898,3798
21899,4626
21900,3837
21901,3817
21902,3903
21903,3342
21904,3240
21905,3151
21906,3040
21907,3604
21908,4244
21909,3542
21910,4018
21911,2957
21912,3518
21913,3713
21914,3657
21915,3749
21916,3226
21917,3434
21918,3522
21919,4050
21920,2974
21921,4298
21922,3809
21923,3601
21924,3741
21925,3753
21926,3748
21927,2897
21928,4057
21929,2969
21930,3592
21931,3698
21932,3605
21933,3130
21934,2605
21935,3444
21936,3646
21937,3478
21938,3248
21939,3258
21940,3623
21941,3869
21942,4098
21943,3605
21944,3981
21945,3869
21946,3564
21947,4692
21948,3301
21949,4035
21950,3401
21951,3862
21952,2990
21953,3463
21954,3795
21955,3616
21956,3164
21957,4253
21958,3570
21959,3506
21960,3313
21961,4529
21962,3137
21963,3056
21964,3913
21965,3932
21966,3677
21967,3022
21968,4458
21969,2630
21970,3249
21971,-1
21972,3276
21973,4043
21974,2964
21975,3524
21976,3276
21977,3316
21978,3542
21979,3470
21980,3159
21981,3501
21982,3562
21983,3155
21984,3707
21985,3277
21986,3539
21987,3281
21988,3518
21989,3412
21990,3506
21991,3488
21992,3973
21993,3402
21994,3992
21995,3026
21996,4390
21997,3475
21998,3207
21999,3903
22000,3859
22001,3707
22002,2761
22003,3236
22004,2125
22005,4018
22006,3164
22007,3587
22008,4008
22009,3301
22010,4245
22011,3729
22012,4108
22013,2928
22014,3552
22015,-1
22016,4149
22017,3056
22018,4139
22019,3727
22020,4005
22021,3292
22022,3543
22023,4093
22024,3919
22025,3688
22026,3869
22027,3319
22028,3252
22029,3809
22030,3929
22031,3265
22032,3685
22033,3329
22034,3769
22035,3694
22036,3312
22037,3836
22038,3168
22039,3665
22040,3376
22041,3702
22042,3513
22043,3750
22044,3529
22045,3779
22046,3291
22047,3951
22048,3750
22049,3930
22050,2431
22051,2894
22052,4474
22053,3560
22054,3545
22055,3477
22056,3445
22057,3429
22058,4323
22059,3891
22060,3684
22061,3949
22062,3343
22063,3463
22064,3321
22065,5125
22066,3134
22067,3546
22068,4055
22069,4360
22070,3080
22071,2505
22072,3385
22073,3868
22074,3593
22075,3779
22076,3078
22077,3763
22078,4308
22079,3584
22080,3496
22081,3539
22082,3331
22083,2895
22084,3315
22085,4134
22086,3558
22087,3922
22088,3671
22089,3612
22090,3530
22091,4656
22092,3411
22093,4204
22094,3742
22095,2937
22096,3637
22097,2807
22098,3383
22099,3508
22100,3693
22101,-1
22102,3841
22103,3475
22104,3459
22105,3288
22106,3180
22107,3562
22108,3438
22109,4332
22110,3751
22111,4891
22112,3195
22113,3605
22114,3568
22115,3640
22116,3355
22117,4062
22118,4064
22119,3301
22120,4147
22121,-1
22122,3139
22123,3613
22124,3963
22125,3228
22126,3830
22127,3619
22128,3303
22129,2656
22130,3476
22131,3366
22132,3655
22133,3602
22134,2833
22135,3374
22136,3671
22137,3323
22138,3176
22139,4000
22140,2915
22141,3760
22142,3387
22143,3317
22144,3477
22145,3962
22146,3152
22147,3690
22148,3634
22149,3449
22150,3957
22151,3801
22152,5031
22153,3407
22154,3305
22155,3578
22156,4447
22157,3573
22158,4134
22159,3573
22160,3608
22161,3884
22162,3711
22163,2929
22164,2872
22165,3759
22166,3464
22167,2890
22168,3663
22169,3829
22170,3157
22171,4551
22172,3830
22173,3279
22174,4067
22175,2535
22176,2867
22177,4193
22178,3734
22179,3771
22180,4270
22181,3202
22182,3905
22183,3684
22184,3274
22185,4148
22186,3298
22187,3646
22188,-1
22189,3206
22190,3834
22191,3391
22192,3478
22193,3406
22194,3238
22195,2764
22196,3804
22197,3260
22198,2829
22199,3747
22200,4246
22201,3995
22202,3930
22203,3245
22204,3337
22205,2063
22206,3739
22207,3692
22208,2721
22209,2993
22210,3623
22211,4813
22212,4625
22213,3133
22214,3470
22215,3186
22216,4018
22217,3717
22218,4300
22219,2745
22220,3576
22221,3583
22222,3434
22223,3445
22224,2520
22225,3672
22226,3143
22227,3476
22228,2803
22229,2965
22230,-1
22231,4815
22232,2782
22233,4086
22234,3819
22235,3697
22236,3185
22237,3427
22238,3753
22239,3191
22240,2926
22241,2810
22242,4423
22243,3436
22244,3707
22245,3855
22246,3806
22247,3644
22248,3760
22249,2987
22250,3150
22251,3406
22252,3565
22253,4410
22254,4103
22255,3252
22256,3843
22257,2707
22258,3536
22259,3515
22260,3424
22261,4262
22262,3596
22263,4347
22264,3333
22265,3222
22266,3854
22267,4357
22268,4196
22269,3783
22270,4275
22271,3468
22272,2699
22273,3759
22274,4099
22275,3900
22276,2954
22277,3747
22278,3519
22279,4147
22280,3602
22281,3448
22282,2969
22283,2736
22284,3104
22285,4472
22286,3093
22287,3775
22288,3984
22289,3019
22290,3644
22291,4393
22292,3952
22293,2858
22294,3305
22295,3470
22296,3998
22297,2480
22298,2692
22299,3790
22300,4527
22301,3080
22302,4829
22303,3948
22304,3539
22305,3551
22306,4275
22307,3063
22308,4060
22309,3486
22310,3615
22311,3879
22312,2946
22313,3602
22314,3322
22315,3747
22316,3378
22317,2992
22318,3561
22319,3546
22320,3642
22321,3653
22322,3837
22323,3850
22324,3687
22325,3388
22326,3078
22327,3327
22328,3722
22329,3145
22330,3194
22331,3344
22332,3733
22333,3331
22334,4596
22335,4146
22336,2923
22337,3223
22338,3231
22339,3492
22340,-1
22341,2787
22342,2646
22343,4084
22344,4052
22345,4038
22346,3401
22347,3861
22348,3997
22349,3856
22350,3181
22351,2349
22352,3620
22353,3272
22354,4227
22355,3449
22356,3220
22357,3178
22358,3990
22359,4162
22360,3634
22361,3445
22362,4396
22363,3317
22364,3450
22365,3752
22366,4404
22367,3627
22368,3428
22369,3241
22370,3663
22371,4085
22372,4283
22373,2807
22374,3685
22375,3748
22376,3552
22377,3698
22378,3219
22379,3594
22380,3681
22381,4193
22382,3855
22383,3489
22384,3448
22385,4032
22386,3185
22387,3475
22388,6259
22389,3420
22390,3117
22391,4163
22392,3479
22393,3660
22394,3316
22395,4189
22396,4514
22397,3700
22398,3432
22399,2773
22400,3399
22401,3520
22402,4046
22403,3855
22404,2918
22405,3804
22406,3565
22407,3600
22408,3854
22409,3115
22410,4098
22411,2730
22412,3635
22413,3309
22414,3030
22415,3354
22416,4357
22417,3556
22418,3472
22419,3439
22420,4388
22421,4329
22422,3813
22423,4009
22424,4078
22425,2892
22426,3510
22427,3717
22428,3499
22429,2994
22430,3763
22431,3360
22432,3673
22433,2976
22434,3429
22435,3570
22436,3655
22437,3148
22438,3937
22439,3559
22440,3751
22441,3198
22442,3037
22443,3626
22444,3128
22445,3440
22446,3705
22447,3019
22448,3846
22449,3727
22450,3797
22451,3361
22452,3737
22453,4129
22454,3659
22455,4087
22456,3616
22457,3225
22458,2914
22459,3873
22460,4480
22461,4197
22462,3678
22463,3625
22464,3713
22465,3923
22466,3017
22467,3238
22468,3546
22469,3259
22470,3780
22471,3586
22472,3446
22473,4075
22474,2561
22475,4121
22476,3350
22477,3539
22478,3115
22479,2913
22480,4091
22481,4300
22482,3563
22483,3764
22484,3683
22485,4258
22486,2794
22487,4536
22488,4131
22489,3837
22490,3475
22491,3443
22492,3653
22493,4934
22494,2601
22495,3264
22496,3935
22497,3691
22498,3400
22499,3955
22500,2835
22501,-1
22502,3186
22503,3455
22504,3657
22505,4294
22506,4283
22507,3621
22508,2705
22509,3759
22510,3601
22511,3974
22512,3760
22513,3345
22514,3286
22515,3647
22516,3556
22517,3405
22518,3542
22519,3794
22520,3458
22521,3418
22522,3896
22523,3438
22524,3468
22525,3492
22526,3704
22527,3491
22528,3500
22529,4412
22530,3435
22531,3549
22532,3729
22533,3853
22534,3863
22535,3103
22536,3714
22537,4128
22538,4139
22539,4166
22540,3447
22541,2795
22542,2447
22543,3114
22544,3821
22545,3122
22546,-1
22547,-1
22548,3310
22549,3925
22550,2744
22551,3857
22552,3363
22553,3900
22554,3208
22555,2281
22556,3586
22557,3713
22558,2493
22559,3444
22560,4659
22561,1892
22562,3670
22563,4070
22564,3865
22565,3756
22566,3395
22567,2989
22568,3356
22569,3866
22570,3889
22571,3898
22572,4161
22573,3540
22574,3280
22575,3263
22576,3248
22577,4500
22578,3879
22579,4509
22580,3684
22581,4050
22582,4021
22583,3408
22584,4599
22585,3346
22586,4268
22587,3522
22588,4048
22589,2733
22590,3671
22591,4365
22592,3738
22593,3133
22594,3707
22595,3616
22596,3893
22597,3057
22598,3449
22599,3008
22600,3704
22601,2409
22602,3429
22603,3698
22604,3189
22605,3167
22606,5335
22607,3505
22608,3600
22609,3496
22610,3618
22611,4399
22612,3169
22613,3677
22614,3589
22615,3172
22616,3087
22617,3402
22618,3685
22619,3945
22620,4519
22621,3272
22622,3732
22623,3203
22624,3938
22625,3809
22626,-1
22627,3745
22628,3845
22629,2969
22630,3598
22631,4647
22632,3652
22633,3397
22634,3428
22635,3713
22636,3514
22637,4360
22638,4206
22639,4311
22640,4089
22641,3689
22642,3086
22643,3433
22644,3388
22645,4410
22646,4047
22647,3680
22648,3407
22649,3339
22650,4031
22651,3331
22652,3492
22653,3502
22654,3671
22655,3358
22656,3193
22657,3688
22658,-1
22659,3334
22660,3525
22661,2774
22662,3186
22663,3777
22664,3698
22665,4249
22666,3551
22667,3653
22668,3730
22669,3431
22670,4241
22671,3336
22672,3754
22673,3849
22674,3346
22675,3050
22676,4396
22677,3315
22678,3633
22679,3632
22680,3632
22681,3972
22682,3793
22683,2895
22684,3452
22685,3185
22686,3855
22687,3095
22688,2973
22689,3565
22690,3676
22691,2696
22692,3186
22693,3969
22694,3363
22695,3969
22696,4024
22697,4270
22698,2918
22699,4157
22700,3869
22701,4141
22702,3404
22703,3237
22704,3748
22705,3049
22706,3659
22707,2650
22708,3584
22709,3227
22710,3808
22711,3914
22712,3463
22713,3130
22714,3571
22715,3534
22716,3792
22717,3738
22718,-1
22719,3510
22720,2099
22721,3996
22722,3469
22723,2797
22724,3732
22725,3936
22726,3348
22727,3877
22728,3494
22729,4143
22730,4007
22731,3875
22732,-1
22733,3207
22734,3516
22735,4057
22736,3605
22737,3157
22738,4992
22739,4402
22740,3493
22741,4435
22742,3208
22743,4103
22744,3059
22745,3989
22746,4340
22747,4006
22748,3281
22749,2893
22750,4131
22751,3936
22752,3056
22753,4268
22754,3503
22755,2620
22756,3401
22757,3539
22758,4440
22759,-1
22760,3551
22761,3903
22762,3407
22763,3846
22764,3098
22765,4673
22766,4314
22767,-1
22768,3894
22769,-1
22770,3430
22771,3887
22772,3454
22773,4089
22774,3486
22775,3113
22776,3420
22777,2458
22778,3356
22779,3010
22780,4296
22781,3704
22782,3863
22783,-1
22784,-1
22785,3294
22786,3909
22787,3704
22788,3844
22789,3184
22790,3750
22791,3439
22792,3667
22793,3181
22794,3761
22795,3291
22796,4135
22797,3876
22798,3457
22799,4136
22800,3427
22801,3933
22802,3813
22803,3787
22804,3344
22805,4451
22806,2898
22807,3229
22808,4573
22809,3841
22810,3802
22811,3862
22812,4676
22813,3607
22814,3459
22815,2736
22816,3143
22817,3533
22818,3881
22819,3198
22820,3158
22821,3384
22822,4124
22823,3564
22824,3367
22825,-1
22826,3130
22827,3341
22828,3097
22829,3704
22830,3868
22831,3286
22832,3923
22833,3679
22834,2881
22835,3500
22836,3843
22837,3163
22838,3662
22839,3069
22840,3864
22841,3852
22842,3634
22843,-1
22844,3626
22845,2535
22846,3353
22847,3390
22848,3344
22849,3312
22850,3981
22851,3454
22852,4116
22853,2716
22854,3343
22855,2270
22856,3173
22857,3095
22858,4648
22859,4076
22860,3691
22861,3693
22862,3214
22863,3003
22864,3275
22865,3516
22866,3697
22867,2525
22868,3611
22869,3496
22870,3870
22871,3427
22872,2859
22873,3908
22874,2743
22875,2424
22876,3036
22877,3637
22878,4393
22879,3332
22880,2928
22881,3810
22882,2081
22883,3818
22884,3335
22885,4290
22886,4027
22887,3689
22888,3174
22889,3763
22890,3483
22891,3917
22892,3792
22893,4239
22894,3805
22895,3659
22896,3266
22897,2660
22898,3920
22899,4299
22900,4217
22901,3637
22902,3388
22903,3858
22904,4230
22905,4267
22906,4131
22907,3833
22908,4271
22909,3206
22910,3251
22911,3914
22912,4399
22913,3701
22914,3374
22915,3544
22916,2913
22917,3379
22918,3586
22919,3865
22920,4158
22921,2856
22922,3256
22923,3388
22924,3215
22925,3063
22926,3780
22927,4159
22928,3335
22929,3809
22930,3185
22931,3345
22932,3968
22933,4415
22934,3370
22935,4129
22936,3919
22937,2967
22938,3881
22939,1989
22940,3341
22941,3909
22942,3773
22943,3673
22944,3856
22945,3761
22946,3317
22947,3351
22948,3677
22949,3646
22950,3292
22951,3485
22952,3948
22953,4092
22954,4233
22955,2706
22956,3312
22957,3565
22958,3570
22959,3602
22960,2207
22961,3478
22962,3644
22963,4509
22964,3206
22965,3160
22966,3702
22967,3572
22968,4308
22969,3961
22970,3851
22971,3578
22972,3694
22973,3539
22974,3554
22975,4522
22976,4814
22977,3368
22978,3325
22979,3487
22980,3404
22981,3935
22982,3848
22983,3295
22984,3086
22985,4299
22986,3691
22987,3408
22988,3737
22989,3551
22990,4005
22991,3890
22992,2594
22993,4909
22994,3985
22995,3492
22996,4216
22997,3353
22998,3433
22999,3699
23000,3643
23001,3741
23002,4407
23003,4406
23004,4868
23005,3294
23006,3816
23007,3420
23008,3719
23009,3720
23010,3505
23011,4006
23012,3997
23013,-1
23014,3907
23015,3675
23016,3882
23017,3965
23018,3769
23019,3252
23020,4064
23021,3638
23022,3729
23023,3274
23024,3532
23025,3422
23026,3790
23027,4066
23028,4139
23029,4160
23030,3243
23031,3999
23032,3403
23033,3550
23034,4459
23035,3979
23036,4580
23037,3504
23038,3985
23039,3576
23040,3514
23041,3436
23042,3462
23043,3374
23044,3899
23045,2995
23046,3533
23047,3366
23048,3805
23049,2869
23050,3912
23051,3528
23052,2280
23053,3361
23054,3760
23055,3608
23056,2852
23057,-1
23058,4097
23059,3816
23060,3843
23061,2925
23062,3870
23063,3593
23064,4084
23065,3582
23066,3148
23067,3817
23068,4215
23069,3545
23070,4052
23071,4104
23072,3201
23073,3749
23074,2855
23075,3733
23076,3425
23077,4214
23078,3801
23079,4237
23080,3729
23081,3992
23082,4063
23083,4158
23084,3655
23085,3312
23086,3515
23087,4048
23088,3524
23089,3711
23090,3508
23091,3398
23092,3185
23093,3630
23094,4325
23095,-1
23096,3322
23097,3794
23098,3521
23099,2033
23100,3639
23101,3971
23102,3130
23103,4025
23104,2747
23105,3717
23106,3278
23107,3882
23108,2711
23109,3884
23110,3449
23111,3333
23112,3426
23113,3452
23114,3727
23115,3622
23116,3686
23117,3846
23118,3642
23119,3279
23120,3105
23121,3913
23122,3766
23123,3756
23124,3553
23125,3219
23126,3979
23127,3993
23128,3793
23129,3076
23130,3879
23131,3690
23132,3091
23133,3701
23134,3494
23135,3088
23136,4244
23137,3399
23138,3751
23139,3431
23140,3214
23141,3826
23142,3542
23143,2845
23144,3709
23145,-1
23146,3308
23147,3483
23148,3246
23149,3885
23150,3593
23151,3538
23152,3945
23153,3684
23154,3703
23155,3434
23156,3440
23157,3665
23158,4183
23159,3203
23160,3637
23161,4290
23162,3630
23163,3697
23164,3225
23165,3835
23166,3361
23167,2879
23168,2876
23169,3481
23170,4162
23171,3519
23172,3956
23173,3601
23174,4042
23175,3519
23176,3523
23177,4114
23178,2665
23179,3552
23180,4455
23181,2894
23182,4142
23183,3550
23184,3017
23185,3707
23186,3135
23187,3625
23188,3679
23189,3581
23190,3498
23191,2922
23192,3101
23193,4080
23194,2824
23195,3872
23196,3900
23197,2934
23198,3859
23199,3605
23200,3577
23201,3717
23202,2922
23203,3586
23204,3108
23205,3925
23206,2928
23207,3676
23208,2712
23209,3242
23210,3355
23211,3931
23212,3465
23213,3561
23214,3058
23215,-1
23216,4070
23217,4139
23218,3547
23219,4167
23220,4136
23221,3279
23222,3722
23223,3461
23224,3794
23225,3721
23226,4535
23227,3535
23228,4195
23229,3234
23230,3849
23231,3455
23232,3345
23233,3820
23234,3535
23235,3170
23236,3690
23237,4120
23238,3965
23239,4630
23240,2904
23241,3511
23242,3076
23243,3880
23244,2905
23245,3528
23246,4062
23247,3897
23248,3732
23249,4180
23250,3590
23251,3828
23252,3436
23253,3995
23254,4142
23255,5019
23256,3996
23257,4109
23258,4204
23259,3000
23260,3169
23261,-1
23262,3353
23263,3634
23264,3607
23265,2835
23266,3238
23267,3827
23268,4063
23269,3816
23270,3018
23271,4125
23272,3156
23273,3722
23274,3680
23275,3419
23276,3551
23277,4206
23278,3760
23279,3203
23280,3308
23281,3854
23282,3044
23283,3246
23284,2962
23285,3737
23286,3279
23287,3374
23288,4190
23289,3670
23290,3709
23291,3127
23292,2090
23293,3951
23294,3096
23295,3734
23296,4087
23297,3908
23298,3543
23299,3791
23300,-1
23301,3671
23302,3637
23303,3719
23304,2969
23305,3626
23306,3598
23307,3853
23308,3357
23309,3200
23310,3409
23311,3475
23312,3588
23313,3678
23314,3825
23315,3838
23316,3772
23317,3820
23318,3343
23319,3875
23320,3607
23321,3540
23322,3462
23323,4177
23324,4556
23325,4448
23326,3267
23327,4271
23328,3328
23329,1543
23330,3845
23331,3625
23332,3922
23333,3432
23334,4156
23335,3144
23336,3593
23337,3465
23338,3542
23339,4206
23340,2921
23341,3510
23342,3931
23343,-1
23344,3638
23345,3331
23346,2413
23347,3424
23348,3203
23349,3226
23350,3227
23351,3538
23352,3554
23353,3643
23354,3776
23355,3462
23356,3727
23357,3108
23358,3647
23359,3335
23360,4592
23361,3942
23362,3021
23363,3758
23364,3608
23365,3321
23366,3408
23367,3276
23368,3599
23369,3141
23370,3418
23371,3914
23372,3948
23373,3487
23374,3445
23375,3408
23376,3521
23377,3738
23378,3728
23379,3243
23380,3575
23381,3448
23382,3461
23383,3519
23384,3961
23385,4166
23386,3100
23387,4515
23388,2537
23389,4166
23390,3036
23391,3093
23392,3893
23393,2488
23394,3167
23395,3903
23396,3522
23397,3673
23398,3881
23399,3451
23400,3840
23401,2798
23402,3931
23403,3544
23404,2684
23405,3562
23406,3850
23407,3220
23408,3423
23409,2164
23410,3888
23411,4112
23412,4409
23413,3435
23414,3534
23415,3521
23416,3671
23417,3560
23418,3580
23419,3910
23420,2508
23421,2910
23422,3620
23423,3864
23424,3189
23425,4113
23426,3811
23427,3038
23428,3043
23429,3774
23430,3071
23431,3288
23432,3363
23433,3654
23434,3463
23435,3392
23436,3247
23437,3930
23438,3555
23439,3501
23440,4354
23441,3554
23442,4183
23443,3208
23444,3369
23445,3139
23446,4159
23447,3254
23448,3362
23449,3179
23450,3186
23451,3798
23452,3915
23453,4799
23454,4505
23455,3830
23456,3581
23457,3522
23458,4210
23459,3361
23460,3876
23461,3957
23462,2835
23463,4499
23464,4135
23465,4075
23466,3719
23467,3591
23468,3255
23469,3991
23470,3129
23471,3333
23472,3716
23473,3367
23474,3582
23475,3581
23476,3934
23477,3197
23478,3600
23479,3599
23480,-1
23481,3377
23482,3089
23483,3879
23484,3061
23485,3354
23486,3212
23487,3789
23488,3063
23489,3059
23490,3572
23491,3697
23492,-1
23493,2851
23494,3132
23495,5108
23496,3705
23497,3651
23498,3492
23499,3643
23500,4223
23501,3295
23502,3428
23503,3595
23504,2632
23505,3531
23506,4212
23507,3540
23508,3478
23509,3796
23510,2633
23511,4359
23512,3443
23513,3327
23514,3612
23515,4107
23516,3365
23517,3254
23518,3861
23519,3796
23520,3728
23521,-1
23522,3945
23523,3735
23524,4053
23525,3557
23526,3101
23527,3530
23528,-1
23529,3538
23530,3239
23531,2793
23532,3601
23533,3459
23534,3794
23535,3486
23536,3647
23537,4869
23538,3736
23539,3097
23540,3547
23541,3886
23542,3239
23543,3930
23544,3425
23545,2642
23546,2907
23547,3645
23548,4137
23549,3747
23550,4022
23551,-1
23552,-1
23553,3543
23554,3686
23555,3909
23556,3445
23557,3525
23558,4055
23559,4626
23560,3263
23561,4438
23562,3854
23563,4483
23564,-1
23565,3541
23566,3885
23567,3378
23568,3509
23569,3612
23570,4003
23571,3317
23572,4072
23573,3018
23574,4407
23575,4008
23576,3705
23577,3922
23578,3582
23579,3302
23580,3462
23581,3641
23582,3346
23583,3970
23584,3586
23585,2828
23586,-1
23587,3646
23588,3374
23589,4033
23590,4327
23591,2597
23592,3606
23593,3058
23594,3647
23595,3074
23596,3671
23597,3696
23598,3492
23599,3985
23600,3958
23601,2522
23602,3723
23603,3710
23604,3864
23605,4516
23606,3824
23607,3801
23608,3750
23609,3539
23610,2938
23611,3787
23612,3740
23613,3861
23614,3168
23615,3125
23616,3397
23617,4054
23618,3003
23619,3670
23620,2895
23621,3855
23622,3575
23623,2842
23624,3985
23625,4095
23626,3646
23627,4440
23628,3627
23629,4481
23630,3292
23631,3452
23632,3895
23633,3327
23634,3194
23635,4044
23636,4346
23637,3453
23638,3729
23639,3360
23640,3387
23641,3400
23642,3987
23643,3904
23644,3330
23645,3309
23646,3689
23647,4362
23648,2646
23649,4275
23650,3576
23651,2350
23652,3940
23653,4236
23654,2721
23655,3879
23656,2611
23657,3668
23658,3520
23659,3748
23660,-1
23661,3442
23662,3567
23663,2155
23664,3762
23665,4013
23666,3476
23667,3821
23668,3535
23669,3718
23670,3678
23671,2938
23672,4086
23673,3423
23674,3752
23675,3936
23676,4422
23677,3403
23678,3973
23679,2996
23680,3534
23681,3569
23682,3501
23683,3485
23684,3259
23685,3133
23686,-1
23687,3533
23688,3361
23689,3489
23690,3202
23691,3756
23692,3860
23693,3762
23694,3117
23695,3790
23696,3856
23697,3809
23698,3154
23699,3151
23700,4309
23701,4125
23702,3190
23703,3355
23704,4235
23705,3623
23706,3278
23707,4841
23708,2955
23709,4988
23710,3172
23711,3865
23712,3439
23713,4060
23714,3872
23715,3680
23716,4268
23717,4318
23718,4461
23719,3384
23720,3824
23721,3368
23722,3649
23723,3802
23724,3320
23725,3477
23726,3342
23727,3559
23728,4199
23729,3534
23730,3506
23731,3263
23732,3713
23733,3796
23734,3869
23735,3753
23736,3779
23737,2874
23738,3888
23739,3400
23740,2859
23741,4306
23742,3872
23743,3794
23744,3473
23745,3789
23746,2953
23747,4360
23748,2784
23749,3809
23750,2889
23751,3310
23752,3873
23753,4102
23754,3863
23755,4013
23756,3831
23757,2981
23758,3047
23759,3674
23760,4041
23761,3852
23762,3428
23763,4080
23764,3857
23765,3472
23766,3368
23767,2591
23768,4182
23769,3428
23770,2901
23771,3817
23772,3826
23773,4166
23774,3118
23775,3561
23776,3726
23777,3993
23778,-1
23779,4591
23780,3331
23781,3666
23782,3658
23783,3225
23784,3744
23785,3442
23786,3920
23787,4186
23788,4331
23789,4128
23790,3546
23791,-1
23792,3519
23793,2948
23794,3644
23795,2487
23796,3204
23797,2743
23798,3538
23799,3540
23800,3772
23801,3801
23802,3592
23803,3697
23804,3565
23805,3044
23806,3734
23807,4610
23808,3524
23809,3728
23810,3445
23811,3371
23812,4000
23813,4721
23814,3394
23815,3731
23816,3507
23817,3331
23818,3613
23819,4054
23820,3207
23821,3951
23822,3451
23823,3319
23824,3681
23825,3848
23826,3109
23827,4157
23828,4048
23829,3548
23830,3733
23831,4458
23832,3954
23833,4051
23834,2140
23835,3467
23836,3496
23837,3483
23838,3833
23839,3948
23840,3838
23841,4016
23842,4006
23843,3242
23844,4119
23845,3095
23846,3880
23847,3960
23848,3653
23849,3240
23850,3065
23851,3963
23852,3580
23853,3768
23854,3500
23855,3871
23856,3742
23857,3323
23858,3527
23859,3467
23860,3345
23861,4228
23862,2800
23863,3857
23864,2393
23865,5151
23866,3302
23867,3860
23868,3575
23869,4973
23870,3929
23871,3683
23872,3685
23873,3296
23874,2208
23875,3701
23876,3886
23877,3477
23878,3048
23879,4076
23880,3737
23881,3919
23882,2701
23883,3640
23884,3354
23885,3716
23886,3086
23887,3040
23888,4059
23889,3071
23890,3327
23891,3751
23892,3441
23893,3523
23894,3021
23895,3850
23896,3563
23897,3480
23898,4055
23899,3562
23900,3870
23901,3487
23902,3332
23903,3788
23904,4164
23905,2546
23906,3616
23907,3204
23908,2488
23909,3577
23910,3031
23911,3420
23912,4304
23913,3841
23914,3333
23915,3090
23916,3476
23917,2550
23918,3577
23919,3748
23920,3325
23921,3674
23922,3707
23923,3536
23924,3456
23925,3039
23926,4014
23927,3811
23928,3378
23929,3598
23930,3409
23931,2366
23932,3937
23933,3692
23934,3990
23935,3557
23936,3408
23937,3045
23938,3780
23939,3446
23940,3571
23941,3670
23942,2575
23943,3368
23944,4121
23945,3962
23946,3261
23947,3441
23948,3595
23949,3586
23950,3538
23951,3636
23952,3428
23953,3241
23954,4064
23955,3311
23956,3316
23957,4424
23958,2982
23959,4282
23960,3197
23961,3986
23962,3671
23963,3880
23964,3677
23965,3791
23966,3198
23967,2903
23968,3291
23969,3298
23970,3995
23971,3516
23972,3856
23973,4208
23974,3557
23975,3262
23976,3361
23977,3583
23978,4244
23979,4167
23980,3499
23981,4004
23982,4370
23983,4077
23984,3918
23985,2853
23986,3269
23987,2403
23988,3617
23989,-1
23990,3371
23991,4073
23992,3775
23993,-1
23994,3540
23995,4898
23996,3607
23997,-1
23998,4209
23999,2000
24000,3472
24001,-1
24002,3969
24003,4046
24004,3218
24005,4328
24006,3864
24007,3626
24008,4172
24009,4133
24010,2926
24011,3048
24012,4083
24013,3517
24014,3777
24015,3529
24016,3251
24017,3598
24018,4196
24019,3564
24020,2803
24021,3794
24022,3793
24023,3100
24024,4463
24025,3759
24026,3152
24027,2177
24028,3662
24029,3488
24030,4049
24031,3013
24032,3761
24033,4297
24034,4513
24035,3322
24036,3385
24037,3664
24038,4049
24039,3677
24040,4176
24041,3546
24042,3733
24043,3871
24044,3794
24045,4134
24046,3729
24047,3908
24048,3732
24049,4051
24050,3050
24051,4570
24052,2439
24053,2976
24054,3688
24055,5044
24056,3448
24057,3580
24058,-1
24059,3605
24060,3632
24061,3283
24062,4468
24063,3478
24064,3840
24065,3488
24066,3167
24067,3497
24068,3587
24069,3510
24070,3891
24071,3790
24072,4215
24073,3617
24074,3215
24075,3109
24076,3271
24077,2640
24078,3900
24079,4802
24080,3907
24081,3338
24082,3881
24083,3253
24084,3291
24085,3453
24086,3551
24087,3082
24088,2660
24089,3764
24090,4523
24091,3794
24092,3495
24093,2551
24094,3346
24095,3567
24096,2746
24097,3166
24098,4550
24099,3462
24100,4075
24101,4227
24102,4232
24103,3561
24104,3823
24105,3381
24106,3413
24107,3375
24108,4854
24109,3411
24110,3013
24111,3649
24112,3734
24113,3611
24114,4302
24115,4242
24116,3305
24117,3918
24118,3425
24119,3569
24120,3805
24121,3866
24122,3538
24123,4114
24124,3656
24125,4209
24126,2307
24127,4189
24128,4536
24129,3782
24130,3621
24131,3623
24132,3563
24133,3713
24134,3425
24135,3288
24136,3797
24137,3663
24138,3818
24139,4099
24140,4022
24141,3513
24142,3963
24143,3947
24144,3502
24145,3742
24146,3389
24147,3987
24148,2920
24149,3348
24150,3368
24151,3790
24152,4169
24153,3103
24154,3535
24155,3447
24156,3950
24157,3018
24158,2913
24159,3223
24160,3261
24161,3966
24162,3235
24163,3329
24164,3425
24165,3741
24166,4225
24167,3491
24168,3923
24169,3841
24170,3934
24171,3045
24172,3879
24173,3662
24174,3672
24175,3149
24176,3254
24177,2545
24178,2941
24179,3600
24180,2629
24181,3815
24182,3822
24183,3502
24184,3184
24185,3576
24186,3930
24187,3461
24188,3543
24189,3979
24190,3266
24191,3850
24192,3677
24193,2717
24194,3942
24195,3185
24196,3600
24197,3535
24198,2845
24199,4577
24200,3477
24201,3384
24202,3985
24203,2927
24204,3073
24205,3217
24206,4723
24207,3437
24208,3801
24209,3815
24210,3045
24211,3530
24212,3211
24213,3645
24214,3125
24215,3661
24216,3131
24217,3960
24218,3642
24219,3606
24220,3730
24221,3430
24222,3721
24223,4658
24224,3635
24225,3524
24226,3223
24227,2829
24228,3111
24229,3643
24230,3666
24231,3418
24232,3114
24233,2797
24234,3278
24235,3348
24236,3381
24237,4150
24238,3592
24239,4963
24240,3626
24241,3585
24242,3203
24243,2968
24244,3676
24245,3880
24246,4229
24247,3176
24248,3218
24249,4331
24250,3106
24251,3926
24252,3831
24253,4182
24254,3601
24255,2740
24256,2501
24257,3403
24258,3822
24259,2374
24260,3471
24261,3441
24262,3626
24263,3305
24264,3494
24265,3776
24266,3523
24267,3502
24268,3842
24269,3748
24270,4276
24271,4200
24272,3521
24273,4799
24274,4796
24275,2773
24276,2714
24277,4096
24278,3097
24279,3616
24280,3718
24281,3957
24282,4249
24283,3663
24284,3978
24285,3580
24286,3551
24287,2879
24288,3350
24289,5468
24290,3787
24291,3628
24292,3834
24293,3775
24294,3165
24295,3415
24296,3916
24297,3433
24298,4374
24299,3465
24300,3729
24301,-1
24302,3266
24303,3459
24304,4016
24305,3597
24306,3875
24307,3922
24308,4312
24309,2917
24310,4209
24311,3654
24312,3221
24313,3104
24314,3953
24315,4056
24316,3775
24317,3078
24318,3581
24319,4609
24320,3849
24321,3347
24322,4238
24323,3907
24324,3677
24325,3609
24326,3637
24327,3624
24328,4149
24329,3963
24330,3683
24331,3180
24332,3631
24333,3571
24334,3678
24335,3133
24336,3980
24337,3690
24338,3607
24339,4282
24340,3820
24341,3792
24342,3229
24343,2976
24344,3699
24345,3198
24346,3444
24347,3061
24348,3856
24349,4392
24350,3084
24351,3007
24352,3270
24353,3266
24354,3479
24355,3805
24356,3226
24357,2504
24358,3525
24359,3440
24360,3414
24361,3373
24362,3206
24363,3314
24364,3265
24365,4253
24366,2893
24367,4203
24368,3839
24369,3331
24370,4800
24371,3834
24372,4072
24373,2857
24374,3560
24375,3224
24376,4657
24377,3678
24378,4231
24379,3460
24380,3624
24381,2890
24382,3286
24383,2823
24384,3606
24385,4526
24386,3042
24387,4659
24388,3478
24389,4022
24390,2854
24391,3191
24392,3632
24393,3254
24394,-1
24395,3529
24396,3679
24397,3791
24398,3637
24399,3236
24400,3676
24401,3809
24402,3692
24403,3661
24404,3540
24405,3864
24406,3397
24407,3449
24408,3646
24409,2555
24410,3392
24411,3811
24412,3479
24413,3905
24414,3888
24415,3938
24416,3606
24417,3550
24418,2804
24419,4140
24420,3701
24421,2222
24422,3394
24423,3483
24424,3655
24425,3127
24426,4552
24427,3137
24428,4131
24429,3816
24430,3457
24431,4079
24432,3082
24433,4079
24434,3326
24435,-1
24436,3670
24437,-1
24438,3808
24439,4022
24440,3417
24441,4535
24442,3068
24443,2351
24444,2690
24445,3304
24446,3454
24447,3977
24448,3697
24449,3617
24450,4090
24451,3207
24452,3665
24453,3655
24454,3718
24455,4006
24456,3377
24457,4201
24458,3436
24459,3677
24460,3536
24461,2614
24462,3786
24463,2760
24464,3566
24465,4235
24466,2357
24467,3390
24468,4123
24469,3373
24470,3295
24471,3337
24472,3811
24473,3792
24474,3464
24475,3152
24476,3849
24477,2282
24478,3422
24479,3572
24480,3642
24481,3703
24482,4035
24483,3302
24484,3953
24485,3621
24486,3519
24487,2758
24488,3311
24489,3612
24490,-1
24491,3112
24492,4358
24493,4004
24494,3976
24495,3458
24496,3801
24497,3696
24498,4064
24499,2997
24500,4160
24501,3314
24502,4334
24503,4130
24504,3475
24505,3256
24506,3713
24507,3170
24508,3345
24509,4420
24510,4483
24511,3706
24512,3483
24513,4143
24514,3220
24515,3424
24516,3271
24517,3641
24518,3873
24519,3501
24520,3608
24521,3399
24522,4012
24523,3244
24524,3964
24525,4141
24526,2900
24527,2857
24528,3001
24529,3796
24530,3066
24531,-1
24532,3683
24533,3647
24534,3990
24535,3633
24536,3542
24537,3173
24538,3176
24539,3686
24540,3342
24541,3311
24542,3499
24543,3176
24544,3673
24545,3733
24546,3852
24547,4764
24548,3792
24549,3409
24550,4012
24551,3613
24552,3401
24553,3771
24554,3497
24555,3542
24556,2979
24557,3813
24558,3694
24559,3860
24560,3209
24561,4459
24562,3763
24563,3467
24564,3896
24565,4016
24566,3788
24567,-1
24568,3806
24569,4217
24570,3206
24571,4622
24572,3819
24573,3952
24574,4170
24575,4139
24576,3587
24577,3368
24578,3207
24579,4195
24580,4353
24581,3396
24582,3875
24583,4005
24584,3726
24585,4103
24586,3737
24587,3349
24588,3919
24589,3423
24590,3573
24591,3559
24592,3718
24593,3837
24594,3906
24595,3030
24596,3419
24597,3827
24598,4024
24599,2980
24600,3454
24601,3266
24602,3554
24603,3937
24604,-1
24605,3736
24606,3995
24607,3747
24608,3689
24609,3888
24610,3306
24611,-1
24612,3847
24613,3366
24614,4076
24615,4316
24616,3574
24617,3691
24618,2863
24619,2894
24620,3156
24621,3614
24622,3798
24623,4292
24624,2565
24625,3557
24626,2175
24627,3812
24628,3812
24629,2627
24630,3653
24631,4534
24632,3562
24633,2731
24634,4400
24635,3738
24636,4530
24637,4255
24638,3310
24639,3282
24640,3706
24641,3612
24642,3466
24643,3616
24644,3871
24645,3141
24646,3904
24647,3170
24648,3492
24649,3538
24650,3813
24651,4038
24652,3455
24653,2193
24654,4218
24655,3234
24656,4647
24657,4269
24658,3733
24659,3175
24660,3334
24661,4286
24662,3781
24663,3701
24664,3672
24665,4170
24666,3538
24667,3320
24668,3587
24669,3337
24670,3174
24671,3425
24672,3546
24673,2805
24674,3169
24675,3039
24676,2918
24677,3905
24678,3392
24679,2901
24680,3821
24681,3840
24682,3610
24683,3710
24684,3210
24685,3624
24686,2908
24687,3712
24688,3795
24689,4155
24690,3752
24691,3305
24692,4135
24693,2946
24694,3272
24695,3934
24696,3142
24697,3232
24698,3434
24699,3644
24700,3333
24701,-1
24702,3194
24703,3697
24704,3224
24705,3467
24706,3292
24707,3587
24708,3658
24709,3442
24710,3638
24711,3648
24712,3096
24713,3495
24714,3181
24715,3725
24716,3157
24717,3225
24718,3994
24719,4189
24720,4111
24721,3750
24722,4005
24723,3611
24724,3615
24725,3754
24726,3950
24727,3582
24728,3412
24729,3674
24730,3180
24731,4339
24732,4458
24733,3454
24734,3286
24735,3560
24736,-1
24737,3395
24738,3985
24739,2908
24740,3546
24741,3595
24742,3420
24743,3781
24744,3384
24745,3815
24746,3830
24747,3756
24748,4114
24749,3841
24750,3652
24751,2763
24752,3325
24753,3773
24754,3585
24755,-1
24756,3897
24757,4199
24758,3459
24759,2946
24760,2914
24761,3600
24762,2835
24763,3701
24764,3827
24765,4493
24766,3319
24767,3758
24768,4267
24769,3480
24770,-1
24771,3223
24772,2988
24773,4323
24774,2144
24775,3370
24776,2885
24777,2729
24778,3168
24779,3106
24780,3897
24781,3674
24782,3651
24783,3326
24784,4303
24785,3356
24786,3929
24787,3698
24788,3536
24789,3441
24790,3433
24791,4256
24792,3231
24793,3265
24794,3474
24795,2766
24796,3011
24797,3049
24798,2950
24799,3640
24800,3308
24801,3743
24802,4180
24803,3297
24804,-1
24805,3236
24806,3088
24807,5294
24808,3822
24809,3710
24810,3874
24811,3478
24812,4413
24813,3675
24814,3223
24815,3973
24816,2991
24817,3415
24818,3382
24819,3995
24820,3646
24821,3731
24822,3470
24823,3529
24824,3577
24825,3793
24826,3650
24827,3702
24828,5010
24829,3737
24830,3459
24831,2922
24832,3563
24833,3413
24834,2911
24835,3148
24836,2478
24837,3652
24838,3702
24839,2765
24840,3706
24841,3797
24842,3144
24843,2957
24844,4214
24845,3222
24846,3707
24847,3924
24848,3560
24849,3525
24850,3417
24851,3993
24852,3348
24853,3918
24854,3686
24855,4362
24856,3732
24857,3541
24858,3254
24859,3397
24860,2957
24861,3656
24862,3701
24863,4515
24864,3403
24865,4335
24866,3609
24867,3740
24868,3915
24869,4290
24870,3743
24871,3641
24872,3787
24873,3368
24874,3649
24875,3908
24876,3145
24877,4030
24878,3807
24879,3913
24880,3008
24881,3710
24882,2913
24883,3881
24884,4388
24885,3843
24886,3559
24887,3508
24888,3702
24889,4223
24890,4095
24891,3120
24892,3061
24893,3140
24894,2331
24895,2934
24896,3827
24897,3539
24898,3867
24899,3742
24900,4688
24901,3616
24902,4039
24903,3094
24904,3901
24905,3635
24906,2706
24907,3190
24908,3540
24909,3439
24910,3931
24911,3870
24912,3105
24913,3114
24914,4237
24915,3993
24916,3704
24917,2764
24918,3432
24919,3338
24920,3911
24921,3024
24922,4071
24923,3333
24924,3543
24925,2856
24926,3861
24927,3977
24928,3782
24929,4119
24930,3662
24931,3253
24932,4245
24933,3651
24934,2906
24935,3665
24936,3746
24937,2924
24938,3487
24939,3793
24940,3302
24941,3450
24942,3792
24943,3733
24944,4065
24945,4438
24946,3695
24947,3564
24948,-1
24949,3750
24950,3680
24951,3419
24952,4061
24953,3648
24954,3182
24955,3220
24956,2624
24957,3488
24958,3220
24959,2885
24960,3772
24961,4080
24962,3570
24963,4736
24964,4153
24965,3598
24966,4310
24967,3802
24968,3768
24969,3572
24970,3786
24971,3512
24972,3790
24973,2957
24974,3675
24975,3633
24976,4137
24977,3846
24978,3585
24979,4000
24980,3317
24981,3162
24982,3317
24983,3234
24984,3029
24985,3336
24986,3153
24987,2940
24988,3532
24989,3581
24990,3191
24991,3153
24992,4750
24993,3931
24994,3336
24995,2816
24996,3648
24997,4276
24998,3307
24999,3777
25000,3630
25001,3692
25002,-1
25003,3101
25004,3196
25005,3627
25006,3131
25007,3785
25008,3478
25009,3622
25010,2614
25011,3871
25012,3478
25013,3558
25014,3402
25015,2797
25016,3759
25017,3830
25018,3910
25019,3915
25020,2958
25021,3044
25022,3617
25023,3901
25024,3867
25025,4107
25026,3981
25027,4047
25028,2866
25029,2971
25030,3172
25031,3983
25032,4125
25033,3290
25034,3241
25035,3960
25036,3612
25037,3763
25038,3427
25039,3819
25040,3001
25041,3526
25042,3179
25043,4471
25044,3762
25045,3986
25046,3004
25047,3235
25048,2790
25049,3610
25050,-1
25051,3032
25052,3441
25053,3566
25054,3364
25055,3529
25056,3294
25057,2312
25058,3491
25059,3405
25060,3338
25061,3519
25062,3290
25063,2611
25064,4487
25065,3787
25066,3705
25067,3362
25068,2764
25069,3845
25070,3408
25071,3494
25072,-1
25073,3554
25074,4096
25075,3652
25076,3238
25077,3121
25078,3834
25079,3597
25080,3348
25081,3061
25082,2859
25083,3783
25084,3600
25085,3799
25086,3683
25087,2232
25088,3988
25089,3311
25090,3956
25091,3444
25092,3373
25093,3464
25094,2886
25095,4200
25096,-1
25097,3910
25098,3973
25099,3644
25100,3455
25101,4115
25102,2701
25103,3084
25104,3837
25105,3247
25106,3819
25107,2499
25108,3287
25109,3354
25110,3594
25111,3461
25112,3719
25113,3564
25114,3389
25115,2908
25116,3145
25117,3973
25118,4196
25119,4082
25120,3205
25121,3555
25122,3807
25123,3504
25124,-1
25125,2667
25126,2626
25127,3935
25128,3886
25129,3189
25130,3401
25131,3560
25132,3401
25133,2140
25134,3998
25135,3544
25136,3701
25137,3352
25138,3518
25139,2733
25140,4023
25141,4065
25142,3649
25143,3256
25144,3167
25145,4069
25146,3900
25147,3999
25148,3935
25149,3359
25150,4037
25151,3416
25152,4922
25153,4030
25154,3030
25155,3272
25156,2565
25157,-1
25158,3020
25159,3327
25160,3590
25161,3046
25162,3226
25163,3551
25164,3798
25165,4218
25166,4553
25167,3899
25168,3503
25169,3903
25170,3376
25171,3570
25172,2855
25173,3477
25174,4015
25175,3852
25176,3136
25177,3654
25178,3492
25179,3845
25180,4489
25181,-1
25182,3767
25183,3837
25184,3375
25185,3769
25186,-1
25187,3293
25188,3470
25189,3828
25190,3188
25191,3746
25192,3690
25193,2967
25194,3504
25195,3848
25196,3665
25197,3524
25198,3440
25199,3340
25200,3005
25201,3536
25202,4522
25203,2659
25204,3293
25205,3608
25206,3446
25207,3802
25208,3169
25209,3855
25210,3478
25211,3200
25212,3549
25213,2953
25214,2812
25215,3779
25216,3658
25217,3604
25218,4286
25219,3047
25220,3372
25221,3569
25222,3839
25223,-1
25224,3621
25225,3192
25226,3600
25227,3884
25228,3435
25229,3209
25230,3275
25231,3884
25232,3491
25233,3748
25234,3852
25235,2867
25236,3611
25237,3170
25238,3049
25239,2922
25240,3013
25241,3581
25242,4081
25243,3644
25244,3350
25245,3335
25246,3500
25247,3951
25248,-1
25249,3432
25250,4057
25251,3176
25252,3471
25253,-1
25254,3762
25255,3936
25256,3501
25257,3846
25258,3238
25259,3885
25260,3033
25261,3371
25262,3427
25263,3254
25264,3319
25265,3476
25266,4031
25267,4702
25268,4116
25269,3360
25270,3792
25271,3949
25272,3918
25273,-1
25274,4260
25275,4178
25276,3403
25277,3281
25278,3678
25279,4623
25280,2833
25281,3815
25282,3909
25283,4006
25284,3224
25285,4820
25286,3438
25287,3716
25288,3618
25289,4370
25290,-1
25291,2525
25292,3238
25293,3563
25294,2970
25295,3484
25296,3836
25297,3331
25298,3803
25299,3574
25300,3564
25301,2779
25302,3978
25303,3622
25304,3488
25305,3545
25306,3890
25307,3531
25308,3999
25309,3645
25310,3674
25311,3293
25312,2818
25313,3631
25314,3703
25315,3955
25316,3882
25317,2677
25318,3912
25319,3384
25320,3588
25321,3567
25322,3420
25323,3455
25324,2479
25325,2017
25326,3431
25327,3231
25328,3508
25329,3802
25330,3660
25331,3739
25332,3235
25333,3469
25334,3643
25335,4256
25336,3684
25337,3976
25338,4420
25339,3958
25340,3534
25341,3939
25342,3852
25343,3828
25344,4057
25345,3679
25346,3336
25347,4177
25348,3682
25349,3890
25350,3437
25351,3596
25352,3475
25353,3334
25354,2546
25355,3675
25356,3792
25357,2032
25358,2822
25359,3474
25360,3915
25361,3447
25362,3878
25363,4196
25364,3913
25365,3595
25366,3120
25367,3807
25368,3978
25369,3265
25370,3630
25371,4546
25372,3770
25373,2945
25374,3846
25375,3366
25376,3428
25377,4177
25378,4434
25379,3560
25380,3066
25381,4400
25382,4295
25383,3709
25384,3923
25385,3735
25386,3322
25387,4425
25388,3535
25389,2398
25390,3151
25391,3396
25392,3161
25393,3796
25394,2433
25395,3395
25396,4026
25397,-1
25398,4096
25399,4667
25400,3536
25401,2948
25402,3785
25403,3489
25404,3279
25405,4005
25406,2916
25407,3627
25408,3826
25409,4009
25410,3055
25411,3712
25412,3223
25413,3622
25414,2647
25415,3331
25416,3367
25417,3415
25418,3624
25419,3112
25420,2792
25421,3591
25422,3910
25423,4189
25424,3568
25425,3483
25426,3770
25427,3706
25428,3227
25429,4035
25430,3396
25431,3790
25432,3340
25433,3772
25434,3159
25435,3252
25436,4187
25437,3063
25438,3131
25439,3639
25440,3494
25441,3789
25442,3114
25443,3946
25444,3068
25445,3063
25446,3982
25447,3015
25448,3859
25449,4154
25450,2901
25451,3710
25452,3459
25453,3641
25454,3565
25455,3441
25456,3009
25457,4229
25458,4092
25459,2975
25460,4187
25461,4521
25462,3816
25463,3615
25464,3580
25465,3363
25466,3370
25467,3022
25468,3597
25469,4092
25470,3351
25471,3519
25472,5206
25473,3650
25474,-1
25475,3207
25476,3162
25477,3583
25478,3945
25479,3119
25480,3848
25481,2079
25482,4482
25483,4563
25484,4560
25485,3728
25486,3152
25487,3866
25488,3499
25489,3491
25490,3950
25491,3502
25492,3496
25493,4156
25494,3674
25495,4610
25496,3510
25497,3194
25498,4105
25499,3478
25500,3256
25501,5053
25502,3945
25503,3414
25504,4058
25505,3208
25506,3214
25507,4262
25508,-1
25509,3929
25510,4084
25511,3025
25512,3513
25513,3491
25514,4003
25515,2881
25516,4057
25517,4162
25518,3781
25519,3539
25520,3310
25521,2600
25522,3973
25523,3284
25524,3592
25525,2665
25526,3560
25527,3913
25528,3181
25529,4693
25530,3574
25531,2844
25532,4317
25533,3491
25534,4220
25535,3916
25536,3285
25537,3047
25538,4130
25539,3168
25540,3552
25541,3813
25542,3510
25543,3797
25544,3851
25545,2892
25546,4343
25547,3449
25548,3198
25549,3686
25550,2855
25551,3984
25552,3526
25553,3895
25554,3589
25555,3544
25556,3759
25557,3259
25558,4321
25559,3756
25560,3660
25561,2805
25562,3348
25563,3879
25564,2465
25565,3152
25566,3915
25567,3962
25568,3761
25569,3893
25570,3886
25571,2689
25572,3591
25573,3528
25574,3415
25575,2794
25576,3392
25577,3023
25578,3638
25579,4121
25580,-1
25581,3837
25582,3325
25583,3688
25584,-1
25585,3401
25586,3388
25587,4002
25588,3694
25589,4387
25590,3516
25591,3504
25592,3463
25593,3231
25594,2955
25595,3969
25596,4842
25597,3295
25598,2563
25599,4165
25600,3258
25601,3821
25602,2534
25603,3573
25604,3245
25605,3492
25606,4189
25607,2682
25608,3287
25609,3083
25610,3370
25611,3196
25612,4274
25613,4872
25614,3068
25615,4177
25616,4040
25617,3076
25618,2855
25619,3678
25620,2330
25621,3560
25622,3194
25623,4531
25624,3653
25625,3071
25626,3024
25627,3377
25628,3643
25629,2992
25630,3841
25631,2890
25632,2973
25633,3422
25634,3317
25635,4535
25636,3113
25637,3477
25638,3530
25639,3174
25640,3948
25641,3111
25642,3594
25643,3487
25644,3509
25645,-1
25646,3769
25647,3736
25648,2902
25649,3977
25650,3022
25651,5995
25652,3114
25653,3134
25654,3833
25655,3390
25656,4064
25657,3539
25658,2434
25659,3999
25660,3378
25661,3451
25662,3044
25663,3725
25664,3732
25665,5087
25666,3497
25667,3224
25668,3837
25669,3751
25670,3708
25671,3506
25672,3637
25673,3500
25674,3566
25675,4248
25676,2996
25677,3764
25678,3480
25679,3251
25680,3669
25681,2629
25682,3276
25683,4357
25684,3873
25685,4148
25686,3644
25687,4322
25688,3050
25689,-1
25690,3654
25691,3733
25692,3646
25693,4321
25694,3880
25695,3709
25696,3859
25697,3828
25698,4597
25699,2974
25700,3504
25701,4376
25702,3944
25703,-1
25704,4975
25705,4134
25706,3544
25707,3101
25708,4289
25709,3733
25710,3426
25711,3727
25712,3194
25713,3302
25714,3299
25715,3078
25716,3268
25717,3792
25718,3891
25719,3912
25720,3011
25721,4193
25722,3463
25723,3396
25724,3541
25725,3564
25726,3682
25727,3727
25728,3037
25729,3757
25730,3373
25731,3870
25732,3388
25733,3762
25734,3847
25735,3320
25736,2640
25737,3195
25738,3106
25739,3680
25740,4123
25741,3633
25742,3333
25743,3836
25744,3951
25745,2858
25746,3987
25747,4065
25748,2432
25749,3014
25750,3630
25751,4134
25752,3722
25753,3832
25754,3050
25755,2966
25756,3789
25757,3500
25758,3333
25759,3564
25760,3226
25761,3919
25762,2376
25763,3226
25764,3767
25765,4280
25766,2990
25767,3419
25768,3627
25769,3870
25770,3684
25771,4140
25772,3599
25773,4195
25774,3336
25775,3520
25776,3892
25777,3850
25778,3005
25779,4007
25780,3754
25781,3876
25782,3500
25783,3443
25784,3984
25785,-1
25786,3660
25787,3369
25788,4062
25789,3544
25790,4148
25791,3157
25792,3365
25793,3284
25794,3258
25795,2886
25796,4663
25797,3507
25798,3638
25799,4866
25800,3588
25801,3431
25802,3707
25803,3836
25804,3408
25805,2905
25806,3424
25807,3847
25808,4099
25809,3114
25810,3447
25811,3729
25812,3761
25813,3615
25814,3400
25815,3872
25816,3696
25817,3795
25818,3792
25819,2941
25820,3801
25821,4311
25822,3829
25823,3855
25824,3067
25825,3444
25826,3335
25827,3303
25828,2892
25829,3434
25830,2330
25831,3810
25832,3267
25833,4264
25834,3973
25835,3754
25836,3713
25837,2898
25838,4332
25839,3928
25840,3646
25841,4103
25842,3938
25843,3522
25844,3122
25845,3323
25846,2979
25847,5377
25848,3707
25849,3572
25850,4037
25851,4589
25852,4133
25853,4384
25854,3140
25855,3806
25856,2746
25857,3533
25858,3993
25859,3515
25860,3209
25861,3992
25862,3984
25863,3460
25864,2886
25865,3106
25866,4331
25867,3702
25868,4250
25869,3660
25870,2840
25871,3257
25872,4200
25873,4060
25874,2933
25875,4113
25876,3938
25877,4331
25878,4106
25879,2862
25880,3395
25881,3968
25882,3434
25883,4055
25884,3383
25885,3637
25886,4019
25887,3538
25888,3802
25889,3384
25890,3733
25891,4227
25892,4576
25893,3109
25894,3889
25895,3664
25896,3584
25897,4420
25898,3463
25899,4193
25900,-1
25901,2888
25902,2273
25903,3820
25904,4298
25905,3381
25906,4405
25907,3704
25908,2987
25909,3077
25910,3992
25911,3212
25912,3817
25913,3095
25914,3305
25915,3679
25916,3797
25917,3692
25918,3207
25919,4119
25920,3400
25921,3044
25922,3318
25923,3772
25924,3597
25925,3129
25926,4342
25927,4018
25928,4155
25929,2820
25930,2616
25931,3351
25932,3565
25933,3647
25934,3542
25935,3948
25936,3747
25937,3374
25938,3398
25939,3557
25940,3570
25941,3448
25942,4175
25943,3185
25944,3942
25945,4084
25946,4195
25947,3364
25948,2880
25949,4661
25950,3607
25951,3105
25952,4710
25953,3810
25954,3686
25955,3795
25956,3745
25957,4387
25958,3068
25959,3966
25960,4779
25961,3141
25962,2930
25963,3722
25964,3435
25965,3703
25966,3679
25967,4097
25968,3927
25969,4137
25970,3368
25971,3730
25972,-1
25973,4804
25974,3360
25975,3268
25976,3596
25977,3851
25978,3438
25979,3050
25980,2713
25981,3783
25982,3896
25983,3440
25984,3043
25985,3856
25986,3654
25987,4358
25988,4005
25989,3236
25990,3962
25991,3759
25992,4064
25993,5083
25994,3456
25995,4245
25996,4258
25997,3002
25998,3494
25999,3159
26000,3672
26001,3743
26002,3548
26003,3582
26004,3691
26005,3728
26006,3427
26007,3756
26008,4157
26009,3577
26010,3993
26011,3609
26012,3538
26013,3355
26014,3764
26015,3472
26016,3542
26017,4363
26018,3404
26019,3374
26020,3624
26021,3398
26022,3773
26023,3624
26024,3505
26025,4282
26026,3703
26027,4152
26028,4030
26029,3626
26030,3558
26031,3042
26032,3534
26033,3640
26034,3596
26035,3327
26036,3412
26037,2871
26038,4104
26039,3185
26040,4151
26041,2962
26042,3841
26043,4045
26044,3472
26045,2764
26046,3549
26047,3987
26048,3358
26049,3324
26050,3514
26051,4417
26052,2935
26053,3221
26054,3638
26055,3226
26056,2710
26057,4086
26058,3491
26059,3164
26060,3539
26061,3497
26062,3822
26063,3720
26064,3906
26065,-1
26066,4114
26067,3974
26068,2558
26069,3790
26070,2773
26071,3561
26072,4139
26073,3855
26074,4112
26075,3501
26076,2970
26077,3255
26078,4968
26079,3745
26080,3680
26081,3273
26082,3463
26083,2930
26084,3402
26085,3970
26086,3984
26087,2567
26088,3033
26089,2929
26090,4671
26091,3991
26092,4117
26093,3500
26094,3913
26095,3575
26096,2976
26097,3472
26098,3245
26099,3458
26100,3756
26101,4648
26102,3243
26103,3358
26104,3022
26105,3082
26106,3537
26107,2828
26108,2751
26109,3327
26110,3801
26111,3927
26112,3743
26113,3691
26114,4558
26115,3092
26116,2753
26117,3371
26118,4460
26119,3524
26120,4374
26121,3872
26122,3390
26123,3851
26124,3049
26125,3288
26126,4290
26127,3338
26128,3268
26129,3676
26130,4071
26131,3699
26132,3700
26133,3720
26134,3544
26135,4280
26136,2966
26137,3937
26138,3514
26139,3651
26140,3380
26141,3899
26142,3616
26143,3886
26144,2922
26145,3398
26146,3452
26147,3823
26148,2923
26149,3483
26150,4167
26151,3666
26152,3426
26153,3316
26154,3573
26155,2513
26156,3401
26157,3263
26158,3180
26159,3684
26160,3470
26161,3739
26162,3871
26163,2903
26164,4089
26165,3304
26166,3388
26167,3228
26168,3788
26169,3760
26170,3216
26171,4483
26172,3127
26173,3829
26174,3467
26175,3252
26176,2413
26177,3325
26178,4084
26179,4078
26180,3510
26181,-1
26182,3878
26183,3472
26184,3613
26185,2753
26186,3193
26187,4768
26188,3731
26189,3326
26190,3321
26191,4175
26192,3135
26193,3421
26194,3420
26195,3669
26196,3618
26197,3816
26198,3684
26199,3890
26200,3397
26201,3817
26202,3622
26203,3541
26204,4357
26205,3876
26206,2726
26207,4510
26208,3585
26209,4034
26210,3941
26211,2804
26212,3793
26213,3062
26214,2484
26215,4239
26216,3434
26217,3591
26218,3166
26219,3847
26220,3272
26221,2835
26222,3442
26223,3920
26224,4131
26225,3946
26226,4141
26227,3200
26228,3386
26229,3659
26230,3273
26231,3312
26232,3340
26233,3972
26234,3904
26235,-1
26236,3779
26237,3670
26238,2986
26239,3708
26240,3581
26241,3278
26242,3711
26243,3587
26244,3565
26245,3394
26246,3628
26247,3610
26248,3642
26249,4087
26250,3782
26251,3976
26252,3825
26253,3591
26254,3008
26255,3419
26256,3730
26257,3633
26258,2889
26259,3293
26260,4147
26261,3588
26262,3366
26263,3139
26264,3271
26265,4033
26266,3900
26267,3454
26268,3203
26269,4325
26270,2648
26271,3661
26272,3816
26273,3643
26274,3634
26275,3395
26276,4082
26277,3840
26278,3633
26279,3338
26280,3434
26281,3673
26282,3348
26283,3486
26284,3773
26285,3892
26286,4026
26287,3530
26288,3735
26289,3742
26290,3161
26291,3923
26292,3452
26293,2308
26294,4715
26295,3260
26296,3758
26297,4062
26298,3126
26299,3718
26300,3858
26301,3663
26302,3258
26303,3367
26304,3386
26305,3322
26306,3467
26307,4195
26308,3640
26309,4250
26310,4315
26311,3502
26312,3657
26313,3909
26314,4230
26315,2880
26316,3298
26317,3442
26318,3680
26319,4141
26320,3028
26321,2841
26322,3696
26323,1725
26324,3470
26325,4259
26326,2877
26327,4110
26328,4049
26329,3241
26330,5107
26331,2969
26332,4237
26333,3806
26334,3825
26335,3586
26336,3882
26337,3614
26338,3834
26339,3736
26340,3511
26341,5203
26342,4052
26343,3846
26344,3100
26345,3497
26346,2977
26347,3406
26348,3058
26349,3294
26350,3932
26351,4062
26352,3637
26353,3728
26354,2981
26355,2909
26356,3488
26357,3434
26358,3497
26359,3679
26360,2772
26361,3541
26362,3602
26363,3937
26364,3684
26365,3552
26366,4166
26367,4373
26368,3079
26369,2720
26370,3660
26371,3621
26372,3996
26373,3770
26374,3337
26375,4629
26376,4008
26377,4063
26378,3196
26379,4252
26380,4197
26381,3378
26382,3309
26383,4500
26384,3096
26385,2879
26386,3642
26387,3149
26388,3945
26389,3236
26390,3964
26391,3302
26392,3284
26393,3653
26394,3517
26395,3020
26396,3296
26397,3616
26398,3184
26399,3238
26400,3551
26401,4515
26402,3401
26403,3333
26404,3644
26405,3894
26406,3709
26407,2988
26408,3694
26409,3374
26410,3141
26411,3400
26412,3652
26413,3834
26414,3921
26415,2909
26416,3486
26417,4052
26418,3482
26419,2712
26420,3975
26421,4146
26422,3336
26423,3758
26424,3861
26425,3879
26426,4049
26427,2607
26428,3603
26429,3531
26430,3435
26431,3664
26432,3183
26433,3828
26434,3572
26435,3272
26436,3474
26437,3643
26438,3128
26439,4639
26440,3048
26441,4370
26442,3686
26443,3570
26444,4214
26445,3963
26446,3601
26447,3954
26448,3637
26449,4186
26450,3172
26451,-1
26452,3983
26453,4140
26454,3326
26455,3622
26456,4241
26457,3286
26458,4087
26459,3915
26460,3325
26461,3782
26462,3017
26463,4679
26464,3035
26465,3490
26466,3806
26467,-1
26468,3545
26469,3611
26470,2715
26471,4084
26472,3511
26473,3067
26474,4246
26475,4733
26476,3200
26477,3308
26478,3860
26479,3889
26480,3576
26481,3220
26482,3354
26483,3354
26484,4072
26485,3833
26486,3641
26487,4085
26488,2905
26489,3351
26490,3333
26491,3327
26492,3941
26493,2372
26494,2985
26495,3360
26496,3819
26497,2900
26498,-1
26499,3512
26500,3757
26501,4603
26502,3767
26503,3512
26504,3178
26505,2713
26506,3425
26507,3576
26508,3462
26509,3505
26510,3879
26511,3310
26512,4030
26513,3664
26514,4121
26515,3186
26516,3811
26517,3334
26518,4962
26519,3285
26520,2557
26521,3895
26522,3742
26523,3954
26524,3191
26525,4125
26526,3852
26527,4142
26528,4750
26529,3265
26530,4045
26531,3296
26532,3451
26533,2982
26534,3490
26535,-1
26536,4099
26537,2966
26538,3519
26539,3533
26540,3897
26541,3970
26542,3508
26543,2446
26544,3683
26545,3782
26546,2808
26547,4066
26548,4091
26549,3562
26550,3972
26551,3080
26552,3482
26553,3891
26554,2990
26555,3787
26556,3876
26557,3033
26558,3649
26559,3635
26560,3162
26561,3878
26562,3500
26563,3874
26564,3487
26565,3583
26566,3494
26567,3215
26568,2935
26569,3558
26570,3775
26571,3857
26572,3311
26573,1979
26574,3062
26575,4256
26576,3064
26577,3411
26578,3718
26579,3222
26580,-1
26581,3316
26582,3695
26583,3102
26584,3982
26585,3850
26586,-1
26587,3408
26588,3760
26589,-1
26590,3621
26591,4107
26592,3656
26593,3806
26594,2687
26595,3811
26596,3807
26597,3404
26598,3306
26599,3255
26600,2889
26601,3362
26602,4304
26603,3546
26604,3215
26605,3654
26606,3684
26607,3943
26608,3256
26609,3595
26610,4011
26611,3338
26612,4069
26613,3510
26614,3318
26615,3671
26616,3499
26617,3498
26618,3367
26619,3403
26620,3546
26621,3207
26622,3425
26623,3407
26624,3758
26625,3436
26626,3674
26627,3640
26628,3241
26629,3512
26630,3934
26631,4011
26632,4200
26633,3579
26634,3202
26635,3511
26636,3160
26637,3742
26638,3345
26639,3483
26640,3288
26641,2978
26642,4146
26643,-1
26644,3587
26645,3750
26646,4141
26647,2568
26648,3656
26649,2789
26650,4869
26651,4932
26652,3663
26653,3232
26654,3383
26655,3394
26656,-1
26657,3718
26658,3484
26659,3539
26660,4024
26661,3634
26662,2147
26663,3972
26664,3897
26665,3795
26666,-1
26667,3349
26668,3875
26669,2456
26670,4038
26671,1895
26672,4883
26673,3879
26674,-1
26675,3514
26676,3335
26677,3559
26678,3670
26679,3311
26680,4090
26681,4108
26682,2707
26683,3120
26684,3937
26685,4421
26686,3479
26687,3437
26688,3960
26689,3734
26690,4274
26691,4254
26692,2962
26693,4005
26694,3883
26695,3378
26696,3491
26697,3852
26698,3771
26699,3809
26700,3262
26701,3075
26702,3237
26703,3785
26704,3568
26705,3861
26706,3331
26707,3670
26708,4637
26709,4119
26710,4273
26711,3792
26712,2759
26713,4117
26714,3481
26715,3552
26716,3799
26717,3403
26718,3590
26719,2796
26720,4218
26721,3582
26722,2165
26723,3489
26724,3368
26725,4244
26726,4065
26727,3751
26728,3841
26729,4148
26730,3240
26731,3122
26732,4392
26733,3564
26734,3194
26735,3606
26736,4058
26737,3507
26738,4365
26739,-1
26740,3979
26741,3788
26742,-1
26743,3899
26744,3528
26745,2931
26746,3237
26747,3410
26748,3229
26749,3391
26750,3123
26751,3762
26752,2844
26753,4655
26754,3455
26755,4047
26756,4365
26757,3342
26758,3271
26759,3170
26760,3229
26761,4216
26762,3448
26763,4119
26764,3606
26765,3791
26766,4196
26767,3292
26768,3187
26769,3351
26770,4289
26771,3346
26772,3306
26773,3409
26774,3564
26775,4206
26776,3840
26777,-1
26778,3338
26779,3693
26780,4020
26781,-1
26782,2062
26783,3148
26784,3591
26785,3527
26786,4807
26787,3101
26788,3803
26789,3849
26790,3107
26791,3579
26792,3664
26793,3005
26794,3055
26795,3197
26796,3149
26797,3639
26798,3676
26799,3361
26800,3276
26801,3666
26802,3332
26803,4123
26804,3547
26805,3552
26806,3789
26807,3966
26808,4444
26809,3816
26810,3228
26811,3825
26812,3098
26813,3355
26814,3263
26815,3638
26816,3854
26817,3557
26818,3495
26819,4011
26820,3565
26821,4158
26822,3594
26823,3113
26824,4021
26825,2942
26826,3452
26827,3236
26828,3608
26829,4084
26830,3823
26831,3486
26832,3196
26833,3272
26834,2864
26835,3280
26836,3343
26837,4247
26838,3734
26839,3911
26840,3578
26841,4307
26842,3406
26843,3517
26844,3979
26845,3360
26846,2237
26847,3560
26848,3803
26849,3349
26850,3957
26851,4068
26852,3359
26853,3193
26854,4032
26855,3350
26856,2979
26857,3854
26858,3136
26859,4256
26860,3703
26861,3792
26862,3439
26863,4079
26864,3306
26865,3913
26866,3732
26867,3684
26868,3429
26869,3994
26870,3243
26871,3550
26872,3234
26873,2957
26874,2512
26875,3598
26876,4222
26877,3484
26878,3521
26879,3515
26880,3304
26881,3537
26882,3800
26883,3962
26884,3286
26885,3528
26886,3408
26887,3510
26888,3877
26889,4059
26890,3526
26891,4254
26892,2873
26893,3960
26894,3137
26895,4005
26896,3830
26897,3135
26898,3194
26899,4180
26900,2878
26901,3791
26902,3525
26903,4520
26904,3430
26905,2589
26906,3645
26907,3977
26908,3272
26909,3928
26910,3154
26911,3688
26912,3748
26913,3649
26914,3316
26915,3663
26916,3113
26917,3159
26918,3466
26919,3773
26920,5149
26921,3583
26922,3519
26923,-1
26924,3151
26925,3950
26926,3686
26927,2881
26928,4214
26929,3602
26930,3271
26931,3055
26932,2656
26933,2761
26934,4974
26935,3307
26936,3262
26937,3262
26938,2519
26939,2616
26940,3054
26941,3157
26942,3290
26943,4016
26944,3238
26945,2889
26946,3087
26947,3780
26948,3737
26949,4049
26950,3717
26951,3622
26952,3621
26953,4225
26954,3830
26955,3507
26956,4259
26957,4187
26958,3549
26959,3349
26960,-1
26961,3411
26962,3266
26963,3535
26964,4338
26965,3106
26966,2407
26967,3268
26968,3965
26969,4106
26970,3344
26971,4007
26972,3762
26973,3827
26974,3767
26975,3765
26976,3893
26977,3175
26978,3626
26979,3494
26980,4006
26981,3636
26982,-1
26983,4122
26984,3468
26985,3715
26986,3463
26987,3359
26988,3736
26989,3112
26990,4188
26991,3057
26992,3449
26993,2579
26994,3834
26995,3308
26996,4083
26997,4014
26998,2969
26999,3969
27000,3918
27001,2854
27002,3378
27003,4918
27004,3900
27005,2577
27006,3554
27007,3880
27008,3840
27009,3249
27010,3039
27011,3359
27012,3691
27013,3400
27014,3324
27015,3961
27016,3392
27017,3099
27018,3053
27019,3585
27020,4046
27021,3329
27022,3263
27023,3877
27024,3443
27025,3283
27026,4080
27027,3475
27028,3546
27029,3915
27030,4445
27031,3418
27032,3772
27033,3992
27034,3494
27035,2679
27036,3856
27037,3732
27038,3806
27039,3536
27040,3024
27041,3605
27042,4317
27043,3846
27044,3653
27045,3060
27046,3561
27047,3790
27048,3730
27049,4026
27050,3344
27051,4027
27052,4106
27053,4111
27054,3626
27055,3799
27056,3071
27057,4049
27058,3078
27059,4362
27060,3757
27061,3363
27062,2196
27063,3647
27064,4111
27065,3706
27066,3613
27067,3330
27068,3469
27069,3222
27070,3608
27071,4120
27072,3766
27073,2722
27074,3809
27075,3796
27076,3228
27077,2556
27078,3332
27079,3380
27080,3438
27081,3991
27082,4034
27083,4082
27084,4903
27085,3754
27086,3117
27087,2701
27088,3750
27089,3097
27090,4352
27091,2970
27092,2862
27093,3412
27094,3590
27095,2757
27096,3085
27097,3688
27098,3561
27099,3559
27100,3174
27101,3263
27102,3401
27103,3305
27104,3753
27105,3135
27106,3081
27107,3421
27108,3391
27109,3664
27110,3560
27111,3047
27112,3568
27113,3598
27114,4027
27115,3322
27116,3589
27117,3514
27118,-1
27119,3366
27120,3241
27121,3851
27122,3112
27123,3674
27124,3583
27125,3385
27126,3385
27127,4400
27128,3980
27129,3779
27130,3786
27131,3111
27132,3842
27133,4954
27134,3815
27135,3531
27136,3153
27137,3619
27138,3670
27139,2297
27140,-1
27141,3681
27142,3450
27143,3621
27144,4258
27145,3370
27146,3409
27147,3088
27148,2874
27149,3512
27150,4991
27151,2996
27152,2944
27153,4402
27154,3581
27155,4374
27156,3618
27157,3705
27158,4028
27159,3716
27160,3726
27161,3884
27162,4181
27163,3738
27164,4036
27165,2980
27166,3680
27167,3523
27168,3885
27169,2990
27170,4169
27171,4007
27172,3079
27173,3961
27174,3536
27175,4860
27176,4023
27177,3201
27178,3810
27179,3974
27180,4095
27181,3227
27182,3130
27183,4511
27184,3232
27185,3085
27186,3014
27187,3381
27188,3735
27189,3694
27190,4752
27191,3771
27192,3863
27193,3692
27194,3444
27195,3577
27196,3041
27197,3336
27198,4013
27199,3447
27200,3041
27201,3798
27202,3773
27203,3368
27204,4728
27205,3229
27206,4602
27207,3400
27208,3449
27209,4149
27210,3317
27211,3977
27212,3727
27213,3441
27214,3733
27215,3388
27216,3287
27217,2743
27218,3947
27219,3372
27220,3843
27221,3955
27222,3814
27223,3413
27224,3846
27225,3606
27226,3636
27227,3881
27228,3722
27229,3661
27230,3843
27231,3427
27232,2970
27233,3040
27234,3125
27235,3597
27236,3141
27237,3773
27238,4004
27239,3916
27240,3407
27241,3185
27242,3340
27243,3722
27244,3760
27245,3595
27246,3539
27247,3939
27248,3870
27249,2402
27250,3425
27251,3428
27252,4048
27253,3216
27254,3454
27255,4824
27256,3315
27257,3154
27258,3543
27259,3161
27260,-1
27261,4218
27262,3228
27263,2842
27264,3345
27265,3301
27266,4088
27267,2871
27268,3399
27269,3152
27270,3549
27271,2898
27272,3150
27273,3556
27274,3624
27275,3438
27276,4274
27277,3683
27278,3482
27279,3399
27280,3767
27281,3768
27282,3719
27283,3403
27284,3890
27285,3241
27286,2928
27287,3957
27288,3185
27289,4060
27290,3176
27291,3455
27292,2962
27293,3549
27294,3062
27295,4012
27296,3354
27297,3419
27298,4049
27299,3333
27300,-1
27301,3435
27302,3460
27303,4273
27304,3066
27305,3082
27306,3666
27307,3428
27308,4333
27309,3812
27310,3676
27311,3119
27312,3710
27313,3175
27314,2927
27315,3774
27316,2797
27317,3735
27318,3645
27319,4045
27320,3762
27321,3519
27322,4555
27323,4167
27324,3361
27325,3136
27326,3699
27327,2508
27328,3706
27329,2612
27330,4308
27331,3829
27332,3838
27333,3281
27334,3623
27335,3626
27336,3773
27337,4371
27338,3251
27339,4262
27340,2971
27341,3177
27342,3457
27343,3699
27344,3504
27345,2534
27346,3415
27347,3652
27348,4233
27349,3948
27350,1901
27351,3079
27352,4407
27353,4069
27354,3062
27355,3345
27356,3613
27357,3606
27358,2807
27359,-1
27360,3371
27361,3296
27362,2962
27363,3117
27364,3102
27365,3787
27366,3548
27367,4004
27368,4080
27369,3153
27370,3889
27371,3268
27372,3418
27373,3437
27374,3369
27375,4283
27376,3210
27377,3154
27378,3507
27379,3807
27380,3880
27381,3216
27382,3018
27383,3383
27384,3086
27385,3483
27386,3305
27387,3987
27388,2135
27389,3357
27390,3383
27391,3701
27392,2851
27393,3681
27394,3755
27395,3882
27396,3662
27397,4178
27398,5156
27399,3850
27400,3771
27401,3532
27402,2993
27403,3513
27404,3515
27405,3783
27406,3650
27407,4092
27408,3251
27409,3742
27410,3229
27411,4199
27412,4229
27413,4137
27414,2938
27415,4234
27416,3708
27417,-1
27418,3883
27419,3303
27420,3795
27421,3774
27422,3606
27423,3514
27424,-1
27425,3396
27426,3115
27427,3495
27428,3534
27429,4172
27430,3666
27431,3613
27432,3614
27433,3453
27434,3209
27435,3480
27436,3218
27437,3602
27438,4175
27439,3452
27440,3460
27441,3079
27442,3291
27443,-1
27444,3955
27445,3610
27446,3168
27447,2752
27448,4207
27449,4630
27450,3751
27451,3863
27452,3565
27453,-1
27454,3276
27455,3586
27456,3286
27457,3861
27458,3488
27459,3860
27460,3943
27461,3529
27462,3960
27463,3891
27464,3525
27465,3746
27466,3912
27467,4649
27468,3805
27469,4411
27470,3245
27471,3302
27472,3193
27473,3336
27474,3765
27475,3239
27476,3994
27477,3836
27478,2707
27479,-1
27480,2933
27481,3817
27482,3787
27483,3533
27484,4554
27485,4077
27486,3710
27487,3407
27488,2371
27489,3830
27490,3327
27491,3584
27492,2894
27493,-1
27494,3389
27495,3410
27496,3968
27497,3150
27498,3314
27499,3538
27500,3241
27501,3605
27502,4043
27503,4062
27504,3408
27505,3273
27506,4058
27507,3567
27508,4161
27509,3361
27510,3752
27511,2993
27512,3284
27513,3472
27514,-1
27515,3513
27516,3873
27517,3878
27518,3336
27519,3780
27520,3151
27521,3337
27522,3841
27523,2567
27524,3269
27525,3953
27526,3309
27527,3033
27528,4042
27529,2680
27530,4203
27531,3266
27532,3200
27533,2331
27534,3385
27535,3217
27536,4210
27537,3333
27538,3551
27539,3116
27540,4039
27541,3538
27542,3284
27543,3650
27544,3668
27545,3948
27546,3674
27547,4185
27548,3973
27549,3627
27550,4138
27551,3848
27552,3574
27553,4492
27554,3484
27555,3763
27556,3728
27557,3187
27558,3422
27559,4060
27560,3819
27561,4112
27562,4130
27563,3611
27564,3347
27565,3429
27566,4494
27567,4327
27568,3734
27569,3735
27570,3212
27571,3244
27572,3790
27573,3001
27574,3490
27575,3427
27576,2901
27577,3700
27578,2379
27579,4042
27580,3296
27581,3896
27582,4114
27583,3467
27584,3301
27585,2843
27586,3817
27587,2994
27588,3177
27589,3201
27590,2813
27591,4080
27592,2095
27593,4127
27594,3580
27595,3892
27596,2752
27597,3344
27598,4239
27599,3882
27600,3485
27601,3889
27602,2839
27603,4057
27604,3243
27605,3533
27606,3756
27607,3210
27608,3640
27609,4081
27610,3457
27611,3433
27612,3862
27613,4106
27614,3352
27615,3888
27616,2972
27617,3235
27618,3720
27619,3304
27620,3502
27621,3021
27622,-1
27623,4663
27624,3168
27625,3527
27626,3425
27627,3810
27628,3491
27629,3261
27630,3417
27631,3292
27632,3275
27633,2940
27634,3210
27635,3711
27636,3708
27637,3349
27638,3346
27639,3814
27640,3050
27641,4426
27642,3801
27643,4157
27644,3158
27645,3623
27646,3625
27647,3562
27648,4141
27649,3762
27650,3324
27651,4015
27652,3544
27653,-1
27654,3713
27655,3541
27656,4531
27657,3164
27658,3832
27659,2980
27660,4331
27661,3211
27662,4008
27663,3506
27664,3624
27665,3856
27666,3750
27667,3803
27668,3616
27669,4318
27670,-1
27671,3213
27672,3867
27673,3054
27674,3464
27675,3621
27676,3478
27677,-1
27678,3377
27679,3632
27680,3310
27681,3609
27682,3529
27683,3859
27684,3215
27685,3714
27686,3656
27687,3401
27688,3546
27689,3181
27690,3609
27691,3104
27692,3777
27693,3723
27694,3463
27695,3689
27696,3127
27697,3847
27698,3620
27699,3338
27700,3531
27701,3488
27702,2761
27703,3891
27704,4036
27705,2960
27706,4243
27707,3261
27708,3286
27709,2747
27710,3488
27711,4640
27712,3142
27713,3714
27714,3753
27715,3054
27716,4692
27717,2183
27718,4075
27719,3579
27720,2949
27721,3275
27722,3397
27723,3783
27724,3658
27725,3503
27726,4414
27727,3460
27728,4034
27729,3428
27730,2821
27731,3111
27732,4617
27733,3462
27734,2401
27735,4215
27736,3584
27737,3540
27738,3485
27739,-1
27740,3649
27741,3539
27742,4779
27743,3640
27744,3562
27745,4420
27746,4307
27747,4045
27748,3699
27749,-1
27750,3128
27751,3400
27752,3604
27753,3912
27754,3026
27755,3463
27756,3990
27757,4038
27758,3447
27759,3435
27760,4422
27761,4206
27762,4706
27763,4332
27764,3763
27765,4139
27766,2837
27767,3514
27768,3112
27769,4121
27770,3392
27771,3524
27772,3547
27773,3833
27774,2335
27775,4617
27776,4160
27777,3462
27778,3149
27779,3244
27780,3448
27781,3917
27782,3752
27783,3308
27784,2947
27785,3518
27786,3543
27787,3009
27788,3696
27789,4179
27790,3609
27791,3160
27792,2728
27793,3397
27794,3609
27795,4609
27796,3755
27797,3432
27798,4164
27799,3398
27800,3495
27801,3221
27802,3590
27803,3505
27804,4160
27805,3051
27806,3021
27807,3311
27808,3511
27809,3871
27810,3417
27811,2889
27812,3636
27813,3906
27814,3900
27815,4066
27816,2738
27817,3800
27818,3926
27819,3569
27820,3600
27821,2820
27822,5155
27823,3969
27824,3609
27825,3541
27826,3647
27827,3822
27828,3972
27829,3106
27830,4067
27831,2308
27832,3666
27833,4150
27834,4142
27835,3993
27836,-1
27837,3876
27838,3054
27839,3921
27840,4812
27841,3827
27842,4628
27843,3746
27844,3377
27845,3675
27846,3316
27847,3394
27848,3345
27849,3413
27850,3799
27851,3046
27852,3496
27853,3429
27854,3943
27855,3492
27856,4262
27857,3723
27858,3454
27859,3759
27860,3497
27861,3539
27862,3487
27863,4846
27864,3297
27865,3559
27866,3299
27867,3687
27868,3899
27869,3159
27870,3217
27871,3323
27872,3485
27873,3629
27874,3528
27875,3712
27876,4111
27877,3767
27878,3157
27879,3421
27880,3818
27881,3794
27882,2958
27883,4361
27884,3447
27885,3867
27886,3870
27887,2597
27888,3977
27889,2969
27890,3795
27891,3921
27892,3881
27893,4290
27894,4273
27895,3248
27896,3426
27897,3666
27898,3626
27899,3769
27900,3944
27901,3456
27902,2913
27903,3865
27904,4663
27905,3772
27906,4337
27907,3404
27908,3701
27909,3199
27910,3618
27911,3430
27912,3190
27913,3843
27914,3884
27915,3316
27916,3613
27917,3983
27918,3152
27919,3277
27920,4325
27921,4183
27922,4068
27923,3950
27924,4024
27925,3357
27926,3464
27927,2964
27928,4380
27929,3878
27930,2840
27931,3623
27932,3549
27933,4147
27934,3517
27935,4209
27936,3540
27937,3771
27938,4377
27939,3700
27940,3738
27941,3017
27942,3460
27943,3612
27944,3466
27945,3782
27946,3597
27947,4322
27948,3455
27949,3530
27950,3308
27951,3111
27952,3310
27953,3838
27954,3647
27955,4374
27956,3749
27957,3344
27958,3416
27959,4212
27960,-1
27961,3553
27962,3597
27963,3980
27964,2537
27965,3022
27966,3891
27967,2929
27968,2971
27969,-1
27970,3431
27971,3452
27972,3374
27973,3633
27974,3909
27975,3621
27976,3696
27977,4267
27978,3760
27979,3641
27980,3856
27981,3716
27982,3287
27983,3213
27984,2814
27985,3745
27986,3314
27987,3738
27988,3195
27989,3305
27990,4822
27991,3661
27992,3091
27993,3668
27994,3661
27995,2110
27996,3272
27997,3023
27998,3248
27999,3194
28000,4107
28001,3630
28002,3623
28003,3661
28004,4039
28005,2902
28006,4106
28007,3317
28008,4141
28009,3677
28010,3682
28011,3579
28012,3205
28013,2742
28014,3513
28015,3472
28016,3600
28017,4067
28018,4289
28019,3571
28020,3724
28021,3867
28022,3832
28023,3456
28024,3337
28025,3197
28026,3688
28027,-1
28028,3686
28029,3549
28030,3887
28031,4315
28032,3263
28033,4184
28034,4074
28035,3480
28036,3200
28037,3480
28038,3621
28039,5138
28040,4054
28041,2722
28042,3822
28043,3414
28044,3335
28045,3255
28046,3554
28047,2632
28048,3882
28049,5187
28050,3390
28051,3421
28052,4140
28053,4159
28054,3784
28055,2872
28056,3363
28057,3367
28058,2704
28059,-1
28060,2601
28061,4167
28062,2892
28063,3543
28064,4920
28065,3962
28066,3365
28067,3508
28068,3827
28069,4662
28070,3595
28071,3325
28072,3085
28073,-1
28074,3802
28075,4188
28076,3740
28077,4355
28078,3050
28079,3026
28080,4247
28081,-1
28082,3998
28083,3670
28084,3656
28085,3092
28086,3886
28087,3387
28088,2949
28089,4069
28090,2930
28091,2784
28092,3943
28093,3231
28094,3646
28095,5479
28096,4598
28097,3322
28098,3530
28099,3575
28100,3960
28101,3787
28102,-1
28103,3605
28104,3028
28105,3688
28106,3466
28107,2997
28108,3315
28109,3156
28110,3118
28111,3448
28112,3293
28113,3618
28114,3641
28115,3660
28116,3627
28117,3587
28118,3747
28119,3960
28120,3744
28121,3922
28122,3710
28123,3690
28124,3936
28125,3500
28126,3963
28127,2985
28128,3746
28129,3792
28130,4679
28131,4012
28132,2736
28133,3558
28134,3064
28135,3349
28136,3739
28137,3812
28138,4375
28139,-1
28140,3971
28141,2922
28142,3430
28143,3115
28144,4365
28145,3201
28146,3502
28147,4291
28148,4309
28149,-1
28150,3792
28151,3608
28152,3049
28153,4409
28154,3499
28155,2986
28156,3184
28157,3822
28158,3556
28159,3634
28160,3802
28161,2962
28162,3847
28163,3632
28164,3989
28165,3917
28166,3641
28167,3395
28168,3528
28169,3780
28170,4510
28171,2926
28172,3679
28173,-1
28174,3841
28175,3516
28176,3370
28177,3610
28178,-1
28179,4087
28180,3290
28181,4627
28182,3700
28183,3940
28184,3680
28185,3129
28186,3181
28187,3624
28188,3779
28189,2990
28190,3843
28191,3859
28192,3642
28193,3908
28194,3625
28195,2603
28196,3848
28197,4074
28198,-1
28199,4055
28200,3077
28201,4681
28202,4430
28203,3507
28204,3222
28205,4069
28206,3878
28207,3567
28208,4432
28209,3050
28210,3023
28211,3591
28212,2769
28213,3347
28214,3028
28215,2325
28216,3901
28217,3711
28218,4110
28219,3698
28220,4030
28221,4468
28222,3909
28223,3710
28224,3810
28225,3141
28226,3207
28227,3476
28228,3825
28229,3702
28230,3262
28231,3404
28232,3192
28233,3825
28234,3529
28235,4156
28236,3249
28237,3210
28238,4303
28239,3742
28240,3695
28241,3317
28242,3634
28243,3604
28244,3296
28245,3026
28246,4249
28247,3845
28248,3247
28249,2683
28250,2556
28251,3471
28252,3843
28253,3414
28254,3735
28255,3902
28256,3921
28257,3789
28258,3372
28259,3576
28260,3169
28261,3371
28262,2943
28263,3560
28264,3691
28265,2985
28266,3212
28267,3196
28268,4168
28269,4801
28270,3306
28271,3258
28272,3788
28273,-1
28274,3625
28275,3169
28276,3019
28277,3538
28278,3122
28279,2981
28280,2915
28281,3355
28282,4201
28283,3445
28284,4057
28285,4445
28286,3020
28287,-1
28288,3318
28289,3268
28290,3486
28291,3301
28292,3517
28293,3697
28294,3644
28295,3811
28296,3233
28297,-1
28298,2895
28299,3908
28300,3822
28301,3603
28302,3757
28303,4230
28304,3903
28305,3103
28306,3029
28307,3569
28308,3139
28309,4302
28310,4613
28311,4122
28312,2971
28313,3816
28314,4105
28315,3816
28316,3334
28317,3242
28318,3306
28319,3837
28320,3836
28321,4104
28322,4069
28323,3780
28324,3545
28325,3849
28326,3623
28327,3237
28328,3365
28329,4310
28330,4017
28331,3544
28332,3584
28333,3393
28334,3656
28335,3661
28336,3859
28337,3816
28338,4297
28339,3515
28340,3181
28341,2887
28342,3424
28343,2911
28344,3252
28345,4139
28346,-1
28347,3048
28348,4045
28349,3249
28350,3162
28351,3632
28352,2945
28353,2959
28354,3239
28355,3836
28356,3087
28357,3351
28358,4168
28359,3698
28360,3662
28361,3940
28362,3954
28363,2977
28364,3671
28365,2802
28366,3811
28367,3322
28368,3174
28369,3346
28370,2782
28371,3818
28372,3881
28373,3953
28374,3769
28375,3467
28376,3437
28377,3652
28378,5011
28379,3679
28380,3727
28381,2909
28382,3319
28383,4253
28384,3738
28385,3677
28386,3664
28387,3208
28388,4099
28389,5254
28390,3388
28391,2410
28392,3542
28393,3928
28394,3724
28395,3448
28396,3729
28397,4461
28398,3550
28399,4086
28400,-1
28401,3839
28402,4182
28403,3536
28404,3274
28405,4241
28406,3563
28407,3222
28408,3510
28409,4236
28410,3721
28411,3420
28412,4354
28413,3395
28414,3678
28415,3800
28416,3513
28417,3563
28418,3039
28419,3745
28420,3297
28421,4059
28422,3908
28423,5696
28424,4564
28425,3209
28426,3719
28427,3675
28428,3489
28429,3634
28430,3202
28431,3445
28432,3631
28433,3412
28434,3155
28435,3268
28436,2958
28437,3180
28438,3502
28439,3199
28440,3243
28441,3742
28442,3309
28443,-1
28444,3822
28445,3421
28446,3192
28447,3652
28448,3550
28449,3837
28450,3517
28451,4176
28452,4100
28453,4945
28454,4057
28455,-1
28456,3538
28457,4037
28458,3501
28459,3186
28460,-1
28461,3962
28462,3100
28463,3741
28464,2589
28465,3777
28466,4105
28467,2899
28468,4659
28469,4101
28470,3783
28471,3385
28472,3307
28473,3363
28474,3775
28475,3275
28476,3172
28477,3696
28478,3612
28479,3753
28480,2348
28481,3966
28482,3633
28483,3978
28484,3814
28485,3900
28486,4194
28487,3478
28488,3675
28489,2882
28490,3152
28491,3730
28492,3912
28493,3511
28494,4063
28495,3462
28496,3669
28497,3737
28498,4035
28499,3655
28500,3129
28501,4307
28502,-1
28503,3520
28504,3683
28505,3726
28506,3180
28507,2255
28508,3559
28509,4175
28510,3765
28511,3842
28512,4292
28513,4206
28514,3957
28515,3819
28516,3208
28517,3527
28518,3879
28519,3720
28520,3742
28521,3281
28522,3150
28523,3586
28524,3644
28525,3881
28526,3719
28527,3821
28528,3747
28529,2640
28530,3376
28531,3356
28532,3954
28533,2946
28534,2955
28535,4028
28536,3503
28537,5059
28538,3512
28539,4779
28540,3694
28541,3330
28542,4347
28543,2722
28544,4061
28545,3111
28546,3584
28547,4317
28548,4088
28549,3424
28550,4006
28551,3928
28552,3070
28553,3760
28554,3894
28555,4012
28556,3955
28557,3181
28558,3794
28559,3863
28560,3525
28561,4072
28562,3771
28563,3483
28564,3379
28565,3034
28566,3559
28567,3559
28568,4044
28569,3260
28570,4821
28571,3985
28572,3558
28573,2943
28574,2429
28575,3814
28576,3691
28577,3821
28578,4004
28579,4244
28580,2612
28581,3035
28582,3818
28583,3956
28584,3184
28585,3939
28586,3247
28587,3413
28588,3439
28589,3685
28590,2089
28591,3931
28592,3741
28593,3446
28594,3226
28595,3657
28596,3430
28597,2923
28598,4265
28599,3751
28600,2668
28601,3531
28602,3504
28603,3473
28604,2455
28605,3487
28606,2588
28607,4147
28608,-1
28609,3837
28610,3877
28611,3875
28612,3951
28613,2755
28614,3306
28615,3294
28616,3234
28617,3202
28618,3752
28619,3736
28620,3953
28621,3707
28622,3234
28623,2435
28624,3782
28625,3098
28626,3732
28627,4094
28628,2859
28629,3889
28630,3663
28631,4174
28632,3154
28633,3563
28634,3597
28635,3188
28636,2877
28637,3492
28638,2834
28639,4164
28640,3217
28641,3132
28642,3664
28643,3079
28644,3904
28645,3600
28646,3213
28647,3772
28648,3353
28649,1959
28650,3582
28651,3880
28652,3731
28653,3456
28654,3483
28655,3721
28656,4308
28657,3833
28658,3944
28659,3832
28660,3633
28661,4059
28662,4000
28663,3550
28664,3354
28665,3788
28666,3666
28667,2680
28668,4179
28669,2921
28670,3477
28671,3587
28672,3977
28673,2458
28674,3686
28675,2967
28676,3756
28677,3593
28678,2895
28679,3895
28680,3362
28681,2908
28682,3978
28683,3072
28684,2875
28685,3420
28686,3462
28687,2743
28688,3603
28689,3483
28690,3076
28691,3525
28692,3995
28693,3213
28694,3297
28695,3445
28696,4207
28697,4142
28698,3717
28699,3352
28700,3934
28701,3442
28702,4582
28703,3337
28704,3381
28705,3618
28706,3283
28707,3475
28708,4243
28709,3743
28710,3538
28711,2829
28712,3723
28713,3533
28714,3514
28715,3880
28716,3863
28717,3216
28718,4110
28719,4009
28720,3178
28721,3595
28722,3358
28723,3040
28724,3330
28725,3578
28726,3952
28727,4177
28728,3367
28729,3428
28730,3523
28731,3696
28732,4072
28733,3958
28734,3544
28735,3545
28736,3606
28737,3110
28738,3402
28739,3421
28740,3385
28741,3370
28742,3448
28743,2286
28744,4034
28745,3633
28746,3792
28747,5389
28748,3079
28749,3513
28750,3740
28751,3621
28752,-1
28753,4009
28754,3278
28755,3727
28756,3555
28757,4599
28758,2729
28759,3631
28760,3494
28761,4919
28762,3337
28763,3518
28764,3178
28765,3488
28766,3362
28767,3303
28768,3712
28769,3717
28770,3887
28771,3789
28772,3697
28773,4012
28774,3842
28775,3333
28776,3273
28777,3779
28778,3632
28779,3602
28780,3801
28781,2713
28782,3092
28783,3406
28784,3944
28785,3723
28786,3546
28787,3802
28788,3573
28789,3711
28790,3970
28791,3235
28792,2902
28793,3753
28794,3318
28795,3978
28796,4006
28797,3714
28798,3381
28799,3352
28800,-1
28801,3747
28802,4115
28803,2600
28804,4103
28805,3735
28806,3375
28807,3160
28808,3131
28809,3463
28810,3435
28811,3971
28812,3259
28813,3534
28814,4385
28815,2668
28816,3345
28817,4400
28818,4183
28819,2615
28820,-1
28821,3656
28822,3589
28823,3312
28824,3344
28825,4160
28826,3587
28827,3324
28828,3816
28829,3589
28830,3397
28831,3591
28832,3930
28833,3701
28834,3291
28835,3536
28836,4460
28837,3308
28838,3483
28839,4233
28840,4058
28841,3609
28842,3490
28843,2834
28844,3006
28845,3265
28846,3459
28847,3609
28848,2893
28849,3502
28850,3507
28851,3728
28852,4146
28853,3933
28854,2673
28855,3569
28856,3364
28857,4102
28858,3179
28859,3251
28860,3107
28861,3331
28862,3732
28863,3725
28864,3411
28865,4510
28866,4265
28867,3149
28868,3518
28869,3625
28870,3812
28871,4114
28872,3164
28873,3592
28874,3571
28875,3825
28876,3790
28877,2820
28878,3864
28879,2952
28880,3122
28881,2772
28882,2962
28883,3454
28884,4704
28885,4140
28886,4963
28887,4415
28888,3130
28889,3594
28890,3761
28891,3353
28892,3626
28893,2460
28894,3221
28895,3389
28896,3867
28897,3457
28898,3019
28899,3335
28900,4126
28901,3625
28902,3388
28903,3078
28904,3546
28905,3645
28906,3525
28907,3686
28908,2758
28909,4332
28910,3546
28911,4019
28912,3806
28913,3316
28914,4231
28915,3766
28916,3352
28917,3577
28918,4250
28919,3786
28920,3866
28921,4844
28922,3902
28923,3779
28924,3155
28925,3618
28926,3800
28927,3144
28928,3872
28929,3874
28930,3433
28931,3802
28932,3578
28933,4220
28934,3254
28935,3013
28936,4469
28937,3662
28938,3795
28939,4249
28940,2446
28941,3063
28942,2980
28943,3916
28944,2745
28945,3371
28946,4161
28947,3658
28948,3803
28949,3557
28950,3628
28951,3628
28952,3840
28953,4159
28954,3349
28955,-1
28956,3742
28957,3786
28958,3394
28959,3815
28960,2981
28961,3163
28962,3296
28963,3572
28964,3941
28965,2832
28966,3725
28967,2956
28968,3501
28969,3178
28970,4436
28971,3246
28972,3697
28973,3265
28974,4227
28975,3713
28976,3976
28977,3820
28978,-1
28979,3492
28980,3382
28981,3990
28982,4822
28983,2264
28984,3668
28985,3311
28986,3393
28987,3680
28988,3653
28989,4328
28990,2994
28991,3544
28992,3427
28993,3778
28994,4206
28995,3733
28996,3391
28997,-1
28998,3203
28999,3719
29000,3839
29001,4597
29002,3626
29003,-1
29004,3919
29005,3446
29006,3752
29007,3704
29008,3291
29009,3417
29010,3293
29011,3191
29012,3867
29013,4496
29014,3763
29015,3572
29016,2871
29017,3555
29018,4093
29019,3621
29020,3770
29021,3699
29022,3369
29023,3045
29024,3613
29025,3716
29026,3847
29027,3898
29028,3461
29029,3501
29030,4398
29031,2838
29032,3867
29033,3524
29034,2645
29035,3181
29036,3896
29037,3533
29038,3332
29039,3844
29040,3348
29041,3212
29042,3446
29043,3718
29044,4363
29045,3931
29046,3986
29047,3526
29048,3737
29049,3792
29050,3492
29051,3769
29052,3839
29053,4717
29054,3795
29055,3911
29056,3349
29057,2956
29058,3541
29059,3186
29060,4077
29061,3126
29062,4133
29063,5034
29064,3483
29065,3329
29066,3184
29067,3093
29068,3445
29069,3819
29070,3723
29071,3676
29072,3519
29073,3907
29074,4076
29075,3784
29076,3452
29077,3781
29078,3216
29079,3453
29080,3126
29081,3937
29082,2827
29083,3979
29084,3582
29085,3167
29086,3183
29087,3693
29088,3737
29089,3397
29090,3014
29091,3113
29092,2291
29093,3530
29094,3924
29095,3822
29096,3977
29097,3139
29098,3120
29099,3635
29100,3743
29101,4464
29102,2979
29103,3474
29104,4083
29105,4247
29106,4027
29107,3899
29108,3038
29109,3377
29110,3793
29111,4110
29112,3732
29113,4232
29114,3705
29115,3277
29116,3639
29117,3713
29118,2944
29119,3217
29120,3381
29121,3862
29122,3993
29123,2593
29124,3225
29125,3458
29126,3244
29127,-1
29128,3369
29129,3513
29130,4314
29131,4003
29132,4435
29133,3531
29134,4062
29135,3790
29136,3468
29137,3805
29138,3032
29139,2729
29140,3208
29141,3415
29142,3389
29143,4158
29144,4049
29145,3645
29146,3060
29147,3526
29148,3855
29149,3720
29150,2460
29151,4156
29152,2549
29153,3528
29154,3736
29155,3095
29156,3475
29157,3542
29158,3822
29159,2919
29160,3481
29161,4428
29162,3553
29163,3113
29164,3757
29165,3434
29166,3359
29167,3535
29168,3684
29169,3482
29170,3426
29171,2945
29172,3124
29173,3951
29174,3899
29175,4152
29176,3072
29177,3643
29178,3827
29179,3322
29180,3666
29181,3939
29182,3767
29183,3150
29184,3553
29185,3367
29186,3458
29187,3789
29188,4049
29189,3152
29190,3758
29191,3441
29192,3219
29193,3904
29194,3434
29195,4176
29196,4368
29197,2921
29198,4037
29199,3452
29200,3941
29201,3507
29202,3485
29203,4455
29204,3304
29205,3247
29206,3467
29207,3779
29208,3671
29209,3143
29210,3595
29211,3909
29212,3528
29213,3567
29214,3433
29215,3973
29216,2558
29217,4245
29218,3757
29219,3553
29220,3512
29221,3907
29222,2598
29223,3118
29224,3849
29225,3567
29226,3744
29227,4718
29228,3512
29229,4005
29230,3626
29231,3750
29232,4510
29233,3677
29234,3396
29235,4574
29236,3139
29237,3167
29238,3259
29239,3775
29240,4056
29241,3239
29242,3815
29243,3500
29244,3777
29245,3821
29246,3483
29247,3319
29248,3096
29249,3783
29250,-1
29251,3945
29252,3784
29253,3604
29254,3936
29255,3145
29256,4072
29257,4152
29258,3823
29259,4278
29260,4205
29261,3440
29262,3421
29263,-1
29264,3515
29265,3494
29266,-1
29267,3291
29268,3321
29269,2803
29270,3477
29271,4007
29272,3443
29273,3583
29274,3547
29275,3326
29276,3860
29277,3547
29278,3667
29279,3481
29280,3240
29281,3493
29282,3772
29283,3829
29284,3338
29285,3494
29286,3271
29287,3464
29288,4041
29289,3764
29290,3159
29291,3429
29292,3566
29293,3352
29294,3549
29295,2939
29296,3090
29297,2980
29298,3379
29299,3454
29300,3413
29301,3824
29302,3665
29303,3266
29304,3468
29305,3213
29306,3310
29307,3634
29308,3559
29309,3668
29310,2988
29311,4047
29312,2996
29313,4355
29314,3860
29315,3684
29316,4450
29317,3903
29318,3736
29319,3959
29320,3350
29321,3734
29322,2805
29323,3665
29324,3936
29325,3843
29326,2913
29327,3854
29328,3725
29329,3689
29330,3482
29331,4100
29332,3760
29333,3720
29334,3834
29335,3774
29336,2807
29337,3628
29338,3645
29339,3418
29340,3347
29341,3877
29342,2766
29343,3512
29344,3088
29345,3248
29346,3528
29347,-1
29348,3779
29349,4166
29350,3909
29351,4378
29352,3310
29353,3003
29354,3398
29355,3601
29356,3785
29357,3957
29358,3537
29359,3553
29360,3111
29361,3541
29362,3509
29363,3387
29364,3893
29365,3757
29366,3621
29367,3637
29368,3659
29369,3815
29370,3170
29371,4189
29372,3671
29373,4346
29374,3475
29375,3773
29376,3872
29377,3867
29378,3547
29379,-1
29380,3441
29381,4151
29382,3566
29383,3382
29384,3897
29385,3961
29386,4105
29387,3928
29388,3743
29389,3650
29390,3279
29391,3884
29392,3322
29393,3827
29394,3723
29395,3684
29396,3225
29397,3120
29398,3572
29399,3950
29400,3866
29401,4051
29402,3374
29403,3675
29404,3155
29405,3235
29406,4872
29407,3579
29408,2781
29409,3424
29410,3848
29411,3199
29412,3623
29413,3150
29414,3864
29415,3544
29416,3204
29417,3688
29418,4249
29419,3746
29420,3986
29421,3552
29422,2725
29423,3247
29424,4225
29425,3760
29426,3600
29427,3217
29428,3813
29429,4173
29430,4169
29431,3157
29432,2990
29433,3476
29434,3470
29435,3641
29436,3515
29437,-1
29438,3576
29439,3614
29440,3549
29441,3167
29442,3704
29443,3318
29444,3565
29445,3055
29446,3884
29447,4864
29448,2740
29449,3264
29450,3229
29451,3462
29452,4767
29453,3343
29454,3659
29455,3656
29456,3812
29457,3471
29458,3507
29459,3626
29460,4330
29461,3824
29462,3036
29463,4283
29464,3243
29465,3129
29466,2869
29467,4433
29468,4234
29469,2166
29470,3665
29471,3705
29472,3423
29473,3208
29474,3432
29475,3653
29476,3085
29477,3684
29478,3495
29479,4363
29480,3770
29481,3031
29482,3568
29483,4091
29484,3780
29485,4018
29486,4014
29487,3892
29488,-1
29489,3470
29490,3270
29491,3543
29492,3922
29493,2909
29494,3598
29495,3866
29496,2739
29497,3361
29498,-1
29499,3609
29500,4133
29501,3786
29502,4164
29503,4898
29504,2582
29505,3488
29506,2588
29507,3688
29508,3841
29509,3364
29510,3700
29511,3811
29512,3590
29513,3370
29514,4602
29515,4599
29516,3483
29517,3169
29518,3747
29519,-1
29520,3893
29521,4390
29522,4000
29523,3217
29524,3598
29525,3927
29526,4192
29527,3427
29528,3670
29529,3297
29530,5279
29531,3370
29532,3659
29533,3648
29534,-1
29535,4075
29536,3922
29537,3984
29538,2854
29539,3874
29540,3808
29541,3569
29542,3868
29543,3757
29544,2942
29545,3580
29546,4083
29547,3008
29548,3068
29549,3705
29550,3013
29551,4414
29552,4299
29553,2779
29554,3252
29555,3462
29556,3451
29557,4174
29558,4010
29559,-1
29560,3528
29561,3496
29562,3549
29563,3338
29564,3587
29565,3609
29566,2991
29567,3784
29568,4196
29569,3493
29570,4012
29571,3356
29572,3148
29573,3657
29574,3316
29575,4066
29576,3696
29577,3223
29578,3468
29579,3609
29580,2678
29581,3685
29582,3382
29583,3550
29584,3280
29585,3597
29586,2994
29587,3581
29588,3451
29589,4177
29590,3679
29591,4722
29592,2987
29593,3612
29594,3368
29595,3446
29596,3928
29597,3669
29598,2875
29599,3789
29600,3265
29601,3421
29602,3836
29603,2762
29604,3276
29605,3945
29606,3699
29607,4120
29608,3203
29609,3499
29610,4021
29611,3632
29612,3200
29613,3879
29614,3409
29615,3050
29616,4373
29617,3237
29618,3152
29619,4300
29620,2799
29621,3547
29622,3196
29623,3243
29624,3496
29625,3158
29626,2974
29627,3457
29628,4070
29629,3636
29630,3020
29631,3954
29632,3624
29633,3994
29634,3557
29635,3276
29636,3690
29637,3457
29638,3937
29639,4201
29640,3434
29641,4034
29642,3932
29643,4076
29644,3899
29645,3094
29646,3884
29647,4466
29648,3499
29649,3500
29650,3950
29651,3357
29652,3511
29653,4240
29654,3477
29655,3506
29656,3482
29657,3818
29658,3429
29659,3767
29660,3398
29661,3232
29662,3421
29663,3536
29664,3906
29665,3831
29666,3670
29667,3398
29668,4315
29669,3678
29670,3395
29671,2817
29672,3198
29673,3986
29674,3702
29675,3453
29676,3694
29677,2901
29678,3294
29679,3421
29680,2687
29681,3275
29682,4159
29683,3769
29684,3699
29685,3045
29686,3766
29687,3735
29688,3362
29689,3031
29690,3224
29691,4223
29692,2614
29693,3216
29694,3264
29695,3765
29696,3096
29697,3075
29698,3805
29699,3965
29700,3290
29701,3996
29702,3920
29703,-1
29704,4377
29705,3288
29706,4063
29707,3402
29708,4102
29709,2720
29710,4097
29711,3121
29712,3896
29713,3787
29714,3333
29715,4198
29716,4069
29717,3426
29718,3691
29719,3678
29720,3630
29721,3319
29722,4198
29723,3817
29724,3637
29725,2641
29726,4164
29727,4218
29728,2351
29729,3428
29730,2769
29731,3567
29732,3817
29733,3643
29734,2991
29735,3770
29736,3687
29737,3696
29738,3355
29739,3179
29740,3627
29741,4024
29742,3230
29743,2886
29744,4011
29745,3176
29746,2899
29747,4016
29748,3641
29749,3700
29750,3624
29751,3533
29752,3574
29753,3835
29754,3295
29755,3428
29756,2996
29757,3547
29758,3925
29759,3610
29760,3541
29761,3166
29762,3166
29763,3112
29764,3152
29765,3606
29766,3963
29767,2958
29768,4078
29769,3490
29770,3513
29771,3666
29772,3925
29773,3759
29774,3904
29775,4664
29776,3383
29777,3458
29778,3614
29779,4020
29780,3030
29781,3961
29782,4210
29783,3721
29784,3834
29785,2958
29786,3129
29787,4109
29788,3591
29789,3888
29790,3701
29791,2461
29792,3704
29793,3249
29794,2672
29795,3917
29796,3162
29797,3937
29798,3271
29799,4014
29800,3475
29801,-1
29802,4174
29803,3547
29804,4744
29805,4084
29806,3484
29807,3016
29808,3529
29809,4052
29810,3984
29811,3887
29812,4074
29813,2679
29814,3795
29815,4119
29816,2759
29817,3238
29818,3786
29819,3383
29820,3925
29821,3446
29822,3925
29823,3300
29824,3804
29825,4085
29826,3765
29827,3718
29828,3109
29829,3375
29830,3492
29831,3314
29832,3921
29833,3351
29834,5022
29835,3317
29836,-1
29837,3949
29838,4029
29839,4253
29840,4135
29841,3898
29842,3369
29843,4375
29844,3673
29845,3470
29846,3682
29847,3899
29848,3301
29849,3410
29850,2787
29851,3823
29852,3084
29853,3119
29854,3719
29855,3636
29856,3782
29857,3809
29858,4386
29859,3453
29860,4152
29861,4211
29862,-1
29863,4090
29864,3729
29865,3510
29866,3262
29867,4728
29868,3604
29869,3193
29870,2996
29871,-1
29872,3326
29873,2953
29874,3661
29875,4005
29876,3420
29877,3464
29878,4024
29879,3301
29880,-1
29881,3529
29882,3189
29883,3287
29884,3207
29885,3652
29886,3143
29887,3587
29888,2865
29889,4032
29890,3383
29891,3542
29892,-1
29893,3204
29894,2786
29895,4046
29896,4141
29897,3643
29898,3388
29899,3531
29900,3275
29901,3409
29902,4381
29903,3956
29904,3202
29905,3493
29906,3580
29907,2783
29908,3653
29909,3389
29910,3354
29911,4740
29912,-1
29913,3717
29914,3646
29915,3100
29916,3708
29917,3423
29918,3634
29919,3334
29920,2621
29921,3361
29922,4634
29923,3198
29924,-1
29925,3024
29926,3754
29927,4119
29928,3711
29929,2580
29930,3427
29931,2936
29932,3121
29933,3348
29934,4226
29935,3288
29936,4309
29937,4217
29938,3187
29939,3281
29940,3935
29941,3353
29942,3694
29943,3836
29944,2302
29945,3790
29946,2310
29947,3513
29948,3647
29949,3785
29950,3136
29951,4720
29952,4037
29953,3599
29954,4360
29955,3635
29956,3489
29957,3265
29958,3868
29959,3999
29960,3538
29961,3730
29962,3090
29963,2896
29964,3448
29965,3483
29966,3292
29967,3637
29968,2811
29969,3291
29970,3304
29971,3748
29972,3431
29973,2973
29974,3987
29975,2851
29976,3845
29977,3734
29978,3582
29979,4168
29980,3581
29981,3641
29982,4026
29983,3831
29984,3761
29985,3162
29986,3354
29987,3731
29988,3910
29989,3512
29990,2769
29991,4345
29992,3128
29993,2982
29994,3948
29995,3855
29996,3155
29997,3439
29998,4983
29999,4303
30000,3064
30001,3016
30002,3603
30003,3605
30004,3845
30005,3777
30006,3166
30007,3857
30008,-1
30009,3814
30010,3510
30011,4113
30012,3906
30013,3454
30014,2918
30015,3832
30016,2924
30017,3823
30018,3100
30019,2857
30020,3368
30021,3441
30022,2894
30023,3056
30024,3363
30025,4450
30026,4664
30027,3610
30028,3446
30029,2652
30030,3460
30031,3782
30032,3507
30033,3592
30034,3042
30035,3977
30036,3274
30037,2941
30038,3881
30039,3756
30040,3393
30041,3003
30042,3360
30043,3527
30044,3890
30045,3867
30046,3556
30047,4517
30048,4126
30049,-1
30050,3719
30051,4388
30052,3686
30053,3419
30054,3908
30055,3735
30056,3457
30057,3732
30058,3467
30059,3264
30060,3761
30061,4183
30062,3328
30063,3505
30064,3931
30065,3529
30066,3206
30067,3494
30068,3625
30069,3688
30070,3556
30071,3764
30072,3958
30073,4168
30074,3496
30075,2954
30076,-1
30077,3066
30078,4073
30079,3554
30080,-1
30081,2896
30082,4112
30083,3197
30084,3240
30085,3887
30086,3610
30087,3650
30088,3124
30089,3616
30090,3585
30091,3716
30092,4179
30093,3393
30094,4699
30095,3460
30096,3535
30097,3194
30098,3017
30099,3115
30100,2979
30101,3951
30102,3576
30103,3546
30104,3077
30105,4090
30106,3195
30107,3945
30108,2550
30109,2829
30110,3728
30111,3145
30112,4182
30113,4370
30114,3067
30115,3589
30116,2597
30117,3766
30118,3718
30119,3261
30120,3047
30121,3050
30122,3648
30123,2539
30124,4520
30125,2893
30126,3192
30127,3500
30128,3114
30129,3446
30130,3665
30131,3624
30132,4237
30133,3169
30134,3914
30135,3429
30136,3093
30137,3928
30138,4229
30139,3872
30140,3659
30141,3579
30142,3298
30143,3534
30144,3413
30145,3866
30146,4349
30147,3308
30148,3693
30149,2776
30150,3419
30151,3735
30152,3716
30153,3980
30154,3608
30155,3363
30156,3470
30157,3412
30158,3573
30159,3659
30160,3763
30161,3786
30162,3585
30163,3826
30164,3429
30165,3494
30166,3731
30167,3725
30168,3582
30169,3841
30170,3384
30171,3411
30172,3869
30173,3675
30174,3845
30175,4216
30176,3107
30177,3432
30178,4154
30179,3809
30180,3115
30181,3792
30182,3575
30183,3790
30184,3790
30185,3332
30186,3803
30187,3330
30188,2770
30189,3537
30190,4360
30191,3813
30192,2925
30193,2139
30194,3877
30195,3230
30196,3660
30197,3841
30198,3183
30199,3597
30200,3706
30201,3238
30202,4888
30203,3964
30204,3793
30205,4165
30206,3335
30207,3727
30208,3638
30209,3820
30210,3811
30211,3244
30212,3380
30213,3428
30214,4323
30215,3004
30216,3699
30217,3069
30218,3378
30219,3829
30220,4135
30221,4488
30222,4250
30223,3456
30224,3040
30225,3672
30226,4006
30227,3788
30228,4301
30229,4245
30230,2846
30231,2285
30232,4157
30233,3752
30234,3830
30235,3115
30236,3070
30237,3339
30238,3569
30239,3439
30240,3249
30241,3804
30242,3403
30243,3060
30244,3815
30245,2670
30246,2821
30247,3923
30248,3220
30249,3628
30250,3271
30251,2982
30252,3698
30253,4031
30254,3323
30255,2800
30256,3332
30257,3220
30258,3891
30259,3520
30260,2845
30261,-1
30262,3561
30263,3355
30264,3317
30265,4085
30266,3562
30267,3264
30268,3898
30269,3296
30270,5100
30271,3509
30272,3505
30273,3403
30274,-1
30275,4338
30276,3834
30277,2980
30278,3330
30279,3609
30280,2792
30281,4478
30282,3338
30283,2390
30284,3876
30285,3897
30286,3165
30287,3406
30288,3496
30289,2410
30290,5001
30291,3551
30292,3502
30293,4089
30294,3247
30295,3447
30296,3851
30297,3371
30298,3881
30299,3276
30300,3977
30301,4218
30302,3608
30303,3045
30304,-1
30305,2905
30306,-1
30307,4378
30308,4067
30309,3697
30310,3556
30311,4355
30312,3368
30313,4024
30314,3851
30315,3359
30316,5226
30317,3965
30318,3780
30319,-1
30320,4189
30321,3581
30322,3541
30323,3700
30324,3445
30325,3839
30326,3975
30327,3200
30328,-1
30329,4449
30330,3084
30331,3840
30332,4203
30333,4347
30334,3004
30335,3621
30336,3367
30337,3938
30338,1207
30339,3885
30340,3279
30341,2799
30342,3382
30343,3633
30344,3444
30345,3126
30346,3873
30347,3467
30348,3900
30349,3674
30350,2784
30351,3615
30352,3293
30353,2935
30354,4207
30355,3799
30356,3986
30357,3427
30358,2664
30359,3543
30360,2865
30361,2613
30362,3809
30363,2937
30364,3848
30365,3363
30366,3616
30367,3166
30368,3479
30369,4245
30370,3898
30371,3386
30372,3102
30373,3853
30374,3469
30375,3696
30376,3225
30377,3258
30378,3310
30379,3220
30380,3659
30381,3798
30382,3387
30383,3565
30384,4073
30385,2642
30386,3777
30387,4067
30388,3474
30389,3879
30390,3635
30391,4000
30392,3943
30393,3703
30394,2634
30395,3490
30396,3556
30397,3858
30398,3869
30399,3380
30400,3936
30401,3780
30402,4372
30403,2972
30404,3290
30405,3388
30406,3745
30407,4209
30408,6949
30409,3728
30410,3619
30411,4026
30412,3856
30413,3855
30414,3522
30415,4440
30416,3371
30417,3457
30418,3202
30419,4223
30420,3082
30421,3715
30422,3657
30423,3638
30424,2909
30425,3226
30426,3217
30427,4026
30428,3583
30429,4177
30430,3764
30431,3663
30432,3986
30433,2836
30434,3040
30435,4077
30436,3738
30437,3282
30438,3777
30439,3430
30440,3234
30441,3608
30442,3088
30443,3478
30444,3900
30445,3362
30446,3213
30447,3150
30448,3401
30449,3732
30450,3996
30451,4212
30452,3828
30453,3748
30454,4207
30455,4003
30456,4789
30457,3000
30458,3756
30459,3938
30460,3331
30461,4078
30462,3742
30463,3654
30464,4349
30465,3809
30466,4149
30467,4015
30468,4177
30469,3703
30470,3237
30471,4228
30472,3912
30473,3143
30474,3709
30475,3618
30476,-1
30477,3814
30478,3584
30479,3807
30480,3502
30481,3133
30482,3279
30483,3739
30484,3095
30485,3362
30486,4016
30487,3745
30488,3329
30489,3729
30490,2902
30491,2283
30492,3456
30493,3641
30494,3165
30495,3695
30496,4723
30497,2733
30498,3467
30499,3293
30500,4472
30501,3829
30502,2894
30503,3682
30504,3330
30505,-1
30506,3561
30507,4166
30508,3430
30509,4343
30510,3760
30511,3655
30512,3652
30513,3690
30514,2889
30515,3269
30516,3555
30517,3594
30518,4552
30519,3842
30520,3310
30521,4365
30522,3829
30523,3096
30524,3668
30525,3502
30526,2978
30527,-1
30528,4066
30529,3272
30530,3028
30531,3581
30532,3589
30533,3807
30534,3979
30535,3467
30536,4316
30537,3366
30538,3516
30539,3804
30540,3215
30541,2969
30542,4069
30543,4821
30544,3762
30545,4376
30546,3659
30547,3262
30548,3854
30549,3952
30550,3841
30551,2200
30552,3359
30553,3790
30554,3427
30555,3657
30556,3286
30557,3040
30558,2988
30559,3614
30560,3783
30561,4189
30562,3712
30563,3992
30564,3578
30565,3946
30566,3853
30567,3242
30568,3237
30569,4144
30570,3807
30571,3225
30572,4055
30573,3321
30574,3401
30575,3832
30576,4514
30577,3752
30578,4029
30579,4441
30580,3394
30581,4129
30582,-1
30583,2769
30584,3207
30585,3951
30586,3886
30587,3059
30588,3966
30589,4141
30590,3722
30591,3851
30592,3809
30593,3733
30594,4918
30595,2937
30596,2980
30597,4111
30598,3906
30599,2604
30600,2090
30601,3603
30602,4027
30603,3610
30604,3439
30605,3417
30606,2868
30607,3412
30608,3693
30609,3748
30610,3917
30611,3955
30612,3767
30613,4042
30614,4164
30615,3651
30616,3669
30617,3398
30618,3753
30619,2736
30620,4054
30621,3716
30622,3338
30623,3797
30624,3604
30625,3080
30626,4739
30627,3646
30628,3403
30629,3748
30630,4097
30631,3365
30632,4055
30633,3928
30634,4339
30635,3044
30636,4362
30637,2499
30638,3872
30639,4012
30640,4115
30641,3516
30642,4104
30643,3604
30644,3750
30645,4221
30646,3899
30647,4612
30648,4121
30649,3685
30650,3929
30651,3654
30652,3947
30653,3598
30654,3494
30655,2680
30656,4075
30657,3137
30658,3475
30659,2743
30660,3664
30661,3958
30662,3040
30663,3134
30664,3806
30665,3759
30666,3410
30667,3889
30668,3771
30669,3430
30670,3228
30671,3958
30672,4097
30673,3663
30674,2515
30675,3744
30676,3985
30677,4210
30678,2967
30679,3254
30680,2802
30681,4296
30682,3473
30683,3800
30684,3833
30685,-1
30686,2740
30687,4477
30688,3265
30689,3487
30690,3458
30691,3168
30692,3903
30693,3206
30694,4214
30695,3376
30696,3025
30697,3800
30698,3037
30699,3728
30700,2721
30701,4127
30702,3116
30703,3400
30704,3691
30705,4991
30706,3163
30707,3515
30708,3658
30709,3293
30710,3170
30711,3381
30712,3901
30713,3786
30714,3269
30715,3405
30716,2627
30717,3579
30718,3819
30719,3134
30720,3768
30721,3282
30722,4322
30723,2956
30724,3722
30725,3405
30726,2870
30727,3214
30728,4021
30729,3566
30730,3617
30731,2826
30732,3621
30733,3022
30734,3252
30735,2774
30736,4522
30737,1766
30738,1650
30739,2569
30740,2694
30741,3815
30742,3737
30743,3632
30744,3767
30745,3841
30746,4805
30747,3156
30748,4097
30749,3796
30750,4361
30751,3668
30752,-1
30753,3050
30754,3556
30755,-1
30756,3841
30757,3560
30758,3350
30759,3727
30760,3843
30761,4089
30762,3953
30763,3480
30764,3731
30765,-1
30766,2942
30767,3740
30768,4341
30769,3606
30770,3383
30771,4232
30772,3798
30773,3561
30774,3763
30775,3271
30776,3951
30777,3367
30778,3240
30779,3844
30780,3543
30781,3434
30782,3558
30783,3747
30784,3485
30785,3677
30786,4043
30787,3894
30788,3556
30789,3380
30790,3888
30791,3508
30792,3903
30793,3794
30794,3780
30795,3069
30796,3320
30797,2709
30798,3533
30799,2603
30800,3889
30801,3796
30802,3273
30803,2792
30804,4129
30805,3192
30806,3161
30807,3413
30808,3423
30809,3716
30810,3268
30811,3382
30812,3302
30813,4043
30814,3919
30815,3122
30816,3443
30817,3048
30818,3724
30819,3627
30820,3030
30821,3513
30822,3371
30823,3295
30824,3466
30825,3553
30826,3920
30827,3850
30828,3742
30829,3994
30830,3980
30831,3141
30832,3476
30833,3324
30834,3018
30835,3183
30836,3275
30837,2937
30838,4079
30839,3725
30840,3221
30841,3013
30842,3403
30843,2733
30844,3837
30845,3609
30846,3374
30847,3031
30848,3000
30849,3479
30850,3654
30851,-1
30852,3090
30853,4018
30854,3916
30855,4322
30856,3364
30857,3606
30858,3297
30859,4081
30860,3703
30861,4229
30862,3242
30863,3835
30864,3576
30865,3106
30866,2490
30867,3128
30868,3954
30869,3569
30870,4090
30871,4727
30872,3759
30873,3871
30874,3325
30875,3350
30876,3425
30877,3694
30878,3667
30879,4009
30880,3569
30881,4151
30882,4129
30883,3198
30884,3719
30885,3906
30886,3213
30887,3712
30888,3540
30889,3134
30890,3436
30891,5123
30892,3273
30893,3270
30894,3523
30895,3538
30896,3032
30897,3655
30898,4206
30899,3537
30900,3665
30901,3702
30902,4152
30903,4019
30904,3414
30905,3943
30906,3352
30907,2950
30908,3259
30909,3683
30910,4568
30911,-1
30912,3955
30913,3742
30914,2790
30915,3084
30916,3967
30917,3741
30918,3776
30919,-1
30920,3557
30921,3320
30922,3864
30923,3304
30924,3593
30925,3473
30926,3852
30927,3002
30928,3452
30929,4098
30930,3606
30931,3075
30932,4108
30933,3211
30934,3896
30935,6009
30936,3396
30937,3938
30938,3269
30939,3907
30940,3526
30941,3170
30942,3161
30943,3398
30944,-1
30945,3638
30946,3458
30947,3013
30948,-1
30949,3580
30950,4317
30951,3836
30952,2896
30953,3427
30954,3619
30955,3867
30956,3661
30957,3170
30958,3726
30959,3474
30960,3651
30961,4148
30962,2759
30963,2986
30964,3825
30965,3816
30966,3581
30967,3297
30968,3566
30969,2769
30970,4263
30971,4030
30972,2374
30973,3380
30974,3632
30975,4045
30976,2277
30977,4106
30978,3402
30979,3898
30980,3526
30981,3732
30982,3279
30983,3787
30984,3452
30985,3646
30986,3553
30987,3716
30988,3465
30989,3605
30990,3653
30991,4139
30992,3570
30993,3423
30994,3404
30995,4038
30996,3420
30997,3411
30998,3079
30999,4056
31000,3298
31001,2912
31002,3751
31003,3271
31004,3235
31005,3533
31006,3226
31007,3585
31008,4712
31009,3267
31010,3365
31011,3995
31012,3439
31013,3807
31014,3302
31015,3825
31016,4468
31017,3163
31018,2762
31019,3546
31020,3761
31021,2625
31022,2679
31023,3555
31024,3207
31025,3525
31026,3470
31027,4141
31028,2985
31029,3459
31030,3644
31031,4296
31032,4336
31033,3605
31034,3836
31035,4179
31036,3444
31037,3140
31038,3278
31039,3217
31040,3803
31041,3520
31042,3831
31043,3501
31044,3113
31045,3525
31046,2704
31047,3790
31048,3830
31049,4151
31050,3132
31051,4365
31052,4005
31053,3418
31054,3338
31055,2964
31056,3097
31057,4292
31058,3340
31059,3709
31060,3522
31061,3556
31062,3996
31063,3963
31064,3044
31065,3804
31066,4284
31067,3719
31068,4218
31069,3930
31070,4086
31071,3663
31072,3593
31073,3175
31074,4308
31075,3229
31076,3281
31077,3698
31078,5015
31079,3688
31080,3357
31081,3333
31082,2586
31083,4531
31084,3259
31085,3671
31086,3547
31087,3728
31088,3351
31089,3604
31090,3677
31091,-1
31092,3475
31093,3801
31094,4324
31095,3766
31096,3813
31097,3560
31098,3892
31099,3453
31100,3367
31101,2761
31102,4217
31103,3029
31104,-1
31105,3428
31106,4109
31107,3602
31108,3767
31109,3767
31110,3632
31111,3825
31112,-1
31113,3938
31114,3642
31115,3500
31116,3403
31117,3536
31118,3706
31119,3374
31120,3863
31121,3765
31122,3865
31123,3894
31124,3111
31125,4165
31126,3567
31127,3270
31128,3337
31129,3489
31130,4909
31131,4600
31132,4513
31133,3775
31134,3649
31135,4484
31136,3178
31137,3478
31138,4805
31139,3891
31140,3736
31141,3922
31142,3904
31143,3130
31144,4445
31145,3724
31146,3432
31147,-1
31148,3932
31149,3190
31150,3900
31151,3793
31152,3238
31153,3353
31154,3526
31155,4407
31156,3428
31157,3387
31158,3301
31159,4151
31160,4554
31161,3489
31162,4103
31163,4320
31164,3591
31165,4781
31166,3754
31167,3621
31168,4944
31169,3371
31170,4218
31171,3360
31172,3557
31173,3827
31174,3079
31175,3625
31176,4217
31177,3701
31178,3538
31179,4115
31180,3112
31181,3987
31182,3907
31183,3182
31184,3730
31185,3252
31186,4280
31187,3632
31188,4280
31189,2843
31190,3492
31191,3630
31192,3802
31193,4088
31194,3811
31195,3941
31196,3725
31197,4712
31198,3418
31199,3776
31200,3491
31201,3806
31202,3217
31203,3385
31204,3488
31205,3723
31206,3399
31207,4127
31208,4428
31209,2928
31210,3032
31211,3200
31212,3651
31213,3347
31214,3162
31215,3392
31216,3745
31217,3209
31218,3673
31219,3488
31220,2779
31221,3392
31222,3111
31223,3868
31224,3171
31225,3270
31226,3466
31227,3195
31228,2616
31229,4323
31230,3549
31231,4433
31232,3891
31233,3819
31234,3546
31235,3726
31236,3664
31237,3801
31238,4227
31239,3946
31240,3722
31241,2908
31242,3794
31243,3819
31244,3405
31245,3109
31246,3199
31247,3810
31248,3418
31249,3253
31250,3909
31251,3618
31252,3713
31253,3374
31254,4297
31255,3199
31256,3510
31257,3161
31258,3203
31259,3842
31260,3466
31261,3808
31262,3966
31263,3910
31264,3753
31265,3478
31266,3610
31267,3443
31268,3968
31269,3558
31270,3575
31271,3308
31272,3237
31273,4017
31274,3729
31275,3970
31276,4456
31277,3833
31278,3011
31279,3301
31280,4355
31281,3185
31282,4453
31283,4421
31284,3768
31285,3786
31286,3477
31287,3646
31288,3300
31289,3985
31290,4256
31291,3425
31292,3493
31293,4475
31294,4063
31295,3506
31296,3652
31297,3791
31298,2956
31299,3470
31300,2727
31301,3942
31302,3481
31303,4580
31304,3634
31305,4781
31306,-1
31307,4176
31308,4155
31309,3618
31310,3148
31311,4404
31312,3414
31313,3387
31314,4785
31315,3156
31316,3947
31317,3383
31318,3383
31319,3247
31320,4240
31321,3520
31322,4070
31323,3476
31324,4161
31325,3515
31326,3913
31327,3837
31328,3920
31329,3650
31330,3422
31331,4074
31332,3054
31333,3878
31334,3321
31335,3147
31336,4172
31337,-1
31338,3752
31339,2964
31340,4359
31341,3458
31342,3417
31343,3598
31344,2908
31345,3319
31346,3617
31347,3192
31348,4395
31349,3710
31350,3954
31351,3566
31352,3711
31353,3061
31354,3714
31355,3630
31356,3199
31357,3791
31358,3220
31359,4099
31360,3019
31361,4777
31362,3579
31363,2560
31364,3660
31365,2730
31366,4144
31367,4153
31368,3564
31369,3037
31370,3369
31371,3861
31372,3607
31373,3470
31374,3771
31375,3306
31376,3347
31377,4218
31378,4259
31379,4484
31380,3710
31381,4018
31382,3845
31383,3864
31384,3533
31385,-1
31386,5125
31387,3958
31388,3940
31389,3776
31390,3800
31391,3766
31392,3646
31393,3142
31394,3761
31395,3583
31396,-1
31397,4143
31398,3793
31399,3322
31400,4094
31401,3411
31402,3220
31403,3696
31404,3525
31405,3773
31406,3182
31407,3287
31408,3877
31409,4569
31410,3664
31411,3723
31412,3939
31413,3111
31414,3640
31415,-1
31416,4540
31417,3007
31418,3539
31419,3837
31420,3111
31421,3018
31422,3163
31423,3795
31424,3540
31425,4252
31426,4188
31427,3677
31428,3770
31429,3670
31430,3628
31431,3535
31432,4305
31433,3679
31434,4687
31435,4422
31436,3535
31437,3803
31438,3838
31439,3658
31440,3769
31441,3821
31442,3502
31443,3029
31444,-1
31445,3475
31446,4133
31447,3708
31448,3791
31449,2944
31450,4026
31451,4253
31452,3666
31453,3075
31454,3995
31455,3409
31456,3330
31457,2297
31458,3654
31459,3841
31460,3450
31461,3617
31462,3610
31463,2735
31464,3322
31465,-1
31466,3783
31467,5538
31468,3702
31469,3556
31470,3671
31471,2842
31472,3978
31473,3266
31474,4834
31475,3852
31476,3518
31477,4078
31478,3054
31479,2946
31480,3515
31481,3771
31482,3088
31483,3419
31484,3733
31485,3782
31486,4080
31487,4041
31488,4552
31489,4259
31490,4362
31491,3188
31492,3726
31493,3432
31494,4133
31495,4430
31496,3707
31497,4013
31498,3526
31499,4151
31500,3412
31501,3054
31502,3930
31503,2527
31504,4452
31505,3474
31506,-1
31507,2684
31508,3972
31509,3747
31510,4275
31511,3215
31512,2778
31513,-1
31514,3092
31515,2682
31516,4274
31517,3531
31518,3695
31519,3063
31520,3754
31521,3696
31522,3528
31523,3735
31524,3473
31525,2910
31526,4052
31527,3382
31528,4076
31529,3511
31530,4291
31531,3274
31532,3551
31533,3586
31534,3401
31535,3065
31536,3606
31537,3624
31538,3821
31539,4200
31540,4123
31541,4325
31542,4097
31543,3249
31544,3989
31545,3284
31546,3708
31547,3310
31548,3939
31549,3982
31550,3043
31551,3638
31552,3456
31553,3534
31554,3243
31555,3512
31556,3822
31557,3795
31558,3459
31559,3328
31560,3757
31561,3408
31562,3051
31563,4386
31564,3841
31565,3677
31566,3631
31567,3134
31568,3626
31569,3147
31570,3297
31571,3940
31572,3216
31573,3437
31574,-1
31575,4248
31576,3881
31577,3929
31578,3545
31579,3253
31580,3380
31581,3126
31582,3670
31583,3055
31584,3680
31585,3271
31586,3160
31587,3298
31588,3669
31589,4228
31590,4206
31591,2869
31592,3477
31593,3710
31594,2998
31595,3775
31596,3473
31597,4270
31598,3265
31599,3537
31600,3726
31601,4180
31602,3868
31603,-1
31604,3426
31605,3531
31606,3690
31607,3387
31608,2720
31609,3732
31610,3454
31611,3854
31612,2626
31613,3568
31614,3680
31615,3342
31616,3119
31617,3471
31618,3346
31619,3182
31620,3341
31621,3556
31622,3451
31623,-1
31624,4112
31625,4351
31626,4239
31627,3260
31628,3681
31629,3815
31630,2824
31631,4182
31632,3257
31633,3480
31634,3414
31635,4029
31636,3562
31637,3647
31638,3797
31639,3396
31640,4331
31641,4028
31642,3663
31643,3210
31644,4709
31645,3357
31646,3040
31647,3442
31648,2906
31649,3210
31650,3870
31651,3225
31652,3267
31653,2916
31654,3354
31655,3817
31656,3066
31657,2653
31658,3598
31659,3966
31660,4574
31661,3898
31662,4022
31663,2911
31664,3354
31665,3351
31666,3809
31667,3016
31668,3487
31669,2754
31670,3331
31671,3586
31672,3847
31673,2896
31674,4725
31675,2367
31676,4274
31677,3439
31678,3451
31679,4154
31680,3458
31681,3379
31682,3203
31683,3960
31684,3730
31685,3069
31686,3633
31687,3481
31688,3618
31689,3663
31690,3130
31691,4532
31692,3477
31693,3715
31694,3705
31695,3937
31696,2915
31697,3250
31698,3431
31699,3598
31700,3011
31701,3497
31702,3100
31703,3376
31704,3837
31705,3313
31706,3721
31707,3377
31708,3528
31709,2572
31710,4127
31711,3717
31712,3802
31713,3350
31714,3351
31715,4269
31716,3893
31717,4018
31718,3729
31719,3167
31720,4042
31721,3744
31722,4052
31723,3103
31724,3336
31725,4278
31726,3905
31727,4524
31728,975
31729,3916
31730,3812
31731,3690
31732,2751
31733,3366
31734,3607
31735,3336
31736,3329
31737,3898
31738,3474
31739,3835
31740,-1
31741,3629
31742,3551
31743,4192
31744,3795
31745,3503
31746,3611
31747,3228
31748,4790
31749,3989
31750,2994
31751,3243
31752,3205
31753,3685
31754,5016
31755,3761
31756,3336
31757,3564
31758,3834
31759,3200
31760,3881
31761,3785
31762,3375
31763,2911
31764,3383
31765,4164
31766,3484
31767,3205
31768,3607
31769,3865
31770,4351
31771,3295
31772,3997
31773,3292
31774,3224
31775,4185
31776,3384
31777,3043
31778,3010
31779,4800
31780,3543
31781,3928
31782,4062
31783,3427
31784,4240
31785,3586
31786,3730
31787,4419
31788,-1
31789,3473
31790,3455
31791,3774
31792,3339
31793,3455
31794,3397
31795,3662
31796,3446
31797,4863
31798,3938
31799,4520
31800,3154
31801,3606
31802,3717
31803,3465
31804,3681
31805,4058
31806,3911
31807,3681
31808,4351
31809,3968
31810,4472
31811,3382
31812,3862
31813,4206
31814,3230
31815,3637
31816,3554
31817,3585
31818,3718
31819,3889
31820,3217
31821,2726
31822,3807
31823,3503
31824,3267
31825,3575
31826,3514
31827,2924
31828,4005
31829,3744
31830,3147
31831,3604
31832,3624
31833,3428
31834,3660
31835,3698
31836,3180
31837,2920
31838,4078
31839,3786
31840,3537
31841,4098
31842,3338
31843,3277
31844,3437
31845,3296
31846,3284
31847,3800
31848,4338
31849,3325
31850,3209
31851,3508
31852,3587
31853,3635
31854,4063
31855,3812
31856,3341
31857,3732
31858,4359
31859,2967
31860,3857
31861,3241
31862,2945
31863,3319
31864,4246
31865,3039
31866,3334
31867,3239
31868,3686
31869,3371
31870,2985
31871,3879
31872,4297
31873,4022
31874,3021
31875,4368
31876,3819
31877,3728
31878,3569
31879,4059
31880,3358
31881,3127
31882,3646
31883,3573
31884,4644
31885,4246
31886,3577
31887,3896
31888,3136
31889,3715
31890,3115
31891,4069
31892,3215
31893,4428
31894,2844
31895,4205
31896,4332
31897,3375
31898,2018
31899,3647
31900,4044
31901,3859
31902,3976
31903,3522
31904,3566
31905,3397
31906,3860
31907,3472
31908,3722
31909,3156
31910,3468
31911,4267
31912,3776
31913,3842
31914,3575
31915,4058
31916,3939
31917,4243
31918,3469
31919,3686
31920,3271
31921,3335
31922,4010
31923,3843
31924,3552
31925,3518
31926,4124
31927,2866
31928,4841
31929,3826
31930,4018
31931,3576
31932,2944
31933,3539
31934,3786
31935,3846
31936,3607
31937,3731
31938,3765
31939,4265
31940,3219
31941,4000
31942,3696
31943,3222
31944,3795
31945,4308
31946,-1
31947,3436
31948,3383
31949,3297
31950,3354
31951,-1
31952,3496
31953,3304
31954,2831
31955,3893
31956,2740
31957,4244
31958,4095
31959,3649
31960,3516
31961,3498
31962,-1
31963,3426
31964,3642
31965,4548
31966,3949
31967,4716
31968,4795
31969,2698
31970,3422
31971,3586
31972,3348
31973,3534
31974,3280
31975,3562
31976,3929
31977,3530
31978,3949
31979,3443
31980,2969
31981,3923
31982,3220
31983,3497
31984,2558
31985,4092
31986,3514
31987,2715
31988,3455
31989,3559
31990,4119
31991,4154
31992,-1
31993,3973
31994,3400
31995,4059
31996,2489
31997,3719
31998,3622
31999,4063
32000,3440
32001,2872
32002,3500
32003,3724
32004,4596
32005,3422
32006,2890
32007,3521
32008,4113
32009,-1
32010,3454
32011,4055
32012,4132
32013,3077
32014,3663
32015,3406
32016,3637
32017,4286
32018,3478
32019,3837
32020,2769
32021,4787
32022,3095
32023,3758
32024,3783
32025,2553
32026,4548
32027,3890
32028,3404
32029,4110
32030,3208
32031,3798
32032,3969
32033,3541
32034,4492
32035,3083
32036,4779
32037,3603
32038,3294
32039,3448
32040,3679
32041,3225
32042,3717
32043,3398
32044,3997
32045,4022
32046,3504
32047,3545
32048,4085
32049,3981
32050,3286
32051,3356
32052,3924
32053,3285
32054,3722
32055,2928
32056,3097
32057,3772
32058,3629
32059,3740
32060,3611
32061,3338
32062,3838
32063,2930
32064,3492
32065,3474
32066,3323
32067,3661
32068,3579
32069,3459
32070,4215
32071,3522
32072,3681
32073,4055
32074,3511
32075,3570
32076,4813
32077,3942
32078,-1
32079,2906
32080,2881
32081,3644
32082,3883
32083,2780
32084,4226
32085,3663
32086,3221
32087,2995
32088,3705
32089,3245
32090,3167
32091,2625
32092,3230
32093,3693
32094,3049
32095,3904
32096,3953
32097,-1
32098,3567
32099,3330
32100,3107
32101,3449
32102,3836
32103,2420
32104,3505
32105,2709
32106,3315
32107,3980
32108,3960
32109,3989
32110,2770
32111,4188
32112,3651
32113,3836
32114,3018
32115,3752
32116,4336
32117,3373
32118,3122
32119,4246
32120,4004
32121,3782
32122,4270
32123,3739
32124,3917
32125,3619
32126,2820
32127,3988
32128,3623
32129,3214
32130,4180
32131,4118
32132,3996
32133,3562
32134,3250
32135,2733
32136,3810
32137,3696
32138,3306
32139,3562
32140,3542
32141,3548
32142,3244
32143,3703
32144,3755
32145,3571
32146,3665
32147,3820
32148,2775
32149,2765
32150,2689
32151,3504
32152,2803
32153,3643
32154,4010
32155,4795
32156,3394
32157,3605
32158,4041
32159,4019
32160,3385
32161,3749
32162,3167
32163,4123
32164,3671
32165,4396
32166,3136
32167,3902
32168,3152
32169,3498
32170,3579
32171,2967
32172,3556
32173,3036
32174,4159
32175,4055
32176,3614
32177,3618
32178,3288
32179,3766
32180,2902
32181,4121
32182,3944
32183,-1
32184,3283
32185,3205
32186,3848
32187,4238
32188,3896
32189,4022
32190,3555
32191,3623
32192,3461
32193,3533
32194,3747
32195,3655
32196,3345
32197,3707
32198,3694
32199,3684
32200,3936
32201,2703
32202,3424
32203,3763
32204,3431
32205,2851
32206,3745
32207,3679
32208,3367
32209,3601
32210,3971
32211,3542
32212,3493
32213,3215
32214,3408
32215,3977
32216,3843
32217,4202
32218,3420
32219,3510
32220,3883
32221,4381
32222,3285
32223,3840
32224,3904
32225,3950
32226,3342
32227,3501
32228,3894
32229,3491
32230,2880
32231,3629
32232,4140
32233,2978
32234,3097
32235,4079
32236,3568
32237,4012
32238,3621
32239,3543
32240,4133
32241,4242
32242,2613
32243,3434
32244,3096
32245,2924
32246,3865
32247,3262
32248,4195
32249,2878
32250,2357
32251,3942
32252,4612
32253,3932
32254,3535
32255,3269
32256,2988
32257,3567
32258,3877
32259,3573
32260,3576
32261,3884
32262,3658
32263,3237
32264,3703
32265,4166
32266,3449
32267,3639
32268,3196
32269,3853
32270,3866
32271,4790
32272,3997
32273,3201
32274,3749
32275,4246
32276,3590
32277,4179
32278,3356
32279,3897
32280,3343
32281,3246
32282,3215
32283,3589
32284,3188
32285,5458
32286,3626
32287,4210
32288,4069
32289,3456
32290,3714
32291,4004
32292,3738
32293,3839
32294,3492
32295,3978
32296,2985
32297,3203
32298,3077
32299,3347
32300,3615
32301,3460
32302,4263
32303,4094
32304,3220
32305,2824
32306,3624
32307,3848
32308,4297
32309,3352
32310,3987
32311,3240
32312,3467
32313,1856
32314,3996
32315,2824
32316,3069
32317,3648
32318,3425
32319,3998
32320,3228
32321,3603
32322,4384
32323,3739
32324,3215
32325,-1
32326,3987
32327,4231
32328,3437
32329,3161
32330,2302
32331,3117
32332,3325
32333,3565
32334,3794
32335,3800
32336,3860
32337,3998
32338,4115
32339,3972
32340,4264
32341,3414
32342,2717
32343,3831
32344,3759
32345,4646
32346,3503
32347,3910
32348,2999
32349,3765
32350,-1
32351,3890
32352,3856
32353,3351
32354,2936
32355,3739
32356,2179
32357,3730
32358,4499
32359,3904
32360,3100
32361,3124
32362,3655
32363,3860
32364,3475
32365,4365
32366,3975
32367,4225
32368,3845
32369,3504
32370,3755
32371,3450
32372,3711
32373,3548
32374,3311
32375,3246
32376,2969
32377,3223
32378,3370
32379,3440
32380,3934
32381,3717
32382,3239
32383,3575
32384,3120
32385,3490
32386,3267
32387,3058
32388,2801
32389,3769
32390,3381
32391,3204
32392,3633
32393,2775
32394,3015
32395,3164
32396,4061
32397,3313
32398,3399
32399,3528
32400,3476
32401,3351
32402,3718
32403,4094
32404,3821
32405,4288
32406,3610
32407,3241
32408,3995
32409,3829
32410,2953
32411,3271
32412,3284
32413,3558
32414,3269
32415,3112
32416,3611
32417,4259
32418,4256
32419,3275
32420,3332
32421,3924
32422,3507
32423,4133
32424,4137
32425,3971
32426,3322
32427,2934
32428,3768
32429,3726
32430,3820
32431,-1
32432,3698
32433,4382
32434,3413
32435,3792
32436,2718
32437,3277
32438,3643
32439,-1
32440,4374
32441,3401
32442,3904
32443,1468
32444,3544
32445,3803
32446,4050
32447,3711
32448,3857
32449,3347
32450,3860
32451,3584
32452,3863
32453,4013
32454,2865
32455,3415
32456,4237
32457,3640
32458,3838
32459,3499
32460,2988
32461,2573
32462,4124
32463,3649
32464,3926
32465,3790
32466,3454
32467,-1
32468,3465
32469,3517
32470,4195
32471,2999
32472,2594
32473,4444
32474,4330
32475,3511
32476,3073
32477,4100
32478,3242
32479,3139
32480,3692
32481,3883
32482,3788
32483,3236
32484,3551
32485,3462
32486,3575
32487,2711
32488,3560
32489,4257
32490,3953
32491,3937
32492,4287
32493,3486
32494,4061
32495,3977
32496,3340
32497,3757
32498,3636
32499,3352
32500,4350
32501,2536
32502,3654
32503,2064
32504,3316
32505,3231
32506,3873
32507,3694
32508,3136
32509,4133
32510,3001
32511,4353
32512,4183
32513,2707
32514,-1
32515,3873
32516,-1
32517,1672
32518,4262
32519,3861
32520,3536
32521,3825
32522,3967
32523,3737
32524,3447
32525,4502
32526,3542
32527,3704
32528,3233
32529,3635
32530,3770
32531,3499
32532,3728
32533,3121
32534,4196
32535,4021
32536,3824
32537,3784
32538,3939
32539,3284
32540,3157
32541,3935
32542,3142
32543,3676
32544,3716
32545,3261
32546,2485
32547,3328
32548,-1
32549,3822
32550,3965
32551,3984
32552,4166
32553,4040
32554,3915
32555,3817
32556,3502
32557,3004
32558,3905
32559,3455
32560,3343
32561,3895
32562,3019
32563,3723
32564,3528
32565,3160
32566,3514
32567,4060
32568,2735
32569,3801
32570,3573
32571,4090
32572,4825
32573,3426
32574,4229
32575,3172
32576,-1
32577,3731
32578,2987
32579,3291
32580,3385
32581,3128
32582,2734
32583,4257
32584,3284
32585,3565
32586,3720
32587,3220
32588,3778
32589,4436
32590,3396
32591,3681
32592,4224
32593,3354
32594,3441
32595,3422
32596,4086
32597,3928
32598,3933
32599,3907
32600,3386
32601,3786
32602,3577
32603,3507
32604,2792
32605,3889
32606,3419
32607,3722
32608,3533
32609,3846
32610,3376
32611,2972
32612,3537
32613,3382
32614,3483
32615,3107
32616,3728
32617,4398
32618,3834
32619,3974
32620,3868
32621,3559
32622,3691
32623,3691
32624,4667
32625,3660
32626,4066
32627,2817
32628,3552
32629,3314
32630,4131
32631,4060
32632,3869
32633,3015
32634,3387
32635,3583
32636,3477
32637,4234
32638,3556
32639,3610
32640,4141
32641,3415
32642,3456
32643,3730
32644,3081
32645,3852
32646,3672
32647,3091
32648,3804
32649,2801
32650,3834
32651,3489
32652,3278
32653,3344
32654,3883
32655,3577
32656,3998
32657,3415
32658,3928
32659,3551
32660,3903
32661,3401
32662,3875
32663,2755
32664,3393
32665,3564
32666,3539
32667,3546
32668,3047
32669,4113
32670,4047
32671,4551
32672,4150
32673,2854
32674,3589
32675,3340
32676,3205
32677,3482
32678,3159
32679,3635
32680,3959
32681,4574
32682,3530
32683,3126
32684,3455
32685,3097
32686,3091
32687,3970
32688,3789
32689,2724
32690,3646
32691,4326
32692,3927
32693,2878
32694,3355
32695,3836
32696,3960
32697,3946
32698,3280
32699,3098
32700,3824
32701,3807
32702,-1
32703,2945
32704,3243
32705,3133
32706,3522
32707,3522
32708,3430
32709,4015
32710,3626
32711,3456
32712,3711
32713,3203
32714,3656
32715,4119
32716,3841
32717,3288
32718,3231
32719,3254
32720,4690
32721,3245
32722,3561
32723,3099
32724,3533
32725,3705
32726,3878
32727,3548
32728,4269
32729,4013
32730,3828
32731,3357
32732,4033
32733,3413
32734,2575
32735,4002
32736,3889
32737,-1
32738,3841
32739,4381
32740,3731
32741,3359
32742,2964
32743,3930
32744,2506
32745,3948
32746,3430
32747,3608
32748,3306
32749,3609
32750,3534
32751,4265
32752,3863
32753,3586
32754,3100
32755,3891
32756,3275
32757,2657
32758,3971
32759,4216
32760,3214
32761,3797
32762,3337
32763,3537
32764,3305
32765,2883
32766,3182
32767,3663
32768,3651
32769,3151
32770,3981
32771,3824
32772,4346
32773,4556
32774,2962
32775,3865
32776,3685
32777,3833
32778,3570
32779,3330
32780,3410
32781,3661
32782,2532
32783,3481
32784,3158
32785,3482
32786,3410
32787,3437
32788,3092
32789,4038
32790,3779
32791,3859
32792,4024
32793,4245
32794,3442
32795,3759
32796,2972
32797,3000
32798,3733
32799,3248
32800,3550
32801,3651
32802,4021
32803,4100
32804,3508
32805,3774
32806,3256
32807,3551
32808,3419
32809,3668
32810,3463
32811,3524
32812,3321
32813,3696
32814,4039
32815,3594
32816,3621
32817,3527
32818,3795
32819,4270
32820,3319
32821,4168
32822,3401
32823,4141
32824,3240
32825,3873
32826,3730
32827,3249
32828,3027
32829,3620
32830,3700
32831,3738
32832,3258
32833,3415
32834,3967
32835,-1
32836,3697
32837,4057
32838,3100
32839,3387
32840,3398
32841,3393
32842,4372
32843,2989
32844,4390
32845,2195
32846,3369
32847,3611
32848,4166
32849,3700
32850,3635
32851,2618
32852,3636
32853,4281
32854,4039
32855,3589
32856,3162
32857,2926
32858,3971
32859,3342
32860,3692
32861,-1
32862,3378
32863,3805
32864,3282
32865,3460
32866,3790
32867,4042
32868,3343
32869,3494
32870,2357
32871,3837
32872,3668
32873,3289
32874,3596
32875,3779
32876,3987
32877,3688
32878,3704
32879,2389
32880,2775
32881,4038
32882,3975
32883,4098
32884,2517
32885,4199
32886,3582
32887,3084
32888,3338
32889,3745
32890,3694
32891,4126
32892,3295
32893,3872
32894,-1
32895,4767
32896,3008
32897,3276
32898,3093
32899,3231
32900,4032
32901,2909
32902,3733
32903,3681
32904,2914
32905,5111
32906,3731
32907,3462
32908,4046
32909,3316
32910,3918
32911,3591
32912,3283
32913,3386
32914,3563
32915,4089
32916,3847
32917,3753
32918,4739
32919,3636
32920,2280
32921,3968
32922,3887
32923,4092
32924,3425
32925,3063
32926,4125
32927,2678
32928,3320
32929,3379
32930,3289
32931,4125
32932,3739
32933,3637
32934,3165
32935,4183
32936,2999
32937,3783
32938,2438
32939,3196
32940,3614
32941,4573
32942,3498
32943,3417
32944,3474
32945,3386
32946,3102
32947,2745
32948,3163
32949,3495
32950,2857
32951,3343
32952,3462
32953,3759
32954,3852
32955,3693
32956,3320
32957,3341
32958,2678
32959,3510
32960,4255
32961,4133
32962,3568
32963,4239
32964,4247
32965,4020
32966,3614
32967,4049
32968,3733
32969,2889
32970,4162
32971,3980
32972,2928
32973,4093
32974,3465
32975,4003
32976,4483
32977,4100
32978,3213
32979,4425
32980,3515
32981,3489
32982,3400
32983,3445
32984,3461
32985,3636
32986,-1
32987,3816
32988,3721
32989,3621
32990,3673
32991,3810
32992,3303
32993,3631
32994,3647
32995,3769
32996,4145
32997,3505
32998,3872
32999,3884
33000,3285
33001,3336
33002,3604
33003,3439
33004,3609
33005,3959
33006,4145
33007,4756
33008,3435
33009,3440
33010,3842
33011,4336
33012,4259
33013,3611
33014,3784
33015,3776
33016,3408
33017,4316
33018,3582
33019,2830
33020,3269
33021,3790
33022,3596
33023,3423
33024,4564
33025,4087
33026,3746
33027,2706
33028,3410
33029,3513
33030,3416
33031,3427
33032,3291
33033,3541
33034,4079
33035,3945
33036,2840
33037,3614
33038,3929
33039,3429
33040,3744
33041,3282
33042,3423
33043,3672
33044,3015
33045,4071
33046,3469
33047,3324
33048,3543
33049,3600
33050,2793
33051,3719
33052,3738
33053,3721
33054,3696
33055,2804
33056,3480
33057,3606
33058,3581
33059,3357
33060,3921
33061,3308
33062,3548
33063,4678
33064,4329
33065,3537
33066,2894
33067,2497
33068,3468
33069,4160
33070,3882
33071,3598
33072,4100
33073,3782
33074,3985
33075,3810
33076,3268
33077,3418
33078,3520
33079,3463
33080,4267
33081,3082
33082,2753
33083,4367
33084,4191
33085,3613
33086,3911
33087,4749
33088,3838
33089,3365
33090,2901
33091,3928
33092,3823
33093,3498
33094,3673
33095,3563
33096,3747
33097,3000
33098,3410
33099,2477
33100,3920
33101,3959
33102,3593
33103,3625
33104,3943
33105,4108
33106,4649
33107,3487
33108,3483
33109,3642
33110,4089
33111,3630
33112,3502
33113,3921
33114,3239
33115,2238
33116,2973
33117,3394
33118,3606
33119,3448
33120,3977
33121,3529
33122,3721
33123,3835
33124,4197
33125,3397
33126,4225
33127,4023
33128,3368
33129,3800
33130,4592
33131,3368
33132,3489
33133,3098
33134,3229
33135,3387
33136,4982
33137,3387
33138,3772
33139,3358
33140,4241
33141,3792
33142,2674
33143,3589
33144,3720
33145,3593
33146,3474
33147,2800
33148,3568
33149,3787
33150,2904
33151,3620
33152,3576
33153,3178
33154,3386
33155,3200
33156,4082
33157,3597
33158,3734
33159,3503
33160,3332
33161,3895
33162,3745
33163,3810
33164,4081
33165,3307
33166,3689
33167,2864
33168,4258
33169,3910
33170,3604
33171,3699
33172,3606
33173,3991
33174,3410
33175,3643
33176,3178
33177,4445
33178,3721
33179,3367
33180,4255
33181,3676
33182,4010
33183,3628
33184,2885
33185,3551
33186,2755
33187,-1
33188,3292
33189,3912
33190,3994
33191,3239
33192,3838
33193,3425
33194,3403
33195,3530
33196,4225
33197,3073
33198,4445
33199,3329
33200,3888
33201,3470
33202,3341
33203,3842
33204,3526
33205,4372
33206,3399
33207,3353
33208,3028
33209,3170
33210,3909
33211,4040
33212,3515
33213,4368
33214,2991
33215,3099
33216,3962
33217,2694
33218,3005
33219,3714
33220,3159
33221,3680
33222,-1
33223,3488
33224,2616
33225,4013
33226,4182
33227,3605
33228,3893
33229,3657
33230,4000
33231,3762
33232,4189
33233,4032
33234,3424
33235,3602
33236,5389
33237,3695
33238,3863
33239,3415
33240,3329
33241,3273
33242,2929
33243,3636
33244,4114
33245,3599
33246,3457
33247,3678
33248,3661
33249,2651
33250,3437
33251,4546
33252,2791
33253,3970
33254,3871
33255,3379
33256,3816
33257,4044
33258,3232
33259,3716
33260,3519
33261,3968
33262,4029
33263,-1
33264,3533
33265,-1
33266,3732
33267,2785
33268,4336
33269,3645
33270,3903
33271,3699
33272,3420
33273,4242
33274,3419
33275,3788
33276,3307
33277,3139
33278,3832
33279,4500
33280,3871
33281,2683
33282,3663
33283,2629
33284,3041
33285,3943
33286,4174
33287,3378
33288,3476
33289,3637
33290,3760
33291,3401
33292,3512
33293,4224
33294,4415
33295,3517
33296,3301
33297,2901
33298,3796
33299,3550
33300,3591
33301,4238
33302,4106
33303,3775
33304,2508
33305,3948
33306,3915
33307,4049
33308,4083
33309,-1
33310,3283
33311,3000
33312,3225
33313,3276
33314,4185
33315,3447
33316,3141
33317,3431
33318,3924
33319,3641
33320,4637
33321,3399
33322,3774
33323,3626
33324,3452
33325,-1
33326,3382
33327,3265
33328,3738
33329,4301
33330,4047
33331,3754
33332,3659
33333,-1
33334,3325
33335,3723
33336,3231
33337,3179
33338,3407
33339,3196
33340,4001
33341,4129
33342,-1
33343,3326
33344,3669
33345,3347
33346,3800
33347,3330
33348,3173
33349,3416
33350,4128
33351,2492
33352,3625
33353,3461
33354,3625
33355,3872
33356,3523
33357,3329
33358,4112
33359,3083
33360,-1
33361,3342
33362,3391
33363,3696
33364,4426
33365,3765
33366,3543
33367,4472
33368,3759
33369,3593
33370,3584
33371,3937
33372,4222
33373,2438
33374,3048
33375,4140
33376,3816
33377,2959
33378,3102
33379,3798
33380,3876
33381,3621
33382,3630
33383,-1
33384,4097
33385,4231
33386,3275
33387,3753
33388,3568
33389,3944
33390,3612
33391,3727
33392,3777
33393,3551
33394,2741
33395,3838
33396,3015
33397,3612
33398,3787
33399,3598
33400,3628
33401,3675
33402,3754
33403,3087
33404,3975
33405,3188
33406,3337
33407,3830
33408,3658
33409,-1
33410,4322
33411,2476
33412,3655
33413,3146
33414,3958
33415,3840
33416,3599
33417,3268
33418,4124
33419,4335
33420,3442
33421,3555
33422,2638
33423,3037
33424,3639
33425,3522
33426,4272
33427,-1
33428,3781
33429,3454
33430,3297
33431,3050
33432,3780
33433,3404
33434,3285
33435,3214
33436,3884
33437,3913
33438,3518
33439,3707
33440,3830
33441,3813
33442,4009
33443,3852
33444,3285
33445,4556
33446,3893
33447,3515
33448,3935
33449,4017
33450,3637
33451,3999
33452,4678
33453,3040
33454,3607
33455,4578
33456,3171
33457,4045
33458,3603
33459,3506
33460,3618
33461,3040
33462,3484
33463,3985
33464,3672
33465,2954
33466,3864
33467,3908
33468,4522
33469,2385
33470,5007
33471,3521
33472,3643
33473,2860
33474,3646
33475,3746
33476,3875
33477,3627
33478,3801
33479,3268
33480,4092
33481,4030
33482,4352
33483,3171
33484,3778
33485,3835
33486,3722
33487,3641
33488,3397
33489,3022
33490,3066
33491,3386
33492,3650
33493,3808
33494,3066
33495,3309
33496,3599
33497,3645
33498,3506
33499,3620
33500,3088
33501,4522
33502,4134
33503,3181
33504,3380
33505,-1
33506,3387
33507,3951
33508,3102
33509,3482
33510,2992
33511,3638
33512,-1
33513,3569
33514,3320
33515,3479
33516,3349
33517,2303
33518,3026
33519,3687
33520,3679
33521,4831
33522,3672
33523,3396
33524,4109
33525,2953
33526,3761
33527,3354
33528,3721
33529,3474
33530,3941
33531,4023
33532,3695
33533,3775
33534,3647
33535,4056
33536,3048
33537,3717
33538,3939
33539,2897
33540,4129
33541,3185
33542,4214
33543,4194
33544,3565
33545,3417
33546,3448
33547,4146
33548,1923
33549,3021
33550,3788
33551,4369
33552,3368
33553,4604
33554,2539
33555,4115
33556,3472
33557,3677
33558,3639
33559,3803
33560,3428
33561,4241
33562,3634
33563,4005
33564,3474
33565,4127
33566,3443
33567,3931
33568,3945
33569,4026
33570,2952
33571,4352
33572,3352
33573,4362
33574,3846
33575,2713
33576,3530
33577,3007
33578,3300
33579,3822
33580,3145
33581,3766
33582,3417
33583,4307
33584,2260
33585,3071
33586,3747
33587,3773
33588,3257
33589,3329
33590,3362
33591,3829
33592,3930
33593,3602
33594,3584
33595,4197
33596,3050
33597,3457
33598,4031
33599,4002
33600,3390
33601,3638
33602,3942
33603,4091
33604,4548
33605,4052
33606,3975
33607,3562
33608,3976
33609,3743
33610,3024
33611,4413
33612,4119
33613,3995
33614,4099
33615,3533
33616,3661
33617,3373
33618,3414
33619,4300
33620,4069
33621,4753
33622,4881
33623,3817
33624,2582
33625,3835
33626,3629
33627,3968
33628,3095
33629,3489
33630,3631
33631,3408
33632,4561
33633,3776
33634,4821
33635,3893
33636,2768
33637,2597
33638,3449
33639,3354
33640,2957
33641,3802
33642,3913
33643,3685
33644,4202
33645,3727
33646,3697
33647,3367
33648,4095
33649,3408
33650,3546
33651,3890
33652,3308
33653,4238
33654,3089
33655,3481
33656,4021
33657,3891
33658,3385
33659,3579
33660,3757
33661,4529
33662,4125
33663,3844
33664,3026
33665,4079
33666,3717
33667,3367
33668,3521
33669,3937
33670,3693
33671,2705
33672,4061
33673,4052
33674,3669
33675,4353
33676,2792
33677,3626
33678,4309
33679,3323
33680,3671
33681,3666
33682,3673
33683,3574
33684,3762
33685,3601
33686,3646
33687,3544
33688,3365
33689,3996
33690,3859
33691,3038
33692,3392
33693,3528
33694,3038
33695,3483
33696,3979
33697,4163
33698,3575
33699,-1
33700,3401
33701,3715
33702,3773
33703,2997
33704,3121
33705,2823
33706,2637
33707,3298
33708,3669
33709,3405
33710,2848
33711,3823
33712,3356
33713,3665
33714,3737
33715,4664
33716,4091
33717,3115
33718,4808
33719,3032
33720,3559
33721,4976
33722,3176
33723,3336
33724,3738
33725,3146
33726,3891
33727,3686
33728,3083
33729,3831
33730,3572
33731,4551
33732,3465
33733,4052
33734,3751
33735,3733
33736,3489
33737,3997
33738,4070
33739,3184
33740,2931
33741,3431
33742,3595
33743,3231
33744,4518
33745,3911
33746,2232
33747,3589
33748,3360
33749,3061
33750,3618
33751,3660
33752,3582
33753,3646
33754,3672
33755,3284
33756,3200
33757,3918
33758,3929
33759,3536
33760,3504
33761,3566
33762,3746
33763,3570
33764,4877
33765,3780
33766,3309
33767,2419
33768,3672
33769,2222
33770,3951
33771,3942
33772,4777
33773,3386
33774,3727
33775,3826
33776,4005
33777,2828
33778,-1
33779,3738
33780,4663
33781,3478
33782,4017
33783,4103
33784,3817
33785,3716
33786,3808
33787,4203
33788,4567
33789,3456
33790,4071
33791,3207
33792,3693
33793,3232
33794,2848
33795,3811
33796,2125
33797,4102
33798,3503
33799,3424
33800,3563
33801,3935
33802,4211
33803,3749
33804,3133
33805,2833
33806,4093
33807,3276
33808,3510
33809,4154
33810,3911
33811,3488
33812,3454
33813,2833
33814,2296
33815,3418
33816,2675
33817,3726
33818,3165
33819,3345
33820,3506
33821,2903
33822,4498
33823,4159
33824,3908
33825,2641
33826,3439
33827,4779
33828,3574
33829,3816
33830,3210
33831,3963
33832,4431
33833,3834
33834,3038
33835,3756
33836,3141
33837,3285
33838,3219
33839,3604
33840,3573
33841,3082
33842,3332
33843,3713
33844,2737
33845,-1
33846,4240
33847,4908
33848,3118
33849,3572
33850,3740
33851,4062
33852,3394
33853,2873
33854,2953
33855,-1
33856,4327
33857,3768
33858,4135
33859,2670
33860,4165
33861,3679
33862,3630
33863,3388
33864,3616
33865,3408
33866,3807
33867,3688
33868,3938
33869,3647
33870,3774
33871,3483
33872,3916
33873,3117
33874,3968
33875,3350
33876,4075
33877,4457
33878,3515
33879,4008
33880,3720
33881,3796
33882,4057
33883,3295
33884,3534
33885,3775
33886,3250
33887,4087
33888,3700
33889,3785
33890,3221
33891,3928
33892,3837
33893,4104
33894,3482
33895,3906
33896,3933
33897,3441
33898,3411
33899,4012
33900,3295
33901,3353
33902,3366
33903,3499
33904,3038
33905,3690
33906,3474
33907,3632
33908,3470
33909,3335
33910,4232
33911,3266
33912,4595
33913,4013
33914,-1
33915,3531
33916,3546
33917,3885
33918,3688
33919,3550
33920,3853
33921,3846
33922,3263
33923,3506
33924,3142
33925,3587
33926,3371
33927,3602
33928,3503
33929,3840
33930,4114
33931,4433
33932,3685
33933,3611
33934,3661
33935,4482
33936,3875
33937,2721
33938,2961
33939,3990
33940,3120
33941,4082
33942,3657
33943,3678
33944,3557
33945,3607
33946,2842
33947,3397
33948,4828
33949,3760
33950,3195
33951,2478
33952,3447
33953,3678
33954,3736
33955,3813
33956,4208
33957,3388
33958,3602
33959,2795
33960,3189
33961,3209
33962,3780
33963,3196
33964,3236
33965,4520
33966,3646
33967,5602
33968,3458
33969,3172
33970,2589
33971,2395
33972,4334
33973,3521
33974,3461
33975,3638
33976,4148
33977,3538
33978,5156
33979,3713
33980,4016
33981,3311
33982,2947
33983,3655
33984,3856
33985,2966
33986,3676
33987,3609
33988,3932
33989,3486
33990,3013
33991,3440
33992,3581
33993,4062
33994,2596
33995,3053
33996,4030
33997,3484
33998,3601
33999,3681
34000,3414
34001,3955
34002,3031
34003,4133
34004,3229
34005,3279
34006,3520
34007,3946
34008,3382
34009,3585
34010,3891
34011,3541
34012,3661
34013,3529
34014,4224
34015,4024
34016,3309
34017,4489
34018,3140
34019,4102
34020,-1
34021,3419
34022,1635
34023,3664
34024,3872
34025,3225
34026,3121
34027,3489
34028,3658
34029,3229
34030,2798
34031,4030
34032,3978
34033,3211
34034,3145
34035,3398
34036,3350
34037,3725
34038,3572
34039,4090
34040,3494
34041,3994
34042,3950
34043,3264
34044,3816
34045,-1
34046,3820
34047,3289
34048,3927
34049,3369
34050,3389
34051,3804
34052,3577
34053,4406
34054,3260
34055,3390
34056,3291
34057,3210
34058,3432
34059,3715
34060,3705
34061,3829
34062,3356
34063,3530
34064,3464
34065,3732
34066,3536
34067,3458
34068,3265
34069,3945
34070,3829
34071,4028
34072,3515
34073,3847
34074,3762
34075,3753
34076,3910
34077,4377
34078,3800
34079,3446
34080,5090
34081,3512
34082,4581
34083,3833
34084,3860
34085,3086
34086,3194
34087,2564
34088,3611
34089,3477
34090,3413
34091,3853
34092,4001
34093,3185
34094,3663
34095,3379
34096,2968
34097,3964
34098,3423
34099,4092
34100,3807
34101,3454
34102,3273
34103,3696
34104,3613
34105,3278
34106,3362
34107,4430
34108,3537
34109,4115
34110,3073
34111,3152
34112,3489
34113,3234
34114,4204
34115,3870
34116,3613
34117,3700
34118,3841
34119,3854
34120,3884
34121,3450
34122,3158
34123,3110
34124,3526
34125,3220
34126,3576
34127,3586
34128,3588
34129,3563
34130,3169
34131,3882
34132,2887
34133,4031
34134,3648
34135,3780
34136,3895
34137,4052
34138,5046
34139,2940
34140,3663
34141,3442
34142,3575
34143,3889
34144,3825
34145,3888
34146,3610
34147,4145
34148,3889
34149,4572
34150,4607
34151,3160
34152,4320
34153,2951
34154,3940
34155,3851
34156,4014
34157,3387
34158,3780
34159,3840
34160,4145
34161,2270
34162,3722
34163,2933
34164,3409
34165,3855
34166,3284
34167,4891
34168,3564
34169,3341
34170,3573
34171,4024
34172,2735
34173,4559
34174,3656
34175,3960
34176,3240
34177,3446
34178,4132
34179,3357
34180,3145
34181,3127
34182,3252
34183,3582
34184,3762
34185,4350
34186,3642
34187,3307
34188,3560
34189,3466
34190,3716
34191,3998
34192,3292
34193,3760
34194,3384
34195,3849
34196,2662
34197,3380
34198,3703
34199,3949
34200,4421
34201,3701
34202,3370
34203,2900
34204,3073
34205,3692
34206,3128
34207,3817
34208,3619
34209,4073
34210,3311
34211,3849
34212,2867
34213,4392
34214,3506
34215,3316
34216,3254
34217,3574
34218,3344
34219,3401
34220,3796
34221,3867
34222,4046
34223,3743
34224,3196
34225,4084
34226,3232
34227,3409
34228,3750
34229,4117
34230,3653
34231,3701
34232,3611
34233,3126
34234,3122
34235,3460
34236,3987
34237,3165
34238,3238
34239,2745
34240,3800
34241,-1
34242,3527
34243,3763
34244,3355
34245,3333
34246,3011
34247,3919
34248,3960
34249,3095
34250,3715
34251,3487
34252,3299
34253,3678
34254,3115
34255,2469
34256,3950
34257,3584
34258,4011
34259,4191
34260,3519
34261,3431
34262,4107
34263,3482
34264,2959
34265,4066
34266,3421
34267,3306
34268,3959
34269,3983
34270,-1
34271,3068
34272,3796
34273,3400
34274,-1
34275,3491
34276,3791
34277,2981
34278,3119
34279,3099
34280,3423
34281,3344
34282,3226
34283,3824
34284,2321
34285,-1
34286,3815
34287,3298
34288,4131
34289,3923
34290,3691
34291,4090
34292,3035
34293,3902
34294,4364
34295,3659
34296,3944
34297,3535
34298,3979
34299,3658
34300,3647
34301,3988
34302,3673
34303,3869
34304,3492
34305,2793
34306,3318
34307,3812
34308,3506
34309,3365
34310,3463
34311,3921
34312,4732
34313,4855
34314,3370
34315,3316
34316,2353
34317,4305
34318,3532
34319,3632
34320,3698
34321,3469
34322,4326
34323,4115
34324,3206
34325,4616
34326,3332
34327,3685
34328,3084
34329,2956
34330,4693
34331,3571
34332,2901
34333,3209
34334,3680
34335,3682
34336,2409
34337,3867
34338,2625
34339,3820
34340,4225
34341,2898
34342,3178
34343,4382
34344,3587
34345,3346
34346,3425
34347,3262
34348,3727
34349,4934
34350,3394
34351,3669
34352,4329
34353,3618
34354,3969
34355,3587
34356,3583
34357,3091
34358,4629
34359,3605
34360,3737
34361,3297
34362,3348
34363,3780
34364,2689
34365,4095
34366,3102
34367,3712
34368,3903
34369,4392
34370,2372
34371,4013
34372,3142
34373,-1
34374,3784
34375,3802
34376,2715
34377,4245
34378,3703
34379,4189
34380,3517
34381,3591
34382,3719
34383,3202
34384,3312
34385,2690
34386,3461
34387,3770
34388,-1
34389,3763
34390,3162
34391,3672
34392,4222
34393,3259
34394,3835
34395,3813
34396,4392
34397,3444
34398,3646
34399,3723
34400,2846
34401,4043
34402,3022
34403,3284
34404,3592
34405,3413
34406,3992
34407,3086
34408,3714
34409,3268
34410,3243
34411,3577
34412,3452
34413,4034
34414,3211
34415,3286
34416,4125
34417,3568
34418,4095
34419,4373
34420,4380
34421,3742
34422,3539
34423,3850
34424,3543
34425,3717
34426,3982
34427,3461
34428,3583
34429,3842
34430,3204
34431,4150
34432,2835
34433,2943
34434,2180
34435,3431
34436,4228
34437,-1
34438,3916
34439,2866
34440,2876
34441,3634
34442,3171
34443,3586
34444,3468
34445,3573
34446,4618
34447,4091
34448,3808
34449,4133
34450,1922
34451,2822
34452,3102
34453,3666
34454,2531
34455,3579
34456,4011
34457,3708
34458,3492
34459,3669
34460,3683
34461,3595
34462,4072
34463,2856
34464,3336
34465,2702
34466,4560
34467,3887
34468,4104
34469,3569
34470,3952
34471,3234
34472,3525
34473,3979
34474,3687
34475,3504
34476,3529
34477,3411
34478,3813
34479,3476
34480,3963
34481,3684
34482,4765
34483,3854
34484,3632
34485,3948
34486,3669
34487,3558
34488,3678
34489,4183
34490,3714
34491,2821
34492,3103
34493,3289
34494,2906
34495,3782
34496,3635
34497,3249
34498,3724
34499,3833
34500,3626
34501,3384
34502,3497
34503,3878
34504,3137
34505,3189
34506,3555
34507,3540
34508,2986
34509,3794
34510,3353
34511,3432
34512,3816
34513,3428
34514,2744
34515,3554
34516,3222
34517,3503
34518,3304
34519,3766
34520,3792
34521,3540
34522,3668
34523,3577
34524,3463
34525,3789
34526,3371
34527,3893
34528,4019
34529,5302
34530,2123
34531,3926
34532,3125
34533,2739
34534,3782
34535,3226
34536,3787
34537,2560
34538,4011
34539,4027
34540,2979
34541,3224
34542,4154
34543,3235
34544,3435
34545,3353
34546,3466
34547,3574
34548,-1
34549,3410
34550,3735
34551,3193
34552,2940
34553,3425
34554,4259
34555,2986
34556,2884
34557,-1
34558,3500
34559,4305
34560,3913
34561,3491
34562,4011
34563,3806
34564,3388
34565,-1
34566,4353
34567,3541
34568,3917
34569,3610
34570,3378
34571,2700
34572,3120
34573,3790
34574,3685
34575,2477
34576,3445
34577,-1
34578,3475
34579,3399
34580,3186
34581,3406
34582,3078
34583,3326
34584,3218
34585,3692
34586,4975
34587,2565
34588,3434
34589,3469
34590,3911
34591,2597
34592,2926
34593,3949
34594,4000
34595,-1
34596,3731
34597,3962
34598,3739
34599,3575
34600,3541
34601,3752
34602,3789
34603,2470
34604,3945
34605,3618
34606,3286
34607,3820
34608,3734
34609,3888
34610,4019
34611,-1
34612,4476
34613,3449
34614,3811
34615,3530
34616,3721
34617,3183
34618,3081
34619,5188
34620,3353
34621,3466
34622,4392
34623,3489
34624,2920
34625,3926
34626,3345
34627,3232
34628,3605
34629,3171
34630,3887
34631,3300
34632,3255
34633,3951
34634,-1
34635,2735
34636,3959
34637,2925
34638,3514
34639,3680
34640,3116
34641,3715
34642,3868
34643,4610
34644,4029
34645,3636
34646,3917
34647,3492
34648,3672
34649,3885
34650,3868
34651,3136
34652,3967
34653,3888
34654,4143
34655,4208
34656,3896
34657,3368
34658,3394
34659,4939
34660,3486
34661,3722
34662,3443
34663,4073
34664,3548
34665,3844
34666,2764
34667,3786
34668,3784
34669,4450
34670,3519
34671,3588
34672,3311
34673,4062
34674,3346
34675,3713
34676,2672
34677,3888
34678,3738
34679,4302
34680,3446
34681,3414
34682,3729
34683,3036
34684,3357
34685,3472
34686,3188
34687,3747
34688,3277
34689,3671
34690,4768
34691,4177
34692,3491
34693,4272
34694,3791
34695,3209
34696,3883
34697,3413
34698,4176
34699,3593
34700,3477
34701,4176
34702,3803
34703,3901
34704,4677
34705,3732
34706,4097
34707,3003
34708,3252
34709,3361
34710,3740
34711,4070
34712,3871
34713,4380
34714,4721
34715,3259
34716,3881
34717,3444
34718,-1
34719,3123
34720,3587
34721,3419
34722,-1
34723,3616
34724,3269
34725,4523
34726,2452
34727,3070
34728,2587
34729,1705
34730,3276
34731,3411
34732,3320
34733,2731
34734,3019
34735,4225
34736,3700
34737,2418
34738,3835
34739,3963
34740,3647
34741,4372
34742,4635
34743,3657
34744,3844
34745,3506
34746,4273
34747,3465
34748,3830
34749,3549
34750,2751
34751,3195
34752,-1
34753,3102
34754,2908
34755,2935
34756,4449
34757,3823
34758,3719
34759,4050
34760,4557
34761,3527
34762,3087
34763,4138
34764,2990
34765,3553
34766,3080
34767,3650
34768,3529
34769,2997
34770,3904
34771,3725
34772,3039
34773,3599
34774,3493
34775,2870
34776,3383
34777,2794
34778,3692
34779,3192
34780,3515
34781,3796
34782,3748
34783,3412
34784,3773
34785,3945
34786,3457
34787,2930
34788,4180
34789,-1
34790,3124
34791,3521
34792,3311
34793,3813
34794,3699
34795,3265
34796,3251
34797,3884
34798,3335
34799,3737
34800,3872
34801,3484
34802,3674
34803,3718
34804,3786
34805,2974
34806,3420
34807,-1
34808,4483
34809,3155
34810,3794
34811,3774
34812,3724
34813,3329
34814,3900
34815,3727
34816,3515
34817,3127
34818,3344
34819,3331
34820,3498
34821,3147
34822,2771
34823,4139
34824,3934
34825,4009
34826,3699
34827,3737
34828,4842
34829,2325
34830,3231
34831,3101
34832,3446
34833,3752
34834,3337
34835,4147
34836,3915
34837,3926
34838,4000
34839,3516
34840,4664
34841,3837
34842,1998
34843,2612
34844,3746
34845,3665
34846,4006
34847,3434
34848,3531
34849,3710
34850,3406
34851,4033
34852,4673
34853,3474
34854,3486
34855,4033
34856,3242
34857,3739
34858,3367
34859,-1
34860,-1
34861,3346
34862,3450
34863,3815
34864,3866
34865,3441
34866,4205
34867,4034
34868,3581
34869,-1
34870,3574
34871,3352
34872,3479
34873,3477
34874,2913
34875,-1
34876,4155
34877,2521
34878,3312
34879,3532
34880,4208
34881,3977
34882,3785
34883,3920
34884,3042
34885,3462
34886,3683
34887,3724
34888,3669
34889,3577
34890,4568
34891,4411
34892,4755
34893,3581
34894,4347
34895,3826
34896,3499
34897,3380
34898,3849
34899,3014
34900,3921
34901,3376
34902,2512
34903,3825
34904,3025
34905,3780
34906,3802
34907,3603
34908,3114
34909,3716
34910,3544
34911,3420
34912,3201
34913,3311
34914,4201
34915,3782
34916,3476
34917,4750
34918,4601
34919,3456
34920,4216
34921,3449
34922,4003
34923,3062
34924,3035
34925,2698
34926,2924
34927,3085
34928,3861
34929,-1
34930,3354
34931,3576
34932,3488
34933,3979
34934,3018
34935,3751
34936,3915
34937,2749
34938,3433
34939,3185
34940,2553
34941,3017
34942,3556
34943,3336
34944,3904
34945,4182
34946,3538
34947,2925
34948,4556
34949,3138
34950,3542
34951,3424
34952,2663
34953,4382
34954,3944
34955,-1
34956,3780
34957,3178
34958,4647
34959,3794
34960,4043
34961,3632
34962,4236
34963,3396
34964,-1
34965,5341
34966,3593
34967,3272
34968,4411
34969,3604
34970,-1
34971,3836
34972,3404
34973,4406
34974,3766
34975,3395
34976,3160
34977,3291
34978,4261
34979,2959
34980,4475
34981,3536
34982,3789
34983,3984
34984,3796
34985,2867
34986,4201
34987,3694
34988,4081
34989,3259
34990,4196
34991,3161
34992,3744
34993,4747
34994,3122
34995,3822
34996,3699
34997,2838
34998,3760
34999,3602
35000,3721
35001,2783
35002,4277
35003,4189
35004,3566
35005,3963
35006,3543
35007,4073
35008,2927
35009,4192
35010,3675
35011,3648
35012,4276
35013,3263
35014,3333
35015,2418
35016,3752
35017,4104
35018,3481
35019,3902
35020,3283
35021,3713
35022,3994
35023,3698
35024,3623
35025,3902
35026,3523
35027,3004
35028,3738
35029,4490
35030,3889
35031,3302
35032,4661
35033,4233
35034,2754
35035,2588
35036,-1
35037,3213
35038,3173
35039,3603
35040,3642
35041,3410
35042,4542
35043,3723
35044,3326
35045,4009
35046,3417
35047,3222
35048,4178
35049,3072
35050,2936
35051,-1
35052,3867
35053,3581
35054,3595
35055,2956
35056,3798
35057,3748
35058,3893
35059,4162
35060,3505
35061,4154
35062,4052
35063,3765
35064,2975
35065,3378
35066,3277
35067,3698
35068,3347
35069,2310
35070,4236
35071,3245
35072,4117
35073,3521
35074,3746
35075,4661
35076,4005
35077,2477
35078,4525
35079,3814
35080,3531
35081,3927
35082,4668
35083,3862
35084,-1
35085,3286
35086,3444
35087,3109
35088,3168
35089,3242
35090,3707
35091,3431
35092,3310
35093,3471
35094,3629
35095,4004
35096,3776
35097,2942
35098,4364
35099,3971
35100,3348
35101,4596
35102,3495
35103,3242
35104,3415
35105,3422
35106,3113
35107,3263
35108,3585
35109,3844
35110,4006
35111,3493
35112,3347
35113,3942
35114,3283
35115,3577
35116,4261
35117,3623
35118,4088
35119,3728
35120,4437
35121,4054
35122,3690
35123,4666
35124,3899
35125,3523
35126,3558
35127,4436
35128,4017
35129,3230
35130,3652
35131,3294
35132,3842
35133,3656
35134,3936
35135,3639
35136,3716
35137,3937
35138,4110
35139,2791
35140,3196
35141,3887
35142,3693
35143,4035
35144,3978
35145,3704
35146,4268
35147,4087
35148,4671
35149,3055
35150,3554
35151,3933
35152,3232
35153,2884
35154,3575
35155,3334
35156,3103
35157,3661
35158,3827
35159,3185
35160,4221
35161,4140
35162,3525
35163,3398
35164,4162
35165,3302
35166,4662
35167,2138
35168,3942
35169,3351
35170,3145
35171,3574
35172,3762
35173,2523
35174,3709
35175,4233
35176,3485
35177,3165
35178,3292
35179,3219
35180,4435
35181,3600
35182,3693
35183,3836
35184,3817
35185,3503
35186,3458
35187,4159
35188,3688
35189,2786
35190,3948
35191,2893
35192,3215
35193,3159
35194,3624
35195,3567
35196,3850
35197,4162
35198,3482
35199,3860
35200,4388
35201,3276
35202,3851
35203,4122
35204,3675
35205,4114
35206,3356
35207,2967
35208,3984
35209,4242
35210,3950
35211,3090
35212,3470
35213,4368
35214,3793
35215,2920
35216,2801
35217,3631
35218,3513
35219,3727
35220,2970
35221,3508
35222,3615
35223,3600
35224,3685
35225,3701
35226,3884
35227,3595
35228,3193
35229,3734
35230,3787
35231,2840
35232,3931
35233,3953
35234,3808
35235,3240
35236,3584
35237,3266
35238,3338
35239,3341
35240,2898
35241,3394
35242,3517
35243,3572
35244,3609
35245,4055
35246,3538
35247,3691
35248,3366
35249,2863
35250,3616
35251,3881
35252,3658
35253,3604
35254,3300
35255,3277
35256,3310
35257,2949
35258,3159
35259,3809
35260,3884
35261,3954
35262,3013
35263,3922
35264,2758
35265,2501
35266,2651
35267,3709
35268,3563
35269,3149
35270,3192
35271,3611
35272,2322
35273,3381
35274,2923
35275,3505
35276,2758
35277,4360
35278,3224
35279,4207
35280,3828
35281,3527
35282,4114
35283,3378
35284,2927
35285,3695
35286,3538
35287,3799
35288,2758
35289,3305
35290,4007
35291,2723
35292,3274
35293,3237
35294,3920
35295,4381
35296,3739
35297,3414
35298,3829
35299,3174
35300,3447
35301,4030
35302,3471
35303,3930
35304,3862
35305,3954
35306,3487
35307,4031
35308,4212
35309,3894
35310,3936
35311,2857
35312,3068
35313,3259
35314,3949
35315,3858
35316,3241
35317,3400
35318,3974
35319,3843
35320,3469
35321,1994
35322,3387
35323,3285
35324,3766
35325,3785
35326,3805
35327,3161
35328,3340
35329,3645
35330,3521
35331,3143
35332,3775
35333,3557
35334,3136
35335,3216
35336,4604
35337,3603
35338,3814
35339,3622
35340,3309
35341,2507
35342,3206
35343,4597
35344,3441
35345,3024
35346,3381
35347,3404
35348,3289
35349,4066
35350,3236
35351,3877
35352,3729
35353,3972
35354,3757
35355,3702
35356,2915
35357,3636
35358,3544
35359,4205
35360,3616
35361,2931
35362,3573
35363,3506
35364,3120
35365,3353
35366,4070
35367,1480
35368,3477
35369,3650
35370,3521
35371,2644
35372,3562
35373,3774
35374,3839
35375,2694
35376,3777
35377,3366
35378,3269
35379,-1
35380,3363
35381,3858
35382,2985
35383,3360
35384,3490
35385,3290
35386,3472
35387,3456
35388,3393
35389,3767
35390,3377
35391,2659
35392,3456
35393,3190
35394,4001
35395,3470
35396,3357
35397,4152
35398,3788
35399,2394
35400,3301
35401,4277
35402,3830
35403,3814
35404,3413
35405,-1
35406,3801
35407,3153
35408,4033
35409,3655
35410,3787
35411,3492
35412,3707
35413,4441
35414,4065
35415,3574
35416,4271
35417,3288
35418,4355
35419,3531
35420,2911
35421,3243
35422,2934
35423,4115
35424,3324
35425,3795
35426,3248
35427,2905
35428,3605
35429,3390
35430,4284
35431,3367
35432,3426
35433,3707
35434,3821
35435,3148
35436,4659
35437,3093
35438,3395
35439,3567
35440,3313
35441,3318
35442,3322
35443,3397
35444,3143
35445,3353
35446,3482
35447,3847
35448,3871
35449,3393
35450,3723
35451,4763
35452,3336
35453,3767
35454,3406
35455,3302
35456,4129
35457,3146
35458,3391
35459,3951
35460,3648
35461,3516
35462,3703
35463,3588
35464,3495
35465,4133
35466,4008
35467,3413
35468,3348
35469,3431
35470,3174
35471,3574
35472,4271
35473,4374
35474,4134
35475,3930
35476,3694
35477,3788
35478,3211
35479,3248
35480,3195
35481,3633
35482,2423
35483,3194
35484,3995
35485,3721
35486,3089
35487,3494
35488,3350
35489,3861
35490,3946
35491,3759
35492,3535
35493,3843
35494,4078
35495,3677
35496,3226
35497,4129
35498,4492
35499,3689
35500,3478
35501,4484
35502,3623
35503,3214
35504,4092
35505,3814
35506,3696
35507,3257
35508,3448
35509,4152
35510,3543
35511,3649
35512,3374
35513,3300
35514,4114
35515,4269
35516,4135
35517,3738
35518,3227
35519,3475
35520,3751
35521,4123
35522,2839
35523,3559
35524,2927
35525,3664
35526,3923
35527,3423
35528,4242
35529,3969
35530,2985
35531,3712
35532,2280
35533,3582
35534,3635
35535,4063
35536,3830
35537,3798
35538,2907
35539,4034
35540,3682
35541,3865
35542,3615
35543,2862
35544,3927
35545,4244
35546,3292
35547,3533
35548,3539
35549,3150
35550,3667
35551,3482
35552,3504
35553,2839
35554,3173
35555,2964
35556,3720
35557,3925
35558,2643
35559,3862
35560,-1
35561,4250
35562,4025
35563,3793
35564,-1
35565,3426
35566,3277
35567,3996
35568,4298
35569,2992
35570,3345
35571,3916
35572,3631
35573,4318
35574,3440
35575,3254
35576,3480
35577,3492
35578,3910
35579,3818
35580,4051
35581,2756
35582,3572
35583,-1
35584,3670
35585,-1
35586,4422
35587,3569
35588,3472
35589,-1
35590,3661
35591,3866
35592,3304
35593,3675
35594,4192
35595,3529
35596,3112
35597,3775
35598,3601
35599,3922
35600,3370
35601,3621
35602,3942
35603,3463
35604,5713
35605,2551
35606,3961
35607,4449
35608,4254
35609,4514
35610,3250
35611,4047
35612,2762
35613,4085
35614,4008
35615,3670
35616,4165
35617,3423
35618,4480
35619,3369
35620,3177
35621,3784
35622,-1
35623,3687
35624,3953
35625,3786
35626,4235
35627,3616
35628,3266
35629,3361
35630,3430
35631,3382
35632,3373
35633,3456
35634,2630
35635,3552
35636,3695
35637,4029
35638,2742
35639,3123
35640,4183
35641,4053
35642,4491
35643,3872
35644,3527
35645,3450
35646,3609
35647,3132
35648,3232
35649,3897
35650,2392
35651,3940
35652,3435
35653,3427
35654,3731
35655,4584
35656,3173
35657,4008
35658,3681
35659,3561
35660,3650
35661,3767
35662,3064
35663,3569
35664,3405
35665,3477
35666,3864
35667,3205
35668,3661
35669,3161
35670,3044
35671,3425
35672,4452
35673,3588
35674,3445
35675,3235
35676,-1
35677,3328
35678,3549
35679,2813
35680,4345
35681,3739
35682,3324
35683,2841
35684,2898
35685,3709
35686,3687
35687,4021
35688,3467
35689,4814
35690,3421
35691,3135
35692,3370
35693,4194
35694,3985
35695,3478
35696,4720
35697,3658
35698,3007
35699,2694
35700,3881
35701,3861
35702,3705
35703,3223
35704,3428
35705,4193
35706,3478
35707,3806
35708,3566
35709,3108
35710,3931
35711,3624
35712,3998
35713,3504
35714,3538
35715,3834
35716,4396
35717,4116
35718,3540
35719,-1
35720,3717
35721,3067
35722,4260
35723,3622
35724,5465
35725,3130
35726,3915
35727,3287
35728,4198
35729,2942
35730,3198
35731,3434
35732,3309
35733,4005
35734,4082
35735,2953
35736,4914
35737,4487
35738,4553
35739,3312
35740,-1
35741,3360
35742,3586
35743,3287
35744,3611
35745,3634
35746,3800
35747,3088
35748,2643
35749,2967
35750,3823
35751,3471
35752,2789
35753,3778
35754,3059
35755,3743
35756,2905
35757,3942
35758,3480
35759,3279
35760,3407
35761,3645
35762,3496
35763,4509
35764,3895
35765,3523
35766,3632
35767,4001
35768,3133
35769,3361
35770,3604
35771,3809
35772,2934
35773,3367
35774,3546
35775,3801
35776,3644
35777,3441
35778,3785
35779,3555
35780,3158
35781,3575
35782,3176
35783,3688
35784,2651
35785,3335
35786,3537
35787,3889
35788,3564
35789,3381
35790,3605
35791,3382
35792,3852
35793,3860
35794,3092
35795,3621
35796,2791
35797,4120
35798,3921
35799,3248
35800,-1
35801,4138
35802,3911
35803,4036
35804,3981
35805,3797
35806,3383
35807,3399
35808,-1
35809,3691
35810,-1
35811,2933
35812,3806
35813,3269
35814,3287
35815,4400
35816,3387
35817,4262
35818,3603
35819,3543
35820,3446
35821,2597
35822,3374
35823,5106
35824,3106
35825,3678
35826,3968
35827,3950
35828,5211
35829,2826
35830,3550
35831,3808
35832,2833
35833,3555
35834,3496
35835,3882
35836,3878
35837,3727
35838,4002
35839,3744
35840,2597
35841,4027
35842,2619
35843,3283
35844,3313
35845,2778
35846,3868
35847,2875
35848,4309
35849,4296
35850,2712
35851,3522
35852,4121
35853,3856
35854,2492
35855,3960
35856,3578
35857,3299
35858,-1
35859,2851
35860,3718
35861,3434
35862,3212
35863,3490
35864,3275
35865,3294
35866,4157
35867,-1
35868,4637
35869,3502
35870,3193
35871,3030
35872,3160
35873,3910
35874,3723
35875,2485
35876,3665
35877,4284
35878,3577
35879,4152
35880,3852
35881,3920
35882,3167
35883,3649
35884,3770
35885,3282
35886,3229
35887,3197
35888,3847
35889,3423
35890,4077
35891,3728
35892,3367
35893,3976
35894,5042
35895,4088
35896,3206
35897,3451
35898,3716
35899,3745
35900,2802
35901,4565
35902,2418
35903,2443
35904,4234
35905,3402
35906,3807
35907,4467
35908,3067
35909,3273
35910,3219
35911,3179
35912,3617
35913,3469
35914,3701
35915,4316
35916,3262
35917,3356
35918,3811
35919,3937
35920,3901
35921,2783
35922,3130
35923,3559
35924,3715
35925,3331
35926,3683
35927,3985
35928,4435
35929,3314
35930,3070
35931,3506
35932,3820
35933,3096
35934,3660
35935,3127
35936,3623
35937,3350
35938,3232
35939,4276
35940,3232
35941,3926
35942,3826
35943,2875
35944,4028
35945,3998
35946,3117
35947,3812
35948,3279
35949,3452
35950,3431
35951,3787
35952,4678
35953,2360
35954,4516
35955,3430
35956,3832
35957,3825
35958,3445
35959,3603
35960,2955
35961,3656
35962,4127
35963,3570
35964,3427
35965,3083
35966,2851
35967,3364
35968,2951
35969,3959
35970,3738
35971,3717
35972,2825
35973,2559
35974,3512
35975,3714
35976,3441
35977,4185
35978,3650
35979,3476
35980,2706
35981,3631
35982,3191
35983,4476
35984,3959
35985,3936
35986,3561
35987,3308
35988,3361
35989,4264
35990,3392
35991,3870
35992,3483
35993,4050
35994,3173
35995,3408
35996,2830
35997,3371
35998,3928
35999,3306
36000,3971
36001,4053
36002,3259
36003,3762
36004,3894
36005,3124
36006,3087
36007,4509
36008,2901
36009,4064
36010,3647
36011,3320
36012,3661
36013,3937
36014,4352
36015,3447
36016,3933
36017,3171
36018,3347
36019,3501
36020,2953
36021,3834
36022,3872
36023,3577
36024,3228
36025,3458
36026,3533
36027,3446
36028,3259
36029,3397
36030,3858
36031,3619
36032,3765
36033,3344
36034,3260
36035,3869
36036,2531
36037,3332
36038,2017
36039,3856
36040,4051
36041,3552
36042,3467
36043,3127
36044,3747
36045,3850
36046,3305
36047,3261
36048,2428
36049,4057
36050,3422
36051,4498
36052,3565
36053,3357
36054,3550
36055,3581
36056,2579
36057,4155
36058,3374
36059,3689
36060,2788
36061,3654
36062,3675
36063,3937
36064,3574
36065,2391
36066,3400
36067,3384
36068,4321
36069,3651
36070,4042
36071,2163
36072,3039
36073,4054
36074,3475
36075,3030
36076,3167
36077,4060
36078,4488
36079,3652
36080,3314
36081,3580
36082,3563
36083,4313
36084,3763
36085,3240
36086,3567
36087,3803
36088,4054
36089,3468
36090,3437
36091,3442
36092,3099
36093,3794
36094,3732
36095,2804
36096,3602
36097,4143
36098,3399
36099,3610
36100,4303
36101,2626
36102,3756
36103,3636
36104,3528
36105,4028
36106,3404
36107,3783
36108,3146
36109,3434
36110,3581
36111,3651
36112,3589
36113,3150
36114,3976
36115,3778
36116,-1
36117,3465
36118,3556
36119,3823
36120,3322
36121,3473
36122,2877
36123,3665
36124,2649
36125,4429
36126,2827
36127,3244
36128,3378
36129,3607
36130,3195
36131,3548
36132,3689
36133,3283
36134,4380
36135,3365
36136,4115
36137,3954
36138,3483
36139,3577
36140,3695
36141,3922
36142,3800
36143,3966
36144,4751
36145,3073
36146,4204
36147,3886
36148,2672
36149,3760
36150,3979
36151,4395
36152,4119
36153,3816
36154,4195
36155,3916
36156,3531
36157,4778
36158,3207
36159,2869
36160,3997
36161,2774
36162,4032
36163,3834
36164,4400
36165,4373
36166,3798
36167,3449
36168,3742
36169,3542
36170,3190
36171,4124
36172,3228
36173,3742
36174,4909
36175,3133
36176,4840
36177,3557
36178,2961
36179,3385
36180,3949
36181,3502
36182,4163
36183,3348
36184,3885
36185,3950
36186,3182
36187,3142
36188,3984
36189,4892
36190,3783
36191,3358
36192,3335
36193,3720
36194,4051
36195,3065
36196,3688
36197,-1
36198,3685
36199,3681
36200,3869
36201,3241
36202,2103
36203,3618
36204,4264
36205,3622
36206,3660
36207,3330
36208,4014
36209,3962
36210,3916
36211,3567
36212,3177
36213,2980
36214,4442
36215,3253
36216,3613
36217,3360
36218,3877
36219,3144
36220,4930
36221,3202
36222,4185
36223,3869
36224,3397
36225,3531
36226,-1
36227,4004
36228,4347
36229,3685
36230,3310
36231,2656
36232,3463
36233,3769
36234,3723
36235,3568
36236,3805
36237,3417
36238,3222
36239,3811
36240,-1
36241,4307
36242,3590
36243,4320
36244,3487
36245,2931
36246,4042
36247,3932
36248,4044
36249,3836
36250,3663
36251,3536
36252,3441
36253,3980
36254,3827
36255,3832
36256,3886
36257,4838
36258,3457
36259,3612
36260,3456
36261,3715
36262,3406
36263,3051
36264,3278
36265,4231
36266,3685
36267,3255
36268,2879
36269,3901
36270,3644
36271,2804
36272,3530
36273,4393
36274,3765
36275,2978
36276,3282
36277,4354
36278,3085
36279,3825
36280,3029
36281,3874
36282,3906
36283,2927
36284,4403
36285,4137
36286,3702
36287,4073
36288,3984
36289,2805
36290,3493
36291,2232
36292,3614
36293,4108
36294,2836
36295,3620
36296,3789
36297,3894
36298,3557
36299,4311
36300,3513
36301,-1
36302,3214
36303,3573
36304,3721
36305,3363
36306,3200
36307,2965
36308,3757
36309,3750
36310,4410
36311,3629
36312,2512
36313,4525
36314,3988
36315,3764
36316,3093
36317,3775
36318,3261
36319,3957
36320,3401
36321,3644
36322,4055
36323,-1
36324,3743
36325,3397
36326,3552
36327,3528
36328,3997
36329,4290
36330,3438
36331,3914
36332,2853
36333,3999
36334,3866
36335,3430
36336,3220
36337,3229
36338,3087
36339,3883
36340,3941
36341,3775
36342,3201
36343,3566
36344,3874
36345,2991
36346,2975
36347,4057
36348,3680
36349,3680
36350,3355
36351,3581
36352,3413
36353,3363
36354,3911
36355,3843
36356,4229
36357,3392
36358,3578
36359,2774
36360,3565
36361,3975
36362,4711
36363,3900
36364,3651
36365,3569
36366,3596
36367,4226
36368,4820
36369,3626
36370,3751
36371,3645
36372,3716
36373,3911
36374,3646
36375,3539
36376,3696
36377,3711
36378,2915
36379,3350
36380,4529
36381,3590
36382,3819
36383,4287
36384,2960
36385,3596
36386,4741
36387,3651
36388,4024
36389,3498
36390,3645
36391,3719
36392,3647
36393,3139
36394,4150
36395,3159
36396,3300
36397,3825
36398,4109
36399,2981
36400,3698
36401,3214
36402,3280
36403,3337
36404,3761
36405,3161
36406,3741
36407,3659
36408,3946
36409,3547
36410,3337
36411,3819
36412,3525
36413,3727
36414,3408
36415,4079
36416,3010
36417,4210
36418,4443
36419,4268
36420,3468
36421,3508
36422,3640
36423,3927
36424,4150
36425,3560
36426,3109
36427,2616
36428,3712
36429,3467
36430,4148
36431,4140
36432,4683
36433,3480
36434,3340
36435,3390
36436,3196
36437,2937
36438,3185
36439,3522
36440,3559
36441,3245
36442,2588
36443,3037
36444,3367
36445,3957
36446,3086
36447,3440
36448,3928
36449,3687
36450,3506
36451,4484
36452,3111
36453,2517
36454,3788
36455,3345
36456,3673
36457,3295
36458,3826
36459,3676
36460,3545
36461,4951
36462,3443
36463,4003
36464,3749
36465,3229
36466,4332
36467,2658
36468,3307
36469,3359
36470,6269
36471,3623
36472,4338
36473,3928
36474,4016
36475,3512
36476,3486
36477,4375
36478,3689
36479,3786
36480,3081
36481,3907
36482,2965
36483,3894
36484,3846
36485,3570
36486,3797
36487,3623
36488,3383
36489,3426
36490,3637
36491,2724
36492,4119
36493,3670
36494,4483
36495,3248
36496,3211
36497,3783
36498,3545
36499,3661
36500,3490
36501,2855
36502,3055
36503,3134
36504,4049
36505,3890
36506,3563
36507,3311
36508,3436
36509,3828
36510,4081
36511,3369
36512,3710
36513,3366
36514,3511
36515,3125
36516,3931
36517,3318
36518,-1
36519,3122
36520,3592
36521,2746
36522,-1
36523,2977
36524,2934
36525,3443
36526,4340
36527,3398
36528,3393
36529,3639
36530,3431
36531,3861
36532,3790
36533,3465
36534,4849
36535,4137
36536,3967
36537,3218
36538,3605
36539,3768
36540,3263
36541,3457
36542,4065
36543,3698
36544,3853
36545,3214
36546,3212
36547,2691
36548,3563
36549,3405
36550,3951
36551,3044
36552,3541
36553,3443
36554,4023
36555,3457
36556,3636
36557,3633
36558,3558
36559,2748
36560,3373
36561,3805
36562,4137
36563,3050
36564,4487
36565,2665
36566,3514
36567,4368
36568,3617
36569,3399
36570,3796
36571,3981
36572,4303
36573,2678
36574,3806
36575,3385
36576,3366
36577,4458
36578,3605
36579,3671
36580,3998
36581,3664
36582,4600
36583,3363
36584,3012
36585,3200
36586,4379
36587,3980
36588,3698
36589,4354
36590,3811
36591,3021
36592,4144
36593,3527
36594,3533
36595,3319
36596,3963
36597,3320
36598,4024
36599,3038
36600,3487
36601,3911
36602,4587
36603,3224
36604,3965
36605,3676
36606,3436
36607,3378
36608,4191
36609,3924
36610,4744
36611,3891
36612,3499
36613,3519
36614,3525
36615,3285
36616,3481
36617,2860
36618,4193
36619,3893
36620,3203
36621,4104
36622,3641
36623,3562
36624,4016
36625,3822
36626,3554
36627,4086
36628,4411
36629,3862
36630,4005
36631,3778
36632,3381
36633,3816
36634,3754
36635,3778
36636,4030
36637,3090
36638,3465
36639,3145
36640,3684
36641,-1
36642,3865
36643,3476
36644,3526
36645,3693
36646,3502
36647,3700
36648,3606
36649,3778
36650,3627
36651,3846
36652,4145
36653,4297
36654,4141
36655,3500
36656,3359
36657,3479
36658,3623
36659,3560
36660,3658
36661,3441
36662,3565
36663,3746
36664,4237
36665,3544
36666,3474
36667,3115
36668,2469
36669,3518
36670,3101
36671,2751
36672,4243
36673,-1
36674,3200
36675,3873
36676,3681
36677,3183
36678,3385
36679,3715
36680,3460
36681,3328
36682,3696
36683,3987
36684,3233
36685,2607
36686,4286
36687,3643
36688,3112
36689,4005
36690,3487
36691,3286
36692,3041
36693,3661
36694,3472
36695,3685
36696,2779
36697,4419
36698,3610
36699,2853
36700,3045
36701,3300
36702,3283
36703,3641
36704,3891
36705,3655
36706,3911
36707,3696
36708,3248
36709,4058
36710,3222
36711,3677
36712,2770
36713,3653
36714,3060
36715,3967
36716,3676
36717,4561
36718,4103
36719,3509
36720,3375
36721,3467
36722,3604
36723,-1
36724,3299
36725,4817
36726,4185
36727,2902
36728,3303
36729,3271
36730,3737
36731,3361
36732,3267
36733,3863
36734,2580
36735,3513
36736,2935
36737,4046
36738,3472
36739,3591
36740,2766
36741,3023
36742,3836
36743,4289
36744,3860
36745,3854
36746,4022
36747,2601
36748,3587
36749,3957
36750,3973
36751,3398
36752,3407
36753,3468
36754,3678
36755,4004
36756,3258
36757,3815
36758,2840
36759,4119
36760,3294
36761,2686
36762,3380
36763,3579
36764,3508
36765,3903
36766,4031
36767,2913
36768,3485
36769,3467
36770,3735
36771,3681
36772,3415
36773,3762
36774,3307
36775,3007
36776,3104
36777,3835
36778,3626
36779,4149
36780,3289
36781,4147
36782,3464
36783,4220
36784,3825
36785,3689
36786,4014
36787,3281
36788,2960
36789,3802
36790,4500
36791,2923
36792,2973
36793,2904
36794,4029
36795,3667
36796,3470
36797,-1
36798,4541
36799,3498
36800,2441
36801,3920
36802,4009
36803,3914
36804,2678
36805,3707
36806,3873
36807,3470
36808,-1
36809,3088
36810,3814
36811,2964
36812,3402
36813,3818
36814,3818
36815,3833
36816,3968
36817,-1
36818,4054
36819,3118
36820,3522
36821,3947
36822,2593
36823,2919
36824,3573
36825,3982
36826,3456
36827,3408
36828,4301
36829,3956
36830,3801
36831,2906
36832,3753
36833,3526
36834,2465
36835,3707
36836,3310
36837,3233
36838,3842
36839,3876
36840,3458
36841,3648
36842,3138
36843,3584
36844,3917
36845,3911
36846,3930
36847,3555
36848,-1
36849,3002
36850,3364
36851,3546
36852,3458
36853,3749
36854,3380
36855,2889
36856,3430
36857,3673
36858,3670
36859,3893
36860,3815
36861,3368
36862,3325
36863,3353
36864,3392
36865,3512
36866,3733
36867,3823
36868,3853
36869,2911
36870,3060
36871,3047
36872,3639
36873,3682
36874,3841
36875,3605
36876,3827
36877,3178
36878,3799
36879,3627
36880,4140
36881,3592
36882,3772
36883,4110
36884,3387
36885,3477
36886,3051
36887,4428
36888,3118
36889,3359
36890,2881
36891,4227
36892,3279
36893,3740
36894,4207
36895,3234
36896,3343
36897,4738
36898,3247
36899,3376
36900,3562
36901,-1
36902,4007
36903,3651
36904,3317
36905,3018
36906,4673
36907,3207
36908,3285
36909,3852
36910,3290
36911,3432
36912,3446
36913,3900
36914,2806
36915,4764
36916,3842
36917,3650
36918,2920
36919,4138
36920,3693
36921,3576
36922,3772
36923,3573
36924,-1
36925,3476
36926,3180
36927,3533
36928,3426
36929,3463
36930,3563
36931,3334
36932,2858
36933,4105
36934,3505
36935,4308
36936,3295
36937,3038
36938,3562
36939,4047
36940,4538
36941,3720
36942,3475
36943,3909
36944,4047
36945,4595
36946,3483
36947,3528
36948,3982
36949,3878
36950,3214
36951,2714
36952,3046
36953,3661
36954,3884
36955,3772
36956,3326
36957,3419
36958,3635
36959,3824
36960,3361
36961,2917
36962,3630
36963,4440
36964,3341
36965,3676
36966,3477
36967,3393
36968,2859
36969,3501
36970,3664
36971,3822
36972,3045
36973,4050
36974,3468
36975,3470
36976,3730
36977,3765
36978,4076
36979,3512
36980,3410
36981,4029
36982,3774
36983,3547
36984,3964
36985,3145
36986,4320
36987,3596
36988,4115
36989,3838
36990,-1
36991,3388
36992,3870
36993,4639
36994,3572
36995,3609
36996,5078
36997,3126
36998,3830
36999,3436
37000,3497
37001,3446
37002,2432
37003,3077
37004,3514
37005,4314
37006,3464
37007,3455
37008,4281
37009,3183
37010,3906
37011,3151
37012,3635
37013,4450
37014,3727
37015,3381
37016,2663
37017,3224
37018,3251
37019,3734
37020,3550
37021,-1
37022,3434
37023,3613
37024,3212
37025,2786
37026,-1
37027,4621
37028,4281
37029,3871
37030,2738
37031,3134
37032,3200
37033,3673
37034,3420
37035,3886
37036,3705
37037,3910
37038,4069
37039,3680
37040,4775
37041,4045
37042,3613
37043,3531
37044,3560
37045,3581
37046,2603
37047,3233
37048,4238
37049,4854
37050,3416
37051,4417
37052,3663
37053,3798
37054,2899
37055,3617
37056,4105
37057,3475
37058,3610
37059,3461
37060,4148
37061,3579
37062,3715
37063,4143
37064,3495
37065,3541
37066,3296
37067,3373
37068,4373
37069,3376
37070,3402
37071,3451
37072,3607
37073,3114
37074,3759
37075,3897
37076,3379
37077,3044
37078,3739
37079,2636
37080,-1
37081,3741
37082,2907
37083,3013
37084,-1
37085,-1
37086,4095
37087,3573
37088,3555
37089,4109
37090,3612
37091,4038
37092,3416
37093,3446
37094,3499
37095,3690
37096,2922
37097,3166
37098,3753
37099,3031
37100,4084
37101,3301
37102,4237
37103,3008
37104,3854
37105,3258
37106,3641
37107,2911
37108,3732
37109,3530
37110,3531
37111,3347
37112,2912
37113,4089
37114,4228
37115,3764
37116,3486
37117,1428
37118,3264
37119,3615
37120,3040
37121,4417
37122,3612
37123,3965
37124,3417
37125,3842
37126,3574
37127,4404
37128,3379
37129,3190
37130,3265
37131,3020
37132,3887
37133,3866
37134,3408
37135,3427
37136,4069
37137,3069
37138,2855
37139,4164
37140,3394
37141,3478
37142,3642
37143,3596
37144,3953
37145,4131
37146,3472
37147,4672
37148,3849
37149,2954
37150,2886
37151,3479
37152,3457
37153,4328
37154,3828
37155,3326
37156,3973
37157,2893
37158,3931
37159,2875
37160,3172
37161,3188
37162,3351
37163,3810
37164,4170
37165,3349
37166,-1
37167,3980
37168,3307
37169,3322
37170,3607
37171,3848
37172,3743
37173,3861
37174,3758
37175,3312
37176,3171
37177,3769
37178,3262
37179,3643
37180,3734
37181,3395
37182,3420
37183,3927
37184,3694
37185,3699
37186,3752
37187,4214
37188,3271
37189,3249
37190,3908
37191,5228
37192,2089
37193,3887
37194,4036
37195,3348
37196,3574
37197,3258
37198,3637
37199,-1
37200,3587
37201,3270
37202,3208
37203,3673
37204,3898
37205,4837
37206,3041
37207,-1
37208,3692
37209,3669
37210,3583
37211,3373
37212,3965
37213,3415
37214,4168
37215,3883
37216,3267
37217,3957
37218,3922
37219,3364
37220,3283
37221,2896
37222,3092
37223,5090
37224,3641
37225,4186
37226,3790
37227,3337
37228,3827
37229,2959
37230,4438
37231,2567
37232,2387
37233,4149
37234,3383
37235,4473
37236,3448
37237,3501
37238,3332
37239,3687
37240,4281
37241,4107
37242,4455
37243,3325
37244,3155
37245,3433
37246,3449
37247,4118
37248,4450
37249,3314
37250,3471
37251,3603
37252,3599
37253,4194
37254,3497
37255,4300
37256,3854
37257,3781
37258,2613
37259,4580
37260,2417
37261,3316
37262,3380
37263,3934
37264,3170
37265,-1
37266,2433
37267,2804
37268,3038
37269,3903
37270,3208
37271,2379
37272,3925
37273,3907
37274,3706
37275,3477
37276,3411
37277,2923
37278,4140
37279,2586
37280,3331
37281,3528
37282,3599
37283,3644
37284,3881
37285,4342
37286,3762
37287,3498
37288,3381
37289,3897
37290,3695
37291,3775
37292,2691
37293,3960
37294,3807
37295,4198
37296,3324
37297,3487
37298,4007
37299,3553
37300,3842
37301,3918
37302,4147
37303,3615
37304,3770
37305,3961
37306,3682
37307,3376
37308,3864
37309,3620
37310,3534
37311,3310
37312,3929
37313,3812
37314,3336
37315,3297
37316,2897
37317,3734
37318,3521
37319,3224
37320,3068
37321,3459
37322,3082
37323,3602
37324,3818
37325,3016
37326,3898
37327,3214
37328,3227
37329,3049
37330,-1
37331,4375
37332,3222
37333,4196
37334,3567
37335,3219
37336,3335
37337,3161
37338,3502
37339,3476
37340,3936
37341,3318
37342,3417
37343,3593
37344,3164
37345,3490
37346,3646
37347,2996
37348,3035
37349,2651
37350,3587
37351,3840
37352,3489
37353,3804
37354,3870
37355,4097
37356,4133
37357,3728
37358,3888
37359,3317
37360,3478
37361,3450
37362,3530
37363,3722
37364,3507
37365,3722
37366,3702
37367,3582
37368,3152
37369,3798
37370,4194
37371,4115
37372,3353
37373,2789
37374,3937
37375,3613
37376,3693
37377,3542
37378,3582
37379,3663
37380,4072
37381,3428
37382,4844
37383,3380
37384,3208
37385,3904
37386,3495
37387,3554
37388,3543
37389,3117
37390,3307
37391,3708
37392,3050
37393,3910
37394,4068
37395,3462
37396,3678
37397,3467
37398,3752
37399,3410
37400,3322
37401,3519
37402,4259
37403,3874
37404,3812
37405,3436
37406,3878
37407,3022
37408,3029
37409,3353
37410,2232
37411,2828
37412,3460
37413,3302
37414,4112
37415,3358
37416,3429
37417,3832
37418,4123
37419,3677
37420,3287
37421,2869
37422,2991
37423,-1
37424,3509
37425,3603
37426,3071
37427,4276
37428,2761
37429,3357
37430,3959
37431,3482
37432,3691
37433,2925
37434,3556
37435,4383
37436,3074
37437,3129
37438,3026
37439,3374
37440,2952
37441,3729
37442,2680
37443,4686
37444,3426
37445,3971
37446,-1
37447,3563
37448,3140
37449,3847
37450,4053
37451,3057
37452,3984
37453,3574
37454,4132
37455,4100
37456,3510
37457,3975
37458,3482
37459,3236
37460,3584
37461,3793
37462,3939
37463,3472
37464,3935
37465,3754
37466,3434
37467,3521
37468,3975
37469,3933
37470,3698
37471,3420
37472,3640
37473,3626
37474,3724
37475,4160
37476,3562
37477,3781
37478,4353
37479,3405
37480,2528
37481,3445
37482,3081
37483,3587
37484,4087
37485,2983
37486,3291
37487,3523
37488,2933
37489,3750
37490,3373
37491,3990
37492,3872
37493,4135
37494,4309
37495,3633
37496,3150
37497,3796
37498,3480
37499,3977
37500,3722
37501,2945
37502,3844
37503,3482
37504,3992
37505,3570
37506,3220
37507,3232
37508,-1
37509,3108
37510,4254
37511,4060
37512,3493
37513,3418
37514,2812
37515,3874
37516,4022
37517,3788
37518,3576
37519,2757
37520,4298
37521,3734
37522,3517
37523,3506
37524,3482
37525,3996
37526,3781
37527,3644
37528,3631
37529,3947
37530,3180
37531,3011
37532,3723
37533,3580
37534,3379
37535,3834
37536,3196
37537,4699
37538,3295
37539,3723
37540,3684
37541,2596
37542,3848
37543,4821
37544,3432
37545,3866
37546,3442
37547,3988
37548,3401
37549,2714
37550,4064
37551,3545
37552,3493
37553,3443
37554,-1
37555,3954
37556,4001
37557,3679
37558,3515
37559,3159
37560,3401
37561,3710
37562,3536
37563,4693
37564,3863
37565,4258
37566,3800
37567,3279
37568,4592
37569,3463
37570,4120
37571,4562
37572,4382
37573,3028
37574,3591
37575,3497
37576,3956
37577,2072
37578,3065
37579,3803
37580,3824
37581,3739
37582,4312
37583,4438
37584,4045
37585,3948
37586,3192
37587,3764
37588,3256
37589,3863
37590,3756
37591,3697
37592,3476
37593,3530
37594,-1
37595,3534
37596,3495
37597,3569
37598,3222
37599,3668
37600,3889
37601,4115
37602,4077
37603,4271
37604,4010
37605,3676
37606,3064
37607,3373
37608,3423
37609,3311
37610,3406
37611,3452
37612,3950
37613,3710
37614,3225
37615,2493
37616,3336
37617,4089
37618,3189
37619,3048
37620,3307
37621,3497
37622,3478
37623,3529
37624,3482
37625,3622
37626,3687
37627,3140
37628,3200
37629,4158
37630,3338
37631,3756
37632,3300
37633,3988
37634,3637
37635,3022
37636,3738
37637,3330
37638,3546
37639,3705
37640,-1
37641,3414
37642,3226
37643,4060
37644,3372
37645,3941
37646,3920
37647,3809
37648,4046
37649,3464
37650,3801
37651,3823
37652,3318
37653,3234
37654,3515
37655,2886
37656,4306
37657,3716
37658,3111
37659,3304
37660,2999
37661,3636
37662,2744
37663,3793
37664,3838
37665,3715
37666,3819
37667,4128
37668,3703
37669,3606
37670,4478
37671,3845
37672,3944
37673,3639
37674,3695
37675,4436
37676,3833
37677,3317
37678,3777
37679,3635
37680,3111
37681,4642
37682,3989
37683,3497
37684,3774
37685,3433
37686,3534
37687,4154
37688,3268
37689,4862
37690,2450
37691,3229
37692,3448
37693,3858
37694,3558
37695,4017
37696,3183
37697,4147
37698,3389
37699,3910
37700,4638
37701,3514
37702,4398
37703,3551
37704,4004
37705,3872
37706,4204
37707,3645
37708,3077
37709,3274
37710,3744
37711,3534
37712,2694
37713,3864
37714,2820
37715,4048
37716,2942
37717,3470
37718,3242
37719,3967
37720,2732
37721,3419
37722,3780
37723,3844
37724,3752
37725,3502
37726,3022
37727,3924
37728,2973
37729,3737
37730,3646
37731,4013
37732,1593
37733,4253
37734,3260
37735,3656
37736,3851
37737,3247
37738,2847
37739,4363
37740,3394
37741,3858
37742,4110
37743,4134
37744,3464
37745,4406
37746,4123
37747,3025
37748,-1
37749,4385
37750,3765
37751,4465
37752,4807
37753,3342
37754,3631
37755,3321
37756,3510
37757,3316
37758,3187
37759,3541
37760,2649
37761,3079
37762,3642
37763,-1
37764,3703
37765,3501
37766,4080
37767,3806
37768,3380
37769,3828
37770,3094
37771,3105
37772,3906
37773,3485
37774,3444
37775,3348
37776,4900
37777,3999
37778,4058
37779,3858
37780,3978
37781,3642
37782,4356
37783,3761
37784,4158
37785,2911
37786,3592
37787,3592
37788,-1
37789,3163
37790,2752
37791,4393
37792,3293
37793,2715
37794,3455
37795,3317
37796,3570
37797,3379
37798,2907
37799,3744
37800,3275
37801,3177
37802,3497
37803,3891
37804,3493
37805,3213
37806,3702
37807,3389
37808,3674
37809,3852
37810,3688
37811,3638
37812,3807
37813,3318
37814,3203
37815,3783
37816,3928
37817,3902
37818,3623
37819,3303
37820,3735
37821,3539
37822,2864
37823,3359
37824,4527
37825,5142
37826,-1
37827,2666
37828,3522
37829,2892
37830,4354
37831,3410
37832,4044
37833,3361
37834,4066
37835,4026
37836,3405
37837,3389
37838,3670
37839,3566
37840,3311
37841,3960
37842,3808
37843,3801
37844,4372
37845,3288
37846,3460
37847,3256
37848,3316
37849,-1
37850,3492
37851,3690
37852,4047
37853,2602
37854,3754
37855,4027
37856,3043
37857,3368
37858,3678
37859,3727
37860,3330
37861,3299
37862,2777
37863,5443
37864,3729
37865,3800
37866,3018
37867,3682
37868,4068
37869,3541
37870,4354
37871,3662
37872,4458
37873,3669
37874,3335
37875,3451
37876,3492
37877,3732
37878,3106
37879,3455
37880,3971
37881,3487
37882,2951
37883,3525
37884,3496
37885,3769
37886,3703
37887,3173
37888,3469
37889,4481
37890,3005
37891,3482
37892,4642
37893,2981
37894,-1
37895,3682
37896,3332
37897,3692
37898,3160
37899,4027
37900,4053
37901,3275
37902,3809
37903,3771
37904,3152
37905,3443
37906,4411
37907,4175
37908,3300
37909,-1
37910,3962
37911,3806
37912,3356
37913,2636
37914,3597
37915,3121
37916,3506
37917,3031
37918,3613
37919,3843
37920,4060
37921,3751
37922,3363
37923,4388
37924,3057
37925,3962
37926,2909
37927,3835
37928,2960
37929,2885
37930,3225
37931,4394
37932,3620
37933,3942
37934,3960
37935,3871
37936,3747
37937,3141
37938,3714
37939,3497
37940,3606
37941,3194
37942,4034
37943,3079
37944,3782
37945,3283
37946,4827
37947,3397
37948,4297
37949,4426
37950,3383
37951,3152
37952,3657
37953,3787
37954,3680
37955,3874
37956,4033
37957,3301
37958,3360
37959,3750
37960,4197
37961,3689
37962,3663
37963,4006
37964,3357
37965,3814
37966,3692
37967,2913
37968,3431
37969,3944
37970,3745
37971,3148
37972,4143
37973,3908
37974,3021
37975,3434
37976,3011
37977,3573
37978,4035
37979,-1
37980,3210
37981,3796
37982,3856
37983,3395
37984,3596
37985,4225
37986,3363
37987,4026
37988,4196
37989,3815
37990,2994
37991,3781
37992,3271
37993,3517
37994,3781
37995,3686
37996,3106
37997,3959
37998,2884
37999,4037
38000,3655
38001,3393
38002,4081
38003,3112
38004,3717
38005,3069
38006,3204
38007,2622
38008,4050
38009,3724
38010,3284
38011,3895
38012,3748
38013,2647
38014,4184
38015,2851
38016,3601
38017,3893
38018,3942
38019,2358
38020,3379
38021,3607
38022,3055
38023,3633
38024,3820
38025,3532
38026,3301
38027,3971
38028,2766
38029,4369
38030,3505
38031,3022
38032,3479
38033,5197
38034,3582
38035,4103
38036,3154
38037,3411
38038,3230
38039,4141
38040,4023
38041,3903
38042,2874
38043,3841
38044,4176
38045,3492
38046,3731
38047,2588
38048,3295
38049,3311
38050,3564
38051,3766
38052,3000
38053,3766
38054,3546
38055,3410
38056,3879
38057,3702
38058,3582
38059,3736
38060,3714
38061,3750
38062,3376
38063,3664
38064,3354
38065,3564
38066,3054
38067,3822
38068,3037
38069,2959
38070,3531
38071,4277
38072,3750
38073,3681
38074,-1
38075,3597
38076,3161
38077,3366
38078,3708
38079,3832
38080,3909
38081,3149
38082,3699
38083,3811
38084,3388
38085,3487
38086,3121
38087,3088
38088,3858
38089,3924
38090,3484
38091,2961
38092,3318
38093,3755
38094,3276
38095,3346
38096,3272
38097,3616
38098,3347
38099,3278
38100,3156
38101,3877
38102,3733
38103,3694
38104,3508
38105,3257
38106,3666
38107,2458
38108,3688
38109,3341
38110,3101
38111,4045
38112,3418
38113,3448
38114,3513
38115,3276
38116,3385
38117,3967
38118,3236
38119,3034
38120,3858
38121,3448
38122,3732
38123,3034
38124,3769
38125,3607
38126,3391
38127,3132
38128,3552
38129,3794
38130,3379
38131,3551
38132,3787
38133,3786
38134,3884
38135,4026
38136,2602
38137,3702
38138,3873
38139,3639
38140,3586
38141,3563
38142,3786
38143,3659
38144,3493
38145,3031
38146,2986
38147,4224
38148,3705
38149,3377
38150,3571
38151,4737
38152,3476
38153,3646
38154,4201
38155,3927
38156,3654
38157,3850
38158,3325
38159,3437
38160,4557
38161,3287
38162,3855
38163,4047
38164,3292
38165,2828
38166,4424
38167,4404
38168,4040
38169,2559
38170,3741
38171,3394
38172,3133
38173,3822
38174,3277
38175,3698
38176,3793
38177,3748
38178,4088
38179,3549
38180,3601
38181,3482
38182,3617
38183,3520
38184,4350
38185,4073
38186,3405
38187,3378
38188,3891
38189,3600
38190,3427
38191,3994
38192,3256
38193,2667
38194,3371
38195,3435
38196,3188
38197,2718
38198,3714
38199,4315
38200,3928
38201,3817
38202,3151
38203,3570
38204,4061
38205,3056
38206,3514
38207,4026
38208,3702
38209,3851
38210,3936
38211,4326
38212,4851
38213,3220
38214,4037
38215,4116
38216,4176
38217,3632
38218,4217
38219,3508
38220,3160
38221,3024
38222,3527
38223,3894
38224,3920
38225,3148
38226,2788
38227,3805
38228,3394
38229,3669
38230,3930
38231,3368
38232,3900
38233,2601
38234,-1
38235,3375
38236,3296
38237,3679
38238,3565
38239,3377
38240,3736
38241,3646
38242,3912
38243,3188
38244,3713
38245,3534
38246,3156
38247,3857
38248,3834
38249,2883
38250,3858
38251,3132
38252,3765
38253,3415
38254,3382
38255,3160
38256,3979
38257,3925
38258,2992
38259,3273
38260,3991
38261,3890
38262,4414
38263,3434
38264,3297
38265,3283
38266,3774
38267,3774
38268,4095
38269,3006
38270,2788
38271,3492
38272,3703
38273,3608
38274,3224
38275,3811
38276,3842
38277,3200
38278,3209
38279,3722
38280,3324
38281,3174
38282,3888
38283,4105
38284,3556
38285,4269
38286,4079
38287,3679
38288,4074
38289,2927
38290,3885
38291,3888
38292,3451
38293,3544
38294,3186
38295,3559
38296,4322
38297,2704
38298,3544
38299,2734
38300,4015
38301,3962
38302,3127
38303,3644
38304,3307
38305,3480
38306,2677
38307,4031
38308,3170
38309,3867
38310,3630
38311,3527
38312,3489
38313,2870
38314,2430
38315,3626
38316,4148
38317,3429
38318,3661
38319,3894
38320,3572
38321,3148
38322,3358
38323,3007
38324,4364
38325,-1
38326,3738
38327,3759
38328,3574
38329,4377
38330,3961
38331,-1
38332,3988
38333,4541
38334,3091
38335,3623
38336,3559
38337,-1
38338,3415
38339,3657
38340,3510
38341,3420
38342,4048
38343,2931
38344,3405
38345,4056
38346,3502
38347,3973
38348,3645
38349,3815
38350,3821
38351,3154
38352,3668
38353,4014
38354,3145
38355,3640
38356,4157
38357,3527
38358,3253
38359,3560
38360,3810
38361,3780
38362,4186
38363,3347
38364,3491
38365,3476
38366,3480
38367,3255
38368,3069
38369,2862
38370,-1
38371,3923
38372,2395
38373,3511
38374,-1
38375,5107
38376,4256
38377,3820
38378,3957
38379,2870
38380,-1
38381,3732
38382,3267
38383,3217
38384,3995
38385,3434
38386,3163
38387,3783
38388,3834
38389,2976
38390,3497
38391,3045
38392,4028
38393,3296
38394,4231
38395,3505
38396,3843
38397,4093
38398,3609
38399,3487
38400,2600
38401,4294
38402,2973
38403,3752
38404,3319
38405,3476
38406,3355
38407,3765
38408,3569
38409,4434
38410,3265
38411,3581
38412,3121
38413,3912
38414,3021
38415,4961
38416,3329
38417,3459
38418,3814
38419,3752
38420,4020
38421,4335
38422,3145
38423,3502
38424,3243
38425,3613
38426,3431
38427,4307
38428,3458
38429,3586
38430,2942
38431,1980
38432,4197
38433,3273
38434,-1
38435,2912
38436,3729
38437,3155
38438,3095
38439,4053
38440,3571
38441,3898
38442,2718
38443,2569
38444,3516
38445,3605
38446,3451
38447,3561
38448,4021
38449,3251
38450,-1
38451,3794
38452,3308
38453,3950
38454,3406
38455,3319
38456,3803
38457,3979
38458,3712
38459,3645
38460,3370
38461,3372
38462,3067
38463,3140
38464,3417
38465,3619
38466,3636
38467,3080
38468,4269
38469,2454
38470,3322
38471,3157
38472,3569
38473,4152
38474,2699
38475,3176
38476,4102
38477,3924
38478,3465
38479,3415
38480,3284
38481,3614
38482,3832
38483,3431
38484,3076
38485,3671
38486,4141
38487,3466
38488,2907
38489,3903
38490,3696
38491,4449
38492,3530
38493,3378
38494,3725
38495,3394
38496,3299
38497,3982
38498,3729
38499,3532
38500,2428
38501,3071
38502,3823
38503,2320
38504,3327
38505,4086
38506,3351
38507,3050
38508,3007
38509,3109
38510,3221
38511,3337
38512,3635
38513,3467
38514,3191
38515,4012
38516,3710
38517,3604
38518,2930
38519,3929
38520,3980
38521,3754
38522,2584
38523,3296
38524,3231
38525,3071
38526,3600
38527,3470
38528,-1
38529,3585
38530,3816
38531,3967
38532,3056
38533,3939
38534,3928
38535,3662
38536,3569
38537,3428
38538,3899
38539,3889
38540,3454
38541,3322
38542,3504
38543,2961
38544,3795
38545,3549
38546,3622
38547,3932
38548,-1
38549,3203
38550,3632
38551,3094
38552,-1
38553,3282
38554,3196
38555,3332
38556,3999
38557,3735
38558,4194
38559,3268
38560,3724
38561,3664
38562,3740
38563,3240
38564,4009
38565,3764
38566,3347
38567,3583
38568,3926
38569,3744
38570,4519
38571,3881
38572,3494
38573,3579
38574,3567
38575,4802
38576,3375
38577,4021
38578,3654
38579,3518
38580,4291
38581,3464
38582,4283
38583,2639
38584,3341
38585,2658
38586,3209
38587,3259
38588,3497
38589,2807
38590,4198
38591,3638
38592,3096
38593,3504
38594,-1
38595,3265
38596,4103
38597,3514
38598,2963
38599,4686
38600,3469
38601,3386
38602,3493
38603,2684
38604,3891
38605,4049
38606,3552
38607,2889
38608,4135
38609,3248
38610,3450
38611,3582
38612,3614
38613,3407
38614,3439
38615,3542
38616,3735
38617,-1
38618,3553
38619,3672
38620,3961
38621,3315
38622,3537
38623,3686
38624,3810
38625,3514
38626,3441
38627,4198
38628,4190
38629,4892
38630,3644
38631,4267
38632,3977
38633,4324
38634,3341
38635,3754
38636,3528
38637,2649
38638,4162
38639,3511
38640,3041
38641,3867
38642,2944
38643,2885
38644,3746
38645,3712
38646,3644
38647,3067
38648,3605
38649,3322
38650,2406
38651,3603
38652,3250
38653,3932
38654,3105
38655,3909
38656,3191
38657,3402
38658,4163
38659,3486
38660,3385
38661,3555
38662,4037
38663,3109
38664,3180
38665,3277
38666,3415
38667,3512
38668,-1
38669,3392
38670,3239
38671,3327
38672,3847
38673,3903
38674,4000
38675,3689
38676,4136
38677,3619
38678,3119
38679,3994
38680,3147
38681,3687
38682,3150
38683,3770
38684,3428
38685,3834
38686,-1
38687,4693
38688,3717
38689,4104
38690,3052
38691,2933
38692,3357
38693,3384
38694,3260
38695,3891
38696,3335
38697,3448
38698,3379
38699,3522
38700,3479
38701,3756
38702,3094
38703,3548
38704,3731
38705,4273
38706,3598
38707,4043
38708,3857
38709,3512
38710,2669
38711,3914
38712,3566
38713,3697
38714,3625
38715,3512
38716,3203
38717,3332
38718,2780
38719,4196
38720,3974
38721,3273
38722,4311
38723,3570
38724,2706
38725,2966
38726,3791
38727,3361
38728,3360
38729,3165
38730,3236
38731,3633
38732,4192
38733,3656
38734,4994
38735,4120
38736,3864
38737,3172
38738,3538
38739,3836
38740,4372
38741,3383
38742,3742
38743,3649
38744,3702
38745,3259
38746,3102
38747,2982
38748,3708
38749,3603
38750,3775
38751,3631
38752,3642
38753,4294
38754,4024
38755,3560
38756,2967
38757,3482
38758,3211
38759,3361
38760,3845
38761,3928
38762,4081
38763,3409
38764,3548
38765,3748
38766,3361
38767,3445
38768,4110
38769,3643
38770,3381
38771,2846
38772,3724
38773,4311
38774,4563
38775,2601
38776,3562
38777,4039
38778,3637
38779,3646
38780,3394
38781,3250
38782,3705
38783,4566
38784,3929
38785,3070
38786,3814
38787,4424
38788,4134
38789,3865
38790,4976
38791,3694
38792,3332
38793,3605
38794,3314
38795,3526
38796,3940
38797,3347
38798,3494
38799,3523
38800,3657
38801,3304
38802,3808
38803,2937
38804,3792
38805,3254
38806,3345
38807,3156
38808,3184
38809,3253
38810,3795
38811,4119
38812,3875
38813,3551
38814,1950
38815,3431
38816,3650
38817,3982
38818,3366
38819,3840
38820,3813
38821,3810
38822,2892
38823,-1
38824,3225
38825,3335
38826,3630
38827,2995
38828,3197
38829,4095
38830,3796
38831,3375
38832,4915
38833,2491
38834,3973
38835,2966
38836,3605
38837,3001
38838,3605
38839,3795
38840,3297
38841,3791
38842,4219
38843,3505
38844,3518
38845,3704
38846,3568
38847,3695
38848,4082
38849,3585
38850,3274
38851,3469
38852,3982
38853,5018
38854,3765
38855,4782
38856,3805
38857,3004
38858,2540
38859,4466
38860,3818
38861,3225
38862,4631
38863,3702
38864,3561
38865,4599
38866,2899
38867,3345
38868,3325
38869,3164
38870,3931
38871,4676
38872,3216
38873,3852
38874,3509
38875,4160
38876,3618
38877,3236
38878,3877
38879,3434
38880,3465
38881,3424
38882,3289
38883,3517
38884,3492
38885,3489
38886,3331
38887,3550
38888,2709
38889,3261
38890,4205
38891,-1
38892,3578
38893,3647
38894,3800
38895,3378
38896,3047
38897,3209
38898,3543
38899,3865
38900,3405
38901,3496
38902,3807
38903,3193
38904,3502
38905,2909
38906,3778
38907,3270
38908,3736
38909,3755
38910,3658
38911,3637
38912,3165
38913,3322
38914,3182
38915,3774
38916,3484
38917,4175
38918,3581
38919,3608
38920,3173
38921,4237
38922,3302
38923,3205
38924,2856
38925,2825
38926,3394
38927,3138
38928,5127
38929,3470
38930,3454
38931,3591
38932,3577
38933,5023
38934,3588
38935,4206
38936,3589
38937,2345
38938,3700
38939,4542
38940,3324
38941,3743
38942,4967
38943,3351
38944,4494
38945,3289
38946,3590
38947,3772
38948,3280
38949,3630
38950,3623
38951,3256
38952,3186
38953,4309
38954,4088
38955,3506
38956,4001
38957,3567
38958,2875
38959,3407
38960,3339
38961,4774
38962,3948
38963,3685
38964,3076
38965,4008
38966,3913
38967,3367
38968,3318
38969,3406
38970,3760
38971,3670
38972,2742
38973,3411
38974,4056
38975,3025
38976,2786
38977,3398
38978,3050
38979,3334
38980,3505
38981,3420
38982,4205
38983,3600
38984,3788
38985,3248
38986,3884
38987,2932
38988,3087
38989,3262
38990,4252
38991,4044
38992,3110
38993,4118
38994,3844
38995,3678
38996,3591
38997,3658
38998,4195
38999,2988
39000,2352
39001,3317
39002,3368
39003,4695
39004,3477
39005,3609
39006,2895
39007,4110
39008,3346
39009,3846
39010,3675
39011,4116
39012,2854
39013,3243
39014,3734
39015,3755
39016,3338
39017,3530
39018,4862
39019,3579
39020,3342
39021,3515
39022,4135
39023,3490
39024,-1
39025,2823
39026,3640
39027,3735
39028,3160
39029,4075
39030,3362
39031,3231
39032,4288
39033,3330
39034,3541
39035,-1
39036,2859
39037,4066
39038,3320
39039,3269
39040,4398
39041,4008
39042,3670
39043,3422
39044,3001
39045,3594
39046,3553
39047,2968
39048,3458
39049,3343
39050,2503
39051,3688
39052,3036
39053,3663
39054,3110
39055,3066
39056,3440
39057,3689
39058,4330
39059,2870
39060,4552
39061,3849
39062,3342
39063,2961
39064,3516
39065,3511
39066,3113
39067,3888
39068,3814
39069,4084
39070,3344
39071,3383
39072,3300
39073,3295
39074,4305
39075,3394
39076,3693
39077,3841
39078,3516
39079,3660
39080,3681
39081,3521
39082,4184
39083,3721
39084,3398
39085,3323
39086,2907
39087,4029
39088,-1
39089,3636
39090,3725
39091,2963
39092,3239
39093,2674
39094,3140
39095,3467
39096,2994
39097,3007
39098,-1
39099,3980
39100,3609
39101,3184
39102,4085
39103,3291
39104,3045
39105,3934
39106,3636
39107,3734
39108,3949
39109,3568
39110,-1
39111,2356
39112,4075
39113,3158
39114,3355
39115,4243
39116,3945
39117,3364
39118,3809
39119,3741
39120,3684
39121,3914
39122,3035
39123,4327
39124,2802
39125,3762
39126,2408
39127,3308
39128,3426
39129,3204
39130,3662
39131,3798
39132,3086
39133,3397
39134,3459
39135,4781
39136,3324
39137,3094
39138,3729
39139,4038
39140,3970
39141,4489
39142,3766
39143,3824
39144,3423
39145,3927
39146,3537
39147,3758
39148,2815
39149,3976
39150,2725
39151,4712
39152,3348
39153,3118
39154,4157
39155,3371
39156,3566
39157,2938
39158,3181
39159,3254
39160,3805
39161,3577
39162,2635
39163,3571
39164,3194
39165,3687
39166,3260
39167,3469
39168,3422
39169,4559
39170,3487
39171,3774
39172,3761
39173,3563
39174,3822
39175,2958
39176,3471
39177,3605
39178,3088
39179,3621
39180,3614
39181,3307
39182,3842
39183,3977
39184,3969
39185,3421
39186,2963
39187,3681
39188,4301
39189,4448
39190,3331
39191,3456
39192,3941
39193,3610
39194,4080
39195,4373
39196,3641
39197,3484
39198,3758
39199,3420
39200,3829
39201,3372
39202,3408
39203,3741
39204,4082
39205,3395
39206,2925
39207,-1
39208,3032
39209,3552
39210,3438
39211,4705
39212,2967
39213,4108
39214,3816
39215,3083
39216,3427
39217,4017
39218,3378
39219,3483
39220,4070
39221,3696
39222,3398
39223,3982
39224,2996
39225,3452
39226,3151
39227,3538
39228,4064
39229,3729
39230,3173
39231,3856
39232,3382
39233,3619
39234,3042
39235,4537
39236,3642
39237,2920
39238,3658
39239,3111
39240,3726
39241,2913
39242,3157
39243,3753
39244,3607
39245,4259
39246,3185
39247,3338
39248,3811
39249,4766
39250,3914
39251,3268
39252,3309
39253,3284
39254,3559
39255,3622
39256,2842
39257,3846
39258,3542
39259,3337
39260,3921
39261,3257
39262,3786
39263,3410
39264,3633
39265,4216
39266,3039
39267,3386
39268,3709
39269,4019
39270,4633
39271,2570
39272,4010
39273,3198
39274,3570
39275,3406
39276,4262
39277,3498
39278,2777
39279,3643
39280,3242
39281,3948
39282,3784
39283,3793
39284,2920
39285,3261
39286,4090
39287,2495
39288,4395
39289,2826
39290,3103
39291,4092
39292,2878
39293,3857
39294,3111
39295,3401
39296,3640
39297,3609
39298,4380
39299,3364
39300,3340
39301,3366
39302,3436
39303,4501
39304,3724
39305,2823
39306,4438
39307,3739
39308,3715
39309,4421
39310,-1
39311,3765
39312,2777
39313,3589
39314,3303
39315,3090
39316,3669
39317,3210
39318,2940
39319,3158
39320,3993
39321,4512
39322,3923
39323,3748
39324,3941
39325,3259
39326,3236
39327,3836
39328,4583
39329,3661
39330,4427
39331,2954
39332,3251
39333,4459
39334,3353
39335,3504
39336,3679
39337,3328
39338,3236
39339,4205
39340,4160
39341,4115
39342,4049
39343,3208
39344,3727
39345,3506
39346,3769
39347,3641
39348,3760
39349,3725
39350,4216
39351,3798
39352,3734
39353,4474
39354,3873
39355,3849
39356,4245
39357,3713
39358,2736
39359,4892
39360,4207
39361,3311
39362,4275
39363,3377
39364,3822
39365,3309
39366,3677
39367,3304
39368,3271
39369,3026
39370,3349
39371,-1
39372,2874
39373,4224
39374,3581
39375,3917
39376,3894
39377,3609
39378,3296
39379,3224
39380,4324
39381,3669
39382,4087
39383,3568
39384,3889
39385,3528
39386,3693
39387,4286
39388,3183
39389,3537
39390,3660
39391,3471
39392,4117
39393,4189
39394,3366
39395,2253
39396,3639
39397,3491
39398,3731
39399,3356
39400,3423
39401,3584
39402,4851
39403,3311
39404,4240
39405,3512
39406,3047
39407,3138
39408,4053
39409,4257
39410,3687
39411,-1
39412,3435
39413,2489
39414,3829
39415,3437
39416,3633
39417,4043
39418,3562
39419,3580
39420,3400
39421,3577
39422,4455
39423,4333
39424,3248
39425,3512
39426,-1
39427,3389
39428,3768
39429,3364
39430,3068
39431,3546
39432,3662
39433,4611
39434,3368
39435,3948
39436,3863
39437,4138
39438,3889
39439,3560
39440,3229
39441,3856
39442,3782
39443,3196
39444,3138
39445,3904
39446,4189
39447,2000
39448,3937
39449,3613
39450,3200
39451,2659
39452,3454
39453,3897
39454,3234
39455,3748
39456,3555
39457,3378
39458,3487
39459,3472
39460,-1
39461,3303
39462,4759
39463,3410
39464,3948
39465,3188
39466,3828
39467,2750
39468,3706
39469,4282
39470,3558
39471,3530
39472,3859
39473,4641
39474,3717
39475,3379
39476,3321
39477,3771
39478,2978
39479,3596
39480,-1
39481,3750
39482,3538
39483,3861
39484,3798
39485,3305
39486,3476
39487,3638
39488,2926
39489,3572
39490,3135
39491,3656
39492,4248
39493,4444
39494,3373
39495,3628
39496,3128
39497,3952
39498,3559
39499,4133
39500,3876
39501,3505
39502,3649
39503,4278
39504,2896
39505,2413
39506,3402
39507,3814
39508,3355
39509,3574
39510,3509
39511,2704
39512,3284
39513,3588
39514,3392
39515,3385
39516,3363
39517,4119
39518,3893
39519,3343
39520,4282
39521,3614
39522,4282
39523,3601
39524,4802
39525,3993
39526,3416
39527,1602
39528,3444
39529,2990
39530,3016
39531,3668
39532,3618
39533,3606
39534,4056
39535,4121
39536,3630
39537,-1
39538,3385
39539,3175
39540,4175
39541,3366
39542,3304
39543,3868
39544,3358
39545,3254
39546,4609
39547,4310
39548,3295
39549,3147
39550,3218
39551,4006
39552,3077
39553,3229
39554,3597
39555,3815
39556,3290
39557,3573
39558,3708
39559,3726
39560,3287
39561,3535
39562,3922
39563,3567
39564,3622
39565,4326
39566,3440
39567,3556
39568,2966
39569,3568
39570,3271
39571,2542
39572,3520
39573,3084
39574,3965
39575,3863
39576,3685
39577,3482
39578,3013
39579,3170
39580,3315
39581,3735
39582,3142
39583,3222
39584,3814
39585,2951
39586,3826
39587,3416
39588,3763
39589,3411
39590,3494
39591,3983
39592,3730
39593,4165
39594,3596
39595,3603
39596,3606
39597,3624
39598,3613
39599,4068
39600,3520
39601,2666
39602,4065
39603,3734
39604,3841
39605,3323
39606,2986
39607,3656
39608,3133
39609,3901
39610,3061
39611,3568
39612,4150
39613,2613
39614,3995
39615,3157
39616,3265
39617,3409
39618,3455
39619,2972
39620,3292
39621,3533
39622,3278
39623,2950
39624,3251
39625,4318
39626,3281
39627,3815
39628,3266
39629,3993
39630,3288
39631,3571
39632,3965
39633,3137
39634,3365
39635,2931
39636,4108
39637,3388
39638,3547
39639,3905
39640,3897
39641,4088
39642,3784
39643,3243
39644,3264
39645,3956
39646,3553
39647,3022
39648,3390
39649,3739
39650,3016
39651,3482
39652,3200
39653,3301
39654,3453
39655,4293
39656,2379
39657,3290
39658,3495
39659,3488
39660,3198
39661,3774
39662,3729
39663,3841
39664,2198
39665,3332
39666,3873
39667,3532
39668,2745
39669,3175
39670,3195
39671,3304
39672,4911
39673,3814
39674,3067
39675,3610
39676,4260
39677,3146
39678,3961
39679,3534
39680,3203
39681,4157
39682,3369
39683,3801
39684,4426
39685,3838
39686,3660
39687,3689
39688,3656
39689,3421
39690,3629
39691,3153
39692,3813
39693,3930
39694,3729
39695,2400
39696,3210
39697,4400
39698,3222
39699,3213
39700,3822
39701,4326
39702,2698
39703,4173
39704,3176
39705,3713
39706,3713
39707,3450
39708,3962
39709,4000
39710,4309
39711,3889
39712,3871
39713,3610
39714,3559
39715,3695
39716,3327
39717,3706
39718,3191
39719,2934
39720,3744
39721,3714
39722,3365
39723,4122
39724,4018
39725,4484
39726,3289
39727,3737
39728,4004
39729,4026
39730,4336
39731,3205
39732,4688
39733,2928
39734,3337
39735,3640
39736,3808
39737,3624
39738,3677
39739,3868
39740,4251
39741,3136
39742,3162
39743,3913
39744,3609
39745,3196
39746,3325
39747,3122
39748,3005
39749,3838
39750,3835
39751,3575
39752,3793
39753,3653
39754,2807
39755,3438
39756,2713
39757,3486
39758,3851
39759,3704
39760,3205
39761,3697
39762,3979
39763,3475
39764,3201
39765,3813
39766,3501
39767,3813
39768,3208
39769,3270
39770,3392
39771,2950
39772,3443
39773,3350
39774,3713
39775,4423
39776,3697
39777,3884
39778,4267
39779,-1
39780,3030
39781,3761
39782,3125
39783,3103
39784,3484
39785,4078
39786,4265
39787,4230
39788,3867
39789,3439
39790,3492
39791,4052
39792,3191
39793,3329
39794,3344
39795,4199
39796,3358
39797,3417
39798,3486
39799,3412
39800,3995
39801,3812
39802,4081
39803,3810
39804,3035
39805,3629
39806,3420
39807,3353
39808,3858
39809,3272
39810,2736
39811,3804
39812,3915
39813,3383
39814,3356
39815,4036
39816,3817
39817,3803
39818,3841
39819,4180
39820,4393
39821,3290
39822,3412
39823,3971
39824,3591
39825,3745
39826,3689
39827,3779
39828,3831
39829,-1
39830,4169
39831,3275
39832,3947
39833,3713
39834,3549
39835,3309
39836,3543
39837,4750
39838,3437
39839,3570
39840,3767
39841,3705
39842,3171
39843,3859
39844,4041
39845,4176
39846,3757
39847,4901
39848,3845
39849,3334
39850,3545
39851,4099
39852,3743
39853,3818
39854,4139
39855,3341
39856,3080
39857,3409
39858,4673
39859,3707
39860,3353
39861,4203
39862,3646
39863,3431
39864,-1
39865,3736
39866,3977
39867,3313
39868,2661
39869,3002
39870,3684
39871,2999
39872,3375
39873,3713
39874,3322
39875,3785
39876,3685
39877,3686
39878,-1
39879,3278
39880,3941
39881,3737
39882,3839
39883,2775
39884,4550
39885,3280
39886,3503
39887,3386
39888,3451
39889,3746
39890,3666
39891,3265
39892,3619
39893,3866
39894,3224
39895,3014
39896,3792
39897,-1
39898,4061
39899,3847
39900,4230
39901,3171
39902,3086
39903,3221
39904,3385
39905,3412
39906,4520
39907,4068
39908,3321
39909,3527
39910,3625
39911,3985
39912,3477
39913,3467
39914,3394
39915,3825
39916,3356
39917,3727
39918,3626
39919,2502
39920,3201
39921,3471
39922,4418
39923,2832
39924,3574
39925,3278
39926,3948
39927,3299
39928,3255
39929,3900
39930,2960
39931,3778
39932,2739
39933,2878
39934,3407
39935,3351
39936,3820
39937,3978
39938,3081
39939,3989
39940,3875
39941,2978
39942,3732
39943,-1
39944,3646
39945,3156
39946,2484
39947,3504
39948,3536
39949,4274
39950,4462
39951,4199
39952,3897
39953,3569
39954,1796
39955,4201
39956,3363
39957,4219
39958,4152
39959,3494
39960,3741
39961,3630
39962,3493
39963,3516
39964,3583
39965,3002
39966,3575
39967,3354
39968,3404
39969,3296
39970,3283
39971,-1
39972,4003
39973,3678
39974,3694
39975,3657
39976,3407
39977,4212
39978,3924
39979,3639
39980,3558
39981,3489
39982,4073
39983,3198
39984,3119
39985,3685
39986,3457
39987,3640
39988,4388
39989,4804
39990,3619
39991,3518
39992,3338
39993,3647
39994,3280
39995,3778
39996,2899
39997,3088
39998,3582
39999,3644
40000,3620
40001,3706
40002,4125
40003,3695
40004,-1
40005,3581
40006,3702
40007,3944
40008,3776
40009,4634
40010,3906
40011,3834
40012,3855
40013,2756
40014,3893
40015,3471
40016,3832
40017,4138
40018,3850
40019,4069
40020,3710
40021,3499
40022,3200
40023,3603
40024,3808
40025,3900
40026,4200
40027,4191
40028,4321
40029,3424
40030,4036
40031,3526
40032,2314
40033,3142
40034,3571
40035,3150
40036,3571
40037,3366
40038,3705
40039,3462
40040,3051
40041,3024
40042,3749
40043,2850
40044,3880
40045,3508
40046,3277
40047,3803
40048,3381
40049,3748
40050,3475
40051,3504
40052,3766
40053,3257
40054,3536
40055,3773
40056,3692
40057,4074
40058,3482
40059,3750
40060,3351
40061,3685
40062,3889
40063,3502
40064,2820
40065,3671
40066,3494
40067,3802
40068,3377
40069,3687
40070,3753
40071,3801
40072,3936
40073,3202
40074,3557
40075,4034
40076,3702
40077,3436
40078,3528
40079,3315
40080,2871
40081,3547
40082,3452
40083,4326
40084,3310
40085,3438
40086,3726
40087,3482
40088,3573
40089,3958
40090,4323
40091,3040
40092,3305
40093,3721
40094,3552
40095,3464
40096,4090
40097,3275
40098,3609
40099,3810
40100,3448
40101,3059
40102,3155
40103,3820
40104,3774
40105,-1
40106,3134
40107,3218
40108,2846
40109,3375
40110,3988
40111,3761
40112,3568
40113,3977
40114,3267
40115,3654
40116,3138
40117,3857
40118,3631
40119,3187
40120,3372
40121,3394
40122,3623
40123,3922
40124,3232
40125,3485
40126,3416
40127,2627
40128,3399
40129,2925
40130,3694
40131,3531
40132,3655
40133,3293
40134,3619
40135,3363
40136,4222
40137,3254
40138,4077
40139,3402
40140,3882
40141,4537
40142,3968
40143,3237
40144,3744
40145,3776
40146,4138
40147,4174
40148,3842
40149,3244
40150,4057
40151,3013
40152,3562
40153,3793
40154,4228
40155,3273
40156,3417
40157,3717
40158,4225
40159,4245
40160,3208
40161,3694
40162,3196
40163,4158
40164,3421
40165,3855
40166,3103
40167,4080
40168,3438
40169,4205
40170,3651
40171,3528
40172,3462
40173,3670
40174,2810
40175,4238
40176,3443
40177,2973
40178,3350
40179,3293
40180,4154
40181,3290
40182,3966
40183,2852
40184,3577
40185,3471
40186,3126
40187,3299
40188,3510
40189,3457
40190,3629
40191,4045
40192,3323
40193,3550
40194,3498
40195,4105
40196,3461
40197,3681
40198,2843
40199,4280
40200,2807
40201,4076
40202,3947
40203,3897
40204,2902
40205,3379
40206,3487
40207,3776
40208,-1
40209,3238
40210,3585
40211,3929
40212,3071
40213,3833
40214,2854
40215,3279
40216,3568
40217,3044
40218,3641
40219,3415
40220,4075
40221,3674
40222,3744
40223,3550
40224,3729
40225,3327
40226,4344
40227,4489
40228,3950
40229,3916
40230,3828
40231,4859
40232,3480
40233,3491
40234,3510
40235,3336
40236,3568
40237,3889
40238,3684
40239,3535
40240,3538
40241,3371
40242,3553
40243,3558
40244,3506
40245,3341
40246,2419
40247,4062
40248,1496
40249,3248
40250,3678
40251,3833
40252,3696
40253,3579
40254,4091
40255,2925
40256,3992
40257,3028
40258,3218
40259,-1
40260,4015
40261,4760
40262,3675
40263,3362
40264,4548
40265,3346
40266,3325
40267,2815
40268,3369
40269,3759
40270,3408
40271,3226
40272,4113
40273,4178
40274,3356
40275,3365
40276,3832
40277,3387
40278,3883
40279,3204
40280,4016
40281,3541
40282,3158
40283,3022
40284,4274
40285,3850
40286,3324
40287,2907
40288,3049
40289,3671
40290,-1
40291,4056
40292,3412
40293,3633
40294,3554
40295,3137
40296,3700
40297,4861
40298,3721
40299,3843
40300,3511
40301,3874
40302,3328
40303,3547
40304,3403
40305,3449
40306,2656
40307,3660
40308,3734
40309,3798
40310,3980
40311,3887
40312,3422
40313,4100
40314,3544
40315,3433
40316,3926
40317,3375
40318,3318
40319,3853
40320,3392
40321,4289
40322,3396
40323,1897
40324,3972
40325,3625
40326,-1
40327,4868
40328,3993
40329,3902
40330,3801
40331,4453
40332,2926
40333,3581
40334,4402
40335,3765
40336,3847
40337,3736
40338,4370
40339,4071
40340,3133
40341,3036
40342,3820
40343,4099
40344,3380
40345,3280
40346,3335
40347,3343
40348,3224
40349,3654
40350,3838
40351,3554
40352,3170
40353,3701
40354,3259
40355,3955
40356,3598
40357,3193
40358,2731
40359,2640
40360,3540
40361,3990
40362,3206
40363,3931
40364,3888
40365,3001
40366,3714
40367,3216
40368,3331
40369,2937
40370,4472
40371,4991
40372,4245
40373,3530
40374,2998
40375,3339
40376,3963
40377,4181
40378,3178
40379,4515
40380,3198
40381,3835
40382,4184
40383,4434
40384,3670
40385,3748
40386,3059
40387,3448
40388,4852
40389,3242
40390,3336
40391,2917
40392,4030
40393,4318
40394,3431
40395,3897
40396,3667
40397,3543
40398,3948
40399,3195
40400,3962
40401,3922
40402,4195
40403,2529
40404,3215
40405,3668
40406,3815
40407,3785
40408,3635
40409,3578
40410,2544
40411,3194
40412,3669
40413,3116
40414,3292
40415,3550
40416,3813
40417,3697
40418,3539
40419,4088
40420,2965
40421,4066
40422,4045
40423,3108
40424,2649
40425,3936
40426,2389
40427,3263
40428,4394
40429,3563
40430,3616
40431,3942
40432,4242
40433,3626
40434,3174
40435,3521
40436,3917
40437,4482
40438,3545
40439,4039
40440,3663
40441,3159
40442,3926
40443,3419
40444,3583
40445,3717
40446,3525
40447,3460
40448,4075
40449,3070
40450,3342
40451,3824
40452,3823
40453,3041
40454,3079
40455,4235
40456,3851
40457,3251
40458,3342
40459,4054
40460,3843
40461,3748
40462,2614
40463,3170
40464,3039
40465,3465
40466,4043
40467,3883
40468,2090
40469,4496
40470,3790
40471,3738
40472,3531
40473,4010
40474,-1
40475,3273
40476,4854
40477,3939
40478,2440
40479,3271
40480,3776
40481,3820
40482,3424
40483,3656
40484,3092
40485,3483
40486,4259
40487,4225
40488,3290
40489,2978
40490,3210
40491,5367
40492,3362
40493,-1
40494,3157
40495,3666
40496,4475
40497,3539
40498,3223
40499,2839
40500,3814
40501,3709
40502,3025
40503,4564
40504,2810
40505,3387
40506,3875
40507,3781
40508,3713
40509,3556
40510,2963
40511,3679
40512,3828
40513,2982
40514,4417
40515,2666
40516,3752
40517,3671
40518,4338
40519,3065
40520,3230
40521,3750
40522,3676
40523,3512
40524,3261
40525,3087
40526,3899
40527,3496
40528,4052
40529,4105
40530,4025
40531,3344
40532,2434
40533,2784
40534,4090
40535,3246
40536,3319
40537,4182
40538,4057
40539,2860
40540,3251
40541,2618
40542,3321
40543,3493
40544,3958
40545,4359
40546,4121
40547,3986
40548,4089
40549,-1
40550,4140
40551,3687
40552,3102
40553,2470
40554,2755
40555,4000
40556,3184
40557,4338
40558,4132
40559,3388
40560,2672
40561,3945
40562,3814
40563,2707
40564,3367
40565,3251
40566,3990
40567,3494
40568,3481
40569,3908
40570,3736
40571,3401
40572,3846
40573,2856
40574,3657
40575,4006
40576,3617
40577,3341
40578,3830
40579,3144
40580,3235
40581,3002
40582,4077
40583,3513
40584,3807
40585,3203
40586,3078
40587,2777
40588,3585
40589,3615
40590,3881
40591,3731
40592,4164
40593,3365
40594,3112
40595,3731
40596,2842
40597,3985
40598,3200
40599,3167
40600,3869
40601,3627
40602,3602
40603,3515
40604,3565
40605,3348
40606,3743
40607,2137
40608,3673
40609,3269
40610,3387
40611,3698
40612,2824
40613,3560
40614,3064
40615,3785
40616,4315
40617,3836
40618,3225
40619,3544
40620,3952
40621,3057
40622,3864
40623,3715
40624,2616
40625,4096
40626,3124
40627,3269
40628,3612
40629,3158
40630,4229
40631,3277
40632,3745
40633,3591
40634,3061
40635,2489
40636,3781
40637,3269
40638,3375
40639,3665
40640,3746
40641,3782
40642,4749
40643,3847
40644,3620
40645,3557
40646,3794
40647,3736
40648,4277
40649,3968
40650,3658
40651,3711
40652,3291
40653,3558
40654,3175
40655,3481
40656,-1
40657,3729
40658,3139
40659,3877
40660,3286
40661,3405
40662,3162
40663,3593
40664,2666
40665,3708
40666,2335
40667,3856
40668,3503
40669,3329
40670,2972
40671,3306
40672,3962
40673,3236
40674,3778
40675,3788
40676,3566
40677,3411
40678,3870
40679,3394
40680,3525
40681,4061
40682,3896
40683,3765
40684,3924
40685,3989
40686,4562
40687,3548
40688,3725
40689,-1
40690,2920
40691,3628
40692,3692
40693,3797
40694,3715
40695,3306
40696,3638
40697,3939
40698,3123
40699,3694
40700,2591
40701,3829
40702,3969
40703,3328
40704,3504
40705,3140
40706,-1
40707,3828
40708,3849
40709,4587
40710,3042
40711,3757
40712,3697
40713,3470
40714,3208
40715,3135
40716,3086
40717,4258
40718,3861
40719,3732
40720,3337
40721,3269
40722,3847
40723,3863
40724,3654
40725,4231
40726,3339
40727,3332
40728,4072
40729,4183
40730,2849
40731,3664
40732,4153
40733,3789
40734,3423
40735,3805
40736,3803
40737,3282
40738,5046
40739,4113
40740,3099
40741,3287
40742,2890
40743,4280
40744,3542
40745,3480
40746,3443
40747,2825
40748,3477
40749,3179
40750,4042
40751,3815
40752,2881
40753,3731
40754,3446
40755,3528
40756,3136
40757,3764
40758,3214
40759,4040
40760,3518
40761,3920
40762,3133
40763,3930
40764,3661
40765,3550
40766,3512
40767,3248
40768,2953
40769,4299
40770,3253
40771,4035
40772,3261
40773,3824
40774,3302
40775,3368
40776,3513
40777,3340
40778,4191
40779,4372
40780,3725
40781,3641
40782,3235
40783,3247
40784,3456
40785,3538
40786,3612
40787,3524
40788,3207
40789,2854
40790,3977
40791,4221
40792,3101
40793,3595
40794,3176
40795,4012
40796,2847
40797,3851
40798,3187
40799,3369
40800,3493
40801,4580
40802,3154
40803,2920
40804,3555
40805,4028
40806,3461
40807,4403
40808,-1
40809,3683
40810,3521
40811,3747
40812,3797
40813,2856
40814,3760
40815,4377
40816,3705
40817,4257
40818,3674
40819,3716
40820,3951
40821,3148
40822,3336
40823,3435
40824,3679
40825,3308
40826,3756
40827,4219
40828,3307
40829,3390
40830,3718
40831,2951
40832,3614
40833,3966
40834,3834
40835,4067
40836,4269
40837,3136
40838,3443
40839,3801
40840,3864
40841,3065
40842,3247
40843,3270
40844,3914
40845,3452
40846,3182
40847,2998
40848,4673
40849,3200
40850,3516
40851,3559
40852,3427
40853,3873
40854,3561
40855,-1
40856,-1
40857,3484
40858,3689
40859,3767
40860,3712
40861,3446
40862,2884
40863,3888
40864,3388
40865,3601
40866,3579
40867,3426
40868,3671
40869,4077
40870,3465
40871,3557
40872,3043
40873,2634
40874,3114
40875,4085
40876,3318
40877,3539
40878,3539
40879,3313
40880,3815
40881,-1
40882,3003
40883,4142
40884,4391
40885,3527
40886,4223
40887,3594
40888,3075
40889,2620
40890,3143
40891,3865
40892,3587
40893,4615
40894,3007
40895,3939
40896,3655
40897,3522
40898,3804
40899,3626
40900,3825
40901,3475
40902,3661
40903,4188
40904,3776
40905,4541
40906,3642
40907,3963
40908,3325
40909,3723
40910,3093
40911,3042
40912,3799
40913,3711
40914,4238
40915,2543
40916,3734
40917,3672
40918,3162
40919,3982
40920,2953
40921,3113
40922,3687
40923,3361
40924,3459
40925,3253
40926,3535
40927,3634
40928,2879
40929,4083
40930,4066
40931,3035
40932,3505
40933,4406
40934,3230
40935,3964
40936,3620
40937,3524
40938,2902
40939,3514
40940,3925
40941,3434
40942,3855
40943,3941
40944,3737
40945,3820
40946,3612
40947,4331
40948,3300
40949,4067
40950,3962
40951,4028
40952,3672
40953,3318
40954,3391
40955,3194
40956,3808
40957,3910
40958,3964
40959,3974
40960,3662
40961,4089
40962,4036
40963,3557
40964,4611
40965,4093
40966,3678
40967,3866
40968,4011
40969,3877
40970,3321
40971,3737
40972,3371
40973,3404
40974,3350
40975,3514
40976,3513
40977,3986
40978,4363
40979,3267
40980,3557
40981,3715
40982,3120
40983,3313
40984,3683
40985,3187
40986,3629
40987,4042
40988,2545
40989,3887
40990,3140
40991,3695
40992,4952
40993,2871
40994,3170
40995,3008
40996,3788
40997,3114
40998,3363
40999,3885
41000,3817
41001,4270
41002,3377
41003,4057
41004,4443
41005,2988
41006,3748
41007,3438
41008,2839
41009,3408
41010,3175
41011,3996
41012,4619
41013,3700
41014,3728
41015,3583
41016,4508
41017,3571
41018,3322
41019,3633
41020,4422
41021,3285
41022,3615
41023,3101
41024,4005
41025,3419
41026,3577
41027,3640
41028,3750
41029,3530
41030,4157
41031,3804
41032,3404
41033,3003
41034,4043
41035,4238
41036,3262
41037,4526
41038,3552
41039,3483
41040,3349
41041,3430
41042,3294
41043,2998
41044,3933
41045,3641
41046,3255
41047,3479
41048,3010
41049,3699
41050,3655
41051,3906
41052,3736
41053,3978
41054,3308
41055,3324
41056,3587
41057,3525
41058,3550
41059,2958
41060,4055
41061,4011
41062,-1
41063,3177
41064,3708
41065,4475
41066,3713
41067,3227
41068,3156
41069,3255
41070,4134
41071,3804
41072,4042
41073,3582
41074,3897
41075,3621
41076,4056
41077,3530
41078,2803
41079,3717
41080,3433
41081,3132
41082,3499
41083,3316
41084,4183
41085,3170
41086,3954
41087,4367
41088,3595
41089,3337
41090,3673
41091,3637
41092,4529
41093,3763
41094,3176
41095,3645
41096,3460
41097,2913
41098,3627
41099,3063
41100,3699
41101,3566
41102,3735
41103,3595
41104,3862
41105,3522
41106,3641
41107,3815
41108,4393
41109,3069
41110,3713
41111,4117
41112,3331
41113,2703
41114,3290
41115,4072
41116,4026
41117,4107
41118,3628
41119,3799
41120,3628
41121,3646
41122,3981
41123,4055
41124,2869
41125,3638
41126,4170
41127,2947
41128,2694
41129,3798
41130,3221
41131,4577
41132,3753
41133,4056
41134,2607
41135,3452
41136,3285
41137,3985
41138,-1
41139,3661
41140,2247
41141,4541
41142,3695
41143,2817
41144,2937
41145,3352
41146,3781
41147,3366
41148,3034
41149,3588
41150,3956
41151,2740
41152,3022
41153,2966
41154,4274
41155,3453
41156,3344
41157,3311
41158,3492
41159,3756
41160,3996
41161,3298
41162,3706
41163,3438
41164,2472
41165,3556
41166,3575
41167,3847
41168,3906
41169,4468
41170,2737
41171,3536
41172,3578
41173,4330
41174,4049
41175,3192
41176,3949
41177,-1
41178,3534
41179,3882
41180,3958
41181,2632
41182,2457
41183,3367
41184,-1
41185,4606
41186,4071
41187,4309
41188,3644
41189,2164
41190,3145
41191,3574
41192,3152
41193,3155
41194,3970
41195,3405
41196,3368
41197,4165
41198,3673
41199,3459
41200,4237
41201,3058
41202,2562
41203,3461
41204,3984
41205,4434
41206,4022
41207,3582
41208,3643
41209,3811
41210,5162
41211,3028
41212,2604
41213,3579
41214,3564
41215,3514
41216,3516
41217,3808
41218,4006
41219,3985
41220,3841
41221,2674
41222,3525
41223,3328
41224,4113
41225,3619
41226,3056
41227,3374
41228,3308
41229,3346
41230,3662
41231,3505
41232,3597
41233,3511
41234,2900
41235,3640
41236,3522
41237,3179
41238,3239
41239,3372
41240,3677
41241,3571
41242,3460
41243,4678
41244,4193
41245,3048
41246,2996
41247,3273
41248,3598
41249,3419
41250,3925
41251,3583
41252,2679
41253,3751
41254,3556
41255,3698
41256,4118
41257,-1
41258,3676
41259,3633
41260,3515
41261,3325
41262,2971
41263,3672
41264,3526
41265,4206
41266,3205
41267,3805
41268,4386
41269,3625
41270,3501
41271,3092
41272,3597
41273,3208
41274,3144
41275,4253
41276,4778
41277,3049
41278,4007
41279,3546
41280,4501
41281,3875
41282,3921
41283,3412
41284,2788
41285,3607
41286,3855
41287,3973
41288,4026
41289,3305
41290,3502
41291,3429
41292,3795
41293,3304
41294,3756
41295,3381
41296,4449
41297,3950
41298,3752
41299,3517
41300,3427
41301,3787
41302,3478
41303,3606
41304,3044
41305,2872
41306,3803
41307,3071
41308,3867
41309,3682
41310,3883
41311,4038
41312,3123
41313,3283
41314,3988
41315,3823
41316,2872
41317,3688
41318,4104
41319,3694
41320,3876
41321,-1
41322,3821
41323,3084
41324,3804
41325,3358
41326,4276
41327,4041
41328,3421
41329,3865
41330,3799
41331,3603
41332,4279
41333,2766
41334,4273
41335,4070
41336,3232
41337,4171
41338,4002
41339,4397
41340,3757
41341,3648
41342,3685
41343,3891
41344,3261
41345,4136
41346,3656
41347,2542
41348,-1
41349,4105
41350,3159
41351,3347
41352,4264
41353,3629
41354,3702
41355,3854
41356,3616
41357,4176
41358,3506
41359,3062
41360,2838
41361,3285
41362,3644
41363,3698
41364,3500
41365,3523
41366,3412
41367,3553
41368,3292
41369,2804
41370,3346
41371,2954
41372,3872
41373,4609
41374,4044
41375,3656
41376,3673
41377,3100
41378,3975
41379,3333
41380,3492
41381,3147
41382,3945
41383,4260
41384,3671
41385,4650
41386,4181
41387,3409
41388,3470
41389,-1
41390,3951
41391,3496
41392,3063
41393,3828
41394,3444
41395,4242
41396,3600
41397,3468
41398,3479
41399,3842
41400,3227
41401,3279
41402,4007
41403,3003
41404,2083
41405,3076
41406,3768
41407,4042
41408,4028
41409,3006
41410,4305
41411,3016
41412,3797
41413,3754
41414,3656
41415,3377
41416,2720
41417,3797
41418,4348
41419,3566
41420,3163
41421,3587
41422,3206
41423,3879
41424,2984
41425,3683
41426,3660
41427,3843
41428,3137
41429,3586
41430,3533
41431,3754
41432,3500
41433,3242
41434,2993
41435,3950
41436,3104
41437,3390
41438,4401
41439,3851
41440,3680
41441,3172
41442,3823
41443,3422
41444,4575
41445,3617
41446,3628
41447,4696
41448,4246
41449,3528
41450,3793
41451,4196
41452,3481
41453,3179
41454,3386
41455,3487
41456,3507
41457,3591
41458,3761
41459,3602
41460,4262
41461,3658
41462,3787
41463,4106
41464,2804
41465,3469
41466,2472
41467,3394
41468,-1
41469,3603
41470,2796
41471,3825
41472,3159
41473,2932
41474,4483
41475,3508
41476,3456
41477,3472
41478,3588
41479,2874
41480,4042
41481,3197
41482,4143
41483,3786
41484,3380
41485,3869
41486,4571
41487,3560
41488,3537
41489,4030
41490,3380
41491,4160
41492,3850
41493,3620
41494,3782
41495,2807
41496,3800
41497,3730
41498,3342
41499,3781
41500,3896
41501,3469
41502,4174
41503,3620
41504,3830
41505,3885
41506,3505
41507,4495
41508,3825
41509,4044
41510,4750
41511,3329
41512,2755
41513,4009
41514,3116
41515,3858
41516,2916
41517,3065
41518,4483
41519,3364
41520,4291
41521,3812
41522,-1
41523,3165
41524,3663
41525,3356
41526,3657
41527,4045
41528,3498
41529,3763
41530,2894
41531,3637
41532,3803
41533,3507
41534,3952
41535,3738
41536,4160
41537,3694
41538,3889
41539,3176
41540,3107
41541,3156
41542,4083
41543,3639
41544,4018
41545,2956
41546,3673
41547,3220
41548,4415
41549,3331
41550,2756
41551,3822
41552,4275
41553,3578
41554,3319
41555,3999
41556,3584
41557,3511
41558,3756
41559,4333
41560,3424
41561,3187
41562,3333
41563,3532
41564,3481
41565,4004
41566,3872
41567,3432
41568,3154
41569,2875
41570,3502
41571,3449
41572,3779
41573,3087
41574,3827
41575,4310
41576,2965
41577,3293
41578,3168
41579,3642
41580,3472
41581,3473
41582,3741
41583,3292
41584,3154
41585,3830
41586,3443
41587,3160
41588,3615
41589,4396
41590,2944
41591,3820
41592,3044
41593,3289
41594,3298
41595,3247
41596,-1
41597,3712
41598,3405
41599,3268
41600,4005
41601,3225
41602,4101
41603,4065
41604,1830
41605,3524
41606,3879
41607,4277
41608,3731
41609,3429
41610,3245
41611,3658
41612,2776
41613,4238
41614,3446
41615,3010
41616,3055
41617,2728
41618,4066
41619,3221
41620,3321
41621,3479
41622,3506
41623,-1
41624,3840
41625,4956
41626,3342
41627,2561
41628,5339
41629,3549
41630,3931
41631,3753
41632,2904
41633,3729
41634,3060
41635,3804
41636,3280
41637,3560
41638,-1
41639,3593
41640,2906
41641,3723
41642,3694
41643,3594
41644,3380
41645,3793
41646,4310
41647,3746
41648,3370
41649,4085
41650,3637
41651,3433
41652,4104
41653,3959
41654,3533
41655,3200
41656,4226
41657,3741
41658,3058
41659,4036
41660,3575
41661,4134
41662,3141
41663,2972
41664,4050
41665,3461
41666,3570
41667,2882
41668,2617
41669,3437
41670,3494
41671,3915
41672,3891
41673,3875
41674,3177
41675,-1
41676,2768
41677,3732
41678,3763
41679,3742
41680,3225
41681,4729
41682,4032
41683,4370
41684,3335
41685,2716
41686,4045
41687,3435
41688,-1
41689,3868
41690,3832
41691,3302
41692,3222
41693,3744
41694,3715
41695,3591
41696,3310
41697,2636
41698,3365
41699,3179
41700,3774
41701,4107
41702,4043
41703,3783
41704,3276
41705,2608
41706,3787
41707,2794
41708,3574
41709,2924
41710,3483
41711,4550
41712,3985
41713,4145
41714,2916
41715,4656
41716,3783
41717,2742
41718,5283
41719,3893
41720,2794
41721,4079
41722,3543
41723,2749
41724,3551
41725,3929
41726,3613
41727,3980
41728,4109
41729,4233
41730,-1
41731,4025
41732,3543
41733,3815
41734,3225
41735,3205
41736,2835
41737,2955
41738,3687
41739,3988
41740,3955
41741,3603
41742,3681
41743,3853
41744,3575
41745,4183
41746,4349
41747,3732
41748,4011
41749,3295
41750,-1
41751,3022
41752,3777
41753,3563
41754,3205
41755,3462
41756,2886
41757,3366
41758,3576
41759,3098
41760,3588
41761,4763
41762,3822
41763,3601
41764,2500
41765,4520
41766,3640
41767,3777
41768,3769
41769,3914
41770,3257
41771,3245
41772,3977
41773,-1
41774,4889
41775,3356
41776,3198
41777,4621
41778,4183
41779,4016
41780,3305
41781,3444
41782,4182
41783,3631
41784,4301
41785,3080
41786,2674
41787,4061
41788,3085
41789,3154
41790,3612
41791,5451
41792,3377
41793,3979
41794,3467
41795,3955
41796,4571
41797,2576
41798,3701
41799,3634
41800,3936
41801,3667
41802,2406
41803,3379
41804,3531
41805,3701
41806,3612
41807,3565
41808,3289
41809,3483
41810,4005
41811,3966
41812,3488
41813,4173
41814,3451
41815,3933
41816,2457
41817,2943
41818,3355
41819,2566
41820,3699
41821,3317
41822,3234
41823,4625
41824,3488
41825,3874
41826,3703
41827,3576
41828,3564
41829,2837
41830,4107
41831,3823
41832,3399
41833,2913
41834,2748
41835,-1
41836,3924
41837,3414
41838,3213
41839,3023
41840,3046
41841,3912
41842,3443
41843,3149
41844,3505
41845,3448
41846,3805
41847,3400
41848,3449
41849,3488
41850,3454
41851,4025
41852,3234
41853,3927
41854,4238
41855,-1
41856,4614
41857,3196
41858,3876
41859,4035
41860,3124
41861,3825
41862,4776
41863,3527
41864,4343
41865,3875
41866,4007
41867,3279
41868,4031
41869,3818
41870,3827
41871,4054
41872,4029
41873,3223
41874,3990
41875,3467
41876,3228
41877,3877
41878,4740
41879,3590
41880,3241
41881,3288
41882,3463
41883,3069
41884,3989
41885,2970
41886,-1
41887,3488
41888,3672
41889,3397
41890,3827
41891,3673
41892,4607
41893,3227
41894,3057
41895,4513
41896,3955
41897,3347
41898,3472
41899,3273
41900,3216
41901,3653
41902,4162
41903,3627
41904,4453
41905,3611
41906,3239
41907,3282
41908,3227
41909,3285
41910,3920
41911,3344
41912,4721
41913,3816
41914,3452
41915,3555
41916,3292
41917,4455
41918,2559
41919,3301
41920,2922
41921,3612
41922,4269
41923,4418
41924,4177
41925,3246
41926,3572
41927,-1
41928,3871
41929,4743
41930,4101
41931,3902
41932,3120
41933,3169
41934,3543
41935,3378
41936,3935
41937,2883
41938,3892
41939,3087
41940,4170
41941,2325
41942,4186
41943,2973
41944,3352
41945,3521
41946,4068
41947,3651
41948,3235
41949,3708
41950,3979
41951,3639
41952,3549
41953,-1
41954,3176
41955,3509
41956,3370
41957,3655
41958,4275
41959,3062
41960,3542
41961,3720
41962,3575
41963,4028
41964,3676
41965,3046
41966,3706
41967,3915
41968,4041
41969,3516
41970,2801
41971,3080
41972,4097
41973,4077
41974,3019
41975,3494
41976,3937
41977,3460
41978,4085
41979,3360
41980,3619
41981,3357
41982,3673
41983,3436
41984,2782
41985,3287
41986,4223
41987,3755
41988,3266
41989,3663
41990,3274
41991,4134
41992,3860
41993,3807
41994,4690
41995,4144
41996,3374
41997,4230
41998,3973
41999,4190
42000,4017
42001,4711
42002,3829
42003,3513
42004,3844
42005,2997
42006,3760
42007,3338
42008,3977
42009,3740
42010,3562
42011,3220
42012,3687
42013,3365
42014,4428
42015,3143
42016,3589
42017,3548
42018,2678
42019,3204
42020,3547
42021,3942
42022,3807
42023,3116
42024,3407
42025,4592
42026,4131
42027,3218
42028,3406
42029,3892
42030,3155
42031,3886
42032,4196
42033,3493
42034,4065
42035,3146
42036,3193
42037,3970
42038,4754
42039,3944
42040,3971
42041,3058
42042,3988
42043,3349
42044,3353
42045,3267
42046,3755
42047,3253
42048,3503
42049,4226
42050,3384
42051,3729
42052,3681
42053,4095
42054,3517
42055,3722
42056,2826
42057,3456
42058,3884
42059,3330
42060,3865
42061,3977
42062,3367
42063,3294
42064,3786
42065,3765
42066,4484
42067,3470
42068,3428
42069,3545
42070,3564
42071,4168
42072,3807
42073,3639
42074,3999
42075,3356
42076,4148
42077,2646
42078,3770
42079,3810
42080,3585
42081,4766
42082,4210
42083,3089
42084,3588
42085,3761
42086,3218
42087,4347
42088,2914
42089,3471
42090,3692
42091,3892
42092,3615
42093,3390
42094,3845
42095,3679
42096,4334
42097,3221
42098,3020
42099,3922
42100,3725
42101,3737
42102,3075
42103,3679
42104,3647
42105,3638
42106,3054
42107,3742
42108,4460
42109,3928
42110,3517
42111,3742
42112,4216
42113,4034
42114,3834
42115,3735
42116,3528
42117,3464
42118,3526
42119,3015
42120,3158
42121,3568
42122,4137
42123,3776
42124,3111
42125,3374
42126,3734
42127,3738
42128,3557
42129,3476
42130,3470
42131,3995
42132,3331
42133,3602
42134,4530
42135,4280
42136,2951
42137,3503
42138,3720
42139,3311
42140,3416
42141,3813
42142,3308
42143,3906
42144,3996
42145,3524
42146,3429
42147,4343
42148,3848
42149,3310
42150,3750
42151,3344
42152,4476
42153,4351
42154,3718
42155,3827
42156,3759
42157,3550
42158,3621
42159,4229
42160,-1
42161,3824
42162,3657
42163,3591
42164,3476
42165,3746
42166,4390
42167,3813
42168,3656
42169,3777
42170,4065
42171,3879
42172,3655
42173,3691
42174,3559
42175,3304
42176,3660
42177,3802
42178,2629
42179,3665
42180,4175
42181,3032
42182,3157
42183,3365
42184,3378
42185,3321
42186,3452
42187,3360
42188,4009
42189,-1
42190,3662
42191,3723
42192,3387
42193,4486
42194,3359
42195,3759
42196,3314
42197,3468
42198,3823
42199,2849
42200,3773
42201,4030
42202,2855
42203,4682
42204,3798
42205,4377
42206,3916
42207,4523
42208,3985
42209,3494
42210,3877
42211,4083
42212,4108
42213,3195
42214,3693
42215,3093
42216,3085
42217,2656
42218,-1
42219,3474
42220,2991
42221,3038
42222,3578
42223,3716
42224,3339
42225,3332
42226,3772
42227,3688
42228,2404
42229,-1
42230,4049
42231,3812
42232,3622
42233,3841
42234,2935
42235,3561
42236,3423
42237,3937
42238,3588
42239,3417
42240,3420
42241,3645
42242,3504
42243,4191
42244,3971
42245,3449
42246,2527
42247,2773
42248,2931
42249,3083
42250,3731
42251,3320
42252,3587
42253,3874
42254,4011
42255,3971
42256,3782
42257,4551
42258,3478
42259,2980
42260,3479
42261,3910
42262,2983
42263,3595
42264,3465
42265,3712
42266,3663
42267,3922
42268,4045
42269,3630
42270,2741
42271,3296
42272,3066
42273,3722
42274,3760
42275,3624
42276,3587
42277,3877
42278,3898
42279,3125
42280,3314
42281,3281
42282,3306
42283,3327
42284,-1
42285,4574
42286,2854
42287,3674
42288,2618
42289,4015
42290,3336
42291,4009
42292,3052
42293,4145
42294,4274
42295,3561
42296,2801
42297,3386
42298,3932
42299,3646
42300,2083
42301,3449
42302,3610
42303,3318
42304,3569
42305,3652
42306,4375
42307,3153
42308,3596
42309,3582
42310,3575
42311,3100
42312,2444
42313,4573
42314,3967
42315,3800
42316,3178
42317,2969
42318,3416
42319,3399
42320,3495
42321,3565
42322,3585
42323,3385
42324,3600
42325,3568
42326,2706
42327,4218
42328,3630
42329,2951
42330,4646
42331,4120
42332,3577
42333,4201
42334,2778
42335,3408
42336,4257
42337,4576
42338,3726
42339,3856
42340,3327
42341,3811
42342,3308
42343,3570
42344,3729
42345,4015
42346,3471
42347,4293
42348,3334
42349,3746
42350,3694
42351,3270
42352,3482
42353,3565
42354,3901
42355,3943
42356,3507
42357,3683
42358,3393
42359,3685
42360,3777
42361,3388
42362,3307
42363,4065
42364,3139
42365,3157
42366,3400
42367,3873
42368,3067
42369,4315
42370,3447
42371,3540
42372,3476
42373,3114
42374,3713
42375,3891
42376,3605
42377,3497
42378,2869
42379,3444
42380,4457
42381,4333
42382,3603
42383,2619
42384,3837
42385,3131
42386,3981
42387,3375
42388,4514
42389,3288
42390,3519
42391,3265
42392,3482
42393,3638
42394,3687
42395,3441
42396,3652
42397,3722
42398,3505
42399,3447
42400,3644
42401,3992
42402,3584
42403,3355
42404,4040
42405,3003
42406,4042
42407,2979
42408,3525
42409,3780
42410,3367
42411,3789
42412,3274
42413,3732
42414,4572
42415,4344
42416,4262
42417,2790
42418,3594
42419,3631
42420,3202
42421,3838
42422,3887
42423,3532
42424,3765
42425,3177
42426,4099
42427,4040
42428,3750
42429,3698
42430,3676
42431,-1
42432,3306
42433,3002
42434,3848
42435,4012
42436,3256
42437,3631
42438,3421
42439,3752
42440,3883
42441,3503
42442,4246
42443,4216
42444,2711
42445,3543
42446,3597
42447,3363
42448,2747
42449,4279
42450,-1
42451,3825
42452,3273
42453,3591
42454,3745
42455,3475
42456,3843
42457,3884
42458,3902
42459,3059
42460,3205
42461,3435
42462,4362
42463,3692
42464,3621
42465,3605
42466,4718
42467,3433
42468,3970
42469,3112
42470,3504
42471,3517
42472,3345
42473,3527
42474,3524
42475,3054
42476,3261
42477,3320
42478,3400
42479,3611
42480,3098
42481,3706
42482,3949
42483,4124
42484,2662
42485,3898
42486,3013
42487,4505
42488,3679
42489,3700
42490,3735
42491,4112
42492,4807
42493,4830
42494,4669
42495,3334
42496,2887
42497,3119
42498,3759
42499,4004
42500,3209
42501,4173
42502,3493
42503,3218
42504,2505
42505,3552
42506,2777
42507,4040
42508,3897
42509,3328
42510,3115
42511,4756
42512,3644
42513,3599
42514,4632
42515,3886
42516,4047
42517,3727
42518,2814
42519,3812
42520,3350
42521,3630
42522,2711
42523,3412
42524,3721
42525,4595
42526,3308
42527,3701
42528,3412
42529,2981
42530,3480
42531,4409
42532,3669
42533,3701
42534,3471
42535,3467
42536,4310
42537,2998
42538,3476
42539,4723
42540,3322
42541,3810
42542,3580
42543,3487
42544,3037
42545,3619
42546,3440
42547,3598
42548,3625
42549,3520
42550,3089
42551,3741
42552,3827
42553,3440
42554,4539
42555,3643
42556,3357
42557,3649
42558,3086
42559,3522
42560,3472
42561,4109
42562,4076
42563,2747
42564,3351
42565,3480
42566,3117
42567,3918
42568,3548
42569,3617
42570,3026
42571,3142
42572,-1
42573,3824
42574,3377
42575,3803
42576,4047
42577,3908
42578,3628
42579,3559
42580,3636
42581,3311
42582,3370
42583,3784
42584,4199
42585,3888
42586,3333
42587,2994
42588,4025
42589,2649
42590,3616
42591,3580
42592,3992
42593,4065
42594,3919
42595,3379
42596,4011
42597,3069
42598,4084
42599,4190
42600,3096
42601,3544
42602,3554
42603,3450
42604,4256
42605,3670
42606,3601
42607,3794
42608,4306
42609,2962
42610,-1
42611,2982
42612,2764
42613,4047
42614,4045
42615,3173
42616,3672
42617,3336
42618,3348
42619,3385
42620,4511
42621,4066
42622,3461
42623,2873
42624,4752
42625,4067
42626,3352
42627,4089
42628,4495
42629,3802
42630,2943
42631,3231
42632,3521
42633,3364
42634,3577
42635,3307
42636,3704
42637,4876
42638,3860
42639,3538
42640,4045
42641,3510
42642,3696
42643,3812
42644,3841
42645,3539
42646,4119
42647,4470
42648,3371
42649,3386
42650,3817
42651,3302
42652,3482
42653,3456
42654,-1
42655,3896
42656,4092
42657,3567
42658,4039
42659,3147
42660,4266
42661,3393
42662,3180
42663,3880
42664,3806
42665,3433
42666,3556
42667,3864
42668,2730
42669,3937
42670,3718
42671,3525
42672,3674
42673,3765
42674,3149
42675,2960
42676,2915
42677,3691
42678,3619
42679,3327
42680,4259
42681,3353
42682,3792
42683,3767
42684,3726
42685,3270
42686,3716
42687,3842
42688,4447
42689,3790
42690,4051
42691,3825
42692,4410
42693,4156
42694,3580
42695,3356
42696,-1
42697,4234
42698,3159
42699,4200
42700,2916
42701,3679
42702,3719
42703,2942
42704,3902
42705,3492
42706,3675
42707,3872
42708,3257
42709,4145
42710,3790
42711,3685
42712,3124
42713,3826
42714,3174
42715,4096
42716,3671
42717,3104
42718,4340
42719,3586
42720,3485
42721,3351
42722,3644
42723,4252
42724,3911
42725,3125
42726,3398
42727,-1
42728,2813
42729,4001
42730,3624
42731,3587
42732,3588
42733,3256
42734,3483
42735,3574
42736,3446
42737,3327
42738,3617
42739,3687
42740,3853
42741,2917
42742,3584
42743,3683
42744,3801
42745,3859
42746,4190
42747,4644
42748,3552
42749,3676
42750,3499
42751,3501
42752,3418
42753,2948
42754,3559
42755,3293
42756,3504
42757,3410
42758,3352
42759,4067
42760,3467
42761,3767
42762,3254
42763,4036
42764,2920
42765,3948
42766,3057
42767,3465
42768,3773
42769,4036
42770,3826
42771,3774
42772,4584
42773,3192
42774,3727
42775,-1
42776,3262
42777,3555
42778,3451
42779,4384
42780,3810
42781,3982
42782,4174
42783,3889
42784,3703
42785,3472
42786,3484
42787,4406
42788,3806
42789,3182
42790,3793
42791,4045
42792,3370
42793,-1
42794,3724
42795,3687
42796,3336
42797,3503
42798,4038
42799,4055
42800,4192
42801,3638
42802,3930
42803,4686
42804,3503
42805,3813
42806,3340
42807,3243
42808,3475
42809,3742
42810,3571
42811,3391
42812,3553
42813,4395
42814,3549
42815,4416
42816,4010
42817,4051
42818,3357
42819,3408
42820,2598
42821,4192
42822,4213
42823,3219
42824,4481
42825,3904
42826,3245
42827,3621
42828,3683
42829,2302
42830,3343
42831,3460
42832,4068
42833,2835
42834,4144
42835,3912
42836,3493
42837,2975
42838,3103
42839,3423
42840,4183
42841,4431
42842,-1
42843,3610
42844,3853
42845,3917
42846,3738
42847,3454
42848,3658
42849,4235
42850,3791
42851,3317
42852,3451
42853,3581
42854,3232
42855,3334
42856,3869
42857,3039
42858,3788
42859,4733
42860,4056
42861,3782
42862,4039
42863,3823
42864,4445
42865,3254
42866,3831
42867,3503
42868,3736
42869,3742
42870,3666
42871,3269
42872,3818
42873,3313
42874,4485
42875,3558
42876,3960
42877,3553
42878,4947
42879,2901
42880,2744
42881,3772
42882,3173
42883,3861
42884,3644
42885,4592
42886,3720
42887,3123
42888,3887
42889,3488
42890,3823
42891,3227
42892,3446
42893,3216
42894,3647
42895,3660
42896,4145
42897,3749
42898,3289
42899,3395
42900,3473
42901,4459
42902,3924
42903,3692
42904,3259
42905,3385
42906,4565
42907,3703
42908,3784
42909,2137
42910,4192
42911,3500
42912,2967
42913,3654
42914,4213
42915,2677
42916,3809
42917,2758
42918,3262
42919,4353
42920,2870
42921,2953
42922,3797
42923,3161
42924,4115
42925,3205
42926,4482
42927,3843
42928,3548
42929,2988
42930,2759
42931,3663
42932,3488
42933,4023
42934,2900
42935,3154
42936,2478
42937,3828
42938,2678
42939,3562
42940,3147
42941,3396
42942,3268
42943,4123
42944,3041
42945,-1
42946,3702
42947,2863
42948,3822
42949,3629
42950,3996
42951,3644
42952,3128
42953,3782
42954,4332
42955,3906
42956,3613
42957,3683
42958,3395
42959,3305
42960,3169
42961,3612
42962,3292
42963,3400
42964,3467
42965,4094
42966,4259
42967,3077
42968,3355
42969,3073
42970,3762
42971,3456
42972,3831
42973,3463
42974,3588
42975,3448
42976,3268
42977,3661
42978,3561
42979,3583
42980,3775
42981,3375
42982,3155
42983,3743
42984,3470
42985,3401
42986,4038
42987,3751
42988,3410
42989,3653
42990,4114
42991,4192
42992,4080
42993,3569
42994,3032
42995,3458
42996,3577
42997,3931
42998,3895
42999,3982
43000,-1
43001,4288
43002,3570
43003,4081
43004,3424
43005,3099
43006,3288
43007,3571
43008,3558
43009,3730
43010,3027
43011,3676
43012,3471
43013,3219
43014,4340
43015,3868
43016,3315
43017,3583
43018,3796
43019,3901
43020,3771
43021,3741
43022,3687
43023,3186
43024,3219
43025,4105
43026,3695
43027,3595
43028,3457
43029,3609
43030,3451
43031,2879
43032,4311
43033,3589
43034,3617
43035,3406
43036,3911
43037,3562
43038,3750
43039,3213
43040,4017
43041,3368
43042,4181
43043,3630
43044,3707
43045,4062
43046,4091
43047,3666
43048,3586
43049,3140
43050,4008
43051,2981
43052,3704
43053,3961
43054,3079
43055,3603
43056,-1
43057,2686
43058,2930
43059,3792
43060,3184
43061,3388
43062,3206
43063,3829
43064,3276
43065,3351
43066,3327
43067,4034
43068,3898
43069,3058
43070,3567
43071,3497
43072,3730
43073,3430
43074,3531
43075,2817
43076,3706
43077,3545
43078,3641
43079,3365
43080,3264
43081,3386
43082,3180
43083,3592
43084,2892
43085,4330
43086,3842
43087,3134
43088,3671
43089,4644
43090,3459
43091,4098
43092,2869
43093,3331
43094,3787
43095,3894
43096,3177
43097,3664
43098,3626
43099,3563
43100,3451
43101,3447
43102,3660
43103,4337
43104,3782
43105,3482
43106,3559
43107,3842
43108,3121
43109,3472
43110,3674
43111,4376
43112,3978
43113,3386
43114,3805
43115,3450
43116,3756
43117,3276
43118,4424
43119,3660
43120,3709
43121,3644
43122,3315
43123,3979
43124,3471
43125,3214
43126,3268
43127,3748
43128,2967
43129,4608
43130,3201
43131,3551
43132,3110
43133,3656
43134,3805
43135,3210
43136,2510
43137,3529
43138,3869
43139,3608
43140,3477
43141,3866
43142,3391
43143,4093
43144,3273
43145,3083
43146,3334
43147,3382
43148,3906
43149,3525
43150,3054
43151,3614
43152,2907
43153,3979
43154,3851
43155,3399
43156,4157
43157,3946
43158,3845
43159,3191
43160,1984
43161,3206
43162,3824
43163,3890
43164,4645
43165,4168
43166,4479
43167,3578
43168,4181
43169,3783
43170,3877
43171,4014
43172,3611
43173,3251
43174,3397
43175,2987
43176,2409
43177,3548
43178,3556
43179,3584
43180,4135
43181,4518
43182,3040
43183,4337
43184,3455
43185,3363
43186,3516
43187,3261
43188,3686
43189,3931
43190,3398
43191,3706
43192,4000
43193,3457
43194,4275
43195,3220
43196,4093
43197,3537
43198,4131
43199,3491
43200,3370
43201,3628
43202,4282
43203,4681
43204,3519
43205,3897
43206,3115
43207,4024
43208,5432
43209,4858
43210,3853
43211,3476
43212,3610
43213,3547
43214,3543
43215,4006
43216,3603
43217,3888
43218,3845
43219,5355
43220,4551
43221,3869
43222,2784
43223,3200
43224,3471
43225,3084
43226,3297
43227,3271
43228,3731
43229,4037
43230,3535
43231,3751
43232,3454
43233,4607
43234,5136
43235,4223
43236,2450
43237,3524
43238,3383
43239,2747
43240,3645
43241,3438
43242,4180
43243,3877
43244,3261
43245,3921
43246,3645
43247,4449
43248,3751
43249,3125
43250,3291
43251,3854
43252,4242
43253,3389
43254,3341
43255,3736
43256,3225
43257,4112
43258,3375
43259,3375
43260,4138
43261,3470
43262,3405
43263,3644
43264,3591
43265,3437
43266,3865
43267,3259
43268,3233
43269,4149
43270,2902
43271,3709
43272,3552
43273,3754
43274,4325
43275,3740
43276,3410
43277,2979
43278,3970
43279,3785
43280,3720
43281,3870
43282,3842
43283,3459
43284,3340
43285,3300
43286,3020
43287,3029
43288,-1
43289,3970
43290,3773
43291,2718
43292,3932
43293,3885
43294,3138
43295,3705
43296,3181
43297,3424
43298,3667
43299,3190
43300,3223
43301,3570
43302,4090
43303,3132
43304,3527
43305,3442
43306,-1
43307,3865
43308,3141
43309,2526
43310,3289
43311,3494
43312,4369
43313,3493
43314,2302
43315,4206
43316,3480
43317,3454
43318,3911
43319,4190
43320,4802
43321,3025
43322,3491
43323,4184
43324,3218
43325,3685
43326,2452
43327,3878
43328,4130
43329,2110
43330,3935
43331,3079
43332,3033
43333,3286
43334,3626
43335,3687
43336,4537
43337,3400
43338,3651
43339,4154
43340,4285
43341,3877
43342,2907
43343,2572
43344,3982
43345,3235
43346,3054
43347,3824
43348,4376
43349,3875
43350,3622
43351,4568
43352,3265
43353,3688
43354,-1
43355,3293
43356,3613
43357,4151
43358,5043
43359,3946
43360,3500
43361,3895
43362,3919
43363,3666
43364,4071
43365,3474
43366,3173
43367,3307
43368,3706
43369,2219
43370,3403
43371,4020
43372,3964
43373,3105
43374,3373
43375,4299
43376,3097
43377,2557
43378,3848
43379,4399
43380,3475
43381,3031
43382,3274
43383,3968
43384,3722
43385,3461
43386,3284
43387,4012
43388,2909
43389,3358
43390,3854
43391,3680
43392,3713
43393,3827
43394,3403
43395,4540
43396,3003
43397,3613
43398,3479
43399,4506
43400,3443
43401,3719
43402,2412
43403,3305
43404,3457
43405,-1
43406,3305
43407,3812
43408,3842
43409,3190
43410,3338
43411,4220
43412,3539
43413,4042
43414,3715
43415,3431
43416,3896
43417,3543
43418,4074
43419,3706
43420,3205
43421,4083
43422,3455
43423,3384
43424,3313
43425,3039
43426,3364
43427,4199
43428,4433
43429,3944
43430,4660
43431,4264
43432,4080
43433,3488
43434,2848
43435,3853
43436,3795
43437,3695
43438,3592
43439,4282
43440,3112
43441,4148
43442,2634
43443,4342
43444,3570
43445,3541
43446,3490
43447,3381
43448,4305
43449,3548
43450,3844
43451,3119
43452,3553
43453,3834
43454,3312
43455,3464
43456,4295
43457,3689
43458,3648
43459,3582
43460,3157
43461,4118
43462,3878
43463,3900
43464,4172
43465,4715
43466,3492
43467,3661
43468,3370
43469,3454
43470,3553
43471,3537
43472,4063
43473,3790
43474,3122
43475,3628
43476,3613
43477,3938
43478,3010
43479,3292
43480,3982
43481,3585
43482,4662
43483,3360
43484,2971
43485,4205
43486,3300
43487,2972
43488,4700
43489,3553
43490,3959
43491,3642
43492,3629
43493,3573
43494,3246
43495,3194
43496,4349
43497,2922
43498,3697
43499,3774
43500,3611
43501,3297
43502,3105
43503,4077
43504,3494
43505,3907
43506,3106
43507,2709
43508,3448
43509,3720
43510,4111
43511,3661
43512,3709
43513,4489
43514,3931
43515,3865
43516,3257
43517,3847
43518,3963
43519,3873
43520,4290
43521,2745
43522,3951
43523,3830
43524,3335
43525,2820
43526,3873
43527,3115
43528,3473
43529,3890
43530,4554
43531,2973
43532,3347
43533,3515
43534,3688
43535,3602
43536,3579
43537,3400
43538,3653
43539,3809
43540,3815
43541,3105
43542,3607
43543,3710
43544,3774
43545,-1
43546,-1
43547,3451
43548,3728
43549,3647
43550,3000
43551,4011
43552,3858
43553,3044
43554,4281
43555,3874
43556,3744
43557,3832
43558,3765
43559,3511
43560,3467
43561,3671
43562,4029
43563,3798
43564,4115
43565,3914
43566,3988
43567,3174
43568,3953
43569,3842
43570,3881
43571,1495
43572,2873
43573,4026
43574,3582
43575,3584
43576,3172
43577,3783
43578,3916
43579,2555
43580,3432
43581,3065
43582,3777
43583,3842
43584,4052
43585,3386
43586,3599
43587,3641
43588,3793
43589,3644
43590,3528
43591,3860
43592,3332
43593,3417
43594,3644
43595,3133
43596,3831
43597,-1
43598,4161
43599,3898
43600,3441
43601,-1
43602,3780
43603,4265
43604,3024
43605,3632
43606,3663
43607,3349
43608,3492
43609,3620
43610,3917
43611,2968
43612,3540
43613,2967
43614,3421
43615,3040
43616,4701
43617,3186
43618,3543
43619,4283
43620,3791
43621,3708
43622,3589
43623,3238
43624,4088
43625,3211
43626,3439
43627,2651
43628,3692
43629,3443
43630,3264
43631,4196
43632,3148
43633,2862
43634,3955
43635,3278
43636,4139
43637,4050
43638,3446
43639,-1
43640,3721
43641,3557
43642,3607
43643,4065
43644,4761
43645,2959
43646,3675
43647,3762
43648,3506
43649,3421
43650,2934
43651,3884
43652,3184
43653,3875
43654,3856
43655,3738
43656,3167
43657,3101
43658,3534
43659,3270
43660,3666
43661,3445
43662,3336
43663,3654
43664,3017
43665,3438
43666,3698
43667,3232
43668,3629
43669,3486
43670,3532
43671,3123
43672,3513
43673,3748
43674,2872
43675,3739
43676,3579
43677,3428
43678,3279
43679,3293
43680,2695
43681,3299
43682,3381
43683,3940
43684,3501
43685,3479
43686,4035
43687,3438
43688,4361
43689,3583
43690,3052
43691,3339
43692,3356
43693,3444
43694,3752
43695,3608
43696,3247
43697,4010
43698,3634
43699,4195
43700,3667
43701,3288
43702,4029
43703,2979
43704,3997
43705,3405
43706,3555
43707,3589
43708,3545
43709,3349
43710,3239
43711,3384
43712,2840
43713,3628
43714,-1
43715,4366
43716,3226
43717,3340
43718,3570
43719,3910
43720,3687
43721,3262
43722,3691
43723,3756
43724,3340
43725,-1
43726,4798
43727,3502
43728,3812
43729,3075
43730,3655
43731,2984
43732,3428
43733,3962
43734,-1
43735,3890
43736,3339
43737,3680
43738,3417
43739,-1
43740,3484
43741,4126
43742,3624
43743,4057
43744,4130
43745,2839
43746,3719
43747,4470
43748,4154
43749,2705
43750,3519
43751,3213
43752,3259
43753,3384
43754,3982
43755,3323
43756,3291
43757,3975
43758,3648
43759,3614
43760,2974
43761,3831
43762,3114
43763,3545
43764,3852
43765,3505
43766,3139
43767,3780
43768,3370
43769,2826
43770,3935
43771,4059
43772,3945
43773,4076
43774,3682
43775,2987
43776,3389
43777,2822
43778,4154
43779,4425
43780,3916
43781,3179
43782,3091
43783,3598
43784,3325
43785,3536
43786,3317
43787,3782
43788,2797
43789,3716
43790,3402
43791,3675
43792,3637
43793,3446
43794,3513
43795,3251
43796,3568
43797,3533
43798,3056
43799,3320
43800,3157
43801,4038
43802,2917
43803,3976
43804,3790
43805,3383
43806,4156
43807,3354
43808,4365
43809,3700
43810,4622
43811,3825
43812,3534
43813,3465
43814,3432
43815,3747
43816,3883
43817,4236
43818,3904
43819,3086
43820,3751
43821,3797
43822,3265
43823,2492
43824,3469
43825,2650
43826,4292
43827,3889
43828,4022
43829,2919
43830,3695
43831,4289
43832,3164
43833,4599
43834,3519
43835,3465
43836,4091
43837,3357
43838,3550
43839,3202
43840,3655
43841,2633
43842,3356
43843,3470
43844,3913
43845,3505
43846,3188
43847,3363
43848,3278
43849,3466
43850,3275
43851,2331
43852,2724
43853,3383
43854,3851
43855,3354
43856,3477
43857,3878
43858,4140
43859,-1
43860,3338
43861,3774
43862,2779
43863,3624
43864,3644
43865,3422
43866,4061
43867,1569
43868,3300
43869,3272
43870,3816
43871,3570
43872,3874
43873,2815
43874,2895
43875,3406
43876,3209
43877,4343
43878,2503
43879,3059
43880,3499
43881,3379
43882,3842
43883,3505
43884,-1
43885,3202
43886,3459
43887,4153
43888,3207
43889,2810
43890,3942
43891,3971
43892,2997
43893,3438
43894,-1
43895,3869
43896,4154
43897,3525
43898,2640
43899,3428
43900,3823
43901,2871
43902,3463
43903,3036
43904,3754
43905,3737
43906,3753
43907,3127
43908,3506
43909,3198
43910,3454
43911,4046
43912,3530
43913,3664
43914,4407
43915,4065
43916,4342
43917,3286
43918,4312
43919,4174
43920,3631
43921,3365
43922,3205
43923,3521
43924,3429
43925,3698
43926,3666
43927,3557
43928,3636
43929,3367
43930,3382
43931,2827
43932,2540
43933,3927
43934,2517
43935,3656
43936,4142
43937,3318
43938,3209
43939,4019
43940,3402
43941,3718
43942,4795
43943,3542
43944,2988
43945,4034
43946,2958
43947,3628
43948,3886
43949,4901
43950,3580
43951,3845
43952,3225
43953,4029
43954,3442
43955,3424
43956,3446
43957,3438
43958,3614
43959,2542
43960,3520
43961,4003
43962,3377
43963,2978
43964,3811
43965,3515
43966,3811
43967,4138
43968,3354
43969,3471
43970,3736
43971,3420
43972,3490
43973,3731
43974,3278
43975,3852
43976,3739
43977,3465
43978,3767
43979,3721
43980,3555
43981,3764
43982,3366
43983,3074
43984,3750
43985,2641
43986,3740
43987,4520
43988,3221
43989,4009
43990,4197
43991,3110
43992,3633
43993,3342
43994,3589
43995,3959
43996,3709
43997,3615
43998,3369
43999,3268
44000,3558
44001,4207
44002,3842
44003,4712
44004,2942
44005,-1
44006,3945
44007,3186
44008,4280
44009,5562
44010,-1
44011,3526
44012,3515
44013,2958
44014,2638
44015,3415
44016,4344
44017,2927
44018,3721
44019,3493
44020,3508
44021,3499
44022,3757
44023,2372
44024,2783
44025,3670
44026,3140
44027,3980
44028,2225
44029,3322
44030,4185
44031,3989
44032,3917
44033,3083
44034,3805
44035,2826
44036,4028
44037,3634
44038,3923
44039,3363
44040,3625
44041,2724
44042,3501
44043,2230
44044,3698
44045,3834
44046,3445
44047,2941
44048,3979
44049,4286
44050,4184
44051,3535
44052,3387
44053,4092
44054,4165
44055,3943
44056,4071
44057,3551
44058,4053
44059,2979
44060,3373
44061,3158
44062,3497
44063,-1
44064,3543
44065,2645
44066,3741
44067,3248
44068,2741
44069,3591
44070,3866
44071,3247
44072,3868
44073,3415
44074,4933
44075,3711
44076,3822
44077,3750
44078,3532
44079,3421
44080,3421
44081,3596
44082,3687
44083,3472
44084,3101
44085,3914
44086,3559
44087,4185
44088,3626
44089,3234
44090,3355
44091,3670
44092,3870
44093,3828
44094,4468
44095,4033
44096,4401
44097,3573
44098,4144
44099,3842
44100,3161
44101,4269
44102,4795
44103,3514
44104,2958
44105,3775
44106,3546
44107,3874
44108,3936
44109,3664
44110,3405
44111,3257
44112,3284
44113,3538
44114,3458
44115,3894
44116,3680
44117,3566
44118,3736
44119,3827
44120,3280
44121,3205
44122,3929
44123,3446
44124,3243
44125,3734
44126,3445
44127,3674
44128,3639
44129,3714
44130,2577
44131,3060
44132,3122
44133,2556
44134,3092
44135,4104
44136,3553
44137,2874
44138,4317
44139,3658
44140,3956
44141,3274
44142,4204
44143,3530
44144,3565
44145,3812
44146,3525
44147,3596
44148,3430
44149,4140
44150,3666
44151,2753
44152,3522
44153,3463
44154,4069
44155,3756
44156,4171
44157,3551
44158,3666
44159,2924
44160,3126
44161,3690
44162,3409
44163,4854
44164,3824
44165,4519
44166,3589
44167,3494
44168,3604
44169,3335
44170,3412
44171,3750
44172,2889
44173,3702
44174,3583
44175,3271
44176,2686
44177,3345
44178,3466
44179,3568
44180,2907
44181,3636
44182,3035
44183,4490
44184,-1
44185,3658
44186,3166
44187,3669
44188,3416
44189,4125
44190,4248
44191,4014
44192,3310
44193,3759
44194,3055
44195,3443
44196,3730
44197,-1
44198,2981
44199,3925
44200,4203
44201,3684
44202,3913
44203,3905
44204,3313
44205,3490
44206,2298
44207,3827
44208,3560
44209,3644
44210,4598
44211,3759
44212,3156
44213,3764
44214,3121
44215,3555
44216,3271
44217,-1
44218,3881
44219,3291
44220,3825
44221,3335
44222,3770
44223,4611
44224,3415
44225,3516
44226,3698
44227,4431
44228,-1
44229,3946
44230,3901
44231,3286
44232,4470
44233,3811
44234,2887
44235,3153
44236,4621
44237,3692
44238,3771
44239,3299
44240,3262
44241,4412
44242,3494
44243,3083
44244,3745
44245,3410
44246,-1
44247,2881
44248,3302
44249,3251
44250,4137
44251,3235
44252,3205
44253,4116
44254,3510
44255,3489
44256,3263
44257,4612
44258,3042
44259,3387
44260,3633
44261,3108
44262,4049
44263,3158
44264,3351
44265,3866
44266,3878
44267,3781
44268,3876
44269,3121
44270,3259
44271,3701
44272,2353
44273,3724
44274,3396
44275,3185
44276,3245
44277,3420
44278,3322
44279,2748
44280,3475
44281,3701
44282,4612
44283,4711
44284,3417
44285,3542
44286,3654
44287,3773
44288,3450
44289,4099
44290,3758
44291,3780
44292,3883
44293,3222
44294,3678
44295,3576
44296,3840
44297,3187
44298,3915
44299,3226
44300,3168
44301,3020
44302,4672
44303,3023
44304,2768
44305,4030
44306,3945
44307,3263
44308,4244
44309,3674
44310,4390
44311,4887
44312,4089
44313,3166
44314,3417
44315,3161
44316,2746
44317,3506
44318,3655
44319,3861
44320,3609
44321,4296
44322,3542
44323,4965
44324,4270
44325,3119
44326,3896
44327,3022
44328,3498
44329,3813
44330,3466
44331,2817
44332,3225
44333,4282
44334,3946
44335,3481
44336,-1
44337,3618
44338,3423
44339,3555
44340,4940
44341,4753
44342,2962
44343,3232
44344,4318
44345,3550
44346,3892
44347,4538
44348,4069
44349,4155
44350,3525
44351,4386
44352,3999
44353,3775
44354,2909
44355,-1
44356,3470
44357,3707
44358,2929
44359,3284
44360,3825
44361,2867
44362,3482
44363,3706
44364,4218
44365,2876
44366,2719
44367,4456
44368,3827
44369,3678
44370,3401
44371,4312
44372,4467
44373,3297
44374,3248
44375,3738
44376,3530
44377,3394
44378,4018
44379,3144
44380,3497
44381,4004
44382,3605
44383,4217
44384,3734
44385,3145
44386,3297
44387,4338
44388,3416
44389,3613
44390,2792
44391,3336
44392,3988
44393,4655
44394,2152
44395,3235
44396,3243
44397,3364
44398,3250
44399,3447
44400,3107
44401,3839
44402,3012
44403,3012
44404,4050
44405,3700
44406,3668
44407,3168
44408,3716
44409,3756
44410,3398
44411,4161
44412,3986
44413,4330
44414,3294
44415,-1
44416,4002
44417,3542
44418,3955
44419,3585
44420,3236
44421,3638
44422,3660
44423,3340
44424,2215
44425,3814
44426,3788
44427,3053
44428,3656
44429,2726
44430,3971
44431,3884
44432,2669
44433,3653
44434,3563
44435,3375
44436,3227
44437,3823
44438,3854
44439,3225
44440,4314
44441,4210
44442,3873
44443,3815
44444,3589
44445,4638
44446,3388
44447,3908
44448,3752
44449,3739
44450,3781
44451,3107
44452,3251
44453,3692
44454,3964
44455,3792
44456,3725
44457,3204
44458,3176
44459,2549
44460,3401
44461,3825
44462,3755
44463,3276
44464,-1
44465,4012
44466,4429
44467,3928
44468,3433
44469,3377
44470,3242
44471,3770
44472,3355
44473,4140
44474,3562
44475,2681
44476,4941
44477,4306
44478,4542
44479,4260
44480,4043
44481,3394
44482,3810
44483,3075
44484,3652
44485,3722
44486,3773
44487,3464
44488,4235
44489,3810
44490,3302
44491,3873
44492,4003
44493,3270
44494,3453
44495,4160
44496,3516
44497,3415
44498,3498
44499,4446
44500,3537
44501,-1
44502,3689
44503,3217
44504,3064
44505,3327
44506,3578
44507,3683
44508,3658
44509,3679
44510,3810
44511,2609
44512,3904
44513,3124
44514,3604
44515,3063
44516,3417
44517,3569
44518,2934
44519,3149
44520,3559
44521,4000
44522,3692
44523,3336
44524,4015
44525,3268
44526,3686
44527,3455
44528,3171
44529,3452
44530,3522
44531,2845
44532,3542
44533,3390
44534,3648
44535,3419
44536,3094
44537,4147
44538,4233
44539,3251
44540,3861
44541,3457
44542,3280
44543,3422
44544,3743
44545,3346
44546,3620
44547,3863
44548,3149
44549,2998
44550,4321
44551,4061
44552,3768
44553,3565
44554,2997
44555,3775
44556,3323
44557,3247
44558,3620
44559,3798
44560,3845
44561,2438
44562,3350
44563,3789
44564,3388
44565,3870
44566,3630
44567,2810
44568,4347
44569,3224
44570,4232
44571,3871
44572,3891
44573,3334
44574,-1
44575,3511
44576,3264
44577,3641
44578,3304
44579,3592
44580,3666
44581,4775
44582,4302
44583,3669
44584,3408
44585,3720
44586,3545
44587,3772
44588,3638
44589,3575
44590,3511
44591,3340
44592,3742
44593,3025
44594,3256
44595,4080
44596,4094
44597,3054
44598,4041
44599,3512
44600,3436
44601,3628
44602,2554
44603,3982
44604,3295
44605,3797
44606,4383
44607,4002
44608,2692
44609,3911
44610,3924
44611,3595
44612,3855
44613,3142
44614,3583
44615,2612
44616,4113
44617,3341
44618,3422
44619,3855
44620,3946
44621,3534
44622,3598
44623,3609
44624,3449
44625,3690
44626,2936
44627,3519
44628,3745
44629,4094
44630,3226
44631,2801
44632,3329
44633,3630
44634,5336
44635,3563
44636,2707
44637,4105
44638,4291
44639,3488
44640,3083
44641,3005
44642,3765
44643,3170
44644,3262
44645,3022
44646,3172
44647,4305
44648,3557
44649,4428
44650,3359
44651,3384
44652,-1
44653,3188
44654,2813
44655,3856
44656,4111
44657,3800
44658,3986
44659,3961
44660,3650
44661,3055
44662,3160
44663,3352
44664,3216
44665,3670
44666,3935
44667,3388
44668,3693
44669,-1
44670,3909
44671,2867
44672,3154
44673,3722
44674,3506
44675,3278
44676,2887
44677,3974
44678,3822
44679,2892
44680,3407
44681,3837
44682,3195
44683,3770
44684,3194
44685,3709
44686,3179
44687,-1
44688,3052
44689,4195
44690,3410
44691,3642
44692,3450
44693,-1
44694,3933
44695,3642
44696,4134
44697,3240
44698,2945
44699,3709
44700,3372
44701,3280
44702,3412
44703,3299
44704,3583
44705,3003
44706,4487
44707,3876
44708,3615
44709,-1
44710,3397
44711,2922
44712,3378
44713,3981
44714,3879
44715,3942
44716,3504
44717,3844
44718,3747
44719,3600
44720,3296
44721,3452
44722,4011
44723,3594
44724,2891
44725,3641
44726,3798
44727,3458
44728,3193
44729,4512
44730,3033
44731,3279
44732,3658
44733,4213
44734,3534
44735,3837
44736,3436
44737,3786
44738,3154
44739,3206
44740,3499
44741,3208
44742,3110
44743,3428
44744,3101
44745,3985
44746,3582
44747,4025
44748,3262
44749,3925
44750,3456
44751,3691
44752,3364
44753,3467
44754,2613
44755,3262
44756,3881
44757,3628
44758,3199
44759,4727
44760,3984
44761,3031
44762,3579
44763,3321
44764,3283
44765,4212
44766,3764
44767,3240
44768,3484
44769,3235
44770,3877
44771,3774
44772,3309
44773,2617
44774,4339
44775,3590
44776,3652
44777,3323
44778,3517
44779,3972
44780,3544
44781,4422
44782,3613
44783,3516
44784,4419
44785,4349
44786,3620
44787,3484
44788,3896
44789,3478
44790,3396
44791,3892
44792,3868
44793,3119
44794,3628
44795,3248
44796,4293
44797,3375
44798,3695
44799,2829
44800,3452
44801,3367
44802,3813
44803,3754
44804,3268
44805,3697
44806,3385
44807,3709
44808,3213
44809,3554
44810,3722
44811,3809
44812,4298
44813,3275
44814,3490
44815,2992
44816,4555
44817,3359
44818,3842
44819,3761
44820,2750
44821,2666
44822,3578
44823,3806
44824,3715
44825,3492
44826,3863
44827,3843
44828,3691
44829,3683
44830,3737
44831,3935
44832,2764
44833,3658
44834,4448
44835,3731
44836,3732
44837,3645
44838,4045
44839,3835
44840,3258
44841,3396
44842,3581
44843,3012
44844,3470
44845,-1
44846,2528
44847,4358
44848,3725
44849,3291
44850,3911
44851,4127
44852,3529
44853,3414
44854,3975
44855,4474
44856,3542
44857,3288
44858,2080
44859,3370
44860,3175
44861,3000
44862,3731
44863,3677
44864,3720
44865,3936
44866,4350
44867,3580
44868,3519
44869,3782
44870,4008
44871,3328
44872,3322
44873,4249
44874,3861
44875,3556
44876,4563
44877,3694
44878,3680
44879,-1
44880,2890
44881,2622
44882,3957
44883,3418
44884,3365
44885,3935
44886,3931
44887,3276
44888,3075
44889,3432
44890,3412
44891,2681
44892,3494
44893,4179
44894,3437
44895,3650
44896,3851
44897,3990
44898,2914
44899,3516
44900,3209
44901,2914
44902,3483
44903,3206
44904,2838
44905,3222
44906,2781
44907,2429
44908,4008
44909,4009
44910,3939
44911,3323
44912,3957
44913,3874
44914,3092
44915,3893
44916,3646
44917,3329
44918,3541
44919,4044
44920,4554
44921,3334
44922,4089
44923,3958
44924,3885
44925,3005
44926,3958
44927,3506
44928,3803
44929,3381
44930,3644
44931,3766
44932,2676
44933,3636
44934,3869
44935,3555
44936,3714
44937,4906
44938,3853
44939,3829
44940,3891
44941,3688
44942,3640
44943,3879
44944,3721
44945,4420
44946,3296
44947,2937
44948,3785
44949,3158
44950,3758
44951,3990
44952,3750
44953,3601
44954,3299
44955,3353
44956,3356
44957,3654
44958,4092
44959,4740
44960,5097
44961,4109
44962,3358
44963,3753
44964,3693
44965,4238
44966,3186
44967,3948
44968,3738
44969,3782
44970,2943
44971,3594
44972,3901
44973,4500
44974,3548
44975,2618
44976,4089
44977,3907
44978,3891
44979,4283
44980,3302
44981,3784
44982,3771
44983,3528
44984,2920
44985,2696
44986,2843
44987,4204
44988,3780
44989,3594
44990,3375
44991,2908
44992,2920
44993,3427
44994,3465
44995,3703
44996,3469
44997,3630
44998,4255
44999,4349
45000,3388
45001,3302
45002,2579
45003,3715
45004,3535
45005,3107
45006,3064
45007,4165
45008,3202
45009,3611
45010,3301
45011,3484
45012,3762
45013,3124
45014,4220
45015,4042
45016,3638
45017,-1
45018,3625
45019,3740
45020,3761
45021,4548
45022,3935
45023,3191
45024,3775
45025,3839
45026,3931
45027,3018
45028,3985
45029,3559
45030,4100
45031,3281
45032,2907
45033,3685
45034,3529
45035,3384
45036,3913
45037,3274
45038,3680
45039,3550
45040,3138
45041,3657
45042,3140
45043,3641
45044,4079
45045,3304
45046,3710
45047,3559
45048,3496
45049,3616
45050,3216
45051,3172
45052,4407
45053,4197
45054,2721
45055,3874
45056,2862
45057,3474
45058,2950
45059,3969
45060,3301
45061,3202
45062,3872
45063,3144
45064,3429
45065,4085
45066,3239
45067,4104
45068,3775
45069,-1
45070,3641
45071,3283
45072,3786
45073,4139
45074,3597
45075,3687
45076,4199
45077,3818
45078,3847
45079,4007
45080,4005
45081,3851
45082,3206
45083,3387
45084,3460
45085,3228
45086,3644
45087,2894
45088,3262
45089,3586
45090,3447
45091,3368
45092,3472
45093,4219
45094,2914
45095,4272
45096,3812
45097,3688
45098,4144
45099,4582
45100,3960
45101,3502
45102,3581
45103,4536
45104,3887
45105,3716
45106,4461
45107,3551
45108,3735
45109,3827
45110,3809
45111,3531
45112,2944
45113,3683
45114,3038
45115,3250
45116,3491
45117,3537
45118,3462
45119,3683
45120,3379
45121,3869
45122,3264
45123,3462
45124,-1
45125,2860
45126,4192
45127,3912
45128,3355
45129,3329
45130,3328
45131,2932
45132,3753
45133,3844
45134,3704
45135,3904
45136,4004
45137,3635
45138,3816
45139,3322
45140,3498
45141,3031
45142,3744
45143,3697
45144,3436
45145,3653
45146,-1
45147,3461
45148,4189
45149,3348
45150,4249
45151,2847
45152,3495
45153,3173
45154,3424
45155,4324
45156,3991
45157,4049
45158,5407
45159,3639
45160,3812
45161,3781
45162,3041
45163,2789
45164,3156
45165,3360
45166,3551
45167,3547
45168,3741
45169,3705
45170,4161
45171,3350
45172,3364
45173,3760
45174,3365
45175,3696
45176,3721
45177,3398
45178,3426
45179,3720
45180,3840
45181,2987
45182,3386
45183,3556
45184,3354
45185,3162
45186,3983
45187,3290
45188,3285
45189,3816
45190,3935
45191,3783
45192,3497
45193,4078
45194,4229
45195,3309
45196,3577
45197,3766
45198,4158
45199,4226
45200,2581
45201,4845
45202,4110
45203,3704
45204,3462
45205,3645
45206,3544
45207,4072
45208,2725
45209,3326
45210,2910
45211,3196
45212,3218
45213,-1
45214,3182
45215,3388
45216,4203
45217,4116
45218,3517
45219,3291
45220,3878
45221,4257
45222,4116
45223,3871
45224,2074
45225,3903
45226,4000
45227,3310
45228,3817
45229,2942
45230,3795
45231,3488
45232,3131
45233,2613
45234,3496
45235,3588
45236,2610
45237,4239
45238,-1
45239,-1
45240,3526
45241,3714
45242,4279
45243,3586
45244,3391
45245,3976
45246,3515
45247,4090
45248,3258
45249,3922
45250,3695
45251,3609
45252,3373
45253,3556
45254,3060
45255,2953
45256,3163
45257,3902
45258,3747
45259,3545
45260,4803
45261,3083
45262,3551
45263,4084
45264,4054
45265,3450
45266,3372
45267,3520
45268,3535
45269,3032
45270,-1
45271,3630
45272,3276
45273,3300
45274,3650
45275,3687
45276,2964
45277,4310
45278,3138
45279,3816
45280,3880
45281,4280
45282,3729
45283,4578
45284,3173
45285,3729
45286,4303
45287,3291
45288,3317
45289,3500
45290,3114
45291,4675
45292,3105
45293,3747
45294,-1
45295,3695
45296,3530
45297,4198
45298,3864
45299,3538
45300,-1
45301,4227
45302,3938
45303,4059
45304,3179
45305,3662
45306,3441
45307,3054
45308,3394
45309,3984
45310,3615
45311,3429
45312,4318
45313,3585
45314,3795
45315,3391
45316,3887
45317,3378
45318,3211
45319,3406
45320,3688
45321,3721
45322,4274
45323,3097
45324,4363
45325,4160
45326,4012
45327,3765
45328,3229
45329,3491
45330,3449
45331,3522
45332,3602
45333,3523
45334,4005
45335,3368
45336,3566
45337,3187
45338,4371
45339,2876
45340,4617
45341,3600
45342,3976
45343,2653
45344,3368
45345,2939
45346,3607
45347,4029
45348,3781
45349,3807
45350,4188
45351,4228
45352,4403
45353,3370
45354,4396
45355,-1
45356,3029
45357,4454
45358,3612
45359,3678
45360,3458
45361,3029
45362,3216
45363,3584
45364,3927
45365,3070
45366,4124
45367,3710
45368,4030
45369,3912
45370,3553
45371,3243
45372,3849
45373,2564
45374,3653
45375,3563
45376,4594
45377,4183
45378,3808
45379,2673
45380,2989
45381,3785
45382,3630
45383,3390
45384,3477
45385,-1
45386,3390
45387,3663
45388,3857
45389,-1
45390,3433
45391,-1
45392,3097
45393,3446
45394,3170
45395,3565
45396,3714
45397,3579
45398,3853
45399,4195
45400,3307
45401,3891
45402,3941
45403,3476
45404,3377
45405,3459
45406,3477
45407,5007
45408,3380
45409,3908
45410,3613
45411,3031
45412,4361
45413,3540
45414,4284
45415,3521
45416,3672
45417,3579
45418,3891
45419,3124
45420,3802
45421,3730
45422,3350
45423,3414
45424,3160
45425,3220
45426,3743
45427,4173
45428,3994
45429,3780
45430,3362
45431,3155
45432,3692
45433,3882
45434,3098
45435,3784
45436,3351
45437,3274
45438,3557
45439,4123
45440,3650
45441,3930
45442,3326
45443,3936
45444,3746
45445,3303
45446,3601
45447,3197
45448,3376
45449,3652
45450,3347
45451,3013
45452,4138
45453,3863
45454,4077
45455,3429
45456,3668
45457,3889
45458,3343
45459,3893
45460,3367
45461,3633
45462,3365
45463,3259
45464,3353
45465,4037
45466,3530
45467,2615
45468,3040
45469,3912
45470,2967
45471,3785
45472,4068
45473,3286
45474,3426
45475,2977
45476,3675
45477,3790
45478,3956
45479,3809
45480,2708
45481,4431
45482,2089
45483,4161
45484,3535
45485,3556
45486,3054
45487,4199
45488,3218
45489,3388
45490,4003
45491,4224
45492,-1
45493,3488
45494,3121
45495,4217
45496,4185
45497,4373
45498,4083
45499,3516
45500,4060
45501,3669
45502,3466
45503,4288
45504,3411
45505,4496
45506,3975
45507,3675
45508,4259
45509,4067
45510,3134
45511,3998
45512,3851
45513,2862
45514,2094
45515,4069
45516,3272
45517,3322
45518,3817
45519,3881
45520,3310
45521,3476
45522,3749
45523,3541
45524,3625
45525,3425
45526,3448
45527,3412
45528,3650
45529,3724
45530,2945
45531,3422
45532,4065
45533,3537
45534,3482
45535,4109
45536,2977
45537,3921
45538,3666
45539,3556
45540,4442
45541,3330
45542,3748
45543,2822
45544,3907
45545,3906
45546,3335
45547,2874
45548,3256
45549,3651
45550,4104
45551,3346
45552,3998
45553,3637
45554,3649
45555,3406
45556,3811
45557,3298
45558,3818
45559,3596
45560,3510
45561,2950
45562,3817
45563,3169
45564,4319
45565,3750
45566,3910
45567,3283
45568,3417
45569,3574
45570,3306
45571,3108
45572,3613
45573,4061
45574,4040
45575,4046
45576,3049
45577,3897
45578,3831
45579,3746
45580,3297
45581,3669
45582,-1
45583,3791
45584,3043
45585,3271
45586,3769
45587,4183
45588,4553
45589,3661
45590,3367
45591,3409
45592,3243
45593,3421
45594,3048
45595,4072
45596,3013
45597,3349
45598,3529
45599,3478
45600,3255
45601,3337
45602,3481
45603,4016
45604,3500
45605,3513
45606,3526
45607,3613
45608,3863
45609,4007
45610,4009
45611,3608
45612,3091
45613,3428
45614,3145
45615,3952
45616,3281
45617,3346
45618,2984
45619,3382
45620,3526
45621,4037
45622,3468
45623,4410
45624,3328
45625,-1
45626,3448
45627,3593
45628,3303
45629,3920
45630,3434
45631,3182
45632,4397
45633,3307
45634,3926
45635,3756
45636,3988
45637,4638
45638,3415
45639,3370
45640,4396
45641,3794
45642,4403
45643,2983
45644,3420
45645,4270
45646,3806
45647,3580
45648,3687
45649,3711
45650,3966
45651,3837
45652,4173
45653,3062
45654,4111
45655,4267
45656,3248
45657,3734
45658,3427
45659,3593
45660,3686
45661,3648
45662,3134
45663,3547
45664,5056
45665,4090
45666,3882
45667,3240
45668,3497
45669,3470
45670,3485
45671,3592
45672,4208
45673,3457
45674,4022
45675,4101
45676,3348
45677,3849
45678,3625
45679,3245
45680,3756
45681,3215
45682,4195
45683,3204
45684,3726
45685,3208
45686,4190
45687,3030
45688,3552
45689,3821
45690,3350
45691,3626
45692,3624
45693,3582
45694,-1
45695,3902
45696,5066
45697,4050
45698,3941
45699,3005
45700,3802
45701,3547
45702,3818
45703,3619
45704,3251
45705,3382
45706,4009
45707,3354
45708,3880
45709,3852
45710,3678
45711,3408
45712,3677
45713,3823
45714,3233
45715,4332
45716,4255
45717,3365
45718,3631
45719,3397
45720,3692
45721,3821
45722,3521
45723,2861
45724,3790
45725,4044
45726,4325
45727,3794
45728,3983
45729,3534
45730,3700
45731,3580
45732,3642
45733,3292
45734,3541
45735,3492
45736,3960
45737,3215
45738,3498
45739,3274
45740,3632
45741,3403
45742,3044
45743,3261
45744,4027
45745,3730
45746,3555
45747,4032
45748,3502
45749,3461
45750,3920
45751,2708
45752,4104
45753,3083
45754,4048
45755,3235
45756,3548
45757,2347
45758,5069
45759,3237
45760,3393
45761,3433
45762,3471
45763,3118
45764,3632
45765,3509
45766,3125
45767,5717
45768,4092
45769,3493
45770,2560
45771,-1
45772,3317
45773,2825
45774,4092
45775,3572
45776,3090
45777,3979
45778,4077
45779,3701
45780,3143
45781,4150
45782,3689
45783,3066
45784,3665
45785,3831
45786,4075
45787,3422
45788,3379
45789,3785
45790,3390
45791,3357
45792,3775
45793,4065
45794,2568
45795,3396
45796,3564
45797,-1
45798,4948
45799,4195
45800,3426
45801,3792
45802,3461
45803,4176
45804,3656
45805,4197
45806,3944
45807,3541
45808,3661
45809,3206
45810,4711
45811,4189
45812,3812
45813,3797
45814,3774
45815,3774
45816,4107
45817,3518
45818,3684
45819,4008
45820,3567
45821,3783
45822,3488
45823,3954
45824,3813
45825,4085
45826,3072
45827,3645
45828,3636
45829,3444
45830,2878
45831,3718
45832,3410
45833,4121
45834,4691
45835,3492
45836,3825
45837,4612
45838,3091
45839,3167
45840,3288
45841,4187
45842,4040
45843,3541
45844,4160
45845,3250
45846,3158
45847,3691
45848,4452
45849,3496
45850,3450
45851,4119
45852,3325
45853,3701
45854,3954
45855,3041
45856,3681
45857,3652
45858,3849
45859,3225
45860,3263
45861,2973
45862,4057
45863,3559
45864,3437
45865,3317
45866,4198
45867,3425
45868,3174
45869,3839
45870,-1
45871,3927
45872,3048
45873,3962
45874,3634
45875,3654
45876,3370
45877,3901
45878,3962
45879,3889
45880,3153
45881,-1
45882,4250
45883,3736
45884,3484
45885,3534
45886,2711
45887,3429
45888,3662
45889,3288
45890,3991
45891,3542
45892,4603
45893,4258
45894,3701
45895,3868
45896,4036
45897,4269
45898,4009
45899,3588
45900,2560
45901,4283
45902,3549
45903,3548
45904,4186
45905,3555
45906,3633
45907,2897
45908,3124
45909,3714
45910,3813
45911,3637
45912,3431
45913,3770
45914,3315
45915,3334
45916,3300
45917,2583
45918,3821
45919,2969
45920,3617
45921,3494
45922,3711
45923,3518
45924,3600
45925,4113
45926,3378
45927,3988
45928,2500
45929,2590
45930,4135
45931,3357
45932,3976
45933,3651
45934,3750
45935,3423
45936,3405
45937,3653
45938,3656
45939,3343
45940,3249
45941,4327
45942,3493
45943,4708
45944,3150
45945,3709
45946,3839
45947,3375
45948,3135
45949,3703
45950,3596
45951,3668
45952,3792
45953,3847
45954,3845
45955,3320
45956,4497
45957,2281
45958,3784
45959,3710
45960,3002
45961,3369
45962,3351
45963,4588
45964,3964
45965,3849
45966,4160
45967,3717
45968,4388
45969,3688
45970,2877
45971,4184
45972,3578
45973,3581
45974,3547
45975,3500
45976,2888
45977,6096
45978,3597
45979,4103
45980,3504
45981,1886
45982,3597
45983,3670
45984,3319
45985,3673
45986,3688
45987,2788
45988,3362
45989,3550
45990,2447
45991,3563
45992,3741
45993,2851
45994,3288
45995,2908
45996,2893
45997,3764
45998,3981
45999,3618
46000,3282
46001,3725
46002,3089
46003,3448
46004,3697
46005,-1
46006,3908
46007,3033
46008,3722
46009,-1
46010,2800
46011,3703
46012,4093
46013,3250
46014,3627
46015,3758
46016,5014
46017,3396
46018,3287
46019,3493
46020,3269
46021,2840
46022,4278
46023,-1
46024,3669
46025,4097
46026,3298
46027,2996
46028,3840
46029,3647
46030,4016
46031,3563
46032,3571
46033,3341
46034,3207
46035,3958
46036,3558
46037,3225
46038,3315
46039,4066
46040,3489
46041,3619
46042,3926
46043,3414
46044,3641
46045,3900
46046,3327
46047,3522
46048,3365
46049,3629
46050,2884
46051,3867
46052,3762
46053,4772
46054,2457
46055,5180
46056,-1
46057,3584
46058,3806
46059,3313
46060,3236
46061,3621
46062,3692
46063,4494
46064,3218
46065,3278
46066,3383
46067,3714
46068,4043
46069,3358
46070,3601
46071,3035
46072,3463
46073,3859
46074,3739
46075,3916
46076,2749
46077,3128
46078,2954
46079,4122
46080,4094
46081,3885
46082,3881
46083,4090
46084,4066
46085,3278
46086,3440
46087,-1
46088,3545
46089,-1
46090,4065
46091,2431
46092,3542
46093,3842
46094,2432
46095,3870
46096,4912
46097,3437
46098,3425
46099,3638
46100,3505
46101,3003
46102,3715
46103,3872
46104,3275
46105,3706
46106,3346
46107,3345
46108,3445
46109,3934
46110,3220
46111,3966
46112,3089
46113,3143
46114,3550
46115,3117
46116,3659
46117,3369
46118,-1
46119,4089
46120,3774
46121,3818
46122,4437
46123,2788
46124,3262
46125,3917
46126,4225
46127,3736
46128,3718
46129,3794
46130,3088
46131,4259
46132,3745
46133,3734
46134,3789
46135,3446
46136,3665
46137,3912
46138,3311
46139,4371
46140,3478
46141,3541
46142,3619
46143,3275
46144,4164
46145,3173
46146,3604
46147,3509
46148,3741
46149,2686
46150,3171
46151,4215
46152,3234
46153,3748
46154,3336
46155,3536
46156,3858
46157,3518
46158,3870
46159,3794
46160,3468
46161,3611
46162,3653
46163,4269
46164,3556
46165,4467
46166,3410
46167,3271
46168,3565
46169,2876
46170,3395
46171,2935
46172,3523
46173,-1
46174,4094
46175,3228
46176,3329
46177,3624
46178,3920
46179,3860
46180,4545
46181,4591
46182,3608
46183,3545
46184,4309
46185,3772
46186,4019
46187,3607
46188,3905
46189,3344
46190,3334
46191,-1
46192,3162
46193,3504
46194,4364
46195,2543
46196,3518
46197,3760
46198,3582
46199,3266
46200,3815
46201,2435
46202,3602
46203,3350
46204,3018
46205,3765
46206,2705
46207,3813
46208,3956
46209,3317
46210,3717
46211,3925
46212,3217
46213,3317
46214,3324
46215,3464
46216,4099
46217,3762
46218,3444
46219,3673
46220,3412
46221,2910
46222,3882
46223,3592
46224,3808
46225,2723
46226,3404
46227,3506
46228,3633
46229,3573
46230,4104
46231,3294
46232,4632
46233,3248
46234,3346
46235,3838
46236,3229
46237,3736
46238,3535
46239,3785
46240,3846
46241,3468
46242,3563
46243,4197
46244,3531
46245,2760
46246,3959
46247,3355
46248,4035
46249,3677
46250,3924
46251,3294
46252,3691
46253,3764
46254,4169
46255,3935
46256,3431
46257,-1
46258,4778
46259,4581
46260,3329
46261,4247
46262,3403
46263,3714
46264,3308
46265,2921
46266,3561
46267,3618
46268,3555
46269,4134
46270,3568
46271,3430
46272,3585
46273,3828
46274,3569
46275,3319
46276,3119
46277,3604
46278,3735
46279,3782
46280,3954
46281,4180
46282,3665
46283,3147
46284,3748
46285,3328
46286,3854
46287,3552
46288,4004
46289,3035
46290,3612
46291,3583
46292,3849
46293,3934
46294,3880
46295,2464
46296,3419
46297,3259
46298,3330
46299,3172
46300,2920
46301,3732
46302,3443
46303,3713
46304,3781
46305,3895
46306,3783
46307,4369
46308,3588
46309,4057
46310,3625
46311,3486
46312,3367
46313,3042
46314,3722
46315,3629
46316,3667
46317,3461
46318,3658
46319,3243
46320,2945
46321,3518
46322,3741
46323,3986
46324,3991
46325,3657
46326,3745
46327,4238
46328,3465
46329,3874
46330,2671
46331,3641
46332,3105
46333,4103
46334,4827
46335,3503
46336,3171
46337,4144
46338,3284
46339,2933
46340,3944
46341,4183
46342,3223
46343,3516
46344,4085
46345,3761
46346,3875
46347,3514
46348,4127
46349,4025
46350,3661
46351,3516
46352,4096
46353,3091
46354,4091
46355,3664
46356,3959
46357,3064
46358,3769
46359,2408
46360,3142
46361,3457
46362,3834
46363,3054
46364,4259
46365,3010
46366,3506
46367,4052
46368,3910
46369,3976
46370,3250
46371,3083
46372,3674
46373,4661
46374,3035
46375,3680
46376,3592
46377,4205
46378,3151
46379,3126
46380,3995
46381,4131
46382,3304
46383,3002
46384,2074
46385,4285
46386,3883
46387,3282
46388,3371
46389,3651
46390,3732
46391,3497
46392,4766
46393,3756
46394,3277
46395,3823
46396,3557
46397,3522
46398,2475
46399,4354
46400,3472
46401,3176
46402,3649
46403,3655
46404,3600
46405,3623
46406,3884
46407,4629
46408,2041
46409,3288
46410,3848
46411,3369
46412,3351
46413,3153
46414,3778
46415,3285
46416,-1
46417,3542
46418,3528
46419,3990
46420,3701
46421,3783
46422,3239
46423,4454
46424,2656
46425,3867
46426,3229
46427,4269
46428,4295
46429,3397
46430,3598
46431,3398
46432,3296
46433,3360
46434,3664
46435,4109
46436,3420
46437,4061
46438,3896
46439,3521
46440,3491
46441,3292
46442,3504
46443,3956
46444,3151
46445,3721
46446,3274
46447,3880
46448,3645
46449,3511
46450,3424
46451,3005
46452,3446
46453,3270
46454,3674
46455,3479
46456,2826
46457,3323
46458,4057
46459,3133
46460,3270
46461,2839
46462,3536
46463,3377
46464,3688
46465,3913
46466,3430
46467,2688
46468,3677
46469,3601
46470,2995
46471,2535
46472,3532
46473,3245
46474,4506
46475,3885
46476,4216
46477,3429
46478,3106
46479,3777
46480,3825
46481,3676
46482,3651
46483,2766
46484,4069
46485,3328
46486,3244
46487,3430
46488,3926
46489,3531
46490,3175
46491,4294
46492,4231
46493,3725
46494,-1
46495,3721
46496,-1
46497,3571
46498,3313
46499,4084
46500,2920
46501,4821
46502,3546
46503,4036
46504,3432
46505,3232
46506,4135
46507,3391
46508,3146
46509,3213
46510,3771
46511,3768
46512,3635
46513,3696
46514,2796
46515,4005
46516,3868
46517,3467
46518,2939
46519,3198
46520,3441
46521,3776
46522,2898
46523,3103
46524,3735
46525,3654
46526,3557
46527,3724
46528,3967
46529,3686
46530,4094
46531,3162
46532,3710
46533,3173
46534,4059
46535,3386
46536,2978
46537,4494
46538,3457
46539,4009
46540,4680
46541,2121
46542,3801
46543,3259
46544,3752
46545,3721
46546,3541
46547,3867
46548,3724
46549,4131
46550,3770
46551,4134
46552,4369
46553,4897
46554,3781
46555,3926
46556,3748
46557,3636
46558,-1
46559,2820
46560,3011
46561,3275
46562,3660
46563,3172
46564,4018
46565,3182
46566,3261
46567,3536
46568,3808
46569,3849
46570,4637
46571,3940
46572,3599
46573,3909
46574,-1
46575,4025
46576,3722
46577,3711
46578,3860
46579,2925
46580,3903
46581,3081
46582,3946
46583,3793
46584,3069
46585,3822
46586,4941
46587,3791
46588,4616
46589,3735
46590,3593
46591,3758
46592,4096
46593,3123
46594,2984
46595,3182
46596,3438
46597,3521
46598,3972
46599,3316
46600,3540
46601,3572
46602,3490
46603,-1
46604,4239
46605,3162
46606,3228
46607,2202
46608,3765
46609,3694
46610,3828
46611,3592
46612,-1
46613,3878
46614,3352
46615,3375
46616,3213
46617,3653
46618,3705
46619,4369
46620,3429
46621,3951
46622,3258
46623,4024
46624,-1
46625,-1
46626,3885
46627,3592
46628,3311
46629,3728
46630,3354
46631,4557
46632,3241
46633,3799
46634,3903
46635,3761
46636,3682
46637,3984
46638,3429
46639,3756
46640,3681
46641,3215
46642,3995
46643,3346
46644,3749
46645,3693
46646,3328
46647,3428
46648,3538
46649,3661
46650,3882
46651,4046
46652,3992
46653,3923
46654,3868
46655,3111
46656,2619
46657,4171
46658,3019
46659,3600
46660,3486
46661,2773
46662,3553
46663,4008
46664,3074
46665,3180
46666,3895
46667,3163
46668,2874
46669,2998
46670,3104
46671,4413
46672,4730
46673,3597
46674,4231
46675,3625
46676,2509
46677,3952
46678,4081
46679,3261
46680,2814
46681,3030
46682,3591
46683,3562
46684,3783
46685,3641
46686,4630
46687,-1
46688,4824
46689,3840
46690,4114
46691,4209
46692,3486
46693,3139
46694,4005
46695,3267
46696,3557
46697,2668
46698,3053
46699,3797
46700,3231
46701,3621
46702,4094
46703,3580
46704,3719
46705,2714
46706,4104
46707,3890
46708,4112
46709,3475
46710,3390
46711,3692
46712,3292
46713,3619
46714,3057
46715,3124
46716,3419
46717,3430
46718,2969
46719,3610
46720,3332
46721,3442
46722,3062
46723,3501
46724,3681
46725,-1
46726,3584
46727,2816
46728,3594
46729,3963
46730,2955
46731,3220
46732,3791
46733,4147
46734,3843
46735,3231
46736,3511
46737,3159
46738,4288
46739,3010
46740,3362
46741,3756
46742,3754
46743,4137
46744,4392
46745,3471
46746,3309
46747,3674
46748,2990
46749,3167
46750,3815
46751,3890
46752,3653
46753,3061
46754,3949
46755,3421
46756,3459
46757,3246
46758,3360
46759,3525
46760,2843
46761,3367
46762,3594
46763,3666
46764,3437
46765,3583
46766,3033
46767,2834
46768,4075
46769,2079
46770,3313
46771,3162
46772,4047
46773,3367
46774,3276
46775,2709
46776,3522
46777,3565
46778,3263
46779,3758
46780,2987
46781,3140
46782,3818
46783,3550
46784,4053
46785,5264
46786,3801
46787,3562
46788,3824
46789,3329
46790,3488
46791,3769
46792,3985
46793,3311
46794,4077
46795,3355
46796,3414
46797,3787
46798,3684
46799,3493
46800,4001
46801,3282
46802,3192
46803,3707
46804,3273
46805,3732
46806,3812
46807,3785
46808,3132
46809,3472
46810,4193
46811,3761
46812,3718
46813,3573
46814,3302
46815,4915
46816,4099
46817,3647
46818,4269
46819,2391
46820,3936
46821,-1
46822,3890
46823,4061
46824,3200
46825,4171
46826,3855
46827,3503
46828,3507
46829,4732
46830,3861
46831,3489
46832,3981
46833,3724
46834,3516
46835,3214
46836,3878
46837,3706
46838,3428
46839,2999
46840,3467
46841,3765
46842,3165
46843,3066
46844,3788
46845,3508
46846,4253
46847,3722
46848,3062
46849,4337
46850,3700
46851,4585
46852,3436
46853,3878
46854,3086
46855,3714
46856,3855
46857,4231
46858,3414
46859,3948
46860,3445
46861,4261
46862,3641
46863,4107
46864,2451
46865,3370
46866,3482
46867,3732
46868,3990
46869,4182
46870,3139
46871,3732
46872,4002
46873,3865
46874,3680
46875,3719
46876,3445
46877,3583
46878,3772
46879,3447
46880,3783
46881,3534
46882,3633
46883,3717
46884,3537
46885,3941
46886,2967
46887,3732
46888,3778
46889,4070
46890,3581
46891,3345
46892,4022
46893,3868
46894,3616
46895,3836
46896,3151
46897,3807
46898,3771
46899,3584
46900,3077
46901,3509
46902,3782
46903,3992
46904,3029
46905,3763
46906,3363
46907,2929
46908,3694
46909,3864
46910,3925
46911,2895
46912,3901
46913,3947
46914,-1
46915,3014
46916,3643
46917,3424
46918,3161
46919,3629
46920,3740
46921,2999
46922,4104
46923,2547
46924,3671
46925,3404
46926,4076
46927,2804
46928,3393
46929,3045
46930,3559
46931,3341
46932,2901
46933,3755
46934,3410
46935,3791
46936,3667
46937,3782
46938,3371
46939,3957
46940,3757
46941,3339
46942,3604
46943,3740
46944,3913
46945,3594
46946,3804
46947,3442
46948,4083
46949,3435
46950,3915
46951,3440
46952,3315
46953,3506
46954,4619
46955,3185
46956,4170
46957,3560
46958,3909
46959,3474
46960,3441
46961,4050
46962,3682
46963,4251
46964,3892
46965,3613
46966,3964
46967,3587
46968,2779
46969,3052
46970,3718
46971,3476
46972,3389
46973,3517
46974,3779
46975,3242
46976,3027
46977,3764
46978,3803
46979,3418
46980,3905
46981,3444
46982,3526
46983,3518
46984,3202
46985,3798
46986,3433
46987,3743
46988,3952
46989,3457
46990,3246
46991,3231
46992,3055
46993,3243
46994,3746
46995,4270
46996,-1
46997,3563
46998,3694
46999,4631
47000,3768
47001,4212
47002,3553
47003,3757
47004,3992
47005,3619
47006,3335
47007,3470
47008,3432
47009,4190
47010,3680
47011,3826
47012,2904
47013,3728
47014,3487
47015,3282
47016,4328
47017,3547
47018,3270
47019,3719
47020,4057
47021,3153
47022,4195
47023,2973
47024,3687
47025,3438
47026,4068
47027,3189
47028,3410
47029,4301
47030,3489
47031,5492
47032,3597
47033,4947
47034,3526
47035,3728
47036,3318
47037,3241
47038,3138
47039,3610
47040,3428
47041,3256
47042,3282
47043,2982
47044,4325
47045,3706
47046,3443
47047,3039
47048,4133
47049,3737
47050,3343
47051,4057
47052,4146
47053,3514
47054,3956
47055,4047
47056,2585
47057,3260
47058,3471
47059,3304
47060,3611
47061,3547
47062,3697
47063,3704
47064,3204
47065,3571
47066,3698
47067,3756
47068,3248
47069,2397
47070,4243
47071,4070
47072,3887
47073,4052
47074,3603
47075,2731
47076,1661
47077,3678
47078,3446
47079,3376
47080,4369
47081,4049
47082,4621
47083,3596
47084,4162
47085,4009
47086,3645
47087,4362
47088,3466
47089,3123
47090,3959
47091,3688
47092,2894
47093,3571
47094,3272
47095,4193
47096,2350
47097,4019
47098,3855
47099,2376
47100,3759
47101,3488
47102,3482
47103,3811
47104,3827
47105,3487
47106,3960
47107,3460
47108,3132
47109,4326
47110,4045
47111,3621
47112,-1
47113,3642
47114,3107
47115,3158
47116,1730
47117,3027
47118,3829
47119,3705
47120,3905
47121,-1
47122,3663
47123,3487
47124,3481
47125,3422
47126,3362
47127,3649
47128,3737
47129,3298
47130,3861
47131,3963
47132,4271
47133,2462
47134,3722
47135,3434
47136,3487
47137,2547
47138,2689
47139,2071
47140,3863
47141,1921
47142,4290
47143,2956
47144,4221
47145,3777
47146,3540
47147,3860
47148,2865
47149,3190
47150,2856
47151,3505
47152,3528
47153,3654
47154,3678
47155,4411
47156,4341
47157,3795
47158,3164
47159,3698
47160,3127
47161,3644
47162,3628
47163,4205
47164,3954
47165,3941
47166,3821
47167,3630
47168,3173
47169,3260
47170,3452
47171,3484
47172,3807
47173,3543
47174,3679
47175,3360
47176,3397
47177,4278
47178,2942
47179,4328
47180,3949
47181,4181
47182,3730
47183,3199
47184,3580
47185,-1
47186,3581
47187,2784
47188,2822
47189,3994
47190,3535
47191,4223
47192,3447
47193,3924
47194,4889
47195,3648
47196,3459
47197,3638
47198,4124
47199,3661
47200,3882
47201,3209
47202,3857
47203,3875
47204,3714
47205,3577
47206,3217
47207,3278
47208,2975
47209,-1
47210,3371
47211,3307
47212,3753
47213,3663
47214,1444
47215,3886
47216,3604
47217,3086
47218,2973
47219,4708
47220,3818
47221,3962
47222,4069
47223,4530
47224,3585
47225,4001
47226,3443
47227,3560
47228,3642
47229,3812
47230,3395
47231,3562
47232,3679
47233,3317
47234,4546
47235,3895
47236,3921
47237,3895
47238,2595
47239,3490
47240,2787
47241,2666
47242,3886
47243,3626
47244,3446
47245,-1
47246,3468
47247,4308
47248,3095
47249,3181
47250,3733
47251,3057
47252,3392
47253,-1
47254,3620
47255,3196
47256,3412
47257,3415
47258,3647
47259,3402
47260,3134
47261,3674
47262,3567
47263,3350
47264,2889
47265,3669
47266,4722
47267,3972
47268,2630
47269,3809
47270,3245
47271,5149
47272,3376
47273,3674
47274,3515
47275,3570
47276,3374
47277,3736
47278,3367
47279,3751
47280,3325
47281,3466
47282,3582
47283,3814
47284,2885
47285,3148
47286,3692
47287,3911
47288,3834
47289,4033
47290,-1
47291,-1
47292,3345
47293,4355
47294,3366
47295,3018
47296,4064
47297,3652
47298,3717
47299,3704
47300,3994
47301,3498
47302,3157
47303,3315
47304,3610
47305,3027
47306,3831
47307,3228
47308,3905
47309,3816
47310,3698
47311,3246
47312,3227
47313,4264
47314,3879
47315,2962
47316,3247
47317,3517
47318,3974
47319,3838
47320,4036
47321,3351
47322,4013
47323,4409
47324,2998
47325,4123
47326,3654
47327,4379
47328,3200
47329,2700
47330,3434
47331,2831
47332,3898
47333,4483
47334,3487
47335,3481
47336,3526
47337,3787
47338,3478
47339,4511
47340,3304
47341,3791
47342,3259
47343,4110
47344,2893
47345,4115
47346,3350
47347,3809
47348,2386
47349,3209
47350,3963
47351,3236
47352,4054
47353,3955
47354,3599
47355,3160
47356,3541
47357,3077
47358,3820
47359,3503
47360,3651
47361,4197
47362,3041
47363,3616
47364,4137
47365,4334
47366,3255
47367,3746
47368,3563
47369,4194
47370,3653
47371,4354
47372,3337
47373,2913
47374,3288
47375,-1
47376,3231
47377,4016
47378,4163
47379,4351
47380,4389
47381,3753
47382,3550
47383,3701
47384,3386
47385,3613
47386,3925
47387,3364
47388,3476
47389,3185
47390,3514
47391,4054
47392,3414
47393,-1
47394,3572
47395,3798
47396,2973
47397,4443
47398,3971
47399,3553
47400,4227
47401,2977
47402,3543
47403,3725
47404,3802
47405,4223
47406,3600
47407,3220
47408,3840
47409,3360
47410,3260
47411,4532
47412,3478
47413,3728
47414,3622
47415,3338
47416,3213
47417,3232
47418,3231
47419,3318
47420,4870
47421,3763
47422,3361
47423,3530
47424,3169
47425,3785
47426,3404
47427,3400
47428,3743
47429,4041
47430,3850
47431,3809
47432,4120
47433,3241
47434,3418
47435,3929
47436,3291
47437,3639
47438,4366
47439,4751
47440,3616
47441,3110
47442,-1
47443,4254
47444,-1
47445,4554
47446,3677
47447,3322
47448,-1
47449,3376
47450,3800
47451,3524
47452,3992
47453,3443
47454,3771
47455,3654
47456,3105
47457,3093
47458,3076
47459,3670
47460,3658
47461,4079
47462,3366
47463,3419
47464,3309
47465,3327
47466,3612
47467,4038
47468,4076
47469,3936
47470,4432
47471,3273
47472,4411
47473,4155
47474,3711
47475,4152
47476,2950
47477,3999
47478,3219
47479,3693
47480,3259
47481,3418
47482,3743
47483,4396
47484,3967
47485,3417
47486,3337
47487,3436
47488,4093
47489,2950
47490,4016
47491,4433
47492,3431
47493,4105
47494,3046
47495,3285
47496,3731
47497,4875
47498,3808
47499,3540
47500,4397
47501,4001
47502,3834
47503,3787
47504,3664
47505,3875
47506,4053
47507,3391
47508,3396
47509,3918
47510,3531
47511,3058
47512,3553
47513,4044
47514,3205
47515,-1
47516,3544
47517,3872
47518,3345
47519,3588
47520,3791
47521,3885
47522,3830
47523,3744
47524,3622
47525,3777
47526,2907
47527,3127
47528,3995
47529,3926
47530,4196
47531,3458
47532,4063
47533,3890
47534,3251
47535,3864
47536,3404
47537,3648
47538,1662
47539,3884
47540,3609
47541,3781
47542,3722
47543,3516
47544,3490
47545,3712
47546,3665
47547,3725
47548,2957
47549,-1
47550,3637
47551,3333
47552,2748
47553,3532
47554,4330
47555,3465
47556,2255
47557,3714
47558,3446
47559,-1
47560,3495
47561,3316
47562,2913
47563,3358
47564,3610
47565,3170
47566,3766
47567,3741
47568,-1
47569,3882
47570,3477
47571,3280
47572,3468
47573,3239
47574,3641
47575,4876
47576,2923
47577,3967
47578,2912
47579,3793
47580,3565
47581,3746
47582,-1
47583,3454
47584,2637
47585,4064
47586,3174
47587,3478
47588,2302
47589,4056
47590,3787
47591,4162
47592,3525
47593,3789
47594,3422
47595,3982
47596,3050
47597,3957
47598,3061
47599,3798
47600,3286
47601,3468
47602,3862
47603,3423
47604,3518
47605,3304
47606,3532
47607,3733
47608,3408
47609,2762
47610,3519
47611,4171
47612,3406
47613,3532
47614,3262
47615,3877
47616,3095
47617,3277
47618,3295
47619,3854
47620,3666
47621,3600
47622,3815
47623,3520
47624,3661
47625,3433
47626,3805
47627,4064
47628,4071
47629,3002
47630,3360
47631,3110
47632,3751
47633,3810
47634,3633
47635,3672
47636,3756
47637,2637
47638,3738
47639,3567
47640,4604
47641,2935
47642,3326
47643,3544
47644,3551
47645,3502
47646,3749
47647,-1
47648,3687
47649,3685
47650,2933
47651,3322
47652,3240
47653,3137
47654,2695
47655,2848
47656,3490
47657,3151
47658,3227
47659,3550
47660,3538
47661,3605
47662,4105
47663,4064
47664,3067
47665,2742
47666,3067
47667,2997
47668,3980
47669,3196
47670,3076
47671,3505
47672,2931
47673,4470
47674,4127
47675,3058
47676,3614
47677,4102
47678,3386
47679,3284
47680,3995
47681,3855
47682,4028
47683,3346
47684,2976
47685,2457
47686,2934
47687,3981
47688,4049
47689,3502
47690,3857
47691,3362
47692,4188
47693,3359
47694,3468
47695,3348
47696,4020
47697,3852
47698,3074
47699,2852
47700,3298
47701,3637
47702,3636
47703,2742
47704,3604
47705,3774
47706,-1
47707,3042
47708,3167
47709,3376
47710,3600
47711,3083
47712,3440
47713,4374
47714,3382
47715,3912
47716,4202
47717,4293
47718,3612
47719,3687
47720,3306
47721,3527
47722,3227
47723,3558
47724,4074
47725,3933
47726,3686
47727,3260
47728,3315
47729,3270
47730,3057
47731,3654
47732,3301
47733,3546
47734,3610
47735,3801
47736,3658
47737,3582
47738,3222
47739,3217
47740,3503
47741,3588
47742,3329
47743,4048
47744,3202
47745,3399
47746,3956
47747,3646
47748,3368
47749,3729
47750,4390
47751,4014
47752,3238
47753,3264
47754,4087
47755,3102
47756,3527
47757,3801
47758,4035
47759,4820
47760,4054
47761,3904
47762,3945
47763,3300
47764,3522
47765,2636
47766,3741
47767,3832
47768,3461
47769,3884
47770,3541
47771,4035
47772,-1
47773,3502
47774,3760
47775,3986
47776,3369
47777,3707
47778,2325
47779,3702
47780,3503
47781,3330
47782,4143
47783,3458
47784,3775
47785,3574
47786,3502
47787,3931
47788,3631
47789,3258
47790,3753
47791,3283
47792,3970
47793,3386
47794,3806
47795,3901
47796,4472
47797,3907
47798,3932
47799,4351
47800,4534
47801,4912
47802,3835
47803,3854
47804,3196
47805,3575
47806,4669
47807,3749
47808,3111
47809,4602
47810,3783
47811,2028
47812,3872
47813,1021
47814,2962
47815,4000
47816,2487
47817,3444
47818,3104
47819,3296
47820,3362
47821,2555
47822,4069
47823,3104
47824,3949
47825,3720
47826,3094
47827,3823
47828,3875
47829,3523
47830,3186
47831,3776
47832,3863
47833,4504
47834,3105
47835,3742
47836,3068
47837,2825
47838,3010
47839,3163
47840,4150
47841,3705
47842,3623
47843,3151
47844,2965
47845,3653
47846,3525
47847,3195
47848,3575
47849,3721
47850,3793
47851,4668
47852,3761
47853,3266
47854,4380
47855,4291
47856,4084
47857,3653
47858,3315
47859,4098
47860,3645
47861,3718
47862,3340
47863,3582
47864,3993
47865,3220
47866,3418
47867,3513
47868,3956
47869,-1
47870,4034
47871,4192
47872,3477
47873,4282
47874,4438
47875,3287
47876,3349
47877,3364
47878,3438
47879,3873
47880,2982
47881,3791
47882,3271
47883,4115
47884,3817
47885,3273
47886,3825
47887,3520
47888,3935
47889,5561
47890,4979
47891,3879
47892,3855
47893,3922
47894,3561
47895,3340
47896,3423
47897,3441
47898,3976
47899,-1
47900,3439
47901,2573
47902,3824
47903,3401
47904,3596
47905,3492
47906,3142
47907,3784
47908,2945
47909,3370
47910,3763
47911,3133
47912,2394
47913,3355
47914,3466
47915,4325
47916,-1
47917,3453
47918,4257
47919,3522
47920,3344
47921,3136
47922,3330
47923,3848
47924,3787
47925,3899
47926,4298
47927,3069
47928,3959
47929,3575
47930,3604
47931,3563
47932,3462
47933,3334
47934,4217
47935,3621
47936,3575
47937,2724
47938,3384
47939,3311
47940,3288
47941,3720
47942,3055
47943,3515
47944,3895
47945,3472
47946,3518
47947,3671
47948,3043
47949,3566
47950,4441
47951,3339
47952,3156
47953,4396
47954,3311
47955,3805
47956,3161
47957,3635
47958,3559
47959,3709
47960,3706
47961,3839
47962,3921
47963,4068
47964,4233
47965,3460
47966,3913
47967,3701
47968,2348
47969,3745
47970,3702
47971,2717
47972,4163
47973,3701
47974,2576
47975,3085
47976,3735
47977,4062
47978,3206
47979,3606
47980,3845
47981,3729
47982,3915
47983,4059
47984,3249
47985,3942
47986,3155
47987,3108
47988,3317
47989,3351
47990,3424
47991,3171
47992,3503
47993,3904
47994,3405
47995,3024
47996,3782
47997,3015
47998,3609
47999,3189
48000,3055
48001,2985
48002,3014
48003,3292
48004,-1
48005,3496
48006,2959
48007,3653
48008,3086
48009,3855
48010,4287
48011,2651
48012,3770
48013,4210
48014,3532
48015,3505
48016,3329
48017,3108
48018,3848
48019,4427
48020,4553
48021,3509
48022,3566
48023,3980
48024,3851
48025,3767
48026,3614
48027,4417
48028,3737
48029,3579
48030,3427
48031,3322
48032,4353
48033,2202
48034,3167
48035,3990
48036,3581
48037,-1
48038,2531
48039,3074
48040,3527
48041,3874
48042,3453
48043,3386
48044,4128
48045,3483
48046,3492
48047,4065
48048,3377
48049,3389
48050,3986
48051,3205
48052,3616
48053,3657
48054,3545
48055,2583
48056,4066
48057,3895
48058,3056
48059,4309
48060,3489
48061,3603
48062,3718
48063,3832
48064,3872
48065,3938
48066,2818
48067,3629
48068,4483
48069,3570
48070,3818
48071,2946
48072,4120
48073,3560
48074,4127
48075,1179
48076,2916
48077,3865
48078,4043
48079,3268
48080,3241
48081,4666
48082,3832
48083,3670
48084,3467
48085,3548
48086,3483
48087,3674
48088,3906
48089,2571
48090,4406
48091,3655
48092,3417
48093,-1
48094,4108
48095,3291
48096,4242
48097,4425
48098,3708
48099,3329
48100,3732
48101,3426
48102,4405
48103,3004
48104,2890
48105,3413
48106,3436
48107,3347
48108,3496
48109,2694
48110,3405
48111,4358
48112,4272
48113,2479
48114,3509
48115,3591
48116,3788
48117,4112
48118,3063
48119,3589
48120,3362
48121,2966
48122,3760
48123,3300
48124,3362
48125,3942
48126,3065
48127,3653
48128,3582
48129,-1
48130,2943
48131,3591
48132,3115
48133,2832
48134,3941
48135,3335
48136,3310
48137,2755
48138,3852
48139,3132
48140,3340
48141,-1
48142,3195
48143,3224
48144,3661
48145,4298
48146,4692
48147,3771
48148,3260
48149,3663
48150,3388
48151,3076
48152,3173
48153,4000
48154,3897
48155,3790
48156,3379
48157,3442
48158,3759
48159,3094
48160,3825
48161,3260
48162,2474
48163,3309
48164,3286
48165,3727
48166,-1
48167,3007
48168,3953
48169,3893
48170,3660
48171,2948
48172,3506
48173,3696
48174,3708
48175,2858
48176,3097
48177,3168
48178,3210
48179,3203
48180,-1
48181,3234
48182,4093
48183,3559
48184,3722
48185,3703
48186,4253
48187,3531
48188,3698
48189,3223
48190,3847
48191,4146
48192,3378
48193,4125
48194,3841
48195,2930
48196,-1
48197,3752
48198,3783
48199,2876
48200,4087
48201,3796
48202,4369
48203,3936
48204,3890
48205,3613
48206,3799
48207,3765
48208,2853
48209,3446
48210,2676
48211,3175
48212,3188
48213,3589
48214,-1
48215,3118
48216,2859
48217,3533
48218,3785
48219,2789
48220,3938
48221,3506
48222,3535
48223,3062
48224,3893
48225,3522
48226,4002
48227,3708
48228,2513
48229,3904
48230,4266
48231,3265
48232,3577
48233,3845
48234,2190
48235,3313
48236,4244
48237,3986
48238,3175
48239,3765
48240,3883
48241,3429
48242,3937
48243,3673
48244,3042
48245,4006
48246,3410
48247,3606
48248,3396
48249,3592
48250,3508
48251,3759
48252,3375
48253,3885
48254,3268
48255,3894
48256,3276
48257,3502
48258,3422
48259,3706
48260,3452
48261,4233
48262,3557
48263,3969
48264,3995
48265,4355
48266,3571
48267,3471
48268,3819
48269,3698
48270,3761
48271,3128
48272,3804
48273,3745
48274,3795
48275,3953
48276,3845
48277,3121
48278,3427
48279,4263
48280,3737
48281,3880
48282,3552
48283,4289
48284,3924
48285,3534
48286,3733
48287,4544
48288,4548
48289,3644
48290,3286
48291,3196
48292,3740
48293,3757
48294,3210
48295,3954
48296,3213
48297,3717
48298,3590
48299,3903
48300,4073
48301,4300
48302,2649
48303,3503
48304,3103
48305,3960
48306,3530
48307,4348
48308,3669
48309,4033
48310,3766
48311,-1
48312,2829
48313,3466
48314,4019
48315,3301
48316,3847
48317,3804
48318,3080
48319,3662
48320,3477
48321,4239
48322,3526
48323,3186
48324,4127
48325,3493
48326,3859
48327,3489
48328,4240
48329,3325
48330,3073
48331,3238
48332,3946
48333,3421
48334,3129
48335,3706
48336,2884
48337,4514
48338,2995
48339,4325
48340,4159
48341,3119
48342,3511
48343,3466
48344,4345
48345,3538
48346,4926
48347,3959
48348,3474
48349,3745
48350,2964
48351,4188
48352,3509
48353,3166
48354,2980
48355,3764
48356,4152
48357,3118
48358,3369
48359,3264
48360,3674
48361,3672
48362,3429
48363,3481
48364,3019
48365,3505
48366,5188
48367,4034
48368,4007
48369,3863
48370,3649
48371,3066
48372,4097
48373,3849
48374,3646
48375,2570
48376,3740
48377,3465
48378,3393
48379,3363
48380,3153
48381,4767
48382,4573
48383,3880
48384,4412
48385,3862
48386,3879
48387,3709
48388,4151
48389,3224
48390,3328
48391,3340
48392,3732
48393,3565
48394,4298
48395,3686
48396,3483
48397,3677
48398,4026
48399,-1
48400,2956
48401,4035
48402,4423
48403,2348
48404,3731
48405,2783
48406,3680
48407,3494
48408,3878
48409,3902
48410,3628
48411,2775
48412,3397
48413,4135
48414,4179
48415,3900
48416,3985
48417,3153
48418,3515
48419,3414
48420,3076
48421,3311
48422,3995
48423,3862
48424,3985
48425,3363
48426,3434
48427,4158
48428,2312
48429,3182
48430,4024
48431,3163
48432,3303
48433,3955
48434,3585
48435,4217
48436,3902
48437,3596
48438,3212
48439,3530
48440,3108
48441,3778
48442,3390
48443,3929
48444,4069
48445,3739
48446,3840
48447,3070
48448,3691
48449,3242
48450,3586
48451,3222
48452,3898
48453,3438
48454,3586
48455,3664
48456,3510
48457,3201
48458,2852
48459,3545
48460,4063
48461,3035
48462,4036
48463,3226
48464,3002
48465,3546
48466,3555
48467,3329
48468,3745
48469,4243
48470,2932
48471,4115
48472,3397
48473,3418
48474,3864
48475,3605
48476,3447
48477,4185
48478,3753
48479,3226
48480,-1
48481,3789
48482,3118
48483,4223
48484,3132
48485,3830
48486,4463
48487,4555
48488,3672
48489,3507
48490,4212
48491,3801
48492,3649
48493,3820
48494,3119
48495,2872
48496,3456
48497,4443
48498,4122
48499,3991
48500,3586
48501,2990
48502,3460
48503,4192
48504,3736
48505,3299
48506,3983
48507,2614
48508,3670
48509,-1
48510,5192
48511,4333
48512,3791
48513,3480
48514,3159
48515,2766
48516,3778
48517,3931
48518,2680
48519,3765
48520,2973
48521,3831
48522,3485
48523,2912
48524,2956
48525,3663
48526,3536
48527,3657
48528,3821
48529,3396
48530,3379
48531,3556
48532,3507
48533,3584
48534,3993
48535,4070
48536,4560
48537,2523
48538,3338
48539,3699
48540,3305
48541,3359
48542,3738
48543,5149
48544,3422
48545,3864
48546,4122
48547,3893
48548,3429
48549,3955
48550,3386
48551,3590
48552,3354
48553,3631
48554,4637
48555,3961
48556,4503
48557,4110
48558,3012
48559,3875
48560,3743
48561,4382
48562,4447
48563,3297
48564,4016
48565,4835
48566,3162
48567,3563
48568,3427
48569,3703
48570,3694
48571,3543
48572,3532
48573,3542
48574,3596
48575,3716
48576,3229
48577,3551
48578,3459
48579,3216
48580,3584
48581,3961
48582,3254
48583,3679
48584,4319
48585,4107
48586,4113
48587,3520
48588,3496
48589,4666
48590,3564
48591,-1
48592,4226
48593,2800
48594,3677
48595,3273
48596,3051
48597,4312
48598,4200
48599,3012
48600,-1
48601,3729
48602,4129
48603,3872
48604,3918
48605,3364
48606,3930
48607,4387
48608,-1
48609,3903
48610,3760
48611,3350
48612,4121
48613,4157
48614,3860
48615,3732
48616,3615
48617,2677
48618,2946
48619,3270
48620,3898
48621,-1
48622,3406
48623,3603
48624,3780
48625,4202
48626,3321
48627,3813
48628,3358
48629,3687
48630,3568
48631,3487
48632,3422
48633,3686
48634,3725
48635,2601
48636,3163
48637,4258
48638,3273
48639,3629
48640,4252
48641,3421
48642,3926
48643,3876
48644,-1
48645,3252
48646,3204
48647,3678
48648,4619
48649,3498
48650,4424
48651,3905
48652,3652
48653,3571
48654,4009
48655,3395
48656,3738
48657,3747
48658,3953
48659,3736
48660,4308
48661,4017
48662,3262
48663,3628
48664,3590
48665,3138
48666,3418
48667,3285
48668,2660
48669,3909
48670,3638
48671,3366
48672,3175
48673,4043
48674,3732
48675,3195
48676,3344
48677,3335
48678,3585
48679,3544
48680,2926
48681,3519
48682,3222
48683,3882
48684,3179
48685,4181
48686,3996
48687,3633
48688,3717
48689,3296
48690,3882
48691,4041
48692,3290
48693,3816
48694,4766
48695,3661
48696,3534
48697,4461
48698,3920
48699,3671
48700,2631
48701,3803
48702,3681
48703,3219
48704,3434
48705,4034
48706,3505
48707,3506
48708,3615
48709,3639
48710,-1
48711,5105
48712,3737
48713,4560
48714,3885
48715,2988
48716,3708
48717,3782
48718,3276
48719,4156
48720,3647
48721,3571
48722,3938
48723,3854
48724,3807
48725,3378
48726,4054
48727,3948
48728,3599
48729,3249
48730,4097
48731,3863
48732,4322
48733,2881
48734,3025
48735,3831
48736,2952
48737,3979
48738,2897
48739,3862
48740,3167
48741,3166
48742,3650
48743,3508
48744,3146
48745,3638
48746,3630
48747,3149
48748,4034
48749,3851
48750,3762
48751,3806
48752,3482
48753,3699
48754,3523
48755,3172
48756,3278
48757,3978
48758,3270
48759,4042
48760,-1
48761,3591
48762,3141
48763,3205
48764,3678
48765,3192
48766,3306
48767,3531
48768,3622
48769,3416
48770,4004
48771,3986
48772,3030
48773,4005
48774,3569
48775,3557
48776,3484
48777,4090
48778,3822
48779,3278
48780,3883
48781,2526
48782,3489
48783,4153
48784,3309
48785,3295
48786,3615
48787,4206
48788,4109
48789,3574
48790,3689
48791,3195
48792,3512
48793,-1
48794,3808
48795,3794
48796,3567
48797,2713
48798,3539
48799,3073
48800,3408
48801,3374
48802,4097
48803,3102
48804,3801
48805,4286
48806,3586
48807,4339
48808,3559
48809,3560
48810,3791
48811,3632
48812,3634
48813,4071
48814,3642
48815,4400
48816,3661
48817,2759
48818,3428
48819,3536
48820,4016
48821,2382
48822,3553
48823,3331
48824,4242
48825,3897
48826,4218
48827,3412
48828,3872
48829,4247
48830,3084
48831,3518
48832,3763
48833,3992
48834,3342
48835,4839
48836,3882
48837,3738
48838,3607
48839,3368
48840,3583
48841,3301
48842,3832
48843,3451
48844,3142
48845,3297
48846,3655
48847,3726
48848,4581
48849,3694
48850,2912
48851,4260
48852,3740
48853,4184
48854,4087
48855,4156
48856,3273
48857,3749
48858,3442
48859,-1
48860,4312
48861,3190
48862,3313
48863,3772
48864,3881
48865,3290
48866,3254
48867,3864
48868,3808
48869,3549
48870,3356
48871,3688
48872,3365
48873,3175
48874,3687
48875,4428
48876,3650
48877,3052
48878,3943
48879,4163
48880,3158
48881,3593
48882,3897
48883,3063
48884,3514
48885,3211
48886,4036
48887,4152
48888,3986
48889,2921
48890,-1
48891,3669
48892,5328
48893,2963
48894,4068
48895,3395
48896,4410
48897,3663
48898,4277
48899,3662
48900,3377
48901,3466
48902,2901
48903,4138
48904,3102
48905,3617
48906,3664
48907,3770
48908,4108
48909,2220
48910,3370
48911,3728
48912,3019
48913,3459
48914,4161
48915,3819
48916,3061
48917,3858
48918,3619
48919,2180
48920,2936
48921,3426
48922,3518
48923,3830
48924,4058
48925,3956
48926,2640
48927,3628
48928,3544
48929,4168
48930,3084
48931,3391
48932,2596
48933,3433
48934,4190
48935,3284
48936,4599
48937,3997
48938,3914
48939,3650
48940,3683
48941,3559
48942,3843
48943,3253
48944,3180
48945,4313
48946,4114
48947,4192
48948,3777
48949,2922
48950,3416
48951,2540
48952,2758
48953,3680
48954,3996
48955,3153
48956,3484
48957,3607
48958,4121
48959,3497
48960,2904
48961,3804
48962,3528
48963,3228
48964,3694
48965,3592
48966,2585
48967,3399
48968,3647
48969,3707
48970,3722
48971,3191
48972,4061
48973,3408
48974,3188
48975,3613
48976,2761
48977,3166
48978,3589
48979,3623
48980,3597
48981,3838
48982,3757
48983,3810
48984,3541
48985,3305
48986,3191
48987,3280
48988,3764
48989,3582
48990,3452
48991,4190
48992,3476
48993,3549
48994,3747
48995,3698
48996,3909
48997,3217
48998,4095
48999,2541
49000,3499
49001,3995
49002,3071
49003,3871
49004,2854
49005,3681
49006,4390
49007,4330
49008,3751
49009,3991
49010,2342
49011,4362
49012,3997
49013,3677
49014,3095
49015,3646
49016,3633
49017,4210
49018,3281
49019,3704
49020,3970
49021,3579
49022,4726
49023,3367
49024,3436
49025,3541
49026,3406
49027,3330
49028,2934
49029,3150
49030,3906
49031,4137
49032,3980
49033,3581
49034,4242
49035,4263
49036,3182
49037,3348
49038,3579
49039,3550
49040,4151
49041,3953
49042,4058
49043,3738
49044,3978
49045,4088
49046,3854
49047,3008
49048,2800
49049,4311
49050,3892
49051,5011
49052,3723
49053,3757
49054,3983
49055,2652
49056,2903
49057,3216
49058,3363
49059,4325
49060,3621
49061,3415
49062,3373
49063,3822
49064,3177
49065,3052
49066,3463
49067,3820
49068,4156
49069,3635
49070,3199
49071,3886
49072,3322
49073,3224
49074,3100
49075,3343
49076,4751
49077,4084
49078,3434
49079,2922
49080,4003
49081,3889
49082,3334
49083,3536
49084,2801
49085,3891
49086,4182
49087,3411
49088,3785
49089,4346
49090,3880
49091,3996
49092,4205
49093,4215
49094,3640
49095,3316
49096,3672
49097,3215
49098,3279
49099,3077
49100,3185
49101,3669
49102,3323
49103,3466
49104,3983
49105,3399
49106,4810
49107,3566
49108,3902
49109,3659
49110,3302
49111,3345
49112,-1
49113,3455
49114,3996
49115,3383
49116,3937
49117,4415
49118,3237
49119,3847
49120,3824
49121,2954
49122,3599
49123,3787
49124,3958
49125,3358
49126,3446
49127,3832
49128,3925
49129,3226
49130,3874
49131,3338
49132,-1
49133,3279
49134,3596
49135,3631
49136,3440
49137,3414
49138,4442
49139,3916
49140,2601
49141,3344
49142,3247
49143,3533
49144,3511
49145,3989
49146,3354
49147,3940
49148,4125
49149,3642
49150,3596
49151,3726
49152,4332
49153,3033
49154,3848
49155,3691
49156,4167
49157,-1
49158,3987
49159,4241
49160,3700
49161,3353
49162,3667
49163,3284
49164,3856
49165,3972
49166,3017
49167,3656
49168,3770
49169,3095
49170,3928
49171,2563
49172,3566
49173,3475
49174,3286
49175,3210
49176,3994
49177,4326
49178,3852
49179,4064
49180,3558
49181,3498
49182,3629
49183,-1
49184,3868
49185,3522
49186,3939
49187,3380
49188,3302
49189,3507
49190,3165
49191,4295
49192,3470
49193,3113
49194,3410
49195,3444
49196,4245
49197,4208
49198,2837
49199,3295
49200,3411
49201,3498
49202,3757
49203,3931
49204,3808
49205,3734
49206,3759
49207,2779
49208,2943
49209,3532
49210,3351
49211,3599
49212,4568
49213,4027
49214,3970
49215,4028
49216,2635
49217,3868
49218,3646
49219,3656
49220,-1
49221,3757
49222,4427
49223,3920
49224,3757
49225,3482
49226,3539
49227,4076
49228,3151
49229,3794
49230,3343
49231,3304
49232,2859
49233,3728
49234,4090
49235,3334
49236,4123
49237,4579
49238,3203
49239,3370
49240,3737
49241,3686
49242,4083
49243,4156
49244,3997
49245,3352
49246,3620
49247,3265
49248,3927
49249,3876
49250,3688
49251,3380
49252,3650
49253,3783
49254,3159
49255,2970
49256,3512
49257,2856
49258,3120
49259,3956
49260,3291
49261,3738
49262,3502
49263,4191
49264,3520
49265,2712
49266,3268
49267,3430
49268,4122
49269,3487
49270,4179
49271,3772
49272,3979
49273,3921
49274,3082
49275,3594
49276,3524
49277,3554
49278,4138
49279,3732
49280,4512
49281,3844
49282,3073
49283,3477
49284,3858
49285,3423
49286,3646
49287,4030
49288,3260
49289,3418
49290,3063
49291,3819
49292,3203
49293,3454
49294,3274
49295,-1
49296,3324
49297,3476
49298,3738
49299,3206
49300,4306
49301,3923
49302,3336
49303,2835
49304,3727
49305,4169
49306,3364
49307,3604
49308,3910
49309,3548
49310,2820
49311,3602
49312,3626
49313,4068
49314,4087
49315,3680
49316,3927
49317,3909
49318,3465
49319,4316
49320,3245
49321,3713
49322,3158
49323,3409
49324,2623
49325,3482
49326,3433
49327,3794
49328,3719
49329,3610
49330,2952
49331,4075
49332,3246
49333,4590
49334,3129
49335,3260
49336,4101
49337,4218
49338,3583
49339,3316
49340,3583
49341,4155
49342,3777
49343,3739
49344,4538
49345,2759
49346,4223
49347,3552
49348,3270
49349,4099
49350,3324
49351,3105
49352,4104
49353,3609
49354,4217
49355,3046
49356,3443
49357,3272
49358,3980
49359,3876
49360,2749
49361,2654
49362,3172
49363,3549
49364,3416
49365,3950
49366,3731
49367,3213
49368,3887
49369,3772
49370,3480
49371,3832
49372,4099
49373,3354
49374,4237
49375,4914
49376,3829
49377,3590
49378,3553
49379,3283
49380,3822
49381,3218
49382,3874
49383,3212
49384,2868
49385,3180
49386,5171
49387,3853
49388,-1
49389,3566
49390,3659
49391,3030
49392,3123
49393,3659
49394,3502
49395,4767
49396,4031
49397,3596
49398,2483
49399,4560
49400,3127
49401,4203
49402,3429
49403,3518
49404,3584
49405,3717
49406,3720
49407,3473
49408,3153
49409,3747
49410,3731
49411,3567
49412,4400
49413,3833
49414,2531
49415,3549
49416,3849
49417,3262
49418,4031
49419,3681
49420,3400
49421,3500
49422,3412
49423,4224
49424,3321
49425,3964
49426,3817
49427,3336
49428,3651
49429,3366
49430,2991
49431,3398
49432,3382
49433,3566
49434,3890
49435,3528
49436,3877
49437,3940
49438,3852
49439,3376
49440,2539
49441,3746
49442,4424
49443,4375
49444,2585
49445,3831
49446,1156
49447,3702
49448,3454
49449,2332
49450,3634
49451,3486
49452,3030
49453,3381
49454,2740
49455,3507
49456,4413
49457,3351
49458,3160
49459,3933
49460,3357
49461,3558
49462,3931
49463,3169
49464,3511
49465,3759
49466,3640
49467,3515
49468,3920
49469,3742
49470,3729
49471,3698
49472,-1
49473,3316
49474,3823
49475,3815
49476,3736
49477,3875
49478,3928
49479,2417
49480,4363
49481,3205
49482,3241
49483,3533
49484,3823
49485,4109
49486,3614
49487,3384
49488,3280
49489,3283
49490,3404
49491,3586
49492,3030
49493,3241
49494,2953
49495,3842
49496,3844
49497,3655
49498,3789
49499,3082
49500,3120
49501,3341
49502,3066
49503,3348
49504,4053
49505,3269
49506,3845
49507,3035
49508,4179
49509,3826
49510,3709
49511,3628
49512,3935
49513,2967
49514,3084
49515,3473
49516,4340
49517,3341
49518,3532
49519,2870
49520,3749
49521,3521
49522,3325
49523,4187
49524,2841
49525,3601
49526,3588
49527,3802
49528,3609
49529,4053
49530,3266
49531,4265
49532,4189
49533,3791
49534,4714
49535,3159
49536,3703
49537,4327
49538,3047
49539,4896
49540,4193
49541,3481
49542,3775
49543,4417
49544,-1
49545,2828
49546,4080
49547,4184
49548,3654
49549,3844
49550,3345
49551,2911
49552,-1
49553,2960
49554,3788
49555,3149
49556,3700
49557,3498
49558,3494
49559,3485
49560,4140
49561,3439
49562,3471
49563,3374
49564,3595
49565,4424
49566,4153
49567,3058
49568,3480
49569,3896
49570,4084
49571,3981
49572,3965
49573,4049
49574,4893
49575,4056
49576,3812
49577,4281
49578,3616
49579,3898
49580,3295
49581,2723
49582,3088
49583,3570
49584,4039
49585,4087
49586,3363
49587,4089
49588,3667
49589,3638
49590,4031
49591,3552
49592,3463
49593,3830
49594,4713
49595,3484
49596,3171
49597,3686
49598,4112
49599,3246
49600,3310
49601,3819
49602,5186
49603,3285
49604,4005
49605,2513
49606,3227
49607,4740
49608,3332
49609,4208
49610,3371
49611,3561
49612,3821
49613,3511
49614,3076
49615,3529
49616,3309
49617,3726
49618,4038
49619,-1
49620,3902
49621,4754
49622,3085
49623,3977
49624,2968
49625,3411
49626,3272
49627,4543
49628,3488
49629,3960
49630,3645
49631,3659
49632,4167
49633,3714
49634,3551
49635,3520
49636,3855
49637,3823
49638,4913
49639,3224
49640,4079
49641,3684
49642,3373
49643,3539
49644,4177
49645,3514
49646,4898
49647,3095
49648,2971
49649,3973
49650,3405
49651,3159
49652,3380
49653,2893
49654,2506
49655,4461
49656,3307
49657,2951
49658,3408
49659,3805
49660,3456
49661,3919
49662,3507
49663,4392
49664,3559
49665,-1
49666,3289
49667,3443
49668,3470
49669,3729
49670,4234
49671,3344
49672,4202
49673,3880
49674,3323
49675,3090
49676,4039
49677,3759
49678,3942
49679,4039
49680,3108
49681,3712
49682,3797
49683,3603
49684,-1
49685,4217
49686,3795
49687,3960
49688,2724
49689,3469
49690,3561
49691,3622
49692,3651
49693,-1
49694,3000
49695,3868
49696,3137
49697,4244
49698,3464
49699,3721
49700,3822
49701,4288
49702,3989
49703,3420
49704,3408
49705,3594
49706,3024
49707,3389
49708,3260
49709,3548
49710,3107
49711,3231
49712,3719
49713,3707
49714,4787
49715,4186
49716,3016
49717,3688
49718,4370
49719,3184
49720,2975
49721,3334
49722,2728
49723,4200
49724,3704
49725,3366
49726,4690
49727,2997
49728,3484
49729,4115
49730,3400
49731,3056
49732,3522
49733,4153
49734,3533
49735,3324
49736,4426
49737,4460
49738,3712
49739,3881
49740,3524
49741,3536
49742,3670
49743,3880
49744,3419
49745,3813
49746,3716
49747,3507
49748,3134
49749,3707
49750,3238
49751,3607
49752,3875
49753,3198
49754,3438
49755,3132
49756,3987
49757,4144
49758,3148
49759,3640
49760,4065
49761,3083
49762,2893
49763,3272
49764,4090
49765,3854
49766,3244
49767,5018
49768,3943
49769,3745
49770,3662
49771,4589
49772,2894
49773,4545
49774,3965
49775,4016
49776,4082
49777,3547
49778,3688
49779,2990
49780,2585
49781,3420
49782,3527
49783,3237
49784,3138
49785,4201
49786,2870
49787,3857
49788,3002
49789,3833
49790,4059
49791,4405
49792,3477
49793,3431
49794,4032
49795,2651
49796,3107
49797,4291
49798,3354
49799,3685
49800,3730
49801,3113
49802,3348
49803,3350
49804,3691
49805,3520
49806,3968
49807,4207
49808,4297
49809,4319
49810,4092
49811,3391
49812,3857
49813,3190
49814,3788
49815,3374
49816,3356
49817,3808
49818,3448
49819,3712
49820,3448
49821,3054
49822,4210
49823,3556
49824,3662
49825,4442
49826,3546
49827,3268
49828,3683
49829,3312
49830,4262
49831,4066
49832,3691
49833,4273
49834,3841
49835,3727
49836,3429
49837,2704
49838,2778
49839,2657
49840,3568
49841,2910
49842,4028
49843,3889
49844,3340
49845,4042
49846,4410
49847,3276
49848,4189
49849,4757
49850,3590
49851,3357
49852,4135
49853,3319
49854,3989
49855,2982
49856,2742
49857,3177
49858,3521
49859,3300
49860,4103
49861,2848
49862,3008
49863,3510
49864,5350
49865,4223
49866,4110
49867,3790
49868,2890
49869,4072
49870,3181
49871,3851
49872,4328
49873,3580
49874,3303
49875,3805
49876,3701
49877,3554
49878,2655
49879,3308
49880,3839
49881,4177
49882,4026
49883,3997
49884,3805
49885,3278
49886,3343
49887,4005
49888,3561
49889,3864
49890,3259
49891,3476
49892,3710
49893,3837
49894,4030
49895,4107
49896,3801
49897,-1
49898,3200
49899,3950
49900,3745
49901,3532
49902,3970
49903,3483
49904,3230
49905,-1
49906,3507
49907,3642
49908,3511
49909,3069
49910,4184
49911,3559
49912,3565
49913,3271
49914,3252
49915,4252
49916,3437
49917,3352
49918,4675
49919,3332
49920,3337
49921,4037
49922,3674
49923,3432
49924,3309
49925,3893
49926,2886
49927,3745
49928,3406
49929,3637
49930,3614
49931,3809
49932,2757
49933,3050
49934,3921
49935,4031
49936,4077
49937,3992
49938,3659
49939,3609
49940,2779
49941,3057
49942,3671
49943,3233
49944,3688
49945,4259
49946,3366
49947,2605
49948,3392
49949,3136
49950,3274
49951,4599
49952,2955
49953,2423
49954,3374
49955,3914
49956,4112
49957,3633
49958,3164
49959,3677
49960,3021
49961,3323
49962,3941
49963,3816
49964,3575
49965,3242
49966,3811
49967,3647
49968,2480
49969,3685
49970,4315
49971,3820
49972,3693
49973,3947
49974,4266
49975,3894
49976,3360
49977,3521
49978,3837
49979,3220
49980,3999
49981,2580
49982,3887
49983,4017
49984,3426
49985,3377
49986,3423
49987,4091
49988,3537
49989,3493
49990,2805
49991,3687
49992,3808
49993,3736
49994,3464
49995,3803
49996,3543
49997,3244
49998,3576
49999,3545
50000,3903
50001,3818
50002,4428
50003,3265
50004,4083
50005,3606
50006,3460
50007,3314
50008,4092
50009,-1
50010,3873
50011,3541
50012,3319
50013,3694
50014,-1
50015,3847
50016,3713
50017,3873
50018,3315
50019,3269
50020,3847
50021,3791
50022,3613
50023,4005
50024,3659
50025,3442
50026,3718
50027,3844
50028,-1
50029,3143
50030,4675
50031,3114
50032,3917
50033,3930
50034,4388
50035,3005
50036,3620
50037,3718
50038,4066
50039,3589
50040,3398
50041,4250
50042,3946
50043,4123
50044,3909
50045,3688
50046,3225
50047,4528
50048,3025
50049,3618
50050,3975
50051,3741
50052,3920
50053,3539
50054,3275
50055,3074
50056,4236
50057,3798
50058,3267
50059,3927
50060,4486
50061,3516
50062,4417
50063,3941
50064,-1
50065,4031
50066,3717
50067,2154
50068,3040
50069,3746
50070,4532
50071,3457
50072,2900
50073,3923
50074,3991
50075,-1
50076,4143
50077,3481
50078,3594
50079,3680
50080,3129
50081,3779
50082,2958
50083,3925
50084,4326
50085,3258
50086,3175
50087,3893
50088,3660
50089,3011
50090,3806
50091,3899
50092,3209
50093,2753
50094,3651
50095,3673
50096,3855
50097,2667
50098,3717
50099,4110
50100,2899
50101,3474
50102,3183
50103,3904
50104,3216
50105,3845
50106,3490
50107,3845
50108,3216
50109,3029
50110,2079
50111,3240
50112,3534
50113,3589
50114,4275
50115,3695
50116,3624
50117,3471
50118,3385
50119,3744
50120,3105
50121,4349
50122,3852
50123,2926
50124,3987
50125,3530
50126,3222
50127,3515
50128,3847
50129,3659
50130,3867
50131,3429
50132,3325
50133,-1
50134,3582
50135,3414
50136,4018
50137,4061
50138,3720
50139,3674
50140,3636
50141,3726
50142,4212
50143,3473
50144,3831
50145,4977
50146,3342
50147,2758
50148,4604
50149,3055
50150,4028
50151,3764
50152,3204
50153,4181
50154,3567
50155,3754
50156,3399
50157,3602
50158,3525
50159,3033
50160,4040
50161,4013
50162,3381
50163,3828
50164,3991
50165,3581
50166,3515
50167,3637
50168,3570
50169,3500
50170,4378
50171,3414
50172,4307
50173,3947
50174,2421
50175,3402
50176,3103
50177,3312
50178,3710
50179,4190
50180,3406
50181,3217
50182,3683
50183,3827
50184,4282
50185,3043
50186,4071
50187,4260
50188,2912
50189,3814
50190,3189
50191,3394
50192,3670
50193,3164
50194,3978
50195,3906
50196,4462
50197,3651
50198,3914
50199,4107
50200,2132
50201,3019
50202,4922
50203,3998
50204,3191
50205,3300
50206,3191
50207,3594
50208,3200
50209,4033
50210,3970
50211,3366
50212,3668
50213,4290
50214,3459
50215,3246
50216,3915
50217,3630
50218,3589
50219,4181
50220,3657
50221,-1
50222,3309
50223,4217
50224,3786
50225,3197
50226,4130
50227,3247
50228,3186
50229,3635
50230,4028
50231,3579
50232,2254
50233,2983
50234,3299
50235,3733
50236,3974
50237,3546
50238,4741
50239,2867
50240,3992
50241,3515
50242,3553
50243,3587
50244,4024
50245,2880
50246,3591
50247,-1
50248,3361
50249,3442
50250,4609
50251,3914
50252,3587
50253,4064
50254,3017
50255,4192
50256,2866
50257,3874
50258,3244
50259,3378
50260,2802
50261,3488
50262,2610
50263,3976
50264,3441
50265,3371
50266,-1
50267,4125
50268,3623
50269,3793
50270,4298
50271,3651
50272,4496
50273,3862
50274,3138
50275,3883
50276,3702
50277,3572
50278,4035
50279,3190
50280,3704
50281,3706
50282,4737
50283,3120
50284,3893
50285,3635
50286,3671
50287,3795
50288,3274
50289,4338
50290,3089
50291,2948
50292,2852
50293,-1
50294,3747
50295,2895
50296,3464
50297,3749
50298,3391
50299,3931
50300,-1
50301,3474
50302,2387
50303,4160
50304,3784
50305,3430
50306,3357
50307,3510
50308,3808
50309,3998
50310,3727
50311,3716
50312,3897
50313,3476
50314,4512
50315,4185
50316,5115
50317,3136
50318,3840
50319,3631
50320,3136
50321,3688
50322,2554
50323,3625
50324,3981
50325,3484
50326,3858
50327,4247
50328,3211
50329,3740
50330,3145
50331,3131
50332,3475
50333,3265
50334,3827
50335,3758
50336,3075
50337,3776
50338,3688
50339,3435
50340,3055
50341,3212
50342,2733
50343,3087
50344,4304
50345,3783
50346,4049
50347,3629
50348,4021
50349,3127
50350,3817
50351,3299
50352,3310
50353,3371
50354,2971
50355,3183
50356,3223
50357,3627
50358,3806
50359,3252
50360,4424
50361,3472
50362,2039
50363,3854
50364,3334
50365,3810
50366,3691
50367,3664
50368,3358
50369,3234
50370,-1
50371,3533
50372,3784
50373,3590
50374,3351
50375,3303
50376,4522
50377,4424
50378,4007
50379,3184
50380,2628
50381,3604
50382,3478
50383,3508
50384,3034
50385,3418
50386,3191
50387,3007
50388,3309
50389,3501
50390,3367
50391,3949
50392,3988
50393,3817
50394,3722
50395,3923
50396,-1
50397,4153
50398,3818
50399,3449
50400,3587
50401,3168
50402,2937
50403,4121
50404,4237
50405,4369
50406,3761
50407,2441
50408,3435
50409,3178
50410,3013
50411,3654
50412,4356
50413,3485
50414,3975
50415,4135
50416,3779
50417,3372
50418,3997
50419,3539
50420,4043
50421,3239
50422,3300
50423,3006
50424,3332
50425,4433
50426,3477
50427,3982
50428,4220
50429,4001
50430,3131
50431,3663
50432,4429
50433,3678
50434,3005
50435,4000
50436,4467
50437,3832
50438,3960
50439,4664
50440,2885
50441,3800
50442,3428
50443,4317
50444,3433
50445,2640
50446,3560
50447,3447
50448,3484
50449,3410
50450,3304
50451,4164
50452,3324
50453,3107
50454,-1
50455,2862
50456,3758
50457,4499
50458,3349
50459,2949
50460,3223
50461,3791
50462,3417
50463,3494
50464,3592
50465,4480
50466,3350
50467,3770
50468,3703
50469,2857
50470,3434
50471,3301
50472,3561
50473,3498
50474,3648
50475,3093
50476,3777
50477,3861
50478,3694
50479,3889
50480,4068
50481,3399
50482,3384
50483,4187
50484,3785
50485,4338
50486,3891
50487,4915
50488,3745
50489,3947
50490,4577
50491,3958
50492,2703
50493,4221
50494,2860
50495,3870
50496,3965
50497,3616
50498,4505
50499,3245
50500,3434
50501,3189
50502,3980
50503,3857
50504,4081
50505,3725
50506,3004
50507,3655
50508,2830
50509,3654
50510,3737
50511,3384
50512,4009
50513,3090
50514,3555
50515,3836
50516,2845
50517,3584
50518,3707
50519,2455
50520,3702
50521,4005
50522,-1
50523,3935
50524,3347
50525,3353
50526,3412
50527,3151
50528,3293
50529,2664
50530,3679
50531,3200
50532,3191
50533,4164
50534,3130
50535,3526
50536,3796
50537,3316
50538,-1
50539,3734
50540,4306
50541,3669
50542,4669
50543,-1
50544,3522
50545,3793
50546,3119
50547,2995
50548,3892
50549,3759
50550,4342
50551,3538
50552,3527
50553,3505
50554,3902
50555,4190
50556,3372
50557,3505
50558,2886
50559,3821
50560,3485
50561,3176
50562,4052
50563,4219
50564,3380
50565,3816
50566,3752
50567,3015
50568,4190
50569,4293
50570,3489
50571,3619
50572,3566
50573,4171
50574,-1
50575,3846
50576,3890
50577,3960
50578,3480
50579,4215
50580,3670
50581,3758
50582,4290
50583,4040
50584,3707
50585,3726
50586,3098
50587,3136
50588,4226
50589,3865
50590,3421
50591,4225
50592,3613
50593,3830
50594,3471
50595,3599
50596,3134
50597,2889
50598,3755
50599,3247
50600,3526
50601,3989
50602,3518
50603,4093
50604,3402
50605,3718
50606,2987
50607,4310
50608,3765
50609,4983
50610,3634
50611,3706
50612,3800
50613,3343
50614,3669
50615,4051
50616,4221
50617,3082
50618,2928
50619,3317
50620,2306
50621,3897
50622,3471
50623,-1
50624,2912
50625,3470
50626,3017
50627,3536
50628,3704
50629,3783
50630,3398
50631,3265
50632,4108
50633,4370
50634,3888
50635,3532
50636,4956
50637,3717
50638,-1
50639,3396
50640,3806
50641,3816
50642,3002
50643,3560
50644,4673
50645,3445
50646,4956
50647,3711
50648,3734
50649,3819
50650,3241
50651,3529
50652,3524
50653,4236
50654,3565
50655,2793
50656,-1
50657,3965
50658,3339
50659,3055
50660,3416
50661,4669
50662,2942
50663,3648
50664,3433
50665,3212
50666,3715
50667,4135
50668,4244
50669,4555
50670,3887
50671,3872
50672,2918
50673,3084
50674,3751
50675,4058
50676,3356
50677,3433
50678,3813
50679,3716
50680,4634
50681,3387
50682,4929
50683,3229
50684,3597
50685,4505
50686,4406
50687,3574
50688,3271
50689,3495
50690,3399
50691,4023
50692,4244
50693,2962
50694,3105
50695,3581
50696,4057
50697,4012
50698,2301
50699,3459
50700,2711
50701,3740
50702,-1
50703,3384
50704,-1
50705,3673
50706,2822
50707,3931
50708,3541
50709,3827
50710,4239
50711,3989
50712,2516
50713,3984
50714,3294
50715,3626
50716,4017
50717,2708
50718,3463
50719,3456
50720,3791
50721,3684
50722,2852
50723,3464
50724,4082
50725,3521
50726,3704
50727,3869
50728,3551
50729,3499
50730,3287
50731,4174
50732,3537
50733,3509
50734,3281
50735,3910
50736,3751
50737,3638
50738,3752
50739,3992
50740,4069
50741,3675
50742,3401
50743,3724
50744,3514
50745,3997
50746,3751
50747,5089
50748,3730
50749,3697
50750,3283
50751,3614
50752,3385
50753,3763
50754,4291
50755,3447
50756,3414
50757,3535
50758,3206
50759,4111
50760,3977
50761,3123
50762,3470
50763,3772
50764,3219
50765,3292
50766,4100
50767,3007
50768,3831
50769,3385
50770,3366
50771,3713
50772,3730
50773,3296
50774,2926
50775,3979
50776,-1
50777,3355
50778,3463
50779,1824
50780,3002
50781,3782
50782,3745
50783,3424
50784,2907
50785,3171
50786,3596
50787,3356
50788,3595
50789,4501
50790,4140
50791,4683
50792,3303
50793,3278
50794,3802
50795,2564
50796,3155
50797,3268
50798,3987
50799,3926
50800,4110
50801,3352
50802,3374
50803,3563
50804,3560
50805,4074
50806,3810
50807,3878
50808,4212
50809,2964
50810,4692
50811,3357
50812,2717
50813,4151
50814,2717
50815,3858
50816,4133
50817,4924
50818,3233
50819,3324
50820,3954
50821,2958
50822,2770
50823,3459
50824,3296
50825,3820
50826,3233
50827,3281
50828,3443
50829,3653
50830,3943
50831,2851
50832,4322
50833,3733
50834,3457
50835,3499
50836,3517
50837,3322
50838,4240
50839,3303
50840,3887
50841,4075
50842,3553
50843,3254
50844,3629
50845,3524
50846,3740
50847,2940
50848,4130
50849,3173
50850,3981
50851,3747
50852,3299
50853,3020
50854,3799
50855,3391
50856,3267
50857,3781
50858,3212
50859,4052
50860,3962
50861,3350
50862,3901
50863,4071
50864,4009
50865,3232
50866,3846
50867,3488
50868,4054
50869,3672
50870,3710
50871,3492
50872,3650
50873,3559
50874,4555
50875,3726
50876,4144
50877,3548
50878,4221
50879,3908
50880,4383
50881,2761
50882,3236
50883,2855
50884,3549
50885,3519
50886,3079
50887,3467
50888,3211
50889,3646
50890,3954
50891,3809
50892,2762
50893,4087
50894,4509
50895,3942
50896,4134
50897,4007
50898,4575
50899,3167
50900,3277
50901,3861
50902,3890
50903,4181
50904,-1
50905,3392
50906,4091
50907,4049
50908,3068
50909,3913
50910,4050
50911,3819
50912,3252
50913,3792
50914,3480
50915,3459
50916,3358
50917,3386
50918,3916
50919,3529
50920,2937
50921,3427
50922,3703
50923,3996
50924,3822
50925,4095
50926,3051
50927,4002
50928,3874
50929,4068
50930,3530
50931,4017
50932,3365
50933,3622
50934,3892
50935,3931
50936,3668
50937,4080
50938,3232
50939,3103
50940,3523
50941,3601
50942,3927
50943,4359
50944,-1
50945,3788
50946,3017
50947,3804
50948,3482
50949,4468
50950,3528
50951,3348
50952,3146
50953,2907
50954,3863
50955,4966
50956,3619
50957,4426
50958,3383
50959,3353
50960,4783
50961,4329
50962,3531
50963,3432
50964,5057
50965,3107
50966,3843
50967,2474
50968,-1
50969,3843
50970,4357
50971,2972
50972,3297
50973,3237
50974,3180
50975,3776
50976,3674
50977,3638
50978,4107
50979,3661
50980,2660
50981,3966
50982,3344
50983,3377
50984,4433
50985,2685
50986,3450
50987,3489
50988,3028
50989,4423
50990,3414
50991,4061
50992,3689
50993,3986
50994,2718
50995,2427
50996,3227
50997,3682
50998,3108
50999,3284
51000,3409
51001,3544
51002,3397
51003,3999
51004,3767
51005,3263
51006,2963
51007,3123
51008,4423
51009,3423
51010,3265
51011,2844
51012,3566
51013,3184
51014,3773
51015,3406
51016,4170
51017,5323
51018,3845
51019,3599
51020,3594
51021,4245
51022,3542
51023,3093
51024,3963
51025,3105
51026,3669
51027,4008
51028,3948
51029,3429
51030,3626
51031,2729
51032,3746
51033,3348
51034,3180
51035,3775
51036,3229
51037,3230
51038,3059
51039,3630
51040,3592
51041,3223
51042,3235
51043,3157
51044,3603
51045,4589
51046,2807
51047,3763
51048,3300
51049,3333
51050,4226
51051,4354
51052,4490
51053,3128
51054,2984
51055,2879
51056,3661
51057,4116
51058,3651
51059,4081
51060,4461
51061,4179
51062,3712
51063,3471
51064,3749
51065,3570
51066,3233
51067,3003
51068,2984
51069,3713
51070,4131
51071,4107
51072,3465
51073,3762
51074,3550
51075,3480
51076,3269
51077,3691
51078,2783
51079,3468
51080,3522
51081,3755
51082,3888
51083,3420
51084,3173
51085,3474
51086,3868
51087,3503
51088,3219
51089,3397
51090,3633
51091,3971
51092,3759
51093,4202
51094,3817
51095,3935
51096,3674
51097,3120
51098,3302
51099,4084
51100,3106
51101,3641
51102,2220
51103,3219
51104,3253
51105,3481
51106,3722
51107,3223
51108,3720
51109,2836
51110,3332
51111,3521
51112,3155
51113,3834
51114,3452
51115,4102
51116,3737
51117,3152
51118,3349
51119,3823
51120,3925
51121,3999
51122,4399
51123,3011
51124,2553
51125,3163
51126,3741
51127,3264
51128,3933
51129,3199
51130,3302
51131,2644
51132,3625
51133,3427
51134,4387
51135,4830
51136,3578
51137,3610
51138,4534
51139,3439
51140,2929
51141,3863
51142,2906
51143,3065
51144,3763
51145,3707
51146,3349
51147,3341
51148,4546
51149,3985
51150,3543
51151,3481
51152,3654
51153,3640
51154,3404
51155,3767
51156,3843
51157,3946
51158,3738
51159,2450
51160,3998
51161,3711
51162,3902
51163,3424
51164,2971
51165,3997
51166,-1
51167,3807
51168,3712
51169,2640
51170,2943
51171,3836
51172,3557
51173,3481
51174,3483
51175,3189
51176,-1
51177,3761
51178,4088
51179,2986
51180,3722
51181,3677
51182,3622
51183,3531
51184,3140
51185,3036
51186,3185
51187,3415
51188,3747
51189,3326
51190,3644
51191,2965
51192,3466
51193,4101
51194,3406
51195,4148
51196,4189
51197,3991
51198,3392
51199,2823
51200,3246
51201,2793
51202,2866
51203,3473
51204,3834
51205,2792
51206,3647
51207,3911
51208,3236
51209,3775
51210,3785
51211,3588
51212,3633
51213,3413
51214,2968
51215,4202
51216,3340
51217,4139
51218,3937
51219,3399
51220,3927
51221,2879
51222,4178
51223,3368
51224,3225
51225,2942
51226,3451
51227,3922
51228,4026
51229,3429
51230,2882
51231,3752
51232,3715
51233,4206
51234,2230
51235,3600
51236,3241
51237,3276
51238,4824
51239,3864
51240,3093
51241,3418
51242,3750
51243,4645
51244,4402
51245,3178
51246,3481
51247,3839
51248,3404
51249,3783
51250,3373
51251,4243
51252,3254
51253,3312
51254,4003
51255,3863
51256,4302
51257,3674
51258,3314
51259,3610
51260,4025
51261,3599
51262,3623
51263,3811
51264,4031
51265,3933
51266,3267
51267,3658
51268,2736
51269,3427
51270,3908
51271,3008
51272,3847
51273,2124
51274,4086
51275,3797
51276,3473
51277,4311
51278,3782
51279,-1
51280,3466
51281,3636
51282,3619
51283,3580
51284,3982
51285,3891
51286,3679
51287,3463
51288,3570
51289,3926
51290,3228
51291,4083
51292,2941
51293,3811
51294,-1
51295,3438
51296,3383
51297,3165
51298,3391
51299,4038
51300,2533
51301,3293
51302,3286
51303,3158
51304,3345
51305,3806
51306,4247
51307,3729
51308,3222
51309,3280
51310,3788
51311,3927
51312,4104
51313,3536
51314,3801
51315,3978
51316,4004
51317,3550
51318,4471
51319,3747
51320,3805
51321,4846
51322,3423
51323,3955
51324,3505
51325,3807
51326,3543
51327,3163
51328,4007
51329,3612
51330,4181
51331,3198
51332,4138
51333,3778
51334,3902
51335,3645
51336,3790
51337,3900
51338,3176
51339,3123
51340,3616
51341,3086
51342,3583
51343,4106
51344,3812
51345,3967
51346,3377
51347,2810
51348,2425
51349,4079
51350,3338
51351,3672
51352,3479
51353,3455
51354,3429
51355,3565
51356,4022
51357,4281
51358,3587
51359,3439
51360,4015
51361,3442
51362,3839
51363,3539
51364,3692
51365,2810
51366,3642
51367,3877
51368,3690
51369,3182
51370,3149
51371,3411
51372,3885
51373,4294
51374,3350
51375,4097
51376,3135
51377,3551
51378,3438
51379,4040
51380,3307
51381,3407
51382,4526
51383,3162
51384,4071
51385,3598
51386,3903
51387,3792
51388,3768
51389,-1
51390,3616
51391,3436
51392,4157
51393,3115
51394,3414
51395,3657
51396,3318
51397,3399
51398,3284
51399,4235
51400,3079
51401,3746
51402,3141
51403,3332
51404,2955
51405,4449
51406,3248
51407,3290
51408,3461
51409,3855
51410,3970
51411,3360
51412,4264
51413,3598
51414,3529
51415,4137
51416,3695
51417,3734
51418,2757
51419,3825
51420,3862
51421,3303
51422,3120
51423,3713
51424,3232
51425,3109
51426,3862
51427,3674
51428,2819
51429,3176
51430,3087
51431,3902
51432,4019
51433,-1
51434,2975
51435,3277
51436,3726
51437,3577
51438,3799
51439,4129
51440,3866
51441,3480
51442,-1
51443,3473
51444,3999
51445,3146
51446,4333
51447,3264
51448,3853
51449,3284
51450,3750
51451,3649
51452,3876
51453,3425
51454,3259
51455,3645
51456,3550
51457,4155
51458,3605
51459,3516
51460,4409
51461,4028
51462,3590
51463,3952
51464,3433
51465,2631
51466,4267
51467,3910
51468,2782
51469,3715
51470,3662
51471,3429
51472,3874
51473,3678
51474,2369
51475,3719
51476,3357
51477,3902
51478,3685
51479,2593
51480,3698
51481,3253
51482,4419
51483,4435
51484,4082
51485,4097
51486,3536
51487,3725
51488,3960
51489,3378
51490,3735
51491,3626
51492,4220
51493,2956
51494,3302
51495,3194
51496,4053
51497,3957
51498,3508
51499,3826
51500,3582
51501,3248
51502,4303
51503,3786
51504,3749
51505,3646
51506,3435
51507,3897
51508,3741
51509,3481
51510,3704
51511,3480
51512,3752
51513,3023
51514,3941
51515,3610
51516,3596
51517,-1
51518,4515
51519,3167
51520,3201
51521,3861
51522,3542
51523,3610
51524,3271
51525,3831
51526,2341
51527,3805
51528,4175
51529,3488
51530,2778
51531,3234
51532,2985
51533,4164
51534,3836
51535,3749
51536,2498
51537,3572
51538,3681
51539,3501
51540,3174
51541,5056
51542,3271
51543,3981
51544,3488
51545,3995
51546,3569
51547,2894
51548,3231
51549,4362
51550,3518
51551,3565
51552,3273
51553,3548
51554,3340
51555,3538
51556,3365
51557,3502
51558,3508
51559,3867
51560,3367
51561,3891
51562,3370
51563,2886
51564,3856
51565,3559
51566,3678
51567,3577
51568,3626
51569,3743
51570,4068
51571,2027
51572,2651
51573,4139
51574,4061
51575,2986
51576,3689
51577,3507
51578,3293
51579,3529
51580,3543
51581,2623
51582,2570
51583,4045
51584,3735
51585,3608
51586,3395
51587,3778
51588,3960
51589,3260
51590,4221
51591,3578
51592,3705
51593,4059
51594,3265
51595,3462
51596,3077
51597,4139
51598,2999
51599,3689
51600,4110
51601,3827
51602,3586
51603,3704
51604,2664
51605,3398
51606,-1
51607,3630
51608,3460
51609,3276
51610,3732
51611,4032
51612,3877
51613,4081
51614,3613
51615,3620
51616,3498
51617,3986
51618,2938
51619,2970
51620,3612
51621,3651
51622,3375
51623,3968
51624,2680
51625,3432
51626,3096
51627,-1
51628,3368
51629,4904
51630,3579
51631,3780
51632,2941
51633,3449
51634,3934
51635,4142
51636,3312
51637,3188
51638,4156
51639,3338
51640,3308
51641,3246
51642,3642
51643,3575
51644,3869
51645,3183
51646,3753
51647,3748
51648,3595
51649,2579
51650,3291
51651,3510
51652,3563
51653,3352
51654,3179
51655,-1
51656,3737
51657,3868
51658,3732
51659,3751
51660,3584
51661,4480
51662,3420
51663,3288
51664,3953
51665,3227
51666,3598
51667,3081
51668,3394
51669,3316
51670,3133
51671,3088
51672,3967
51673,4224
51674,3403
51675,3115
51676,3307
51677,2534
51678,3104
51679,2828
51680,2584
51681,4087
51682,5249
51683,2978
51684,4097
51685,3300
51686,3088
51687,3024
51688,3433
51689,3015
51690,3975
51691,4154
51692,3848
51693,3833
51694,3554
51695,3439
51696,4070
51697,3578
51698,2553
51699,3513
51700,3408
51701,3481
51702,3447
51703,2848
51704,3579
51705,3426
51706,2928
51707,3368
51708,3210
51709,3844
51710,-1
51711,3692
51712,3969
51713,3472
51714,2625
51715,3178
51716,3660
51717,4061
51718,3153
51719,4084
51720,3550
51721,3653
51722,3767
51723,3379
51724,-1
51725,2910
51726,3532
51727,3998
51728,3763
51729,4152
51730,3798
51731,3340
51732,3470
51733,3897
51734,3893
51735,3487
51736,3316
51737,2842
51738,3261
51739,3550
51740,3379
51741,4008
51742,4152
51743,3693
51744,-1
51745,3390
51746,3616
51747,2958
51748,3587
51749,3870
51750,3307
51751,2968
51752,3648
51753,3900
51754,3658
51755,3487
51756,3625
51757,2643
51758,3693
51759,3632
51760,3610
51761,4033
51762,3141
51763,3479
51764,3564
51765,-1
51766,3014
51767,3311
51768,2649
51769,3488
51770,3789
51771,4081
51772,3675
51773,3428
51774,4584
51775,3943
51776,3706
51777,2977
51778,3878
51779,3523
51780,3680
51781,3188
51782,2804
51783,3270
51784,3650
51785,3391
51786,3476
51787,3671
51788,3377
51789,3649
51790,2979
51791,1478
51792,3377
51793,3188
51794,3709
51795,3972
51796,2660
51797,2810
51798,3588
51799,-1
51800,3859
51801,3780
51802,3547
51803,3538
51804,3893
51805,3615
51806,3761
51807,3581
51808,3233
51809,3730
51810,2848
51811,3750
51812,3527
51813,3658
51814,4052
51815,2763
51816,3345
51817,3963
51818,3924
51819,3173
51820,3864
51821,4849
51822,4245
51823,3471
51824,2949
51825,3781
51826,3118
51827,3983
51828,3484
51829,3324
51830,-1
51831,3482
51832,3304
51833,3562
51834,3035
51835,3435
51836,3270
51837,4000
51838,-1
51839,2989
51840,3824
51841,2874
51842,3674
51843,3553
51844,4001
51845,3408
51846,3814
51847,3553
51848,3427
51849,2958
51850,4636
51851,3706
51852,3674
51853,3733
51854,3563
51855,3393
51856,3521
51857,-1
51858,2915
51859,3184
51860,3600
51861,3413
51862,3286
51863,3580
51864,3693
51865,4105
51866,2725
51867,2983
51868,3924
51869,3153
51870,3503
51871,3270
51872,3658
51873,3345
51874,3552
51875,3825
51876,3358
51877,3291
51878,3474
51879,4590
51880,3985
51881,3463
51882,3330
51883,4058
51884,3625
51885,3233
51886,4235
51887,1633
51888,3879
51889,3542
51890,3093
51891,4052
51892,3927
51893,3754
51894,4348
51895,3241
51896,3505
51897,3771
51898,3570
51899,2924
51900,3611
51901,3138
51902,3256
51903,1829
51904,3920
51905,3901
51906,3273
51907,3885
51908,4024
51909,3209
51910,3975
51911,3217
51912,4257
51913,3611
51914,2850
51915,3013
51916,3735
51917,3616
51918,3547
51919,3025
51920,3413
51921,3685
51922,3513
51923,3867
51924,3246
51925,3679
51926,3767
51927,3298
51928,3456
51929,3590
51930,4403
51931,3493
51932,3162
51933,3040
51934,3940
51935,4335
51936,2901
51937,3920
51938,3808
51939,3895
51940,4268
51941,3988
51942,3346
51943,3629
51944,3151
51945,3714
51946,3655
51947,5717
51948,3696
51949,4118
51950,2463
51951,3406
51952,3698
51953,3636
51954,2951
51955,4125
51956,3912
51957,3770
51958,2747
51959,3779
51960,4018
51961,3638
51962,3684
51963,3358
51964,2913
51965,3710
51966,2891
51967,4124
51968,3737
51969,4041
51970,4275
51971,3469
51972,3850
51973,3126
51974,3419
51975,3342
51976,3662
51977,3930
51978,3467
51979,3426
51980,3395
51981,3960
51982,3665
51983,3601
51984,3255
51985,4039
51986,4712
51987,3830
51988,3423
51989,3788
51990,3580
51991,3293
51992,3910
51993,3887
51994,3421
51995,3133
51996,3672
51997,2764
51998,3090
51999,4341
52000,3326
52001,2751
52002,3023
52003,3742
52004,2395
52005,3735
52006,3107
52007,2337
52008,3484
52009,3881
52010,3337
52011,3641
52012,2957
52013,3852
52014,4409
52015,-1
52016,2608
52017,3166
52018,3688
52019,3733
52020,3132
52021,4567
52022,3442
52023,3770
52024,3058
52025,3558
52026,3371
52027,4111
52028,3185
52029,4846
52030,3497
52031,2878
52032,3467
52033,4398
52034,3605
52035,-1
52036,2830
52037,3947
52038,4033
52039,3863
52040,3879
52041,3402
52042,3156
52043,3571
52044,3452
52045,3910
52046,3712
52047,3848
52048,3599
52049,3476
52050,3417
52051,3586
52052,-1
52053,3794
52054,2829
52055,3895
52056,3293
52057,2865
52058,3807
52059,5575
52060,3284
52061,4468
52062,3669
52063,3196
52064,3559
52065,3036
52066,4045
52067,3390
52068,3186
52069,4879
52070,3941
52071,3224
52072,4712
52073,3464
52074,3832
52075,3465
52076,4630
52077,3911
52078,4061
52079,4041
52080,3604
52081,3927
52082,3123
52083,2819
52084,-1
52085,3444
52086,3399
52087,4112
52088,3604
52089,3108
52090,3098
52091,3611
52092,3571
52093,3189
52094,3260
52095,3953
52096,3741
52097,2947
52098,3628
52099,3297
52100,-1
52101,-1
52102,3758
52103,3938
52104,3817
52105,4152
52106,3736
52107,3428
52108,3598
52109,3276
52110,3380
52111,3173
52112,3641
52113,3767
52114,3551
52115,3469
52116,3595
52117,4453
52118,3263
52119,3759
52120,3315
52121,3775
52122,2670
52123,4875
52124,3854
52125,3544
52126,3212
52127,2953
52128,3419
52129,3642
52130,4296
52131,3231
52132,4148
52133,3840
52134,4525
52135,4138
52136,3714
52137,3140
52138,3465
52139,4457
52140,3863
52141,4317
52142,3901
52143,3939
52144,3212
52145,3082
52146,3215
52147,2230
52148,3820
52149,3712
52150,3639
52151,3267
52152,3593
52153,3625
52154,4115
52155,3604
52156,3321
52157,3723
52158,3742
52159,4002
52160,3704
52161,3960
52162,4065
52163,2748
52164,4243
52165,3196
52166,3860
52167,3352
52168,2676
52169,3999
52170,3362
52171,3443
52172,3767
52173,3739
52174,3334
52175,-1
52176,3408
52177,3933
52178,4291
52179,2389
52180,4167
52181,2987
52182,3863
52183,3330
52184,3051
52185,2461
52186,3279
52187,3021
52188,3618
52189,3153
52190,3798
52191,3871
52192,3620
52193,3347
52194,3261
52195,3299
52196,2840
52197,-1
52198,4420
52199,3591
52200,4305
52201,-1
52202,3459
52203,3959
52204,4064
52205,3356
52206,4080
52207,2011
52208,4039
52209,4086
52210,3406
52211,3467
52212,3768
52213,3181
52214,4415
52215,3454
52216,4212
52217,3022
52218,3782
52219,3944
52220,3697
52221,3430
52222,3243
52223,2905
52224,3083
52225,4327
52226,3290
52227,4098
52228,3584
52229,2874
52230,3573
52231,3852
52232,3898
52233,3762
52234,3888
52235,3285
52236,3328
52237,3399
52238,3166
52239,3105
52240,3404
52241,3871
52242,3827
52243,3644
52244,2864
52245,3505
52246,2908
52247,3491
52248,4031
52249,2535
52250,3852
52251,3440
52252,3352
52253,4331
52254,3370
52255,4375
52256,-1
52257,3597
52258,4151
52259,3661
52260,3904
52261,3510
52262,3410
52263,4458
52264,3446
52265,4752
52266,3545
52267,3116
52268,3455
52269,4244
52270,3755
52271,3087
52272,3724
52273,3543
52274,3297
52275,3963
52276,3223
52277,3430
52278,3701
52279,3236
52280,3763
52281,3752
52282,3431
52283,3286
52284,4430
52285,3203
52286,3370
52287,3192
52288,3415
52289,3262
52290,4172
52291,3161
52292,2705
52293,3806
52294,4028
52295,3671
52296,2570
52297,2992
52298,3710
52299,3530
52300,3574
52301,4260
52302,3766
52303,3709
52304,3196
52305,3491
52306,3152
52307,3493
52308,3176
52309,3439
52310,2910
52311,3538
52312,3695
52313,3236
52314,3703
52315,3328
52316,4133
52317,3490
52318,3568
52319,4515
52320,3588
52321,3334
52322,3851
52323,3533
52324,3033
52325,3753
52326,3548
52327,3676
52328,3397
52329,3376
52330,2657
52331,4098
52332,3369
52333,3840
52334,3694
52335,3807
52336,3771
52337,3720
52338,3326
52339,4192
52340,3911
52341,3377
52342,3558
52343,3278
52344,3382
52345,3348
52346,3645
52347,3092
52348,4051
52349,3894
52350,3412
52351,4180
52352,3144
52353,4083
52354,3060
52355,3465
52356,4311
52357,3852
52358,4033
52359,3190
52360,3620
52361,3873
52362,3953
52363,3764
52364,3540
52365,3718
52366,4262
52367,3921
52368,3522
52369,2383
52370,3992
52371,3343
52372,4272
52373,4512
52374,3254
52375,4057
52376,3343
52377,2567
52378,3448
52379,3338
52380,3453
52381,3205
52382,3726
52383,3482
52384,3432
52385,3864
52386,3842
52387,4057
52388,4128
52389,2806
52390,3999
52391,2484
52392,3221
52393,3535
52394,3832
52395,2973
52396,3730
52397,3552
52398,3785
52399,2906
52400,3316
52401,4438
52402,3840
52403,3712
52404,3646
52405,3486
52406,3756
52407,3364
52408,3886
52409,3541
52410,3675
52411,3543
52412,3753
52413,3356
52414,3814
52415,3621
52416,3269
52417,4176
52418,4612
52419,2021
52420,-1
52421,3158
52422,3387
52423,3801
52424,3653
52425,3158
52426,-1
52427,3254
52428,2682
52429,4248
52430,3166
52431,2934
52432,-1
52433,3329
52434,3379
52435,2561
52436,4136
52437,4210
52438,3462
52439,4417
52440,3603
52441,3344
52442,3748
52443,3665
52444,4163
52445,3811
52446,3229
52447,3645
52448,4518
52449,3735
52450,3505
52451,3528
52452,3131
52453,4238
52454,3293
52455,3550
52456,3570
52457,2759
52458,4024
52459,4076
52460,3763
52461,4498
52462,3419
52463,3071
52464,4304
52465,3722
52466,3700
52467,3152
52468,4053
52469,4176
52470,4627
52471,2981
52472,3659
52473,-1
52474,3312
52475,3553
52476,4071
52477,2795
52478,3889
52479,3372
52480,4075
52481,3872
52482,4205
52483,3676
52484,2181
52485,4621
52486,3356
52487,2089
52488,3196
52489,3810
52490,3250
52491,3414
52492,4094
52493,3537
52494,3995
52495,4997
52496,3295
52497,3973
52498,3259
52499,3517
52500,3452
52501,2616
52502,4045
52503,2225
52504,2927
52505,3329
52506,3376
52507,3545
52508,4186
52509,3720
52510,3821
52511,3752
52512,3350
52513,3717
52514,3390
52515,4650
52516,3768
52517,3465
52518,4458
52519,3248
52520,3316
52521,3492
52522,3161
52523,3317
52524,3893
52525,3364
52526,3305
52527,3606
52528,3276
52529,3231
52530,3797
52531,-1
52532,3240
52533,3479
52534,3925
52535,3017
52536,2967
52537,4009
52538,3337
52539,3652
52540,3164
52541,3602
52542,3479
52543,2915
52544,3534
52545,4689
52546,2992
52547,3755
52548,3823
52549,3667
52550,3550
52551,3409
52552,3204
52553,3427
52554,3451
52555,3660
52556,4013
52557,3515
52558,3986
52559,3526
52560,3737
52561,2197
52562,3814
52563,2796
52564,3104
52565,4171
52566,3297
52567,3584
52568,3410
52569,3704
52570,2641
52571,3086
52572,4067
52573,4272
52574,3609
52575,3909
52576,3440
52577,2861
52578,4080
52579,3821
52580,3095
52581,4005
52582,3694
52583,3497
52584,3370
52585,4411
52586,3540
52587,3841
52588,3842
52589,3914
52590,4108
52591,3637
52592,3215
52593,3975
52594,3316
52595,4052
52596,3162
52597,4247
52598,3709
52599,3256
52600,3121
52601,4035
52602,3201
52603,3566
52604,3513
52605,3341
52606,3326
52607,3904
52608,3041
52609,4069
52610,4033
52611,3675
52612,-1
52613,3413
52614,4069
52615,3417
52616,3811
52617,3950
52618,3337
52619,3655
52620,3965
52621,4051
52622,3412
52623,3757
52624,3716
52625,3516
52626,3684
52627,3262
52628,3588
52629,4126
52630,3351
52631,3322
52632,2937
52633,3509
52634,4237
52635,3982
52636,3520
52637,3638
52638,3565
52639,-1
52640,4216
52641,4117
52642,4240
52643,4028
52644,2438
52645,3826
52646,3554
52647,3463
52648,3682
52649,3377
52650,3094
52651,3950
52652,3306
52653,3647
52654,3350
52655,-1
52656,3470
52657,4059
52658,3356
52659,3560
52660,3688
52661,3432
52662,3489
52663,3664
52664,3370
52665,3587
52666,3139
52667,3845
52668,3610
52669,2672
52670,3789
52671,3982
52672,3010
52673,3279
52674,3469
52675,3955
52676,3672
52677,3644
52678,3597
52679,3769
52680,3642
52681,3456
52682,3014
52683,4060
52684,3533
52685,3674
52686,3561
52687,3340
52688,4140
52689,3513
52690,3542
52691,2905
52692,3878
52693,3457
52694,3134
52695,3874
52696,3153
52697,3409
52698,3736
52699,3711
52700,4310
52701,5002
52702,4281
52703,3879
52704,3822
52705,4328
52706,3421
52707,3665
52708,3782
52709,3612
52710,3615
52711,3960
52712,3694
52713,3012
52714,4072
52715,-1
52716,2878
52717,3687
52718,3409
52719,2892
52720,3533
52721,3680
52722,3381
52723,3846
52724,3607
52725,3770
52726,3610
52727,2864
52728,3577
52729,3788
52730,4788
52731,2934
52732,3849
52733,3515
52734,3539
52735,3741
52736,3786
52737,3613
52738,3883
52739,3702
52740,3609
52741,4448
52742,3914
52743,3452
52744,4055
52745,4037
52746,3373
52747,4179
52748,2680
52749,-1
52750,3278
52751,3156
52752,3363
52753,-1
52754,3624
52755,2786
52756,2967
52757,3762
52758,3929
52759,3628
52760,3219
52761,2612
52762,4415
52763,3539
52764,3265
52765,3694
52766,4136
52767,3774
52768,3505
52769,3512
52770,3824
52771,4314
52772,3433
52773,3561
52774,3906
52775,3913
52776,3503
52777,3333
52778,3352
52779,3148
52780,3888
52781,3685
52782,3303
52783,3716
52784,4616
52785,3633
52786,4249
52787,3474
52788,3706
52789,3113
52790,3386
52791,3216
52792,3898
52793,3796
52794,3137
52795,3611
52796,3815
52797,3557
52798,3830
52799,2371
52800,3413
52801,3739
52802,-1
52803,3490
52804,4374
52805,4671
52806,3779
52807,3376
52808,3469
52809,3598
52810,3493
52811,4195
52812,3218
52813,3106
52814,2552
52815,4362
52816,-1
52817,3919
52818,3324
52819,3272
52820,4302
52821,3347
52822,2980
52823,3661
52824,3680
52825,3324
52826,3807
52827,2403
52828,3600
52829,4408
52830,-1
52831,2963
52832,3919
52833,2787
52834,3649
52835,3305
52836,3301
52837,3256
52838,4406
52839,3437
52840,3481
52841,3763
52842,3891
52843,4657
52844,3398
52845,3586
52846,3528
52847,3641
52848,3288
52849,4026
52850,3497
52851,3360
52852,3580
52853,3420
52854,2393
52855,3571
52856,3763
52857,3335
52858,3359
52859,3895
52860,3874
52861,3543
52862,2334
52863,3569
52864,3413
52865,3593
52866,3984
52867,2561
52868,4098
52869,3202
52870,3490
52871,3333
52872,3858
52873,4316
52874,4228
52875,4055
52876,3760
52877,3172
52878,3346
52879,4260
52880,3575
52881,3548
52882,2937
52883,3215
52884,4271
52885,-1
52886,3629
52887,3293
52888,1932
52889,3922
52890,3385
52891,3652
52892,3095
52893,3657
52894,3689
52895,3588
52896,3620
52897,3597
52898,4191
52899,3868
52900,-1
52901,4452
52902,3484
52903,3683
52904,3730
52905,4077
52906,4735
52907,3820
52908,3497
52909,3344
52910,3946
52911,3826
52912,3314
52913,3143
52914,3805
52915,4013
52916,3428
52917,3323
52918,3583
52919,3568
52920,3403
52921,3230
52922,4057
52923,3797
52924,3531
52925,4329
52926,3307
52927,2989
52928,-1
52929,-1
52930,3162
52931,4079
52932,3759
52933,4147
52934,3115
52935,3592
52936,3820
52937,4166
52938,3388
52939,4085
52940,2935
52941,3504
52942,3805
52943,3165
52944,4216
52945,-1
52946,3865
52947,3856
52948,4378
52949,4122
52950,3528
52951,3908
52952,4648
52953,4914
52954,3764
52955,3574
52956,3312
52957,3674
52958,5103
52959,3268
52960,3533
52961,3093
52962,2965
52963,3333
52964,3142
52965,2841
52966,3373
52967,3237
52968,3218
52969,3130
52970,3948
52971,3102
52972,4567
52973,3421
52974,3196
52975,3859
52976,3341
52977,3869
52978,2442
52979,3283
52980,3658
52981,4320
52982,4339
52983,3245
52984,3541
52985,3345
52986,3146
52987,4385
52988,3705
52989,3906
52990,4043
52991,3420
52992,3362
52993,3898
52994,2733
52995,3644
52996,5192
52997,3461
52998,3456
52999,3568
53000,3947
53001,3390
53002,3657
53003,2946
53004,3437
53005,3018
53006,3846
53007,2933
53008,3941
53009,4162
53010,4391
53011,3920
53012,3569
53013,4105
53014,2924
53015,3301
53016,3627
53017,2698
53018,3499
53019,3258
53020,3766
53021,3221
53022,3430
53023,3525
53024,2799
53025,4729
53026,3149
53027,-1
53028,3543
53029,3158
53030,3221
53031,3621
53032,3765
53033,3055
53034,3797
53035,3370
53036,3019
53037,-1
53038,4302
53039,4179
53040,4345
53041,3611
53042,4126
53043,3791
53044,4057
53045,3976
53046,4045
53047,4546
53048,3638
53049,3582
53050,3903
53051,3899
53052,3551
53053,3847
53054,4452
53055,3675
53056,3089
53057,4033
53058,3357
53059,4332
53060,3202
53061,2574
53062,3179
53063,3860
53064,3600
53065,3714
53066,4163
53067,3937
53068,3383
53069,2696
53070,3402
53071,3071
53072,4173
53073,2588
53074,3612
53075,3685
53076,3893
53077,3821
53078,3237
53079,4400
53080,4077
53081,3586
53082,3246
53083,3686
53084,3459
53085,3335
53086,3564
53087,3272
53088,4603
53089,3831
53090,3994
53091,4331
53092,3396
53093,3837
53094,3317
53095,3302
53096,3316
53097,2792
53098,3593
53099,3518
53100,2945
53101,3577
53102,3360
53103,3717
53104,3745
53105,3669
53106,3620
53107,3943
53108,3939
53109,3367
53110,3212
53111,3658
53112,3799
53113,3590
53114,3171
53115,3976
53116,3995
53117,3532
53118,3594
53119,3057
53120,3656
53121,3546
53122,3653
53123,3153
53124,3256
53125,4284
53126,2660
53127,3552
53128,3394
53129,3582
53130,3031
53131,3820
53132,3832
53133,3779
53134,3886
53135,3384
53136,2492
53137,3950
53138,3339
53139,3703
53140,3498
53141,3910
53142,4139
53143,3761
53144,4449
53145,3402
53146,2617
53147,3803
53148,4033
53149,3845
53150,3938
53151,3976
53152,4367
53153,3499
53154,3499
53155,3175
53156,3143
53157,3502
53158,3599
53159,3980
53160,3209
53161,3893
53162,3488
53163,3452
53164,3597
53165,4709
53166,2725
53167,-1
53168,2882
53169,3960
53170,3282
53171,3057
53172,3950
53173,2706
53174,3916
53175,3622
53176,3696
53177,3360
53178,2546
53179,4245
53180,3156
53181,3576
53182,4546
53183,3425
53184,3709
53185,3792
53186,3888
53187,3387
53188,4145
53189,3686
53190,3259
53191,3629
53192,3933
53193,3343
53194,3523
53195,2554
53196,3473
53197,4237
53198,2685
53199,4017
53200,3400
53201,4405
53202,3512
53203,3366
53204,3418
53205,3710
53206,3322
53207,3354
53208,3654
53209,3708
53210,3663
53211,3579
53212,4000
53213,3910
53214,3579
53215,4087
53216,3070
53217,3842
53218,-1
53219,3437
53220,3980
53221,3429
53222,4489
53223,-1
53224,3655
53225,3268
53226,3962
53227,3808
53228,3595
53229,3422
53230,4189
53231,4081
53232,3907
53233,2829
53234,3562
53235,3227
53236,3421
53237,3625
53238,3270
53239,3811
53240,3427
53241,2752
53242,3303
53243,4286
53244,3223
53245,3575
53246,4097
53247,3625
53248,3904
53249,3250
53250,2956
53251,2950
53252,3980
53253,3805
53254,3429
53255,3510
53256,3897
53257,3287
53258,3178
53259,3421
53260,3432
53261,4081
53262,3694
53263,3544
53264,3487
53265,3512
53266,3939
53267,4571
53268,3196
53269,3851
53270,4159
53271,4625
53272,3493
53273,4172
53274,4064
53275,3612
53276,4146
53277,3628
53278,3320
53279,2985
53280,3305
53281,3522
53282,4064
53283,3888
53284,3341
53285,3866
53286,3936
53287,3181
53288,3856
53289,3734
53290,3885
53291,3805
53292,3682
53293,3411
53294,3972
53295,3701
53296,3768
53297,3209
53298,2767
53299,3959
53300,2990
53301,3739
53302,4213
53303,3841
53304,3341
53305,3833
53306,4013
53307,4158
53308,3465
53309,2843
53310,2884
53311,3629
53312,3757
53313,3403
53314,4103
53315,3515
53316,3520
53317,3002
53318,4527
53319,3962
53320,3432
53321,3444
53322,3465
53323,3441
53324,3337
53325,4141
53326,3640
53327,3574
53328,3297
53329,3561
53330,4174
53331,3778
53332,3616
53333,4181
53334,3144
53335,3983
53336,4618
53337,3559
53338,3273
53339,3356
53340,3228
53341,3570
53342,4612
53343,-1
53344,3754
53345,3095
53346,3693
53347,4072
53348,3724
53349,3171
53350,3137
53351,4052
53352,3500
53353,4036
53354,3760
53355,3554
53356,3720
53357,3973
53358,3570
53359,3934
53360,3226
53361,3565
53362,3299
53363,-1
53364,2868
53365,3722
53366,-1
53367,2858
53368,3846
53369,2930
53370,3643
53371,3582
53372,3099
53373,4256
53374,3987
53375,3473
53376,3383
53377,3862
53378,3145
53379,3217
53380,4120
53381,3151
53382,2939
53383,3433
53384,4210
53385,3771
53386,3448
53387,2996
53388,3665
53389,3000
53390,3760
53391,3920
53392,3167
53393,3247
53394,3403
53395,2718
53396,3331
53397,3770
53398,3034
53399,4000
53400,3200
53401,3784
53402,3848
53403,2369
53404,4416
53405,4104
53406,3587
53407,3813
53408,3515
53409,3597
53410,3443
53411,3413
53412,3287
53413,3340
53414,3212
53415,3135
53416,3904
53417,3470
53418,3298
53419,3584
53420,3902
53421,4072
53422,4021
53423,4044
53424,-1
53425,4025
53426,4146
53427,3676
53428,3741
53429,2991
53430,3302
53431,3443
53432,4294
53433,3911
53434,3192
53435,3035
53436,3203
53437,3700
53438,3498
53439,3504
53440,3607
53441,3472
53442,3334
53443,2761
53444,3553
53445,3619
53446,3802
53447,4748
53448,3519
53449,3887
53450,3602
53451,3363
53452,3107
53453,3779
53454,3301
53455,3806
53456,3328
53457,3803
53458,4363
53459,3972
53460,3541
53461,3829
53462,3411
53463,2408
53464,3316
53465,3882
53466,3015
53467,2990
53468,3539
53469,2946
53470,3584
53471,3537
53472,3326
53473,3261
53474,2982
53475,3499
53476,3663
53477,4105
53478,3877
53479,2932
53480,3689
53481,3625
53482,3286
53483,2982
53484,4015
53485,3348
53486,3365
53487,2375
53488,3864
53489,3277
53490,2955
53491,3779
53492,2748
53493,3348
53494,3296
53495,4160
53496,3420
53497,3864
53498,3373
53499,3663
53500,3393
53501,3798
53502,3632
53503,4172
53504,3720
53505,3878
53506,3870
53507,-1
53508,3130
53509,2742
53510,3900
53511,4245
53512,3541
53513,2959
53514,3683
53515,3073
53516,2876
53517,3274
53518,3688
53519,4047
53520,-1
53521,4094
53522,3216
53523,3415
53524,3611
53525,2182
53526,3631
53527,3662
53528,3900
53529,3628
53530,3164
53531,3834
53532,3365
53533,2946
53534,3640
53535,3613
53536,4320
53537,3692
53538,4366
53539,3854
53540,3353
53541,3823
53542,2904
53543,-1
53544,3293
53545,3088
53546,3501
53547,3434
53548,3977
53549,3190
53550,3500
53551,3581
53552,3485
53553,3359
53554,3621
53555,2891
53556,3580
53557,3350
53558,4289
53559,3983
53560,3189
53561,3570
53562,3529
53563,4342
53564,3763
53565,3574
53566,3614
53567,4096
53568,4173
53569,3270
53570,2115
53571,4778
53572,3897
53573,3946
53574,3911
53575,4341
53576,3954
53577,3619
53578,3693
53579,3141
53580,3494
53581,3531
53582,4192
53583,-1
53584,3016
53585,3359
53586,3628
53587,3292
53588,3508
53589,3341
53590,3836
53591,3678
53592,3137
53593,3619
53594,2992
53595,3155
53596,3419
53597,3463
53598,3220
53599,3827
53600,3322
53601,3674
53602,3438
53603,4288
53604,3226
53605,3056
53606,3173
53607,3343
53608,3622
53609,3759
53610,3521
53611,4901
53612,3438
53613,2996
53614,3532
53615,3606
53616,3598
53617,3717
53618,3529
53619,3856
53620,3551
53621,2627
53622,5152
53623,3379
53624,3810
53625,3885
53626,3601
53627,2924
53628,3553
53629,3138
53630,4123
53631,4967
53632,4110
53633,3660
53634,2829
53635,3746
53636,4075
53637,3577
53638,3682
53639,3654
53640,3386
53641,3697
53642,4448
53643,3978
53644,3648
53645,4248
53646,3758
53647,3214
53648,3236
53649,3428
53650,3619
53651,-1
53652,3805
53653,3459
53654,3459
53655,4001
53656,3961
53657,4056
53658,3549
53659,3226
53660,3923
53661,3800
53662,2998
53663,3078
53664,3942
53665,3921
53666,3681
53667,3948
53668,3292
53669,3168
53670,3633
53671,3503
53672,3299
53673,4567
53674,3562
53675,3320
53676,4129
53677,3665
53678,2836
53679,3422
53680,3004
53681,3649
53682,3959
53683,3843
53684,3637
53685,3038
53686,3764
53687,3168
53688,4335
53689,4177
53690,3372
53691,3164
53692,3951
53693,3597
53694,4313
53695,4356
53696,3560
53697,3271
53698,3349
53699,3987
53700,2657
53701,3668
53702,4553
53703,3535
53704,2714
53705,3891
53706,3679
53707,3532
53708,3893
53709,3184
53710,4612
53711,4087
53712,3175
53713,3761
53714,3788
53715,3181
53716,-1
53717,3683
53718,3944
53719,3556
53720,3549
53721,2966
53722,3128
53723,-1
53724,3127
53725,2898
53726,3476
53727,3242
53728,4240
53729,2847
53730,3883
53731,3515
53732,2591
53733,3029
53734,3558
53735,3214
53736,3440
53737,3498
53738,3701
53739,2576
53740,2143
53741,3760
53742,3767
53743,3385
53744,3419
53745,3484
53746,3674
53747,4228
53748,3212
53749,3191
53750,4037
53751,3138
53752,3743
53753,4144
53754,4014
53755,3662
53756,4375
53757,-1
53758,3457
53759,3798
53760,3703
53761,3778
53762,3980
53763,3535
53764,3871
53765,3504
53766,4043
53767,3675
53768,2807
53769,3394
53770,-1
53771,2745
53772,4346
53773,3900
53774,3813
53775,3272
53776,3867
53777,3748
53778,4204
53779,3773
53780,3283
53781,4271
53782,4065
53783,3165
53784,2697
53785,4071
53786,3159
53787,3064
53788,3559
53789,3963
53790,3674
53791,3562
53792,3252
53793,3642
53794,3121
53795,4053
53796,3910
53797,3584
53798,3512
53799,3547
53800,3326
53801,3564
53802,3318
53803,4142
53804,3935
53805,3665
53806,3528
53807,4027
53808,3402
53809,3896
53810,2842
53811,3392
53812,-1
53813,2381
53814,3481
53815,2795
53816,3724
53817,2942
53818,3599
53819,4476
53820,4026
53821,3882
53822,2910
53823,3462
53824,3130
53825,3722
53826,3367
53827,3697
53828,3301
53829,3432
53830,3417
53831,4038
53832,3213
53833,4254
53834,3694
53835,4132
53836,2832
53837,3766
53838,3364
53839,4137
53840,3321
53841,2857
53842,3851
53843,3824
53844,3310
53845,3432
53846,2472
53847,3443
53848,-1
53849,3493
53850,3472
53851,3298
53852,3947
53853,3780
53854,2839
53855,2389
53856,3194
53857,3625
53858,3413
53859,3407
53860,4411
53861,4119
53862,3914
53863,3811
53864,3236
53865,3631
53866,3018
53867,3869
53868,3856
53869,4523
53870,3459
53871,2733
53872,2796
53873,3341
53874,4534
53875,3316
53876,3265
53877,3959
53878,4147
53879,3238
53880,3396
53881,3577
53882,3766
53883,3007
53884,3919
53885,3531
53886,3854
53887,-1
53888,2549
53889,3170
53890,3248
53891,4339
53892,3389
53893,4156
53894,3056
53895,3586
53896,2935
53897,2855
53898,3697
53899,3763
53900,3276
53901,3763
53902,4280
53903,-1
53904,3604
53905,3311
53906,3056
53907,3026
53908,3218
53909,3320
53910,2931
53911,4159
53912,3793
53913,-1
53914,3914
53915,3411
53916,4051
53917,3419
53918,3937
53919,3837
53920,3276
53921,2930
53922,3514
53923,3173
53924,3898
53925,3007
53926,3722
53927,3508
53928,3542
53929,4019
53930,1924
53931,3369
53932,3435
53933,3316
53934,3346
53935,2963
53936,3469
53937,3380
53938,3260
53939,3293
53940,-1
53941,2844
53942,4073
53943,3150
53944,4182
53945,3534
53946,3738
53947,2236
53948,3948
53949,2894
53950,2742
53951,-1
53952,3693
53953,3555
53954,3610
53955,3347
53956,4187
53957,3585
53958,3951
53959,3822
53960,3611
53961,3588
53962,2426
53963,3583
53964,2348
53965,3800
53966,3140
53967,3512
53968,3718
53969,2958
53970,3298
53971,3425
53972,3753
53973,3553
53974,3352
53975,3421
53976,2630
53977,2549
53978,3136
53979,3222
53980,2566
53981,3795
53982,3361
53983,3711
53984,3482
53985,3067
53986,3426
53987,3360
53988,3981
53989,4012
53990,3350
53991,4157
53992,3680
53993,3578
53994,3765
53995,3197
53996,3657
53997,3731
53998,2989
53999,4137
54000,4124
54001,4295
54002,3868
54003,3096
54004,3748
54005,3050
54006,3582
54007,3991
54008,3380
54009,3726
54010,2671
54011,3758
54012,3738
54013,3732
54014,3570
54015,3152
54016,3847
54017,3280
54018,3790
54019,3681
54020,3341
54021,3932
54022,3450
54023,3379
54024,3427
54025,4244
54026,3506
54027,3505
54028,3215
54029,3636
54030,3718
54031,3263
54032,3329
54033,3319
54034,4063
54035,3695
54036,3328
54037,3982
54038,3096
54039,-1
54040,4039
54041,4492
54042,-1
54043,4060
54044,3548
54045,4914
54046,3535
54047,2883
54048,2788
54049,2898
54050,3729
54051,2579
54052,3722
54053,3863
54054,3960
54055,4121
54056,3130
54057,3942
54058,3914
54059,4463
54060,3612
54061,3652
54062,3771
54063,4202
54064,2732
54065,3822
54066,4517
54067,4361
54068,3154
54069,3769
54070,3803
54071,4193
54072,3455
54073,3399
54074,4132
54075,-1
54076,2880
54077,4254
54078,3613
54079,3681
54080,-1
54081,3466
54082,3250
54083,4689
54084,3771
54085,3852
54086,3570
54087,4081
54088,3444
54089,3636
54090,4322
54091,3622
54092,3835
54093,3093
54094,3071
54095,3883
54096,4112
54097,4233
54098,3681
54099,3681
54100,3518
54101,4038
54102,3420
54103,4185
54104,3603
54105,3331
54106,3046
54107,3396
54108,2833
54109,4062
54110,3403
54111,3684
54112,3483
54113,3376
54114,3576
54115,5022
54116,3357
54117,3770
54118,3411
54119,3340
54120,3543
54121,3631
54122,3100
54123,3222
54124,3749
54125,4339
54126,3402
54127,4461
54128,3741
54129,4129
54130,4142
54131,3589
54132,3964
54133,4128
54134,4011
54135,3902
54136,3748
54137,3442
54138,3208
54139,2946
54140,3466
54141,3723
54142,3393
54143,3650
54144,3168
54145,4021
54146,4001
54147,3789
54148,3501
54149,3266
54150,3694
54151,3838
54152,3075
54153,3309
54154,3265
54155,5080
54156,-1
54157,4013
54158,2879
54159,3164
54160,3269
54161,2885
54162,-1
54163,4183
54164,2380
54165,3198
54166,3920
54167,3245
54168,3940
54169,3684
54170,3587
54171,3073
54172,3671
54173,3662
54174,3654
54175,3244
54176,3413
54177,2932
54178,3733
54179,3146
54180,4272
54181,3189
54182,3722
54183,4004
54184,3801
54185,4233
54186,3731
54187,3658
54188,3970
54189,3380
54190,3576
54191,3837
54192,3311
54193,4253
54194,3476
54195,3405
54196,-1
54197,4106
54198,3988
54199,3022
54200,3530
54201,3170
54202,4056
54203,-1
54204,3850
54205,3693
54206,3356
54207,3548
54208,3190
54209,3471
54210,3850
54211,3508
54212,4171
54213,3782
54214,4002
54215,3676
54216,3068
54217,4787
54218,3940
54219,3625
54220,3421
54221,3842
54222,3026
54223,3334
54224,3403
54225,3575
54226,3825
54227,3599
54228,3694
54229,3933
54230,3876
54231,3152
54232,3404
54233,3666
54234,3409
54235,4506
54236,3594
54237,3769
54238,3541
54239,3500
54240,3379
54241,3589
54242,4138
54243,3159
54244,4399
54245,3399
54246,3738
54247,3475
54248,3115
54249,3355
54250,3980
54251,3652
54252,3931
54253,3810
54254,3496
54255,4025
54256,3668
54257,3538
54258,4736
54259,3931
54260,3824
54261,3828
54262,4027
54263,3995
54264,3799
54265,3882
54266,4194
54267,4149
54268,3610
54269,4253
54270,3155
54271,3961
54272,4296
54273,3299
54274,3927
54275,3641
54276,3919
54277,2834
54278,3565
54279,3208
54280,3608
54281,3791
54282,3463
54283,3443
54284,3669
54285,5551
54286,2427
54287,4872
54288,3707
54289,3405
54290,4156
54291,3301
54292,3548
54293,3258
54294,3295
54295,3399
54296,2914
54297,-1
54298,4164
54299,3764
54300,3740
54301,3571
54302,-1
54303,3474
54304,3991
54305,3552
54306,3302
54307,4131
54308,-1
54309,3580
54310,3579
54311,3700
54312,4003
54313,3667
54314,4390
54315,3571
54316,2886
54317,3022
54318,3289
54319,3487
54320,3593
54321,4205
54322,3893
54323,3772
54324,4211
54325,2885
54326,4245
54327,4229
54328,4920
54329,3676
54330,3779
54331,3537
54332,3536
54333,3541
54334,3926
54335,-1
54336,3524
54337,3583
54338,3391
54339,3240
54340,3667
54341,3220
54342,3170
54343,3050
54344,3753
54345,3745
54346,3791
54347,3595
54348,4100
54349,3515
54350,3137
54351,3484
54352,3404
54353,3397
54354,2760
54355,3511
54356,3780
54357,3935
54358,3320
54359,3885
54360,3160
54361,3544
54362,4075
54363,4296
54364,3790
54365,3518
54366,3581
54367,4002
54368,3451
54369,3795
54370,4143
54371,3355
54372,3696
54373,3749
54374,5443
54375,4418
54376,4156
54377,3938
54378,3406
54379,3250
54380,3539
54381,3379
54382,3425
54383,3640
54384,3622
54385,4386
54386,4283
54387,-1
54388,3642
54389,3763
54390,-1
54391,3284
54392,3489
54393,3443
54394,3845
54395,3890
54396,3983
54397,3434
54398,3537
54399,3280
54400,3982
54401,3485
54402,-1
54403,4506
54404,4222
54405,3231
54406,4166
54407,2787
54408,3445
54409,3224
54410,3511
54411,3831
54412,3270
54413,3456
54414,3876
54415,3758
54416,3478
54417,3510
54418,3744
54419,5121
54420,3914
54421,4192
54422,3792
54423,4356
54424,3411
54425,3987
54426,4138
54427,3410
54428,3559
54429,3734
54430,3498
54431,3233
54432,2074
54433,3752
54434,-1
54435,4393
54436,4095
54437,3672
54438,3926
54439,3688
54440,3366
54441,3587
54442,3922
54443,3933
54444,4179
54445,3105
54446,4153
54447,3637
54448,3112
54449,3334
54450,2997
54451,4077
54452,3805
54453,3915
54454,3282
54455,4113
54456,2675
54457,3233
54458,3636
54459,2985
54460,3819
54461,3258
54462,2645
54463,3423
54464,2950
54465,3012
54466,3723
54467,3616
54468,3473
54469,3961
54470,4845
54471,3463
54472,3445
54473,3533
54474,4619
54475,3317
54476,3593
54477,3955
54478,3898
54479,4371
54480,3038
54481,3998
54482,4555
54483,3661
54484,4090
54485,3892
54486,2310
54487,3665
54488,3547
54489,3665
54490,4102
54491,4726
54492,4351
54493,3751
54494,3382
54495,4025
54496,3867
54497,3299
54498,3225
54499,3522
54500,3762
54501,1965
54502,3140
54503,2257
54504,3087
54505,3494
54506,3786
54507,4124
54508,3702
54509,3447
54510,3479
54511,3614
54512,3589
54513,3722
54514,3549
54515,3708
54516,3527
54517,3920
54518,3813
54519,2538
54520,4290
54521,4526
54522,3113
54523,3442
54524,3835
54525,4056
54526,3793
54527,2614
54528,3466
54529,-1
54530,3684
54531,1935
54532,3509
54533,3768
54534,3970
54535,3198
54536,4384
54537,3467
54538,3690
54539,3815
54540,3952
54541,3468
54542,3186
54543,2389
54544,3001
54545,3704
54546,2730
54547,3603
54548,3308
54549,3569
54550,2664
54551,3210
54552,3801
54553,3835
54554,3204
54555,3204
54556,3751
54557,3203
54558,3329
54559,4078
54560,2975
54561,3206
54562,4098
54563,3852
54564,3586
54565,3970
54566,3835
54567,2253
54568,3611
54569,3972
54570,3843
54571,3567
54572,3865
54573,3892
54574,4132
54575,3346
54576,3366
54577,3263
54578,4151
54579,3958
54580,3966
54581,4248
54582,4002
54583,3450
54584,4072
54585,3041
54586,2986
54587,2770
54588,3971
54589,3549
54590,4331
54591,3304
54592,3482
54593,4515
54594,3949
54595,3689
54596,3086
54597,3553
54598,3332
54599,4561
54600,3362
54601,3484
54602,3883
54603,3405
54604,3081
54605,3537
54606,3972
54607,3309
54608,3872
54609,2315
54610,3837
54611,2767
54612,3503
54613,3764
54614,3750
54615,4096
54616,4073
54617,4088
54618,3149
54619,3732
54620,3037
54621,3955
54622,3368
54623,4807
54624,2447
54625,3526
54626,3186
54627,3842
54628,3869
54629,4007
54630,3854
54631,3743
54632,3837
54633,3345
54634,3947
54635,2982
54636,3366
54637,3548
54638,3802
54639,3145
54640,3942
54641,3705
54642,2536
54643,3186
54644,4058
54645,3635
54646,3550
54647,4671
54648,2994
54649,3834
54650,3651
54651,3933
54652,3247
54653,4087
54654,4040
54655,4145
54656,3948
54657,3547
54658,3484
54659,4345
54660,3822
54661,3380
54662,3665
54663,3716
54664,3880
54665,3734
54666,3120
54667,4295
54668,3806
54669,4377
54670,3341
54671,3619
54672,4085
54673,3433
54674,3705
54675,3762
54676,3369
54677,3843
54678,-1
54679,3416
54680,3528
54681,3378
54682,3408
54683,3130
54684,3732
54685,3475
54686,3626
54687,3923
54688,3799
54689,3138
54690,3833
54691,4332
54692,5100
54693,3851
54694,3164
54695,3333
54696,3490
54697,3557
54698,3171
54699,-1
54700,3486
54701,3307
54702,4015
54703,2981
54704,3613
54705,3401
54706,3691
54707,3108
54708,3515
54709,3779
54710,3235
54711,4061
54712,3974
54713,3658
54714,3706
54715,3753
54716,3673
54717,3913
54718,3527
54719,3777
54720,4262
54721,2952
54722,5098
54723,3120
54724,3380
54725,3397
54726,3871
54727,4047
54728,3570
54729,2846
54730,3769
54731,3460
54732,4871
54733,3734
54734,3751
54735,3577
54736,4012
54737,2995
54738,3786
54739,3038
54740,2404
54741,4339
54742,4063
54743,4593
54744,4702
54745,3751
54746,3032
54747,4130
54748,3132
54749,4036
54750,3510
54751,2979
54752,3889
54753,4077
54754,4172
54755,3730
54756,-1
54757,3448
54758,3850
54759,3776
54760,3350
54761,3292
54762,3908
54763,3624
54764,3894
54765,3523
54766,3759
54767,3420
54768,3594
54769,3103
54770,4318
54771,3700
54772,3300
54773,2694
54774,4594
54775,2538
54776,3565
54777,3652
54778,3237
54779,3838
54780,3537
54781,3238
54782,3476
54783,2652
54784,3158
54785,4631
54786,3015
54787,3947
54788,3792
54789,3250
54790,2563
54791,3755
54792,3420
54793,3672
54794,3612
54795,3515
54796,3613
54797,3662
54798,4126
54799,3393
54800,3498
54801,3671
54802,2920
54803,3149
54804,3546
54805,3862
54806,3687
54807,3773
54808,2868
54809,3914
54810,3722
54811,3289
54812,3260
54813,3706
54814,3466
54815,3689
54816,3589
54817,3615
54818,3501
54819,3218
54820,4960
54821,3927
54822,3992
54823,3877
54824,4027
54825,3515
54826,3035
54827,3714
54828,3517
54829,3869
54830,3396
54831,3451
54832,4143
54833,2336
54834,3553
54835,3421
54836,3550
54837,4875
54838,-1
54839,3486
54840,2816
54841,3358
54842,3698
54843,3098
54844,3467
54845,3682
54846,3987
54847,2399
54848,3903
54849,3821
54850,3764
54851,4583
54852,3693
54853,3940
54854,4147
54855,3620
54856,3395
54857,3552
54858,3693
54859,4130
54860,3401
54861,3982
54862,4300
54863,3554
54864,3158
54865,4498
54866,3119
54867,2610
54868,3678
54869,3511
54870,3809
54871,2991
54872,2961
54873,3750
54874,3984
54875,3082
54876,2697
54877,4171
54878,3462
54879,3767
54880,3104
54881,3406
54882,3906
54883,3728
54884,3324
54885,-1
54886,4577
54887,3672
54888,3400
54889,3679
54890,4601
54891,3574
54892,3151
54893,3715
54894,2830
54895,3278
54896,3813
54897,2357
54898,3892
54899,3584
54900,3858
54901,3672
54902,3654
54903,3511
54904,3341
54905,3573
54906,3554
54907,4201
54908,4032
54909,3215
54910,3254
54911,3193
54912,3462
54913,3315
54914,3281
54915,3398
54916,3778
54917,3894
54918,3543
54919,3471
54920,3245
54921,4318
54922,3562
54923,3798
54924,4391
54925,-1
54926,3451
54927,3610
54928,3722
54929,3890
54930,3699
54931,3374
54932,3286
54933,4549
54934,3997
54935,3240
54936,3656
54937,3994
54938,4331
54939,3750
54940,3817
54941,3065
54942,3200
54943,4208
54944,3155
54945,3277
54946,3854
54947,3708
54948,2861
54949,4131
54950,4035
54951,3412
54952,3966
54953,3616
54954,3839
54955,2984
54956,3636
54957,3416
54958,3329
54959,4147
54960,3641
54961,3268
54962,3753
54963,3303
54964,3487
54965,4114
54966,3246
54967,3495
54968,3076
54969,3812
54970,3115
54971,3615
54972,3270
54973,3224
54974,2678
54975,3474
54976,3769
54977,3949
54978,3792
54979,3398
54980,2756
54981,2733
54982,3536
54983,3752
54984,3343
54985,3603
54986,-1
54987,3388
54988,3860
54989,3948
54990,3247
54991,3892
54992,4103
54993,-1
54994,4400
54995,2923
54996,-1
54997,3353
54998,2878
54999,3260
55000,3536
55001,4528
55002,3871
55003,2085
55004,3377
55005,4241
55006,3953
55007,4168
55008,3510
55009,3771
55010,3162
55011,3163
55012,4337
55013,3335
55014,3326
55015,3446
55016,3709
55017,4811
55018,3208
55019,3053
55020,3452
55021,3783
55022,3576
55023,3071
55024,3558
55025,3642
55026,3919
55027,3269
55028,3361
55029,4015
55030,3557
55031,3468
55032,3704
55033,3513
55034,3274
55035,3167
55036,3504
55037,3701
55038,3406
55039,3653
55040,3877
55041,3072
55042,4221
55043,3252
55044,3335
55045,4093
55046,2711
55047,2661
55048,2749
55049,3684
55050,3175
55051,3544
55052,3376
55053,3589
55054,3109
55055,2833
55056,3336
55057,2973
55058,-1
55059,3307
55060,2814
55061,3540
55062,3740
55063,3501
55064,3555
55065,3830
55066,3495
55067,3818
55068,3070
55069,3216
55070,3876
55071,3674
55072,2945
55073,3850
55074,2774
55075,3794
55076,3619
55077,3867
55078,3031
55079,3166
55080,3638
55081,3759
55082,3639
55083,3016
55084,3436
55085,3312
55086,4053
55087,3433
55088,3322
55089,3590
55090,3587
55091,3504
55092,3530
55093,3625
55094,3827
55095,3313
55096,3249
55097,4655
55098,3483
55099,3670
55100,3524
55101,3680
55102,3275
55103,2979
55104,3489
55105,3247
55106,3996
55107,4266
55108,4137
55109,3760
55110,4074
55111,3208
55112,4044
55113,3629
55114,4289
55115,3233
55116,3804
55117,4143
55118,3511
55119,3628
55120,3214
55121,3600
55122,3705
55123,3424
55124,4261
55125,3393
55126,3990
55127,4056
55128,3464
55129,3396
55130,3922
55131,3480
55132,3650
55133,3555
55134,3652
55135,3291
55136,3796
55137,3325
55138,3556
55139,2988
55140,3892
55141,4163
55142,3201
55143,3584
55144,3864
55145,4052
55146,3630
55147,2713
55148,3211
55149,4304
55150,3413
55151,2996
55152,3778
55153,3538
55154,3705
55155,3663
55156,3616
55157,3631
55158,3518
55159,3985
55160,3017
55161,3710
55162,4025
55163,3528
55164,3955
55165,2954
55166,3642
55167,3520
55168,3438
55169,3715
55170,3644
55171,2612
55172,4166
55173,3461
55174,3275
55175,4107
55176,3653
55177,4029
55178,4013
55179,3718
55180,3818
55181,3731
55182,3614
55183,3490
55184,3829
55185,3569
55186,3427
55187,2971
55188,4035
55189,3959
55190,3367
55191,3412
55192,3536
55193,3964
55194,4329
55195,3972
55196,3640
55197,3242
55198,3600
55199,-1
55200,3451
55201,4275
55202,3130
55203,3866
55204,3540
55205,3565
55206,3257
55207,3483
55208,3467
55209,4160
55210,3409
55211,3061
55212,3344
55213,4301
55214,3613
55215,4184
55216,2941
55217,3597
55218,3637
55219,3635
55220,3631
55221,4047
55222,3743
55223,3965
55224,3590
55225,3314
55226,3331
55227,3113
55228,3572
55229,3690
55230,3344
55231,3850
55232,4025
55233,3400
55234,3277
55235,3380
55236,3598
55237,3991
55238,3860
55239,3376
55240,-1
55241,3293
55242,3711
55243,3145
55244,3536
55245,3630
55246,-1
55247,3311
55248,3983
55249,3210
55250,3952
55251,3341
55252,-1
55253,3042
55254,3903
55255,3735
55256,2845
55257,3393
55258,3639
55259,3402
55260,4129
55261,3531
55262,3940
55263,2761
55264,4501
55265,3455
55266,4195
55267,3441
55268,2901
55269,3634
55270,3476
55271,2717
55272,3318
55273,3444
55274,3061
55275,3584
55276,3360
55277,3526
55278,3702
55279,3551
55280,3777
55281,3387
55282,3706
55283,3312
55284,4184
55285,2812
55286,3313
55287,3815
55288,3563
55289,3701
55290,3510
55291,3574
55292,3022
55293,3334
55294,4201
55295,4029
55296,3025
55297,5027
55298,3930
55299,4041
55300,2720
55301,3931
55302,3815
55303,-1
55304,3710
55305,3519
55306,3718
55307,-1
55308,3542
55309,3730
55310,2891
55311,3934
55312,3630
55313,4593
55314,3286
55315,3005
55316,3296
55317,4237
55318,3457
55319,4145
55320,3925
55321,3560
55322,-1
55323,3717
55324,2597
55325,3442
55326,2948
55327,3728
55328,2877
55329,3610
55330,4104
55331,4198
55332,3879
55333,3225
55334,3606
55335,3465
55336,3258
55337,2761
55338,-1
55339,3892
55340,3480
55341,3574
55342,2900
55343,3547
55344,3668
55345,3579
55346,3706
55347,3454
55348,3878
55349,3367
55350,3208
55351,3841
55352,3641
55353,3324
55354,3742
55355,3316
55356,4163
55357,3615
55358,3325
55359,4018
55360,3068
55361,3566
55362,3069
55363,3664
55364,3444
55365,3788
55366,3989
55367,4146
55368,3971
55369,3618
55370,3217
55371,-1
55372,3527
55373,3726
55374,4163
55375,3194
55376,4167
55377,2907
55378,2898
55379,3498
55380,3535
55381,3705
55382,3824
55383,3837
55384,3564
55385,3579
55386,-1
55387,4477
55388,3198
55389,3425
55390,4152
55391,3525
55392,3136
55393,3428
55394,3432
55395,3703
55396,3215
55397,3390
55398,3348
55399,4158
55400,-1
55401,2878
55402,3234
55403,3392
55404,3140
55405,-1
55406,3711
55407,3879
55408,3823
55409,-1
55410,3795
55411,3877
55412,3850
55413,3005
55414,3471
55415,3510
55416,4459
55417,3384
55418,3075
55419,4233
55420,3000
55421,3029
55422,3341
55423,3436
55424,3008
55425,3642
55426,2563
55427,4022
55428,3752
55429,3721
55430,3025
55431,3149
55432,3613
55433,3449
55434,2111
55435,3579
55436,3888
55437,3397
55438,3240
55439,3027
55440,3275
55441,3447
55442,3623
55443,3742
55444,4256
55445,4369
55446,3139
55447,3528
55448,3553
55449,3195
55450,3902
55451,3955
55452,3580
55453,3921
55454,3635
55455,3161
55456,3305
55457,2941
55458,3517
55459,3712
55460,3450
55461,3456
55462,3377
55463,3276
55464,4044
55465,3840
55466,3743
55467,2354
55468,3529
55469,3858
55470,3699
55471,3333
55472,-1
55473,3778
55474,3828
55475,3610
55476,3621
55477,3121
55478,4005
55479,3724
55480,4124
55481,3849
55482,3438
55483,3207
55484,3281
55485,3391
55486,2716
55487,3405
55488,3296
55489,4033
55490,4258
55491,3893
55492,3804
55493,3668
55494,3605
55495,4023
55496,3418
55497,3645
55498,3307
55499,4198
55500,3452
55501,2735
55502,3939
55503,4012
55504,3627
55505,3598
55506,4186
55507,3922
55508,4489
55509,3975
55510,3875
55511,3839
55512,3719
55513,3362
55514,-1
55515,-1
55516,3533
55517,3276
55518,-1
55519,3452
55520,2755
55521,4704
55522,2998
55523,3509
55524,2844
55525,3325
55526,3479
55527,3840
55528,3061
55529,3401
55530,3414
55531,3502
55532,3454
55533,3544
55534,3716
55535,3637
55536,4127
55537,4168
55538,4105
55539,3598
55540,2858
55541,3320
55542,3825
55543,3176
55544,3350
55545,3963
55546,3586
55547,3502
55548,3390
55549,3414
55550,3249
55551,-1
55552,3212
55553,-1
55554,3815
55555,3786
55556,3597
55557,3537
55558,3174
55559,4331
55560,4377
55561,3756
55562,4519
55563,2523
55564,3803
55565,3704
55566,3299
55567,3666
55568,3948
55569,3979
55570,3763
55571,3640
55572,3272
55573,3361
55574,4291
55575,2783
55576,3575
55577,3078
55578,3501
55579,3416
55580,3465
55581,3586
55582,4456
55583,2489
55584,3876
55585,2954
55586,3584
55587,3099
55588,4466
55589,4162
55590,2998
55591,3376
55592,3933
55593,2713
55594,3704
55595,3856
55596,3543
55597,3977
55598,3577
55599,3985
55600,3724
55601,3605
55602,3043
55603,3350
55604,3113
55605,4317
55606,3263
55607,3446
55608,3833
55609,3583
55610,4427
55611,4057
55612,3794
55613,3702
55614,4407
55615,3096
55616,3770
55617,3131
55618,3932
55619,3650
55620,2999
55621,3521
55622,3589
55623,3542
55624,3399
55625,2647
55626,3879
55627,4092
55628,3195
55629,3867
55630,3472
55631,3466
55632,3990
55633,4193
55634,3375
55635,4003
55636,3810
55637,3222
55638,3633
55639,3231
55640,3629
55641,3746
55642,4057
55643,3326
55644,3520
55645,3598
55646,3617
55647,3965
55648,3865
55649,3744
55650,3166
55651,3763
55652,4731
55653,3271
55654,2950
55655,3847
55656,3406
55657,3640
55658,3498
55659,3444
55660,3715
55661,3480
55662,3609
55663,3307
55664,3916
55665,3488
55666,3351
55667,3108
55668,3465
55669,2822
55670,3365
55671,2655
55672,3705
55673,3308
55674,3250
55675,3758
55676,-1
55677,3417
55678,2854
55679,4040
55680,3664
55681,3059
55682,3486
55683,-1
55684,3931
55685,2662
55686,3531
55687,3211
55688,2947
55689,2854
55690,4107
55691,3582
55692,3768
55693,3494
55694,3674
55695,3241
55696,3699
55697,3271
55698,3196
55699,3941
55700,4037
55701,3588
55702,3616
55703,3663
55704,3784
55705,3552
55706,2806
55707,3157
55708,3120
55709,3011
55710,3841
55711,3290
55712,3706
55713,3210
55714,3975
55715,3926
55716,3549
55717,3771
55718,3164
55719,3734
55720,4174
55721,3745
55722,3645
55723,2960
55724,3159
55725,3736
55726,3959
55727,3695
55728,3670
55729,3398
55730,4514
55731,3625
55732,3537
55733,3901
55734,3962
55735,2852
55736,4408
55737,3388
55738,3764
55739,4363
55740,3399
55741,3545
55742,3251
55743,3479
55744,4424
55745,3933
55746,2993
55747,2860
55748,3207
55749,3687
55750,3985
55751,3373
55752,3246
55753,2767
55754,3797
55755,4448
55756,3868
55757,3792
55758,3607
55759,3672
55760,3761
55761,3372
55762,2424
55763,3205
55764,3997
55765,4060
55766,3329
55767,3659
55768,3826
55769,3932
55770,3942
55771,3602
55772,2915
55773,3802
55774,3926
55775,3808
55776,3355
55777,3955
55778,4785
55779,3902
55780,3570
55781,2995
55782,3680
55783,3749
55784,3710
55785,3794
55786,3542
55787,4042
55788,3468
55789,3729
55790,3044
55791,3371
55792,3276
55793,3612
55794,4125
55795,3978
55796,3591
55797,3334
55798,2809
55799,4161
55800,2960
55801,3205
55802,3560
55803,3655
55804,3695
55805,3088
55806,2459
55807,3854
55808,3890
55809,3912
55810,3842
55811,4576
55812,4268
55813,3674
55814,3643
55815,3920
55816,3920
55817,3437
55818,3660
55819,-1
55820,3098
55821,3524
55822,3786
55823,3804
55824,3212
55825,3740
55826,3017
55827,3718
55828,3100
55829,3594
55830,3466
55831,3026
55832,4026
55833,3922
55834,3855
55835,3545
55836,3327
55837,3749
55838,2896
55839,2885
55840,4100
55841,3746
55842,3821
55843,3536
55844,4043
55845,2780
55846,2712
55847,3699
55848,2660
55849,3392
55850,3855
55851,3549
55852,3958
55853,3646
55854,3427
55855,2527
55856,3662
55857,3548
55858,4488
55859,4178
55860,3861
55861,3202
55862,4240
55863,3895
55864,-1
55865,3924
55866,3609
55867,3387
55868,3353
55869,3448
55870,3582
55871,5111
55872,3946
55873,3769
55874,4203
55875,2844
55876,3839
55877,3698
55878,3919
55879,3351
55880,3503
55881,3776
55882,3531
55883,3809
55884,3388
55885,3988
55886,2616
55887,4263
55888,3726
55889,3517
55890,4628
55891,3258
55892,3601
55893,3158
55894,3794
55895,3791
55896,3958
55897,3547
55898,3825
55899,3207
55900,3476
55901,3768
55902,4039
55903,3940
55904,4111
55905,3954
55906,1962
55907,3710
55908,3722
55909,3863
55910,3567
55911,3485
55912,3438
55913,3391
55914,3407
55915,3321
55916,3388
55917,3919
55918,3363
55919,3967
55920,3630
55921,2137
55922,3947
55923,3294
55924,3520
55925,3015
55926,4048
55927,3315
55928,3237
55929,3718
55930,3561
55931,3176
55932,3006
55933,3379
55934,3769
55935,3696
55936,3303
55937,4525
55938,3807
55939,3032
55940,3499
55941,3393
55942,3488
55943,3235
55944,4235
55945,3987
55946,-1
55947,3462
55948,4228
55949,3483
55950,4046
55951,4472
55952,3718
55953,2536
55954,3502
55955,3924
55956,4097
55957,4676
55958,3836
55959,3711
55960,3606
55961,3950
55962,3402
55963,3261
55964,3615
55965,4174
55966,3249
55967,3896
55968,3158
55969,4404
55970,3990
55971,3912
55972,3436
55973,3435
55974,3160
55975,3457
55976,4145
55977,3879
55978,4562
55979,3878
55980,3640
55981,3378
55982,4137
55983,4157
55984,3673
55985,3626
55986,3285
55987,3698
55988,3331
55989,4330
55990,4489
55991,3768
55992,3392
55993,3685
55994,3662
55995,3893
55996,3595
55997,3396
55998,4068
55999,3350
56000,-1
56001,4202
56002,3439
56003,3898
56004,1902
56005,3244
56006,2960
56007,3798
56008,3641
56009,-1
56010,3404
56011,3976
56012,3277
56013,3257
56014,3978
56015,3467
56016,2889
56017,3981
56018,3177
56019,3752
56020,4010
56021,4322
56022,4152
56023,3409
56024,3612
56025,3957
56026,3828
56027,3790
56028,3872
56029,3452
56030,3829
56031,3765
56032,3090
56033,4443
56034,3379
56035,3934
56036,3796
56037,3435
56038,2380
56039,4260
56040,3598
56041,3269
56042,2871
56043,3670
56044,4110
56045,4146
56046,3309
56047,3912
56048,3458
56049,3308
56050,3347
56051,3242
56052,3075
56053,3613
56054,3787
56055,3662
56056,3588
56057,-1
56058,3854
56059,3206
56060,3425
56061,3953
56062,2878
56063,3647
56064,4093
56065,4679
56066,3406
56067,4100
56068,3244
56069,3397
56070,3610
56071,3507
56072,3238
56073,2841
56074,3550
56075,3612
56076,3259
56077,2767
56078,3943
56079,3970
56080,3972
56081,3179
56082,3597
56083,3513
56084,4011
56085,3760
56086,4084
56087,3175
56088,2055
56089,3557
56090,3922
56091,2391
56092,4166
56093,2876
56094,2099
56095,3041
56096,2092
56097,3021
56098,3016
56099,3850
56100,4567
56101,3061
56102,4320
56103,3463
56104,3607
56105,2604
56106,3343
56107,3594
56108,3580
56109,3517
56110,2989
56111,3364
56112,3527
56113,3508
56114,3620
56115,4218
56116,3457
56117,3193
56118,3192
56119,3330
56120,3622
56121,3809
56122,4270
56123,3275
56124,3290
56125,3074
56126,3913
56127,3734
56128,3589
56129,2999
56130,2692
56131,3100
56132,3728
56133,3889
56134,3563
56135,3751
56136,3936
56137,3622
56138,4150
56139,3009
56140,4409
56141,3961
56142,3476
56143,3288
56144,3762
56145,3251
56146,3425
56147,2673
56148,3410
56149,-1
56150,3955
56151,3432
56152,3372
56153,4915
56154,2847
56155,3589
56156,3611
56157,4031
56158,3650
56159,3597
56160,2875
56161,4006
56162,4060
56163,3063
56164,3705
56165,4049
56166,3758
56167,3754
56168,4291
56169,3526
56170,3501
56171,3935
56172,3601
56173,3596
56174,3745
56175,3314
56176,2520
56177,3364
56178,3178
56179,3595
56180,3949
56181,3217
56182,3252
56183,3997
56184,2744
56185,4664
56186,3526
56187,3823
56188,3719
56189,3688
56190,3710
56191,3373
56192,3911
56193,3458
56194,3914
56195,3683
56196,3696
56197,3948
56198,3764
56199,3638
56200,3614
56201,3980
56202,3664
56203,3553
56204,3063
56205,4198
56206,3792
56207,3661
56208,3353
56209,-1
56210,3725
56211,3244
56212,3114
56213,4060
56214,5509
56215,3855
56216,3602
56217,3482
56218,3845
56219,4045
56220,3744
56221,3582
56222,3378
56223,3069
56224,2981
56225,3123
56226,3806
56227,3520
56228,3718
56229,3526
56230,-1
56231,3600
56232,3833
56233,4818
56234,3737
56235,3311
56236,3675
56237,3925
56238,2987
56239,3273
56240,3673
56241,3328
56242,3545
56243,4323
56244,3762
56245,3819
56246,3697
56247,3381
56248,3802
56249,4422
56250,2912
56251,4070
56252,3293
56253,3446
56254,4187
56255,3698
56256,4275
56257,3290
56258,3516
56259,3547
56260,3961
56261,3097
56262,3938
56263,3295
56264,3571
56265,4045
56266,3934
56267,4023
56268,3980
56269,3850
56270,3188
56271,3424
56272,3336
56273,-1
56274,2725
56275,3435
56276,3181
56277,3985
56278,3639
56279,3522
56280,3156
56281,3320
56282,3661
56283,3084
56284,3377
56285,3005
56286,4408
56287,3555
56288,3891
56289,3979
56290,3061
56291,3457
56292,3166
56293,4277
56294,3992
56295,4009
56296,3535
56297,3679
56298,3892
56299,2096
56300,3330
56301,2713
56302,3748
56303,3697
56304,3262
56305,3210
56306,3360
56307,3252
56308,3847
56309,3552
56310,4374
56311,3681
56312,4212
56313,3157
56314,-1
56315,3319
56316,3897
56317,3022
56318,3942
56319,4284
56320,4809
56321,2716
56322,3642
56323,3425
56324,3516
56325,3743
56326,2668
56327,3497
56328,4501
56329,3304
56330,3000
56331,3607
56332,3446
56333,3308
56334,3671
56335,3517
56336,3298
56337,3520
56338,3059
56339,3201
56340,3960
56341,3833
56342,3191
56343,3737
56344,3378
56345,3140
56346,3926
56347,3171
56348,3868
56349,3277
56350,3696
56351,3847
56352,3135
56353,3532
56354,3818
56355,4524
56356,3737
56357,3178
56358,3731
56359,4264
56360,2332
56361,2903
56362,-1
56363,3842
56364,4134
56365,3878
56366,3635
56367,3401
56368,3820
56369,3540
56370,4791
56371,3402
56372,4249
56373,3922
56374,3407
56375,3480
56376,4044
56377,3244
56378,3438
56379,3065
56380,3992
56381,4041
56382,4459
56383,3375
56384,3416
56385,4514
56386,4484
56387,3488
56388,3188
56389,3987
56390,4224
56391,3778
56392,3504
56393,3433
56394,4147
56395,3529
56396,3665
56397,3781
56398,3929
56399,3665
56400,3983
56401,3652
56402,3653
56403,3957
56404,3987
56405,2975
56406,3408
56407,3407
56408,3974
56409,3713
56410,3173
56411,3661
56412,4150
56413,3449
56414,3150
56415,3344
56416,2851
56417,3657
56418,3456
56419,3828
56420,4446
56421,3317
56422,3722
56423,3341
56424,3841
56425,3400
56426,4676
56427,3989
56428,3476
56429,-1
56430,3661
56431,3885
56432,3535
56433,2809
56434,3026
56435,2845
56436,3439
56437,3556
56438,3878
56439,3878
56440,4366
56441,3657
56442,3234
56443,3675
56444,3272
56445,3632
56446,4170
56447,3941
56448,3571
56449,3172
56450,3698
56451,3513
56452,3174
56453,3655
56454,3739
56455,3388
56456,4224
56457,3013
56458,3587
56459,3434
56460,3778
56461,-1
56462,3151
56463,3387
56464,3629
56465,3610
56466,3418
56467,3556
56468,3708
56469,3226
56470,3329
56471,3543
56472,3761
56473,4748
56474,3325
56475,3579
56476,4163
56477,2985
56478,2973
56479,3431
56480,3454
56481,3463
56482,3412
56483,3588
56484,4827
56485,3780
56486,3227
56487,3146
56488,3257
56489,4261
56490,2869
56491,3694
56492,3259
56493,2834
56494,3061
56495,3818
56496,3821
56497,4288
56498,3498
56499,4128
56500,3994
56501,3177
56502,3782
56503,4350
56504,3782
56505,3760
56506,4818
56507,3473
56508,2835
56509,3425
56510,2710
56511,3500
56512,3679
56513,3083
56514,3622
56515,2581
56516,2288
56517,3385
56518,3340
56519,3511
56520,3829
56521,3721
56522,3607
56523,3929
56524,3466
56525,3578
56526,3793
56527,3621
56528,4127
56529,3678
56530,3616
56531,3273
56532,3281
56533,4255
56534,4258
56535,3317
56536,3545
56537,3350
56538,4223
56539,4864
56540,3584
56541,3772
56542,3513
56543,3660
56544,3855
56545,3425
56546,2831
56547,3730
56548,3612
56549,3084
56550,3858
56551,4047
56552,3655
56553,3449
56554,3656
56555,3517
56556,5242
56557,2966
56558,4109
56559,3607
56560,3540
56561,3257
56562,2646
56563,3333
56564,3221
56565,4235
56566,3184
56567,3350
56568,3464
56569,3594
56570,4275
56571,3688
56572,3265
56573,3566
56574,3699
56575,3587
56576,-1
56577,3248
56578,2956
56579,3832
56580,3049
56581,3772
56582,3145
56583,3532
56584,3503
56585,3939
56586,3232
56587,3088
56588,3844
56589,4002
56590,4097
56591,3514
56592,3183
56593,3038
56594,3853
56595,3063
56596,1987
56597,3731
56598,2847
56599,3322
56600,3472
56601,4164
56602,3631
56603,4150
56604,2764
56605,3637
56606,2786
56607,3724
56608,4525
56609,4080
56610,3590
56611,3194
56612,3631
56613,3974
56614,2881
56615,4094
56616,3259
56617,3492
56618,3879
56619,3824
56620,2861
56621,3536
56622,3221
56623,3243
56624,3110
56625,3444
56626,3959
56627,3976
56628,3943
56629,3196
56630,4237
56631,4194
56632,3363
56633,3578
56634,3318
56635,3021
56636,4033
56637,3793
56638,3625
56639,3232
56640,3164
56641,3952
56642,2978
56643,3269
56644,3541
56645,3636
56646,3737
56647,3618
56648,2927
56649,4045
56650,3686
56651,3666
56652,3918
56653,3811
56654,3366
56655,3583
56656,3973
56657,3918
56658,3587
56659,2604
56660,3849
56661,3174
56662,3398
56663,3539
56664,2813
56665,3459
56666,3586
56667,4152
56668,3546
56669,3714
56670,3211
56671,3558
56672,3668
56673,3487
56674,3786
56675,3352
56676,4038
56677,3433
56678,3374
56679,3844
56680,3307
56681,4062
56682,3810
56683,3252
56684,3726
56685,3723
56686,3663
56687,3075
56688,4022
56689,3896
56690,3324
56691,3118
56692,3511
56693,3756
56694,4453
56695,3840
56696,3829
56697,3616
56698,3876
56699,3690
56700,2886
56701,3200
56702,3671
56703,3900
56704,3718
56705,-1
56706,3775
56707,4458
56708,2674
56709,3949
56710,4417
56711,3712
56712,3007
56713,3643
56714,3438
56715,3469
56716,3723
56717,3813
56718,3427
56719,4645
56720,2009
56721,-1
56722,4398
56723,3266
56724,3827
56725,3602
56726,3011
56727,3589
56728,3966
56729,5067
56730,3509
56731,3388
56732,3463
56733,4572
56734,4816
56735,3448
56736,3828
56737,3799
56738,3679
56739,3327
56740,2806
56741,4049
56742,3822
56743,3569
56744,3341
56745,3676
56746,3963
56747,3493
56748,3833
56749,3806
56750,3593
56751,3284
56752,2983
56753,4394
56754,2733
56755,3631
56756,3782
56757,3663
56758,3963
56759,2688
56760,4351
56761,2727
56762,3631
56763,3652
56764,3274
56765,2784
56766,3118
56767,3597
56768,3359
56769,3084
56770,3015
56771,3270
56772,3035
56773,3421
56774,4023
56775,3239
56776,3405
56777,3420
56778,3644
56779,3775
56780,3545
56781,5817
56782,3695
56783,3371
56784,4480
56785,3136
56786,4333
56787,3852
56788,3942
56789,3885
56790,2808
56791,3889
56792,2497
56793,4058
56794,3007
56795,3192
56796,4233
56797,3065
56798,3980
56799,3785
56800,3330
56801,3304
56802,4210
56803,3464
56804,3619
56805,3332
56806,4308
56807,3437
56808,3096
56809,3690
56810,3631
56811,3533
56812,3875
56813,3473
56814,3714
56815,3560
56816,3761
56817,3582
56818,3669
56819,3724
56820,2862
56821,3326
56822,3420
56823,3079
56824,3483
56825,3693
56826,2712
56827,3207
56828,3598
56829,3445
56830,4143
56831,3263
56832,3456
56833,3514
56834,3971
56835,3724
56836,5030
56837,3640
56838,3409
56839,3733
56840,3372
56841,3614
56842,3812
56843,3670
56844,3102
56845,3817
56846,3671
56847,3371
56848,3457
56849,3522
56850,3691
56851,3554
56852,3973
56853,3822
56854,3867
56855,3808
56856,3561
56857,3520
56858,3780
56859,3151
56860,3124
56861,3344
56862,3492
56863,3130
56864,3564
56865,3966
56866,3768
56867,3515
56868,3952
56869,3949
56870,3406
56871,2883
56872,4297
56873,4211
56874,3933
56875,3741
56876,3914
56877,3391
56878,3599
56879,3863
56880,3401
56881,3351
56882,3706
56883,3784
56884,4357
56885,3727
56886,3025
56887,2617
56888,3243
56889,3600
56890,3725
56891,3493
56892,3555
56893,3184
56894,3681
56895,3747
56896,3054
56897,2540
56898,3703
56899,2419
56900,3617
56901,3393
56902,4346
56903,3645
56904,3343
56905,-1
56906,4668
56907,3665
56908,3616
56909,4688
56910,2959
56911,3603
56912,4296
56913,4121
56914,4564
56915,3135
56916,3341
56917,3441
56918,3462
56919,3689
56920,3049
56921,3360
56922,3492
56923,2887
56924,3833
56925,3182
56926,4134
56927,2791
56928,4816
56929,3788
56930,3603
56931,3763
56932,3091
56933,3638
56934,3435
56935,3801
56936,3429
56937,3982
56938,3557
56939,3005
56940,3165
56941,3843
56942,3786
56943,2987
56944,3911
56945,-1
56946,3800
56947,-1
56948,4740
56949,3273
56950,4217
56951,3445
56952,3958
56953,3228
56954,3919
56955,3795
56956,3361
56957,3710
56958,-1
56959,3773
56960,3054
56961,3532
56962,3507
56963,3110
56964,3582
56965,3277
56966,4009
56967,3630
56968,4249
56969,3560
56970,3775
56971,3400
56972,3531
56973,2635
56974,3568
56975,3585
56976,3139
56977,3222
56978,3800
56979,3076
56980,3769
56981,2582
56982,3730
56983,3944
56984,3480
56985,3819
56986,4346
56987,2791
56988,3237
56989,3219
56990,3392
56991,3763
56992,3563
56993,3919
56994,4356
56995,4181
56996,3213
56997,2955
56998,3296
56999,3813
57000,3835
57001,3813
57002,3723
57003,3520
57004,3314
57005,3883
57006,3249
57007,3241
57008,3758
57009,3177
57010,2992
57011,3785
57012,3447
57013,3881
57014,3979
57015,3290
57016,3144
57017,4074
57018,3530
57019,3495
57020,3879
57021,3147
57022,2569
57023,5265
57024,3565
57025,4077
57026,3687
57027,3422
57028,3947
57029,3096
57030,3110
57031,3993
57032,4685
57033,3646
57034,3443
57035,3710
57036,3258
57037,2981
57038,3963
57039,3345
57040,3628
57041,3747
57042,3154
57043,3161
57044,3236
57045,3732
57046,4148
57047,4179
57048,4339
57049,3428
57050,3022
57051,3709
57052,3871
57053,3973
57054,3613
57055,4229
57056,4653
57057,3687
57058,3712
57059,3199
57060,3359
57061,3763
57062,3750
57063,3920
57064,3054
57065,3491
57066,3698
57067,3339
57068,4171
57069,3187
57070,3349
57071,3208
57072,4117
57073,3827
57074,3758
57075,3509
57076,3435
57077,3096
57078,3484
57079,2922
57080,3460
57081,3261
57082,4101
57083,3358
57084,3156
57085,3994
57086,3927
57087,3829
57088,3675
57089,5143
57090,3786
57091,3372
57092,3941
57093,3691
57094,3775
57095,3491
57096,2980
57097,4006
57098,4578
57099,3062
57100,2814
57101,3434
57102,3366
57103,3221
57104,3206
57105,2871
57106,3622
57107,3579
57108,3282
57109,4093
57110,3806
57111,2623
57112,3174
57113,3493
57114,3517
57115,2663
57116,3276
57117,4817
57118,4896
57119,3965
57120,3622
57121,3602
57122,3411
57123,3337
57124,4196
57125,3421
57126,4357
57127,3260
57128,3242
57129,3192
57130,3953
57131,3527
57132,3432
57133,3172
57134,3212
57135,3837
57136,2963
57137,4604
57138,3086
57139,2950
57140,2692
57141,4565
57142,3353
57143,4252
57144,3874
57145,4121
57146,2651
57147,3188
57148,3527
57149,3787
57150,3482
57151,3871
57152,2924
57153,4209
57154,3933
57155,3551
57156,-1
57157,3417
57158,2895
57159,2864
57160,3683
57161,3093
57162,3563
57163,4146
57164,2320
57165,4130
57166,3489
57167,4130
57168,3644
57169,2697
57170,2729
57171,3573
57172,-1
57173,3996
57174,3716
57175,3252
57176,3511
57177,2915
57178,3557
57179,3525
57180,4299
57181,3793
57182,3605
57183,3693
57184,3227
57185,3125
57186,3958
57187,4172
57188,2624
57189,3837
57190,2547
57191,3893
57192,4465
57193,3066
57194,3818
57195,4601
57196,3297
57197,3846
57198,3466
57199,3672
57200,3358
57201,3881
57202,2864
57203,4084
57204,3834
57205,3627
57206,3124
57207,3629
57208,3453
57209,3782
57210,2982
57211,3927
57212,3591
57213,3824
57214,3767
57215,3127
57216,4915
57217,3142
57218,3787
57219,2292
57220,4106
57221,2988
57222,2694
57223,3462
57224,3207
57225,4102
57226,3875
57227,2621
57228,3476
57229,4354
57230,4171
57231,3366
57232,3474
57233,2992
57234,3443
57235,3768
57236,3315
57237,3617
57238,2523
57239,3664
57240,3562
57241,3958
57242,3147
57243,4184
57244,3887
57245,3290
57246,3911
57247,4870
57248,3426
57249,3780
57250,4143
57251,3603
57252,3503
57253,3819
57254,4443
57255,3392
57256,3373
57257,3579
57258,3668
57259,3889
57260,4092
57261,4169
57262,3596
57263,3532
57264,3596
57265,3920
57266,4156
57267,3048
57268,3630
57269,3520
57270,3346
57271,3727
57272,3555
57273,3193
57274,3825
57275,3435
57276,3324
57277,3825
57278,4141
57279,4258
57280,3344
57281,3640
57282,3562
57283,3589
57284,3987
57285,3532
57286,2888
57287,4112
57288,3717
57289,3840
57290,3619
57291,3418
57292,3828
57293,4286
57294,-1
57295,3616
57296,3554
57297,3010
57298,3722
57299,3516
57300,3451
57301,3811
57302,3398
57303,3334
57304,2966
57305,3375
57306,4338
57307,3794
57308,4134
57309,3601
57310,4195
57311,3500
57312,3988
57313,3730
57314,3783
57315,3307
57316,3867
57317,3612
57318,-1
57319,3554
57320,4475
57321,3689
57322,3585
57323,3625
57324,3346
57325,4058
57326,3359
57327,3479
57328,4345
57329,3728
57330,3957
57331,4296
57332,3276
57333,-1
57334,4021
57335,4543
57336,3134
57337,3289
57338,4384
57339,3899
57340,3661
57341,3585
57342,3326
57343,4238
57344,3257
57345,4373
57346,3706
57347,4057
57348,3862
57349,-1
57350,2919
57351,3127
57352,5042
57353,3640
57354,3946
57355,4483
57356,3371
57357,3956
57358,3530
57359,4197
57360,3417
57361,4003
57362,4158
57363,3807
57364,-1
57365,4143
57366,3924
57367,4006
57368,3452
57369,3503
57370,3884
57371,3779
57372,3154
57373,3719
57374,3311
57375,2959
57376,3305
57377,4601
57378,3536
57379,3430
57380,3122
57381,3456
57382,2968
57383,4062
57384,4217
57385,4247
57386,3414
57387,3765
57388,3293
57389,3828
57390,3152
57391,3465
57392,3728
57393,3424
57394,3796
57395,3255
57396,3412
57397,3288
57398,4310
57399,4405
57400,3407
57401,3797
57402,3594
57403,3808
57404,3619
57405,3753
57406,3858
57407,3476
57408,3264
57409,2748
57410,3093
57411,2594
57412,4259
57413,2573
57414,3888
57415,3627
57416,3758
57417,3667
57418,3449
57419,3353
57420,3461
57421,3353
57422,3131
57423,3286
57424,3171
57425,3758
57426,3896
57427,3983
57428,2811
57429,3578
57430,3432
57431,3899
57432,2586
57433,3486
57434,3191
57435,3859
57436,3301
57437,4294
57438,4440
57439,3907
57440,4556
57441,3891
57442,3834
57443,2563
57444,4200
57445,3261
57446,3080
57447,4171
57448,3883
57449,2997
57450,3833
57451,3830
57452,3218
57453,3282
57454,3262
57455,4058
57456,3383
57457,3288
57458,3351
57459,3437
57460,4267
57461,4528
57462,3335
57463,3480
57464,4102
57465,3809
57466,3349
57467,3626
57468,3894
57469,3390
57470,3438
57471,4171
57472,3721
57473,2931
57474,3704
57475,2956
57476,3988
57477,3394
57478,3932
57479,3565
57480,3474
57481,3800
57482,3716
57483,3852
57484,3222
57485,3704
57486,3424
57487,3188
57488,-1
57489,3456
57490,3440
57491,3538
57492,3475
57493,3195
57494,2815
57495,3812
57496,3090
57497,3894
57498,2600
57499,3303
57500,2863
57501,4222
57502,3919
57503,3908
57504,-1
57505,4030
57506,3944
57507,3853
57508,3543
57509,3559
57510,3271
57511,3505
57512,3742
57513,4771
57514,4052
57515,3404
57516,3969
57517,3323
57518,3862
57519,3917
57520,3659
57521,3597
57522,2960
57523,3865
57524,3559
57525,3600
57526,3395
57527,3128
57528,3592
57529,3463
57530,4214
57531,3210
57532,4016
57533,3255
57534,3374
57535,3880
57536,3663
57537,3641
57538,3045
57539,4320
57540,3262
57541,3505
57542,3579
57543,4425
57544,3731
57545,3984
57546,3715
57547,3302
57548,3559
57549,3276
57550,4451
57551,3636
57552,3448
57553,3340
57554,3637
57555,3361
57556,3758
57557,4159
57558,3734
57559,3822
57560,4076
57561,3425
57562,3976
57563,3977
57564,3262
57565,3504
57566,3826
57567,3572
57568,3682
57569,3647
57570,2508
57571,3813
57572,4206
57573,3584
57574,3836
57575,3502
57576,3815
57577,3563
57578,3738
57579,3691
57580,3331
57581,2978
57582,3055
57583,3235
57584,3723
57585,3548
57586,3572
57587,-1
57588,3859
57589,3556
57590,3416
57591,2944
57592,3242
57593,3351
57594,3490
57595,3641
57596,3933
57597,3220
57598,5227
57599,3716
57600,3871
57601,3851
57602,4028
57603,3379
57604,3912
57605,3680
57606,4366
57607,3032
57608,3797
57609,2284
57610,3827
57611,3636
57612,3402
57613,3414
57614,3794
57615,3561
57616,3390
57617,3656
57618,1603
57619,3139
57620,3300
57621,3386
57622,3518
57623,3432
57624,3115
57625,3996
57626,2826
57627,3827
57628,4057
57629,3770
57630,3356
57631,3947
57632,3424
57633,3308
57634,4243
57635,3451
57636,3678
57637,3206
57638,4309
57639,3644
57640,3299
57641,3329
57642,3424
57643,2792
57644,3386
57645,4178
57646,2860
57647,3742
57648,3629
57649,3571
57650,3796
57651,4245
57652,3100
57653,3927
57654,4037
57655,3484
57656,3251
57657,3420
57658,3460
57659,-1
57660,3384
57661,3944
57662,3669
57663,3800
57664,4523
57665,3830
57666,3942
57667,4066
57668,3892
57669,3805
57670,3579
57671,4356
57672,3805
57673,3796
57674,4216
57675,3907
57676,3674
57677,3540
57678,3194
57679,3701
57680,3424
57681,3959
57682,3798
57683,4003
57684,4196
57685,2779
57686,3995
57687,4633
57688,4664
57689,3755
57690,3071
57691,3585
57692,4141
57693,2933
57694,3104
57695,3930
57696,3791
57697,3730
57698,3703
57699,4212
57700,2767
57701,4269
57702,3103
57703,3117
57704,2995
57705,3663
57706,3067
57707,3729
57708,2846
57709,3780
57710,4222
57711,3962
57712,2861
57713,2862
57714,3256
57715,3234
57716,3748
57717,2996
57718,3189
57719,3825
57720,2562
57721,3355
57722,3981
57723,3567
57724,4094
57725,3786
57726,4376
57727,3471
57728,3371
57729,3877
57730,3652
57731,4066
57732,3379
57733,2905
57734,4000
57735,-1
57736,5046
57737,2843
57738,3730
57739,3424
57740,2797
57741,3036
57742,3478
57743,3251
57744,3177
57745,3434
57746,3586
57747,2185
57748,3432
57749,3557
57750,3767
57751,3842
57752,-1
57753,2913
57754,3896
57755,3657
57756,3491
57757,3392
57758,4181
57759,3488
57760,3093
57761,4093
57762,-1
57763,2519
57764,3473
57765,3491
57766,3796
57767,-1
57768,3888
57769,2718
57770,3690
57771,3094
57772,4350
57773,3209
57774,3581
57775,4495
57776,4356
57777,4060
57778,2838
57779,3533
57780,3769
57781,3608
57782,3380
57783,3847
57784,4409
57785,3559
57786,3363
57787,3333
57788,3663
57789,3591
57790,4064
57791,3863
57792,3861
57793,3149
57794,3685
57795,-1
57796,3685
57797,3703
57798,3984
57799,3959
57800,3546
57801,3572
57802,3639
57803,2907
57804,3458
57805,3175
57806,3479
57807,3796
57808,5285
57809,3388
57810,4381
57811,3023
57812,3835
57813,4111
57814,3854
57815,3379
57816,4031
57817,4230
57818,3308
57819,3881
57820,3799
57821,3441
57822,3644
57823,3009
57824,3629
57825,3275
57826,4121
57827,3731
57828,4009
57829,2992
57830,3573
57831,3396
57832,3924
57833,3230
57834,3298
57835,2505
57836,4091
57837,4650
57838,4200
57839,3476
57840,2580
57841,4008
57842,3259
57843,3572
57844,3355
57845,4561
57846,3489
57847,2969
57848,3052
57849,3999
57850,2777
57851,3350
57852,3437
57853,4185
57854,3902
57855,3404
57856,3432
57857,4142
57858,3464
57859,3136
57860,3714
57861,2996
57862,3413
57863,3418
57864,3183
57865,3566
57866,4090
57867,4013
57868,3243
57869,3217
57870,2919
57871,4218
57872,3243
57873,2990
57874,3211
57875,3982
57876,-1
57877,3900
57878,3738
57879,3332
57880,3575
57881,3823
57882,4078
57883,3662
57884,3329
57885,2513
57886,4190
57887,3515
57888,3416
57889,3408
57890,3431
57891,3779
57892,4126
57893,3197
57894,3546
57895,3707
57896,2504
57897,3931
57898,3894
57899,3686
57900,3928
57901,3834
57902,3603
57903,2930
57904,3866
57905,3717
57906,3314
57907,4337
57908,3423
57909,4290
57910,4043
57911,3259
57912,3463
57913,3689
57914,4111
57915,3716
57916,4288
57917,3843
57918,4592
57919,-1
57920,3679
57921,3504
57922,3661
57923,4030
57924,4527
57925,3810
57926,3635
57927,3427
57928,3249
57929,3473
57930,3502
57931,3658
57932,3991
57933,4052
57934,3333
57935,-1
57936,3426
57937,3311
57938,4851
57939,3297
57940,3247
57941,4170
57942,2881
57943,-1
57944,3467
57945,3621
57946,3031
57947,3435
57948,3491
57949,3761
57950,3783
57951,3852
57952,3839
57953,3601
57954,3084
57955,3715
57956,3445
57957,3799
57958,3795
57959,-1
57960,3613
57961,3987
57962,3318
57963,3537
57964,3319
57965,3414
57966,4119
57967,3781
57968,3133
57969,3104
57970,3387
57971,3692
57972,3695
57973,-1
57974,3477
57975,3057
57976,3687
57977,2664
57978,3768
57979,3758
57980,3463
57981,3493
57982,3584
57983,3987
57984,3572
57985,2982
57986,2782
57987,3929
57988,3932
57989,3397
57990,3798
57991,4138
57992,3415
57993,3240
57994,3705
57995,2866
57996,3462
57997,2819
57998,3128
57999,3743
58000,3993
58001,3906
58002,3621
58003,2874
58004,3409
58005,3703
58006,3643
58007,3620
58008,3804
58009,-1
58010,3430
58011,2472
58012,3422
58013,-1
58014,3049
58015,3698
58016,3712
58017,3990
58018,4339
58019,3564
58020,4374
58021,3559
58022,3669
58023,4339
58024,3310
58025,2518
58026,4067
58027,2826
58028,4179
58029,-1
58030,3395
58031,3597
58032,3340
58033,4412
58034,3807
58035,3254
58036,2316
58037,3331
58038,3848
58039,2338
58040,4210
58041,3886
58042,4307
58043,3892
58044,3255
58045,3736
58046,3568
58047,3632
58048,2155
58049,3562
58050,3882
58051,-1
58052,2875
58053,4108
58054,3489
58055,2949
58056,3769
58057,3752
58058,4093
58059,5003
58060,4068
58061,4057
58062,3852
58063,3531
58064,3843
58065,3348
58066,3861
58067,3544
58068,3399
58069,3589
58070,5266
58071,3592
58072,2911
58073,3516
58074,-1
58075,-1
58076,4606
58077,3618
58078,3419
58079,4973
58080,4531
58081,2966
58082,3124
58083,4203
58084,3658
58085,3957
58086,4132
58087,3582
58088,3783
58089,4066
58090,4068
58091,3227
58092,3484
58093,-1
58094,3773
58095,3626
58096,4003
58097,3511
58098,3305
58099,3995
58100,4177
58101,3276
58102,2978
58103,3817
58104,4180
58105,3664
58106,3518
58107,3306
58108,3906
58109,4311
58110,3687
58111,3938
58112,3772
58113,3613
58114,-1
58115,3526
58116,3343
58117,3566
58118,3718
58119,3737
58120,3582
58121,2403
58122,3349
58123,3211
58124,4158
58125,2605
58126,3616
58127,3485
58128,3711
58129,-1
58130,3418
58131,4374
58132,3462
58133,3963
58134,2415
58135,3745
58136,4059
58137,3554
58138,3786
58139,3416
58140,3594
58141,3540
58142,3423
58143,3872
58144,3810
58145,3409
58146,3909
58147,3437
58148,3718
58149,3123
58150,2938
58151,3827
58152,4706
58153,3552
58154,3119
58155,3701
58156,2260
58157,3798
58158,3372
58159,4066
58160,2453
58161,3371
58162,3569
58163,4420
58164,3989
58165,3076
58166,4445
58167,4366
58168,3636
58169,3512
58170,3813
58171,3799
58172,4228
58173,3386
58174,3445
58175,3603
58176,3670
58177,3100
58178,3774
58179,4105
58180,3831
58181,4249
58182,3671
58183,3330
58184,3832
58185,4091
58186,2786
58187,3181
58188,3893
58189,3527
58190,3567
58191,3423
58192,4040
58193,3486
58194,3689
58195,3948
58196,4929
58197,3750
58198,3939
58199,3128
58200,3971
58201,3489
58202,4904
58203,4559
58204,3796
58205,3492
58206,3898
58207,3628
58208,3146
58209,4255
58210,3391
58211,3548
58212,3061
58213,2558
58214,3598
58215,3590
58216,3852
58217,3251
58218,4561
58219,-1
58220,3631
58221,3372
58222,3552
58223,3405
58224,3763
58225,3671
58226,3009
58227,4432
58228,3162
58229,4125
58230,3400
58231,3613
58232,3573
58233,3687
58234,3685
58235,4419
58236,3359
58237,3385
58238,4403
58239,3412
58240,3393
58241,-1
58242,3283
58243,2982
58244,3515
58245,3375
58246,2572
58247,3804
58248,3402
58249,3272
58250,3595
58251,3781
58252,3193
58253,4067
58254,3317
58255,-1
58256,3997
58257,4206
58258,2917
58259,2807
58260,3289
58261,3441
58262,3083
58263,4668
58264,3601
58265,4061
58266,3594
58267,3829
58268,3472
58269,4330
58270,2810
58271,4295
58272,4396
58273,3903
58274,4710
58275,3098
58276,3053
58277,4119
58278,3415
58279,4143
58280,3558
58281,3022
58282,3812
58283,3521
58284,3801
58285,4037
58286,3091
58287,4276
58288,3357
58289,3449
58290,3736
58291,3835
58292,4052
58293,4008
58294,4137
58295,2873
58296,3846
58297,3510
58298,3954
58299,3882
58300,3336
58301,3695
58302,2847
58303,2928
58304,3861
58305,3278
58306,3661
58307,3440
58308,3844
58309,2733
58310,3422
58311,4060
58312,3552
58313,3862
58314,3474
58315,3518
58316,4170
58317,3719
58318,4486
58319,3636
58320,3415
58321,3335
58322,3368
58323,3663
58324,3978
58325,3869
58326,3979
58327,3381
58328,3596
58329,3613
58330,3784
58331,4102
58332,3148
58333,4026
58334,3730
58335,3634
58336,2931
58337,3358
58338,2743
58339,3491
58340,3710
58341,3090
58342,3744
58343,3918
58344,3622
58345,3295
58346,4473
58347,-1
58348,4298
58349,3362
58350,3495
58351,3509
58352,2815
58353,3289
58354,3568
58355,3280
58356,3514
58357,2167
58358,3820
58359,3715
58360,3463
58361,3543
58362,3079
58363,3756
58364,3829
58365,3829
58366,3841
58367,2996
58368,3720
58369,3181
58370,3223
58371,3581
58372,3023
58373,3924
58374,3598
58375,3343
58376,3814
58377,2996
58378,3342
58379,3964
58380,3985
58381,3825
58382,3572
58383,3688
58384,3040
58385,3714
58386,4089
58387,3671
58388,3199
58389,3665
58390,4242
58391,4367
58392,3631
58393,3975
58394,3343
58395,2237
58396,3428
58397,3490
58398,3587
58399,4123
58400,3161
58401,3554
58402,3609
58403,2961
58404,3379
58405,3698
58406,3837
58407,3475
58408,2884
58409,3731
58410,3707
58411,3394
58412,4364
58413,3122
58414,2737
58415,3653
58416,3367
58417,2879
58418,3696
58419,3952
58420,4194
58421,3758
58422,3688
58423,3530
58424,3560
58425,3949
58426,3998
58427,3945
58428,3508
58429,3545
58430,3634
58431,4126
58432,3427
58433,3283
58434,3225
58435,3335
58436,3045
58437,3787
58438,4100
58439,3639
58440,3387
58441,3037
58442,3471
58443,3674
58444,4067
58445,2742
58446,3516
58447,3899
58448,3306
58449,3869
58450,3107
58451,3573
58452,3564
58453,2999
58454,3902
58455,3848
58456,3417
58457,3448
58458,4332
58459,3295
58460,4708
58461,3727
58462,3664
58463,2271
58464,3362
58465,3677
58466,3421
58467,3588
58468,3402
58469,3476
58470,3521
58471,3662
58472,3236
58473,3943
58474,3546
58475,3836
58476,3869
58477,3955
58478,4067
58479,3793
58480,3404
58481,-1
58482,2859
58483,2832
58484,4213
58485,3093
58486,3697
58487,3784
58488,3223
58489,3443
58490,3539
58491,3372
58492,2939
58493,3626
58494,3765
58495,3342
58496,3885
58497,3790
58498,3879
58499,3527
58500,3616
58501,3242
58502,4132
58503,3158
58504,4192
58505,3928
58506,3407
58507,3272
58508,2726
58509,4496
58510,3081
58511,2798
58512,3393
58513,3498
58514,3095
58515,4120
58516,3451
58517,4654
58518,3463
58519,3113
58520,4342
58521,2960
58522,4634
58523,5379
58524,4108
58525,3511
58526,3606
58527,3850
58528,3960
58529,3354
58530,4168
58531,4541
58532,4029
58533,3995
58534,2611
58535,3772
58536,3152
58537,4020
58538,3470
58539,3047
58540,3446
58541,3410
58542,4868
58543,3487
58544,2715
58545,2939
58546,3033
58547,3521
58548,3350
58549,3754
58550,3905
58551,3682
58552,3943
58553,3465
58554,2417
58555,3961
58556,3620
58557,3119
58558,3098
58559,3827
58560,3244
58561,3552
58562,2334
58563,4020
58564,3356
58565,3346
58566,3466
58567,3603
58568,3176
58569,3517
58570,3571
58571,3263
58572,3541
58573,3420
58574,3604
58575,3705
58576,3934
58577,3466
58578,3176
58579,3897
58580,3878
58581,3887
58582,3056
58583,3883
58584,3759
58585,3296
58586,3675
58587,4435
58588,3553
58589,3254
58590,4865
58591,3277
58592,3598
58593,4253
58594,3057
58595,3251
58596,3278
58597,3520
58598,3354
58599,3125
58600,-1
58601,4706
58602,3957
58603,3110
58604,3206
58605,3809
58606,-1
58607,4149
58608,3245
58609,3814
58610,4104
58611,3963
58612,4045
58613,3138
58614,3053
58615,2997
58616,-1
58617,3333
58618,4160
58619,2958
58620,-1
58621,3739
58622,4004
58623,3618
58624,4179
58625,3647
58626,4120
58627,3329
58628,3138
58629,2474
58630,3666
58631,2859
58632,2944
58633,3102
58634,3746
58635,3537
58636,3700
58637,4208
58638,3493
58639,3722
58640,3596
58641,3838
58642,3481
58643,2950
58644,3976
58645,3884
58646,3511
58647,3630
58648,3443
58649,3348
58650,2818
58651,3648
58652,3626
58653,4053
58654,4098
58655,3236
58656,3540
58657,3516
58658,3032
58659,2430
58660,3700
58661,3624
58662,3232
58663,3318
58664,3662
58665,3275
58666,3388
58667,3218
58668,4105
58669,3153
58670,-1
58671,3452
58672,-1
58673,3281
58674,3377
58675,3546
58676,4268
58677,3503
58678,3507
58679,3393
58680,3709
58681,3727
58682,4099
58683,3378
58684,3587
58685,3565
58686,3891
58687,3133
58688,3381
58689,3236
58690,3632
58691,3665
58692,3400
58693,3879
58694,3332
58695,3751
58696,3856
58697,3738
58698,3345
58699,3603
58700,2936
58701,4033
58702,3714
58703,3711
58704,3304
58705,3566
58706,3472
58707,3078
58708,3886
58709,3874
58710,4229
58711,3557
58712,3383
58713,3818
58714,3656
58715,3956
58716,4615
58717,4040
58718,3253
58719,2923
58720,3083
58721,3323
58722,3403
58723,3759
58724,4134
58725,3532
58726,3580
58727,2326
58728,4082
58729,3462
58730,3616
58731,3278
58732,4113
58733,3873
58734,3250
58735,3332
58736,4381
58737,3914
58738,4194
58739,3934
58740,3176
58741,3189
58742,3791
58743,3263
58744,3186
58745,4100
58746,3802
58747,3651
58748,3737
58749,3750
58750,3516
58751,3655
58752,2785
58753,4025
58754,2469
58755,2750
58756,3730
58757,4729
58758,4142
58759,2944
58760,4234
58761,3016
58762,3758
58763,3059
58764,3325
58765,-1
58766,3812
58767,3808
58768,3866
58769,3257
58770,3199
58771,3160
58772,3839
58773,3902
58774,3446
58775,3208
58776,-1
58777,3280
58778,3555
58779,3415
58780,3900
58781,3896
58782,2921
58783,3388
58784,3879
58785,3789
58786,2941
58787,3962
58788,3830
58789,4061
58790,-1
58791,3583
58792,3543
58793,5416
58794,3196
58795,4016
58796,4145
58797,4062
58798,3856
58799,4267
58800,3475
58801,2829
58802,3804
58803,2645
58804,3801
58805,3658
58806,3617
58807,2508
58808,3665
58809,4096
58810,2957
58811,2922
58812,3828
58813,3942
58814,3586
58815,3619
58816,3901
58817,3726
58818,3741
58819,2405
58820,3547
58821,2578
58822,3028
58823,3765
58824,4114
58825,3078
58826,3244
58827,3700
58828,4169
58829,3990
58830,2793
58831,-1
58832,3404
58833,3797
58834,3614
58835,3650
58836,3135
58837,3168
58838,3417
58839,3809
58840,3538
58841,3872
58842,3752
58843,3621
58844,3898
58845,3289
58846,4271
58847,3633
58848,3728
58849,3469
58850,4393
58851,4210
58852,3768
58853,4309
58854,3146
58855,3849
58856,4980
58857,3535
58858,2863
58859,3923
58860,3687
58861,3472
58862,3197
58863,3760
58864,3384
58865,3357
58866,3469
58867,4154
58868,4572
58869,4093
58870,4381
58871,3852
58872,3294
58873,3618
58874,3421
58875,3806
58876,3927
58877,3266
58878,4957
58879,3393
58880,3109
58881,3912
58882,3469
58883,3602
58884,3383
58885,3916
58886,4358
58887,3978
58888,3620
58889,3493
58890,4325
58891,3831
58892,3106
58893,3684
58894,3547
58895,4004
58896,3821
58897,4011
58898,3723
58899,4155
58900,3972
58901,3804
58902,3822
58903,3991
58904,3342
58905,3821
58906,3412
58907,3342
58908,3378
58909,3530
58910,3162
58911,4364
58912,3849
58913,2852
58914,3809
58915,3667
58916,3522
58917,4944
58918,4173
58919,3280
58920,3910
58921,3357
58922,3924
58923,3942
58924,2717
58925,3921
58926,3928
58927,3315
58928,3589
58929,3457
58930,4131
58931,5090
58932,3755
58933,3488
58934,3815
58935,3061
58936,3077
58937,3458
58938,2627
58939,2991
58940,3816
58941,3267
58942,3937
58943,3707
58944,4216
58945,4228
58946,3044
58947,4080
58948,3787
58949,3310
58950,3972
58951,3569
58952,3789
58953,4060
58954,3264
58955,3312
58956,3106
58957,3791
58958,3288
58959,3953
58960,2630
58961,4366
58962,3886
58963,3836
58964,2571
58965,1354
58966,3758
58967,3959
58968,3953
58969,4139
58970,3451
58971,2889
58972,2115
58973,3428
58974,4084
58975,3804
58976,4664
58977,3617
58978,-1
58979,3405
58980,3777
58981,3737
58982,3672
58983,3422
58984,3313
58985,3219
58986,3863
58987,-1
58988,3381
58989,3927
58990,2857
58991,2792
58992,4978
58993,3439
58994,4165
58995,4101
58996,3914
58997,4427
58998,3614
58999,3709
59000,2952
59001,3663
59002,3760
59003,3451
59004,3469
59005,3195
59006,3841
59007,4679
59008,3699
59009,3794
59010,3828
59011,2574
59012,3191
59013,3270
59014,3564
59015,3499
59016,3388
59017,3687
59018,3692
59019,3420
59020,-1
59021,3444
59022,3276
59023,3790
59024,3422
59025,3477
59026,3337
59027,3577
59028,3161
59029,3626
59030,2842
59031,3848
59032,3040
59033,3106
59034,2860
59035,4728
59036,4106
59037,3902
59038,3543
59039,3715
59040,4368
59041,4498
59042,3057
59043,3995
59044,3010
59045,3318
59046,3483
59047,3954
59048,3298
59049,3713
59050,3655
59051,3926
59052,3119
59053,3650
59054,3452
59055,3593
59056,3439
59057,2698
59058,3691
59059,3129
59060,4148
59061,3249
59062,3007
59063,3596
59064,3286
59065,3618
59066,3453
59067,3643
59068,3976
59069,3512
59070,3975
59071,3591
59072,3170
59073,3579
59074,3032
59075,4059
59076,3445
59077,3103
59078,3218
59079,3755
59080,3372
59081,3473
59082,3776
59083,3022
59084,4500
59085,3819
59086,4135
59087,3710
59088,3667
59089,4684
59090,3486
59091,3852
59092,4215
59093,3302
59094,4058
59095,3509
59096,3143
59097,3971
59098,3780
59099,3344
59100,3188
59101,-1
59102,3693
59103,2906
59104,3453
59105,3617
59106,3353
59107,3674
59108,3636
59109,3456
59110,4276
59111,2903
59112,3737
59113,3614
59114,-1
59115,2988
59116,2707
59117,3258
59118,3674
59119,3713
59120,3664
59121,3309
59122,2778
59123,4616
59124,3124
59125,3685
59126,3268
59127,3490
59128,3306
59129,3321
59130,-1
59131,4425
59132,3651
59133,3617
59134,3522
59135,3070
59136,3255
59137,3718
59138,2785
59139,3637
59140,3526
59141,3566
59142,4192
59143,2414
59144,3443
59145,3529
59146,4022
59147,3294
59148,4550
59149,3523
59150,4059
59151,3620
59152,3610
59153,4405
59154,-1
59155,3372
59156,2962
59157,3513
59158,4271
59159,3608
59160,3635
59161,4160
59162,3648
59163,4101
59164,3545
59165,3718
59166,3612
59167,3509
59168,3669
59169,3596
59170,3479
59171,3650
59172,2986
59173,3258
59174,3882
59175,3046
59176,3380
59177,-1
59178,3442
59179,3683
59180,2820
59181,3014
59182,3815
59183,2934
59184,3926
59185,4129
59186,3455
59187,3626
59188,3943
59189,3801
59190,3226
59191,3262
59192,2586
59193,3694
59194,3651
59195,3512
59196,4702
59197,3562
59198,3891
59199,3706
59200,3182
59201,3621
59202,4399
59203,4045
59204,4542
59205,3790
59206,3062
59207,2550
59208,4055
59209,4666
59210,3980
59211,3482
59212,3958
59213,3430
59214,4166
59215,3300
59216,4239
59217,3196
59218,3500
59219,3963
59220,3645
59221,3805
59222,3105
59223,4127
59224,3658
59225,3907
59226,4833
59227,3362
59228,3995
59229,3619
59230,3661
59231,2887
59232,3123
59233,3149
59234,3416
59235,3447
59236,3283
59237,2938
59238,3437
59239,3890
59240,4040
59241,2979
59242,3956
59243,4031
59244,3944
59245,2905
59246,3743
59247,3862
59248,3787
59249,4369
59250,3498
59251,3877
59252,2952
59253,3104
59254,3683
59255,3943
59256,3927
59257,3864
59258,3693
59259,4161
59260,3245
59261,-1
59262,3378
59263,3796
59264,3677
59265,3116
59266,2923
59267,3354
59268,3072
59269,3623
59270,4012
59271,4172
59272,3675
59273,3712
59274,4131
59275,2944
59276,3299
59277,3676
59278,3965
59279,3847
59280,3495
59281,3425
59282,3514
59283,2857
59284,3948
59285,2943
59286,4475
59287,3501
59288,3731
59289,3809
59290,3748
59291,3588
59292,3438
59293,3740
59294,3548
59295,4023
59296,3186
59297,3618
59298,3354
59299,3513
59300,4623
59301,3011
59302,3525
59303,-1
59304,3271
59305,3351
59306,2789
59307,3593
59308,4308
59309,3765
59310,4199
59311,3605
59312,3930
59313,4191
59314,3778
59315,4120
59316,3314
59317,3979
59318,3691
59319,3402
59320,4703
59321,4201
59322,3720
59323,3849
59324,3194
59325,3434
59326,3155
59327,3630
59328,3365
59329,3394
59330,3432
59331,2973
59332,3546
59333,3939
59334,3924
59335,4295
59336,3333
59337,3593
59338,3073
59339,2986
59340,4768
59341,-1
59342,3394
59343,3364
59344,3849
59345,3422
59346,3915
59347,3759
59348,4522
59349,3790
59350,3251
59351,4025
59352,3085
59353,3509
59354,4356
59355,3411
59356,3680
59357,2721
59358,3561
59359,3759
59360,3596
59361,2697
59362,3530
59363,3560
59364,3260
59365,3309
59366,4650
59367,3259
59368,3843
59369,3336
59370,3064
59371,3439
59372,4106
59373,2615
59374,3296
59375,3323
59376,4257
59377,3783
59378,2942
59379,3071
59380,2940
59381,3090
59382,4241
59383,3499
59384,4351
59385,2130
59386,3942
59387,3615
59388,3922
59389,3592
59390,3272
59391,3368
59392,2630
59393,3709
59394,2287
59395,3810
59396,4029
59397,3613
59398,3273
59399,4261
59400,3055
59401,2842
59402,2809
59403,3020
59404,3475
59405,3758
59406,3630
59407,3516
59408,3487
59409,3716
59410,2637
59411,3465
59412,3455
59413,3952
59414,3822
59415,3628
59416,3614
59417,3080
59418,2756
59419,3508
59420,2933
59421,3440
59422,2785
59423,2950
59424,3780
59425,4418
59426,4623
59427,3500
59428,3831
59429,4161
59430,4319
59431,3350
59432,2825
59433,3920
59434,2898
59435,4282
59436,3351
59437,3714
59438,3901
59439,2572
59440,2945
59441,3970
59442,3883
59443,3844
59444,3327
59445,3609
59446,3640
59447,4897
59448,4134
59449,3715
59450,4261
59451,3365
59452,3315
59453,3089
59454,4175
59455,3984
59456,3416
59457,3009
59458,3729
59459,3852
59460,3670
59461,3791
59462,3758
59463,3648
59464,3761
59465,3199
59466,3898
59467,-1
59468,4261
59469,3811
59470,3860
59471,3614
59472,3493
59473,3572
59474,4026
59475,3887
59476,3738
59477,3879
59478,3812
59479,3863
59480,3883
59481,3197
59482,4069
59483,3039
59484,3591
59485,3075
59486,2897
59487,4498
59488,3420
59489,3947
59490,3449
59491,3938
59492,3857
59493,3487
59494,4139
59495,4007
59496,3453
59497,2436
59498,3772
59499,3619
59500,3276
59501,3325
59502,3028
59503,3386
59504,3614
59505,2769
59506,2988
59507,3240
59508,4287
59509,3186
59510,3470
59511,3575
59512,3712
59513,-1
59514,4186
59515,4369
59516,2932
59517,3534
59518,3406
59519,2947
59520,3541
59521,3460
59522,3920
59523,3375
59524,3786
59525,3721
59526,3491
59527,3692
59528,3279
59529,4402
59530,3557
59531,3661
59532,3164
59533,3682
59534,3524
59535,4042
59536,3716
59537,3961
59538,3306
59539,3603
59540,3756
59541,3392
59542,3164
59543,4542
59544,-1
59545,3970
59546,4015
59547,3791
59548,3253
59549,4089
59550,3336
59551,3894
59552,4193
59553,3507
59554,3634
59555,4155
59556,3350
59557,3727
59558,4174
59559,3434
59560,3200
59561,4350
59562,2976
59563,4665
59564,3506
59565,3349
59566,3565
59567,4120
59568,3565
59569,3878
59570,-1
59571,4620
59572,3399
59573,3023
59574,3177
59575,3162
59576,3706
59577,4050
59578,3155
59579,4035
59580,3468
59581,2846
59582,3978
59583,3569
59584,3739
59585,3272
59586,3501
59587,3909
59588,4439
59589,4207
59590,3923
59591,3816
59592,3558
59593,3067
59594,3548
59595,4209
59596,3180
59597,4437
59598,3260
59599,3613
59600,3685
59601,3748
59602,3904
59603,3517
59604,3722
59605,3900
59606,3681
59607,4243
59608,3646
59609,-1
59610,2891
59611,3660
59612,3803
59613,2398
59614,3170
59615,3714
59616,3120
59617,3607
59618,3851
59619,3677
59620,3423
59621,3787
59622,3465
59623,3712
59624,3653
59625,3680
59626,3350
59627,2874
59628,3282
59629,3569
59630,3642
59631,3545
59632,3521
59633,3296
59634,2685
59635,3996
59636,3736
59637,3877
59638,3379
59639,3837
59640,3349
59641,3494
59642,4099
59643,3580
59644,3681
59645,4040
59646,3530
59647,4014
59648,2571
59649,4283
59650,3198
59651,4069
59652,3454
59653,3579
59654,3855
59655,3578
59656,3259
59657,3474
59658,3444
59659,4000
59660,3776
59661,4615
59662,3216
59663,3036
59664,3787
59665,3500
59666,3217
59667,2990
59668,3079
59669,4005
59670,4056
59671,3435
59672,3602
59673,3273
59674,2704
59675,3818
59676,2841
59677,3696
59678,3358
59679,2966
59680,2943
59681,2524
59682,3248
59683,3557
59684,3128
59685,3745
59686,3051
59687,4477
59688,3720
59689,3770
59690,-1
59691,3656
59692,3951
59693,3543
59694,3389
59695,3186
59696,4192
59697,3646
59698,3700
59699,3655
59700,3692
59701,2986
59702,3093
59703,3831
59704,4015
59705,4042
59706,3084
59707,3382
59708,2703
59709,3916
59710,3847
59711,2634
59712,3909
59713,3248
59714,3398
59715,3841
59716,3693
59717,4199
59718,3438
59719,3946
59720,3840
59721,3455
59722,3274
59723,3188
59724,3967
59725,3595
59726,3772
59727,3840
59728,3511
59729,3463
59730,3169
59731,3668
59732,3117
59733,3655
59734,3462
59735,3523
59736,3441
59737,3449
59738,3408
59739,2820
59740,3947
59741,2773
59742,3215
59743,3571
59744,4408
59745,4029
59746,4445
59747,3729
59748,2471
59749,3986
59750,3466
59751,2917
59752,3940
59753,3316
59754,3412
59755,3397
59756,3313
59757,3762
59758,3393
59759,3304
59760,3321
59761,3597
59762,3846
59763,4410
59764,3730
59765,3442
59766,3663
59767,3664
59768,3974
59769,4043
59770,2639
59771,3635
59772,3710
59773,3553
59774,3240
59775,3958
59776,4004
59777,4071
59778,3674
59779,4141
59780,3358
59781,3222
59782,2892
59783,3704
59784,3748
59785,3808
59786,3198
59787,3856
59788,3846
59789,2706
59790,3638
59791,3580
59792,3018
59793,2462
59794,2776
59795,4153
59796,4194
59797,4720
59798,2995
59799,3855
59800,4159
59801,3079
59802,3968
59803,4030
59804,3713
59805,3739
59806,4680
59807,3684
59808,3449
59809,3478
59810,3185
59811,2244
59812,3666
59813,3386
59814,3365
59815,3925
59816,3813
59817,3090
59818,3271
59819,3692
59820,3438
59821,3525
59822,2951
59823,3918
59824,3836
59825,3909
59826,3814
59827,3421
59828,3880
59829,3262
59830,4053
59831,3721
59832,4066
59833,3249
59834,4237
59835,3433
59836,3705
59837,-1
59838,3786
59839,4583
59840,2929
59841,2922
59842,3375
59843,4082
59844,3378
59845,3187
59846,3970
59847,3241
59848,4041
59849,3652
59850,4728
59851,3808
59852,3741
59853,3661
59854,3762
59855,3508
59856,2995
59857,3300
59858,3648
59859,3603
59860,3841
59861,3540
59862,3767
59863,3859
59864,3492
59865,3907
59866,3124
59867,4266
59868,3843
59869,3895
59870,4601
59871,3558
59872,3457
59873,3665
59874,3695
59875,4371
59876,3219
59877,3096
59878,3385
59879,3530
59880,3911
59881,2967
59882,3272
59883,4485
59884,3909
59885,4004
59886,3540
59887,3517
59888,3715
59889,4107
59890,3427
59891,3398
59892,3412
59893,3361
59894,3225
59895,3560
59896,4131
59897,3798
59898,3104
59899,3257
59900,3235
59901,3708
59902,3337
59903,3399
59904,4028
59905,4093
59906,3786
59907,3092
59908,3588
59909,4040
59910,3571
59911,3440
59912,3556
59913,3529
59914,5027
59915,3333
59916,4338
59917,3772
59918,3909
59919,2874
59920,3479
59921,3250
59922,3708
59923,3648
59924,4743
59925,3935
59926,3056
59927,3672
59928,3173
59929,3298
59930,4229
59931,3924
59932,3570
59933,-1
59934,4366
59935,3570
59936,3853
59937,3558
59938,2984
59939,4025
59940,3822
59941,3971
59942,3561
59943,2989
59944,3731
59945,3874
59946,4108
59947,3319
59948,2285
59949,3464
59950,3910
59951,3450
59952,3314
59953,4349
59954,3688
59955,3333
59956,3661
59957,3885
59958,3075
59959,3521
59960,3555
59961,4214
59962,4056
59963,3782
59964,3355
59965,3855
59966,3188
59967,3689
59968,3791
59969,3598
59970,4001
59971,3426
59972,3382
59973,4283
59974,3797
59975,3361
59976,3582
59977,3131
59978,3419
59979,4212
59980,3687
59981,4367
59982,3872
59983,3332
59984,3642
59985,3000
59986,4428
59987,3179
59988,3491
59989,4846
59990,3395
59991,4101
59992,4111
59993,3054
59994,3645
59995,3855
59996,3861
59997,3235
59998,4553
59999,3125
60000,3807
60001,4499
60002,-1
60003,3755
60004,3779
60005,4145
60006,3058
60007,3940
60008,3241
60009,4502
60010,4166
60011,3025
60012,4127
60013,3655
60014,4296
60015,3911
60016,3344
60017,3206
60018,2379
60019,3996
60020,3604
60021,3790
60022,4564
60023,3583
60024,3337
60025,4262
60026,3268
60027,3452
60028,4261
60029,3416
60030,2614
60031,3511
60032,3520
60033,3978
60034,3838
60035,4474
60036,3086
60037,3343
60038,3590
60039,3242
60040,-1
60041,3344
60042,3620
60043,3782
60044,3576
60045,3677
60046,3198
60047,2882
60048,3296
60049,2855
60050,3162
60051,3651
60052,2961
60053,3880
60054,4415
60055,3422
60056,3541
60057,3430
60058,3218
60059,3531
60060,3667
60061,3911
60062,4399
60063,3067
60064,-1
60065,3434
60066,3954
60067,3526
60068,3505
60069,3577
60070,4053
60071,3738
60072,3489
60073,3105
60074,3060
60075,4493
60076,3154
60077,3512
60078,3540
60079,3030
60080,3497
60081,3785
60082,3077
60083,3446
60084,4727
60085,2856
60086,3553
60087,4698
60088,4135
60089,4249
60090,3838
60091,3441
60092,3718
60093,2903
60094,3202
60095,4039
60096,3886
60097,3839
60098,3228
60099,3576
60100,3779
60101,3466
60102,3492
60103,3629
60104,3926
60105,3778
60106,3335
60107,3565
60108,3191
60109,3568
60110,3086
60111,3497
60112,3588
60113,4434
60114,4144
60115,4646
60116,3976
60117,3648
60118,3493
60119,3508
60120,3510
60121,3518
60122,3260
60123,2876
60124,3699
60125,4814
60126,3609
60127,4154
60128,3672
60129,3073
60130,4177
60131,3451
60132,3325
60133,3600
60134,3820
60135,3608
60136,3130
60137,3154
60138,3037
60139,3626
60140,4018
60141,3896
60142,4038
60143,3438
60144,3665
60145,2950
60146,3399
60147,4121
60148,3346
60149,2811
60150,3796
60151,3194
60152,3779
60153,3452
60154,4155
60155,3325
60156,3344
60157,-1
60158,3804
60159,3602
60160,3363
60161,3914
60162,4190
60163,3335
60164,3548
60165,3247
60166,2078
60167,3440
60168,3881
60169,3454
60170,3798
60171,3719
60172,3672
60173,3994
60174,3885
60175,3175
60176,3440
60177,3408
60178,4090
60179,2660
60180,2992
60181,3368
60182,3632
60183,4152
60184,3518
60185,2890
60186,3614
60187,3652
60188,3536
60189,3844
60190,3433
60191,3069
60192,4375
60193,4108
60194,3089
60195,4703
60196,3409
60197,-1
60198,4360
60199,3193
60200,3528
60201,3805
60202,3706
60203,3717
60204,3403
60205,3405
60206,3568
60207,3227
60208,4083
60209,3655
60210,3097
60211,3310
60212,3098
60213,3904
60214,3926
60215,3443
60216,3665
60217,3787
60218,3076
60219,4069
60220,4210
60221,4567
60222,4090
60223,3734
60224,3904
60225,4008
60226,3678
60227,3574
60228,4003
60229,3398
60230,1853
60231,2848
60232,3638
60233,3711
60234,4257
60235,3327
60236,3744
60237,3733
60238,3671
60239,3388
60240,3481
60241,3267
60242,3520
60243,3126
60244,4335
60245,3793
60246,3648
60247,3353
60248,3791
60249,3506
60250,2998
60251,3629
60252,3142
60253,3438
60254,4330
60255,3840
60256,3150
60257,3193
60258,3267
60259,3776
60260,3572
60261,3814
60262,3537
60263,3360
60264,3429
60265,2962
60266,3131
60267,3275
60268,4161
60269,3178
60270,3976
60271,2841
60272,3102
60273,3858
60274,3209
60275,3567
60276,3643
60277,3871
60278,3684
60279,3499
60280,4119
60281,3669
60282,3632
60283,3082
60284,4249
60285,3502
60286,3500
60287,4256
60288,2972
60289,3759
60290,3982
60291,3373
60292,4512
60293,4088
60294,-1
60295,3628
60296,3626
60297,3456
60298,3696
60299,2711
60300,3844
60301,3326
60302,3153
60303,4303
60304,3684
60305,4573
60306,-1
60307,3432
60308,3497
60309,3120
60310,2900
60311,3880
60312,2956
60313,4334
60314,2853
60315,3565
60316,3500
60317,3696
60318,2916
60319,3755
60320,3331
60321,2965
60322,3437
60323,3657
60324,3935
60325,3853
60326,3305
60327,2940
60328,3605
60329,4178
60330,1938
60331,3378
60332,2411
60333,3131
60334,3786
60335,3271
60336,3860
60337,2893
60338,3523
60339,5087
60340,3446
60341,3211
60342,3389
60343,3887
60344,4238
60345,3557
60346,3699
60347,3642
60348,3262
60349,3625
60350,3211
60351,4251
60352,4283
60353,3118
60354,3301
60355,2949
60356,3264
60357,3980
60358,3687
60359,3446
60360,3170
60361,4246
60362,4029
60363,3691
60364,3102
60365,3980
60366,2929
60367,3956
60368,2734
60369,3679
60370,3620
60371,3621
60372,3766
60373,3501
60374,2716
60375,3516
60376,3650
60377,3862
60378,3453
60379,3756
60380,3099
60381,3389
60382,3851
60383,3592
60384,3613
60385,4045
60386,3036
60387,3285
60388,3062
60389,3783
60390,4247
60391,4062
60392,3407
60393,3969
60394,3658
60395,4694
60396,3310
60397,2867
60398,3352
60399,3151
60400,3976
60401,3553
60402,4142
60403,3015
60404,3836
60405,4878
60406,2634
60407,3159
60408,3211
60409,3614
60410,4722
60411,3675
60412,3110
60413,3819
60414,3966
60415,3245
60416,3860
60417,3782
60418,3616
60419,4097
60420,-1
60421,4068
60422,3501
60423,3740
60424,3068
60425,3347
60426,4007
60427,3839
60428,4301
60429,3292
60430,3634
60431,2807
60432,3762
60433,3185
60434,3355
60435,3776
60436,3924
60437,3280
60438,3575
60439,3340
60440,3782
60441,4021
60442,4327
60443,2926
60444,3435
60445,3467
60446,4262
60447,4225
60448,3636
60449,3313
60450,2392
60451,2139
60452,3245
60453,3591
60454,2522
60455,3184
60456,3729
60457,3458
60458,3602
60459,3564
60460,4510
60461,3585
60462,3481
60463,4687
60464,4511
60465,3859
60466,2934
60467,3110
60468,3920
60469,3569
60470,4179
60471,2715
60472,2686
60473,3172
60474,4198
60475,3359
60476,3121
60477,3157
60478,4307
60479,3447
60480,3610
60481,3750
60482,3369
60483,3435
60484,3387
60485,3339
60486,3534
60487,3594
60488,2819
60489,3310
60490,4332
60491,3667
60492,3919
60493,3108
60494,3571
60495,3287
60496,3566
60497,4435
60498,3869
60499,3385
60500,3709
60501,3862
60502,2765
60503,4154
60504,3657
60505,4337
60506,3558
60507,4101
60508,3393
60509,2493
60510,3892
60511,2705
60512,3585
60513,3181
60514,3751
60515,3756
60516,3800
60517,3445
60518,3090
60519,3508
60520,3043
60521,3591
60522,3681
60523,3344
60524,4814
60525,3117
60526,4821
60527,3508
60528,4009
60529,3489
60530,4188
60531,3088
60532,3654
60533,3518
60534,3474
60535,3972
60536,3867
60537,4113
60538,3510
60539,3881
60540,4080
60541,3180
60542,3518
60543,4274
60544,3888
60545,3167
60546,3952
60547,2877
60548,3826
60549,3512
60550,3804
60551,3379
60552,3509
60553,3325
60554,3857
60555,3135
60556,3018
60557,3690
60558,3342
60559,3857
60560,3337
60561,3781
60562,2698
60563,4133
60564,2836
60565,3907
60566,3286
60567,3530
60568,2688
60569,2954
60570,3333
60571,3183
60572,4160
60573,3720
60574,3608
60575,3495
60576,2755
60577,3536
60578,4124
60579,3814
60580,3268
60581,4233
60582,3284
60583,3729
60584,2965
60585,3406
60586,3522
60587,4472
60588,3375
60589,3547
60590,4024
60591,3255
60592,3193
60593,2811
60594,4139
60595,3975
60596,4002
60597,3768
60598,3788
60599,3897
60600,3982
60601,-1
60602,4052
60603,3571
60604,2876
60605,3771
60606,3744
60607,3807
60608,3236
60609,4718
60610,3725
60611,4122
60612,3327
60613,3803
60614,2826
60615,3075
60616,3979
60617,3404
60618,3612
60619,4594
60620,3682
60621,5031
60622,3303
60623,3067
60624,3374
60625,3660
60626,3675
60627,3845
60628,3532
60629,3100
60630,3272
60631,3113
60632,3384
60633,4212
60634,3614
60635,3071
60636,3229
60637,3556
60638,4002
60639,2874
60640,3680
60641,3031
60642,4182
60643,3065
60644,4337
60645,3474
60646,-1
60647,3371
60648,4284
60649,3914
60650,3748
60651,3622
60652,3277
60653,3208
60654,4142
60655,3495
60656,3450
60657,2906
60658,2609
60659,4275
60660,3105
60661,-1
60662,4051
60663,3682
60664,3435
60665,3429
60666,3588
60667,4202
60668,3775
60669,-1
60670,3156
60671,3987
60672,3185
60673,3453
60674,4003
60675,3535
60676,3214
60677,3683
60678,2455
60679,3171
60680,3701
60681,3572
60682,3003
60683,3234
60684,3786
60685,3920
60686,3606
60687,3034
60688,2983
60689,2589
60690,3425
60691,2996
60692,3224
60693,3901
60694,3208
60695,2905
60696,2691
60697,3674
60698,4033
60699,4230
60700,4564
60701,3947
60702,3847
60703,4700
60704,3571
60705,3545
60706,2617
60707,3656
60708,3589
60709,3380
60710,3320
60711,3418
60712,3474
60713,4287
60714,3864
60715,4275
60716,3314
60717,3497
60718,3251
60719,4642
60720,3691
60721,3517
60722,3279
60723,3153
60724,3352
60725,2981
60726,2336
60727,3148
60728,3691
60729,3311
60730,4512
60731,3368
60732,3803
60733,2588
60734,3755
60735,3704
60736,3158
60737,3506
60738,3212
60739,3381
60740,3767
60741,3788
60742,2212
60743,3652
60744,3633
60745,3213
60746,2664
60747,3689
60748,3986
60749,3606
60750,3256
60751,3682
60752,3998
60753,4131
60754,3629
60755,3118
60756,3621
60757,3837
60758,4626
60759,2343
60760,3900
60761,3337
60762,3672
60763,3645
60764,3109
60765,3550
60766,4290
60767,2837
60768,4682
60769,3667
60770,3739
60771,3443
60772,3804
60773,3398
60774,2982
60775,3883
60776,-1
60777,3409
60778,3234
60779,3449
60780,3006
60781,4016
60782,2737
60783,3305
60784,3554
60785,3738
60786,3915
60787,3746
60788,3395
60789,3489
60790,1792
60791,4280
60792,3874
60793,3213
60794,3633
60795,3195
60796,3375
60797,3512
60798,3504
60799,3563
60800,3041
60801,3828
60802,3644
60803,3920
60804,3446
60805,3735
60806,3980
60807,3074
60808,3567
60809,3819
60810,3665
60811,3781
60812,4226
60813,4129
60814,3716
60815,3734
60816,3598
60817,2607
60818,3238
60819,3825
60820,3915
60821,3785
60822,3261
60823,3012
60824,4251
60825,2506
60826,3145
60827,3583
60828,3350
60829,4182
60830,4068
60831,4082
60832,3192
60833,4498
60834,3076
60835,3672
60836,3184
60837,4550
60838,3265
60839,4312
60840,3277
60841,3190
60842,3989
60843,3371
60844,3287
60845,4036
60846,2692
60847,-1
60848,3623
60849,2839
60850,2983
60851,2741
60852,2909
60853,3649
60854,4171
60855,3031
60856,2984
60857,3546
60858,3108
60859,-1
60860,3785
60861,3015
60862,3214
60863,3754
60864,2827
60865,2832
60866,3600
60867,3485
60868,3247
60869,3196
60870,3409
60871,3629
60872,2506
60873,3395
60874,2959
60875,3111
60876,4431
60877,3730
60878,3917
60879,2305
60880,-1
60881,4696
60882,3456
60883,3921
60884,3098
60885,3512
60886,3144
60887,3423
60888,3162
60889,3858
60890,2679
60891,4245
60892,4079
60893,4309
60894,3290
60895,4050
60896,3427
60897,3423
60898,3428
60899,3650
60900,3824
60901,3647
60902,3390
60903,3609
60904,3000
60905,3543
60906,2965
60907,3790
60908,3800
60909,3547
60910,2972
60911,3129
60912,3802
60913,3823
60914,3492
60915,3454
60916,3770
60917,3479
60918,3447
60919,3544
60920,3385
60921,3782
60922,3461
60923,3951
60924,3287
60925,3706
60926,-1
60927,2798
60928,4296
60929,3028
60930,2419
60931,4124
60932,3517
60933,2670
60934,3710
60935,4190
60936,3765
60937,3454
60938,2784
60939,3788
60940,4565
60941,3857
60942,3405
60943,4308
60944,3880
60945,4158
60946,3424
60947,2312
60948,4213
60949,3703
60950,4049
60951,3341
60952,3902
60953,3329
60954,3331
60955,3051
60956,3664
60957,3731
60958,4104
60959,3431
60960,4410
60961,4169
60962,3202
60963,3910
60964,4176
60965,1985
60966,4563
60967,3611
60968,3880
60969,3625
60970,4346
60971,3509
60972,3705
60973,4527
60974,3699
60975,4206
60976,3143
60977,4051
60978,3940
60979,3602
60980,4160
60981,4328
60982,2546
60983,3637
60984,3508
60985,3208
60986,3815
60987,2673
60988,3353
60989,3929
60990,4507
60991,4282
60992,2715
60993,5494
60994,3210
60995,4055
60996,3347
60997,4522
60998,4036
60999,3892
61000,3423
61001,3021
61002,4034
61003,3266
61004,4439
61005,-1
61006,3658
61007,3911
61008,3752
61009,3344
61010,4316
61011,3235
61012,3173
61013,4131
61014,4275
61015,4118
61016,3730
61017,2948
61018,3344
61019,3846
61020,3800
61021,3448
61022,3575
61023,3614
61024,3816
61025,3545
61026,3423
61027,3332
61028,3994
61029,4228
61030,4212
61031,4206
61032,3451
61033,2875
61034,3945
61035,3832
61036,3916
61037,3203
61038,-1
61039,4020
61040,3353
61041,3773
61042,4388
61043,3338
61044,3709
61045,4798
61046,4172
61047,3751
61048,-1
61049,3012
61050,3186
61051,4086
61052,3612
61053,3843
61054,3447
61055,2942
61056,3442
61057,3152
61058,2459
61059,3578
61060,3500
61061,3225
61062,3485
61063,4016
61064,3904
61065,3421
61066,3145
61067,3784
61068,3945
61069,3960
61070,3805
61071,3665
61072,3749
61073,3657
61074,4300
61075,3617
61076,4064
61077,3661
61078,3799
61079,3314
61080,3871
61081,2822
61082,2887
61083,3642
61084,3511
61085,3446
61086,4055
61087,2850
61088,4064
61089,3775
61090,3597
61091,3253
61092,3488
61093,3679
61094,2563
61095,3989
61096,3459
61097,3338
61098,3219
61099,3578
61100,2952
61101,3620
61102,2801
61103,3201
61104,4178
61105,2957
61106,3474
61107,3842
61108,3577
61109,3550
61110,3312
61111,3280
61112,3531
61113,2577
61114,3559
61115,3970
61116,3743
61117,3667
61118,3826
61119,3224
61120,3403
61121,-1
61122,3963
61123,3650
61124,-1
61125,3664
61126,3707
61127,3086
61128,3754
61129,3243
61130,3844
61131,3448
61132,2762
61133,3465
61134,3591
61135,3652
61136,3958
61137,4653
61138,3600
61139,3511
61140,3907
61141,3191
61142,3233
61143,3520
61144,3573
61145,3696
61146,-1
61147,3906
61148,3357
61149,3762
61150,3600
61151,-1
61152,4086
61153,3762
61154,3747
61155,2977
61156,3820
61157,4226
61158,2874
61159,-1
61160,3328
61161,3845
61162,3633
61163,4291
61164,3894
61165,3838
61166,4020
61167,4208
61168,3697
61169,2952
61170,2438
61171,3313
61172,4021
61173,3966
61174,3142
61175,4281
61176,3527
61177,3334
61178,4345
61179,2939
61180,3236
61181,3448
61182,3830
61183,3565
61184,3196
61185,4050
61186,3514
61187,3917
61188,4757
61189,3648
61190,3454
61191,3657
61192,2928
61193,3661
61194,3688
61195,-1
61196,2994
61197,3336
61198,4201
61199,4145
61200,4330
61201,3686
61202,3559
61203,3719
61204,4282
61205,3023
61206,3661
61207,3865
61208,3969
61209,3885
61210,5010
61211,3365
61212,3499
61213,3177
61214,3435
61215,3873
61216,3561
61217,3627
61218,3121
61219,3480
61220,3079
61221,2719
61222,3711
61223,3778
61224,3472
61225,3890
61226,3012
61227,2474
61228,4316
61229,4166
61230,4138
61231,3923
61232,3731
61233,3468
61234,4115
61235,3392
61236,3838
61237,3780
61238,3585
61239,3139
61240,4557
61241,3368
61242,3529
61243,3005
61244,4713
61245,3470
61246,3349
61247,3791
61248,3557
61249,3520
61250,3639
61251,3523
61252,3943
61253,3420
61254,3565
61255,2913
61256,3995
61257,3812
61258,3796
61259,3212
61260,3826
61261,4430
61262,3607
61263,3409
61264,3094
61265,4558
61266,3174
61267,3309
61268,3767
61269,3835
61270,3412
61271,3611
61272,4235
61273,2315
61274,3806
61275,3888
61276,3069
61277,3528
61278,4077
61279,4136
61280,3514
61281,3578
61282,4198
61283,4359
61284,2780
61285,4359
61286,4541
61287,3391
61288,3690
61289,2674
61290,3385
61291,3447
61292,4398
61293,3127
61294,4484
61295,4337
61296,3284
61297,3099
61298,3811
61299,3693
61300,3203
61301,3541
61302,3557
61303,3120
61304,3521
61305,-1
61306,4063
61307,4381
61308,3857
61309,3295
61310,3017
61311,3034
61312,3875
61313,3826
61314,3494
61315,3844
61316,4000
61317,3623
61318,3529
61319,3890
61320,3917
61321,3262
61322,4508
61323,3108
61324,3002
61325,3473
61326,3644
61327,2590
61328,3433
61329,3059
61330,3664
61331,3901
61332,3729
61333,3778
61334,3041
61335,3529
61336,3549
61337,3850
61338,3833
61339,3435
61340,2810
61341,2916
61342,3600
61343,3240
61344,4089
61345,3216
61346,4127
61347,4000
61348,2939
61349,3279
61350,2810
61351,3654
61352,3119
61353,3758
61354,3101
61355,3460
61356,4082
61357,4179
61358,3934
61359,3452
61360,3887
61361,3597
61362,3186
61363,3334
61364,-1
61365,3105
61366,3786
61367,2583
61368,3416
61369,3201
61370,2950
61371,3796
61372,2905
61373,3596
61374,4144
61375,3645
61376,3747
61377,3321
61378,3680
61379,3722
61380,-1
61381,3668
61382,5027
61383,4366
61384,4570
61385,3498
61386,3800
61387,3430
61388,4066
61389,2696
61390,3815
61391,3388
61392,3473
61393,3406
61394,2836
61395,4264
61396,3737
61397,3589
61398,3770
61399,4245
61400,2729
61401,2930
61402,3859
61403,4518
61404,3617
61405,3231
61406,3591
61407,3981
61408,3766
61409,3847
61410,3848
61411,3683
61412,3350
61413,2786
61414,3717
61415,3256
61416,4534
61417,3056
61418,4041
61419,2776
61420,4027
61421,3958
61422,3850
61423,3877
61424,3929
61425,3615
61426,3148
61427,3442
61428,3755
61429,3529
61430,3826
61431,3600
61432,3276
61433,-1
61434,2625
61435,3296
61436,4131
61437,2987
61438,3018
61439,3408
61440,3231
61441,3167
61442,3079
61443,4295
61444,3435
61445,3883
61446,3219
61447,3480
61448,3614
61449,3248
61450,3743
61451,3237
61452,3159
61453,3452
61454,3467
61455,3533
61456,3973
61457,3780
61458,4218
61459,3705
61460,3878
61461,2622
61462,2936
61463,3132
61464,3037
61465,4205
61466,3632
61467,3643
61468,2880
61469,3993
61470,3621
61471,3822
61472,3136
61473,3794
61474,3490
61475,3900
61476,3880
61477,3979
61478,-1
61479,3687
61480,3826
61481,2762
61482,3562
61483,3419
61484,3491
61485,3136
61486,3811
61487,3660
61488,3689
61489,3438
61490,3945
61491,4001
61492,3815
61493,3895
61494,3920
61495,3617
61496,4357
61497,3426
61498,3331
61499,3691
61500,2469
61501,3913
61502,3540
61503,3544
61504,3396
61505,3389
61506,4443
61507,4323
61508,4167
61509,5280
61510,3460
61511,3959
61512,-1
61513,3005
61514,4084
61515,5088
61516,3888
61517,3942
61518,3424
61519,3261
61520,4029
61521,3419
61522,3871
61523,3222
61524,5080
61525,3654
61526,3517
61527,3113
61528,3541
61529,3457
61530,4130
61531,3475
61532,3245
61533,3546
61534,3368
61535,3897
61536,3641
61537,2910
61538,3451
61539,-1
61540,3163
61541,3499
61542,3356
61543,3479
61544,3861
61545,3989
61546,4144
61547,2840
61548,3413
61549,2825
61550,3533
61551,3595
61552,3415
61553,3419
61554,3313
61555,3008
61556,3569
61557,4215
61558,3326
61559,3440
61560,3323
61561,3429
61562,3931
61563,4941
61564,3362
61565,3806
61566,4181
61567,3609
61568,3677
61569,3643
61570,3213
61571,3381
61572,4225
61573,4483
61574,3809
61575,3422
61576,3484
61577,3176
61578,4171
61579,3431
61580,3812
61581,3578
61582,3566
61583,2765
61584,3804
61585,4467
61586,2814
61587,3917
61588,3648
61589,4167
61590,3019
61591,2940
61592,-1
61593,2973
61594,3636
61595,4106
61596,4199
61597,3404
61598,3537
61599,3588
61600,2823
61601,3734
61602,3629
61603,3907
61604,2510
61605,4100
61606,3318
61607,3342
61608,4248
61609,3299
61610,3713
61611,3166
61612,3453
61613,2659
61614,4308
61615,3484
61616,3831
61617,3591
61618,3391
61619,3535
61620,4083
61621,3141
61622,3471
61623,3509
61624,4413
61625,4107
61626,2956
61627,3356
61628,3548
61629,3318
61630,3457
61631,3435
61632,2856
61633,3397
61634,3689
61635,3580
61636,3875
61637,4189
61638,-1
61639,3426
61640,3486
61641,3148
61642,3773
61643,1776
61644,3380
61645,3606
61646,4591
61647,3537
61648,4041
61649,3814
61650,4232
61651,4136
61652,3705
61653,3444
61654,3236
61655,2292
61656,3248
61657,3445
61658,3851
61659,3404
61660,3772
61661,3815
61662,3498
61663,3203
61664,3068
61665,3420
61666,3272
61667,3887
61668,3219
61669,-1
61670,3277
61671,3768
61672,4539
61673,3651
61674,4047
61675,3851
61676,3502
61677,3900
61678,3838
61679,3756
61680,3975
61681,3969
61682,3457
61683,3610
61684,3566
61685,3648
61686,2671
61687,3079
61688,3865
61689,3747
61690,4775
61691,3783
61692,3317
61693,4331
61694,4105
61695,-1
61696,3792
61697,4173
61698,2811
61699,3631
61700,3724
61701,3194
61702,4189
61703,3275
61704,3864
61705,3342
61706,3271
61707,3335
61708,3750
61709,3703
61710,3733
61711,4267
61712,4035
61713,4156
61714,4188
61715,3660
61716,4175
61717,3739
61718,3407
61719,3918
61720,3124
61721,2877
61722,3999
61723,3292
61724,3086
61725,2637
61726,3774
61727,3175
61728,3810
61729,3406
61730,3465
61731,3736
61732,3829
61733,3152
61734,3090
61735,3569
61736,-1
61737,3911
61738,3687
61739,3838
61740,3726
61741,3085
61742,3351
61743,3441
61744,4046
61745,2571
61746,3602
61747,3852
61748,3731
61749,2946
61750,3526
61751,4106
61752,4785
61753,3464
61754,4116
61755,3165
61756,4073
61757,3234
61758,3757
61759,4085
61760,4433
61761,4163
61762,3280
61763,2788
61764,3609
61765,2916
61766,3810
61767,3397
61768,3232
61769,3147
61770,2611
61771,3601
61772,3665
61773,3965
61774,4125
61775,3824
61776,3559
61777,4001
61778,3543
61779,3149
61780,3980
61781,2949
61782,3596
61783,2949
61784,3339
61785,3639
61786,3998
61787,3380
61788,3671
61789,3818
61790,4002
61791,3947
61792,4074
61793,3627
61794,3810
61795,4612
61796,3046
61797,3647
61798,3058
61799,3665
61800,3439
61801,3900
61802,3775
61803,3138
61804,3705
61805,2564
61806,3572
61807,3576
61808,3748
61809,3230
61810,3858
61811,2374
61812,3605
61813,3700
61814,3306
61815,3390
61816,3038
61817,3577
61818,4048
61819,3640
61820,3755
61821,3551
61822,3038
61823,3419
61824,3432
61825,3236
61826,3393
61827,4051
61828,2176
61829,3714
61830,3226
61831,3388
61832,3584
61833,3202
61834,2997
61835,3396
61836,3666
61837,3446
61838,4053
61839,2472
61840,4277
61841,2970
61842,4007
61843,3690
61844,4881
61845,2998
61846,3800
61847,3133
61848,3450
61849,3339
61850,3707
61851,2207
61852,3000
61853,3819
61854,3167
61855,2337
61856,3214
61857,3752
61858,3660
61859,3629
61860,3557
61861,4217
61862,-1
61863,3937
61864,3667
61865,3313
61866,3999
61867,3000
61868,2945
61869,3603
61870,3509
61871,2980
61872,3578
61873,3555
61874,3438
61875,4097
61876,3152
61877,4814
61878,3508
61879,3041
61880,-1
61881,4179
61882,3835
61883,3502
61884,2701
61885,2990
61886,3102
61887,3943
61888,3795
61889,3260
61890,2952
61891,4291
61892,3683
61893,3399
61894,3559
61895,3066
61896,3056
61897,3081
61898,3609
61899,2828
61900,3345
61901,2875
61902,3725
61903,3816
61904,3006
61905,3840
61906,4200
61907,2692
61908,2371
61909,4967
61910,3505
61911,4009
61912,3234
61913,4293
61914,3374
61915,3604
61916,3299
61917,2965
61918,4132
61919,3559
61920,3377
61921,3916
61922,3975
61923,3376
61924,4295
61925,3071
61926,3116
61927,4330
61928,4330
61929,-1
61930,3799
61931,3718
61932,3555
61933,3611
61934,4114
61935,3750
61936,3619
61937,3454
61938,3240
61939,3139
61940,2788
61941,3806
61942,3556
61943,3735
61944,3738
61945,3716
61946,3852
61947,3552
61948,3738
61949,4024
61950,3389
61951,3813
61952,4435
61953,3214
61954,3798
61955,3457
61956,3191
61957,5435
61958,2832
61959,3252
61960,4183
61961,4081
61962,3606
61963,3833
61964,4275
61965,3198
61966,2955
61967,4153
61968,3559
61969,4286
61970,3152
61971,3892
61972,5623
61973,2632
61974,4223
61975,3769
61976,4200
61977,2740
61978,3172
61979,3457
61980,4010
61981,4195
61982,3559
61983,3956
61984,4758
61985,3193
61986,3664
61987,3305
61988,3470
61989,3750
61990,3412
61991,3261
61992,3405
61993,3100
61994,2961
61995,4003
61996,2956
61997,4112
61998,3880
61999,-1
62000,4933
62001,-1
62002,3727
62003,2655
62004,4285
62005,3568
62006,3551
62007,3912
62008,3074
62009,3871
62010,3024
62011,3714
62012,3268
62013,3922
62014,3803
62015,3123
62016,3768
62017,3611
62018,3860
62019,3843
62020,3966
62021,3498
62022,3446
62023,4146
62024,3776
62025,3764
62026,3729
62027,3052
62028,2924
62029,3871
62030,3377
62031,3608
62032,3807
62033,4460
62034,3598
62035,4220
62036,3350
62037,4178
62038,3963
62039,3343
62040,-1
62041,3339
62042,-1
62043,4165
62044,4844
62045,3252
62046,-1
62047,4024
62048,3678
62049,3742
62050,3919
62051,2952
62052,3573
62053,3210
62054,3694
62055,3837
62056,3851
62057,4310
62058,4087
62059,3361
62060,4072
62061,4374
62062,3146
62063,3639
62064,3998
62065,3518
62066,4048
62067,3613
62068,3773
62069,3958
62070,4235
62071,3505
62072,3649
62073,4183
62074,3632
62075,3544
62076,3212
62077,3848
62078,3779
62079,3734
62080,3237
62081,3424
62082,4080
62083,2889
62084,3922
62085,4073
62086,3035
62087,3360
62088,3375
62089,4022
62090,3904
62091,3791
62092,3562
62093,2886
62094,2961
62095,3246
62096,3820
62097,4814
62098,3585
62099,3285
62100,3552
62101,4142
62102,3851
62103,3528
62104,3279
62105,3495
62106,3200
62107,-1
62108,3978
62109,3728
62110,3077
62111,3714
62112,3605
62113,3694
62114,4221
62115,3617
62116,3251
62117,-1
62118,2766
62119,3293
62120,3775
62121,3456
62122,4311
62123,3605
62124,2660
62125,3748
62126,3963
62127,3105
62128,3158
62129,3922
62130,3531
62131,3501
62132,3984
62133,3142
62134,4007
62135,3496
62136,3808
62137,3646
62138,3248
62139,3121
62140,3813
62141,-1
62142,3376
62143,3427
62144,3735
62145,3615
62146,4185
62147,3939
62148,3460
62149,4208
62150,3852
62151,3671
62152,3473
62153,3362
62154,3285
62155,2928
62156,3616
62157,3880
62158,2946
62159,4425
62160,2972
62161,3640
62162,4507
62163,4352
62164,4097
62165,4045
62166,3736
62167,3318
62168,3546
62169,4018
62170,4046
62171,3531
62172,4048
62173,3850
62174,3122
62175,3310
62176,3648
62177,3907
62178,3712
62179,3822
62180,3407
62181,3845
62182,3899
62183,3666
62184,2731
62185,5321
62186,4107
62187,3931
62188,2231
62189,4073
62190,2723
62191,2983
62192,3777
62193,3096
62194,3598
62195,4657
62196,4061
62197,3674
62198,3580
62199,3838
62200,3672
62201,4012
62202,3990
62203,2892
62204,3727
62205,4049
62206,3599
62207,2758
62208,3370
62209,3780
62210,3035
62211,3405
62212,3438
62213,4116
62214,3899
62215,2161
62216,3642
62217,3308
62218,4198
62219,3410
62220,3397
62221,3436
62222,3265
62223,4386
62224,3181
62225,3765
62226,3430
62227,3869
62228,3403
62229,3744
62230,3124
62231,4312
62232,2431
62233,1655
62234,3617
62235,3613
62236,3912
62237,3728
62238,3330
62239,4699
62240,4498
62241,3739
62242,3338
62243,2086
62244,3456
62245,4217
62246,3443
62247,3598
62248,2933
62249,3366
62250,3495
62251,3648
62252,4129
62253,3433
62254,3859
62255,3381
62256,2084
62257,3663
62258,3488
62259,3262
62260,3729
62261,3915
62262,3368
62263,3111
62264,3827
62265,4098
62266,-1
62267,3344
62268,3794
62269,3703
62270,3871
62271,3706
62272,4644
62273,4072
62274,3862
62275,3520
62276,2972
62277,3743
62278,3408
62279,4008
62280,3670
62281,3325
62282,3933
62283,3574
62284,4336
62285,3759
62286,3186
62287,3441
62288,3870
62289,3589
62290,3765
62291,2851
62292,4159
62293,2988
62294,3512
62295,3580
62296,3913
62297,3525
62298,3972
62299,3631
62300,3653
62301,4134
62302,4446
62303,3224
62304,4333
62305,3828
62306,4130
62307,4185
62308,3356
62309,3708
62310,3565
62311,4185
62312,3317
62313,4216
62314,3147
62315,4013
62316,4263
62317,3501
62318,3504
62319,3634
62320,3281
62321,3805
62322,3304
62323,3524
62324,3779
62325,2995
62326,3738
62327,3382
62328,3532
62329,3450
62330,3948
62331,3701
62332,3650
62333,3644
62334,3529
62335,3414
62336,3529
62337,3294
62338,3934
62339,4408
62340,3460
62341,3535
62342,3880
62343,3150
62344,4384
62345,3466
62346,3922
62347,2968
62348,3332
62349,3219
62350,3835
62351,3362
62352,4009
62353,3244
62354,4222
62355,3188
62356,-1
62357,3604
62358,3100
62359,2812
62360,4124
62361,2983
62362,2976
62363,3910
62364,3450
62365,3132
62366,3974
62367,3211
62368,3829
62369,3007
62370,3868
62371,4006
62372,3356
62373,3726
62374,3331
62375,3093
62376,3661
62377,4204
62378,3739
62379,3668
62380,4022
62381,3960
62382,3098
62383,4836
62384,3790
62385,3542
62386,3151
62387,5080
62388,3319
62389,3490
62390,-1
62391,4231
62392,2856
62393,4059
62394,3969
62395,3808
62396,3522
62397,3684
62398,3740
62399,3545
62400,3506
62401,3683
62402,3107
62403,3387
62404,3152
62405,3316
62406,3668
62407,3773
62408,3270
62409,3575
62410,3758
62411,3817
62412,3216
62413,4060
62414,3502
62415,4580
62416,3385
62417,3686
62418,3784
62419,4632
62420,3739
62421,3200
62422,2361
62423,2721
62424,3587
62425,3662
62426,3679
62427,3501
62428,5379
62429,3564
62430,4198
62431,2632
62432,3302
62433,4115
62434,3397
62435,2657
62436,3384
62437,2788
62438,4398
62439,3562
62440,3501
62441,3604
62442,3918
62443,3250
62444,3633
62445,3350
62446,3508
62447,3496
62448,3300
62449,2992
62450,3720
62451,3046
62452,3517
62453,3842
62454,3735
62455,3228
62456,3852
62457,2427
62458,-1
62459,3989
62460,4182
62461,3182
62462,3936
62463,4026
62464,3464
62465,3323
62466,3473
62467,4140
62468,3875
62469,3936
62470,2577
62471,3814
62472,3184
62473,3305
62474,3847
62475,3041
62476,3437
62477,4001
62478,3848
62479,4271
62480,3451
62481,3500
62482,3405
62483,3249
62484,2690
62485,3687
62486,3912
62487,4009
62488,3547
62489,4294
62490,3379
62491,3472
62492,4231
62493,3495
62494,3269
62495,3100
62496,3399
62497,3827
62498,3731
62499,4068
62500,3694
62501,3669
62502,3657
62503,3676
62504,4118
62505,3435
62506,3082
62507,2990
62508,4010
62509,3431
62510,4071
62511,3628
62512,3852
62513,3469
62514,4220
62515,3901
62516,3198
62517,3247
62518,4090
62519,3377
62520,3141
62521,3651
62522,3912
62523,3264
62524,3215
62525,3816
62526,3870
62527,3837
62528,4245
62529,3276
62530,2755
62531,3640
62532,3234
62533,3734
62534,3987
62535,3070
62536,3771
62537,4193
62538,3713
62539,3548
62540,3433
62541,3780
62542,-1
62543,3625
62544,3587
62545,3508
62546,3957
62547,3853
62548,3770
62549,3381
62550,3610
62551,3506
62552,3906
62553,3465
62554,3686
62555,3405
62556,2836
62557,3983
62558,3863
62559,3374
62560,3626
62561,3364
62562,3139
62563,4562
62564,3890
62565,3340
62566,3740
62567,4000
62568,4081
62569,3345
62570,3482
62571,4183
62572,3263
62573,3713
62574,3875
62575,3706
62576,3980
62577,3216
62578,2943
62579,3671
62580,3952
62581,3605
62582,3528
62583,4006
62584,3480
62585,3383
62586,3942
62587,4248
62588,3917
62589,3424
62590,-1
62591,3547
62592,3732
62593,3738
62594,3666
62595,2546
62596,3997
62597,3290
62598,3746
62599,3211
62600,4086
62601,3116
62602,3724
62603,3122
62604,2968
62605,3565
62606,3901
62607,-1
62608,2924
62609,3309
62610,4062
62611,3734
62612,3718
62613,4082
62614,4232
62615,3286
62616,4686
62617,3835
62618,3210
62619,4123
62620,2967
62621,3701
62622,4022
62623,3116
62624,3383
62625,3516
62626,3498
62627,4128
62628,3769
62629,2654
62630,3926
62631,4045
62632,3563
62633,4060
62634,3769
62635,4155
62636,3043
62637,3703
62638,4153
62639,3573
62640,3417
62641,-1
62642,3285
62643,4633
62644,3560
62645,4332
62646,2984
62647,3555
62648,3772
62649,4287
62650,2963
62651,3290
62652,3539
62653,3336
62654,3479
62655,3376
62656,3487
62657,3682
62658,3545
62659,3342
62660,3934
62661,3783
62662,3585
62663,3528
62664,3081
62665,3688
62666,3121
62667,3940
62668,4057
62669,2764
62670,3309
62671,3671
62672,4317
62673,3337
62674,3233
62675,3853
62676,3115
62677,3460
62678,3681
62679,3683
62680,2811
62681,3504
62682,3476
62683,3828
62684,3736
62685,3657
62686,4076
62687,2878
62688,3753
62689,4616
62690,3652
62691,3899
62692,3138
62693,3355
62694,4271
62695,3768
62696,3129
62697,4016
62698,3844
62699,4031
62700,3786
62701,4262
62702,3890
62703,3900
62704,3129
62705,3686
62706,3695
62707,3373
62708,3443
62709,3666
62710,4149
62711,3372
62712,3673
62713,2640
62714,-1
62715,3476
62716,4236
62717,3471
62718,4000
62719,3592
62720,3456
62721,3513
62722,3019
62723,4119
62724,3615
62725,3288
62726,4513
62727,3636
62728,4243
62729,3515
62730,3775
62731,3762
62732,2615
62733,3690
62734,3239
62735,3580
62736,3496
62737,2947
62738,3583
62739,3803
62740,3827
62741,3561
62742,3297
62743,3602
62744,4132
62745,3113
62746,3548
62747,4287
62748,3665
62749,3473
62750,3397
62751,3216
62752,3692
62753,4055
62754,3231
62755,4114
62756,4150
62757,1872
62758,4141
62759,3303
62760,3671
62761,3438
62762,4109
62763,2801
62764,3638
62765,3587
62766,3163
62767,3172
62768,3254
62769,3839
62770,3063
62771,3712
62772,3372
62773,3957
62774,3569
62775,3216
62776,3788
62777,3966
62778,3115
62779,4150
62780,3093
62781,3257
62782,3553
62783,3450
62784,3763
62785,4041
62786,3959
62787,2866
62788,3649
62789,3846
62790,3693
62791,3060
62792,3557
62793,3011
62794,3881
62795,3535
62796,3399
62797,3412
62798,2740
62799,3499
62800,3551
62801,3402
62802,3534
62803,3369
62804,3337
62805,3655
62806,-1
62807,3209
62808,3309
62809,3973
62810,3674
62811,3543
62812,4414
62813,3146
62814,3460
62815,4566
62816,3767
62817,3896
62818,3429
62819,2620
62820,3524
62821,2089
62822,4258
62823,3648
62824,3212
62825,3602
62826,3487
62827,3937
62828,3510
62829,3880
62830,3241
62831,3760
62832,3230
62833,3853
62834,3973
62835,2882
62836,4145
62837,3481
62838,4288
62839,3665
62840,2889
62841,4017
62842,4209
62843,2717
62844,3650
62845,3673
62846,3869
62847,3633
62848,4123
62849,2666
62850,3862
62851,3044
62852,2914
62853,3705
62854,3011
62855,2729
62856,2980
62857,4282
62858,3408
62859,3730
62860,3575
62861,4439
62862,3106
62863,4223
62864,3390
62865,3792
62866,4562
62867,3360
62868,3973
62869,3350
62870,3660
62871,3534
62872,3696
62873,3862
62874,3466
62875,4668
62876,2889
62877,4376
62878,3526
62879,3281
62880,3096
62881,4720
62882,3411
62883,4003
62884,3558
62885,3284
62886,3565
62887,3675
62888,3373
62889,3283
62890,3811
62891,4310
62892,3070
62893,3641
62894,4101
62895,3300
62896,-1
62897,3444
62898,3587
62899,3720
62900,3149
62901,3915
62902,2971
62903,3639
62904,3348
62905,3819
62906,2673
62907,4184
62908,3287
62909,3871
62910,2698
62911,3733
62912,3823
62913,5311
62914,3573
62915,4319
62916,3711
62917,3409
62918,3816
62919,3855
62920,3507
62921,3426
62922,3587
62923,3575
62924,2869
62925,3241
62926,3889
62927,3852
62928,4513
62929,4246
62930,4039
62931,3228
62932,4032
62933,3604
62934,3605
62935,4035
62936,4330
62937,3825
62938,3867
62939,3714
62940,-1
62941,4208
62942,3620
62943,4174
62944,-1
62945,3561
62946,3743
62947,3788
62948,3677
62949,4405
62950,3703
62951,3699
62952,3521
62953,3677
62954,3945
62955,3890
62956,2841
62957,3950
62958,3486
62959,4129
62960,3714
62961,3495
62962,3632
62963,3162
62964,2955
62965,2578
62966,3327
62967,3832
62968,3682
62969,3251
62970,2922
62971,3854
62972,3755
62973,4471
62974,4077
62975,3512
62976,4050
62977,4399
62978,4166
62979,3140
62980,3839
62981,3908
62982,3640
62983,3392
62984,3779
62985,3101
62986,3190
62987,4280
62988,2909
62989,3815
62990,3413
62991,3643
62992,2974
62993,3096
62994,4202
62995,3933
62996,3858
62997,4046
62998,4378
62999,3668
63000,3515
63001,2668
63002,3575
63003,3348
63004,3911
63005,3820
63006,3378
63007,4130
63008,3869
63009,4656
63010,3102
63011,3814
63012,3486
63013,4707
63014,3266
63015,4529
63016,3748
63017,5149
63018,2750
63019,3894
63020,3067
63021,3173
63022,4345
63023,3561
63024,3476
63025,3365
63026,4368
63027,3679
63028,3053
63029,4108
63030,3721
63031,3058
63032,3024
63033,3550
63034,3086
63035,3202
63036,3775
63037,3361
63038,3371
63039,3514
63040,3341
63041,3881
63042,3801
63043,3088
63044,3399
63045,2892
63046,3697
63047,4421
63048,3829
63049,3139
63050,3417
63051,3673
63052,3876
63053,3836
63054,3432
63055,2382
63056,3543
63057,4226
63058,3935
63059,3392
63060,4429
63061,3993
63062,3775
63063,3827
63064,3692
63065,3439
63066,4186
63067,3294
63068,4374
63069,3729
63070,3794
63071,3601
63072,3122
63073,3219
63074,4351
63075,3895
63076,3712
63077,3785
63078,3653
63079,3698
63080,3690
63081,3139
63082,3530
63083,4042
63084,3387
63085,3327
63086,3984
63087,2955
63088,3844
63089,2864
63090,3436
63091,4076
63092,3655
63093,4154
63094,2122
63095,3365
63096,2671
63097,-1
63098,3264
63099,3476
63100,3670
63101,3502
63102,3151
63103,3869
63104,3388
63105,4267
63106,3500
63107,3247
63108,3555
63109,3686
63110,3754
63111,3480
63112,3627
63113,3615
63114,3654
63115,3316
63116,4031
63117,4054
63118,3539
63119,3043
63120,3393
63121,3296
63122,4014
63123,3626
63124,3418
63125,3990
63126,3854
63127,3706
63128,4024
63129,3202
63130,3658
63131,3186
63132,3041
63133,3878
63134,3543
63135,3003
63136,3297
63137,3798
63138,3085
63139,3798
63140,2962
63141,2451
63142,4023
63143,3092
63144,4005
63145,3817
63146,3125
63147,3424
63148,3756
63149,-1
63150,3580
63151,4030
63152,3938
63153,3035
63154,3835
63155,3532
63156,4562
63157,4226
63158,3487
63159,3018
63160,3694
63161,3237
63162,3579
63163,3207
63164,3414
63165,3188
63166,3713
63167,3778
63168,3720
63169,2608
63170,3479
63171,3985
63172,3390
63173,3839
63174,4106
63175,2716
63176,3284
63177,3370
63178,2995
63179,3955
63180,4550
63181,3273
63182,3582
63183,4046
63184,3540
63185,-1
63186,3581
63187,4058
63188,3243
63189,4260
63190,3574
63191,3182
63192,3845
63193,4240
63194,3886
63195,2575
63196,3524
63197,4342
63198,3067
63199,3222
63200,3416
63201,3309
63202,3722
63203,3484
63204,3474
63205,3114
63206,4293
63207,3285
63208,3836
63209,3625
63210,3268
63211,3400
63212,3880
63213,3663
63214,3524
63215,3569
63216,4261
63217,3284
63218,4269
63219,4138
63220,3939
63221,3428
63222,3769
63223,3155
63224,2910
63225,4307
63226,3253
63227,3065
63228,3132
63229,2008
63230,3743
63231,3112
63232,3526
63233,3701
63234,3581
63235,2686
63236,3401
63237,3110
63238,3384
63239,3764
63240,4085
63241,3720
63242,1521
63243,3690
63244,3883
63245,3863
63246,3428
63247,2927
63248,3712
63249,3264
63250,3535
63251,4009
63252,3541
63253,2915
63254,2910
63255,3185
63256,3649
63257,3372
63258,3652
63259,4450
63260,3893
63261,3593
63262,3200
63263,3105
63264,4217
63265,4015
63266,3460
63267,4085
63268,3767
63269,3621
63270,4048
63271,4301
63272,3753
63273,3703
63274,3785
63275,3507
63276,3555
63277,2797
63278,3646
63279,3846
63280,3645
63281,3721
63282,3496
63283,3392
63284,3326
63285,3204
63286,3539
63287,3817
63288,3496
63289,3673
63290,3883
63291,3838
63292,4502
63293,3771
63294,3582
63295,-1
63296,3736
63297,2647
63298,3218
63299,3670
63300,4584
63301,4322
63302,3351
63303,3506
63304,3570
63305,2794
63306,4699
63307,4361
63308,2813
63309,3555
63310,2931
63311,3793
63312,4243
63313,4204
63314,3055
63315,3216
63316,2893
63317,2270
63318,3347
63319,3277
63320,3329
63321,3839
63322,3660
63323,3543
63324,3013
63325,3488
63326,3676
63327,4354
63328,4462
63329,3833
63330,3876
63331,3844
63332,3668
63333,3444
63334,3250
63335,3850
63336,4641
63337,3400
63338,3612
63339,3144
63340,3525
63341,3472
63342,3773
63343,3682
63344,2976
63345,3559
63346,3399
63347,3989
63348,3246
63349,2114
63350,3411
63351,3291
63352,3427
63353,3273
63354,3546
63355,3647
63356,3020
63357,3335
63358,3675
63359,2951
63360,3244
63361,3924
63362,3768
63363,2440
63364,4238
63365,3588
63366,3454
63367,3714
63368,3679
63369,4500
63370,3712
63371,4109
63372,3597
63373,3423
63374,3805
63375,4021
63376,3890
63377,3337
63378,3660
63379,3687
63380,3149
63381,3615
63382,4393
63383,3645
63384,3114
63385,2854
63386,3910
63387,-1
63388,3719
63389,3089
63390,2785
63391,3106
63392,3980
63393,3819
63394,3780
63395,3394
63396,3158
63397,3477
63398,3249
63399,3282
63400,4064
63401,3659
63402,3296
63403,4536
63404,4119
63405,3787
63406,2544
63407,-1
63408,3675
63409,3862
63410,3636
63411,3313
63412,3781
63413,3427
63414,3255
63415,3264
63416,3094
63417,3571
63418,3536
63419,3551
63420,3661
63421,3646
63422,3769
63423,4296
63424,3887
63425,3532
63426,3592
63427,3511
63428,3842
63429,3968
63430,4043
63431,3394
63432,2939
63433,4552
63434,3584
63435,3827
63436,4122
63437,3368
63438,3585
63439,3726
63440,4065
63441,3447
63442,3596
63443,3795
63444,3339
63445,3209
63446,3428
63447,3620
63448,3087
63449,3580
63450,3713
63451,3294
63452,3508
63453,3534
63454,2978
63455,3644
63456,3171
63457,4188
63458,3706
63459,3153
63460,3541
63461,3852
63462,2689
63463,3932
63464,3524
63465,3305
63466,3718
63467,3065
63468,3133
63469,3510
63470,4085
63471,3165
63472,4286
63473,3933
63474,3189
63475,4182
63476,4240
63477,3023
63478,2581
63479,3810
63480,3527
63481,3366
63482,4150
63483,4042
63484,3238
63485,3172
63486,3873
63487,3631
63488,3351
63489,4035
63490,3544
63491,3523
63492,3161
63493,3837
63494,3847
63495,3503
63496,3208
63497,4217
63498,3662
63499,3817
63500,3788
63501,3671
63502,3478
63503,3632
63504,3721
63505,3625
63506,3482
63507,3727
63508,3765
63509,3676
63510,3590
63511,3356
63512,3037
63513,3819
63514,3548
63515,3443
63516,3628
63517,4340
63518,3598
63519,4392
63520,3537
63521,3934
63522,4577
63523,3399
63524,2938
63525,3563
63526,3664
63527,2949
63528,3275
63529,3637
63530,4097
63531,3560
63532,3815
63533,3437
63534,2566
63535,2965
63536,3815
63537,3557
63538,3432
63539,3544
63540,4424
63541,2916
63542,3261
63543,3345
63544,3206
63545,3435
63546,3796
63547,3836
63548,2918
63549,3613
63550,3691
63551,3495
63552,3855
63553,3907
63554,3722
63555,4112
63556,3600
63557,4507
63558,3582
63559,3867
63560,3707
63561,3229
63562,3751
63563,3723
63564,4480
63565,4747
63566,4368
63567,3569
63568,3134
63569,4959
63570,3513
63571,2886
63572,3602
63573,3594
63574,3014
63575,3645
63576,4260
63577,3148
63578,3561
63579,3445
63580,3583
63581,4433
63582,3963
63583,3252
63584,2401
63585,3717
63586,3979
63587,3934
63588,3172
63589,3483
63590,3631
63591,4256
63592,3626
63593,3734
63594,4601
63595,3722
63596,3720
63597,3711
63598,3147
63599,3624
63600,3432
63601,3341
63602,3413
63603,3983
63604,3137
63605,3864
63606,3141
63607,3415
63608,3336
63609,3347
63610,3750
63611,3461
63612,3269
63613,4182
63614,3712
63615,3398
63616,3051
63617,3809
63618,3376
63619,3523
63620,3145
63621,3717
63622,4142
63623,3293
63624,3298
63625,3002
63626,3410
63627,-1
63628,3295
63629,3251
63630,3322
63631,4048
63632,2823
63633,4061
63634,3331
63635,3835
63636,3529
63637,4440
63638,2466
63639,3526
63640,3772
63641,3549
63642,2842
63643,3806
63644,3320
63645,3363
63646,3599
63647,3707
63648,3506
63649,3363
63650,3269
63651,3841
63652,2642
63653,3408
63654,2986
63655,3158
63656,3982
63657,3316
63658,3316
63659,3393
63660,4434
63661,3837
63662,3888
63663,4461
63664,4305
63665,-1
63666,4177
63667,2940
63668,3770
63669,3241
63670,4664
63671,4279
63672,3960
63673,3866
63674,3412
63675,3382
63676,3512
63677,4089
63678,3306
63679,4047
63680,3701
63681,3338
63682,2740
63683,3651
63684,4324
63685,3728
63686,2876
63687,4090
63688,3604
63689,3564
63690,3823
63691,3582
63692,3312
63693,3868
63694,3532
63695,3160
63696,2294
63697,3554
63698,3166
63699,3419
63700,2961
63701,5048
63702,4529
63703,3620
63704,2725
63705,4249
63706,3949
63707,3896
63708,3493
63709,4275
63710,4196
63711,3638
63712,2112
63713,3799
63714,3430
63715,3597
63716,3568
63717,3541
63718,3377
63719,4271
63720,3570
63721,3986
63722,3312
63723,2308
63724,3372
63725,3658
63726,3517
63727,3474
63728,3637
63729,3902
63730,2536
63731,3617
63732,3542
63733,3908
63734,3471
63735,3138
63736,3747
63737,3403
63738,3146
63739,3181
63740,3420
63741,3383
63742,4080
63743,3738
63744,3209
63745,3448
63746,4230
63747,-1
63748,4400
63749,3406
63750,3186
63751,3858
63752,3375
63753,2862
63754,3821
63755,3072
63756,3111
63757,3276
63758,4250
63759,4289
63760,3846
63761,2157
63762,3244
63763,3852
63764,3295
63765,3998
63766,4753
63767,3547
63768,3554
63769,3180
63770,3379
63771,3805
63772,3514
63773,2817
63774,2817
63775,4262
63776,4122
63777,3202
63778,2678
63779,4599
63780,3942
63781,-1
63782,3458
63783,3181
63784,2817
63785,3630
63786,3456
63787,3841
63788,3635
63789,3070
63790,3397
63791,3297
63792,3416
63793,3719
63794,3505
63795,3978
63796,3800
63797,4248
63798,2632
63799,4251
63800,2724
63801,4631
63802,3255
63803,2969
63804,3290
63805,3358
63806,2791
63807,4076
63808,3420
63809,3773
63810,4028
63811,3640
63812,2879
63813,3032
63814,3877
63815,3303
63816,3880
63817,4147
63818,2930
63819,4252
63820,3756
63821,3536
63822,4034
63823,3592
63824,3279
63825,4046
63826,3505
63827,3627
63828,3435
63829,2219
63830,3752
63831,3749
63832,3810
63833,3738
63834,3588
63835,3721
63836,4636
63837,2911
63838,3339
63839,3467
63840,3175
63841,3945
63842,3989
63843,3573
63844,4313
63845,4146
63846,4523
63847,3554
63848,3625
63849,3827
63850,3671
63851,4230
63852,3188
63853,3281
63854,3808
63855,2984
63856,3727
63857,3167
63858,3535
63859,3530
63860,2783
63861,3288
63862,3130
63863,3082
63864,4026
63865,3533
63866,3442
63867,2833
63868,3696
63869,3707
63870,3539
63871,2896
63872,3619
63873,3344
63874,2671
63875,3683
63876,3741
63877,3186
63878,2927
63879,3445
63880,3871
63881,3916
63882,3529
63883,3955
63884,-1
63885,3198
63886,3614
63887,3812
63888,3800
63889,3208
63890,3860
63891,3228
63892,3152
63893,4142
63894,3466
63895,4035
63896,3586
63897,3637
63898,3074
63899,3896
63900,3321
63901,-1
63902,4007
63903,3428
63904,3564
63905,3191
63906,3706
63907,3519
63908,3772
63909,3377
63910,2991
63911,3274
63912,3296
63913,3573
63914,3385
63915,2792
63916,4329
63917,4457
63918,3897
63919,3681
63920,2895
63921,3356
63922,3554
63923,2508
63924,2802
63925,3555
63926,3486
63927,3809
63928,2937
63929,3848
63930,4152
63931,3749
63932,3384
63933,3765
63934,4066
63935,3892
63936,3700
63937,3586
63938,-1
63939,3703
63940,4047
63941,3581
63942,3406
63943,3632
63944,3198
63945,3810
63946,3629
63947,3235
63948,3465
63949,4305
63950,4264
63951,3669
63952,3186
63953,3729
63954,3550
63955,3526
63956,4340
63957,2529
63958,3147
63959,3757
63960,3259
63961,3643
63962,2903
63963,3826
63964,3385
63965,3747
63966,3607
63967,4204
63968,-1
63969,3904
63970,2833
63971,3221
63972,3405
63973,3633
63974,3584
63975,3735
63976,3731
63977,4488
63978,2950
63979,3380
63980,3631
63981,3258
63982,3902
63983,2663
63984,3008
63985,3696
63986,3773
63987,3413
63988,3791
63989,3495
63990,3182
63991,3244
63992,-1
63993,3753
63994,3915
63995,3318
63996,4252
63997,3461
63998,3435
63999,4025
