node,distance
0,0
1,2369
2,2852
3,2887
4,2558
5,2623
6,2082
7,3004
8,3002
9,2441
10,2874
11,2237
12,2429
13,2540
14,2315
15,1586
16,2442
17,2620
18,3944
19,2063
20,2873
21,2155
22,2117
23,1945
24,2435
25,2689
26,2102
27,-1
28,2694
29,2679
30,2215
31,2940
32,2847
33,2671
34,2682
35,2585
36,2172
37,2244
38,4593
39,1795
40,3235
41,1842
42,2147
43,2256
44,2115
45,3011
46,2071
47,2364
48,2431
49,2956
50,2341
51,2189
52,2877
53,3436
54,1909
55,2595
56,1174
57,2655
58,2650
59,2594
60,3828
61,2794
62,2847
63,2502
64,2431
65,1847
66,1697
67,2560
68,2470
69,2460
70,2171
71,2444
72,2514
73,2589
74,1852
75,1797
76,2568
77,3088
78,1872
79,2917
80,3393
81,2299
82,1688
83,2226
84,3373
85,2677
86,1775
87,1572
88,2658
89,2218
90,2382
91,2191
92,1697
93,2156
94,2563
95,2884
96,2564
97,2793
98,3932
99,-1
100,2574
101,2827
102,2624
103,2751
104,2446
105,2620
106,2552
107,2174
108,2246
109,2686
110,2238
111,2869
112,1961
113,2150
114,2940
115,3130
116,2315
117,2504
118,2489
119,2542
120,2148
121,2145
122,2701
123,2118
124,1976
125,2255
126,2587
127,3327
128,2009
129,2533
130,1785
131,2196
132,3471
133,2224
134,2760
135,3239
136,1853
137,2832
138,2464
139,3136
140,3562
141,2767
142,2503
143,3591
144,2919
145,2237
146,2283
147,2625
148,2697
149,2467
150,3122
151,2009
152,2270
153,2723
154,2676
155,3834
156,3293
157,2389
158,2874
159,1352
160,2636
161,3002
162,2314
163,2876
164,2210
165,1864
166,3011
167,2761
168,2828
169,1427
170,2106
171,1895
172,1954
173,2957
174,2089
175,3306
176,2791
177,-1
178,2114
179,2700
180,2153
181,2239
182,2575
183,1688
184,3074
185,3119
186,2150
187,2866
188,2215
189,2456
190,1003
191,1984
192,2815
193,2565
194,2113
195,2470
196,2495
197,2489
198,2134
199,2854
200,2714
201,1557
202,2577
203,2483
204,2539
205,2877
206,2749
207,2671
208,2731
209,2833
210,2643
211,2001
212,2425
213,2492
214,2710
215,2066
216,2243
217,3655
218,2408
219,3120
220,2752
221,2231
222,2325
223,3049
224,2986
225,2620
226,2580
227,2537
228,2195
229,2428
230,2214
231,2139
232,2774
233,2251
234,2301
235,2622
236,2338
237,2454
238,2726
239,3126
240,2355
241,1944
242,2710
243,2439
244,2563
245,2892
246,2472
247,3112
248,3046
249,2414
250,2708
251,2303
252,2342
253,1901
254,2300
255,2599
256,2685
257,1941
258,2636
259,3306
260,1851
261,1707
262,1934
263,2770
264,2329
265,2193
266,1792
267,2627
268,2210
269,2059
270,2631
271,1986
272,2660
273,2677
274,3086
275,2261
276,1661
277,2952
278,2614
279,2460
280,2857
281,2706
282,2954
283,3145
284,2785
285,1530
286,2137
287,2624
288,2962
289,3222
290,1452
291,2761
292,1914
293,3092
294,3261
295,2037
296,2569
297,2369
298,2321
299,2668
300,2235
301,2692
302,2507
303,2366
304,1408
305,2727
306,2656
307,2412
308,1564
309,2321
310,2987
311,2041
312,2559
313,2385
314,2314
315,2211
316,3119
317,2786
318,2016
319,3107
320,3342
321,2432
322,2754
323,3783
324,3402
325,2720
326,1855
327,2094
328,2017
329,2115
330,2566
331,2611
332,3039
333,3008
334,3109
335,2310
336,1915
337,2788
338,2269
339,2735
340,2068
341,2176
342,2540
343,2312
344,3868
345,2584
346,2458
347,2448
348,2516
349,2065
350,2266
351,1699
352,2872
353,1524
354,2860
355,3247
356,2545
357,2210
358,-1
359,2323
360,1938
361,1885
362,2671
363,2382
364,2655
365,2239
366,2555
367,2818
368,3916
369,2248
370,2188
371,2225
372,2807
373,2573
374,2160
375,2169
376,2474
377,2240
378,2077
379,1528
380,1941
381,2554
382,1927
383,2888
384,1807
385,2478
386,3104
387,2675
388,2418
389,2132
390,2810
391,2739
392,2566
393,1694
394,1783
395,2155
396,2841
397,1838
398,2154
399,2482
400,2279
401,2826
402,1865
403,3177
404,2742
405,2764
406,2119
407,2528
408,2986
409,-1
410,1667
411,2637
412,2279
413,-1
414,2366
415,2510
416,2584
417,3246
418,2683
419,2833
420,2641
421,3091
422,1850
423,2238
424,2452
425,2763
426,-1
427,3311
428,2325
429,2389
430,2641
431,2504
432,2728
433,2326
434,3004
435,-1
436,2547
437,1907
438,2515
439,2256
440,2489
441,3149
442,2788
443,2917
444,2681
445,2516
446,3342
447,2552
448,1822
449,1548
450,2091
451,2615
452,2570
453,2589
454,2296
455,2733
456,2086
457,2682
458,2586
459,2653
460,2529
461,2675
462,-1
463,1935
464,2170
465,2513
466,1942
467,2765
468,2420
469,2274
470,-1
471,2512
472,2534
473,2787
474,2111
475,2953
476,2001
477,2532
478,2151
479,2459
480,3225
481,2242
482,2644
483,2733
484,2013
485,2476
486,2214
487,-1
488,2061
489,2439
490,2411
491,2953
492,2842
493,2352
494,2618
495,2678
496,2727
497,2225
498,2587
499,2518
500,1983
501,2687
502,2281
503,1475
504,2650
505,3199
506,2370
507,2187
508,2706
509,1793
510,2853
511,2349
512,2967
513,2166
514,3006
515,3065
516,2424
517,1900
518,2915
519,2605
520,2213
521,2126
522,2968
523,2608
524,2302
525,2489
526,2907
527,3027
528,2254
529,2817
530,2525
531,2170
532,1968
533,2868
534,3021
535,2304
536,2338
537,1682
538,1878
539,1999
540,2556
541,2338
542,2182
543,2237
544,2428
545,2438
546,1680
547,3039
548,2215
549,2473
550,3406
551,3261
552,3041
553,2743
554,2813
555,2587
556,2260
557,2462
558,2291
559,2118
560,3092
561,2316
562,2179
563,2036
564,3021
565,1944
566,2216
567,2372
568,2818
569,2620
570,2483
571,3204
572,2919
573,2294
574,2628
575,2291
576,3484
577,2492
578,2892
579,3167
580,2066
581,2431
582,2427
583,2250
584,1594
585,2289
586,2499
587,2405
588,2396
589,2848
590,2457
591,2149
592,2441
593,2246
594,3443
595,1978
596,2657
597,2757
598,2307
599,2911
600,2654
601,2351
602,3524
603,2902
604,2332
605,2848
606,2828
607,1841
608,3261
609,2816
610,2136
611,2485
612,2804
613,3259
614,3021
615,2496
616,2975
617,3628
618,2601
619,2762
620,2116
621,2492
622,2245
623,1921
624,2905
625,2456
626,3345
627,2722
628,2604
629,2444
630,2505
631,2469
632,2463
633,2485
634,2464
635,1846
636,2303
637,2569
638,2529
639,2075
640,2512
641,3809
642,2381
643,2874
644,2344
645,2764
646,1713
647,2273
648,2090
649,1682
650,3336
651,1933
652,2405
653,2072
654,2586
655,794
656,2562
657,1922
658,3677
659,3354
660,1849
661,2461
662,2628
663,2721
664,2584
665,1306
666,2084
667,2619
668,2696
669,2842
670,2279
671,3076
672,2631
673,2549
674,2583
675,2786
676,2641
677,2549
678,1631
679,3301
680,2270
681,2371
682,1924
683,2044
684,3185
685,2737
686,2189
687,2158
688,3197
689,2889
690,2750
691,2182
692,2415
693,2471
694,3188
695,2448
696,2560
697,2047
698,2704
699,2531
700,3192
701,2676
702,2982
703,2209
704,2832
705,2577
706,2253
707,2759
708,2491
709,2553
710,2725
711,2585
712,2214
713,2955
714,2693
715,2233
716,2320
717,2694
718,2936
719,2692
720,1196
721,2771
722,3310
723,1919
724,2770
725,2756
726,2261
727,2176
728,2143
729,2987
730,2614
731,2505
732,2373
733,2587
734,1640
735,2338
736,2858
737,1744
738,-1
739,2229
740,1870
741,2522
742,2023
743,2517
744,2393
745,2828
746,2481
747,2899
748,2938
749,3013
750,1960
751,2051
752,2031
753,2480
754,3003
755,1871
756,2445
757,2771
758,3123
759,2130
760,1790
761,1516
762,3114
763,2398
764,1718
765,2597
766,2069
767,3025
768,2006
769,2315
770,2377
771,3093
772,2305
773,2252
774,2167
775,2004
776,-1
777,2335
778,3765
779,2382
780,2693
781,2290
782,2514
783,2286
784,1959
785,2726
786,2941
787,2065
788,2960
789,2584
790,2067
791,2724
792,2583
793,2804
794,2420
795,2651
796,2782
797,2214
798,2777
799,2752
800,2658
801,2122
802,2433
803,2025
804,2412
805,2621
806,3334
807,2849
808,2008
809,2423
810,2672
811,2355
812,2974
813,2191
814,2618
815,2276
816,2537
817,2969
818,1941
819,2831
820,1897
821,2191
822,2617
823,2936
824,2379
825,2858
826,2382
827,1803
828,2842
829,2152
830,2065
831,3084
832,2279
833,2677
834,2677
835,1960
836,1952
837,2586
838,3241
839,2825
840,2150
841,2856
842,1765
843,2469
844,2754
845,2414
846,2315
847,1904
848,2680
849,2439
850,2496
851,2199
852,3565
853,1982
854,2564
855,2445
856,2599
857,2058
858,3492
859,2551
860,2862
861,2341
862,2309
863,2649
864,2476
865,2379
866,3071
867,2580
868,1958
869,2707
870,2100
871,2106
872,2814
873,2619
874,2580
875,2488
876,2406
877,2903
878,3053
879,1991
880,2563
881,2274
882,1739
883,2517
884,2282
885,3112
886,1867
887,2997
888,1622
889,2397
890,1847
891,2477
892,2722
893,2396
894,3370
895,2049
896,2374
897,2593
898,2564
899,3331
900,1955
901,2944
902,2846
903,2442
904,3400
905,3223
906,2107
907,2230
908,2598
909,1841
910,1883
911,2428
912,2982
913,2743
914,2611
915,2656
916,2657
917,1931
918,2394
919,2198
920,3296
921,3339
922,2529
923,2124
924,2377
925,2928
926,2285
927,2688
928,1972
929,2431
930,2183
931,2712
932,3010
933,2667
934,2176
935,2267
936,2892
937,2566
938,3564
939,1792
940,2778
941,2101
942,2010
943,1338
944,2102
945,3359
946,2326
947,2159
948,2881
949,2729
950,2116
951,2539
952,2638
953,2056
954,2148
955,2966
956,1661
957,2553
958,2698
959,2432
960,2794
961,2689
962,2893
963,2671
964,2726
965,2203
966,2532
967,2785
968,1489
969,2027
970,2584
971,3264
972,1763
973,2518
974,2823
975,3015
976,2717
977,3127
978,1991
979,2419
980,1293
981,2531
982,2519
983,2496
984,2616
985,2674
986,2463
987,2632
988,2437
989,2655
990,3210
991,830
992,2766
993,2416
994,2816
995,2256
996,2624
997,1998
998,1653
999,2376
1000,1646
1001,2755
1002,2517
1003,1524
1004,2126
1005,2645
1006,2214
1007,2661
1008,1858
1009,2756
1010,2372
1011,2770
1012,2200
1013,1818
1014,2863
1015,2528
1016,2941
1017,2796
1018,2342
1019,3575
1020,3162
1021,2639
1022,2817
1023,2554
1024,2591
1025,-1
1026,2762
1027,2246
1028,3263
1029,3028
1030,1573
1031,2630
1032,2309
1033,3563
1034,2068
1035,1674
1036,2666
1037,2230
1038,2869
1039,2827
1040,988
1041,2403
1042,2704
1043,3128
1044,2449
1045,1813
1046,2000
1047,2570
1048,2498
1049,712
1050,2238
1051,2712
1052,1816
1053,2887
1054,2288
1055,2103
1056,1993
1057,2563
1058,2704
1059,2430
1060,2491
1061,2358
1062,2964
1063,2864
1064,2505
1065,2362
1066,3639
1067,3171
1068,2416
1069,2444
1070,2795
1071,3316
1072,1799
1073,2801
1074,4746
1075,3057
1076,2426
1077,2814
1078,2195
1079,3060
1080,2573
1081,2706
1082,2377
1083,2903
1084,2332
1085,2696
1086,2104
1087,2105
1088,2675
1089,2160
1090,2764
1091,-1
1092,2378
1093,1986
1094,2285
1095,1753
1096,3137
1097,3006
1098,2501
1099,2405
1100,2520
1101,2147
1102,2645
1103,2178
1104,3112
1105,2429
1106,2794
1107,2163
1108,2572
1109,1744
1110,1627
1111,3307
1112,2139
1113,2013
1114,2641
1115,2853
1116,1968
1117,2839
1118,2729
1119,2079
1120,2934
1121,2514
1122,2102
1123,2497
1124,2818
1125,2835
1126,3361
1127,1941
1128,2918
1129,2412
1130,2142
1131,2223
1132,2420
1133,2614
1134,2362
1135,2992
1136,2587
1137,2117
1138,2378
1139,2466
1140,2620
1141,2790
1142,2630
1143,2384
1144,2458
1145,2380
1146,2603
1147,1781
1148,2305
1149,2777
1150,2436
1151,2398
1152,3138
1153,2033
1154,2453
1155,2153
1156,2364
1157,1885
1158,2231
1159,2083
1160,2742
1161,2052
1162,2500
1163,2319
1164,2858
1165,2838
1166,2688
1167,2698
1168,2329
1169,2419
1170,2271
1171,1446
1172,1924
1173,1901
1174,2431
1175,2309
1176,3028
1177,2806
1178,2572
1179,2536
1180,2345
1181,2540
1182,2771
1183,2879
1184,2094
1185,2979
1186,2188
1187,2800
1188,2872
1189,2002
1190,2048
1191,3144
1192,2034
1193,2469
1194,2141
1195,3116
1196,2553
1197,2200
1198,1594
1199,3133
1200,2640
1201,2544
1202,2516
1203,2717
1204,3001
1205,2375
1206,1974
1207,2722
1208,2426
1209,2007
1210,2208
1211,2408
1212,2300
1213,2289
1214,1939
1215,2427
1216,1953
1217,2061
1218,2675
1219,2223
1220,2772
1221,2121
1222,2903
1223,2712
1224,2029
1225,2535
1226,2235
1227,1962
1228,3143
1229,3170
1230,2159
1231,1952
1232,2276
1233,2422
1234,2190
1235,1854
1236,2162
1237,1824
1238,2437
1239,3339
1240,1570
1241,2335
1242,2638
1243,-1
1244,2675
1245,2325
1246,2043
1247,2998
1248,3023
1249,1784
1250,2296
1251,2037
1252,3165
1253,3191
1254,2494
1255,3562
1256,2172
1257,352
1258,2898
1259,3756
1260,3160
1261,1915
1262,2343
1263,2033
1264,2166
1265,2452
1266,2268
1267,2257
1268,3095
1269,2390
1270,3002
1271,3301
1272,2591
1273,2480
1274,2074
1275,2421
1276,2495
1277,2750
1278,1526
1279,2529
1280,2209
1281,2877
1282,2281
1283,2558
1284,2055
1285,2468
1286,2445
1287,2498
1288,2534
1289,1734
1290,2520
1291,2713
1292,3007
1293,2175
1294,2487
1295,-1
1296,-1
1297,2401
1298,1519
1299,2063
1300,2344
1301,2447
1302,3893
1303,3124
1304,2599
1305,2419
1306,2549
1307,3202
1308,2318
1309,2171
1310,2410
1311,2066
1312,3866
1313,2299
1314,2631
1315,2408
1316,2418
1317,1777
1318,2484
1319,2414
1320,2759
1321,2627
1322,2883
1323,2530
1324,2800
1325,3329
1326,1625
1327,3154
1328,2774
1329,779
1330,2176
1331,2982
1332,1957
1333,3798
1334,2794
1335,1516
1336,2677
1337,2766
1338,2519
1339,2308
1340,2073
1341,3004
1342,2262
1343,2329
1344,2473
1345,2048
1346,2191
1347,2132
1348,2094
1349,2848
1350,2495
1351,2733
1352,2144
1353,2243
1354,2848
1355,2450
1356,2193
1357,2265
1358,2456
1359,1843
1360,2432
1361,2470
1362,2243
1363,2626
1364,2642
1365,2029
1366,2313
1367,3216
1368,2510
1369,1729
1370,3532
1371,2313
1372,1470
1373,2371
1374,2675
1375,2319
1376,2431
1377,2630
1378,3734
1379,2972
1380,2605
1381,2519
1382,-1
1383,3270
1384,2104
1385,3011
1386,3179
1387,2476
1388,2358
1389,1569
1390,1850
1391,2122
1392,1224
1393,2349
1394,2735
1395,2438
1396,3185
1397,2417
1398,3347
1399,2262
1400,2583
1401,2770
1402,3035
1403,2300
1404,2226
1405,1481
1406,2880
1407,2395
1408,2901
1409,2689
1410,2721
1411,1565
1412,2905
1413,2272
1414,2684
1415,2906
1416,2127
1417,2362
1418,2929
1419,2575
1420,2466
1421,2373
1422,-1
1423,1915
1424,1622
1425,2668
1426,2341
1427,2249
1428,1865
1429,2547
1430,2587
1431,2142
1432,2663
1433,2128
1434,2322
1435,3013
1436,1762
1437,2522
1438,2168
1439,2004
1440,2342
1441,1847
1442,2451
1443,1671
1444,2711
1445,2541
1446,2939
1447,2216
1448,-1
1449,2370
1450,1282
1451,2444
1452,2137
1453,1967
1454,2052
1455,2919
1456,2289
1457,3797
1458,2858
1459,2543
1460,3030
1461,2938
1462,2813
1463,2970
1464,2685
1465,2462
1466,2514
1467,2165
1468,2399
1469,2955
1470,2771
1471,2711
1472,2072
1473,2056
1474,1955
1475,2862
1476,3033
1477,2397
1478,2342
1479,1811
1480,1291
1481,2638
1482,2229
1483,4162
1484,3101
1485,2656
1486,1268
1487,2528
1488,2551
1489,2681
1490,2534
1491,2305
1492,2916
1493,2436
1494,3094
1495,2950
1496,2448
1497,3450
1498,1927
1499,3474
1500,2409
1501,3137
1502,2907
1503,2633
1504,2125
1505,3010
1506,2703
1507,2835
1508,2689
1509,2814
1510,2645
1511,2349
1512,2329
1513,3526
1514,2879
1515,2587
1516,2263
1517,2629
1518,2136
1519,2762
1520,2770
1521,2996
1522,1972
1523,2695
1524,3018
1525,2050
1526,2527
1527,2825
1528,1842
1529,2544
1530,2729
1531,2316
1532,2359
1533,2622
1534,3472
1535,1721
1536,2458
1537,3114
1538,2300
1539,2266
1540,2657
1541,1655
1542,2174
1543,2679
1544,2658
1545,2610
1546,2507
1547,2106
1548,3146
1549,2617
1550,2522
1551,2190
1552,2336
1553,1078
1554,2299
1555,2186
1556,2179
1557,1856
1558,1926
1559,3187
1560,2749
1561,3214
1562,2283
1563,3013
1564,2672
1565,2734
1566,2264
1567,2821
1568,1554
1569,2631
1570,2593
1571,2127
1572,2951
1573,-1
1574,2446
1575,2919
1576,1727
1577,2820
1578,1855
1579,2477
1580,1672
1581,1940
1582,2869
1583,3163
1584,2394
1585,2498
1586,2667
1587,2115
1588,1599
1589,2883
1590,3573
1591,2925
1592,2454
1593,1763
1594,-1
1595,2326
1596,2651
1597,2339
1598,2068
1599,2864
1600,2404
1601,3077
1602,2413
1603,2639
1604,2769
1605,2195
1606,2122
1607,2339
1608,2307
1609,1907
1610,3132
1611,2430
1612,2332
1613,2962
1614,2735
1615,2894
1616,2498
1617,2359
1618,2199
1619,2846
1620,2747
1621,2866
1622,3073
1623,2595
1624,3296
1625,2395
1626,2437
1627,2280
1628,2249
1629,2267
1630,2235
1631,2303
1632,2630
1633,2167
1634,1837
1635,2230
1636,2881
1637,2565
1638,2982
1639,2826
1640,2220
1641,2840
1642,2568
1643,1733
1644,1953
1645,2566
1646,3421
1647,2586
1648,2814
1649,2500
1650,3329
1651,2442
1652,2705
1653,2742
1654,2473
1655,2733
1656,1866
1657,2744
1658,3642
1659,2201
1660,2476
1661,1987
1662,2409
1663,2632
1664,2612
1665,1656
1666,2435
1667,2697
1668,2606
1669,2419
1670,2589
1671,2900
1672,2173
1673,2997
1674,1363
1675,1110
1676,2500
1677,2680
1678,2386
1679,-1
1680,-1
1681,1981
1682,2554
1683,3241
1684,2481
1685,2362
1686,2304
1687,2853
1688,3007
1689,2077
1690,2907
1691,2414
1692,2143
1693,1946
1694,2696
1695,2309
1696,4165
1697,2590
1698,2869
1699,2161
1700,3008
1701,2509
1702,2923
1703,2963
1704,2854
1705,2372
1706,2317
1707,3087
1708,2503
1709,2427
1710,2937
1711,2425
1712,2265
1713,2676
1714,2351
1715,1209
1716,1695
1717,3359
1718,2821
1719,3161
1720,2630
1721,2355
1722,2937
1723,1964
1724,2210
1725,1652
1726,3006
1727,2030
1728,2446
1729,2520
1730,2404
1731,3038
1732,2610
1733,1702
1734,2640
1735,1955
1736,2605
1737,3172
1738,2239
1739,2245
1740,1513
1741,2433
1742,2906
1743,2752
1744,2111
1745,2487
1746,2672
1747,2429
1748,2575
1749,2400
1750,2908
1751,2367
1752,2584
1753,2770
1754,3048
1755,2420
1756,2782
1757,2555
1758,1770
1759,2187
1760,1916
1761,1821
1762,3109
1763,3314
1764,2691
1765,1094
1766,2633
1767,-1
1768,2718
1769,2167
1770,2700
1771,2041
1772,3003
1773,3157
1774,2588
1775,2439
1776,2655
1777,2813
1778,2012
1779,3047
1780,3061
1781,2314
1782,2590
1783,2621
1784,2041
1785,2336
1786,2420
1787,2072
1788,3635
1789,2443
1790,2270
1791,2321
1792,3025
1793,2353
1794,2198
1795,2230
1796,2425
1797,2811
1798,2435
1799,2483
1800,2434
1801,2084
1802,2727
1803,3109
1804,2674
1805,2199
1806,2570
1807,1819
1808,1326
1809,2472
1810,2622
1811,2652
1812,2198
1813,2698
1814,2210
1815,1777
1816,2556
1817,3046
1818,2623
1819,1944
1820,2520
1821,2355
1822,2263
1823,3286
1824,2521
1825,1649
1826,3344
1827,2427
1828,2469
1829,1871
1830,2062
1831,2283
1832,2102
1833,2498
1834,2329
1835,2541
1836,2962
1837,3221
1838,2399
1839,3284
1840,2550
1841,2758
1842,2874
1843,3266
1844,1587
1845,2651
1846,2445
1847,2632
1848,1251
1849,2870
1850,2675
1851,-1
1852,2541
1853,2465
1854,2652
1855,2418
1856,3002
1857,2365
1858,2635
1859,2076
1860,1674
1861,1840
1862,3305
1863,1602
1864,2415
1865,1883
1866,2180
1867,2112
1868,2174
1869,-1
1870,1682
1871,2282
1872,3212
1873,3253
1874,2696
1875,3074
1876,3047
1877,2191
1878,2861
1879,1797
1880,1733
1881,2521
1882,2453
1883,2549
1884,2494
1885,2461
1886,2259
1887,2566
1888,2661
1889,2301
1890,2594
1891,2531
1892,2620
1893,2081
1894,2931
1895,2630
1896,1649
1897,2232
1898,1611
1899,1538
1900,2796
1901,2732
1902,-1
1903,2445
1904,1408
1905,-1
1906,2210
1907,1941
1908,2380
1909,3115
1910,2778
1911,1541
1912,2497
1913,3393
1914,2593
1915,2101
1916,2339
1917,2502
1918,2040
1919,2783
1920,2198
1921,2182
1922,2855
1923,2115
1924,2094
1925,3176
1926,-1
1927,1876
1928,2997
1929,2351
1930,3645
1931,1727
1932,2716
1933,3623
1934,2528
1935,2319
1936,2239
1937,2842
1938,2621
1939,2758
1940,2081
1941,2188
1942,2906
1943,2541
1944,2487
1945,2882
1946,2365
1947,2836
1948,1949
1949,2369
1950,2330
1951,2496
1952,1606
1953,2446
1954,2455
1955,2901
1956,2909
1957,3019
1958,2230
1959,2052
1960,1990
1961,2260
1962,2966
1963,2853
1964,2600
1965,2619
1966,2289
1967,1885
1968,1958
1969,2264
1970,2972
1971,2327
1972,2411
1973,2006
1974,1733
1975,2342
1976,2946
1977,2736
1978,2380
1979,2659
1980,2868
1981,1958
1982,2384
1983,1880
1984,2955
1985,2862
1986,2604
1987,2772
1988,2051
1989,2279
1990,3378
1991,2695
1992,2511
1993,2053
1994,2123
1995,1801
1996,2762
1997,2643
1998,2641
1999,2271
2000,2448
2001,2081
2002,2887
2003,2974
2004,2396
2005,1774
2006,2447
2007,1904
2008,-1
2009,2953
2010,2372
2011,1379
2012,1709
2013,2526
2014,2367
2015,3150
2016,2904
2017,2006
2018,2111
2019,3296
2020,2749
2021,2772
2022,2987
2023,2270
2024,1743
2025,2610
2026,2958
2027,3292
2028,2144
2029,2953
2030,2882
2031,2700
2032,1566
2033,2350
2034,2775
2035,1735
2036,2835
2037,3017
2038,2564
2039,2618
2040,2896
2041,2175
2042,2029
2043,2087
2044,2508
2045,1865
2046,1916
2047,2628
2048,2470
2049,2830
2050,2756
2051,2275
2052,3167
2053,2410
2054,1992
2055,1994
2056,2598
2057,2893
2058,2186
2059,1287
2060,2045
2061,2493
2062,2920
2063,2540
2064,2579
2065,2253
2066,1571
2067,1778
2068,2745
2069,2706
2070,1900
2071,3065
2072,1977
2073,2259
2074,1944
2075,2696
2076,2119
2077,2418
2078,3271
2079,2378
2080,2082
2081,2267
2082,2754
2083,2183
2084,2167
2085,2639
2086,2491
2087,4696
2088,2692
2089,2653
2090,3021
2091,2515
2092,2983
2093,2301
2094,3344
2095,2217
2096,2599
2097,2432
2098,2082
2099,3930
2100,1814
2101,2360
2102,1509
2103,2778
2104,2437
2105,1877
2106,2876
2107,1651
2108,2344
2109,2680
2110,3015
2111,2377
2112,2511
2113,1887
2114,2411
2115,1804
2116,2446
2117,2691
2118,3044
2119,2834
2120,2255
2121,3161
2122,2360
2123,2230
2124,2737
2125,-1
2126,2953
2127,2403
2128,2584
2129,2920
2130,2180
2131,2874
2132,2466
2133,2855
2134,1993
2135,2694
2136,2632
2137,1335
2138,2550
2139,2906
2140,1904
2141,2266
2142,2725
2143,2555
2144,1952
2145,1407
2146,3333
2147,2040
2148,2233
2149,2801
2150,2359
2151,2126
2152,1682
2153,2934
2154,2520
2155,2138
2156,2408
2157,2130
2158,2750
2159,3061
2160,2425
2161,2930
2162,1754
2163,2859
2164,2283
2165,2757
2166,2611
2167,2445
2168,1645
2169,2460
2170,2234
2171,2299
2172,2851
2173,2729
2174,1841
2175,1819
2176,1831
2177,3767
2178,4035
2179,1638
2180,1808
2181,2343
2182,3185
2183,2039
2184,2390
2185,2480
2186,2031
2187,2406
2188,2256
2189,2045
2190,3367
2191,2098
2192,3048
2193,2767
2194,3154
2195,2134
2196,3099
2197,2136
2198,3288
2199,2598
2200,2622
2201,1893
2202,2343
2203,2879
2204,2547
2205,2166
2206,3873
2207,1919
2208,2108
2209,1972
2210,2641
2211,1343
2212,2197
2213,2347
2214,3101
2215,4112
2216,2036
2217,2896
2218,2265
2219,1565
2220,3056
2221,1908
2222,2769
2223,2873
2224,2639
2225,3008
2226,2226
2227,3199
2228,2119
2229,3802
2230,3183
2231,2060
2232,2854
2233,2194
2234,2755
2235,2671
2236,2583
2237,2274
2238,2744
2239,1797
2240,-1
2241,2668
2242,2899
2243,2508
2244,2642
2245,2304
2246,1304
2247,2116
2248,2212
2249,1607
2250,2046
2251,-1
2252,1942
2253,3508
2254,-1
2255,2721
2256,3510
2257,3836
2258,2322
2259,2268
2260,2400
2261,2123
2262,2827
2263,2600
2264,2270
2265,3077
2266,2203
2267,2408
2268,2448
2269,2642
2270,1997
2271,2995
2272,2794
2273,3078
2274,1177
2275,2874
2276,2986
2277,2913
2278,1444
2279,3123
2280,2698
2281,2343
2282,2503
2283,3276
2284,2195
2285,2392
2286,2841
2287,2957
2288,2702
2289,2330
2290,1962
2291,2508
2292,2313
2293,1530
2294,1911
2295,2430
2296,2862
2297,2504
2298,1739
2299,2544
2300,1824
2301,2644
2302,2070
2303,2820
2304,2633
2305,3132
2306,3327
2307,2808
2308,2802
2309,2754
2310,3279
2311,2437
2312,2368
2313,1343
2314,2338
2315,2242
2316,2747
2317,2096
2318,2443
2319,2488
2320,1828
2321,2205
2322,2250
2323,2845
2324,2971
2325,2690
2326,-1
2327,-1
2328,2540
2329,1967
2330,3093
2331,2335
2332,2311
2333,2565
2334,2970
2335,2324
2336,2274
2337,2615
2338,1648
2339,2536
2340,2526
2341,2752
2342,2103
2343,1758
2344,1896
2345,2341
2346,2123
2347,2705
2348,-1
2349,2076
2350,-1
2351,2324
2352,2269
2353,2320
2354,2731
2355,2457
2356,2739
2357,2443
2358,2477
2359,2690
2360,2807
2361,2583
2362,2573
2363,2777
2364,-1
2365,2727
2366,2384
2367,2379
2368,2450
2369,2513
2370,2325
2371,2568
2372,2876
2373,1725
2374,2547
2375,1692
2376,2959
2377,2383
2378,2217
2379,2344
2380,2669
2381,2919
2382,2373
2383,2663
2384,1695
2385,1704
2386,2666
2387,2427
2388,2694
2389,2559
2390,1624
2391,2495
2392,1835
2393,2635
2394,2536
2395,2157
2396,2918
2397,2144
2398,2405
2399,2486
2400,2639
2401,1185
2402,1666
2403,2981
2404,2791
2405,2516
2406,2514
2407,2094
2408,2098
2409,2527
2410,1802
2411,2944
2412,1848
2413,2670
2414,1700
2415,3212
2416,3201
2417,2261
2418,2638
2419,2305
2420,2824
2421,2302
2422,2553
2423,2455
2424,2568
2425,2372
2426,2111
2427,1959
2428,2827
2429,2110
2430,2328
2431,2745
2432,2720
2433,2864
2434,3983
2435,2786
2436,2732
2437,2738
2438,2511
2439,2711
2440,2885
2441,2423
2442,2851
2443,2095
2444,2733
2445,-1
2446,3184
2447,3043
2448,2654
2449,2654
2450,2252
2451,2140
2452,2488
2453,1762
2454,2979
2455,2962
2456,2139
2457,2205
2458,3447
2459,2533
2460,2525
2461,2744
2462,2519
2463,2632
2464,2737
2465,3268
2466,2898
2467,2049
2468,1722
2469,2239
2470,2349
2471,2282
2472,3468
2473,2290
2474,2634
2475,2830
2476,3811
2477,3094
2478,3160
2479,3585
2480,1432
2481,2536
2482,2742
2483,2237
2484,3317
2485,2442
2486,3367
2487,2840
2488,2298
2489,1918
2490,2619
2491,2150
2492,1956
2493,3280
2494,2333
2495,2955
2496,2877
2497,2429
2498,2275
2499,3144
2500,2365
2501,3383
2502,2719
2503,3028
2504,2236
2505,2730
2506,2047
2507,2618
2508,2527
2509,2802
2510,3214
2511,2494
2512,2885
2513,2393
2514,2534
2515,2864
2516,1927
2517,2597
2518,2110
2519,2483
2520,2293
2521,1721
2522,3259
2523,1358
2524,2496
2525,2889
2526,2589
2527,2289
2528,2614
2529,2335
2530,2291
2531,2899
2532,2364
2533,2861
2534,1967
2535,2378
2536,3558
2537,2443
2538,2053
2539,2502
2540,2965
2541,1731
2542,2202
2543,1760
2544,2520
2545,2375
2546,3165
2547,2793
2548,2743
2549,1262
2550,-1
2551,2850
2552,2064
2553,2280
2554,2788
2555,2189
2556,1846
2557,2384
2558,-1
2559,2307
2560,2039
2561,2993
2562,2693
2563,1842
2564,2759
2565,2578
2566,1827
2567,3168
2568,2483
2569,2177
2570,3091
2571,2633
2572,3423
2573,2449
2574,2193
2575,2001
2576,3001
2577,3492
2578,2620
2579,2286
2580,3059
2581,1738
2582,3175
2583,2750
2584,2111
2585,2799
2586,2735
2587,2336
2588,1997
2589,2440
2590,2972
2591,1291
2592,2654
2593,2114
2594,2611
2595,2817
2596,2994
2597,2961
2598,2366
2599,3046
2600,2479
2601,2884
2602,2825
2603,2532
2604,2868
2605,2142
2606,2609
2607,2319
2608,2435
2609,2194
2610,2843
2611,2816
2612,2217
2613,2168
2614,2568
2615,2295
2616,3427
2617,2103
2618,2995
2619,3013
2620,2359
2621,1589
2622,2517
2623,2878
2624,2374
2625,2165
2626,2346
2627,2222
2628,2415
2629,3044
2630,2582
2631,2090
2632,2264
2633,2231
2634,3037
2635,1852
2636,1876
2637,2847
2638,2858
2639,2594
2640,2446
2641,3168
2642,2638
2643,2266
2644,2519
2645,2901
2646,2703
2647,2815
2648,2580
2649,2446
2650,2259
2651,2810
2652,2243
2653,1765
2654,1822
2655,2095
2656,1481
2657,2490
2658,2574
2659,2530
2660,2480
2661,2032
2662,2562
2663,1456
2664,3052
2665,1905
2666,1844
2667,2982
2668,2542
2669,2788
2670,2345
2671,2728
2672,2601
2673,2490
2674,2577
2675,1779
2676,2689
2677,2139
2678,2936
2679,2238
2680,2524
2681,2279
2682,2976
2683,2216
2684,-1
2685,2683
2686,2453
2687,2837
2688,2321
2689,2726
2690,2189
2691,2328
2692,2943
2693,2513
2694,1936
2695,3025
2696,3350
2697,2408
2698,1868
2699,2227
2700,2158
2701,3408
2702,2169
2703,2254
2704,2420
2705,3050
2706,1740
2707,1944
2708,2477
2709,2686
2710,2551
2711,2103
2712,2617
2713,2973
2714,2334
2715,2643
2716,1935
2717,2328
2718,2371
2719,2366
2720,2215
2721,2391
2722,-1
2723,2386
2724,2604
2725,2934
2726,2552
2727,2295
2728,2598
2729,2341
2730,2904
2731,2235
2732,2174
2733,3238
2734,2630
2735,3193
2736,2397
2737,2552
2738,2456
2739,2823
2740,3559
2741,2099
2742,2157
2743,2261
2744,3360
2745,2224
2746,2711
2747,2389
2748,2398
2749,1949
2750,1564
2751,2146
2752,2503
2753,2623
2754,3363
2755,2243
2756,3420
2757,2395
2758,-1
2759,2773
2760,2645
2761,3607
2762,3288
2763,2078
2764,2924
2765,2253
2766,2567
2767,2519
2768,1240
2769,2763
2770,2942
2771,2469
2772,2491
2773,2653
2774,3356
2775,2241
2776,2693
2777,3081
2778,2158
2779,2325
2780,2524
2781,2604
2782,2138
2783,1730
2784,3135
2785,2070
2786,2954
2787,2490
2788,1953
2789,2674
2790,2653
2791,2308
2792,3089
2793,2972
2794,3683
2795,2728
2796,2571
2797,3185
2798,3040
2799,-1
2800,2750
2801,2704
2802,3174
2803,2848
2804,2266
2805,1855
2806,2602
2807,2822
2808,2630
2809,2942
2810,2392
2811,2120
2812,3433
2813,2557
2814,2342
2815,2452
2816,2514
2817,3805
2818,2332
2819,2516
2820,3014
2821,2200
2822,2610
2823,1705
2824,2225
2825,1247
2826,-1
2827,2897
2828,2271
2829,2420
2830,2231
2831,2573
2832,2073
2833,2709
2834,1748
2835,2730
2836,2368
2837,2800
2838,1482
2839,2420
2840,2677
2841,1702
2842,2498
2843,2649
2844,2181
2845,1919
2846,2858
2847,2348
2848,2551
2849,2099
2850,1721
2851,2059
2852,2088
2853,2393
2854,2847
2855,2169
2856,1647
2857,2643
2858,3722
2859,2854
2860,2515
2861,3093
2862,2543
2863,3776
2864,3272
2865,2929
2866,1964
2867,2153
2868,2690
2869,2676
2870,2130
2871,3615
2872,2647
2873,2227
2874,2936
2875,2015
2876,2466
2877,3191
2878,2500
2879,2634
2880,2858
2881,3172
2882,2540
2883,2612
2884,2570
2885,2493
2886,1693
2887,2384
2888,2440
2889,2430
2890,3452
2891,2356
2892,2643
2893,2709
2894,2411
2895,2450
2896,2432
2897,2539
2898,2387
2899,1829
2900,2859
2901,2207
2902,2410
2903,-1
2904,2633
2905,2923
2906,2852
2907,2726
2908,3172
2909,2783
2910,2491
2911,1859
2912,2866
2913,-1
2914,1258
2915,2587
2916,2446
2917,2560
2918,2269
2919,2347
2920,2888
2921,1768
2922,2160
2923,2071
2924,3280
2925,2102
2926,2227
2927,3478
2928,2015
2929,2130
2930,2891
2931,2801
2932,2176
2933,2802
2934,2981
2935,1999
2936,2776
2937,2646
2938,2667
2939,2330
2940,2630
2941,2569
2942,2985
2943,2159
2944,2629
2945,3083
2946,2040
2947,2897
2948,2272
2949,2139
2950,2608
2951,2711
2952,2470
2953,2048
2954,2320
2955,-1
2956,2183
2957,2225
2958,2219
2959,2773
2960,2107
2961,2523
2962,3037
2963,2464
2964,1932
2965,1899
2966,2235
2967,2558
2968,2209
2969,3310
2970,2343
2971,2778
2972,1195
2973,3423
2974,2628
2975,1476
2976,2277
2977,2558
2978,2036
2979,2451
2980,2537
2981,1949
2982,2459
2983,3526
2984,2131
2985,2779
2986,2638
2987,3060
2988,2260
2989,2629
2990,3415
2991,2044
2992,3525
2993,977
2994,3177
2995,1792
2996,2370
2997,2642
2998,2266
2999,2531
3000,2352
3001,2561
3002,2132
3003,2000
3004,2469
3005,2672
3006,1912
3007,2904
3008,2491
3009,2956
3010,2138
3011,3153
3012,2295
3013,2851
3014,2805
3015,1678
3016,2708
3017,2876
3018,2122
3019,2048
3020,-1
3021,1914
3022,1956
3023,2956
3024,2928
3025,2286
3026,2328
3027,2054
3028,1834
3029,2770
3030,3020
3031,2717
3032,3083
3033,2718
3034,2127
3035,2302
3036,2352
3037,2678
3038,2019
3039,1333
3040,2002
3041,2172
3042,2509
3043,2362
3044,2121
3045,2613
3046,2203
3047,1736
3048,2779
3049,2867
3050,2529
3051,2203
3052,2416
3053,2741
3054,2493
3055,2510
3056,3122
3057,2530
3058,2538
3059,1580
3060,1967
3061,1838
3062,2815
3063,2235
3064,2393
3065,2611
3066,2536
3067,2967
3068,2159
3069,2245
3070,2485
3071,2277
3072,1936
3073,2536
3074,2133
3075,3457
3076,2648
3077,2016
3078,2736
3079,2041
3080,2705
3081,2122
3082,2661
3083,1517
3084,2110
3085,2033
3086,2401
3087,2723
3088,2706
3089,2403
3090,3115
3091,2767
3092,3143
3093,2306
3094,2753
3095,1958
3096,2078
3097,2917
3098,1781
3099,2499
3100,1966
3101,2342
3102,2150
3103,1703
3104,2499
3105,2515
3106,2185
3107,2406
3108,2253
3109,2408
3110,2560
3111,2431
3112,2389
3113,2390
3114,2244
3115,2593
3116,2620
3117,2700
3118,3120
3119,3228
3120,2290
3121,2868
3122,2689
3123,2815
3124,1680
3125,2692
3126,3107
3127,3013
3128,2268
3129,3092
3130,2395
3131,2945
3132,2062
3133,2278
3134,2853
3135,2749
3136,2985
3137,2863
3138,2825
3139,2661
3140,2498
3141,2588
3142,3025
3143,2586
3144,3255
3145,2086
3146,2195
3147,2554
3148,2594
3149,2125
3150,2131
3151,2584
3152,3236
3153,2701
3154,2401
3155,2391
3156,2423
3157,2395
3158,2587
3159,2567
3160,2633
3161,2322
3162,2372
3163,2731
3164,1393
3165,2473
3166,2053
3167,2003
3168,-1
3169,2155
3170,2545
3171,2434
3172,2761
3173,2675
3174,2479
3175,2518
3176,2556
3177,2041
3178,2163
3179,2964
3180,2288
3181,2593
3182,3175
3183,2646
3184,932
3185,2497
3186,2056
3187,2675
3188,2964
3189,2112
3190,3104
3191,2372
3192,2596
3193,2699
3194,2814
3195,2497
3196,2643
3197,2905
3198,2388
3199,2742
3200,2527
3201,1854
3202,2550
3203,2935
3204,2822
3205,2076
3206,2297
3207,1897
3208,2471
3209,1961
3210,3236
3211,2752
3212,2166
3213,2263
3214,2492
3215,2518
3216,2439
3217,2014
3218,2338
3219,1653
3220,2454
3221,3285
3222,2514
3223,2757
3224,3051
3225,2171
3226,2587
3227,2527
3228,3109
3229,-1
3230,3097
3231,1944
3232,3244
3233,2757
3234,2558
3235,2420
3236,3017
3237,2234
3238,3219
3239,2447
3240,2316
3241,2311
3242,2732
3243,2512
3244,2319
3245,2485
3246,2298
3247,2437
3248,2987
3249,1481
3250,2049
3251,2775
3252,2559
3253,2758
3254,2070
3255,3907
3256,2391
3257,2267
3258,2358
3259,2152
3260,2049
3261,3381
3262,1621
3263,1930
3264,2767
3265,2210
3266,2503
3267,2637
3268,2689
3269,2526
3270,1518
3271,2775
3272,-1
3273,2981
3274,-1
3275,2649
3276,3237
3277,2314
3278,3266
3279,2230
3280,2423
3281,2632
3282,2514
3283,1933
3284,3070
3285,2500
3286,2270
3287,2835
3288,2220
3289,2141
3290,3068
3291,-1
3292,2803
3293,2811
3294,1952
3295,2812
3296,2485
3297,2686
3298,3099
3299,2444
3300,2666
3301,2697
3302,2621
3303,2137
3304,-1
3305,2028
3306,2010
3307,2039
3308,1435
3309,1780
3310,2121
3311,2933
3312,1926
3313,3281
3314,2219
3315,2150
3316,2529
3317,2873
3318,1210
3319,2461
3320,2538
3321,3285
3322,2290
3323,2138
3324,2551
3325,2500
3326,2495
3327,3093
3328,2998
3329,3347
3330,2669
3331,2411
3332,2063
3333,2286
3334,2546
3335,2528
3336,2425
3337,2516
3338,2266
3339,2556
3340,2074
3341,2596
3342,2871
3343,2272
3344,2529
3345,2333
3346,3001
3347,2277
3348,2711
3349,2701
3350,2417
3351,2737
3352,1929
3353,2752
3354,2912
3355,3307
3356,2121
3357,2095
3358,3134
3359,2847
3360,2981
3361,2054
3362,2560
3363,2715
3364,2505
3365,2667
3366,2532
3367,1832
3368,2214
3369,2743
3370,1476
3371,2751
3372,2352
3373,2481
3374,2839
3375,1988
3376,1853
3377,2663
3378,2447
3379,2518
3380,3095
3381,4041
3382,2398
3383,2596
3384,2374
3385,2719
3386,3386
3387,1266
3388,2584
3389,2380
3390,2894
3391,2959
3392,2463
3393,2288
3394,2810
3395,1841
3396,2345
3397,2565
3398,2478
3399,2455
3400,2632
3401,2849
3402,2674
3403,2602
3404,2665
3405,2768
3406,1645
3407,2933
3408,2379
3409,3095
3410,1962
3411,3275
3412,1858
3413,1846
3414,2350
3415,2697
3416,2577
3417,2224
3418,2300
3419,2348
3420,2506
3421,2600
3422,2399
3423,2541
3424,2539
3425,2911
3426,2338
3427,1435
3428,2877
3429,2188
3430,1886
3431,2663
3432,1783
3433,2423
3434,2732
3435,2109
3436,2469
3437,2559
3438,2524
3439,2226
3440,2342
3441,2434
3442,2432
3443,3347
3444,2454
3445,1650
3446,2381
3447,3183
3448,2566
3449,3267
3450,2244
3451,3035
3452,2680
3453,1523
3454,2622
3455,2984
3456,2271
3457,3069
3458,1844
3459,2368
3460,2900
3461,2863
3462,2415
3463,1679
3464,2635
3465,2089
3466,2708
3467,2269
3468,1869
3469,1436
3470,2305
3471,3256
3472,2747
3473,1747
3474,2509
3475,2984
3476,2675
3477,1922
3478,2794
3479,2725
3480,-1
3481,1369
3482,2512
3483,2493
3484,2648
3485,2168
3486,3006
3487,2863
3488,1714
3489,2347
3490,2246
3491,2471
3492,2397
3493,2727
3494,3360
3495,2990
3496,2270
3497,2916
3498,2013
3499,2717
3500,3698
3501,-1
3502,2174
3503,2184
3504,2027
3505,1784
3506,1873
3507,2357
3508,3954
3509,1758
3510,1962
3511,1734
3512,1761
3513,1704
3514,3241
3515,2516
3516,2451
3517,2370
3518,2109
3519,2478
3520,2558
3521,2693
3522,1777
3523,2405
3524,2643
3525,3471
3526,-1
3527,2812
3528,2453
3529,2782
3530,2040
3531,2138
3532,1814
3533,2649
3534,3032
3535,1706
3536,3168
3537,2055
3538,3289
3539,2374
3540,2409
3541,2609
3542,1328
3543,1459
3544,1959
3545,3310
3546,3088
3547,2031
3548,2556
3549,2910
3550,2316
3551,2265
3552,3219
3553,2058
3554,2405
3555,2740
3556,3585
3557,3086
3558,2037
3559,2306
3560,-1
3561,2946
3562,2474
3563,2474
3564,2103
3565,2363
3566,2431
3567,2315
3568,2475
3569,-1
3570,2706
3571,2325
3572,2023
3573,1631
3574,2565
3575,1824
3576,2349
3577,2465
3578,2870
3579,2346
3580,2918
3581,2166
3582,2492
3583,2366
3584,1909
3585,2829
3586,2224
3587,2622
3588,2999
3589,2497
3590,2180
3591,2690
3592,2537
3593,2302
3594,-1
3595,-1
3596,3243
3597,1578
3598,1996
3599,2302
3600,2022
3601,3766
3602,2095
3603,2305
3604,1892
3605,2228
3606,1886
3607,2457
3608,3260
3609,2229
3610,1920
3611,2626
3612,2073
3613,2440
3614,2006
3615,2013
3616,2758
3617,2598
3618,2265
3619,1935
3620,2790
3621,1860
3622,2610
3623,2061
3624,1586
3625,2539
3626,2977
3627,2618
3628,3016
3629,1781
3630,2974
3631,2821
3632,2623
3633,2729
3634,2301
3635,2543
3636,2383
3637,2984
3638,2137
3639,2871
3640,2512
3641,2691
3642,2598
3643,2476
3644,2029
3645,2931
3646,2753
3647,2638
3648,1731
3649,2172
3650,2016
3651,2717
3652,2227
3653,2897
3654,2456
3655,2813
3656,3835
3657,2481
3658,2141
3659,1759
3660,3116
3661,3001
3662,2636
3663,3231
3664,3038
3665,1840
3666,2549
3667,2188
3668,2074
3669,2650
3670,2710
3671,2809
3672,2852
3673,1841
3674,2471
3675,1871
3676,1866
3677,2542
3678,2451
3679,2097
3680,2029
3681,2676
3682,2767
3683,2590
3684,2275
3685,2303
3686,-1
3687,2780
3688,2638
3689,2155
3690,2052
3691,2171
3692,3387
3693,3132
3694,3807
3695,1756
3696,2818
3697,2473
3698,3015
3699,2521
3700,2753
3701,2799
3702,2059
3703,2801
3704,2434
3705,2656
3706,2547
3707,2408
3708,2296
3709,2454
3710,2866
3711,2345
3712,2678
3713,2652
3714,3086
3715,2629
3716,2377
3717,2552
3718,2568
3719,2403
3720,3138
3721,1569
3722,2593
3723,2350
3724,1842
3725,2864
3726,2266
3727,2562
3728,2116
3729,3821
3730,2905
3731,2069
3732,1883
3733,2304
3734,2990
3735,2034
3736,2920
3737,2107
3738,2487
3739,3093
3740,1866
3741,2355
3742,2834
3743,2210
3744,2776
3745,1977
3746,2399
3747,2838
3748,3419
3749,2336
3750,2316
3751,1808
3752,2545
3753,3303
3754,2441
3755,2323
3756,-1
3757,2706
3758,1770
3759,2602
3760,2982
3761,2330
3762,2544
3763,2802
3764,2521
3765,3453
3766,2798
3767,2863
3768,2491
3769,2411
3770,2740
3771,2814
3772,2328
3773,2863
3774,2533
3775,2317
3776,3013
3777,2857
3778,2550
3779,3250
3780,2731
3781,2597
3782,1882
3783,2013
3784,2743
3785,2592
3786,3018
3787,2362
3788,1402
3789,2565
3790,3107
3791,2811
3792,2229
3793,2030
3794,3598
3795,3168
3796,2447
3797,2491
3798,2169
3799,2509
3800,2555
3801,2403
3802,3341
3803,2780
3804,2878
3805,3228
3806,2793
3807,2283
3808,2536
3809,2104
3810,2476
3811,3083
3812,2689
3813,2141
3814,2720
3815,1860
3816,2788
3817,2424
3818,3343
3819,1869
3820,2432
3821,2361
3822,2190
3823,2654
3824,2077
3825,2681
3826,2489
3827,2699
3828,2127
3829,2728
3830,2627
3831,2430
3832,2380
3833,2391
3834,2200
3835,3190
3836,2543
3837,2137
3838,3665
3839,1949
3840,2906
3841,2237
3842,-1
3843,2135
3844,2977
3845,2166
3846,3133
3847,1864
3848,2302
3849,3106
3850,2747
3851,2497
3852,1497
3853,2581
3854,2445
3855,2450
3856,2512
3857,2294
3858,2482
3859,3147
3860,2553
3861,1944
3862,2825
3863,2094
3864,2556
3865,1891
3866,2439
3867,2398
3868,2657
3869,-1
3870,2703
3871,1874
3872,1800
3873,2330
3874,2635
3875,2836
3876,2307
3877,2537
3878,3550
3879,2632
3880,2885
3881,2360
3882,2895
3883,2865
3884,2550
3885,2592
3886,1090
3887,3238
3888,3003
3889,2300
3890,1725
3891,2461
3892,-1
3893,2260
3894,2235
3895,2582
3896,2227
3897,1731
3898,2988
3899,2144
3900,2776
3901,-1
3902,3653
3903,2981
3904,2331
3905,1670
3906,2832
3907,2218
3908,2825
3909,1208
3910,2283
3911,2089
3912,2101
3913,2136
3914,3449
3915,2364
3916,2335
3917,2551
3918,2250
3919,2428
3920,2267
3921,2581
3922,2480
3923,1418
3924,2817
3925,2659
3926,2562
3927,2001
3928,2833
3929,2177
3930,2256
3931,2791
3932,2622
3933,1491
3934,2328
3935,2651
3936,2244
3937,2545
3938,3155
3939,2114
3940,2003
3941,2837
3942,2559
3943,2906
3944,2808
3945,3749
3946,2377
3947,2536
3948,2253
3949,3046
3950,1800
3951,2312
3952,2616
3953,2586
3954,2587
3955,1817
3956,2774
3957,2866
3958,3073
3959,2813
3960,2098
3961,1909
3962,2367
3963,2424
3964,2263
3965,2455
3966,2345
3967,2391
3968,1977
3969,2525
3970,3025
3971,2604
3972,2263
3973,2108
3974,2457
3975,2837
3976,2627
3977,2816
3978,2714
3979,3104
3980,2561
3981,1987
3982,2997
3983,3131
3984,2888
3985,3022
3986,2902
3987,2469
3988,2637
3989,2629
3990,2434
3991,3054
3992,2706
3993,-1
3994,2056
3995,2334
3996,1835
3997,2222
3998,-1
3999,2404
4000,3162
4001,2227
4002,2283
4003,2607
4004,1987
4005,3286
4006,2474
4007,-1
4008,2471
4009,2312
4010,2959
4011,2500
4012,2951
4013,2255
4014,3010
4015,2384
4016,2600
4017,2078
4018,3447
4019,2498
4020,2413
4021,2416
4022,3543
4023,2021
4024,2798
4025,2924
4026,2923
4027,2475
4028,2630
4029,2643
4030,2662
4031,2591
4032,2495
4033,2458
4034,-1
4035,3044
4036,2902
4037,2370
4038,2149
4039,3419
4040,2199
4041,2558
4042,2617
4043,2226
4044,1630
4045,2832
4046,2938
4047,2221
4048,2940
4049,2988
4050,3019
4051,2524
4052,2752
4053,2553
4054,3293
4055,2528
4056,2396
4057,2388
4058,1988
4059,1781
4060,2333
4061,2847
4062,1691
4063,2611
4064,2343
4065,3398
4066,2327
4067,1801
4068,2354
4069,2321
4070,2730
4071,2545
4072,2738
4073,3335
4074,2321
4075,2278
4076,2407
4077,1254
4078,3353
4079,2485
4080,2312
4081,1491
4082,2228
4083,2006
4084,3133
4085,3052
4086,2546
4087,2056
4088,1829
4089,2131
4090,2645
4091,2271
4092,3132
4093,-1
4094,2911
4095,2622
4096,2212
4097,1590
4098,2498
4099,2380
4100,2804
4101,2334
4102,2096
4103,2854
4104,2433
4105,2554
4106,2933
4107,2458
4108,2773
4109,2248
4110,2904
4111,3249
4112,2080
4113,2692
4114,2513
4115,2128
4116,2576
4117,2402
4118,2549
4119,1041
4120,-1
4121,2477
4122,-1
4123,2101
4124,3425
4125,2608
4126,1544
4127,2201
4128,2446
4129,2555
4130,2617
4131,2587
4132,2784
4133,3156
4134,2513
4135,2908
4136,2370
4137,2915
4138,1428
4139,1865
4140,2282
4141,2593
4142,1904
4143,2566
4144,2629
4145,3154
4146,2308
4147,2877
4148,2639
4149,2589
4150,2359
4151,2453
4152,2875
4153,2525
4154,2824
4155,2698
4156,2395
4157,1731
4158,2591
4159,2612
4160,2419
4161,2275
4162,2451
4163,-1
4164,2182
4165,2829
4166,2612
4167,2681
4168,2120
4169,2826
4170,1797
4171,4018
4172,2329
4173,2313
4174,2113
4175,1965
4176,2386
4177,2671
4178,2424
4179,1277
4180,2258
4181,2254
4182,2673
4183,2864
4184,2433
4185,958
4186,3082
4187,2875
4188,2513
4189,2427
4190,1649
4191,2247
4192,2849
4193,2812
4194,2298
4195,3104
4196,2603
4197,2693
4198,2345
4199,1972
4200,1274
4201,2615
4202,2144
4203,2514
4204,2957
4205,2363
4206,1913
4207,2960
4208,2084
4209,1828
4210,2021
4211,2579
4212,2828
4213,2754
4214,1642
4215,1608
4216,1762
4217,2979
4218,2726
4219,1777
4220,1952
4221,-1
4222,-1
4223,2688
4224,2256
4225,1629
4226,1790
4227,2505
4228,2813
4229,3006
4230,3028
4231,2167
4232,1930
4233,2672
4234,2562
4235,1308
4236,3106
4237,2608
4238,2462
4239,2303
4240,2245
4241,2639
4242,2246
4243,2192
4244,2489
4245,2495
4246,2265
4247,-1
4248,2863
4249,1714
4250,2566
4251,2512
4252,1681
4253,2883
4254,2564
4255,2638
4256,2087
4257,2944
4258,2774
4259,2884
4260,2388
4261,2467
4262,2103
4263,1599
4264,2403
4265,1933
4266,2078
4267,2325
4268,2872
4269,2294
4270,2438
4271,2721
4272,-1
4273,2679
4274,1310
4275,2092
4276,2985
4277,2408
4278,2423
4279,2768
4280,2975
4281,2943
4282,3259
4283,2392
4284,2317
4285,2871
4286,2724
4287,2488
4288,2793
4289,2780
4290,2592
4291,2914
4292,2676
4293,-1
4294,1816
4295,1633
4296,2419
4297,2151
4298,1995
4299,2188
4300,1788
4301,2774
4302,2918
4303,2030
4304,3139
4305,2262
4306,2193
4307,2631
4308,2346
4309,2350
4310,2225
4311,2227
4312,2612
4313,2671
4314,2608
4315,2222
4316,1783
4317,1931
4318,2574
4319,2697
4320,2276
4321,2567
4322,3085
4323,2376
4324,2694
4325,2502
4326,2660
4327,2708
4328,2465
4329,2691
4330,3019
4331,1670
4332,2620
4333,1708
4334,2427
4335,2363
4336,3236
4337,1915
4338,2727
4339,3166
4340,2566
4341,1916
4342,2413
4343,2184
4344,1525
4345,2887
4346,2255
4347,2455
4348,2245
4349,2029
4350,2588
4351,3814
4352,3043
4353,2376
4354,1818
4355,2141
4356,2461
4357,2204
4358,3230
4359,-1
4360,2379
4361,2855
4362,3047
4363,1961
4364,2209
4365,2116
4366,2561
4367,2310
4368,2099
4369,2165
4370,2589
4371,2794
4372,-1
4373,2891
4374,2671
4375,2549
4376,2777
4377,2627
4378,2852
4379,2545
4380,2749
4381,2491
4382,2843
4383,2974
4384,3005
4385,2656
4386,1877
4387,1869
4388,2193
4389,3815
4390,1851
4391,2102
4392,2671
4393,3027
4394,2081
4395,2403
4396,2780
4397,1781
4398,2164
4399,2940
4400,3091
4401,2226
4402,3001
4403,-1
4404,2998
4405,2233
4406,2092
4407,2338
4408,2072
4409,2745
4410,2747
4411,2246
4412,3089
4413,2709
4414,3246
4415,2319
4416,2484
4417,4362
4418,1615
4419,2506
4420,2379
4421,2329
4422,2105
4423,2646
4424,2025
4425,2794
4426,2852
4427,1561
4428,1993
4429,2060
4430,2941
4431,2271
4432,2216
4433,3906
4434,2577
4435,2434
4436,2621
4437,1940
4438,2186
4439,2024
4440,2333
4441,2682
4442,3015
4443,4108
4444,3231
4445,2954
4446,2818
4447,2152
4448,2624
4449,2405
4450,2433
4451,2891
4452,2286
4453,2044
4454,2225
4455,3082
4456,3314
4457,1771
4458,2719
4459,2443
4460,2814
4461,2851
4462,3082
4463,2171
4464,3160
4465,2639
4466,-1
4467,1979
4468,-1
4469,2644
4470,3276
4471,2408
4472,3032
4473,2220
4474,2813
4475,1866
4476,2203
4477,2313
4478,2249
4479,2018
4480,2692
4481,3361
4482,2899
4483,2954
4484,1999
4485,-1
4486,2259
4487,2567
4488,2438
4489,3070
4490,2547
4491,2224
4492,2551
4493,3444
4494,3039
4495,2730
4496,2341
4497,2741
4498,2479
4499,3175
4500,2711
4501,2323
4502,2298
4503,2474
4504,3277
4505,2026
4506,2879
4507,2451
4508,2617
4509,3243
4510,2668
4511,3539
4512,2887
4513,3075
4514,2292
4515,2469
4516,2636
4517,2677
4518,2756
4519,2652
4520,2146
4521,2234
4522,2015
4523,2340
4524,2226
4525,2964
4526,1177
4527,2523
4528,2606
4529,2288
4530,2894
4531,2818
4532,3517
4533,2207
4534,1909
4535,1493
4536,1214
4537,1995
4538,2103
4539,2184
4540,2469
4541,2312
4542,2691
4543,2143
4544,1958
4545,2675
4546,2864
4547,2342
4548,-1
4549,3007
4550,1935
4551,3145
4552,2523
4553,2296
4554,2476
4555,2346
4556,2186
4557,1287
4558,2204
4559,2031
4560,2496
4561,2742
4562,2400
4563,3186
4564,2252
4565,1546
4566,2383
4567,1562
4568,2318
4569,2042
4570,1883
4571,2765
4572,3295
4573,2529
4574,2505
4575,2840
4576,2714
4577,2547
4578,1973
4579,2315
4580,2697
4581,2223
4582,3638
4583,2589
4584,2144
4585,2976
4586,2895
4587,2400
4588,2536
4589,2760
4590,2723
4591,2447
4592,2103
4593,2745
4594,3470
4595,2097
4596,3244
4597,2285
4598,2450
4599,2362
4600,2378
4601,2039
4602,1494
4603,2275
4604,2057
4605,2709
4606,2060
4607,2957
4608,2651
4609,2624
4610,2675
4611,2169
4612,2636
4613,2471
4614,2488
4615,2154
4616,2176
4617,1610
4618,2836
4619,2424
4620,2675
4621,2840
4622,3573
4623,2563
4624,2551
4625,1854
4626,2193
4627,3127
4628,2470
4629,2147
4630,2241
4631,2303
4632,2879
4633,2551
4634,2180
4635,2336
4636,1801
4637,3080
4638,2704
4639,2439
4640,2488
4641,1741
4642,2646
4643,2588
4644,2288
4645,1320
4646,2602
4647,2597
4648,3178
4649,2300
4650,2259
4651,2555
4652,2359
4653,2379
4654,3847
4655,3026
4656,2734
4657,2144
4658,2390
4659,3061
4660,2217
4661,1861
4662,2176
4663,2127
4664,2440
4665,2512
4666,3127
4667,2457
4668,3147
4669,2723
4670,2778
4671,2589
4672,2756
4673,2456
4674,2232
4675,3024
4676,2433
4677,2724
4678,2731
4679,2593
4680,2411
4681,1992
4682,2716
4683,1438
4684,3533
4685,3787
4686,2058
4687,2169
4688,2038
4689,1781
4690,1900
4691,2700
4692,2171
4693,3537
4694,2747
4695,2257
4696,2452
4697,2976
4698,2580
4699,1478
4700,2422
4701,2643
4702,2857
4703,3479
4704,-1
4705,2718
4706,2342
4707,2242
4708,2568
4709,2674
4710,1979
4711,2553
4712,2755
4713,2372
4714,1928
4715,2263
4716,3020
4717,1662
4718,2548
4719,3243
4720,2784
4721,2685
4722,1818
4723,2728
4724,1986
4725,2715
4726,2905
4727,2385
4728,2946
4729,2166
4730,3128
4731,2163
4732,2637
4733,2535
4734,2564
4735,2555
4736,2456
4737,2601
4738,2120
4739,2459
4740,2031
4741,3494
4742,2591
4743,2536
4744,2255
4745,2274
4746,1653
4747,1882
4748,2360
4749,2666
4750,2124
4751,2958
4752,3088
4753,2667
4754,2329
4755,3154
4756,2726
4757,3125
4758,2172
4759,2719
4760,3009
4761,2139
4762,2590
4763,1810
4764,2404
4765,3097
4766,3067
4767,2678
4768,2831
4769,2279
4770,1977
4771,2670
4772,2478
4773,2841
4774,2293
4775,3091
4776,3107
4777,2087
4778,2721
4779,1874
4780,2268
4781,2476
4782,3028
4783,2934
4784,2887
4785,3099
4786,1957
4787,2718
4788,2973
4789,2765
4790,2146
4791,1989
4792,-1
4793,-1
4794,2875
4795,2779
4796,2429
4797,2898
4798,2493
4799,1955
4800,2546
4801,3074
4802,2242
4803,2192
4804,2841
4805,2890
4806,2577
4807,2742
4808,1930
4809,2778
4810,1675
4811,2055
4812,2090
4813,3156
4814,3090
4815,3204
4816,2996
4817,2566
4818,2633
4819,2512
4820,2776
4821,2125
4822,2387
4823,2555
4824,1880
4825,2531
4826,3026
4827,2243
4828,2814
4829,2174
4830,2233
4831,2350
4832,1780
4833,3056
4834,2070
4835,2526
4836,3124
4837,2737
4838,3207
4839,1868
4840,2668
4841,-1
4842,2557
4843,2417
4844,2757
4845,2461
4846,2509
4847,2684
4848,2189
4849,1669
4850,2853
4851,2393
4852,2542
4853,2161
4854,2699
4855,2816
4856,1472
4857,2453
4858,2315
4859,1597
4860,-1
4861,2462
4862,1903
4863,2717
4864,1915
4865,2327
4866,2626
4867,2455
4868,2904
4869,2435
4870,2538
4871,3278
4872,1917
4873,2401
4874,2972
4875,2466
4876,2802
4877,2006
4878,2987
4879,3198
4880,2041
4881,2634
4882,-1
4883,1817
4884,2006
4885,2363
4886,3137
4887,2926
4888,2656
4889,2786
4890,3022
4891,2043
4892,3355
4893,2648
4894,3109
4895,3079
4896,2406
4897,2502
4898,2421
4899,2367
4900,3963
4901,2477
4902,2542
4903,3171
4904,2659
4905,3008
4906,2235
4907,2600
4908,2087
4909,3009
4910,2452
4911,2777
4912,3163
4913,2749
4914,1852
4915,-1
4916,1586
4917,-1
4918,1093
4919,1854
4920,3297
4921,3275
4922,2624
4923,1727
4924,2225
4925,2283
4926,2131
4927,2516
4928,2396
4929,3123
4930,2530
4931,2285
4932,2335
4933,1960
4934,2684
4935,2841
4936,2935
4937,2688
4938,2547
4939,2639
4940,2198
4941,-1
4942,1755
4943,1995
4944,3351
4945,3187
4946,2400
4947,2763
4948,3058
4949,2471
4950,2030
4951,2484
4952,2524
4953,2798
4954,2667
4955,2286
4956,1955
4957,2310
4958,2437
4959,2523
4960,1924
4961,1401
4962,1859
4963,3155
4964,2793
4965,2389
4966,2425
4967,2424
4968,2586
4969,3717
4970,2954
4971,2126
4972,2181
4973,2145
4974,-1
4975,1999
4976,2407
4977,2177
4978,2450
4979,2259
4980,2610
4981,2469
4982,3510
4983,2887
4984,1882
4985,2486
4986,2597
4987,2715
4988,2628
4989,2296
4990,2726
4991,3452
4992,2491
4993,2331
4994,2258
4995,2059
4996,2889
4997,2531
4998,2259
4999,2540
5000,2557
5001,2134
5002,3215
5003,2409
5004,2302
5005,3143
5006,1903
5007,2436
5008,2317
5009,2375
5010,2651
5011,2733
5012,2270
5013,2516
5014,2736
5015,2029
5016,2750
5017,2665
5018,2444
5019,2638
5020,2362
5021,2915
5022,2122
5023,2568
5024,1393
5025,2429
5026,2344
5027,2697
5028,2165
5029,2910
5030,2454
5031,2974
5032,2066
5033,2989
5034,2623
5035,2596
5036,2266
5037,2270
5038,2193
5039,1774
5040,2608
5041,2557
5042,2747
5043,2120
5044,2881
5045,3022
5046,3042
5047,3495
5048,2023
5049,2982
5050,2389
5051,2888
5052,1567
5053,3075
5054,2038
5055,2596
5056,2856
5057,2834
5058,2343
5059,1994
5060,-1
5061,2322
5062,2409
5063,2192
5064,-1
5065,1695
5066,2927
5067,2564
5068,1928
5069,2430
5070,2343
5071,2758
5072,2432
5073,2655
5074,2115
5075,3333
5076,2454
5077,2670
5078,2594
5079,-1
5080,2212
5081,2282
5082,2361
5083,2438
5084,2663
5085,1968
5086,2595
5087,2102
5088,2174
5089,3070
5090,3147
5091,2625
5092,2422
5093,2371
5094,2649
5095,3582
5096,2808
5097,2522
5098,2341
5099,2443
5100,3194
5101,1236
5102,1784
5103,2044
5104,2249
5105,2444
5106,2528
5107,3266
5108,2503
5109,2520
5110,2126
5111,2251
5112,1972
5113,2206
5114,2423
5115,2614
5116,1673
5117,2611
5118,3083
5119,2670
5120,2720
5121,2281
5122,2130
5123,3241
5124,2433
5125,2908
5126,2991
5127,2837
5128,2762
5129,1904
5130,2762
5131,2592
5132,2292
5133,2487
5134,2563
5135,2226
5136,2321
5137,2872
5138,3389
5139,3092
5140,2747
5141,1748
5142,1624
5143,2285
5144,3077
5145,2125
5146,2616
5147,2321
5148,2876
5149,1992
5150,2362
5151,2502
5152,1688
5153,-1
5154,2100
5155,1938
5156,2768
5157,2271
5158,2178
5159,2152
5160,2878
5161,2919
5162,2497
5163,1730
5164,2490
5165,2883
5166,2914
5167,1908
5168,2938
5169,2621
5170,3227
5171,2009
5172,2246
5173,1959
5174,1694
5175,2702
5176,2761
5177,2490
5178,2809
5179,2657
5180,1499
5181,3525
5182,3043
5183,2633
5184,2026
5185,-1
5186,2221
5187,2329
5188,2630
5189,2304
5190,4019
5191,2708
5192,3379
5193,2268
5194,2529
5195,2374
5196,2924
5197,2008
5198,2327
5199,2225
5200,2526
5201,2521
5202,2368
5203,2538
5204,3204
5205,2817
5206,-1
5207,2801
5208,1535
5209,2877
5210,2800
5211,1422
5212,2442
5213,3048
5214,3008
5215,2468
5216,1784
5217,2481
5218,2859
5219,1956
5220,2720
5221,2585
5222,2667
5223,2707
5224,2453
5225,2275
5226,2366
5227,2258
5228,2530
5229,3340
5230,2618
5231,1015
5232,2327
5233,2350
5234,2611
5235,3448
5236,1853
5237,2373
5238,2811
5239,2489
5240,1879
5241,3698
5242,2626
5243,2988
5244,2970
5245,1970
5246,2656
5247,2699
5248,2567
5249,2603
5250,1729
5251,1961
5252,2595
5253,1731
5254,2636
5255,2722
5256,2693
5257,2138
5258,1561
5259,2441
5260,2342
5261,-1
5262,2046
5263,2557
5264,2097
5265,2057
5266,2551
5267,2689
5268,2239
5269,1875
5270,2422
5271,2817
5272,2858
5273,2248
5274,2728
5275,3894
5276,1958
5277,2857
5278,1815
5279,2163
5280,2601
5281,2428
5282,2511
5283,2110
5284,2296
5285,2270
5286,2162
5287,2342
5288,2731
5289,1864
5290,3503
5291,2321
5292,2285
5293,1998
5294,1705
5295,2791
5296,2461
5297,2810
5298,4332
5299,2492
5300,2364
5301,2805
5302,2148
5303,2293
5304,2607
5305,2177
5306,3927
5307,2496
5308,2041
5309,2065
5310,2839
5311,2921
5312,2146
5313,-1
5314,2186
5315,2909
5316,2297
5317,3292
5318,2729
5319,2278
5320,1715
5321,2051
5322,2555
5323,1842
5324,2176
5325,2414
5326,1957
5327,2635
5328,1861
5329,2596
5330,2911
5331,3575
5332,3066
5333,2406
5334,2240
5335,-1
5336,2314
5337,2321
5338,2339
5339,2484
5340,2703
5341,2202
5342,2285
5343,1866
5344,2087
5345,2776
5346,3299
5347,1942
5348,1678
5349,2529
5350,2663
5351,2709
5352,2265
5353,2938
5354,1917
5355,2454
5356,3401
5357,2121
5358,2172
5359,2563
5360,2538
5361,2525
5362,1437
5363,2583
5364,2665
5365,2479
5366,-1
5367,3199
5368,2792
5369,2700
5370,2775
5371,2062
5372,1918
5373,2540
5374,2562
5375,3128
5376,2716
5377,2161
5378,2114
5379,2565
5380,1764
5381,1923
5382,2625
5383,3008
5384,2199
5385,2829
5386,2668
5387,2390
5388,2517
5389,2739
5390,2275
5391,-1
5392,2189
5393,2429
5394,2650
5395,2456
5396,2381
5397,2328
5398,2770
5399,3397
5400,2729
5401,2687
5402,3264
5403,1974
5404,3275
5405,2172
5406,2384
5407,2966
5408,2148
5409,2753
5410,2533
5411,2037
5412,1877
5413,2910
5414,3010
5415,2260
5416,2784
5417,3015
5418,3072
5419,2852
5420,2472
5421,2518
5422,3066
5423,2714
5424,2397
5425,1968
5426,2678
5427,2604
5428,2472
5429,1582
5430,2233
5431,2843
5432,2297
5433,2095
5434,2006
5435,2092
5436,2187
5437,2687
5438,2355
5439,2512
5440,3001
5441,2196
5442,2411
5443,2943
5444,2411
5445,2311
5446,2280
5447,1331
5448,2009
5449,3596
5450,2554
5451,2375
5452,2077
5453,2602
5454,2174
5455,2673
5456,1726
5457,2189
5458,-1
5459,2988
5460,2874
5461,2383
5462,2560
5463,2460
5464,2961
5465,2483
5466,2303
5467,2496
5468,-1
5469,2274
5470,2408
5471,2296
5472,2698
5473,2573
5474,2985
5475,2393
5476,2151
5477,3148
5478,2257
5479,2572
5480,2505
5481,2670
5482,2472
5483,2309
5484,2115
5485,2868
5486,2953
5487,2647
5488,2175
5489,2660
5490,1918
5491,2781
5492,2694
5493,3109
5494,2345
5495,1821
5496,2536
5497,2975
5498,2607
5499,2182
5500,2372
5501,2479
5502,2596
5503,2770
5504,2788
5505,2478
5506,2047
5507,2721
5508,2098
5509,2500
5510,2210
5511,2594
5512,2822
5513,2368
5514,2106
5515,2410
5516,2553
5517,2414
5518,3211
5519,3113
5520,2572
5521,2370
5522,2591
5523,2317
5524,3165
5525,2357
5526,2246
5527,2440
5528,1958
5529,3175
5530,2242
5531,2814
5532,2012
5533,2572
5534,2942
5535,2443
5536,2782
5537,2863
5538,2537
5539,2866
5540,3001
5541,3417
5542,2607
5543,2061
5544,-1
5545,2115
5546,2516
5547,2224
5548,2439
5549,2078
5550,2380
5551,2574
5552,2095
5553,-1
5554,2423
5555,2459
5556,2859
5557,2568
5558,2494
5559,2929
5560,2671
5561,3393
5562,2521
5563,-1
5564,2354
5565,2430
5566,2588
5567,2354
5568,2676
5569,2468
5570,2387
5571,2425
5572,2350
5573,3042
5574,2693
5575,2487
5576,2094
5577,2929
5578,2729
5579,-1
5580,2688
5581,2380
5582,4457
5583,2327
5584,2477
5585,2211
5586,2305
5587,2994
5588,1815
5589,2480
5590,2406
5591,2526
5592,2556
5593,2677
5594,2284
5595,2418
5596,2134
5597,2128
5598,2507
5599,2387
5600,2021
5601,2606
5602,1507
5603,2803
5604,2157
5605,2261
5606,2113
5607,2342
5608,1692
5609,2409
5610,1939
5611,1965
5612,3293
5613,-1
5614,2606
5615,2510
5616,2780
5617,3224
5618,3866
5619,2473
5620,2581
5621,2412
5622,2327
5623,2731
5624,2632
5625,2706
5626,1896
5627,2101
5628,2940
5629,2010
5630,3424
5631,2472
5632,3346
5633,1548
5634,3031
5635,2323
5636,2406
5637,2719
5638,2334
5639,1954
5640,2057
5641,2603
5642,2564
5643,2285
5644,2196
5645,3080
5646,1301
5647,2066
5648,2845
5649,1237
5650,1197
5651,2644
5652,1906
5653,2991
5654,2450
5655,3070
5656,1258
5657,1997
5658,2270
5659,2489
5660,2537
5661,2726
5662,2668
5663,2956
5664,2166
5665,2296
5666,2437
5667,2968
5668,2282
5669,801
5670,1745
5671,2323
5672,2628
5673,2615
5674,2098
5675,2820
5676,2524
5677,2512
5678,2409
5679,2263
5680,1853
5681,1718
5682,2603
5683,3050
5684,2703
5685,3260
5686,2027
5687,3074
5688,2512
5689,2609
5690,3372
5691,1847
5692,2096
5693,2633
5694,-1
5695,2855
5696,1779
5697,2563
5698,2891
5699,1532
5700,2444
5701,2332
5702,2344
5703,2434
5704,3282
5705,2237
5706,2449
5707,2033
5708,-1
5709,2015
5710,2155
5711,3160
5712,2093
5713,2389
5714,2599
5715,1866
5716,1995
5717,2514
5718,3038
5719,2563
5720,2793
5721,1756
5722,3052
5723,2508
5724,2016
5725,2757
5726,2167
5727,2466
5728,2692
5729,2466
5730,2089
5731,2720
5732,2345
5733,2454
5734,2611
5735,3651
5736,2150
5737,2853
5738,2638
5739,2808
5740,1889
5741,2799
5742,1602
5743,2714
5744,2102
5745,2425
5746,2323
5747,1833
5748,3247
5749,2338
5750,2423
5751,2435
5752,2423
5753,3740
5754,2775
5755,2388
5756,2752
5757,2473
5758,-1
5759,1695
5760,2396
5761,2925
5762,2117
5763,3078
5764,1677
5765,1964
5766,2006
5767,1363
5768,2487
5769,2914
5770,2779
5771,2153
5772,2732
5773,2562
5774,2496
5775,2010
5776,2596
5777,2329
5778,2299
5779,2015
5780,2944
5781,1727
5782,2825
5783,2110
5784,2429
5785,2467
5786,2343
5787,2385
5788,2223
5789,313
5790,2857
5791,3123
5792,-1
5793,2058
5794,2574
5795,2778
5796,2332
5797,2076
5798,2416
5799,2677
5800,2427
5801,2981
5802,2157
5803,2297
5804,2704
5805,2328
5806,2079
5807,2407
5808,2416
5809,3061
5810,2782
5811,2766
5812,2243
5813,2316
5814,2689
5815,1522
5816,1785
5817,2283
5818,1796
5819,2602
5820,1992
5821,3125
5822,2101
5823,2979
5824,2035
5825,2445
5826,2365
5827,2765
5828,2535
5829,2133
5830,2749
5831,1908
5832,2524
5833,3127
5834,2407
5835,3180
5836,3404
5837,2615
5838,2447
5839,2970
5840,1570
5841,2707
5842,2346
5843,2067
5844,2225
5845,2345
5846,2827
5847,2716
5848,1827
5849,2476
5850,2544
5851,2247
5852,1528
5853,-1
5854,2286
5855,2820
5856,2401
5857,2595
5858,2225
5859,2361
5860,1900
5861,2355
5862,-1
5863,2184
5864,2308
5865,2344
5866,3200
5867,2624
5868,1877
5869,1742
5870,3091
5871,1582
5872,2177
5873,2814
5874,2208
5875,1108
5876,2044
5877,1924
5878,2968
5879,1711
5880,3217
5881,2593
5882,3217
5883,2257
5884,2404
5885,2466
5886,2315
5887,2153
5888,2557
5889,2904
5890,1708
5891,2991
5892,1708
5893,2646
5894,2767
5895,2691
5896,3669
5897,2992
5898,2511
5899,2249
5900,3146
5901,2542
5902,2357
5903,2750
5904,2002
5905,3884
5906,2419
5907,2591
5908,1197
5909,2777
5910,2363
5911,2648
5912,2805
5913,2721
5914,2758
5915,2301
5916,2185
5917,2640
5918,2154
5919,2710
5920,2758
5921,2621
5922,2753
5923,3044
5924,2390
5925,3202
5926,2985
5927,2089
5928,1980
5929,2622
5930,2776
5931,2769
5932,3138
5933,2863
5934,2669
5935,2821
5936,2731
5937,2962
5938,1177
5939,2919
5940,2125
5941,2207
5942,1930
5943,4359
5944,3137
5945,2523
5946,2787
5947,2519
5948,2241
5949,2809
5950,2468
5951,2300
5952,2499
5953,2755
5954,2447
5955,2448
5956,2836
5957,2435
5958,2217
5959,2406
5960,2180
5961,2754
5962,2327
5963,3128
5964,2781
5965,2599
5966,2637
5967,2794
5968,2264
5969,2922
5970,3037
5971,1520
5972,2663
5973,2898
5974,2578
5975,2630
5976,2348
5977,2834
5978,2852
5979,-1
5980,2783
5981,2618
5982,2158
5983,2676
5984,2707
5985,1853
5986,2579
5987,2624
5988,2777
5989,3445
5990,1568
5991,2779
5992,2656
5993,2326
5994,2761
5995,2058
5996,1225
5997,2250
5998,2680
5999,1861
6000,2092
6001,2358
6002,2998
6003,2545
6004,2054
6005,3339
6006,2391
6007,2041
6008,2347
6009,990
6010,2508
6011,1846
6012,2923
6013,2425
6014,2201
6015,2286
6016,3100
6017,2867
6018,2106
6019,1957
6020,2037
6021,3105
6022,2407
6023,2281
6024,1995
6025,1961
6026,1357
6027,2979
6028,2814
6029,1661
6030,2322
6031,2659
6032,4225
6033,2602
6034,2653
6035,2694
6036,2547
6037,2330
6038,2251
6039,2436
6040,2340
6041,2565
6042,2591
6043,2502
6044,3292
6045,1712
6046,2300
6047,2276
6048,2779
6049,3011
6050,2451
6051,2348
6052,1723
6053,2380
6054,2303
6055,2380
6056,2731
6057,2513
6058,2387
6059,2516
6060,2560
6061,2060
6062,-1
6063,2577
6064,3372
6065,2643
6066,2193
6067,2018
6068,2154
6069,2853
6070,2203
6071,1959
6072,1726
6073,1612
6074,570
6075,2967
6076,2894
6077,2769
6078,2376
6079,2723
6080,2112
6081,1749
6082,2337
6083,2415
6084,2672
6085,1709
6086,2462
6087,1978
6088,1948
6089,2633
6090,2671
6091,2940
6092,2783
6093,2721
6094,-1
6095,1903
6096,2586
6097,2305
6098,2685
6099,2479
6100,2662
6101,2390
6102,2662
6103,2014
6104,2681
6105,2157
6106,1767
6107,2286
6108,2166
6109,1726
6110,2310
6111,2155
6112,2234
6113,2592
6114,1810
6115,2859
6116,3204
6117,2171
6118,2545
6119,1484
6120,2148
6121,2761
6122,1828
6123,2321
6124,2932
6125,1462
6126,1497
6127,2136
6128,3236
6129,2661
6130,2526
6131,3204
6132,3153
6133,1750
6134,2458
6135,3009
6136,2910
6137,2422
6138,2898
6139,2463
6140,2667
6141,2164
6142,2825
6143,2893
6144,2542
6145,2696
6146,3446
6147,2780
6148,2658
6149,2096
6150,2853
6151,1964
6152,3151
6153,1980
6154,2715
6155,3055
6156,2422
6157,2515
6158,2014
6159,2679
6160,2615
6161,2850
6162,2802
6163,2959
6164,2177
6165,3400
6166,3271
6167,1746
6168,2456
6169,1693
6170,2091
6171,1700
6172,1934
6173,2282
6174,-1
6175,2076
6176,2502
6177,1996
6178,2394
6179,1666
6180,2464
6181,3074
6182,3064
6183,3035
6184,2240
6185,1683
6186,2389
6187,2058
6188,2787
6189,2179
6190,2298
6191,3280
6192,2249
6193,3218
6194,2288
6195,2401
6196,2876
6197,2772
6198,2184
6199,2079
6200,1482
6201,2271
6202,2060
6203,2819
6204,2344
6205,2443
6206,2672
6207,1824
6208,2439
6209,2099
6210,2611
6211,2275
6212,2349
6213,2478
6214,2197
6215,2810
6216,2350
6217,3498
6218,1605
6219,2668
6220,2701
6221,2212
6222,3027
6223,2653
6224,1995
6225,2443
6226,2665
6227,2847
6228,2270
6229,2382
6230,2253
6231,2332
6232,2668
6233,3137
6234,2389
6235,2628
6236,2783
6237,2444
6238,3039
6239,2489
6240,1789
6241,2850
6242,3706
6243,2297
6244,2688
6245,2298
6246,3218
6247,2439
6248,2433
6249,2325
6250,2532
6251,2840
6252,2580
6253,2095
6254,2527
6255,2713
6256,2662
6257,2658
6258,2281
6259,2778
6260,2513
6261,2664
6262,2444
6263,2638
6264,2113
6265,2436
6266,3062
6267,3463
6268,1451
6269,2410
6270,2522
6271,2072
6272,1976
6273,2217
6274,2851
6275,2890
6276,2379
6277,2726
6278,2987
6279,2250
6280,2740
6281,2426
6282,2907
6283,2553
6284,1934
6285,2270
6286,2073
6287,2919
6288,2221
6289,3770
6290,2127
6291,1491
6292,2379
6293,2216
6294,3169
6295,3486
6296,1508
6297,2470
6298,2949
6299,3149
6300,2589
6301,2056
6302,2600
6303,2522
6304,1705
6305,1499
6306,3040
6307,2460
6308,2444
6309,1706
6310,3910
6311,2978
6312,2636
6313,2017
6314,3892
6315,2674
6316,2545
6317,2496
6318,1912
6319,2297
6320,2413
6321,2265
6322,2261
6323,2621
6324,2114
6325,3110
6326,1377
6327,2246
6328,2363
6329,3559
6330,2407
6331,2350
6332,2097
6333,2816
6334,2137
6335,1877
6336,3302
6337,2360
6338,2828
6339,1743
6340,1380
6341,2606
6342,1398
6343,2178
6344,2452
6345,3463
6346,1965
6347,2451
6348,3390
6349,2270
6350,2589
6351,3501
6352,2425
6353,2909
6354,2750
6355,2424
6356,2392
6357,2233
6358,3874
6359,2573
6360,2109
6361,2966
6362,2102
6363,2612
6364,1700
6365,2321
6366,2586
6367,2737
6368,2468
6369,2218
6370,-1
6371,2466
6372,3185
6373,2616
6374,3989
6375,3133
6376,3035
6377,2870
6378,1879
6379,1911
6380,2241
6381,3169
6382,2431
6383,2640
6384,2372
6385,2723
6386,1984
6387,2453
6388,3014
6389,2553
6390,2691
6391,2454
6392,2090
6393,2053
6394,1969
6395,2763
6396,2683
6397,2253
6398,2216
6399,2145
6400,2514
6401,2688
6402,2675
6403,2304
6404,2068
6405,2397
6406,916
6407,2024
6408,2833
6409,2282
6410,2614
6411,2449
6412,2148
6413,2248
6414,3792
6415,2652
6416,1952
6417,2071
6418,-1
6419,2552
6420,2837
6421,3256
6422,3178
6423,2832
6424,3116
6425,2503
6426,2741
6427,3197
6428,2582
6429,3053
6430,2455
6431,2421
6432,2484
6433,2460
6434,2143
6435,2106
6436,2987
6437,2576
6438,2324
6439,2892
6440,2706
6441,2973
6442,2841
6443,2141
6444,2710
6445,3802
6446,2026
6447,2526
6448,2413
6449,2912
6450,2841
6451,3093
6452,3263
6453,2555
6454,1127
6455,2581
6456,3501
6457,3295
6458,2160
6459,-1
6460,2008
6461,2429
6462,2300
6463,2634
6464,2822
6465,2959
6466,1611
6467,3353
6468,2170
6469,2682
6470,2534
6471,2262
6472,2046
6473,2782
6474,2846
6475,2086
6476,2993
6477,2482
6478,2800
6479,3230
6480,2793
6481,2855
6482,3015
6483,2832
6484,2476
6485,3346
6486,2864
6487,3312
6488,3066
6489,3330
6490,2929
6491,2428
6492,2831
6493,3744
6494,2262
6495,1856
6496,2520
6497,2307
6498,2671
6499,1878
6500,3221
6501,3266
6502,2355
6503,2169
6504,2135
6505,3459
6506,2602
6507,2457
6508,1979
6509,2399
6510,2630
6511,2134
6512,-1
6513,2217
6514,2410
6515,2667
6516,3121
6517,2496
6518,1963
6519,2466
6520,3063
6521,2361
6522,3075
6523,2358
6524,2222
6525,2540
6526,2264
6527,2367
6528,3165
6529,1611
6530,2571
6531,2235
6532,2428
6533,2675
6534,3045
6535,2857
6536,3160
6537,2136
6538,2545
6539,2161
6540,3209
6541,1524
6542,3481
6543,3990
6544,2297
6545,2224
6546,-1
6547,1542
6548,1773
6549,1780
6550,2265
6551,2726
6552,2361
6553,2646
6554,3854
6555,2872
6556,2536
6557,2434
6558,2667
6559,2540
6560,2686
6561,3056
6562,2468
6563,2696
6564,3228
6565,2253
6566,2379
6567,1670
6568,2995
6569,2853
6570,2898
6571,2484
6572,2718
6573,2685
6574,2572
6575,2100
6576,2551
6577,2397
6578,2520
6579,2531
6580,2632
6581,2243
6582,2323
6583,2253
6584,2575
6585,-1
6586,2395
6587,2340
6588,2476
6589,3202
6590,2868
6591,2568
6592,2289
6593,1274
6594,1609
6595,2322
6596,2440
6597,1911
6598,2375
6599,2033
6600,2920
6601,3059
6602,2134
6603,2988
6604,2125
6605,2657
6606,2687
6607,2445
6608,2421
6609,2821
6610,1952
6611,2356
6612,2488
6613,2345
6614,2527
6615,2848
6616,2420
6617,2463
6618,2877
6619,2961
6620,2352
6621,2479
6622,2767
6623,2823
6624,2179
6625,2442
6626,2535
6627,2591
6628,2288
6629,2464
6630,2190
6631,1968
6632,2494
6633,2371
6634,-1
6635,3042
6636,2134
6637,2420
6638,3110
6639,2402
6640,2436
6641,2209
6642,1973
6643,2573
6644,2440
6645,2157
6646,2757
6647,2405
6648,2198
6649,2322
6650,2370
6651,2462
6652,1921
6653,2646
6654,2613
6655,2778
6656,2326
6657,2976
6658,2847
6659,2256
6660,2808
6661,2738
6662,1937
6663,2312
6664,2561
6665,2829
6666,2344
6667,2352
6668,3382
6669,2873
6670,1874
6671,2101
6672,2524
6673,2339
6674,2017
6675,2661
6676,3340
6677,2464
6678,2029
6679,2266
6680,1908
6681,3210
6682,1820
6683,2571
6684,3337
6685,2296
6686,2435
6687,2495
6688,2466
6689,2522
6690,2681
6691,2075
6692,2981
6693,2414
6694,2131
6695,2528
6696,2344
6697,3042
6698,3077
6699,2985
6700,2388
6701,2973
6702,2112
6703,2766
6704,2955
6705,1812
6706,2989
6707,2102
6708,2271
6709,2372
6710,2599
6711,2621
6712,2499
6713,1967
6714,2116
6715,2582
6716,2417
6717,2502
6718,2929
6719,3420
6720,2473
6721,2317
6722,2706
6723,2286
6724,3294
6725,2386
6726,3201
6727,3298
6728,2688
6729,2555
6730,3399
6731,2607
6732,2634
6733,2146
6734,2288
6735,2373
6736,2396
6737,2227
6738,2524
6739,3717
6740,2505
6741,2215
6742,2646
6743,2751
6744,3307
6745,2245
6746,2280
6747,2274
6748,2186
6749,2586
6750,2440
6751,2781
6752,2500
6753,2463
6754,2735
6755,2661
6756,1822
6757,2430
6758,2636
6759,2576
6760,2275
6761,1751
6762,2880
6763,2081
6764,2403
6765,2561
6766,2560
6767,2350
6768,3049
6769,2503
6770,-1
6771,2320
6772,2395
6773,2111
6774,2264
6775,2430
6776,3203
6777,2083
6778,2299
6779,2032
6780,2166
6781,3580
6782,3255
6783,2654
6784,2301
6785,2982
6786,1927
6787,2129
6788,2532
6789,3210
6790,3731
6791,2941
6792,2449
6793,2111
6794,2628
6795,2734
6796,1647
6797,3114
6798,1754
6799,2791
6800,-1
6801,2610
6802,3786
6803,2666
6804,2186
6805,2126
6806,2737
6807,-1
6808,2401
6809,3160
6810,2294
6811,2178
6812,2806
6813,2376
6814,2940
6815,2674
6816,3079
6817,2485
6818,2751
6819,2715
6820,2046
6821,2933
6822,2855
6823,2037
6824,2100
6825,2416
6826,2534
6827,2594
6828,2442
6829,2651
6830,2367
6831,2324
6832,3181
6833,2054
6834,1630
6835,2834
6836,2903
6837,2393
6838,2884
6839,2782
6840,2913
6841,2260
6842,2486
6843,2432
6844,1508
6845,2061
6846,3090
6847,2518
6848,2846
6849,2137
6850,3161
6851,2502
6852,2756
6853,2609
6854,2590
6855,2915
6856,3281
6857,2191
6858,2580
6859,2059
6860,2736
6861,2469
6862,2500
6863,2196
6864,2739
6865,2010
6866,2531
6867,2209
6868,2642
6869,2240
6870,2425
6871,2820
6872,3178
6873,1874
6874,2407
6875,2827
6876,3096
6877,2817
6878,2565
6879,2204
6880,2569
6881,2597
6882,1327
6883,3033
6884,2547
6885,2034
6886,2466
6887,3622
6888,2701
6889,2206
6890,2778
6891,2853
6892,2685
6893,2530
6894,2368
6895,2034
6896,1973
6897,2801
6898,2065
6899,2195
6900,2725
6901,2267
6902,2853
6903,2128
6904,2193
6905,2245
6906,2978
6907,2000
6908,3188
6909,2143
6910,2571
6911,2570
6912,1553
6913,2429
6914,2561
6915,2182
6916,2287
6917,2571
6918,2841
6919,2630
6920,2449
6921,2038
6922,2260
6923,2717
6924,3245
6925,2757
6926,3093
6927,2870
6928,2200
6929,2773
6930,2184
6931,1186
6932,2439
6933,3667
6934,2781
6935,2725
6936,1952
6937,4482
6938,2592
6939,-1
6940,2930
6941,2929
6942,3168
6943,2596
6944,2249
6945,1855
6946,2631
6947,2296
6948,2333
6949,2073
6950,2391
6951,2257
6952,2077
6953,2075
6954,1882
6955,1938
6956,2899
6957,1466
6958,2960
6959,2785
6960,2388
6961,1952
6962,2139
6963,2728
6964,2973
6965,2202
6966,2120
6967,1850
6968,2390
6969,2244
6970,1539
6971,3390
6972,1728
6973,2632
6974,2036
6975,2556
6976,2438
6977,3392
6978,2680
6979,2247
6980,2795
6981,2240
6982,3324
6983,2805
6984,2179
6985,2366
6986,2004
6987,2188
6988,2647
6989,2394
6990,3336
6991,2643
6992,3187
6993,2509
6994,1986
6995,2758
6996,2589
6997,2444
6998,2715
6999,2135
7000,2341
7001,2842
7002,1317
7003,2386
7004,2405
7005,2672
7006,1996
7007,1856
7008,2926
7009,2272
7010,2942
7011,2891
7012,1979
7013,1704
7014,2233
7015,2363
7016,3082
7017,2809
7018,2339
7019,1959
7020,2032
7021,2040
7022,3020
7023,1431
7024,3165
7025,2528
7026,2428
7027,2663
7028,2366
7029,2073
7030,2085
7031,2220
7032,2986
7033,1020
7034,2316
7035,2758
7036,2230
7037,2509
7038,2450
7039,2505
7040,1993
7041,2682
7042,2243
7043,-1
7044,2827
7045,2211
7046,2198
7047,2469
7048,3000
7049,2382
7050,1647
7051,2667
7052,2948
7053,2361
7054,2497
7055,2267
7056,2644
7057,3842
7058,3113
7059,2675
7060,1822
7061,1843
7062,2253
7063,2974
7064,1369
7065,2132
7066,2418
7067,2584
7068,2637
7069,2696
7070,2789
7071,2361
7072,2771
7073,1959
7074,2870
7075,2795
7076,1961
7077,1469
7078,2674
7079,3147
7080,1822
7081,2477
7082,2576
7083,3390
7084,3339
7085,2920
7086,1901
7087,1744
7088,2822
7089,2725
7090,1343
7091,2675
7092,3719
7093,1688
7094,2229
7095,3062
7096,2460
7097,2003
7098,2933
7099,1617
7100,2473
7101,4383
7102,2546
7103,2462
7104,2960
7105,2266
7106,2254
7107,-1
7108,2778
7109,2051
7110,2487
7111,2314
7112,3599
7113,2438
7114,2402
7115,1816
7116,2728
7117,2706
7118,2869
7119,2204
7120,2608
7121,1652
7122,2960
7123,3003
7124,1379
7125,2070
7126,1895
7127,3363
7128,1888
7129,605
7130,1572
7131,2902
7132,2899
7133,3014
7134,3140
7135,2462
7136,2405
7137,2479
7138,2757
7139,2475
7140,2346
7141,1823
7142,2306
7143,2300
7144,1823
7145,2607
7146,2821
7147,1990
7148,2644
7149,2672
7150,3000
7151,2085
7152,2740
7153,2308
7154,3023
7155,3068
7156,1903
7157,3048
7158,1827
7159,2610
7160,2897
7161,3254
7162,2563
7163,2532
7164,2545
7165,2664
7166,2902
7167,2669
7168,2204
7169,3034
7170,2293
7171,2598
7172,2361
7173,2009
7174,2279
7175,2476
7176,2857
7177,2755
7178,3123
7179,2787
7180,2747
7181,4123
7182,2595
7183,2867
7184,2294
7185,2093
7186,2283
7187,2791
7188,1883
7189,2773
7190,2751
7191,2527
7192,3391
7193,3025
7194,2339
7195,2488
7196,2406
7197,1758
7198,2740
7199,2135
7200,2556
7201,2566
7202,3208
7203,3105
7204,3636
7205,2157
7206,2852
7207,2278
7208,2837
7209,2910
7210,1986
7211,3188
7212,2665
7213,1799
7214,2239
7215,1992
7216,2366
7217,2753
7218,3331
7219,2668
7220,3090
7221,2049
7222,2183
7223,2467
7224,2205
7225,2537
7226,2897
7227,3331
7228,2360
7229,2259
7230,2548
7231,2323
7232,2531
7233,1659
7234,2563
7235,2980
7236,2048
7237,2928
7238,2229
7239,3195
7240,2783
7241,1631
7242,2224
7243,2754
7244,2320
7245,2437
7246,2425
7247,2286
7248,2511
7249,2191
7250,2711
7251,2847
7252,2695
7253,2075
7254,2668
7255,2570
7256,2991
7257,2401
7258,3000
7259,2475
7260,2896
7261,2257
7262,3632
7263,2629
7264,2647
7265,-1
7266,2759
7267,2352
7268,2304
7269,2908
7270,2447
7271,1813
7272,2223
7273,-1
7274,3160
7275,4213
7276,2873
7277,3083
7278,1775
7279,2166
7280,2401
7281,2548
7282,1784
7283,2198
7284,2970
7285,2915
7286,2064
7287,2170
7288,1465
7289,2944
7290,3087
7291,2548
7292,2553
7293,2371
7294,2228
7295,2184
7296,2709
7297,2630
7298,2642
7299,2342
7300,2510
7301,3068
7302,2004
7303,2388
7304,2652
7305,2419
7306,2534
7307,2443
7308,2731
7309,2514
7310,1587
7311,1755
7312,2294
7313,1943
7314,2465
7315,2287
7316,2475
7317,2949
7318,2283
7319,2813
7320,2214
7321,2152
7322,2127
7323,2162
7324,3016
7325,2006
7326,2369
7327,1862
7328,1643
7329,2215
7330,2826
7331,2190
7332,1918
7333,2722
7334,2460
7335,1676
7336,4231
7337,2954
7338,-1
7339,3063
7340,1437
7341,2743
7342,2647
7343,2412
7344,3056
7345,3049
7346,1896
7347,2476
7348,2366
7349,2332
7350,3016
7351,3355
7352,2211
7353,2949
7354,2676
7355,1986
7356,2810
7357,1861
7358,2359
7359,3756
7360,2806
7361,3719
7362,2525
7363,1253
7364,2379
7365,2307
7366,2066
7367,2513
7368,2623
7369,1899
7370,2148
7371,3193
7372,1955
7373,2343
7374,1843
7375,2848
7376,2776
7377,2833
7378,3092
7379,1985
7380,2204
7381,2954
7382,2847
7383,3170
7384,2362
7385,2160
7386,2755
7387,2561
7388,2580
7389,2930
7390,2184
7391,2986
7392,2357
7393,2346
7394,2558
7395,2334
7396,2921
7397,-1
7398,2728
7399,2883
7400,2779
7401,2322
7402,2375
7403,2795
7404,2817
7405,3012
7406,2533
7407,2052
7408,2495
7409,2917
7410,2271
7411,2386
7412,2340
7413,2687
7414,2162
7415,2531
7416,2223
7417,3239
7418,2542
7419,2830
7420,2655
7421,2177
7422,2597
7423,2018
7424,3022
7425,2842
7426,2580
7427,2674
7428,2653
7429,2836
7430,2436
7431,1958
7432,2839
7433,2821
7434,2601
7435,3465
7436,1822
7437,2602
7438,2435
7439,2584
7440,3065
7441,2265
7442,3255
7443,2533
7444,2049
7445,1786
7446,3233
7447,3322
7448,1625
7449,-1
7450,2399
7451,2787
7452,1665
7453,1789
7454,2621
7455,2202
7456,1227
7457,1978
7458,2652
7459,1605
7460,2288
7461,941
7462,2620
7463,3017
7464,2733
7465,3060
7466,2332
7467,1604
7468,3335
7469,2942
7470,1283
7471,3536
7472,2729
7473,2552
7474,1668
7475,2651
7476,2253
7477,1874
7478,1532
7479,1880
7480,2150
7481,2310
7482,-1
7483,2635
7484,1844
7485,2536
7486,2743
7487,2488
7488,2840
7489,3164
7490,1792
7491,2523
7492,2466
7493,2744
7494,2118
7495,2242
7496,2153
7497,1792
7498,2387
7499,2496
7500,2423
7501,2136
7502,2426
7503,2765
7504,955
7505,2472
7506,2720
7507,2126
7508,2213
7509,3065
7510,2026
7511,2969
7512,2724
7513,2363
7514,2461
7515,2290
7516,1754
7517,2136
7518,1887
7519,2626
7520,1904
7521,2548
7522,1501
7523,2198
7524,2436
7525,2557
7526,2327
7527,2105
7528,2802
7529,3001
7530,3397
7531,1598
7532,2541
7533,3007
7534,2861
7535,2037
7536,2123
7537,2233
7538,2306
7539,2464
7540,2460
7541,1986
7542,2762
7543,3013
7544,2609
7545,1610
7546,2239
7547,2158
7548,2341
7549,2077
7550,1848
7551,1762
7552,2732
7553,2705
7554,2468
7555,3443
7556,2373
7557,-1
7558,2215
7559,2167
7560,3380
7561,1951
7562,2538
7563,2508
7564,3220
7565,1695
7566,1413
7567,1704
7568,2343
7569,2294
7570,3311
7571,2181
7572,2633
7573,2456
7574,2484
7575,2688
7576,2299
7577,1967
7578,3064
7579,3347
7580,1783
7581,2078
7582,1851
7583,2740
7584,1992
7585,-1
7586,2302
7587,2769
7588,2055
7589,2089
7590,2794
7591,2261
7592,2750
7593,2810
7594,3251
7595,2664
7596,1662
7597,1663
7598,2296
7599,2098
7600,1814
7601,2357
7602,2406
7603,3020
7604,1721
7605,1679
7606,2797
7607,3152
7608,2361
7609,2732
7610,2482
7611,3745
7612,2287
7613,1914
7614,1935
7615,2819
7616,2326
7617,2731
7618,2425
7619,3102
7620,1520
7621,2510
7622,2451
7623,2856
7624,2575
7625,2345
7626,1902
7627,2428
7628,2139
7629,2483
7630,2873
7631,2644
7632,2506
7633,1950
7634,2912
7635,1892
7636,3262
7637,1733
7638,2572
7639,2657
7640,3008
7641,3264
7642,2535
7643,2500
7644,2442
7645,2633
7646,2699
7647,3316
7648,2356
7649,2888
7650,2393
7651,1949
7652,2858
7653,2217
7654,2391
7655,2535
7656,2587
7657,2852
7658,1932
7659,2712
7660,2640
7661,2155
7662,2619
7663,1530
7664,3150
7665,2329
7666,-1
7667,2687
7668,1901
7669,2050
7670,2451
7671,3193
7672,-1
7673,2231
7674,2523
7675,3081
7676,2732
7677,2430
7678,2766
7679,3119
7680,-1
7681,3351
7682,3094
7683,1868
7684,2969
7685,2064
7686,2803
7687,2868
7688,2760
7689,3439
7690,2339
7691,2527
7692,2524
7693,1693
7694,2034
7695,2740
7696,2761
7697,2443
7698,2938
7699,2965
7700,2528
7701,987
7702,-1
7703,2223
7704,2594
7705,2720
7706,1294
7707,2284
7708,2545
7709,2216
7710,2319
7711,2855
7712,2124
7713,2457
7714,2784
7715,1358
7716,2473
7717,2557
7718,2354
7719,2468
7720,2598
7721,2822
7722,3599
7723,-1
7724,2281
7725,1693
7726,1602
7727,3180
7728,2146
7729,2387
7730,1973
7731,3080
7732,2511
7733,2275
7734,2475
7735,2692
7736,3435
7737,2346
7738,2350
7739,1918
7740,2206
7741,3039
7742,2701
7743,2639
7744,2926
7745,2316
7746,2539
7747,3099
7748,2509
7749,1996
7750,2460
7751,1911
7752,3042
7753,2682
7754,2793
7755,3276
7756,2515
7757,2458
7758,1525
7759,3278
7760,2565
7761,1819
7762,1933
7763,2327
7764,2345
7765,2338
7766,2655
7767,2977
7768,2496
7769,2262
7770,2969
7771,2421
7772,3096
7773,2693
7774,2359
7775,2702
7776,2745
7777,2057
7778,2019
7779,3323
7780,2509
7781,1900
7782,1337
7783,2964
7784,2443
7785,2039
7786,2585
7787,1142
7788,2200
7789,2261
7790,2368
7791,2714
7792,2287
7793,2299
7794,2518
7795,3005
7796,2927
7797,2686
7798,2430
7799,3289
7800,2793
7801,2235
7802,2315
7803,2618
7804,2560
7805,2210
7806,2003
7807,2364
7808,3509
7809,2863
7810,2794
7811,3114
7812,2775
7813,2528
7814,2342
7815,2516
7816,2780
7817,3221
7818,2265
7819,2038
7820,1156
7821,1935
7822,2424
7823,2624
7824,1733
7825,2525
7826,2256
7827,1694
7828,2497
7829,2432
7830,3426
7831,3242
7832,2990
7833,2144
7834,2247
7835,2191
7836,2178
7837,2749
7838,1442
7839,2777
7840,3498
7841,2348
7842,2092
7843,1940
7844,2747
7845,2338
7846,2261
7847,2232
7848,2434
7849,1853
7850,1858
7851,2265
7852,2796
7853,2232
7854,2828
7855,2962
7856,-1
7857,2305
7858,-1
7859,1869
7860,2553
7861,2294
7862,2417
7863,2455
7864,2417
7865,2350
7866,2140
7867,2122
7868,2655
7869,2110
7870,3034
7871,1944
7872,2697
7873,2559
7874,2966
7875,1386
7876,2205
7877,2349
7878,2076
7879,2519
7880,2219
7881,1695
7882,2131
7883,1795
7884,2953
7885,-1
7886,2155
7887,2485
7888,2246
7889,2635
7890,3169
7891,2636
7892,2345
7893,2982
7894,2569
7895,2249
7896,2843
7897,3060
7898,2644
7899,-1
7900,2408
7901,-1
7902,2472
7903,2846
7904,2321
7905,2221
7906,1486
7907,2561
7908,2526
7909,3296
7910,1908
7911,2676
7912,2566
7913,2699
7914,-1
7915,2679
7916,2726
7917,2606
7918,3043
7919,1724
7920,1862
7921,2438
7922,1822
7923,1153
7924,2610
7925,2723
7926,3432
7927,2056
7928,2955
7929,1895
7930,2853
7931,2970
7932,-1
7933,1909
7934,2484
7935,2870
7936,2804
7937,2140
7938,-1
7939,2232
7940,2778
7941,2599
7942,3325
7943,3882
7944,2717
7945,1966
7946,1586
7947,2057
7948,1606
7949,2684
7950,2345
7951,2431
7952,1854
7953,2586
7954,2609
7955,1874
7956,2627
7957,2091
7958,2214
7959,2423
7960,3598
7961,2518
7962,3020
7963,2357
7964,2547
7965,2309
7966,2679
7967,2539
7968,2745
7969,2863
7970,2604
7971,1973
7972,3287
7973,2834
7974,3580
7975,3616
7976,2174
7977,2606
7978,2833
7979,2777
7980,2027
7981,2787
7982,2699
7983,3565
7984,2443
7985,2658
7986,1784
7987,1998
7988,3182
7989,2073
7990,2202
7991,2672
7992,2939
7993,2327
7994,3066
7995,2249
7996,2361
7997,2905
7998,1264
7999,2792
8000,1678
8001,2786
8002,2371
8003,2889
8004,2958
8005,2562
8006,2942
8007,1878
8008,2636
8009,2362
8010,2287
8011,2477
8012,2805
8013,2275
8014,2329
8015,2186
8016,2559
8017,2818
8018,2092
8019,4067
8020,3020
8021,2703
8022,1678
8023,2309
8024,2451
8025,2903
8026,-1
8027,3789
8028,2352
8029,2647
8030,1527
8031,2442
8032,2110
8033,2778
8034,2832
8035,2641
8036,3163
8037,2841
8038,2863
8039,2908
8040,2504
8041,2113
8042,2574
8043,2364
8044,3297
8045,2672
8046,1215
8047,3171
8048,2472
8049,1877
8050,1808
8051,3281
8052,2593
8053,2134
8054,2284
8055,3085
8056,2479
8057,2660
8058,2715
8059,3155
8060,2425
8061,2399
8062,2421
8063,2198
8064,3113
8065,2894
8066,2830
8067,2534
8068,1967
8069,2031
8070,2405
8071,1956
8072,2950
8073,3373
8074,2405
8075,2790
8076,2287
8077,2596
8078,3000
8079,2219
8080,2897
8081,2923
8082,2777
8083,2918
8084,3362
8085,2017
8086,2602
8087,2765
8088,2528
8089,2165
8090,2121
8091,2155
8092,1277
8093,2610
8094,2869
8095,2536
8096,1911
8097,2486
8098,1821
8099,3135
8100,2879
8101,2510
8102,2967
8103,2641
8104,2217
8105,2388
8106,2748
8107,2528
8108,2264
8109,-1
8110,2555
8111,2959
8112,3043
8113,3378
8114,2828
8115,2305
8116,2438
8117,2708
8118,3172
8119,2209
8120,2881
8121,2491
8122,2231
8123,2605
8124,3126
8125,3213
8126,842
8127,2384
8128,2842
8129,2977
8130,2550
8131,2437
8132,2511
8133,3580
8134,2700
8135,2291
8136,2766
8137,3159
8138,2528
8139,1234
8140,2073
8141,2764
8142,2133
8143,1795
8144,2969
8145,2594
8146,2421
8147,1623
8148,3684
8149,1969
8150,2767
8151,2135
8152,2577
8153,2091
8154,2038
8155,2186
8156,2523
8157,2410
8158,2688
8159,2496
8160,2548
8161,2739
8162,1572
8163,1823
8164,2129
8165,2555
8166,2226
8167,2740
8168,2841
8169,2234
8170,1663
8171,2091
8172,3420
8173,2753
8174,1460
8175,2988
8176,2791
8177,3473
8178,1931
8179,2919
8180,-1
8181,2627
8182,2695
8183,2250
8184,2371
8185,1727
8186,2981
8187,2740
8188,2221
8189,2889
8190,2538
8191,-1
8192,1700
8193,2692
8194,2605
8195,2662
8196,2755
8197,1323
8198,1878
8199,2636
8200,2306
8201,2113
8202,2150
8203,2196
8204,2060
8205,2477
8206,2566
8207,2707
8208,2708
8209,3024
8210,2855
8211,2355
8212,3099
8213,2577
8214,2539
8215,2914
8216,2288
8217,2262
8218,2561
8219,2329
8220,2303
8221,1969
8222,1990
8223,2954
8224,2725
8225,2247
8226,1999
8227,2544
8228,2379
8229,1708
8230,2672
8231,2077
8232,1420
8233,3126
8234,3137
8235,2324
8236,2300
8237,2702
8238,2645
8239,2652
8240,2729
8241,2664
8242,1915
8243,2394
8244,2579
8245,2740
8246,2230
8247,2670
8248,2677
8249,2750
8250,2609
8251,2137
8252,2861
8253,990
8254,2219
8255,2516
8256,2973
8257,-1
8258,2593
8259,2813
8260,2629
8261,2094
8262,2559
8263,2040
8264,2248
8265,2356
8266,2866
8267,1049
8268,2330
8269,2405
8270,2377
8271,1510
8272,2634
8273,2342
8274,2257
8275,2852
8276,2852
8277,2482
8278,2718
8279,3257
8280,2525
8281,2568
8282,2593
8283,2273
8284,2727
8285,2773
8286,3208
8287,2306
8288,2211
8289,2547
8290,2367
8291,2142
8292,2487
8293,2033
8294,2140
8295,3657
8296,2781
8297,2429
8298,3040
8299,2725
8300,2751
8301,2238
8302,2007
8303,1759
8304,2860
8305,2637
8306,2534
8307,2004
8308,1924
8309,2381
8310,2717
8311,2457
8312,2418
8313,2309
8314,2238
8315,2355
8316,2106
8317,3162
8318,2507
8319,2872
8320,2268
8321,2956
8322,1978
8323,2777
8324,2422
8325,2614
8326,3637
8327,2731
8328,2046
8329,2861
8330,1754
8331,2277
8332,2295
8333,2715
8334,2241
8335,2244
8336,2487
8337,3034
8338,2771
8339,3106
8340,2229
8341,1965
8342,1770
8343,1710
8344,2067
8345,2687
8346,2507
8347,1779
8348,2168
8349,3353
8350,2073
8351,2629
8352,2664
8353,3778
8354,1823
8355,2208
8356,2192
8357,1939
8358,2305
8359,2326
8360,2490
8361,2526
8362,2045
8363,2349
8364,2698
8365,2659
8366,1646
8367,2631
8368,2159
8369,2650
8370,1802
8371,2602
8372,1907
8373,2570
8374,2963
8375,2113
8376,2764
8377,1696
8378,2778
8379,2050
8380,3818
8381,2549
8382,2575
8383,2026
8384,2082
8385,1895
8386,2713
8387,902
8388,2985
8389,-1
8390,3073
8391,2434
8392,2597
8393,2705
8394,1289
8395,3278
8396,2114
8397,3203
8398,1802
8399,3197
8400,3836
8401,2385
8402,2759
8403,2500
8404,2595
8405,2137
8406,2808
8407,2705
8408,2422
8409,2267
8410,2595
8411,3191
8412,3329
8413,3090
8414,1492
8415,2727
8416,2344
8417,2153
8418,2818
8419,3847
8420,2138
8421,2762
8422,2749
8423,2488
8424,2356
8425,3488
8426,2108
8427,2309
8428,1989
8429,2492
8430,3413
8431,2106
8432,2082
8433,2174
8434,1758
8435,2260
8436,3446
8437,2345
8438,2144
8439,2482
8440,2740
8441,2249
8442,2957
8443,2697
8444,2497
8445,2005
8446,2525
8447,2595
8448,2511
8449,1978
8450,2229
8451,4585
8452,2295
8453,1336
8454,1641
8455,2907
8456,2426
8457,670
8458,2072
8459,2625
8460,2473
8461,2477
8462,2169
8463,2029
8464,2464
8465,2909
8466,1833
8467,2075
8468,2797
8469,1598
8470,2516
8471,2761
8472,2201
8473,2303
8474,2184
8475,2298
8476,3440
8477,3005
8478,1830
8479,2795
8480,2603
8481,1812
8482,2699
8483,2339
8484,1779
8485,3289
8486,2533
8487,2507
8488,2485
8489,2310
8490,-1
8491,2003
8492,2432
8493,2763
8494,2597
8495,2184
8496,1783
8497,2327
8498,2633
8499,2579
8500,2479
8501,2546
8502,2942
8503,-1
8504,2558
8505,3201
8506,2787
8507,1959
8508,3241
8509,2494
8510,3210
8511,2076
8512,1967
8513,2500
8514,2612
8515,1972
8516,2801
8517,-1
8518,3262
8519,2321
8520,1402
8521,2472
8522,2898
8523,2693
8524,2045
8525,1907
8526,2071
8527,2742
8528,2103
8529,2340
8530,1611
8531,2169
8532,2638
8533,2751
8534,2231
8535,1039
8536,2672
8537,2831
8538,2195
8539,2474
8540,2619
8541,2479
8542,2008
8543,2359
8544,3342
8545,3084
8546,2156
8547,2939
8548,2429
8549,2172
8550,2011
8551,2964
8552,2999
8553,1912
8554,3261
8555,2941
8556,2650
8557,1870
8558,1882
8559,2161
8560,2857
8561,3079
8562,2056
8563,3272
8564,2668
8565,2606
8566,1243
8567,2651
8568,2215
8569,2819
8570,2683
8571,3093
8572,2211
8573,2588
8574,2753
8575,2362
8576,2417
8577,2820
8578,2172
8579,-1
8580,2965
8581,1642
8582,2931
8583,3225
8584,2712
8585,2030
8586,2393
8587,2596
8588,2396
8589,2578
8590,2287
8591,2777
8592,2680
8593,2601
8594,2595
8595,2231
8596,2122
8597,1995
8598,3107
8599,3107
8600,2457
8601,2078
8602,2883
8603,2062
8604,2125
8605,2414
8606,2914
8607,3139
8608,3019
8609,3358
8610,2884
8611,1350
8612,2513
8613,2622
8614,1982
8615,2120
8616,3078
8617,2006
8618,2399
8619,2521
8620,2244
8621,2058
8622,1988
8623,2513
8624,2762
8625,3245
8626,2580
8627,2872
8628,2548
8629,2731
8630,2089
8631,-1
8632,1731
8633,1881
8634,2168
8635,-1
8636,2419
8637,2215
8638,2038
8639,2567
8640,2850
8641,2735
8642,2812
8643,2599
8644,3401
8645,2488
8646,2462
8647,2856
8648,2509
8649,-1
8650,2788
8651,3431
8652,2028
8653,2561
8654,2651
8655,2436
8656,2839
8657,2484
8658,3255
8659,1793
8660,2118
8661,3237
8662,2846
8663,2670
8664,1733
8665,1973
8666,2332
8667,2160
8668,2513
8669,1397
8670,2124
8671,2539
8672,1503
8673,799
8674,2305
8675,2736
8676,2697
8677,2267
8678,2889
8679,2188
8680,2605
8681,2418
8682,2631
8683,1883
8684,2462
8685,2710
8686,2924
8687,2356
8688,2342
8689,2573
8690,2456
8691,2321
8692,2217
8693,2747
8694,2035
8695,2941
8696,2758
8697,1955
8698,2791
8699,2245
8700,1178
8701,2659
8702,2038
8703,2261
8704,3414
8705,1787
8706,2700
8707,1499
8708,2701
8709,1787
8710,3605
8711,3014
8712,2500
8713,2900
8714,2181
8715,-1
8716,-1
8717,4400
8718,2858
8719,2118
8720,1905
8721,3818
8722,2718
8723,2224
8724,2223
8725,2298
8726,1984
8727,2851
8728,2247
8729,2832
8730,2685
8731,2350
8732,2295
8733,1918
8734,2431
8735,792
8736,2088
8737,2975
8738,2951
8739,2903
8740,2361
8741,2054
8742,2574
8743,3294
8744,2296
8745,2509
8746,2930
8747,2859
8748,2254
8749,2555
8750,3241
8751,2460
8752,2521
8753,2524
8754,3095
8755,3097
8756,2058
8757,2515
8758,1671
8759,2039
8760,-1
8761,1837
8762,1415
8763,-1
8764,2608
8765,2743
8766,2819
8767,-1
8768,2143
8769,1740
8770,2428
8771,1767
8772,1412
8773,2441
8774,1896
8775,2492
8776,2964
8777,2022
8778,2186
8779,2306
8780,3098
8781,1733
8782,2931
8783,3795
8784,-1
8785,3086
8786,-1
8787,2823
8788,1588
8789,2102
8790,2800
8791,2496
8792,2650
8793,2838
8794,2476
8795,2904
8796,2753
8797,1534
8798,2983
8799,1788
8800,2470
8801,2356
8802,2564
8803,2066
8804,2849
8805,3197
8806,2348
8807,2305
8808,2278
8809,2755
8810,1521
8811,2389
8812,2198
8813,2651
8814,2813
8815,2866
8816,2858
8817,2486
8818,2125
8819,1933
8820,2916
8821,2816
8822,3171
8823,2472
8824,2512
8825,2186
8826,3834
8827,2669
8828,2517
8829,2382
8830,-1
8831,1932
8832,2514
8833,2566
8834,2397
8835,2545
8836,2659
8837,2981
8838,-1
8839,2371
8840,2678
8841,2517
8842,1791
8843,2644
8844,1493
8845,2743
8846,2934
8847,2506
8848,2020
8849,3354
8850,2330
8851,2339
8852,2140
8853,1403
8854,2710
8855,2281
8856,3076
8857,2340
8858,2535
8859,1843
8860,2477
8861,2545
8862,2457
8863,2008
8864,2816
8865,2300
8866,3395
8867,-1
8868,2744
8869,2335
8870,2061
8871,3311
8872,2260
8873,2648
8874,2319
8875,2367
8876,2037
8877,1863
8878,2330
8879,2903
8880,2356
8881,2463
8882,2794
8883,-1
8884,3352
8885,2135
8886,2512
8887,3061
8888,1912
8889,2510
8890,2370
8891,2617
8892,2644
8893,3032
8894,-1
8895,1871
8896,2752
8897,2633
8898,2369
8899,2668
8900,2019
8901,2522
8902,3247
8903,1910
8904,2583
8905,2179
8906,2375
8907,2912
8908,3453
8909,2435
8910,2508
8911,2238
8912,2767
8913,2268
8914,2154
8915,3380
8916,1914
8917,2902
8918,2981
8919,2499
8920,2615
8921,2704
8922,2749
8923,3053
8924,2683
8925,1984
8926,2430
8927,2809
8928,2082
8929,2023
8930,2059
8931,2542
8932,2639
8933,2440
8934,2330
8935,2695
8936,2374
8937,2350
8938,2121
8939,2818
8940,2246
8941,2654
8942,2099
8943,2758
8944,3114
8945,2674
8946,2151
8947,2704
8948,2532
8949,2261
8950,2081
8951,2518
8952,2400
8953,3269
8954,2270
8955,2285
8956,2081
8957,2614
8958,2066
8959,2404
8960,2581
8961,2628
8962,1567
8963,2548
8964,2351
8965,2814
8966,3071
8967,2563
8968,2632
8969,-1
8970,2308
8971,2420
8972,2550
8973,2281
8974,2817
8975,3040
8976,-1
8977,1942
8978,1316
8979,2173
8980,2450
8981,1428
8982,2902
8983,2556
8984,1393
8985,2847
8986,2811
8987,2418
8988,3116
8989,1799
8990,2515
8991,2630
8992,-1
8993,2381
8994,2350
8995,2515
8996,2700
8997,2748
8998,3034
8999,2517
9000,2158
9001,2532
9002,1933
9003,2662
9004,2447
9005,3376
9006,3091
9007,3012
9008,2915
9009,1772
9010,2195
9011,3333
9012,3254
9013,1327
9014,1539
9015,2310
9016,2515
9017,3235
9018,2771
9019,2245
9020,3173
9021,2636
9022,2049
9023,3008
9024,1892
9025,2317
9026,2455
9027,2359
9028,2186
9029,2236
9030,2933
9031,2349
9032,2258
9033,2300
9034,2302
9035,2294
9036,2246
9037,-1
9038,2201
9039,2495
9040,2006
9041,3253
9042,2543
9043,2528
9044,3102
9045,2246
9046,2804
9047,2628
9048,2389
9049,2848
9050,1913
9051,2525
9052,1434
9053,2602
9054,2024
9055,2593
9056,2348
9057,1327
9058,2832
9059,1848
9060,3088
9061,2126
9062,3070
9063,2305
9064,3371
9065,2415
9066,2551
9067,2289
9068,3245
9069,1906
9070,1942
9071,2819
9072,2931
9073,1959
9074,2681
9075,2707
9076,3308
9077,2768
9078,2072
9079,1987
9080,2636
9081,2450
9082,2339
9083,3053
9084,2881
9085,2405
9086,2058
9087,2875
9088,2745
9089,2312
9090,2213
9091,2611
9092,2725
9093,2109
9094,2890
9095,2564
9096,3523
9097,2386
9098,2324
9099,2460
9100,2046
9101,3029
9102,2826
9103,2697
9104,2458
9105,2563
9106,3626
9107,2520
9108,2161
9109,3774
9110,3511
9111,1984
9112,3029
9113,2045
9114,2247
9115,3124
9116,3112
9117,3490
9118,2485
9119,2548
9120,1472
9121,2536
9122,1792
9123,2177
9124,1606
9125,1826
9126,2615
9127,2661
9128,2463
9129,1672
9130,2703
9131,2039
9132,2544
9133,2351
9134,1950
9135,2724
9136,2116
9137,2798
9138,1639
9139,2041
9140,2507
9141,2788
9142,-1
9143,2376
9144,2175
9145,3516
9146,-1
9147,2704
9148,2637
9149,3010
9150,2701
9151,2949
9152,2852
9153,2730
9154,2544
9155,3153
9156,2388
9157,1466
9158,2974
9159,2945
9160,2456
9161,1844
9162,2590
9163,3866
9164,2034
9165,2726
9166,1962
9167,2941
9168,2389
9169,2636
9170,1072
9171,1164
9172,3376
9173,1981
9174,2441
9175,2892
9176,1465
9177,2401
9178,2277
9179,2171
9180,2581
9181,2727
9182,2899
9183,2970
9184,-1
9185,2993
9186,2121
9187,3184
9188,2950
9189,2539
9190,2520
9191,2428
9192,3150
9193,2952
9194,2249
9195,2870
9196,2818
9197,2793
9198,2005
9199,2035
9200,2335
9201,1506
9202,2609
9203,2722
9204,2367
9205,1883
9206,3236
9207,2761
9208,2848
9209,2508
9210,2899
9211,2533
9212,1937
9213,2301
9214,2515
9215,2189
9216,2236
9217,3632
9218,2372
9219,2492
9220,2535
9221,2378
9222,2919
9223,2337
9224,2096
9225,2086
9226,2693
9227,2495
9228,1671
9229,2348
9230,2549
9231,2587
9232,2870
9233,2495
9234,2047
9235,2317
9236,2879
9237,2370
9238,1686
9239,2479
9240,3204
9241,2244
9242,-1
9243,2196
9244,2982
9245,2959
9246,2154
9247,2663
9248,1491
9249,2351
9250,2337
9251,2869
9252,3294
9253,2638
9254,1823
9255,2407
9256,2579
9257,2488
9258,2263
9259,1675
9260,3348
9261,1709
9262,3033
9263,2717
9264,3533
9265,2434
9266,2169
9267,2642
9268,3418
9269,2602
9270,2555
9271,-1
9272,1858
9273,2904
9274,2424
9275,2485
9276,1981
9277,1935
9278,2229
9279,2106
9280,2951
9281,2293
9282,2038
9283,2893
9284,1888
9285,2529
9286,1947
9287,2718
9288,2664
9289,2225
9290,2339
9291,1989
9292,2274
9293,2086
9294,2193
9295,2362
9296,2625
9297,3030
9298,3003
9299,1774
9300,2576
9301,1777
9302,2604
9303,2758
9304,2646
9305,2166
9306,1776
9307,2483
9308,2801
9309,2923
9310,2083
9311,2095
9312,2466
9313,1995
9314,2322
9315,2254
9316,2948
9317,2520
9318,1549
9319,2618
9320,2537
9321,1642
9322,2662
9323,2908
9324,2540
9325,1541
9326,2458
9327,2573
9328,3074
9329,-1
9330,2424
9331,2445
9332,2936
9333,2154
9334,2512
9335,2536
9336,2525
9337,2557
9338,1528
9339,3514
9340,2070
9341,2106
9342,3618
9343,2498
9344,1795
9345,2879
9346,2414
9347,2114
9348,2751
9349,2514
9350,2854
9351,2505
9352,2904
9353,2849
9354,1995
9355,2255
9356,3157
9357,2182
9358,3109
9359,1453
9360,3315
9361,2698
9362,2998
9363,1997
9364,2647
9365,2591
9366,2057
9367,3248
9368,2159
9369,2740
9370,2820
9371,2805
9372,2926
9373,3237
9374,2872
9375,2775
9376,3655
9377,3064
9378,2524
9379,2970
9380,2739
9381,-1
9382,2485
9383,2554
9384,2744
9385,2011
9386,2274
9387,2757
9388,1832
9389,2664
9390,3976
9391,2613
9392,3279
9393,2327
9394,-1
9395,2662
9396,2737
9397,2842
9398,2853
9399,2799
9400,2750
9401,2293
9402,2711
9403,2787
9404,1890
9405,3119
9406,2877
9407,2646
9408,2596
9409,2623
9410,2238
9411,3238
9412,2524
9413,2129
9414,1809
9415,1828
9416,2601
9417,1663
9418,2973
9419,2380
9420,2293
9421,2606
9422,2251
9423,2425
9424,2014
9425,2010
9426,3204
9427,2576
9428,3775
9429,2656
9430,2754
9431,-1
9432,1842
9433,1947
9434,2226
9435,3102
9436,1552
9437,3187
9438,2466
9439,1780
9440,2897
9441,2457
9442,3257
9443,2587
9444,1669
9445,2655
9446,2389
9447,2253
9448,2330
9449,2991
9450,2906
9451,2556
9452,-1
9453,2423
9454,3151
9455,1599
9456,1691
9457,2555
9458,1685
9459,2393
9460,2758
9461,2667
9462,2040
9463,2194
9464,2502
9465,3095
9466,2237
9467,1898
9468,2521
9469,2336
9470,2444
9471,2841
9472,2537
9473,2338
9474,3476
9475,2035
9476,-1
9477,2019
9478,2475
9479,2346
9480,2395
9481,2507
9482,2583
9483,2373
9484,2556
9485,1926
9486,2657
9487,2028
9488,2790
9489,2988
9490,3004
9491,2781
9492,2867
9493,2160
9494,2536
9495,2721
9496,2791
9497,3089
9498,4213
9499,2448
9500,-1
9501,2654
9502,2655
9503,-1
9504,2625
9505,2866
9506,2655
9507,2570
9508,2865
9509,2436
9510,2142
9511,2059
9512,2449
9513,2758
9514,2223
9515,2371
9516,3726
9517,1722
9518,1780
9519,2651
9520,3216
9521,2084
9522,2444
9523,2382
9524,2249
9525,2030
9526,2565
9527,2270
9528,3273
9529,2334
9530,2405
9531,2840
9532,2321
9533,1657
9534,962
9535,2806
9536,1922
9537,2419
9538,3050
9539,2639
9540,2554
9541,2424
9542,2920
9543,2749
9544,2690
9545,2433
9546,2274
9547,2486
9548,2808
9549,2286
9550,2393
9551,2068
9552,3760
9553,2431
9554,3173
9555,2806
9556,2177
9557,2480
9558,2478
9559,2997
9560,2189
9561,2220
9562,2390
9563,2886
9564,2691
9565,2545
9566,2875
9567,2476
9568,1998
9569,2529
9570,2669
9571,2069
9572,2487
9573,2493
9574,2420
9575,1021
9576,2183
9577,2665
9578,2426
9579,1910
9580,2763
9581,2891
9582,2890
9583,2923
9584,2909
9585,3058
9586,2226
9587,1224
9588,2494
9589,2721
9590,2579
9591,2141
9592,2642
9593,2848
9594,2495
9595,2458
9596,1955
9597,2870
9598,1518
9599,2497
9600,2448
9601,1890
9602,2387
9603,2243
9604,2930
9605,2455
9606,2470
9607,3651
9608,3167
9609,1856
9610,2463
9611,2362
9612,2851
9613,1832
9614,2927
9615,2803
9616,2542
9617,2533
9618,2331
9619,1791
9620,2135
9621,2647
9622,2321
9623,2885
9624,2167
9625,1614
9626,3156
9627,1671
9628,1908
9629,2967
9630,2646
9631,2642
9632,2684
9633,2382
9634,2183
9635,2853
9636,2319
9637,-1
9638,2826
9639,1973
9640,1886
9641,2741
9642,3182
9643,2228
9644,2479
9645,3288
9646,1938
9647,2520
9648,3131
9649,2215
9650,2561
9651,2847
9652,2213
9653,1707
9654,2512
9655,2486
9656,2982
9657,2721
9658,1177
9659,3473
9660,2238
9661,2780
9662,2593
9663,2755
9664,2896
9665,-1
9666,2795
9667,2800
9668,3291
9669,2784
9670,2237
9671,2642
9672,2230
9673,1841
9674,2375
9675,2706
9676,2572
9677,2044
9678,2149
9679,3465
9680,2270
9681,2634
9682,2815
9683,2823
9684,1974
9685,2169
9686,3830
9687,2560
9688,1401
9689,2551
9690,1904
9691,2761
9692,2092
9693,1699
9694,2089
9695,2423
9696,2681
9697,2965
9698,2680
9699,2348
9700,2653
9701,1962
9702,1932
9703,2290
9704,2605
9705,2265
9706,2687
9707,2734
9708,2921
9709,2163
9710,2163
9711,3068
9712,2782
9713,2302
9714,2294
9715,2144
9716,2130
9717,3168
9718,2166
9719,2352
9720,2860
9721,2424
9722,2805
9723,2822
9724,2388
9725,1869
9726,2753
9727,2661
9728,2923
9729,2603
9730,2580
9731,2816
9732,2843
9733,2734
9734,2210
9735,2324
9736,2100
9737,1784
9738,2216
9739,2331
9740,1666
9741,3208
9742,2413
9743,1963
9744,2106
9745,3072
9746,2065
9747,2827
9748,2631
9749,2460
9750,3333
9751,2503
9752,2233
9753,2719
9754,3065
9755,2302
9756,1627
9757,2693
9758,1855
9759,2771
9760,2514
9761,2773
9762,2671
9763,2628
9764,1923
9765,2375
9766,3077
9767,2198
9768,2354
9769,1932
9770,1703
9771,2684
9772,2585
9773,2066
9774,2583
9775,3084
9776,2299
9777,1892
9778,2450
9779,2149
9780,2435
9781,2734
9782,-1
9783,3041
9784,2255
9785,3018
9786,2397
9787,2129
9788,2401
9789,2971
9790,1957
9791,2522
9792,2745
9793,3205
9794,2900
9795,2621
9796,2773
9797,2849
9798,2066
9799,2638
9800,2325
9801,2573
9802,3426
9803,3113
9804,2223
9805,2399
9806,1512
9807,2554
9808,3053
9809,2918
9810,2892
9811,2083
9812,1760
9813,2396
9814,2898
9815,1604
9816,2076
9817,2887
9818,2435
9819,3563
9820,2475
9821,2514
9822,2270
9823,2352
9824,-1
9825,2399
9826,2528
9827,2570
9828,2724
9829,2535
9830,2675
9831,2531
9832,1920
9833,2805
9834,2288
9835,-1
9836,2506
9837,2222
9838,1224
9839,2321
9840,2497
9841,2914
9842,2756
9843,2110
9844,2812
9845,2084
9846,2524
9847,2579
9848,2474
9849,3547
9850,1476
9851,2438
9852,2097
9853,2526
9854,2975
9855,2290
9856,3041
9857,2893
9858,1850
9859,3488
9860,2118
9861,1762
9862,2428
9863,2196
9864,3272
9865,2593
9866,2006
9867,2319
9868,2838
9869,2145
9870,2101
9871,2414
9872,2325
9873,2423
9874,2680
9875,2176
9876,2723
9877,2214
9878,2264
9879,2396
9880,2543
9881,2711
9882,2414
9883,2290
9884,2756
9885,2711
9886,2678
9887,2174
9888,2138
9889,2888
9890,2001
9891,3445
9892,2905
9893,2152
9894,2681
9895,2798
9896,2355
9897,2622
9898,2492
9899,1827
9900,3175
9901,2040
9902,2575
9903,3187
9904,2826
9905,2499
9906,2357
9907,2546
9908,2324
9909,2417
9910,2060
9911,3067
9912,2450
9913,2109
9914,2761
9915,1065
9916,2165
9917,3439
9918,-1
9919,2592
9920,2018
9921,1675
9922,1490
9923,1703
9924,1981
9925,2537
9926,2608
9927,2331
9928,2851
9929,2925
9930,3519
9931,1787
9932,2288
9933,3001
9934,3272
9935,2906
9936,2394
9937,3188
9938,2645
9939,2504
9940,2682
9941,2864
9942,3150
9943,2715
9944,2408
9945,2508
9946,2173
9947,2227
9948,2362
9949,1408
9950,2937
9951,2803
9952,2721
9953,1964
9954,2280
9955,2593
9956,2442
9957,1772
9958,3167
9959,2630
9960,2180
9961,2600
9962,2568
9963,2085
9964,3012
9965,2270
9966,2595
9967,2885
9968,2568
9969,2596
9970,1094
9971,2500
9972,1902
9973,2760
9974,1316
9975,2384
9976,2078
9977,2938
9978,2950
9979,2850
9980,2569
9981,2132
9982,1465
9983,2508
9984,2835
9985,2943
9986,1692
9987,2980
9988,2398
9989,2553
9990,2686
9991,1155
9992,2357
9993,2916
9994,3396
9995,2317
9996,3187
9997,1952
9998,2472
9999,2095
10000,2677
10001,2675
10002,2352
10003,3275
10004,2397
10005,2450
10006,2109
10007,2464
10008,2003
10009,2440
10010,2975
10011,1377
10012,2573
10013,2443
10014,1935
10015,2019
10016,2222
10017,1829
10018,2164
10019,2270
10020,1962
10021,2754
10022,1796
10023,2701
10024,1483
10025,2984
10026,3203
10027,1776
10028,2805
10029,2956
10030,3406
10031,2677
10032,1312
10033,3175
10034,2300
10035,3197
10036,2369
10037,2727
10038,2113
10039,2298
10040,1662
10041,2397
10042,2779
10043,3027
10044,2702
10045,2788
10046,3075
10047,2279
10048,1951
10049,2368
10050,1442
10051,2293
10052,2455
10053,2732
10054,1385
10055,2119
10056,2482
10057,2288
10058,1988
10059,2145
10060,1447
10061,2922
10062,2497
10063,2814
10064,2475
10065,2246
10066,2554
10067,2429
10068,2988
10069,1873
10070,2778
10071,2721
10072,2686
10073,2471
10074,2414
10075,2522
10076,2156
10077,2634
10078,2067
10079,2389
10080,1978
10081,2708
10082,1798
10083,2412
10084,2430
10085,1915
10086,2497
10087,2377
10088,2645
10089,2775
10090,2148
10091,2575
10092,2304
10093,2087
10094,2345
10095,2390
10096,3031
10097,2314
10098,1996
10099,2534
10100,2320
10101,3379
10102,2081
10103,2250
10104,2311
10105,2482
10106,2228
10107,1946
10108,2517
10109,2263
10110,1930
10111,2906
10112,2032
10113,2655
10114,2045
10115,3216
10116,3336
10117,2359
10118,3917
10119,2549
10120,2755
10121,2798
10122,2590
10123,3001
10124,2408
10125,-1
10126,2272
10127,2172
10128,-1
10129,2610
10130,2697
10131,2784
10132,3182
10133,2350
10134,2137
10135,2573
10136,2589
10137,2314
10138,2953
10139,3345
10140,2371
10141,1050
10142,2085
10143,2101
10144,1977
10145,2655
10146,2209
10147,3723
10148,2177
10149,2251
10150,2833
10151,2622
10152,2052
10153,2440
10154,2208
10155,2421
10156,2585
10157,2477
10158,2532
10159,2793
10160,1749
10161,3168
10162,3052
10163,2048
10164,2967
10165,2795
10166,2932
10167,3308
10168,3909
10169,2785
10170,1978
10171,2679
10172,2712
10173,1769
10174,2575
10175,1716
10176,741
10177,2622
10178,2147
10179,2654
10180,1778
10181,2209
10182,2546
10183,2278
10184,2753
10185,4112
10186,2417
10187,1684
10188,2081
10189,1936
10190,1825
10191,2716
10192,2306
10193,1825
10194,2720
10195,2404
10196,2657
10197,2395
10198,2530
10199,2406
10200,2632
10201,2698
10202,4309
10203,2187
10204,2723
10205,2642
10206,2934
10207,2300
10208,2873
10209,-1
10210,2903
10211,2002
10212,2553
10213,2510
10214,3688
10215,1576
10216,2917
10217,2225
10218,2229
10219,2630
10220,3004
10221,2155
10222,2926
10223,2364
10224,2864
10225,2326
10226,1674
10227,2160
10228,727
10229,3306
10230,2105
10231,3024
10232,2664
10233,3199
10234,2156
10235,4073
10236,2707
10237,2428
10238,3126
10239,2870
10240,2600
10241,2370
10242,2553
10243,-1
10244,2424
10245,2616
10246,2478
10247,3576
10248,2494
10249,2188
10250,2452
10251,1898
10252,1570
10253,2108
10254,2958
10255,2316
10256,2288
10257,1927
10258,2799
10259,2874
10260,2605
10261,2378
10262,2703
10263,2000
10264,2312
10265,2949
10266,2198
10267,2393
10268,2925
10269,2156
10270,1899
10271,2423
10272,2197
10273,3109
10274,967
10275,2427
10276,2617
10277,3266
10278,2479
10279,2708
10280,2262
10281,2099
10282,3154
10283,1734
10284,2368
10285,2766
10286,2313
10287,2512
10288,2190
10289,1851
10290,2179
10291,2195
10292,2578
10293,2805
10294,3266
10295,2396
10296,2424
10297,2246
10298,2259
10299,1901
10300,2529
10301,2996
10302,2232
10303,3020
10304,2271
10305,2696
10306,2595
10307,2700
10308,2213
10309,1838
10310,2802
10311,2288
10312,2484
10313,1879
10314,2064
10315,2442
10316,2845
10317,2674
10318,2880
10319,2702
10320,2620
10321,2269
10322,1926
10323,2335
10324,2334
10325,2947
10326,2651
10327,2535
10328,2419
10329,2203
10330,3305
10331,2362
10332,2787
10333,2627
10334,1919
10335,2316
10336,2499
10337,2330
10338,2562
10339,2930
10340,2115
10341,3112
10342,2043
10343,2670
10344,2892
10345,2400
10346,2460
10347,2589
10348,3001
10349,2593
10350,2656
10351,2576
10352,2881
10353,2573
10354,2801
10355,2385
10356,1952
10357,1849
10358,2036
10359,2417
10360,2970
10361,2204
10362,2593
10363,2663
10364,2309
10365,2220
10366,2491
10367,2648
10368,2524
10369,2449
10370,2667
10371,2284
10372,2067
10373,3148
10374,2456
10375,2751
10376,1951
10377,2897
10378,1602
10379,2698
10380,2442
10381,2749
10382,1859
10383,2248
10384,2847
10385,2496
10386,3276
10387,2690
10388,2350
10389,-1
10390,3201
10391,2708
10392,2340
10393,2358
10394,1618
10395,2608
10396,1730
10397,2313
10398,2433
10399,2524
10400,3405
10401,2885
10402,2879
10403,2525
10404,2388
10405,1686
10406,2743
10407,2528
10408,3461
10409,2683
10410,4234
10411,2116
10412,586
10413,2688
10414,3196
10415,1756
10416,1715
10417,2007
10418,2443
10419,2034
10420,2463
10421,2696
10422,2004
10423,2294
10424,2852
10425,2657
10426,2803
10427,1873
10428,2804
10429,4007
10430,2938
10431,2075
10432,3238
10433,2095
10434,3397
10435,2437
10436,3465
10437,2887
10438,1922
10439,2116
10440,1908
10441,3016
10442,2380
10443,2826
10444,2306
10445,3759
10446,2224
10447,1881
10448,2509
10449,2352
10450,2512
10451,2657
10452,2218
10453,2557
10454,1214
10455,2138
10456,2710
10457,3305
10458,3168
10459,1867
10460,2127
10461,3063
10462,1895
10463,2306
10464,3105
10465,2887
10466,2183
10467,2190
10468,2948
10469,1756
10470,2522
10471,2293
10472,2364
10473,2743
10474,2059
10475,2000
10476,2542
10477,2111
10478,2736
10479,2642
10480,2057
10481,809
10482,2654
10483,2683
10484,3080
10485,1799
10486,2489
10487,2786
10488,3250
10489,1635
10490,2246
10491,2460
10492,2673
10493,3211
10494,2775
10495,1970
10496,2591
10497,2393
10498,2905
10499,2658
10500,2128
10501,2578
10502,2510
10503,-1
10504,2223
10505,2304
10506,2578
10507,2562
10508,2982
10509,2182
10510,2377
10511,2758
10512,2649
10513,2352
10514,2946
10515,1794
10516,2110
10517,2677
10518,2998
10519,2542
10520,2584
10521,2835
10522,2019
10523,2130
10524,2349
10525,2442
10526,2506
10527,2488
10528,2389
10529,2366
10530,2138
10531,1977
10532,3087
10533,2496
10534,2642
10535,2193
10536,2293
10537,2805
10538,2462
10539,3208
10540,2202
10541,2563
10542,2634
10543,2763
10544,3726
10545,2168
10546,2556
10547,2300
10548,2818
10549,1556
10550,2287
10551,2207
10552,2718
10553,2447
10554,2505
10555,1960
10556,2125
10557,3066
10558,2811
10559,2574
10560,2498
10561,2920
10562,2935
10563,3447
10564,2515
10565,2326
10566,3053
10567,2507
10568,2507
10569,1962
10570,2270
10571,2303
10572,1966
10573,2011
10574,3420
10575,2368
10576,2181
10577,2230
10578,2401
10579,2848
10580,3284
10581,2366
10582,2224
10583,-1
10584,2568
10585,3181
10586,1953
10587,2443
10588,-1
10589,1037
10590,2567
10591,1982
10592,2703
10593,2251
10594,2828
10595,2469
10596,2080
10597,2449
10598,2460
10599,2828
10600,3326
10601,3042
10602,992
10603,3620
10604,2384
10605,2442
10606,2146
10607,2795
10608,1983
10609,2190
10610,2406
10611,2233
10612,2539
10613,1627
10614,2421
10615,2115
10616,2270
10617,2534
10618,2581
10619,2926
10620,1913
10621,2210
10622,2405
10623,2445
10624,2626
10625,2375
10626,2441
10627,-1
10628,1948
10629,2140
10630,2455
10631,2854
10632,2810
10633,2679
10634,3331
10635,2297
10636,2437
10637,2489
10638,2815
10639,2369
10640,2556
10641,2833
10642,2925
10643,2305
10644,2513
10645,2476
10646,3021
10647,809
10648,2909
10649,1903
10650,1625
10651,2119
10652,1275
10653,2018
10654,2537
10655,2313
10656,2318
10657,2750
10658,2348
10659,2290
10660,2559
10661,2449
10662,2011
10663,3094
10664,2367
10665,2014
10666,2440
10667,2221
10668,2441
10669,1148
10670,2243
10671,2079
10672,2611
10673,2981
10674,2345
10675,2176
10676,2636
10677,2629
10678,2430
10679,2415
10680,3719
10681,2967
10682,2919
10683,2501
10684,2236
10685,3101
10686,2274
10687,2572
10688,2424
10689,2221
10690,2817
10691,2628
10692,2290
10693,1703
10694,1688
10695,2228
10696,2368
10697,1361
10698,2317
10699,3061
10700,3440
10701,2259
10702,4416
10703,2737
10704,2760
10705,3072
10706,2615
10707,2284
10708,2367
10709,3060
10710,2327
10711,2830
10712,2422
10713,3625
10714,2674
10715,2455
10716,2960
10717,2435
10718,2105
10719,2714
10720,2557
10721,2163
10722,2989
10723,3013
10724,2534
10725,2679
10726,2174
10727,2708
10728,2371
10729,2843
10730,2066
10731,2563
10732,2777
10733,2463
10734,2832
10735,2691
10736,2727
10737,1086
10738,2862
10739,2666
10740,2171
10741,2414
10742,2105
10743,-1
10744,2435
10745,2242
10746,2846
10747,1341
10748,2754
10749,3141
10750,2616
10751,2444
10752,2666
10753,2111
10754,2029
10755,2908
10756,2510
10757,2762
10758,2210
10759,2689
10760,2971
10761,2806
10762,2596
10763,2467
10764,2070
10765,2896
10766,2589
10767,2871
10768,2923
10769,2990
10770,2825
10771,2873
10772,2522
10773,1975
10774,2400
10775,2246
10776,2278
10777,2433
10778,2093
10779,2686
10780,1453
10781,1670
10782,1860
10783,2646
10784,2333
10785,2522
10786,2467
10787,3021
10788,2544
10789,2235
10790,2585
10791,3303
10792,2991
10793,2943
10794,3023
10795,2647
10796,2658
10797,1767
10798,3827
10799,2386
10800,2017
10801,-1
10802,1233
10803,2137
10804,2610
10805,1942
10806,1253
10807,1950
10808,2483
10809,3366
10810,3899
10811,2406
10812,2187
10813,2409
10814,2521
10815,2649
10816,2459
10817,2035
10818,2736
10819,3004
10820,2627
10821,2757
10822,3272
10823,3369
10824,3160
10825,1996
10826,2387
10827,2590
10828,1705
10829,2031
10830,2221
10831,1637
10832,2957
10833,1745
10834,2748
10835,1849
10836,3269
10837,2158
10838,1993
10839,2662
10840,2321
10841,2462
10842,2310
10843,2068
10844,1641
10845,2991
10846,2631
10847,2980
10848,2814
10849,2574
10850,1848
10851,2574
10852,2755
10853,3100
10854,3062
10855,2272
10856,3435
10857,3461
10858,2216
10859,2673
10860,2213
10861,3271
10862,2754
10863,1719
10864,2315
10865,1782
10866,2692
10867,3310
10868,2991
10869,2815
10870,2981
10871,3425
10872,2942
10873,3459
10874,2593
10875,2993
10876,3713
10877,2732
10878,-1
10879,2684
10880,2681
10881,2236
10882,2837
10883,1962
10884,2859
10885,2263
10886,2435
10887,2333
10888,1449
10889,2050
10890,2841
10891,2707
10892,2182
10893,2442
10894,2477
10895,2167
10896,2835
10897,2444
10898,1490
10899,2284
10900,2989
10901,1841
10902,2601
10903,1861
10904,2315
10905,2491
10906,3039
10907,2818
10908,2567
10909,2721
10910,1949
10911,2926
10912,2444
10913,2175
10914,2835
10915,2266
10916,2120
10917,2270
10918,2685
10919,2189
10920,2769
10921,2500
10922,2434
10923,1479
10924,3067
10925,1948
10926,2254
10927,2247
10928,2112
10929,2465
10930,2094
10931,2331
10932,2640
10933,2997
10934,2175
10935,2703
10936,-1
10937,2068
10938,2479
10939,2504
10940,3040
10941,2861
10942,2820
10943,2989
10944,2692
10945,2959
10946,2227
10947,3497
10948,2824
10949,1614
10950,2874
10951,2527
10952,2952
10953,2855
10954,2185
10955,2529
10956,2393
10957,2532
10958,2241
10959,2011
10960,2659
10961,2423
10962,2230
10963,2224
10964,1395
10965,3739
10966,2643
10967,2759
10968,3133
10969,3072
10970,2787
10971,2400
10972,2434
10973,1968
10974,3076
10975,2398
10976,2766
10977,2376
10978,2025
10979,3929
10980,3024
10981,2363
10982,2461
10983,3216
10984,2312
10985,2541
10986,1721
10987,1421
10988,2402
10989,2390
10990,3162
10991,3010
10992,2161
10993,2601
10994,2496
10995,2283
10996,1563
10997,1436
10998,-1
10999,1767
11000,1835
11001,3657
11002,2805
11003,3427
11004,2368
11005,2711
11006,2176
11007,2527
11008,2360
11009,3145
11010,2288
11011,2694
11012,2936
11013,3650
11014,2530
11015,2417
11016,2274
11017,2109
11018,2884
11019,2006
11020,2389
11021,2423
11022,2062
11023,2417
11024,2987
11025,1995
11026,2241
11027,1211
11028,1900
11029,3295
11030,1786
11031,2462
11032,3328
11033,2513
11034,2590
11035,2108
11036,2686
11037,2661
11038,2449
11039,2072
11040,2710
11041,3191
11042,2657
11043,2523
11044,2698
11045,2233
11046,2626
11047,2467
11048,2978
11049,4027
11050,2536
11051,1095
11052,1983
11053,2623
11054,2071
11055,2242
11056,2126
11057,2278
11058,3343
11059,2956
11060,1767
11061,2738
11062,2208
11063,2670
11064,2924
11065,2387
11066,1625
11067,3318
11068,2353
11069,2457
11070,2672
11071,3100
11072,2104
11073,2276
11074,2360
11075,1849
11076,2509
11077,2426
11078,2405
11079,2694
11080,1989
11081,2155
11082,2234
11083,3024
11084,2003
11085,1975
11086,2694
11087,2339
11088,2135
11089,2577
11090,2511
11091,2533
11092,2464
11093,2712
11094,1625
11095,2479
11096,2483
11097,2353
11098,3061
11099,1728
11100,2133
11101,3161
11102,2645
11103,1938
11104,3691
11105,2190
11106,3328
11107,2461
11108,2522
11109,2841
11110,1963
11111,3358
11112,2626
11113,2566
11114,2317
11115,1999
11116,2425
11117,2538
11118,2652
11119,2175
11120,2832
11121,2817
11122,2658
11123,2536
11124,1921
11125,2829
11126,2678
11127,2874
11128,2462
11129,2454
11130,3394
11131,2731
11132,2841
11133,1755
11134,2089
11135,2738
11136,2985
11137,2035
11138,1908
11139,2799
11140,1887
11141,1972
11142,2307
11143,2294
11144,2556
11145,-1
11146,1977
11147,1925
11148,2543
11149,2280
11150,2643
11151,1882
11152,2199
11153,2754
11154,2526
11155,2479
11156,1444
11157,1965
11158,2644
11159,1896
11160,2113
11161,2944
11162,2457
11163,2477
11164,2521
11165,2797
11166,2597
11167,-1
11168,3033
11169,1948
11170,2256
11171,2215
11172,2660
11173,3227
11174,2433
11175,1885
11176,2522
11177,2969
11178,2079
11179,2387
11180,2788
11181,2268
11182,2093
11183,2340
11184,2093
11185,2409
11186,2506
11187,2749
11188,2548
11189,2278
11190,3464
11191,2650
11192,2808
11193,2843
11194,2481
11195,2534
11196,3174
11197,2764
11198,3172
11199,2514
11200,3448
11201,2830
11202,2653
11203,1970
11204,1877
11205,2925
11206,3006
11207,2291
11208,2605
11209,2079
11210,2747
11211,2826
11212,2735
11213,2895
11214,2561
11215,2366
11216,2741
11217,3220
11218,2509
11219,2329
11220,1701
11221,2001
11222,2651
11223,-1
11224,2095
11225,2688
11226,2649
11227,2822
11228,2789
11229,2468
11230,2680
11231,1346
11232,2884
11233,3021
11234,2169
11235,2793
11236,2075
11237,1757
11238,2248
11239,3085
11240,2682
11241,2473
11242,2710
11243,3029
11244,2058
11245,2204
11246,2375
11247,2601
11248,2636
11249,2289
11250,3119
11251,2431
11252,2592
11253,1835
11254,3082
11255,2827
11256,2763
11257,1789
11258,2490
11259,3020
11260,2992
11261,2269
11262,2682
11263,2063
11264,2154
11265,2514
11266,2309
11267,2554
11268,2995
11269,2239
11270,2314
11271,3293
11272,2072
11273,2625
11274,2771
11275,2221
11276,2258
11277,2788
11278,1941
11279,1798
11280,3208
11281,2932
11282,3137
11283,2708
11284,2241
11285,2461
11286,2447
11287,2111
11288,1260
11289,2610
11290,2687
11291,2931
11292,2364
11293,2411
11294,2790
11295,2783
11296,3588
11297,2545
11298,3166
11299,2703
11300,2747
11301,2365
11302,2247
11303,2238
11304,3055
11305,2262
11306,2433
11307,2488
11308,3035
11309,2349
11310,2078
11311,2504
11312,2082
11313,2445
11314,2803
11315,2640
11316,2929
11317,2399
11318,2663
11319,2401
11320,2760
11321,2353
11322,2141
11323,2664
11324,2974
11325,2639
11326,1338
11327,2081
11328,2222
11329,2863
11330,3367
11331,1122
11332,1933
11333,2729
11334,2572
11335,2843
11336,2168
11337,2571
11338,2692
11339,1907
11340,2926
11341,2696
11342,2534
11343,3606
11344,1983
11345,914
11346,3376
11347,2236
11348,3305
11349,1736
11350,1753
11351,3392
11352,2916
11353,2462
11354,4725
11355,3041
11356,2191
11357,1903
11358,2512
11359,3409
11360,1990
11361,2684
11362,2272
11363,2280
11364,2223
11365,2313
11366,2691
11367,2479
11368,3049
11369,2685
11370,2652
11371,2124
11372,2733
11373,2871
11374,2635
11375,2200
11376,2466
11377,2451
11378,2885
11379,2444
11380,2778
11381,2182
11382,2784
11383,3021
11384,2708
11385,2250
11386,2362
11387,2668
11388,2200
11389,3263
11390,3104
11391,2255
11392,2437
11393,2165
11394,2637
11395,2182
11396,2609
11397,2037
11398,1917
11399,1802
11400,1871
11401,2540
11402,1934
11403,2212
11404,2873
11405,2631
11406,1929
11407,3613
11408,2650
11409,2216
11410,2498
11411,2328
11412,2622
11413,2161
11414,2480
11415,3690
11416,2283
11417,2575
11418,2885
11419,308
11420,2762
11421,3813
11422,3580
11423,2053
11424,3146
11425,3077
11426,2147
11427,1538
11428,1927
11429,2379
11430,2611
11431,2526
11432,2360
11433,2874
11434,1820
11435,2774
11436,2381
11437,2755
11438,2769
11439,2242
11440,1955
11441,2207
11442,2962
11443,2520
11444,3100
11445,2374
11446,3653
11447,3114
11448,2355
11449,1615
11450,2757
11451,3310
11452,3045
11453,2327
11454,2578
11455,2746
11456,3183
11457,2943
11458,2509
11459,1878
11460,2817
11461,2458
11462,2109
11463,2510
11464,2636
11465,2918
11466,2373
11467,2109
11468,2163
11469,2056
11470,2826
11471,1705
11472,2438
11473,2580
11474,2021
11475,1977
11476,2788
11477,3016
11478,1610
11479,2162
11480,2005
11481,2220
11482,2214
11483,2079
11484,2309
11485,2663
11486,2878
11487,2206
11488,2796
11489,-1
11490,1955
11491,2355
11492,2308
11493,1692
11494,2646
11495,3012
11496,2940
11497,2748
11498,3283
11499,2170
11500,1959
11501,2267
11502,2714
11503,2329
11504,2545
11505,2417
11506,2524
11507,3014
11508,1569
11509,1967
11510,2772
11511,2244
11512,2644
11513,2317
11514,2698
11515,2255
11516,3305
11517,1717
11518,1916
11519,1669
11520,2309
11521,1934
11522,2498
11523,2649
11524,2445
11525,1423
11526,2868
11527,1754
11528,2705
11529,2860
11530,2744
11531,2751
11532,2011
11533,2935
11534,2459
11535,2656
11536,2593
11537,2809
11538,1892
11539,3420
11540,2817
11541,2036
11542,2303
11543,1409
11544,2220
11545,2853
11546,2311
11547,2042
11548,1291
11549,3188
11550,3081
11551,2147
11552,2483
11553,2621
11554,2511
11555,1277
11556,2556
11557,2915
11558,-1
11559,3175
11560,2392
11561,1442
11562,2870
11563,2713
11564,2560
11565,1705
11566,2051
11567,2552
11568,-1
11569,1975
11570,3035
11571,3055
11572,3140
11573,2845
11574,2879
11575,2911
11576,2518
11577,2583
11578,2344
11579,2140
11580,2196
11581,2678
11582,2858
11583,2708
11584,4047
11585,2875
11586,2758
11587,2534
11588,1792
11589,3314
11590,1685
11591,1878
11592,2545
11593,2763
11594,2906
11595,2469
11596,2518
11597,2428
11598,3124
11599,2120
11600,2528
11601,2558
11602,2527
11603,2141
11604,3102
11605,2912
11606,4200
11607,2531
11608,2701
11609,2313
11610,2398
11611,1690
11612,2919
11613,1820
11614,1940
11615,3182
11616,2435
11617,2269
11618,2362
11619,3270
11620,2736
11621,2430
11622,3301
11623,2602
11624,2829
11625,2338
11626,2107
11627,1903
11628,2842
11629,2927
11630,2666
11631,1729
11632,2583
11633,3105
11634,2455
11635,1879
11636,3548
11637,2251
11638,2451
11639,2112
11640,1574
11641,2543
11642,2252
11643,2337
11644,2770
11645,1954
11646,2254
11647,2468
11648,3762
11649,2057
11650,3026
11651,2735
11652,2696
11653,1918
11654,3626
11655,2395
11656,2006
11657,2137
11658,2617
11659,1868
11660,2513
11661,2161
11662,2448
11663,2513
11664,2457
11665,1549
11666,2629
11667,2339
11668,2830
11669,2458
11670,2592
11671,1777
11672,2732
11673,2268
11674,2632
11675,2740
11676,3207
11677,2225
11678,3247
11679,2855
11680,2732
11681,2796
11682,3072
11683,2193
11684,2454
11685,1951
11686,1903
11687,2461
11688,2564
11689,2014
11690,2465
11691,2221
11692,2997
11693,2570
11694,2853
11695,2590
11696,2375
11697,2574
11698,2533
11699,2488
11700,2505
11701,2433
11702,2237
11703,1586
11704,2658
11705,2898
11706,2002
11707,2643
11708,2838
11709,2550
11710,1883
11711,2556
11712,1943
11713,2553
11714,3111
11715,3054
11716,2723
11717,3130
11718,3029
11719,1831
11720,3013
11721,2055
11722,2818
11723,2475
11724,2464
11725,2531
11726,2908
11727,2563
11728,2422
11729,2660
11730,2463
11731,2653
11732,2251
11733,2728
11734,2648
11735,1918
11736,2580
11737,2562
11738,-1
11739,2769
11740,2615
11741,2230
11742,2598
11743,2714
11744,2336
11745,2598
11746,2848
11747,1498
11748,2755
11749,2540
11750,2278
11751,3073
11752,1818
11753,2366
11754,2112
11755,2848
11756,2461
11757,3095
11758,3184
11759,2340
11760,2630
11761,2548
11762,2613
11763,2216
11764,1848
11765,2316
11766,2696
11767,2365
11768,2315
11769,2760
11770,2870
11771,2337
11772,2245
11773,2120
11774,1162
11775,2350
11776,2471
11777,2511
11778,1986
11779,2501
11780,2569
11781,2757
11782,2200
11783,3129
11784,2856
11785,2899
11786,1900
11787,2339
11788,2310
11789,2488
11790,3514
11791,2451
11792,2552
11793,-1
11794,1983
11795,3002
11796,2379
11797,2430
11798,2545
11799,2878
11800,1407
11801,3004
11802,2204
11803,2444
11804,920
11805,3067
11806,2862
11807,1678
11808,2588
11809,2436
11810,2185
11811,2109
11812,3011
11813,2552
11814,2670
11815,2248
11816,2543
11817,2331
11818,2389
11819,2238
11820,1965
11821,3153
11822,2659
11823,2846
11824,950
11825,2518
11826,3204
11827,1596
11828,2815
11829,2909
11830,2864
11831,2777
11832,1834
11833,2236
11834,2269
11835,2863
11836,2151
11837,2861
11838,3248
11839,2144
11840,2323
11841,2188
11842,2241
11843,2397
11844,2540
11845,1992
11846,1582
11847,2490
11848,2369
11849,2336
11850,2200
11851,3288
11852,3544
11853,1950
11854,2775
11855,2511
11856,2395
11857,2128
11858,-1
11859,2620
11860,2938
11861,2907
11862,3372
11863,2401
11864,1782
11865,2246
11866,3391
11867,2510
11868,1615
11869,2240
11870,822
11871,2532
11872,1686
11873,3024
11874,2222
11875,2924
11876,2676
11877,2720
11878,2167
11879,-1
11880,1956
11881,2922
11882,2732
11883,2311
11884,2037
11885,1696
11886,2663
11887,2574
11888,2552
11889,1654
11890,2546
11891,2350
11892,2442
11893,3140
11894,2132
11895,2860
11896,1775
11897,1799
11898,3704
11899,2564
11900,2205
11901,2448
11902,2577
11903,2316
11904,2604
11905,3286
11906,2571
11907,2433
11908,2515
11909,2189
11910,1943
11911,2433
11912,2557
11913,2282
11914,2619
11915,2286
11916,2001
11917,2767
11918,2929
11919,2825
11920,1457
11921,2522
11922,2247
11923,2162
11924,2097
11925,1945
11926,2547
11927,2642
11928,1657
11929,2367
11930,2841
11931,3040
11932,2026
11933,1499
11934,2666
11935,2516
11936,2334
11937,2889
11938,2167
11939,2946
11940,2217
11941,2900
11942,2672
11943,2403
11944,3110
11945,3127
11946,2526
11947,2457
11948,2221
11949,2536
11950,2123
11951,3145
11952,2169
11953,2251
11954,2790
11955,3612
11956,3745
11957,2171
11958,2264
11959,2142
11960,2513
11961,2531
11962,3520
11963,3241
11964,-1
11965,2792
11966,2059
11967,1762
11968,2629
11969,2935
11970,2057
11971,2452
11972,2500
11973,2650
11974,2523
11975,2906
11976,1877
11977,2592
11978,2610
11979,2897
11980,2505
11981,2323
11982,2731
11983,2126
11984,1747
11985,2191
11986,2373
11987,2322
11988,2903
11989,-1
11990,2280
11991,2437
11992,2726
11993,3027
11994,1515
11995,2386
11996,2174
11997,2183
11998,2521
11999,1660
12000,1892
12001,2990
12002,2434
12003,2791
12004,1497
12005,2226
12006,2776
12007,2549
12008,2485
12009,1876
12010,1215
12011,2662
12012,1833
12013,3213
12014,2289
12015,2211
12016,2744
12017,2503
12018,1812
12019,2538
12020,2238
12021,2164
12022,3164
12023,2039
12024,2484
12025,1283
12026,2745
12027,2443
12028,2644
12029,2445
12030,1930
12031,2434
12032,2544
12033,2017
12034,1874
12035,3505
12036,1355
12037,2866
12038,2184
12039,2755
12040,2007
12041,2593
12042,2054
12043,2157
12044,2702
12045,3072
12046,2339
12047,2478
12048,2352
12049,3014
12050,-1
12051,1608
12052,2671
12053,2336
12054,2653
12055,2118
12056,2550
12057,1983
12058,3139
12059,3261
12060,2125
12061,1870
12062,2810
12063,2513
12064,2421
12065,1607
12066,2636
12067,2217
12068,2150
12069,1955
12070,2587
12071,2494
12072,2730
12073,1776
12074,2545
12075,2411
12076,1813
12077,2440
12078,3216
12079,2487
12080,-1
12081,2795
12082,1632
12083,2182
12084,3071
12085,2960
12086,3029
12087,2672
12088,2716
12089,3047
12090,2463
12091,2563
12092,2213
12093,2897
12094,2333
12095,2165
12096,2486
12097,3058
12098,2561
12099,2929
12100,2435
12101,2385
12102,2544
12103,2172
12104,2326
12105,2761
12106,3285
12107,2721
12108,2424
12109,-1
12110,1872
12111,2406
12112,2428
12113,2986
12114,2574
12115,2591
12116,3612
12117,1978
12118,2046
12119,2178
12120,1674
12121,2260
12122,2965
12123,2088
12124,2669
12125,2471
12126,2640
12127,2509
12128,2182
12129,2340
12130,3270
12131,2387
12132,2270
12133,2040
12134,2448
12135,2635
12136,2464
12137,2312
12138,3546
12139,2039
12140,2116
12141,2135
12142,3715
12143,2107
12144,3017
12145,2479
12146,2215
12147,1979
12148,2523
12149,2637
12150,1844
12151,2516
12152,2435
12153,2146
12154,3034
12155,1988
12156,2473
12157,1932
12158,3167
12159,2510
12160,2516
12161,2040
12162,2228
12163,2786
12164,2268
12165,2105
12166,2648
12167,2142
12168,3055
12169,2295
12170,3270
12171,3221
12172,2034
12173,1066
12174,2672
12175,2638
12176,2198
12177,2527
12178,2663
12179,2214
12180,2605
12181,2266
12182,3099
12183,2595
12184,2226
12185,2233
12186,3441
12187,2211
12188,2746
12189,2232
12190,2801
12191,2600
12192,2483
12193,2680
12194,2912
12195,2260
12196,2347
12197,2858
12198,2159
12199,-1
12200,2041
12201,1986
12202,2476
12203,2137
12204,2243
12205,3053
12206,1896
12207,2336
12208,2108
12209,2187
12210,2733
12211,2973
12212,2782
12213,2670
12214,2588
12215,2905
12216,-1
12217,2510
12218,2333
12219,2744
12220,2663
12221,2219
12222,2391
12223,2029
12224,2540
12225,2523
12226,2385
12227,2885
12228,2046
12229,2421
12230,2670
12231,2615
12232,2177
12233,2693
12234,1932
12235,2652
12236,3040
12237,2537
12238,2425
12239,2115
12240,2638
12241,2929
12242,1817
12243,2645
12244,2907
12245,2546
12246,2827
12247,2740
12248,2653
12249,2603
12250,2775
12251,2246
12252,2483
12253,2036
12254,3160
12255,2100
12256,2199
12257,1781
12258,2398
12259,3178
12260,2482
12261,2509
12262,2798
12263,2916
12264,2587
12265,2352
12266,2044
12267,2622
12268,2890
12269,2156
12270,3286
12271,2532
12272,2295
12273,1958
12274,2301
12275,-1
12276,2252
12277,1689
12278,1902
12279,2528
12280,3445
12281,2498
12282,3035
12283,2468
12284,2586
12285,2634
12286,2317
12287,2403
12288,2864
12289,2624
12290,2625
12291,1374
12292,2271
12293,2345
12294,2558
12295,2225
12296,3148
12297,2070
12298,2330
12299,2236
12300,2305
12301,2464
12302,2290
12303,2336
12304,2679
12305,2756
12306,3198
12307,3221
12308,3054
12309,2867
12310,2627
12311,4142
12312,2529
12313,2705
12314,3045
12315,2151
12316,3343
12317,1867
12318,1992
12319,2762
12320,2495
12321,2272
12322,2958
12323,2449
12324,2331
12325,2937
12326,3222
12327,2540
12328,2556
12329,2654
12330,2441
12331,2393
12332,2171
12333,1965
12334,3359
12335,1843
12336,3169
12337,1675
12338,2647
12339,-1
12340,2101
12341,-1
12342,3405
12343,2352
12344,2014
12345,2937
12346,3136
12347,2048
12348,2677
12349,2528
12350,2779
12351,2120
12352,2613
12353,2024
12354,2224
12355,2335
12356,2817
12357,2368
12358,2857
12359,2885
12360,2258
12361,2459
12362,1490
12363,2550
12364,2641
12365,2285
12366,2446
12367,2234
12368,2571
12369,3447
12370,2439
12371,2016
12372,2662
12373,3348
12374,2279
12375,2500
12376,3554
12377,2979
12378,2475
12379,2495
12380,2561
12381,2079
12382,2116
12383,2656
12384,2948
12385,1792
12386,2783
12387,2825
12388,2637
12389,2153
12390,2117
12391,1404
12392,2240
12393,1561
12394,2567
12395,1870
12396,2624
12397,2405
12398,2583
12399,2386
12400,2579
12401,1965
12402,2235
12403,1340
12404,3820
12405,2257
12406,2203
12407,3438
12408,3357
12409,2724
12410,3553
12411,1900
12412,1503
12413,2267
12414,2263
12415,2677
12416,1973
12417,1756
12418,2765
12419,2631
12420,1669
12421,3392
12422,2198
12423,2223
12424,2555
12425,2379
12426,2764
12427,2850
12428,2135
12429,2449
12430,1483
12431,2416
12432,3277
12433,2420
12434,2322
12435,2870
12436,565
12437,3362
12438,2227
12439,2780
12440,2770
12441,3061
12442,2763
12443,2763
12444,2135
12445,2010
12446,2231
12447,3004
12448,2756
12449,2126
12450,1930
12451,3229
12452,2826
12453,2713
12454,2528
12455,1441
12456,2563
12457,2094
12458,2091
12459,2135
12460,2804
12461,2621
12462,2436
12463,2192
12464,2192
12465,3343
12466,3383
12467,3076
12468,2019
12469,2942
12470,2631
12471,1928
12472,2759
12473,2193
12474,1948
12475,2971
12476,2209
12477,2596
12478,1936
12479,1581
12480,2481
12481,2508
12482,2567
12483,1697
12484,3210
12485,1601
12486,1800
12487,2034
12488,2359
12489,3459
12490,1975
12491,3059
12492,1790
12493,2419
12494,2553
12495,2196
12496,2963
12497,2395
12498,2093
12499,1957
12500,2050
12501,1828
12502,2067
12503,2507
12504,2440
12505,2969
12506,2381
12507,2992
12508,2690
12509,1386
12510,-1
12511,2585
12512,2503
12513,1780
12514,2787
12515,2957
12516,3899
12517,2434
12518,2629
12519,-1
12520,2787
12521,2401
12522,1791
12523,2658
12524,3069
12525,2640
12526,2098
12527,2362
12528,1734
12529,1864
12530,2370
12531,1994
12532,2641
12533,2562
12534,2323
12535,1292
12536,2317
12537,2354
12538,1467
12539,2532
12540,2522
12541,1888
12542,2007
12543,2526
12544,3289
12545,2367
12546,2614
12547,2554
12548,2956
12549,2412
12550,2540
12551,2308
12552,2579
12553,2364
12554,2437
12555,2673
12556,2063
12557,2493
12558,2659
12559,3294
12560,3028
12561,2869
12562,2952
12563,2396
12564,1824
12565,3142
12566,1547
12567,1777
12568,2833
12569,2940
12570,3312
12571,2350
12572,2225
12573,2507
12574,2560
12575,3732
12576,2011
12577,2739
12578,1468
12579,2142
12580,3037
12581,3040
12582,2230
12583,2698
12584,2692
12585,1940
12586,2901
12587,2362
12588,2041
12589,1986
12590,2805
12591,2555
12592,1439
12593,2164
12594,2626
12595,3190
12596,2975
12597,2552
12598,1682
12599,1931
12600,2371
12601,2561
12602,2469
12603,2230
12604,2344
12605,2344
12606,1813
12607,2296
12608,1883
12609,1321
12610,2153
12611,2329
12612,2541
12613,-1
12614,1857
12615,1748
12616,2703
12617,2747
12618,2315
12619,2236
12620,2653
12621,2675
12622,2447
12623,2388
12624,2315
12625,2001
12626,-1
12627,2517
12628,2079
12629,2005
12630,3556
12631,2708
12632,2237
12633,2357
12634,2653
12635,2887
12636,2162
12637,2700
12638,3073
12639,2218
12640,2598
12641,2450
12642,1525
12643,2187
12644,2439
12645,2334
12646,2780
12647,3005
12648,2976
12649,3249
12650,-1
12651,2413
12652,2746
12653,2340
12654,2330
12655,2778
12656,2221
12657,2203
12658,2518
12659,2449
12660,3023
12661,3191
12662,2451
12663,4337
12664,2880
12665,2430
12666,2674
12667,2862
12668,2407
12669,2410
12670,2758
12671,2573
12672,3027
12673,2459
12674,2261
12675,2912
12676,2357
12677,2634
12678,3566
12679,2892
12680,2437
12681,3083
12682,2345
12683,2054
12684,3701
12685,2275
12686,2025
12687,2664
12688,2707
12689,2418
12690,2806
12691,2821
12692,2266
12693,1807
12694,2699
12695,2543
12696,3371
12697,-1
12698,2887
12699,1076
12700,3255
12701,2788
12702,2883
12703,2574
12704,3188
12705,3369
12706,2626
12707,1868
12708,2712
12709,-1
12710,3181
12711,2754
12712,2337
12713,2025
12714,2284
12715,2565
12716,2459
12717,2894
12718,1874
12719,2674
12720,2259
12721,2646
12722,2872
12723,2846
12724,2740
12725,2624
12726,2720
12727,2238
12728,2093
12729,2614
12730,1374
12731,2454
12732,1875
12733,2471
12734,2750
12735,2407
12736,2310
12737,2781
12738,2086
12739,2752
12740,2679
12741,2323
12742,1478
12743,3193
12744,2558
12745,3000
12746,2015
12747,1965
12748,2576
12749,1636
12750,2452
12751,3666
12752,2504
12753,2180
12754,2651
12755,2425
12756,2335
12757,3457
12758,2658
12759,2479
12760,2750
12761,2453
12762,1867
12763,1985
12764,3262
12765,2266
12766,2437
12767,3408
12768,2441
12769,2413
12770,2791
12771,2295
12772,1294
12773,2775
12774,2258
12775,2991
12776,2429
12777,2413
12778,2150
12779,2056
12780,2103
12781,2880
12782,2681
12783,2535
12784,2068
12785,2707
12786,2810
12787,2550
12788,2486
12789,2593
12790,2101
12791,2206
12792,1368
12793,2242
12794,3536
12795,3223
12796,2595
12797,2801
12798,1620
12799,2142
12800,2800
12801,2598
12802,2266
12803,1956
12804,2502
12805,2818
12806,1773
12807,2534
12808,1883
12809,2277
12810,2728
12811,2068
12812,2652
12813,2829
12814,2510
12815,2333
12816,2594
12817,2450
12818,2492
12819,2644
12820,2580
12821,2129
12822,2201
12823,-1
12824,2638
12825,2124
12826,1557
12827,1975
12828,2506
12829,2816
12830,2235
12831,2226
12832,2596
12833,3065
12834,2103
12835,2369
12836,2935
12837,2381
12838,2398
12839,2517
12840,2522
12841,2129
12842,2920
12843,2489
12844,1629
12845,2568
12846,3254
12847,2757
12848,1604
12849,2463
12850,3318
12851,3294
12852,2373
12853,1963
12854,2632
12855,2208
12856,2772
12857,2526
12858,3280
12859,2740
12860,2830
12861,2827
12862,2451
12863,2469
12864,3248
12865,2727
12866,2421
12867,2989
12868,1817
12869,2443
12870,2609
12871,2282
12872,2374
12873,3322
12874,2017
12875,2535
12876,2559
12877,2515
12878,2149
12879,2621
12880,2367
12881,2565
12882,2696
12883,2279
12884,3200
12885,3011
12886,2293
12887,2016
12888,2416
12889,4361
12890,1653
12891,2618
12892,1012
12893,2117
12894,2894
12895,2497
12896,3021
12897,2466
12898,3006
12899,2553
12900,2125
12901,2361
12902,2558
12903,2362
12904,2382
12905,2776
12906,2657
12907,1753
12908,2376
12909,2735
12910,2272
12911,2552
12912,2487
12913,1500
12914,3922
12915,1782
12916,2563
12917,2066
12918,2507
12919,2559
12920,2596
12921,1833
12922,2173
12923,2711
12924,2526
12925,2323
12926,2851
12927,2748
12928,2425
12929,2341
12930,1950
12931,3416
12932,2767
12933,2677
12934,2447
12935,2149
12936,3127
12937,2451
12938,2783
12939,3045
12940,2285
12941,2264
12942,2817
12943,2557
12944,2507
12945,2752
12946,2760
12947,2429
12948,2728
12949,2688
12950,2281
12951,2492
12952,2213
12953,2740
12954,2469
12955,2274
12956,2506
12957,2472
12958,2655
12959,3089
12960,3034
12961,2567
12962,2507
12963,-1
12964,3512
12965,2604
12966,3606
12967,2441
12968,3501
12969,2608
12970,2419
12971,1949
12972,2822
12973,2515
12974,2920
12975,2300
12976,2568
12977,2454
12978,2328
12979,3311
12980,2816
12981,2736
12982,2015
12983,3782
12984,3757
12985,3081
12986,1835
12987,2406
12988,2523
12989,3782
12990,3209
12991,3428
12992,2302
12993,2700
12994,1956
12995,2220
12996,3271
12997,2809
12998,3597
12999,2267
13000,3379
13001,1726
13002,2924
13003,2790
13004,2791
13005,1392
13006,1139
13007,2476
13008,2055
13009,1849
13010,2249
13011,2823
13012,3039
13013,2774
13014,3287
13015,1973
13016,2453
13017,3088
13018,2095
13019,2686
13020,1287
13021,2178
13022,2904
13023,2467
13024,2231
13025,2201
13026,3612
13027,2360
13028,2796
13029,2630
13030,2771
13031,3106
13032,2304
13033,2372
13034,2737
13035,2429
13036,1713
13037,1945
13038,2106
13039,2424
13040,3070
13041,2597
13042,2570
13043,1616
13044,2028
13045,2435
13046,2891
13047,2111
13048,2516
13049,2490
13050,2916
13051,2522
13052,-1
13053,2568
13054,2678
13055,2505
13056,-1
13057,3110
13058,2027
13059,1807
13060,1507
13061,1407
13062,2627
13063,2659
13064,2370
13065,2477
13066,2342
13067,3091
13068,2359
13069,2072
13070,2833
13071,2618
13072,2559
13073,1802
13074,2293
13075,2632
13076,1797
13077,2516
13078,2392
13079,2710
13080,2101
13081,2828
13082,2032
13083,2550
13084,2968
13085,2676
13086,2287
13087,2756
13088,2241
13089,3309
13090,2906
13091,2524
13092,3263
13093,2110
13094,2397
13095,2532
13096,3288
13097,3225
13098,2906
13099,2076
13100,2805
13101,2547
13102,2504
13103,-1
13104,2883
13105,1836
13106,2042
13107,2010
13108,2391
13109,1704
13110,2166
13111,1894
13112,2816
13113,2458
13114,2249
13115,1840
13116,2202
13117,2672
13118,3051
13119,2428
13120,2172
13121,3011
13122,679
13123,2410
13124,2129
13125,2884
13126,2429
13127,1918
13128,2879
13129,3048
13130,2073
13131,3916
13132,2293
13133,2316
13134,2384
13135,2840
13136,3934
13137,-1
13138,2716
13139,2230
13140,1307
13141,2757
13142,819
13143,2615
13144,2881
13145,2484
13146,2377
13147,2047
13148,2278
13149,2206
13150,1902
13151,2159
13152,2390
13153,3047
13154,2097
13155,2099
13156,2564
13157,1612
13158,2154
13159,2514
13160,2769
13161,2744
13162,2273
13163,2409
13164,2684
13165,2307
13166,2276
13167,2485
13168,2760
13169,1256
13170,3424
13171,2812
13172,2338
13173,2960
13174,1915
13175,2559
13176,2618
13177,3861
13178,2564
13179,2744
13180,2293
13181,2898
13182,2337
13183,2454
13184,2523
13185,2526
13186,2698
13187,2484
13188,2801
13189,2604
13190,2651
13191,2140
13192,2215
13193,2511
13194,2942
13195,2551
13196,2293
13197,2173
13198,2325
13199,2872
13200,3262
13201,2613
13202,2596
13203,2707
13204,2186
13205,2452
13206,2662
13207,2776
13208,2952
13209,2543
13210,1787
13211,2252
13212,2111
13213,2395
13214,2060
13215,2499
13216,1687
13217,2101
13218,2273
13219,2343
13220,3358
13221,2631
13222,3162
13223,2336
13224,2497
13225,3620
13226,2214
13227,2616
13228,2157
13229,3277
13230,2994
13231,2183
13232,2536
13233,2780
13234,2873
13235,2942
13236,2690
13237,2243
13238,1420
13239,2699
13240,2787
13241,2039
13242,2537
13243,2323
13244,2402
13245,3004
13246,2561
13247,3013
13248,2520
13249,2607
13250,2546
13251,2617
13252,2332
13253,2470
13254,1702
13255,2401
13256,2430
13257,2469
13258,2862
13259,2360
13260,3103
13261,2202
13262,2211
13263,1501
13264,2511
13265,1633
13266,3043
13267,2440
13268,3128
13269,2487
13270,2845
13271,2362
13272,2437
13273,2959
13274,2768
13275,2214
13276,2777
13277,3658
13278,2891
13279,2255
13280,2880
13281,2698
13282,2624
13283,2544
13284,2726
13285,2339
13286,2413
13287,2065
13288,2516
13289,1421
13290,2785
13291,2683
13292,1901
13293,2647
13294,2320
13295,2241
13296,2453
13297,3015
13298,2198
13299,3195
13300,1154
13301,2258
13302,2527
13303,2775
13304,2381
13305,2723
13306,1997
13307,2713
13308,2569
13309,2736
13310,2458
13311,2755
13312,2784
13313,2799
13314,2145
13315,3073
13316,1886
13317,2318
13318,2189
13319,1974
13320,2956
13321,2374
13322,2224
13323,2080
13324,1898
13325,2195
13326,2796
13327,2632
13328,2828
13329,2204
13330,2052
13331,2057
13332,2746
13333,2296
13334,2532
13335,1875
13336,2494
13337,2727
13338,2629
13339,2543
13340,2597
13341,2603
13342,2335
13343,1911
13344,2345
13345,4353
13346,2072
13347,2513
13348,2716
13349,2283
13350,2302
13351,2643
13352,2380
13353,3008
13354,2461
13355,2855
13356,2646
13357,2207
13358,2628
13359,3171
13360,2471
13361,2550
13362,2197
13363,2544
13364,2467
13365,2589
13366,2753
13367,1291
13368,2116
13369,2420
13370,1902
13371,3113
13372,2355
13373,2374
13374,2205
13375,-1
13376,2551
13377,1839
13378,2057
13379,1714
13380,2488
13381,1799
13382,2112
13383,2347
13384,2048
13385,2632
13386,2394
13387,2870
13388,2517
13389,2550
13390,2496
13391,1745
13392,2476
13393,2382
13394,2372
13395,2617
13396,2407
13397,2032
13398,2976
13399,2279
13400,2771
13401,3214
13402,2146
13403,3045
13404,2471
13405,2480
13406,2327
13407,2962
13408,3512
13409,2935
13410,2177
13411,2804
13412,2142
13413,2872
13414,2876
13415,2895
13416,2490
13417,2544
13418,1782
13419,2716
13420,3126
13421,1668
13422,2173
13423,3022
13424,1970
13425,2271
13426,-1
13427,3150
13428,2351
13429,2422
13430,3165
13431,1824
13432,2744
13433,2209
13434,2501
13435,2499
13436,3265
13437,2199
13438,3007
13439,2362
13440,2446
13441,1437
13442,2640
13443,2314
13444,2166
13445,2206
13446,2869
13447,2917
13448,2275
13449,2213
13450,2165
13451,3831
13452,3124
13453,1789
13454,3107
13455,3405
13456,2893
13457,2849
13458,3839
13459,2817
13460,2612
13461,2699
13462,3156
13463,2177
13464,2453
13465,1947
13466,2637
13467,2707
13468,2853
13469,-1
13470,2462
13471,2948
13472,2207
13473,2638
13474,2406
13475,1929
13476,2421
13477,2405
13478,2594
13479,1833
13480,1768
13481,2446
13482,1255
13483,3099
13484,2626
13485,2200
13486,1912
13487,2027
13488,3025
13489,2932
13490,2573
13491,1716
13492,2272
13493,2041
13494,1960
13495,2232
13496,2500
13497,2531
13498,3035
13499,1909
13500,3003
13501,2229
13502,2928
13503,2883
13504,2680
13505,2262
13506,2720
13507,3386
13508,2830
13509,2272
13510,2592
13511,-1
13512,1777
13513,2984
13514,2655
13515,2131
13516,2361
13517,3573
13518,2988
13519,2050
13520,2112
13521,3088
13522,2284
13523,2862
13524,2503
13525,2948
13526,2535
13527,1884
13528,2237
13529,2003
13530,2836
13531,2629
13532,2584
13533,2518
13534,2324
13535,2085
13536,2404
13537,2020
13538,1970
13539,2862
13540,-1
13541,2564
13542,2505
13543,1536
13544,2508
13545,3160
13546,2135
13547,1732
13548,2523
13549,2372
13550,2169
13551,2520
13552,2778
13553,2111
13554,2753
13555,2660
13556,2761
13557,2841
13558,1920
13559,2396
13560,2969
13561,3507
13562,1562
13563,2680
13564,2828
13565,2028
13566,2748
13567,2991
13568,3087
13569,2609
13570,2381
13571,2814
13572,1877
13573,2991
13574,1998
13575,-1
13576,2235
13577,1797
13578,2391
13579,879
13580,2028
13581,2394
13582,1923
13583,2316
13584,4145
13585,2523
13586,3113
13587,2723
13588,2905
13589,2956
13590,2919
13591,2331
13592,1988
13593,2216
13594,2684
13595,2235
13596,2340
13597,2372
13598,2076
13599,2465
13600,2406
13601,2618
13602,2942
13603,3523
13604,1090
13605,2623
13606,2555
13607,-1
13608,3007
13609,3152
13610,2823
13611,2606
13612,2195
13613,2530
13614,2657
13615,2342
13616,3164
13617,2143
13618,2636
13619,2491
13620,2273
13621,2871
13622,2384
13623,2952
13624,2603
13625,2495
13626,2307
13627,2667
13628,1707
13629,2139
13630,2380
13631,1758
13632,2655
13633,3116
13634,3059
13635,2664
13636,2835
13637,3126
13638,2460
13639,2307
13640,2355
13641,2661
13642,1501
13643,2653
13644,2037
13645,2366
13646,-1
13647,2292
13648,2357
13649,2666
13650,2908
13651,2157
13652,1916
13653,2392
13654,1833
13655,2627
13656,1854
13657,2333
13658,2389
13659,2481
13660,2278
13661,2837
13662,1578
13663,2976
13664,2811
13665,2529
13666,2181
13667,1775
13668,2428
13669,2569
13670,1798
13671,2659
13672,3087
13673,2856
13674,2133
13675,2679
13676,2375
13677,2349
13678,2524
13679,2879
13680,2383
13681,2267
13682,2209
13683,2721
13684,2675
13685,2380
13686,3051
13687,2350
13688,2176
13689,2264
13690,3061
13691,2873
13692,2471
13693,2697
13694,2921
13695,2546
13696,2474
13697,3122
13698,1848
13699,2366
13700,2775
13701,2730
13702,2105
13703,2207
13704,2493
13705,2113
13706,2593
13707,2224
13708,2164
13709,1396
13710,2356
13711,3132
13712,2825
13713,1664
13714,2236
13715,2503
13716,2127
13717,3105
13718,2508
13719,2344
13720,1378
13721,2166
13722,1401
13723,2415
13724,3836
13725,2624
13726,2624
13727,2287
13728,2693
13729,2565
13730,2409
13731,2802
13732,2307
13733,2472
13734,2354
13735,2466
13736,2966
13737,2354
13738,2301
13739,2262
13740,2216
13741,2275
13742,2768
13743,3370
13744,2996
13745,2408
13746,2382
13747,1946
13748,2808
13749,3447
13750,1602
13751,2261
13752,3331
13753,2283
13754,2305
13755,2032
13756,2895
13757,2104
13758,1878
13759,2694
13760,2832
13761,2635
13762,1991
13763,2491
13764,3139
13765,1923
13766,2316
13767,2595
13768,2233
13769,3317
13770,2693
13771,2721
13772,2482
13773,3154
13774,1648
13775,1778
13776,-1
13777,2630
13778,2119
13779,3048
13780,2545
13781,2772
13782,3260
13783,-1
13784,2566
13785,3076
13786,2008
13787,2637
13788,1477
13789,1924
13790,2376
13791,2745
13792,2743
13793,2169
13794,2264
13795,2719
13796,2257
13797,3102
13798,2326
13799,2161
13800,2219
13801,2390
13802,3021
13803,3752
13804,3330
13805,2766
13806,2411
13807,2922
13808,2190
13809,1773
13810,2423
13811,2161
13812,2725
13813,2521
13814,2293
13815,-1
13816,-1
13817,2290
13818,3304
13819,3098
13820,2365
13821,2557
13822,3076
13823,2456
13824,2015
13825,-1
13826,2610
13827,2355
13828,2460
13829,2552
13830,3076
13831,2706
13832,2497
13833,2240
13834,2594
13835,3039
13836,2474
13837,2707
13838,2665
13839,2595
13840,3036
13841,2466
13842,2384
13843,2569
13844,2224
13845,2551
13846,2612
13847,2227
13848,1917
13849,2452
13850,934
13851,2750
13852,2339
13853,2085
13854,2373
13855,2424
13856,2268
13857,2193
13858,2609
13859,3398
13860,2156
13861,2551
13862,2238
13863,2240
13864,2546
13865,2264
13866,2203
13867,1947
13868,2275
13869,2472
13870,2761
13871,2407
13872,2500
13873,2619
13874,2224
13875,2131
13876,1919
13877,2337
13878,2266
13879,2162
13880,2914
13881,3283
13882,2190
13883,2354
13884,2990
13885,2057
13886,2524
13887,2721
13888,2719
13889,2766
13890,2492
13891,2249
13892,2455
13893,3401
13894,2239
13895,2091
13896,2628
13897,2144
13898,2104
13899,2869
13900,2514
13901,1979
13902,2301
13903,3155
13904,2336
13905,2287
13906,2213
13907,2988
13908,2304
13909,1466
13910,2789
13911,-1
13912,2575
13913,3481
13914,1877
13915,2367
13916,3259
13917,2641
13918,3265
13919,2391
13920,2515
13921,2316
13922,2538
13923,2303
13924,2630
13925,2869
13926,3094
13927,2167
13928,2236
13929,2604
13930,2572
13931,2975
13932,2729
13933,2496
13934,2102
13935,2332
13936,2847
13937,2412
13938,1933
13939,2563
13940,2524
13941,2168
13942,2408
13943,2120
13944,2547
13945,2839
13946,2074
13947,2529
13948,2428
13949,2432
13950,2738
13951,2464
13952,3091
13953,2547
13954,2336
13955,2926
13956,-1
13957,2946
13958,2421
13959,3789
13960,2879
13961,3596
13962,3225
13963,3191
13964,2429
13965,2974
13966,2563
13967,1893
13968,2434
13969,2826
13970,1696
13971,2548
13972,3018
13973,2104
13974,3377
13975,2224
13976,2735
13977,1931
13978,3354
13979,1717
13980,2439
13981,1923
13982,2248
13983,2000
13984,2475
13985,3635
13986,2918
13987,3389
13988,2548
13989,-1
13990,2203
13991,2737
13992,2315
13993,2309
13994,2336
13995,3774
13996,2389
13997,3146
13998,2559
13999,2750
14000,3127
14001,2593
14002,-1
14003,2344
14004,2705
14005,1311
14006,1235
14007,2975
14008,2673
14009,2456
14010,2830
14011,2216
14012,2561
14013,2248
14014,2333
14015,3201
14016,1784
14017,2476
14018,1900
14019,2472
14020,2595
14021,3031
14022,2819
14023,2613
14024,2339
14025,1694
14026,2702
14027,2899
14028,2092
14029,2748
14030,3110
14031,1968
14032,3018
14033,2312
14034,3058
14035,2451
14036,2496
14037,2038
14038,-1
14039,1996
14040,2836
14041,2777
14042,2128
14043,2605
14044,2601
14045,2949
14046,2393
14047,3006
14048,2895
14049,3280
14050,2402
14051,1968
14052,2966
14053,2130
14054,2571
14055,3304
14056,2602
14057,3417
14058,2566
14059,1306
14060,2964
14061,2486
14062,2368
14063,2607
14064,2427
14065,2841
14066,2506
14067,2634
14068,2949
14069,3456
14070,1822
14071,2275
14072,3167
14073,2973
14074,2598
14075,-1
14076,2729
14077,2781
14078,2326
14079,2696
14080,2393
14081,2440
14082,1798
14083,3099
14084,1923
14085,2393
14086,2686
14087,2332
14088,3094
14089,4156
14090,2149
14091,2290
14092,2096
14093,2866
14094,2437
14095,2781
14096,-1
14097,2391
14098,3079
14099,2294
14100,1801
14101,2182
14102,3251
14103,2868
14104,1982
14105,2632
14106,2878
14107,2338
14108,2159
14109,-1
14110,1722
14111,1924
14112,2799
14113,2332
14114,2663
14115,2352
14116,2695
14117,-1
14118,2116
14119,2380
14120,2213
14121,2432
14122,2187
14123,2189
14124,3253
14125,2585
14126,3058
14127,2036
14128,2946
14129,1798
14130,1742
14131,2783
14132,3118
14133,2466
14134,2443
14135,2139
14136,2265
14137,2884
14138,1674
14139,1934
14140,2983
14141,2243
14142,2510
14143,2959
14144,2208
14145,1805
14146,1905
14147,2113
14148,2255
14149,1533
14150,1630
14151,2554
14152,2526
14153,2949
14154,2476
14155,1776
14156,2409
14157,2301
14158,2308
14159,2085
14160,2670
14161,2591
14162,2522
14163,2930
14164,2745
14165,3207
14166,2472
14167,2506
14168,2479
14169,2284
14170,1695
14171,2508
14172,2326
14173,2199
14174,2195
14175,2569
14176,2719
14177,2507
14178,2281
14179,2690
14180,2103
14181,2862
14182,2745
14183,2397
14184,2651
14185,2806
14186,2711
14187,1924
14188,2746
14189,2250
14190,2393
14191,2377
14192,2762
14193,2866
14194,2784
14195,1884
14196,3389
14197,2126
14198,2839
14199,2689
14200,2319
14201,2571
14202,2640
14203,2330
14204,3004
14205,2880
14206,1078
14207,2477
14208,2838
14209,1854
14210,2443
14211,3205
14212,2457
14213,2384
14214,1895
14215,2107
14216,1873
14217,1887
14218,2795
14219,2597
14220,2507
14221,2232
14222,3135
14223,3119
14224,2576
14225,1963
14226,2582
14227,2191
14228,3010
14229,3154
14230,2937
14231,2457
14232,3121
14233,2134
14234,2140
14235,2445
14236,1993
14237,2963
14238,3080
14239,2470
14240,2625
14241,3321
14242,2072
14243,2453
14244,3078
14245,1879
14246,2070
14247,2255
14248,2582
14249,2665
14250,2992
14251,3163
14252,2744
14253,1965
14254,2639
14255,2600
14256,2794
14257,1952
14258,3801
14259,2628
14260,2858
14261,2456
14262,2557
14263,1910
14264,2822
14265,3055
14266,1796
14267,2229
14268,2374
14269,3134
14270,2491
14271,2579
14272,2652
14273,2375
14274,2112
14275,3091
14276,1850
14277,2831
14278,2803
14279,3439
14280,2546
14281,1982
14282,2192
14283,2650
14284,2947
14285,1324
14286,2102
14287,1380
14288,2449
14289,2143
14290,2271
14291,3082
14292,2526
14293,2575
14294,2462
14295,1930
14296,2920
14297,2519
14298,2363
14299,3742
14300,2550
14301,2681
14302,1821
14303,2610
14304,2369
14305,2399
14306,2395
14307,1450
14308,1808
14309,2279
14310,2298
14311,2748
14312,2630
14313,2465
14314,3374
14315,2947
14316,2157
14317,2753
14318,2681
14319,2549
14320,1982
14321,2584
14322,2009
14323,3011
14324,1791
14325,2921
14326,2646
14327,2825
14328,2986
14329,3308
14330,2704
14331,2803
14332,3014
14333,2459
14334,2133
14335,2818
14336,2085
14337,2445
14338,2604
14339,2470
14340,2262
14341,2476
14342,2701
14343,2976
14344,1968
14345,1831
14346,2530
14347,1794
14348,2533
14349,2676
14350,2659
14351,2603
14352,2696
14353,2235
14354,2683
14355,2533
14356,2724
14357,-1
14358,2789
14359,1897
14360,2712
14361,2224
14362,3114
14363,2149
14364,1850
14365,3019
14366,2731
14367,2454
14368,2366
14369,2072
14370,3178
14371,1846
14372,3444
14373,1963
14374,1056
14375,2316
14376,3088
14377,2231
14378,2653
14379,2960
14380,3474
14381,-1
14382,1464
14383,1948
14384,2675
14385,1789
14386,2946
14387,2225
14388,2726
14389,2612
14390,3043
14391,2333
14392,2317
14393,2516
14394,2550
14395,2127
14396,2110
14397,2462
14398,2604
14399,1677
14400,1775
14401,2711
14402,2388
14403,2144
14404,2226
14405,3139
14406,1726
14407,1864
14408,2069
14409,2493
14410,2360
14411,2849
14412,2556
14413,1986
14414,2573
14415,3108
14416,2559
14417,3149
14418,2291
14419,2354
14420,3136
14421,2009
14422,2526
14423,2775
14424,2588
14425,2260
14426,2370
14427,2109
14428,2010
14429,2388
14430,2857
14431,2458
14432,2282
14433,2238
14434,2206
14435,2527
14436,2703
14437,2685
14438,2725
14439,2500
14440,2187
14441,2520
14442,2369
14443,2234
14444,2419
14445,2332
14446,2342
14447,2396
14448,3079
14449,2376
14450,2232
14451,2842
14452,2635
14453,2325
14454,2453
14455,2575
14456,2451
14457,2392
14458,1866
14459,2873
14460,2370
14461,2187
14462,2995
14463,2572
14464,2579
14465,2439
14466,2674
14467,2945
14468,3288
14469,3589
14470,1715
14471,-1
14472,2787
14473,2618
14474,2370
14475,2922
14476,2598
14477,2343
14478,2793
14479,1840
14480,2563
14481,1936
14482,2352
14483,2513
14484,3233
14485,2990
14486,2646
14487,2688
14488,2553
14489,2430
14490,2240
14491,2053
14492,2407
14493,2214
14494,2341
14495,2351
14496,-1
14497,2649
14498,2823
14499,2570
14500,2766
14501,2174
14502,3226
14503,1688
14504,1990
14505,3394
14506,2935
14507,2612
14508,2731
14509,2568
14510,3248
14511,2493
14512,2707
14513,1843
14514,2775
14515,3607
14516,2848
14517,2136
14518,2392
14519,1764
14520,2481
14521,2274
14522,3075
14523,3026
14524,2186
14525,1939
14526,3008
14527,3131
14528,2835
14529,2177
14530,2567
14531,2589
14532,2740
14533,2798
14534,1641
14535,2022
14536,3014
14537,2723
14538,2373
14539,2671
14540,2196
14541,2186
14542,1657
14543,3361
14544,2071
14545,3370
14546,2206
14547,1964
14548,2297
14549,-1
14550,3328
14551,2811
14552,2427
14553,2509
14554,2231
14555,2200
14556,1140
14557,2447
14558,2459
14559,2909
14560,1953
14561,3053
14562,2762
14563,2585
14564,1942
14565,3339
14566,2482
14567,2641
14568,2328
14569,1992
14570,2341
14571,2676
14572,-1
14573,3871
14574,2634
14575,2806
14576,2506
14577,2052
14578,2774
14579,2725
14580,2422
14581,2312
14582,2586
14583,2228
14584,2290
14585,2223
14586,2161
14587,3022
14588,2347
14589,2248
14590,2649
14591,2190
14592,2566
14593,2333
14594,2553
14595,3175
14596,2772
14597,3012
14598,2363
14599,2901
14600,3182
14601,2476
14602,2563
14603,2809
14604,1744
14605,2708
14606,1908
14607,2474
14608,2408
14609,2627
14610,2918
14611,3848
14612,2631
14613,2731
14614,2406
14615,1872
14616,2460
14617,2430
14618,2535
14619,2660
14620,2671
14621,2589
14622,2798
14623,1458
14624,2339
14625,2330
14626,2077
14627,2445
14628,2455
14629,2866
14630,2244
14631,1967
14632,2467
14633,2485
14634,2451
14635,2490
14636,1851
14637,2258
14638,2693
14639,2057
14640,2859
14641,2670
14642,2452
14643,2497
14644,2845
14645,2142
14646,-1
14647,2063
14648,2563
14649,2955
14650,2564
14651,2978
14652,2640
14653,2927
14654,2500
14655,2319
14656,3259
14657,2865
14658,2452
14659,2797
14660,1983
14661,2932
14662,2683
14663,2480
14664,2352
14665,3068
14666,2072
14667,1622
14668,1696
14669,3049
14670,2736
14671,1940
14672,1883
14673,2973
14674,2858
14675,2055
14676,1977
14677,2498
14678,2846
14679,2410
14680,2635
14681,2095
14682,2335
14683,1601
14684,2548
14685,2562
14686,1777
14687,2879
14688,2500
14689,2153
14690,2304
14691,2205
14692,2311
14693,4511
14694,2223
14695,2983
14696,2049
14697,2475
14698,2225
14699,2295
14700,2451
14701,1841
14702,2501
14703,2264
14704,-1
14705,2409
14706,-1
14707,1043
14708,2587
14709,2098
14710,2307
14711,1560
14712,3014
14713,2584
14714,2500
14715,1718
14716,1878
14717,2492
14718,2832
14719,1566
14720,2598
14721,2623
14722,2514
14723,1373
14724,2074
14725,2584
14726,2547
14727,1801
14728,1262
14729,2588
14730,2968
14731,3863
14732,1999
14733,2316
14734,2385
14735,3275
14736,1428
14737,2752
14738,3187
14739,2231
14740,3185
14741,2972
14742,2698
14743,2423
14744,2259
14745,2738
14746,2168
14747,3108
14748,1674
14749,2074
14750,2741
14751,2709
14752,3205
14753,2606
14754,3057
14755,2773
14756,2495
14757,2764
14758,2577
14759,2247
14760,3367
14761,3010
14762,2956
14763,2827
14764,2130
14765,2391
14766,2642
14767,2227
14768,3810
14769,2797
14770,2226
14771,1981
14772,2521
14773,1937
14774,2295
14775,2273
14776,1845
14777,2386
14778,1769
14779,2145
14780,3403
14781,2570
14782,1807
14783,2528
14784,2019
14785,956
14786,2333
14787,2754
14788,2456
14789,2139
14790,2512
14791,1629
14792,3092
14793,1773
14794,2631
14795,2131
14796,2722
14797,2972
14798,2575
14799,2810
14800,2576
14801,1916
14802,3069
14803,2735
14804,2074
14805,2959
14806,2526
14807,1959
14808,2509
14809,2026
14810,2846
14811,2228
14812,2011
14813,3076
14814,3337
14815,3208
14816,2865
14817,2693
14818,2674
14819,2413
14820,2547
14821,2513
14822,2353
14823,2356
14824,2423
14825,2677
14826,2308
14827,2521
14828,2756
14829,1584
14830,-1
14831,2672
14832,2717
14833,2477
14834,2416
14835,1336
14836,2960
14837,1283
14838,1494
14839,2855
14840,2748
14841,2455
14842,2525
14843,2185
14844,2705
14845,1800
14846,2840
14847,-1
14848,2800
14849,1935
14850,1908
14851,2788
14852,2696
14853,2579
14854,2871
14855,2378
14856,3183
14857,2898
14858,2304
14859,2759
14860,2585
14861,1988
14862,2852
14863,2928
14864,2223
14865,2288
14866,1764
14867,2066
14868,2935
14869,3365
14870,2750
14871,2783
14872,3705
14873,2118
14874,2336
14875,2196
14876,2447
14877,2754
14878,3394
14879,2489
14880,2248
14881,2529
14882,2576
14883,2019
14884,3011
14885,2427
14886,2763
14887,1990
14888,2381
14889,2889
14890,2303
14891,2473
14892,2504
14893,3042
14894,2206
14895,2444
14896,3106
14897,2718
14898,2251
14899,2536
14900,2161
14901,2508
14902,1675
14903,2066
14904,2901
14905,3529
14906,2049
14907,-1
14908,2137
14909,2139
14910,3368
14911,2792
14912,2798
14913,2362
14914,2518
14915,2562
14916,2476
14917,2462
14918,2710
14919,2492
14920,1952
14921,2177
14922,2740
14923,2316
14924,2938
14925,2442
14926,3084
14927,2932
14928,2846
14929,2068
14930,2876
14931,2147
14932,2076
14933,2303
14934,1971
14935,3441
14936,3152
14937,1185
14938,2689
14939,2269
14940,2080
14941,2703
14942,2590
14943,1988
14944,2568
14945,2057
14946,2262
14947,2680
14948,2441
14949,2279
14950,2011
14951,3128
14952,3276
14953,-1
14954,1847
14955,2377
14956,2976
14957,2622
14958,3465
14959,2542
14960,-1
14961,2506
14962,2048
14963,1998
14964,2607
14965,1697
14966,1639
14967,2123
14968,2330
14969,-1
14970,2982
14971,2531
14972,2853
14973,2793
14974,2891
14975,2628
14976,2227
14977,2123
14978,2531
14979,1866
14980,2773
14981,3559
14982,2304
14983,1567
14984,2457
14985,3110
14986,2538
14987,2579
14988,2790
14989,1776
14990,2402
14991,2484
14992,3730
14993,1704
14994,2099
14995,2822
14996,1867
14997,3873
14998,2599
14999,3195
15000,2325
15001,2779
15002,2610
15003,2847
15004,3086
15005,2198
15006,3099
15007,2423
15008,3372
15009,3051
15010,2577
15011,2338
15012,3078
15013,-1
15014,2897
15015,2472
15016,1587
15017,2724
15018,2897
15019,2459
15020,1363
15021,-1
15022,2210
15023,2315
15024,2787
15025,2658
15026,2492
15027,2324
15028,2455
15029,2848
15030,2275
15031,2813
15032,2476
15033,2763
15034,2313
15035,1473
15036,2365
15037,1841
15038,2260
15039,2297
15040,2422
15041,2586
15042,1712
15043,2127
15044,2597
15045,2238
15046,2675
15047,2489
15048,3057
15049,2418
15050,2978
15051,2521
15052,2473
15053,2042
15054,2170
15055,1816
15056,2446
15057,1983
15058,2283
15059,3051
15060,3025
15061,2657
15062,3088
15063,3572
15064,2288
15065,2474
15066,3001
15067,2148
15068,1763
15069,2573
15070,2260
15071,2529
15072,2698
15073,3057
15074,2473
15075,1045
15076,827
15077,2928
15078,2703
15079,2380
15080,2950
15081,2394
15082,2119
15083,1327
15084,2374
15085,2692
15086,2442
15087,2573
15088,1682
15089,2769
15090,2543
15091,2285
15092,2298
15093,2555
15094,1754
15095,2360
15096,2572
15097,2723
15098,3067
15099,2648
15100,2800
15101,3488
15102,3329
15103,3621
15104,3036
15105,2391
15106,1861
15107,3087
15108,-1
15109,2767
15110,2753
15111,-1
15112,2300
15113,2197
15114,2785
15115,3319
15116,2240
15117,1803
15118,1968
15119,2480
15120,2905
15121,2496
15122,1883
15123,2337
15124,1661
15125,2612
15126,1367
15127,2315
15128,2215
15129,1710
15130,2311
15131,2383
15132,2571
15133,2852
15134,1536
15135,3077
15136,2245
15137,2082
15138,2165
15139,2148
15140,3143
15141,2587
15142,2292
15143,3527
15144,2890
15145,2737
15146,2563
15147,3142
15148,-1
15149,2382
15150,2205
15151,2790
15152,2269
15153,2806
15154,2617
15155,2697
15156,2255
15157,2016
15158,1240
15159,3330
15160,2984
15161,2131
15162,2720
15163,3152
15164,1921
15165,2714
15166,3305
15167,3034
15168,2751
15169,2270
15170,1788
15171,2968
15172,2273
15173,2271
15174,2040
15175,2577
15176,1591
15177,2540
15178,3045
15179,2922
15180,2607
15181,1978
15182,1834
15183,2111
15184,2497
15185,2376
15186,2218
15187,2504
15188,2195
15189,3508
15190,2691
15191,2960
15192,2873
15193,2366
15194,2449
15195,3185
15196,2474
15197,2441
15198,2647
15199,2071
15200,2586
15201,2390
15202,2277
15203,2589
15204,2908
15205,2776
15206,2945
15207,2743
15208,2878
15209,2904
15210,2256
15211,2850
15212,2534
15213,2167
15214,3243
15215,2628
15216,2287
15217,3400
15218,1954
15219,2252
15220,2593
15221,2208
15222,2983
15223,2300
15224,2356
15225,2582
15226,2123
15227,2120
15228,2140
15229,2384
15230,2457
15231,2214
15232,2382
15233,2202
15234,2279
15235,3191
15236,1908
15237,2949
15238,2959
15239,2519
15240,2569
15241,4666
15242,2266
15243,2051
15244,2860
15245,2956
15246,2927
15247,2280
15248,2269
15249,3461
15250,2912
15251,2697
15252,2783
15253,1897
15254,2760
15255,2606
15256,2079
15257,2482
15258,2526
15259,2467
15260,1437
15261,1913
15262,2854
15263,2619
15264,2790
15265,1995
15266,2580
15267,2831
15268,3270
15269,1864
15270,2618
15271,2999
15272,2619
15273,2512
15274,2917
15275,-1
15276,1955
15277,2458
15278,2387
15279,2386
15280,2879
15281,1812
15282,2501
15283,2449
15284,2634
15285,2593
15286,2326
15287,2427
15288,2065
15289,2734
15290,2592
15291,2471
15292,2200
15293,3030
15294,2831
15295,3646
15296,1944
15297,2335
15298,2569
15299,2630
15300,1434
15301,2836
15302,1417
15303,2820
15304,2241
15305,2170
15306,2708
15307,3036
15308,-1
15309,2739
15310,3369
15311,2063
15312,3288
15313,2225
15314,2387
15315,2796
15316,3097
15317,1071
15318,2294
15319,2175
15320,2373
15321,-1
15322,2828
15323,2272
15324,2732
15325,1521
15326,3071
15327,3131
15328,2332
15329,2170
15330,1975
15331,2765
15332,2553
15333,2546
15334,3395
15335,2885
15336,2594
15337,2399
15338,2019
15339,3079
15340,1519
15341,2679
15342,2530
15343,915
15344,2493
15345,2396
15346,3028
15347,1623
15348,3103
15349,2627
15350,2804
15351,2738
15352,2954
15353,1700
15354,2035
15355,3251
15356,-1
15357,2718
15358,2202
15359,2607
15360,2501
15361,2524
15362,2678
15363,2570
15364,1871
15365,3422
15366,2742
15367,3044
15368,1889
15369,3179
15370,2675
15371,1561
15372,2648
15373,4080
15374,-1
15375,2535
15376,2329
15377,2412
15378,2073
15379,2743
15380,2020
15381,3170
15382,3295
15383,1655
15384,657
15385,3084
15386,2945
15387,2323
15388,2895
15389,2874
15390,2645
15391,2611
15392,3018
15393,2627
15394,1962
15395,-1
15396,1953
15397,2306
15398,2550
15399,2447
15400,2355
15401,3118
15402,2600
15403,2257
15404,3531
15405,1227
15406,2069
15407,2716
15408,1541
15409,2820
15410,2450
15411,2033
15412,3231
15413,2158
15414,2541
15415,1759
15416,2548
15417,1743
15418,2539
15419,2409
15420,2730
15421,2511
15422,2904
15423,2812
15424,2917
15425,2422
15426,2545
15427,2961
15428,2742
15429,2694
15430,2399
15431,2436
15432,2245
15433,2839
15434,2228
15435,2734
15436,2482
15437,2419
15438,2616
15439,2225
15440,2367
15441,2701
15442,1990
15443,3415
15444,2396
15445,2582
15446,2278
15447,1636
15448,2621
15449,1867
15450,2355
15451,2020
15452,1482
15453,2591
15454,2436
15455,2550
15456,2936
15457,2068
15458,3523
15459,2915
15460,1726
15461,2970
15462,1591
15463,1827
15464,2542
15465,2565
15466,1475
15467,2694
15468,1972
15469,2792
15470,2608
15471,1961
15472,2873
15473,2885
15474,2628
15475,2059
15476,2144
15477,1993
15478,3547
15479,3050
15480,2974
15481,2226
15482,3335
15483,2641
15484,2108
15485,2296
15486,2713
15487,2667
15488,2203
15489,2341
15490,1904
15491,2441
15492,1782
15493,2983
15494,2485
15495,2693
15496,2297
15497,2551
15498,3211
15499,2512
15500,2951
15501,2227
15502,3321
15503,2523
15504,2632
15505,2698
15506,2515
15507,2997
15508,2517
15509,2435
15510,1965
15511,2288
15512,2605
15513,2292
15514,1553
15515,2691
15516,3121
15517,2328
15518,2045
15519,-1
15520,2044
15521,2755
15522,3643
15523,2461
15524,3111
15525,2616
15526,3067
15527,1640
15528,2665
15529,2005
15530,2848
15531,2125
15532,2465
15533,3191
15534,2840
15535,2506
15536,2031
15537,3190
15538,2565
15539,2416
15540,2645
15541,2692
15542,3459
15543,2931
15544,1654
15545,1982
15546,2630
15547,2803
15548,2362
15549,2076
15550,2724
15551,2070
15552,2486
15553,2401
15554,2280
15555,2668
15556,2528
15557,3020
15558,-1
15559,2509
15560,2625
15561,2145
15562,-1
15563,2379
15564,2074
15565,2344
15566,2499
15567,2752
15568,2434
15569,2571
15570,3300
15571,2713
15572,2535
15573,3041
15574,2875
15575,2187
15576,1978
15577,2608
15578,1983
15579,2318
15580,2496
15581,2399
15582,2312
15583,3247
15584,3064
15585,2825
15586,2096
15587,937
15588,3743
15589,2374
15590,2620
15591,2123
15592,1849
15593,2936
15594,2272
15595,2450
15596,2373
15597,2933
15598,2855
15599,2010
15600,2445
15601,2314
15602,2289
15603,2403
15604,2547
15605,2706
15606,2050
15607,2274
15608,3447
15609,2146
15610,2372
15611,2868
15612,2624
15613,2197
15614,2726
15615,2875
15616,2789
15617,2627
15618,2786
15619,2709
15620,2243
15621,1578
15622,1909
15623,2665
15624,2728
15625,2628
15626,2694
15627,2729
15628,2303
15629,2977
15630,2464
15631,2631
15632,2587
15633,3097
15634,1635
15635,2529
15636,2548
15637,3230
15638,2670
15639,2823
15640,2503
15641,2356
15642,-1
15643,2793
15644,2131
15645,2106
15646,2582
15647,2399
15648,3458
15649,2691
15650,2285
15651,2226
15652,1956
15653,2446
15654,3219
15655,2956
15656,1923
15657,3096
15658,1975
15659,2070
15660,2513
15661,-1
15662,2060
15663,2153
15664,3374
15665,3326
15666,1465
15667,2093
15668,2483
15669,2429
15670,2827
15671,2056
15672,3046
15673,2525
15674,-1
15675,2660
15676,2327
15677,2088
15678,1867
15679,2644
15680,2282
15681,2955
15682,2889
15683,2829
15684,1835
15685,-1
15686,2354
15687,2235
15688,2684
15689,2648
15690,3253
15691,2468
15692,-1
15693,2427
15694,2578
15695,2761
15696,3479
15697,2101
15698,3156
15699,2493
15700,1955
15701,2398
15702,1890
15703,2738
15704,1850
15705,2832
15706,2747
15707,2932
15708,3080
15709,2122
15710,2867
15711,2643
15712,2530
15713,1557
15714,2507
15715,2127
15716,2358
15717,1257
15718,2214
15719,2746
15720,1949
15721,2543
15722,2152
15723,-1
15724,2686
15725,-1
15726,3008
15727,2323
15728,2441
15729,2115
15730,2155
15731,2434
15732,2731
15733,2488
15734,2469
15735,2716
15736,2365
15737,2308
15738,3290
15739,2932
15740,2545
15741,3135
15742,2434
15743,2275
15744,3173
15745,3170
15746,1956
15747,2702
15748,2659
15749,2280
15750,3792
15751,2150
15752,2395
15753,2373
15754,2833
15755,1629
15756,2604
15757,2213
15758,2489
15759,2519
15760,2339
15761,2641
15762,1842
15763,2555
15764,1655
15765,2490
15766,2119
15767,2189
15768,2691
15769,2248
15770,2606
15771,2736
15772,3173
15773,2574
15774,2480
15775,2848
15776,2179
15777,2644
15778,2610
15779,2145
15780,2445
15781,2616
15782,2769
15783,2681
15784,2662
15785,2337
15786,680
15787,2424
15788,963
15789,2019
15790,2993
15791,-1
15792,1973
15793,2404
15794,2427
15795,2276
15796,2408
15797,2705
15798,2892
15799,2360
15800,2698
15801,2327
15802,2882
15803,2139
15804,2320
15805,2312
15806,2933
15807,2061
15808,2786
15809,1503
15810,2733
15811,3068
15812,3126
15813,1522
15814,3593
15815,2291
15816,2941
15817,2028
15818,2637
15819,2769
15820,2460
15821,2609
15822,2674
15823,2362
15824,2547
15825,2201
15826,3147
15827,2666
15828,2446
15829,2573
15830,2761
15831,2472
15832,2666
15833,2808
15834,2773
15835,2272
15836,2291
15837,2844
15838,1550
15839,2484
15840,2470
15841,2333
15842,3083
15843,2070
15844,2717
15845,2854
15846,2375
15847,2968
15848,2488
15849,2580
15850,2800
15851,3009
15852,2958
15853,2961
15854,1702
15855,-1
15856,1438
15857,2163
15858,2707
15859,2826
15860,2807
15861,2423
15862,2977
15863,2672
15864,3277
15865,1465
15866,2670
15867,2446
15868,2898
15869,3064
15870,2793
15871,3097
15872,2421
15873,2010
15874,1953
15875,2361
15876,3595
15877,2114
15878,2585
15879,2266
15880,2302
15881,2130
15882,2483
15883,3192
15884,1371
15885,2801
15886,2252
15887,3149
15888,2316
15889,2885
15890,2207
15891,3117
15892,2703
15893,2638
15894,2524
15895,2659
15896,2697
15897,2766
15898,2286
15899,2655
15900,2611
15901,2445
15902,2489
15903,2442
15904,2087
15905,2340
15906,2263
15907,2658
15908,2230
15909,2056
15910,1969
15911,3110
15912,2660
15913,2300
15914,2272
15915,1883
15916,2670
15917,3539
15918,2291
15919,1970
15920,3110
15921,2427
15922,1771
15923,2256
15924,2037
15925,2972
15926,2369
15927,2362
15928,2544
15929,2620
15930,2460
15931,2545
15932,2668
15933,2028
15934,3223
15935,1849
15936,2853
15937,2030
15938,2690
15939,2334
15940,1902
15941,2290
15942,2015
15943,2546
15944,2367
15945,3067
15946,2417
15947,1979
15948,2925
15949,2467
15950,3166
15951,1813
15952,2179
15953,2887
15954,2438
15955,2407
15956,2171
15957,2798
15958,2721
15959,3209
15960,3023
15961,3347
15962,2322
15963,2373
15964,2612
15965,2710
15966,2352
15967,2001
15968,2251
15969,2298
15970,2156
15971,2400
15972,2853
15973,2697
15974,3469
15975,2294
15976,2743
15977,2489
15978,2211
15979,3259
15980,2319
15981,2905
15982,2375
15983,2580
15984,2381
15985,2236
15986,2935
15987,2948
15988,2272
15989,3770
15990,2659
15991,2784
15992,2618
15993,1819
15994,2436
15995,3037
15996,2503
15997,2296
15998,2333
15999,2875
