node,distance
0,0
1,2816
2,-1
3,2440
4,2680
5,2056
6,1965
7,2821
8,2649
9,2355
10,3083
11,3125
12,2863
13,3159
14,1316
15,2697
16,2904
17,1982
18,2758
19,2570
20,2572
21,2534
22,2399
23,3002
24,2317
25,2681
26,2498
27,2266
28,1923
29,2115
30,2552
31,2365
32,2874
33,3040
34,3142
35,2454
36,2171
37,2078
38,2374
39,2553
40,2739
41,2566
42,2368
43,2022
44,2467
45,311
46,2726
47,2687
48,1987
49,2621
50,802
51,3184
52,2939
53,2810
54,2027
55,3062
56,2148
57,2618
58,2429
59,2132
60,1928
61,2044
62,-1
63,2537
64,3172
65,3347
66,2851
67,3112
68,1967
69,1100
70,1542
71,2406
72,2612
73,1691
74,2401
75,2585
76,2679
77,3413
78,3539
79,2783
80,2080
81,2298
82,2779
83,1883
84,2908
85,2349
86,1511
87,3870
88,3061
89,2848
90,2228
91,2473
92,2616
93,2958
94,3295
95,2455
96,2597
97,2350
98,2423
99,2393
100,2197
101,1978
102,2664
103,3052
104,2599
105,2230
106,3173
107,1618
108,2994
109,2481
110,2770
111,2217
112,2455
113,2477
114,2694
115,2481
116,-1
117,2864
118,2264
119,3168
120,1932
121,2851
122,3044
123,2792
124,3634
125,2141
126,2803
127,2010
128,2048
129,3215
130,3484
131,2394
132,2423
133,2818
134,3036
135,2020
136,2361
137,3150
138,2057
139,2713
140,2402
141,2096
142,2828
143,2362
144,2410
145,2279
146,2430
147,1416
148,2832
149,2287
150,2762
151,1838
152,2348
153,2795
154,3424
155,2670
156,2603
157,2934
158,2140
159,2337
160,2831
161,2325
162,2966
163,2724
164,2304
165,3166
166,2990
167,2202
168,2049
169,3213
170,-1
171,3180
172,2273
173,2503
174,3093
175,2673
176,2310
177,1733
178,3158
179,2525
180,2175
181,2176
182,2806
183,3514
184,2936
185,2760
186,2419
187,3159
188,2269
189,2886
190,2157
191,2890
192,2407
193,3119
194,1386
195,2483
196,2860
197,3124
198,1867
199,1765
200,2913
201,2653
202,2449
203,2623
204,2722
205,3420
206,-1
207,2731
208,3216
209,2806
210,2587
211,2992
212,2231
213,2556
214,2197
215,2959
216,2100
217,2664
218,2834
219,3124
220,3455
221,2780
222,2497
223,2530
224,2154
225,2581
226,2673
227,2104
228,2525
229,2793
230,3533
231,2787
232,2486
233,2557
234,2528
235,3085
236,2732
237,2843
238,3020
239,3101
240,2245
241,2108
242,2785
243,2794
244,2301
245,2892
246,1466
247,2918
248,2870
249,2142
250,2529
251,2691
252,2036
253,3403
254,2253
255,3141
256,2655
257,2199
258,2575
259,2408
260,3158
261,2815
262,2929
263,3020
264,3193
265,3073
266,1707
267,2331
268,2924
269,2933
270,2483
271,2149
272,2478
273,2185
274,2894
275,2560
276,3042
277,2424
278,3273
279,2510
280,2590
281,2400
282,2151
283,2560
284,2829
285,2037
286,2559
287,3010
288,3342
289,2383
290,2689
291,2696
292,2735
293,2586
294,3197
295,2674
296,1554
297,3513
298,3038
299,2565
300,2620
301,2609
302,2217
303,3090
304,2666
305,2222
306,2011
307,2388
308,2602
309,2353
310,2468
311,2830
312,2935
313,3314
314,2420
315,-1
316,2991
317,2156
318,-1
319,1885
320,2320
321,2744
322,1958
323,3061
324,2519
325,3168
326,2687
327,2436
328,2763
329,2261
330,2191
331,3103
332,2719
333,2550
334,-1
335,-1
336,3493
337,1854
338,3040
339,2463
340,2646
341,2414
342,3483
343,3091
344,2559
345,2309
346,2505
347,2560
348,3329
349,2517
350,1119
351,2871
352,2912
353,3013
354,2582
355,3787
356,2906
357,1867
358,2775
359,2265
360,2693
361,2666
362,2458
363,3118
364,-1
365,2893
366,2758
367,2089
368,2964
369,2174
370,2903
371,2162
372,2155
373,2693
374,2777
375,2640
376,3071
377,2967
378,2734
379,2151
380,2324
381,2726
382,2578
383,3505
384,2236
385,2661
386,1872
387,2825
388,2155
389,2424
390,2255
391,3353
392,2784
393,3048
394,2547
395,3047
396,3110
397,2350
398,2377
399,2633
400,2921
401,-1
402,3242
403,2842
404,1939
405,2235
406,2122
407,1698
408,2099
409,3483
410,2703
411,2240
412,2572
413,2827
414,3116
415,2212
416,3026
417,3449
418,2508
419,2257
420,2565
421,2889
422,2529
423,2531
424,2520
425,2230
426,2151
427,2850
428,2565
429,2070
430,2923
431,3440
432,1591
433,2540
434,3085
435,2401
436,2444
437,2931
438,2283
439,2786
440,2816
441,2456
442,2143
443,2669
444,2491
445,2409
446,2280
447,2792
448,2753
449,3275
450,1717
451,3026
452,3149
453,1957
454,2753
455,2234
456,4196
457,2785
458,2471
459,3056
460,2703
461,3300
462,3514
463,2957
464,2618
465,2763
466,2466
467,2979
468,2154
469,1916
470,2669
471,3265
472,2162
473,3071
474,2478
475,2121
476,2878
477,2868
478,2768
479,2998
480,2465
481,2754
482,2202
483,2609
484,2779
485,1925
486,2523
487,2263
488,2906
489,3240
490,3097
491,3174
492,3283
493,2825
494,2902
495,3292
496,2344
497,-1
498,2966
499,2973
500,2237
501,1810
502,1006
503,3197
504,3168
505,2441
506,3314
507,2286
508,2895
509,2763
510,1512
511,2785
512,2639
513,2602
514,2478
515,3066
516,2890
517,2288
518,1805
519,1713
520,2320
521,2472
522,2127
523,2280
524,2157
525,2595
526,2958
527,2486
528,2057
529,2874
530,2821
531,2700
532,2251
533,2984
534,2784
535,-1
536,-1
537,2164
538,2763
539,1975
540,2245
541,2684
542,2604
543,2400
544,2813
545,2500
546,1659
547,2551
548,2861
549,2891
550,2643
551,3486
552,2878
553,2593
554,2177
555,2413
556,2278
557,2683
558,2313
559,2830
560,2412
561,1948
562,2140
563,3793
564,2825
565,2416
566,2604
567,2710
568,-1
569,2479
570,2535
571,3072
572,2231
573,2159
574,2186
575,2199
576,3159
577,2944
578,3292
579,2521
580,2464
581,2068
582,2469
583,2247
584,2992
585,2532
586,1777
587,2392
588,3149
589,2596
590,2606
591,3156
592,3261
593,2925
594,2124
595,2341
596,2362
597,3106
598,2187
599,2878
600,3201
601,3603
602,2591
603,2951
604,2278
605,3650
606,2715
607,2867
608,2753
609,2503
610,2962
611,2213
612,2334
613,3011
614,2134
615,2577
616,2327
617,3150
618,2524
619,2838
620,-1
621,2829
622,2816
623,2582
624,2995
625,2063
626,2568
627,2865
628,2781
629,2567
630,2088
631,2214
632,2412
633,2643
634,2214
635,2448
636,2494
637,3131
638,2754
639,2535
640,2277
641,2702
642,4079
643,1876
644,2755
645,2321
646,2595
647,3379
648,2619
649,1142
650,2546
651,3492
652,2387
653,2977
654,3613
655,2578
656,2723
657,2453
658,2288
659,2408
660,2452
661,2508
662,3318
663,1803
664,2604
665,2644
666,2409
667,2541
668,2541
669,2877
670,2802
671,3338
672,3689
673,2138
674,2772
675,2588
676,2969
677,2163
678,1795
679,2776
680,3545
681,2764
682,2583
683,-1
684,3133
685,2587
686,2413
687,3115
688,2781
689,2174
690,1913
691,1913
692,2318
693,2550
694,2855
695,2772
696,2518
697,3161
698,3458
699,3150
700,3072
701,1927
702,2708
703,2159
704,2669
705,2701
706,2489
707,3661
708,2563
709,3719
710,2902
711,1026
712,2589
713,2226
714,2751
715,3079
716,2470
717,2512
718,2139
719,2332
720,2416
721,2133
722,2680
723,3732
724,3382
725,2526
726,2755
727,2951
728,3082
729,2402
730,2353
731,3102
732,2292
733,2117
734,2915
735,2106
736,3032
737,2758
738,2465
739,2078
740,-1
741,1745
742,2409
743,2672
744,2342
745,3747
746,1952
747,2392
748,1966
749,2760
750,3953
751,2978
752,2742
753,3127
754,3331
755,3083
756,2726
757,1899
758,2567
759,2774
760,2389
761,2548
762,2288
763,2743
764,2731
765,2849
766,1865
767,3139
768,2578
769,2574
770,2729
771,2096
772,2652
773,2190
774,2940
775,2309
776,1443
777,2413
778,2286
779,2076
780,3479
781,2529
782,2075
783,4646
784,3155
785,2366
786,2691
787,2593
788,2997
789,2994
790,1865
791,2792
792,3117
793,2828
794,4140
795,2757
796,2568
797,2591
798,1988
799,1496
800,2116
801,3257
802,3075
803,2076
804,2146
805,2659
806,3411
807,2322
808,3166
809,2627
810,1644
811,2717
812,2131
813,1776
814,1813
815,2084
816,2535
817,2550
818,1867
819,2973
820,2262
821,2343
822,3540
823,2321
824,3058
825,2446
826,2845
827,2755
828,2457
829,3088
830,1898
831,2603
832,2955
833,1930
834,3178
835,2616
836,3337
837,2216
838,2574
839,2731
840,2262
841,2609
842,2403
843,3118
844,3084
845,2884
846,2493
847,1738
848,3139
849,2767
850,2878
851,2055
852,2524
853,2473
854,2986
855,3127
856,2134
857,2614
858,2476
859,2283
860,2683
861,1811
862,2472
863,1518
864,2316
865,3968
866,2140
867,3455
868,1646
869,3037
870,2552
871,3142
872,2732
873,2398
874,2212
875,2751
876,2334
877,2316
878,3124
879,3207
880,2079
881,2952
882,2862
883,2896
884,2062
885,3244
886,3148
887,2594
888,2370
889,3089
890,3155
891,1238
892,2052
893,2664
894,2537
895,2662
896,3213
897,3389
898,2461
899,1833
900,2392
901,2306
902,3138
903,2726
904,2445
905,2881
906,3217
907,2310
908,2591
909,2011
910,3190
911,2644
912,2262
913,2531
914,2241
915,2899
916,2394
917,3323
918,2780
919,2025
920,3059
921,2331
922,2029
923,3147
924,2551
925,474
926,2626
927,2734
928,2700
929,2353
930,2544
931,3182
932,3059
933,2929
934,2898
935,2298
936,3173
937,2750
938,2918
939,2761
940,2363
941,2332
942,2894
943,2781
944,2557
945,2155
946,3030
947,2641
948,2757
949,2769
950,2758
951,2093
952,2492
953,1944
954,2776
955,2637
956,2187
957,2493
958,1800
959,2324
960,2990
961,2022
962,2375
963,3320
964,2242
965,2878
966,2715
967,2085
968,2423
969,3528
970,2322
971,2578
972,2994
973,2446
974,2787
975,2435
976,2741
977,2651
978,3172
979,3043
980,1727
981,2135
982,1914
983,1082
984,2575
985,3208
986,2720
987,3013
988,2705
989,2766
990,2860
991,2437
992,2294
993,2765
994,2056
995,2497
996,2503
997,2584
998,2033
999,2722
1000,3139
1001,3250
1002,1561
1003,2137
1004,3114
1005,1629
1006,2807
1007,2538
1008,2588
1009,2584
1010,2735
1011,2265
1012,2540
1013,1382
1014,2382
1015,2952
1016,2713
1017,2453
1018,2419
1019,2868
1020,2646
1021,-1
1022,1536
1023,2303
1024,2793
1025,2562
1026,2543
1027,2650
1028,2820
1029,2766
1030,2452
1031,2805
1032,2393
1033,2157
1034,2522
1035,2292
1036,2447
1037,2054
1038,3060
1039,2810
1040,2782
1041,2826
1042,3295
1043,2546
1044,2727
1045,2837
1046,2609
1047,2125
1048,2944
1049,2738
1050,1526
1051,2777
1052,2064
1053,2711
1054,2581
1055,2412
1056,2271
1057,2870
1058,2367
1059,2754
1060,2688
1061,3080
1062,2472
1063,2616
1064,2899
1065,2233
1066,2392
1067,3256
1068,2678
1069,1985
1070,2586
1071,2546
1072,3210
1073,2421
1074,2286
1075,2884
1076,2459
1077,2883
1078,2712
1079,964
1080,1889
1081,2410
1082,2616
1083,2493
1084,2281
1085,3021
1086,2121
1087,1671
1088,3690
1089,2318
1090,2708
1091,2403
1092,2879
1093,2021
1094,2004
1095,3037
1096,1827
1097,2791
1098,2941
1099,2619
1100,2704
1101,2721
1102,2471
1103,2421
1104,2357
1105,2162
1106,2630
1107,3092
1108,2774
1109,3280
1110,2820
1111,2383
1112,1731
1113,2520
1114,3328
1115,2720
1116,2825
1117,2707
1118,2104
1119,3056
1120,2417
1121,2281
1122,2949
1123,2608
1124,2957
1125,2750
1126,2639
1127,2963
1128,2765
1129,3134
1130,2462
1131,2616
1132,2365
1133,2798
1134,2221
1135,2653
1136,3118
1137,2161
1138,2059
1139,2231
1140,3909
1141,3349
1142,2872
1143,1808
1144,2261
1145,3196
1146,2464
1147,2322
1148,2805
1149,2722
1150,3096
1151,2633
1152,2840
1153,2399
1154,1781
1155,2295
1156,3178
1157,2739
1158,3867
1159,2508
1160,2710
1161,3002
1162,2995
1163,2432
1164,1450
1165,2893
1166,3305
1167,3501
1168,1625
1169,3211
1170,2606
1171,2902
1172,2477
1173,2313
1174,2204
1175,2400
1176,3649
1177,2493
1178,2166
1179,2105
1180,2575
1181,2501
1182,2992
1183,2073
1184,2278
1185,-1
1186,2952
1187,2764
1188,1826
1189,2863
1190,2757
1191,2243
1192,2882
1193,3061
1194,3521
1195,3078
1196,2126
1197,3378
1198,2799
1199,2659
1200,1748
1201,2630
1202,3286
1203,2624
1204,2105
1205,3234
1206,2377
1207,2569
1208,3144
1209,3658
1210,1963
1211,2794
1212,2367
1213,2012
1214,3302
1215,2905
1216,2394
1217,3427
1218,2185
1219,2536
1220,3249
1221,2572
1222,1576
1223,2328
1224,1929
1225,2333
1226,2474
1227,3310
1228,2519
1229,3191
1230,2293
1231,2291
1232,2660
1233,1832
1234,3763
1235,2720
1236,2040
1237,3026
1238,1611
1239,2589
1240,3369
1241,2551
1242,2736
1243,1683
1244,2043
1245,2833
1246,3780
1247,2095
1248,2915
1249,2588
1250,3362
1251,2577
1252,2620
1253,2638
1254,2639
1255,2084
1256,2461
1257,2005
1258,3549
1259,2281
1260,2891
1261,2582
1262,2283
1263,2331
1264,3254
1265,2139
1266,3260
1267,3806
1268,2161
1269,2585
1270,1466
1271,2986
1272,1461
1273,2349
1274,2217
1275,2506
1276,2105
1277,2528
1278,2557
1279,2224
1280,2832
1281,2899
1282,3301
1283,3276
1284,2479
1285,2879
1286,2468
1287,2577
1288,3256
1289,2108
1290,3792
1291,3187
1292,2088
1293,2258
1294,2286
1295,2791
1296,-1
1297,2554
1298,2399
1299,2310
1300,2433
1301,2722
1302,2191
1303,2612
1304,2011
1305,2218
1306,2987
1307,2318
1308,3076
1309,2505
1310,2805
1311,2828
1312,2557
1313,2404
1314,1838
1315,3071
1316,3076
1317,2755
1318,3714
1319,3006
1320,2605
1321,2075
1322,3015
1323,2778
1324,2267
1325,3409
1326,3273
1327,3024
1328,2416
1329,2310
1330,570
1331,2810
1332,2258
1333,2937
1334,2296
1335,2504
1336,2004
1337,2809
1338,2418
1339,2547
1340,3181
1341,2428
1342,2071
1343,2869
1344,2398
1345,2390
1346,3018
1347,3407
1348,3122
1349,2794
1350,2974
1351,2609
1352,2761
1353,2081
1354,3339
1355,2312
1356,2425
1357,3145
1358,2922
1359,1949
1360,3544
1361,2304
1362,2563
1363,2113
1364,2616
1365,2511
1366,2686
1367,2937
1368,1950
1369,2351
1370,2387
1371,2526
1372,1777
1373,3176
1374,2613
1375,2142
1376,2801
1377,2638
1378,2257
1379,2763
1380,2872
1381,1842
1382,2856
1383,1914
1384,2969
1385,2671
1386,3431
1387,3177
1388,2685
1389,2415
1390,3193
1391,2320
1392,3920
1393,2167
1394,2417
1395,2632
1396,2503
1397,2311
1398,2361
1399,2839
1400,2562
1401,3180
1402,2699
1403,-1
1404,2541
1405,1671
1406,3048
1407,1815
1408,3167
1409,3382
1410,2800
1411,2761
1412,2395
1413,2123
1414,2166
1415,2553
1416,2943
1417,4287
1418,2763
1419,2486
1420,2927
1421,2401
1422,2941
1423,2124
1424,2954
1425,2646
1426,2755
1427,2990
1428,2390
1429,2874
1430,2766
1431,2901
1432,3466
1433,2706
1434,2411
1435,2379
1436,2935
1437,2146
1438,2126
1439,2280
1440,2981
1441,-1
1442,3362
1443,1851
1444,-1
1445,3110
1446,3853
1447,2323
1448,3552
1449,3309
1450,2360
1451,3212
1452,2600
1453,2265
1454,3428
1455,3004
1456,2579
1457,3256
1458,1826
1459,2555
1460,2736
1461,2989
1462,2684
1463,2804
1464,3696
1465,2609
1466,2198
1467,1912
1468,3284
1469,2155
1470,2296
1471,2755
1472,2981
1473,2186
1474,3059
1475,2809
1476,2402
1477,3592
1478,3011
1479,3014
1480,3542
1481,2334
1482,2615
1483,2567
1484,3304
1485,2331
1486,2147
1487,1687
1488,2647
1489,2035
1490,2785
1491,2788
1492,2845
1493,2727
1494,2461
1495,3052
1496,2362
1497,2177
1498,2833
1499,2604
1500,2832
1501,2960
1502,1535
1503,1826
1504,2213
1505,2830
1506,2745
1507,2886
1508,2149
1509,3138
1510,2003
1511,-1
1512,2947
1513,2309
1514,3131
1515,2816
1516,2636
1517,1976
1518,2290
1519,2862
1520,3017
1521,3059
1522,2511
1523,2376
1524,2327
1525,2706
1526,2089
1527,2324
1528,2540
1529,2617
1530,2712
1531,2433
1532,2613
1533,2764
1534,2920
1535,3258
1536,2651
1537,3532
1538,3157
1539,1916
1540,3101
1541,2409
1542,1468
1543,2371
1544,2591
1545,3134
1546,2654
1547,2626
1548,3728
1549,2533
1550,2696
1551,1541
1552,3286
1553,3335
1554,2028
1555,2500
1556,2456
1557,2527
1558,2603
1559,3131
1560,1850
1561,3061
1562,2797
1563,-1
1564,2896
1565,3430
1566,2710
1567,3049
1568,2540
1569,2725
1570,3571
1571,2961
1572,2451
1573,2557
1574,3224
1575,2733
1576,2579
1577,2980
1578,3080
1579,2911
1580,2407
1581,2628
1582,2045
1583,3988
1584,2938
1585,2255
1586,2742
1587,2029
1588,2385
1589,2043
1590,2687
1591,2549
1592,4129
1593,-1
1594,2141
1595,2560
1596,2273
1597,2763
1598,2350
1599,2829
1600,2756
1601,2144
1602,3422
1603,2770
1604,2560
1605,3335
1606,3054
1607,3416
1608,2332
1609,3448
1610,2379
1611,2948
1612,2676
1613,2475
1614,2631
1615,2628
1616,2680
1617,3788
1618,2365
1619,2744
1620,3160
1621,2270
1622,3268
1623,2331
1624,1759
1625,3105
1626,3060
1627,2376
1628,2966
1629,2577
1630,2648
1631,2492
1632,3308
1633,3172
1634,2427
1635,2751
1636,2551
1637,2559
1638,2360
1639,2773
1640,2702
1641,3471
1642,2713
1643,2010
1644,2875
1645,3062
1646,2679
1647,2788
1648,2369
1649,-1
1650,2879
1651,2606
1652,2449
1653,3436
1654,2474
1655,2422
1656,1897
1657,2818
1658,3100
1659,2904
1660,3033
1661,2410
1662,1983
1663,2837
1664,2862
1665,3420
1666,3058
1667,2075
1668,2312
1669,2413
1670,2834
1671,3423
1672,2991
1673,2697
1674,1753
1675,2921
1676,2773
1677,2973
1678,2975
1679,1949
1680,2277
1681,3003
1682,2320
1683,2934
1684,3040
1685,2072
1686,3258
1687,2269
1688,2869
1689,3790
1690,2415
1691,2465
1692,2791
1693,2602
1694,3352
1695,2405
1696,3015
1697,2142
1698,2437
1699,2402
1700,2597
1701,3767
1702,2947
1703,2466
1704,2798
1705,3146
1706,2358
1707,2372
1708,2712
1709,2063
1710,2583
1711,2721
1712,2809
1713,2450
1714,2321
1715,2531
1716,3310
1717,3119
1718,2657
1719,3751
1720,2575
1721,2364
1722,2372
1723,2613
1724,2579
1725,2480
1726,2317
1727,2892
1728,2871
1729,2893
1730,1151
1731,2463
1732,2509
1733,2457
1734,2715
1735,1951
1736,2442
1737,2893
1738,2848
1739,2585
1740,2574
1741,2489
1742,3519
1743,2810
1744,2532
1745,2517
1746,2883
1747,2311
1748,2058
1749,3515
1750,3171
1751,1793
1752,3048
1753,2204
1754,2587
1755,2918
1756,1822
1757,2200
1758,2992
1759,2921
1760,2546
1761,2592
1762,2895
1763,1950
1764,2522
1765,2474
1766,2635
1767,2721
1768,2390
1769,2325
1770,2752
1771,2943
1772,2786
1773,2605
1774,1927
1775,2756
1776,2254
1777,2754
1778,3081
1779,2226
1780,3014
1781,2556
1782,2234
1783,3083
1784,1487
1785,2519
1786,2827
1787,2726
1788,2830
1789,3309
1790,3180
1791,2767
1792,3055
1793,3037
1794,2575
1795,2893
1796,3167
1797,3297
1798,2917
1799,1980
1800,2154
1801,2697
1802,2325
1803,2799
1804,3267
1805,3077
1806,3046
1807,1997
1808,2151
1809,2585
1810,3013
1811,1954
1812,3559
1813,2192
1814,2121
1815,2775
1816,2722
1817,2104
1818,2285
1819,3526
1820,2231
1821,2594
1822,2839
1823,2008
1824,2581
1825,2032
1826,1985
1827,2862
1828,2325
1829,3310
1830,3026
1831,2991
1832,2012
1833,2792
1834,2477
1835,2209
1836,2479
1837,2296
1838,2767
1839,2603
1840,1358
1841,2683
1842,1608
1843,3261
1844,2528
1845,1338
1846,2735
1847,1788
1848,2181
1849,2996
1850,2542
1851,2858
1852,3942
1853,3847
1854,2396
1855,2301
1856,2815
1857,2675
1858,2116
1859,2001
1860,2450
1861,2515
1862,2906
1863,2315
1864,2071
1865,2638
1866,3053
1867,2699
1868,2713
1869,2373
1870,2261
1871,2352
1872,2517
1873,2518
1874,1960
1875,3031
1876,2634
1877,2761
1878,2525
1879,2687
1880,2470
1881,2604
1882,3615
1883,3286
1884,2472
1885,3595
1886,2892
1887,3082
1888,2536
1889,2138
1890,1749
1891,2256
1892,2543
1893,2746
1894,2563
1895,2463
1896,2524
1897,2811
1898,3051
1899,3451
1900,2522
1901,2551
1902,2944
1903,1858
1904,2332
1905,3083
1906,2742
1907,2891
1908,2913
1909,3230
1910,2600
1911,1582
1912,3129
1913,3073
1914,2668
1915,2754
1916,2840
1917,3189
1918,2538
1919,2427
1920,2353
1921,2503
1922,2930
1923,2293
1924,1644
1925,1968
1926,3395
1927,2855
1928,2778
1929,2726
1930,3558
1931,3109
1932,2657
1933,3683
1934,3311
1935,2579
1936,2488
1937,2755
1938,2306
1939,3060
1940,2029
1941,2712
1942,1992
1943,2456
1944,2977
1945,3241
1946,2857
1947,2360
1948,3075
1949,3153
1950,3623
1951,2325
1952,2200
1953,2377
1954,3107
1955,2424
1956,2263
1957,2191
1958,2132
1959,2478
1960,2253
1961,2398
1962,2116
1963,2215
1964,2797
1965,3281
1966,2632
1967,2360
1968,2487
1969,3589
1970,2171
1971,2596
1972,3795
1973,2282
1974,2829
1975,2741
1976,3404
1977,2519
1978,2154
1979,3024
1980,2991
1981,3201
1982,2977
1983,3454
1984,3055
1985,2940
1986,2244
1987,2304
1988,3067
1989,3000
1990,2758
1991,2768
1992,2959
1993,2593
1994,2849
1995,3387
1996,3181
1997,2033
1998,3165
1999,2802
2000,2870
2001,2764
2002,2867
2003,2526
2004,2623
2005,1958
2006,1815
2007,2219
2008,2581
2009,1827
2010,3440
2011,2674
2012,2702
2013,3374
2014,1692
2015,3283
2016,2616
2017,2326
2018,2349
2019,2612
2020,3128
2021,2281
2022,2374
2023,3158
2024,2720
2025,2417
2026,3308
2027,3334
2028,1806
2029,2504
2030,2243
2031,2838
2032,2990
2033,2140
2034,2559
2035,2578
2036,3154
2037,2239
2038,2421
2039,2682
2040,3465
2041,2625
2042,3178
2043,2707
2044,2630
2045,3349
2046,2915
2047,3001
2048,2570
2049,2544
2050,2583
2051,2770
2052,2910
2053,3165
2054,2071
2055,2383
2056,2165
2057,2695
2058,2863
2059,2521
2060,2579
2061,3099
2062,3149
2063,2870
2064,1880
2065,2319
2066,2411
2067,3078
2068,2727
2069,3199
2070,1854
2071,2437
2072,3647
2073,2090
2074,3077
2075,2468
2076,2581
2077,1995
2078,2508
2079,2217
2080,2502
2081,2697
2082,2446
2083,2659
2084,2843
2085,1490
2086,3331
2087,2466
2088,3039
2089,2754
2090,2951
2091,2619
2092,2882
2093,-1
2094,3120
2095,3076
2096,2546
2097,2434
2098,1828
2099,2752
2100,2768
2101,2565
2102,2416
2103,1809
2104,2573
2105,2161
2106,2871
2107,2458
2108,2394
2109,2249
2110,2245
2111,2736
2112,2817
2113,1506
2114,3161
2115,2321
2116,-1
2117,2365
2118,2537
2119,2478
2120,2871
2121,2391
2122,2523
2123,2280
2124,2626
2125,3210
2126,3013
2127,3211
2128,2759
2129,1825
2130,2873
2131,2574
2132,1750
2133,2136
2134,4451
2135,3030
2136,2100
2137,2248
2138,2021
2139,2334
2140,2824
2141,2358
2142,2339
2143,3541
2144,2216
2145,2737
2146,2156
2147,2666
2148,-1
2149,2443
2150,2782
2151,2435
2152,2803
2153,-1
2154,2545
2155,2272
2156,3067
2157,2465
2158,2539
2159,3475
2160,2839
2161,3234
2162,2003
2163,2739
2164,3283
2165,3094
2166,2278
2167,2383
2168,-1
2169,2762
2170,2454
2171,2300
2172,2458
2173,2641
2174,2845
2175,4088
2176,3086
2177,2592
2178,2343
2179,1410
2180,2841
2181,3332
2182,2606
2183,2254
2184,2848
2185,2854
2186,2722
2187,2514
2188,2691
2189,2717
2190,2292
2191,2089
2192,2833
2193,2704
2194,2386
2195,2693
2196,2893
2197,3046
2198,3812
2199,2293
2200,2429
2201,3335
2202,2384
2203,2311
2204,2436
2205,2438
2206,2134
2207,2776
2208,3580
2209,2876
2210,3108
2211,2771
2212,2775
2213,2704
2214,-1
2215,3123
2216,2864
2217,2799
2218,2716
2219,2344
2220,2128
2221,2511
2222,3360
2223,2395
2224,2612
2225,2482
2226,3573
2227,2934
2228,2608
2229,2723
2230,3047
2231,1962
2232,2195
2233,2680
2234,2513
2235,3136
2236,2732
2237,2564
2238,2463
2239,3249
2240,2350
2241,2821
2242,2483
2243,2950
2244,2329
2245,2546
2246,2151
2247,1696
2248,2956
2249,3544
2250,2563
2251,2688
2252,2405
2253,2089
2254,2468
2255,2793
2256,2677
2257,2422
2258,3099
2259,2439
2260,3690
2261,2361
2262,2411
2263,2252
2264,2820
2265,2167
2266,3621
2267,1525
2268,2728
2269,2066
2270,2635
2271,2336
2272,3004
2273,2703
2274,2087
2275,2452
2276,1823
2277,2113
2278,2990
2279,3150
2280,2378
2281,2618
2282,2426
2283,2279
2284,2450
2285,2348
2286,2506
2287,2237
2288,2570
2289,1741
2290,2840
2291,2351
2292,2549
2293,2576
2294,3337
2295,2397
2296,2100
2297,2113
2298,3201
2299,2967
2300,2763
2301,1731
2302,2546
2303,3132
2304,2827
2305,3211
2306,3320
2307,3030
2308,2723
2309,2777
2310,1702
2311,3352
2312,3183
2313,2707
2314,2434
2315,2877
2316,3415
2317,2744
2318,2213
2319,2708
2320,2427
2321,2728
2322,3296
2323,2569
2324,2968
2325,3049
2326,2650
2327,2800
2328,2700
2329,2731
2330,1389
2331,2451
2332,2915
2333,2238
2334,3164
2335,3138
2336,3420
2337,2991
2338,2349
2339,2287
2340,2953
2341,-1
2342,3067
2343,2466
2344,2361
2345,2818
2346,-1
2347,2938
2348,3668
2349,2757
2350,-1
2351,-1
2352,2599
2353,2852
2354,2553
2355,2955
2356,2461
2357,2537
2358,2663
2359,1065
2360,2105
2361,3056
2362,2775
2363,3108
2364,2796
2365,2143
2366,2054
2367,2034
2368,2131
2369,1964
2370,2417
2371,2790
2372,1851
2373,1423
2374,2181
2375,2992
2376,2845
2377,2081
2378,2899
2379,2574
2380,2712
2381,2013
2382,2599
2383,2696
2384,3113
2385,2420
2386,2535
2387,2391
2388,2098
2389,2791
2390,3216
2391,3217
2392,2560
2393,2916
2394,3265
2395,2189
2396,2588
2397,2582
2398,3013
2399,2710
2400,2528
2401,2227
2402,2651
2403,2646
2404,2807
2405,2648
2406,2672
2407,3286
2408,2439
2409,2237
2410,2756
2411,2723
2412,2862
2413,2208
2414,2747
2415,2559
2416,3459
2417,2325
2418,2049
2419,2842
2420,2579
2421,2211
2422,2778
2423,2708
2424,3392
2425,2707
2426,2891
2427,1854
2428,2765
2429,2249
2430,2698
2431,2191
2432,1217
2433,-1
2434,2847
2435,1857
2436,2343
2437,2524
2438,2575
2439,2522
2440,2511
2441,2921
2442,2942
2443,1742
2444,2300
2445,2054
2446,3106
2447,2044
2448,2946
2449,3268
2450,2565
2451,1944
2452,3068
2453,2203
2454,880
2455,2297
2456,3116
2457,1818
2458,3241
2459,2789
2460,2844
2461,3037
2462,1650
2463,3501
2464,3004
2465,2479
2466,2807
2467,3182
2468,2725
2469,2718
2470,3186
2471,3173
2472,1558
2473,2818
2474,2669
2475,2574
2476,2598
2477,2836
2478,2748
2479,2314
2480,3298
2481,2929
2482,2878
2483,2710
2484,3155
2485,2424
2486,2898
2487,2233
2488,2875
2489,2372
2490,2596
2491,3024
2492,3101
2493,2913
2494,2905
2495,3052
2496,2011
2497,2583
2498,2132
2499,2698
2500,2376
2501,2083
2502,2455
2503,2589
2504,2991
2505,2191
2506,3165
2507,2358
2508,2192
2509,2131
2510,2538
2511,2743
2512,2932
2513,2701
2514,3021
2515,2518
2516,2698
2517,2284
2518,2329
2519,2063
2520,1678
2521,2430
2522,2903
2523,2147
2524,2646
2525,2322
2526,2425
2527,3204
2528,3073
2529,2523
2530,3116
2531,1702
2532,3307
2533,2222
2534,1880
2535,2005
2536,2778
2537,2243
2538,2386
2539,-1
2540,3594
2541,2347
2542,2721
2543,3214
2544,2466
2545,2666
2546,2414
2547,1716
2548,4024
2549,2360
2550,3002
2551,795
2552,2500
2553,2434
2554,2338
2555,2243
2556,2487
2557,2321
2558,2449
2559,3476
2560,3310
2561,2259
2562,2325
2563,2755
2564,2321
2565,2927
2566,2501
2567,4427
2568,2298
2569,2325
2570,2186
2571,3353
2572,1820
2573,2795
2574,1624
2575,2980
2576,2633
2577,2816
2578,3417
2579,2445
2580,2832
2581,2560
2582,2853
2583,2834
2584,2535
2585,-1
2586,2726
2587,2048
2588,2695
2589,2584
2590,2453
2591,2193
2592,2467
2593,3117
2594,2684
2595,1959
2596,2856
2597,3542
2598,2586
2599,2941
2600,2404
2601,2326
2602,2108
2603,2389
2604,2181
2605,2594
2606,1786
2607,2389
2608,2780
2609,2284
2610,2179
2611,-1
2612,2468
2613,2552
2614,2469
2615,3580
2616,2704
2617,2246
2618,2404
2619,2551
2620,2813
2621,2848
2622,2089
2623,2638
2624,1966
2625,3435
2626,-1
2627,1985
2628,2514
2629,2532
2630,2893
2631,3747
2632,2608
2633,2607
2634,2607
2635,2318
2636,3237
2637,2017
2638,2866
2639,2600
2640,2150
2641,2509
2642,2327
2643,2705
2644,-1
2645,2791
2646,3302
2647,2583
2648,3038
2649,2243
2650,3259
2651,3111
2652,2411
2653,1958
2654,2900
2655,2661
2656,2456
2657,2557
2658,3385
2659,2920
2660,2869
2661,3272
2662,-1
2663,2586
2664,2639
2665,2185
2666,3030
2667,2865
2668,1984
2669,2295
2670,3450
2671,2531
2672,2038
2673,3009
2674,2432
2675,2351
2676,1459
2677,3324
2678,2244
2679,2800
2680,2551
2681,2994
2682,2436
2683,2458
2684,2116
2685,2618
2686,3315
2687,2181
2688,2026
2689,2591
2690,2812
2691,2306
2692,2716
2693,2886
2694,1953
2695,2034
2696,3209
2697,2531
2698,2698
2699,3331
2700,2317
2701,2458
2702,3354
2703,3291
2704,1783
2705,2684
2706,2357
2707,2494
2708,2102
2709,2505
2710,2879
2711,2468
2712,3054
2713,1684
2714,2683
2715,2656
2716,2858
2717,2866
2718,2499
2719,2544
2720,2849
2721,2645
2722,2762
2723,2637
2724,2195
2725,2286
2726,1293
2727,2571
2728,1834
2729,3079
2730,3321
2731,2071
2732,2734
2733,3020
2734,2423
2735,2683
2736,2803
2737,2733
2738,2375
2739,2772
2740,2854
2741,2829
2742,3440
2743,3467
2744,2812
2745,2835
2746,2848
2747,2781
2748,2300
2749,2652
2750,3300
2751,1854
2752,3036
2753,1191
2754,2321
2755,2744
2756,2312
2757,2251
2758,3157
2759,2599
2760,2552
2761,2760
2762,3069
2763,-1
2764,2531
2765,2460
2766,1767
2767,2666
2768,3097
2769,3045
2770,3044
2771,2815
2772,2633
2773,2567
2774,2137
2775,2786
2776,1609
2777,1931
2778,2621
2779,2152
2780,2051
2781,2934
2782,1903
2783,2225
2784,2624
2785,2266
2786,1950
2787,3191
2788,2119
2789,2486
2790,1125
2791,1919
2792,3149
2793,2948
2794,2482
2795,2341
2796,2550
2797,3131
2798,2271
2799,3769
2800,3172
2801,2946
2802,2562
2803,1976
2804,3086
2805,3083
2806,2836
2807,2852
2808,2231
2809,2179
2810,2232
2811,1976
2812,2240
2813,2533
2814,2400
2815,2170
2816,2693
2817,2751
2818,2806
2819,2621
2820,3285
2821,2566
2822,2533
2823,2674
2824,1952
2825,2246
2826,1933
2827,2253
2828,3219
2829,2678
2830,3048
2831,2094
2832,2980
2833,1361
2834,2868
2835,1696
2836,2800
2837,2871
2838,2271
2839,2389
2840,2388
2841,2706
2842,3189
2843,-1
2844,2243
2845,3599
2846,2340
2847,2741
2848,-1
2849,2372
2850,2602
2851,2407
2852,2747
2853,2514
2854,3052
2855,1570
2856,2851
2857,3690
2858,2154
2859,2159
2860,2729
2861,3239
2862,2450
2863,2733
2864,2715
2865,2553
2866,1905
2867,2442
2868,3039
2869,2970
2870,3407
2871,1776
2872,2917
2873,1263
2874,2961
2875,1975
2876,2898
2877,1694
2878,2429
2879,3024
2880,3144
2881,2691
2882,2889
2883,1031
2884,2821
2885,2772
2886,2743
2887,2590
2888,2278
2889,1854
2890,3378
2891,-1
2892,1748
2893,2652
2894,2808
2895,1965
2896,2896
2897,2296
2898,2806
2899,2944
2900,2440
2901,3605
2902,2531
2903,2844
2904,2705
2905,2721
2906,3093
2907,2872
2908,2981
2909,2087
2910,2514
2911,2633
2912,1524
2913,2593
2914,3377
2915,2488
2916,2345
2917,2455
2918,2356
2919,2715
2920,2715
2921,2212
2922,3114
2923,3173
2924,2887
2925,2294
2926,2680
2927,2916
2928,3064
2929,1944
2930,2627
2931,2321
2932,2597
2933,2308
2934,2400
2935,3462
2936,2760
2937,3181
2938,2641
2939,3034
2940,2612
2941,1890
2942,2328
2943,2246
2944,2230
2945,2739
2946,2533
2947,2313
2948,2499
2949,2982
2950,2550
2951,2960
2952,2224
2953,3154
2954,2614
2955,2420
2956,2257
2957,2341
2958,2415
2959,3275
2960,2928
2961,2393
2962,2906
2963,2201
2964,2319
2965,2877
2966,1983
2967,2292
2968,2029
2969,3066
2970,2496
2971,2928
2972,2934
2973,2174
2974,2520
2975,2568
2976,2868
2977,3417
2978,1220
2979,2093
2980,3402
2981,2870
2982,2605
2983,2654
2984,3881
2985,1742
2986,1918
2987,1655
2988,2720
2989,3026
2990,2662
2991,3445
2992,2504
2993,2400
2994,3011
2995,2164
2996,2860
2997,2719
2998,2623
2999,3643
3000,2728
3001,2614
3002,2246
3003,2390
3004,2306
3005,2811
3006,2091
3007,2799
3008,2427
3009,2557
3010,3096
3011,2731
3012,2301
3013,2353
3014,2333
3015,3071
3016,2169
3017,2726
3018,3124
3019,3184
3020,3092
3021,2474
3022,3341
3023,2526
3024,2497
3025,2457
3026,1601
3027,2414
3028,2977
3029,2782
3030,2196
3031,2032
3032,3225
3033,2798
3034,2536
3035,2097
3036,2425
3037,2773
3038,2711
3039,2382
3040,3070
3041,2852
3042,3098
3043,2716
3044,2648
3045,2743
3046,2990
3047,2612
3048,2631
3049,3314
3050,2442
3051,1516
3052,2570
3053,3178
3054,3042
3055,2423
3056,2883
3057,2794
3058,3054
3059,3576
3060,2617
3061,2794
3062,2330
3063,3149
3064,2828
3065,3432
3066,2591
3067,2528
3068,2980
3069,3312
3070,1618
3071,3034
3072,2253
3073,2718
3074,2048
3075,1522
3076,2947
3077,2129
3078,2093
3079,3505
3080,2640
3081,3212
3082,3333
3083,2745
3084,2517
3085,1539
3086,2458
3087,2679
3088,2945
3089,2406
3090,3190
3091,1947
3092,2606
3093,2365
3094,3294
3095,2601
3096,2378
3097,2820
3098,2186
3099,2818
3100,2508
3101,2771
3102,2633
3103,2648
3104,2763
3105,2616
3106,1551
3107,3209
3108,2501
3109,2755
3110,3349
3111,2870
3112,3143
3113,2496
3114,2627
3115,1935
3116,2495
3117,1993
3118,2726
3119,3576
3120,1976
3121,2597
3122,2436
3123,2686
3124,2613
3125,2475
3126,2233
3127,1842
3128,2507
3129,2300
3130,3027
3131,2944
3132,2734
3133,2818
3134,2412
3135,3033
3136,2220
3137,4312
3138,2527
3139,2750
3140,2830
3141,2096
3142,2487
3143,1682
3144,3046
3145,2695
3146,1297
3147,2491
3148,2547
3149,2650
3150,2548
3151,3599
3152,2550
3153,2807
3154,2721
3155,2813
3156,2537
3157,-1
3158,1943
3159,2266
3160,3661
3161,902
3162,2278
3163,2997
3164,2484
3165,2803
3166,2832
3167,2737
3168,2415
3169,3158
3170,2672
3171,2587
3172,2129
3173,1481
3174,2942
3175,2547
3176,3268
3177,2429
3178,2754
3179,2927
3180,2514
3181,2174
3182,2871
3183,2756
3184,2546
3185,2738
3186,2934
3187,2390
3188,3089
3189,2607
3190,2528
3191,-1
3192,2494
3193,2757
3194,2298
3195,2806
3196,2562
3197,2592
3198,2021
3199,2683
3200,2760
3201,2851
3202,2625
3203,3151
3204,2979
3205,1764
3206,2754
3207,2453
3208,2065
3209,2801
3210,2957
3211,2144
3212,2803
3213,1956
3214,2775
3215,2358
3216,2652
3217,2317
3218,1990
3219,3374
3220,2546
3221,2178
3222,2574
3223,2391
3224,2390
3225,2586
3226,3218
3227,2461
3228,2236
3229,2926
3230,3288
3231,2520
3232,3027
3233,2179
3234,2352
3235,2669
3236,2456
3237,3066
3238,2555
3239,2809
3240,2556
3241,2576
3242,3293
3243,2724
3244,2852
3245,1941
3246,2240
3247,2387
3248,1904
3249,2475
3250,2236
3251,2944
3252,2564
3253,2723
3254,2919
3255,3059
3256,3127
3257,2145
3258,3047
3259,2323
3260,1777
3261,2233
3262,2274
3263,-1
3264,2713
3265,3101
3266,3181
3267,2583
3268,3424
3269,2106
3270,2171
3271,2660
3272,2136
3273,4529
3274,3631
3275,1596
3276,2639
3277,2577
3278,3476
3279,1913
3280,2819
3281,2519
3282,1796
3283,2548
3284,2604
3285,2819
3286,1891
3287,2901
3288,2575
3289,2796
3290,2674
3291,2047
3292,2027
3293,2627
3294,2279
3295,3278
3296,2788
3297,-1
3298,3468
3299,2478
3300,2363
3301,2262
3302,2087
3303,2782
3304,2710
3305,2670
3306,2150
3307,2845
3308,4178
3309,2852
3310,2260
3311,2100
3312,2046
3313,2612
3314,3128
3315,2561
3316,2130
3317,2838
3318,1908
3319,2141
3320,2305
3321,2621
3322,-1
3323,2812
3324,2431
3325,2755
3326,2474
3327,1673
3328,3556
3329,2656
3330,2161
3331,2503
3332,1975
3333,1842
3334,3860
3335,2516
3336,1765
3337,1960
3338,2634
3339,2999
3340,2455
3341,2528
3342,2505
3343,3078
3344,2794
3345,1737
3346,2969
3347,2787
3348,2752
3349,2383
3350,2655
3351,2535
3352,2698
3353,2493
3354,2734
3355,1625
3356,2051
3357,2919
3358,3122
3359,3543
3360,2727
3361,2740
3362,2704
3363,3108
3364,2388
3365,2680
3366,2567
3367,3172
3368,3158
3369,3114
3370,2722
3371,3199
3372,2523
3373,2453
3374,2665
3375,2275
3376,3138
3377,2828
3378,2241
3379,2744
3380,2648
3381,1947
3382,2367
3383,2926
3384,2507
3385,2431
3386,3162
3387,2709
3388,2704
3389,3528
3390,1390
3391,2523
3392,2857
3393,2744
3394,2785
3395,2132
3396,2312
3397,2586
3398,2893
3399,3375
3400,2922
3401,2370
3402,3075
3403,2185
3404,2475
3405,2101
3406,1882
3407,1978
3408,2195
3409,2775
3410,2163
3411,2532
3412,2997
3413,2953
3414,3098
3415,2549
3416,1942
3417,2526
3418,2521
3419,2276
3420,3431
3421,2226
3422,2514
3423,2275
3424,2312
3425,3031
3426,1453
3427,2826
3428,3239
3429,3065
3430,3464
3431,3191
3432,2167
3433,2632
3434,2928
3435,2703
3436,3569
3437,2095
3438,2897
3439,3087
3440,2277
3441,2199
3442,2247
3443,3216
3444,2032
3445,2045
3446,3059
3447,2181
3448,2047
3449,2617
3450,2852
3451,2775
3452,2212
3453,3078
3454,2406
3455,2366
3456,2403
3457,2718
3458,2564
3459,2738
3460,2206
3461,3013
3462,3049
3463,3020
3464,2833
3465,3019
3466,2120
3467,2154
3468,2936
3469,2211
3470,2598
3471,2989
3472,2767
3473,2568
3474,3474
3475,3453
3476,2525
3477,2591
3478,1592
3479,2378
3480,3148
3481,3026
3482,2144
3483,-1
3484,2759
3485,2955
3486,2393
3487,2182
3488,2236
3489,3071
3490,3476
3491,3085
3492,2683
3493,2810
3494,3511
3495,2567
3496,2365
3497,2691
3498,3461
3499,3253
3500,1724
3501,2843
3502,2102
3503,2806
3504,2802
3505,-1
3506,2811
3507,2505
3508,2262
3509,2801
3510,1596
3511,4014
3512,2131
3513,2298
3514,3013
3515,2619
3516,2612
3517,2383
3518,2423
3519,3471
3520,-1
3521,2961
3522,3262
3523,-1
3524,3295
3525,2864
3526,2131
3527,3344
3528,2930
3529,2094
3530,2870
3531,2897
3532,2194
3533,3411
3534,3015
3535,3343
3536,1881
3537,2367
3538,-1
3539,2842
3540,2714
3541,2478
3542,3035
3543,2701
3544,3057
3545,2645
3546,2326
3547,2684
3548,2320
3549,2132
3550,2194
3551,2581
3552,3183
3553,2424
3554,1872
3555,3194
3556,2804
3557,2534
3558,2757
3559,2381
3560,3092
3561,2531
3562,3020
3563,2441
3564,3247
3565,1930
3566,2223
3567,2523
3568,2358
3569,2456
3570,2889
3571,3336
3572,2619
3573,2778
3574,2771
3575,2352
3576,2550
3577,2220
3578,2782
3579,2972
3580,3044
3581,3491
3582,2617
3583,2083
3584,2482
3585,2668
3586,2232
3587,2725
3588,2837
3589,2369
3590,2239
3591,3376
3592,2106
3593,2334
3594,2509
3595,2635
3596,2873
3597,3273
3598,2369
3599,2036
3600,2922
3601,2292
3602,2341
3603,3370
3604,2249
3605,3293
3606,3275
3607,2123
3608,2724
3609,3030
3610,2438
3611,3774
3612,2100
3613,2505
3614,2535
3615,2667
3616,1904
3617,2610
3618,2491
3619,2623
3620,2937
3621,2551
3622,2522
3623,3164
3624,3304
3625,2666
3626,2608
3627,2300
3628,2477
3629,2722
3630,2769
3631,2335
3632,2875
3633,3385
3634,2431
3635,3039
3636,3078
3637,1820
3638,3065
3639,3005
3640,2881
3641,1810
3642,2798
3643,2444
3644,2989
3645,2797
3646,2774
3647,2005
3648,2733
3649,2724
3650,2743
3651,1956
3652,2540
3653,2455
3654,2547
3655,2953
3656,3099
3657,2418
3658,3157
3659,2280
3660,3071
3661,2562
3662,2691
3663,2282
3664,2552
3665,2938
3666,2742
3667,3237
3668,2576
3669,2857
3670,2520
3671,2842
3672,2968
3673,2676
3674,2510
3675,2455
3676,2973
3677,1626
3678,2443
3679,2764
3680,2865
3681,2766
3682,2125
3683,2824
3684,2785
3685,2812
3686,2879
3687,2343
3688,2625
3689,2540
3690,2381
3691,1799
3692,3438
3693,2076
3694,2493
3695,2162
3696,2564
3697,2210
3698,2617
3699,2496
3700,3143
3701,3250
3702,-1
3703,2894
3704,2209
3705,2561
3706,2368
3707,2948
3708,2924
3709,3521
3710,2537
3711,2428
3712,3263
3713,1762
3714,3117
3715,2475
3716,2788
3717,2459
3718,2111
3719,2203
3720,3456
3721,3825
3722,2976
3723,2199
3724,2460
3725,2485
3726,3024
3727,1840
3728,2493
3729,1431
3730,3030
3731,2478
3732,2568
3733,2853
3734,2229
3735,2549
3736,2869
3737,2860
3738,2632
3739,2642
3740,2330
3741,3047
3742,2160
3743,2978
3744,1575
3745,2455
3746,2367
3747,2674
3748,2862
3749,3644
3750,2897
3751,2391
3752,3567
3753,3024
3754,2981
3755,3228
3756,2508
3757,2984
3758,2311
3759,3089
3760,2643
3761,1986
3762,3462
3763,2504
3764,2987
3765,2622
3766,2009
3767,2962
3768,3031
3769,2007
3770,1935
3771,2476
3772,2600
3773,2126
3774,3076
3775,2513
3776,2541
3777,2175
3778,2974
3779,3344
3780,1166
3781,2436
3782,2443
3783,2329
3784,3092
3785,2917
3786,2329
3787,2059
3788,2695
3789,3116
3790,3410
3791,2828
3792,2732
3793,2719
3794,2838
3795,2871
3796,2916
3797,2633
3798,2637
3799,2892
3800,3135
3801,2663
3802,1981
3803,2572
3804,2193
3805,2767
3806,2087
3807,2518
3808,2327
3809,2814
3810,3112
3811,2424
3812,2549
3813,2308
3814,3328
3815,3078
3816,2619
3817,2308
3818,2048
3819,3145
3820,2505
3821,2493
3822,2990
3823,-1
3824,1722
3825,2404
3826,2578
3827,3498
3828,2140
3829,2659
3830,2123
3831,2495
3832,2665
3833,2717
3834,1505
3835,2128
3836,2667
3837,2483
3838,2729
3839,2275
3840,3047
3841,2332
3842,2390
3843,2511
3844,1484
3845,2486
3846,2169
3847,3315
3848,2258
3849,2450
3850,3949
3851,2923
3852,2504
3853,2808
3854,2767
3855,2311
3856,2889
3857,2740
3858,2508
3859,2208
3860,2052
3861,2738
3862,2202
3863,2879
3864,3187
3865,2415
3866,3081
3867,2690
3868,1888
3869,3214
3870,2439
3871,2311
3872,2156
3873,2692
3874,2750
3875,2859
3876,2624
3877,2104
3878,2747
3879,2816
3880,2713
3881,2755
3882,3256
3883,2418
3884,2868
3885,2004
3886,2740
3887,2366
3888,2902
3889,2400
3890,5044
3891,2980
3892,1982
3893,2820
3894,3049
3895,1810
3896,2636
3897,1692
3898,3183
3899,2429
3900,3623
3901,3032
3902,3188
3903,2991
3904,2295
3905,2055
3906,2838
3907,2506
3908,2474
3909,2430
3910,3005
3911,2490
3912,2967
3913,2992
3914,2739
3915,2113
3916,1762
3917,2568
3918,2897
3919,-1
3920,3397
3921,-1
3922,2796
3923,2880
3924,1580
3925,2216
3926,1636
3927,2659
3928,2683
3929,2549
3930,2674
3931,4519
3932,3001
3933,2992
3934,3222
3935,2407
3936,2579
3937,2546
3938,2652
3939,3187
3940,3190
3941,1712
3942,2022
3943,2959
3944,2847
3945,2230
3946,1595
3947,1477
3948,2500
3949,2427
3950,2989
3951,3084
3952,2902
3953,2859
3954,3408
3955,2803
3956,3240
3957,1955
3958,2485
3959,2459
3960,2229
3961,2505
3962,2335
3963,2258
3964,2482
3965,3427
3966,1954
3967,2870
3968,2548
3969,2941
3970,3656
3971,1849
3972,1934
3973,2114
3974,2447
3975,2386
3976,2241
3977,2598
3978,3047
3979,1760
3980,2570
3981,3023
3982,1894
3983,2247
3984,3059
3985,2772
3986,2565
3987,2727
3988,1861
3989,2646
3990,2233
3991,2333
3992,3083
3993,2186
3994,2919
3995,2236
3996,2757
3997,4351
3998,2852
3999,3315
4000,2407
4001,2686
4002,2792
4003,2369
4004,2815
4005,3467
4006,2852
4007,2044
4008,2932
4009,3203
4010,2859
4011,1701
4012,2988
4013,2947
4014,-1
4015,-1
4016,3330
4017,2476
4018,3123
4019,2474
4020,2963
4021,2012
4022,2946
4023,2053
4024,2671
4025,2340
4026,2413
4027,2005
4028,3078
4029,2569
4030,2563
4031,2648
4032,2717
4033,2536
4034,2748
4035,2841
4036,2843
4037,2782
4038,2564
4039,3185
4040,2771
4041,3000
4042,2708
4043,3398
4044,2355
4045,2367
4046,2608
4047,2482
4048,2661
4049,3533
4050,2591
4051,3098
4052,2388
4053,2506
4054,2673
4055,3230
4056,2299
4057,2862
4058,2420
4059,2706
4060,2620
4061,2222
4062,2985
4063,3088
4064,2642
4065,2600
4066,3485
4067,2343
4068,3032
4069,2818
4070,2286
4071,2715
4072,2450
4073,2795
4074,2761
4075,2534
4076,2315
4077,2463
4078,2758
4079,2370
4080,2344
4081,2823
4082,2792
4083,2508
4084,3285
4085,2513
4086,3868
4087,2751
4088,2704
4089,2642
4090,1429
4091,3401
4092,3782
4093,2291
4094,2427
4095,2103
4096,2726
4097,2631
4098,2491
4099,2667
4100,2027
4101,3228
4102,2367
4103,2813
4104,3350
4105,2469
4106,2787
4107,2292
4108,2643
4109,2413
4110,2374
4111,1825
4112,2206
4113,3243
4114,2220
4115,2462
4116,2935
4117,3267
4118,2205
4119,-1
4120,2643
4121,3354
4122,2300
4123,2557
4124,969
4125,2284
4126,2984
4127,2591
4128,2092
4129,2750
4130,2629
4131,2158
4132,3477
4133,2935
4134,2391
4135,1979
4136,2601
4137,2746
4138,2478
4139,1731
4140,1771
4141,1943
4142,2759
4143,3001
4144,3107
4145,3002
4146,2897
4147,2708
4148,2288
4149,2341
4150,2338
4151,2595
4152,1251
4153,2451
4154,2837
4155,2962
4156,2594
4157,2396
4158,2246
4159,3095
4160,2460
4161,3357
4162,2544
4163,2152
4164,2558
4165,2176
4166,1875
4167,2928
4168,2211
4169,3141
4170,2544
4171,2567
4172,2859
4173,2923
4174,2104
4175,2601
4176,2384
4177,3152
4178,2302
4179,2968
4180,3043
4181,2813
4182,3051
4183,1890
4184,3272
4185,2499
4186,2560
4187,2588
4188,2229
4189,2096
4190,2526
4191,2469
4192,3891
4193,2400
4194,3235
4195,2610
4196,3229
4197,2399
4198,3190
4199,2540
4200,2823
4201,2490
4202,2224
4203,2780
4204,2358
4205,2090
4206,3034
4207,2511
4208,3074
4209,2218
4210,2711
4211,1140
4212,2551
4213,2086
4214,2884
4215,2483
4216,3129
4217,2572
4218,2913
4219,2259
4220,2122
4221,2898
4222,2727
4223,3086
4224,3175
4225,2311
4226,2519
4227,2659
4228,2973
4229,2301
4230,2868
4231,1298
4232,2605
4233,2216
4234,2310
4235,2851
4236,2903
4237,2834
4238,2983
4239,2376
4240,-1
4241,2365
4242,2840
4243,2700
4244,3255
4245,2549
4246,3005
4247,3238
4248,2805
4249,2768
4250,2206
4251,3411
4252,2466
4253,4043
4254,2367
4255,1699
4256,2985
4257,3274
4258,1360
4259,2622
4260,1462
4261,2527
4262,2417
4263,2787
4264,2858
4265,2574
4266,2379
4267,2951
4268,2144
4269,625
4270,2943
4271,2599
4272,2260
4273,1816
4274,2471
4275,3483
4276,2312
4277,2519
4278,2993
4279,-1
4280,1897
4281,2498
4282,2459
4283,2426
4284,2809
4285,-1
4286,2057
4287,2245
4288,1224
4289,2583
4290,2296
4291,2800
4292,3925
4293,3030
4294,2292
4295,2243
4296,2767
4297,2890
4298,2950
4299,2584
4300,3869
4301,2303
4302,2697
4303,2288
4304,2884
4305,2766
4306,2297
4307,2273
4308,3179
4309,2827
4310,3234
4311,1982
4312,3353
4313,2679
4314,2420
4315,3083
4316,1945
4317,3141
4318,2773
4319,2740
4320,1542
4321,2997
4322,2126
4323,2560
4324,2736
4325,1628
4326,3040
4327,3110
4328,2916
4329,2614
4330,2579
4331,2211
4332,1679
4333,2220
4334,2500
4335,2996
4336,1910
4337,2528
4338,3313
4339,2386
4340,3127
4341,2512
4342,2340
4343,3171
4344,2552
4345,2110
4346,2929
4347,2461
4348,3656
4349,3444
4350,2300
4351,3185
4352,1705
4353,2534
4354,2570
4355,3024
4356,2823
4357,2860
4358,3091
4359,-1
4360,2005
4361,2532
4362,2749
4363,3398
4364,2287
4365,3111
4366,2482
4367,2305
4368,3818
4369,2871
4370,1750
4371,2917
4372,2237
4373,3071
4374,2300
4375,2751
4376,2847
4377,1931
4378,2943
4379,2662
4380,2191
4381,3196
4382,3559
4383,2424
4384,2187
4385,2280
4386,2240
4387,2544
4388,3008
4389,2832
4390,2683
4391,3250
4392,1726
4393,3279
4394,2398
4395,2334
4396,2472
4397,2287
4398,2203
4399,2965
4400,2416
4401,3894
4402,2212
4403,2664
4404,2527
4405,2758
4406,2669
4407,2059
4408,3312
4409,2730
4410,3172
4411,2200
4412,2231
4413,2381
4414,1937
4415,2785
4416,2908
4417,2378
4418,2796
4419,2894
4420,2449
4421,3049
4422,2966
4423,3543
4424,2747
4425,2697
4426,2607
4427,2754
4428,-1
4429,2989
4430,3330
4431,2316
4432,957
4433,3060
4434,2739
4435,2924
4436,2168
4437,2934
4438,2659
4439,2858
4440,2126
4441,2808
4442,2910
4443,2167
4444,2767
4445,3001
4446,2085
4447,3007
4448,2212
4449,2426
4450,2589
4451,2621
4452,1493
4453,2493
4454,2179
4455,2876
4456,2763
4457,2383
4458,2671
4459,2663
4460,2694
4461,2363
4462,2370
4463,1821
4464,2435
4465,2988
4466,2528
4467,2571
4468,3040
4469,2270
4470,2939
4471,1942
4472,3117
4473,3498
4474,3057
4475,3159
4476,2613
4477,2639
4478,2733
4479,2762
4480,2404
4481,2428
4482,2492
4483,2832
4484,3121
4485,2981
4486,1645
4487,2839
4488,2243
4489,2895
4490,2808
4491,2742
4492,2748
4493,2030
4494,3896
4495,2785
4496,2565
4497,2610
4498,3322
4499,2409
4500,3336
4501,1793
4502,2172
4503,1925
4504,1821
4505,2831
4506,3083
4507,3163
4508,1816
4509,2600
4510,2633
4511,3084
4512,2383
4513,2961
4514,3369
4515,3373
4516,2882
4517,2927
4518,3064
4519,2315
4520,2685
4521,2774
4522,3119
4523,3432
4524,2346
4525,2783
4526,2761
4527,2772
4528,2493
4529,2945
4530,2265
4531,2197
4532,2483
4533,3982
4534,3092
4535,2328
4536,2562
4537,-1
4538,2007
4539,2603
4540,2166
4541,2753
4542,2379
4543,3065
4544,2005
4545,3000
4546,2348
4547,1632
4548,2299
4549,2745
4550,2639
4551,3383
4552,2279
4553,2504
4554,2264
4555,3146
4556,3690
4557,3238
4558,3669
4559,2527
4560,2625
4561,2900
4562,2686
4563,1846
4564,2419
4565,2430
4566,2294
4567,2318
4568,2648
4569,2322
4570,2155
4571,2515
4572,3193
4573,2781
4574,2571
4575,2987
4576,2745
4577,3006
4578,2942
4579,3200
4580,2533
4581,2707
4582,2970
4583,1839
4584,2922
4585,3577
4586,2764
4587,3164
4588,2906
4589,2161
4590,2741
4591,2997
4592,2459
4593,2603
4594,2545
4595,2819
4596,3239
4597,1936
4598,2334
4599,2717
4600,2794
4601,2148
4602,3169
4603,2435
4604,2748
4605,2521
4606,1773
4607,2376
4608,2839
4609,2214
4610,2543
4611,1550
4612,2874
4613,2765
4614,3480
4615,2222
4616,2825
4617,962
4618,3054
4619,2455
4620,2082
4621,2308
4622,2169
4623,2585
4624,2164
4625,2797
4626,2100
4627,-1
4628,2659
4629,3170
4630,2655
4631,2856
4632,1696
4633,2655
4634,1901
4635,2468
4636,3032
4637,2409
4638,2574
4639,3660
4640,1728
4641,1712
4642,3397
4643,2544
4644,3014
4645,2676
4646,3314
4647,2846
4648,2324
4649,3852
4650,3289
4651,2832
4652,2712
4653,2172
4654,3268
4655,2336
4656,2532
4657,2715
4658,3081
4659,2419
4660,2435
4661,3001
4662,2374
4663,2533
4664,2789
4665,2196
4666,2685
4667,2271
4668,2927
4669,2388
4670,3507
4671,2641
4672,1923
4673,2529
4674,3025
4675,2140
4676,2506
4677,2440
4678,3126
4679,2557
4680,2670
4681,1830
4682,2578
4683,2686
4684,2710
4685,3496
4686,3075
4687,2830
4688,2853
4689,2570
4690,2848
4691,2469
4692,2894
4693,1490
4694,2263
4695,3737
4696,1530
4697,2256
4698,2758
4699,2070
4700,2918
4701,2816
4702,2783
4703,2786
4704,2150
4705,3219
4706,2157
4707,2654
4708,2521
4709,2839
4710,2439
4711,3216
4712,1794
4713,2115
4714,2702
4715,2952
4716,3036
4717,3812
4718,2660
4719,3213
4720,3333
4721,3521
4722,2793
4723,2572
4724,2676
4725,2506
4726,1999
4727,2102
4728,2355
4729,2205
4730,2386
4731,3003
4732,2604
4733,2158
4734,2995
4735,1592
4736,2935
4737,2374
4738,3390
4739,2163
4740,2599
4741,2129
4742,2630
4743,2459
4744,2362
4745,3429
4746,2433
4747,1864
4748,2596
4749,3159
4750,2533
4751,2157
4752,2445
4753,2136
4754,2365
4755,2485
4756,2678
4757,2653
4758,2540
4759,1736
4760,3197
4761,3024
4762,1982
4763,2418
4764,2538
4765,2257
4766,2079
4767,2157
4768,3054
4769,2548
4770,2396
4771,2655
4772,3071
4773,2403
4774,2487
4775,2974
4776,2286
4777,1964
4778,2184
4779,2560
4780,2854
4781,2239
4782,2230
4783,2685
4784,2064
4785,3633
4786,1895
4787,3232
4788,2687
4789,2594
4790,3193
4791,2491
4792,2703
4793,2783
4794,2674
4795,2298
4796,2663
4797,2221
4798,3219
4799,2664
4800,2894
4801,-1
4802,1919
4803,3010
4804,2180
4805,3007
4806,2577
4807,2595
4808,3025
4809,4369
4810,2769
4811,3207
4812,3801
4813,2518
4814,3114
4815,3064
4816,2794
4817,2834
4818,2252
4819,2698
4820,2905
4821,2413
4822,2975
4823,2520
4824,2985
4825,2542
4826,2784
4827,2904
4828,3815
4829,2512
4830,2701
4831,2391
4832,2486
4833,2642
4834,2707
4835,2047
4836,2068
4837,3400
4838,3158
4839,3034
4840,2478
4841,1897
4842,2796
4843,2330
4844,2770
4845,2897
4846,3140
4847,2701
4848,2690
4849,3121
4850,3366
4851,2486
4852,3189
4853,2745
4854,3374
4855,1936
4856,3028
4857,-1
4858,2869
4859,1748
4860,2620
4861,2271
4862,2515
4863,2332
4864,2589
4865,2831
4866,1873
4867,2964
4868,2855
4869,2294
4870,3839
4871,2781
4872,2966
4873,2456
4874,2868
4875,2691
4876,2713
4877,2591
4878,2000
4879,2587
4880,2765
4881,2594
4882,3843
4883,2495
4884,2792
4885,2612
4886,3541
4887,2705
4888,2551
4889,2627
4890,2125
4891,2604
4892,2859
4893,2647
4894,2886
4895,2486
4896,2312
4897,2589
4898,2640
4899,2875
4900,2690
4901,2890
4902,2301
4903,1737
4904,2978
4905,2254
4906,3239
4907,3044
4908,2896
4909,2076
4910,3041
4911,3023
4912,3000
4913,-1
4914,2712
4915,3410
4916,2709
4917,2953
4918,2834
4919,2679
4920,2648
4921,2760
4922,2566
4923,3272
4924,2426
4925,3042
4926,3083
4927,2286
4928,2042
4929,2316
4930,2920
4931,2824
4932,2287
4933,2409
4934,2720
4935,2799
4936,2537
4937,2610
4938,2504
4939,2542
4940,2345
4941,3186
4942,2548
4943,1398
4944,2023
4945,2811
4946,3030
4947,2383
4948,3179
4949,1952
4950,2721
4951,2892
4952,2426
4953,2648
4954,3199
4955,2341
4956,2508
4957,2845
4958,2388
4959,1956
4960,2202
4961,2376
4962,2064
4963,3110
4964,2283
4965,2800
4966,3174
4967,2265
4968,2784
4969,2686
4970,2909
4971,3001
4972,1085
4973,3238
4974,2561
4975,2705
4976,2357
4977,2341
4978,3058
4979,-1
4980,2615
4981,2964
4982,2357
4983,3152
4984,3396
4985,2569
4986,-1
4987,1960
4988,3025
4989,3173
4990,3123
4991,3223
4992,2920
4993,3195
4994,2677
4995,-1
4996,2892
4997,2240
4998,2638
4999,2860
5000,3119
5001,2912
5002,3607
5003,2168
5004,2358
5005,2398
5006,2356
5007,2889
5008,2073
5009,3261
5010,2207
5011,1848
5012,2425
5013,2897
5014,3250
5015,2058
5016,3044
5017,3117
5018,2740
5019,2691
5020,2280
5021,1689
5022,3766
5023,2524
5024,2791
5025,2915
5026,3548
5027,2294
5028,2142
5029,2554
5030,2634
5031,2828
5032,3063
5033,2366
5034,2223
5035,3690
5036,3458
5037,3509
5038,2547
5039,2418
5040,1481
5041,2061
5042,2773
5043,2246
5044,1888
5045,1846
5046,2091
5047,1989
5048,1946
5049,2707
5050,-1
5051,3240
5052,2468
5053,2192
5054,2448
5055,2009
5056,3285
5057,2641
5058,1907
5059,2603
5060,2068
5061,2535
5062,2411
5063,2688
5064,2560
5065,2251
5066,2812
5067,3017
5068,2875
5069,2721
5070,2719
5071,2628
5072,1952
5073,2701
5074,2276
5075,2641
5076,2920
5077,2565
5078,2573
5079,2312
5080,2339
5081,2642
5082,3316
5083,2415
5084,1844
5085,2307
5086,2498
5087,2715
5088,2623
5089,2370
5090,-1
5091,2705
5092,2758
5093,2041
5094,1634
5095,2176
5096,2195
5097,2505
5098,2819
5099,2373
5100,3191
5101,2561
5102,1784
5103,1551
5104,2503
5105,2676
5106,2708
5107,2328
5108,1976
5109,2702
5110,3177
5111,2889
5112,2465
5113,2924
5114,2712
5115,3310
5116,2668
5117,3411
5118,2925
5119,3340
5120,2125
5121,2858
5122,2654
5123,2707
5124,2342
5125,2211
5126,2658
5127,2655
5128,2793
5129,1869
5130,934
5131,3022
5132,2468
5133,3879
5134,2757
5135,2480
5136,2599
5137,1982
5138,1025
5139,2700
5140,2626
5141,3082
5142,1671
5143,3139
5144,2078
5145,2331
5146,2745
5147,-1
5148,1845
5149,2285
5150,2579
5151,3499
5152,2709
5153,1931
5154,3022
5155,2423
5156,-1
5157,2936
5158,2937
5159,2436
5160,3053
5161,2280
5162,3549
5163,1742
5164,3080
5165,3170
5166,2803
5167,2978
5168,2611
5169,2219
5170,2431
5171,3418
5172,2964
5173,2580
5174,2044
5175,2231
5176,2006
5177,2853
5178,3102
5179,2747
5180,3244
5181,3374
5182,2701
5183,2288
5184,1543
5185,2504
5186,2101
5187,2914
5188,2707
5189,2801
5190,2499
5191,2343
5192,2141
5193,2784
5194,2568
5195,2628
5196,2697
5197,2442
5198,2888
5199,2250
5200,2852
5201,2913
5202,2822
5203,3280
5204,2518
5205,1697
5206,2812
5207,3033
5208,1728
5209,2174
5210,2336
5211,1351
5212,3023
5213,2503
5214,2564
5215,2636
5216,3222
5217,1235
5218,2100
5219,2502
5220,1767
5221,3230
5222,2763
5223,3126
5224,2906
5225,-1
5226,2465
5227,3451
5228,3567
5229,2891
5230,2204
5231,2878
5232,1987
5233,2828
5234,2715
5235,2044
5236,2614
5237,2846
5238,2635
5239,2658
5240,3038
5241,2978
5242,3029
5243,2313
5244,3087
5245,2881
5246,2687
5247,2864
5248,2666
5249,3001
5250,2505
5251,2365
5252,2693
5253,2260
5254,1915
5255,2886
5256,3205
5257,2194
5258,2736
5259,2873
5260,2982
5261,3731
5262,2889
5263,2867
5264,2522
5265,2788
5266,-1
5267,2388
5268,2774
5269,2616
5270,2464
5271,2942
5272,2270
5273,2818
5274,2793
5275,1816
5276,2417
5277,3704
5278,2540
5279,3022
5280,2839
5281,2788
5282,2539
5283,2312
5284,2747
5285,2191
5286,2972
5287,2386
5288,2898
5289,2640
5290,2757
5291,-1
5292,2249
5293,2343
5294,2320
5295,2533
5296,2821
5297,3360
5298,2219
5299,3277
5300,2238
5301,3441
5302,2386
5303,2103
5304,2979
5305,2274
5306,3303
5307,2450
5308,2729
5309,2534
5310,2736
5311,2218
5312,2823
5313,1910
5314,2256
5315,2237
5316,2325
5317,3168
5318,3739
5319,3122
5320,3471
5321,2192
5322,-1
5323,2941
5324,2746
5325,2519
5326,2133
5327,2860
5328,3084
5329,2562
5330,2478
5331,2917
5332,2734
5333,2645
5334,2620
5335,2975
5336,2139
5337,1063
5338,2048
5339,2416
5340,3915
5341,2443
5342,2782
5343,3156
5344,2837
5345,2294
5346,2997
5347,1682
5348,1842
5349,2848
5350,2931
5351,2630
5352,2867
5353,2804
5354,2288
5355,1884
5356,3357
5357,2207
5358,2089
5359,2876
5360,2840
5361,2231
5362,2893
5363,3302
5364,2225
5365,2404
5366,1675
5367,3024
5368,2533
5369,3121
5370,3251
5371,1895
5372,2672
5373,2984
5374,3293
5375,2317
5376,2850
5377,2639
5378,2966
5379,2825
5380,2032
5381,3042
5382,2215
5383,3026
5384,2073
5385,2442
5386,2911
5387,1716
5388,2135
5389,1549
5390,2548
5391,2568
5392,1437
5393,2162
5394,2808
5395,2814
5396,2700
5397,3608
5398,2604
5399,2741
5400,2074
5401,2814
5402,2658
5403,2652
5404,2575
5405,3065
5406,2230
5407,1136
5408,2332
5409,1649
5410,2798
5411,2961
5412,3444
5413,2881
5414,2754
5415,2316
5416,2755
5417,3064
5418,2610
5419,2367
5420,3599
5421,1768
5422,2279
5423,2640
5424,2300
5425,2336
5426,-1
5427,2407
5428,2934
5429,2918
5430,3348
5431,2597
5432,2011
5433,2798
5434,2429
5435,1898
5436,2868
5437,2427
5438,2695
5439,2479
5440,2670
5441,2545
5442,2423
5443,3140
5444,3081
5445,2128
5446,3146
5447,3490
5448,-1
5449,2283
5450,2445
5451,3120
5452,2094
5453,3264
5454,2697
5455,3023
5456,2533
5457,3578
5458,2432
5459,2586
5460,3294
5461,2670
5462,3023
5463,2439
5464,2341
5465,1605
5466,2462
5467,3072
5468,2684
5469,1542
5470,3513
5471,2424
5472,2630
5473,2150
5474,3893
5475,2957
5476,2322
5477,2490
5478,2211
5479,2419
5480,3502
5481,3056
5482,4019
5483,2580
5484,2208
5485,3393
5486,2445
5487,2951
5488,2762
5489,2692
5490,3101
5491,2565
5492,3697
5493,2224
5494,2299
5495,1831
5496,3198
5497,2455
5498,2699
5499,1761
5500,2111
5501,3917
5502,2673
5503,2710
5504,2634
5505,2733
5506,3203
5507,2431
5508,3669
5509,2290
5510,3248
5511,3139
5512,3046
5513,2879
5514,2631
5515,2848
5516,2437
5517,3142
5518,1976
5519,2297
5520,3276
5521,2944
5522,2607
5523,3179
5524,2632
5525,1793
5526,2459
5527,1999
5528,2690
5529,3051
5530,1670
5531,1615
5532,2976
5533,2768
5534,3300
5535,2509
5536,3429
5537,2495
5538,2635
5539,2092
5540,2522
5541,1722
5542,3309
5543,2413
5544,2897
5545,2774
5546,3185
5547,2121
5548,3254
5549,2471
5550,1952
5551,3394
5552,2927
5553,1816
5554,2595
5555,2691
5556,2238
5557,2930
5558,4233
5559,2377
5560,1963
5561,2418
5562,2887
5563,2589
5564,2144
5565,3286
5566,3420
5567,2096
5568,2624
5569,2138
5570,2613
5571,2789
5572,1627
5573,2873
5574,2292
5575,2529
5576,-1
5577,2461
5578,2834
5579,2647
5580,2634
5581,3072
5582,2994
5583,3183
5584,2880
5585,2273
5586,2727
5587,2589
5588,2820
5589,2713
5590,4339
5591,2836
5592,2948
5593,2860
5594,2397
5595,2465
5596,2305
5597,2231
5598,2942
5599,3294
5600,2576
5601,1828
5602,2950
5603,2717
5604,3015
5605,2330
5606,2536
5607,2607
5608,-1
5609,3123
5610,2714
5611,2663
5612,2026
5613,2428
5614,2466
5615,3491
5616,2573
5617,2533
5618,2617
5619,2420
5620,2144
5621,2517
5622,2966
5623,3367
5624,2535
5625,3299
5626,2221
5627,2469
5628,2094
5629,2689
5630,2484
5631,1228
5632,2963
5633,3152
5634,1852
5635,2318
5636,2761
5637,2453
5638,2811
5639,1757
5640,2713
5641,3356
5642,3102
5643,2581
5644,3063
5645,3114
5646,2432
5647,3253
5648,2458
5649,2158
5650,2735
5651,3045
5652,2978
5653,2191
5654,2411
5655,2675
5656,2378
5657,2622
5658,2091
5659,2570
5660,2300
5661,2517
5662,2785
5663,2707
5664,2429
5665,2566
5666,2857
5667,2523
5668,2569
5669,2275
5670,3165
5671,2649
5672,2544
5673,2246
5674,2699
5675,2838
5676,2118
5677,2593
5678,2551
5679,2167
5680,3206
5681,3179
5682,2759
5683,2814
5684,2807
5685,3017
5686,2849
5687,2428
5688,2567
5689,3254
5690,2573
5691,2856
5692,2373
5693,3097
5694,3263
5695,2892
5696,2113
5697,2993
5698,3098
5699,2737
5700,2433
5701,2696
5702,3764
5703,2733
5704,2972
5705,1025
5706,2873
5707,2054
5708,2614
5709,2495
5710,2473
5711,2319
5712,2747
5713,2524
5714,1680
5715,2907
5716,2637
5717,2820
5718,3130
5719,2428
5720,2601
5721,2822
5722,2558
5723,2388
5724,2503
5725,2629
5726,2301
5727,-1
5728,2703
5729,2310
5730,2728
5731,2946
5732,2686
5733,2739
5734,2197
5735,2610
5736,2428
5737,3270
5738,2598
5739,2889
5740,2757
5741,2804
5742,2500
5743,2647
5744,3625
5745,2167
5746,2449
5747,2554
5748,2658
5749,2626
5750,2141
5751,2169
5752,2033
5753,2546
5754,2747
5755,2054
5756,2828
5757,1856
5758,2503
5759,3034
5760,2626
5761,2816
5762,2924
5763,2681
5764,2762
5765,2705
5766,2406
5767,2585
5768,1398
5769,2471
5770,2737
5771,2085
5772,2135
5773,2884
5774,2315
5775,2636
5776,2015
5777,3150
5778,2223
5779,2951
5780,2239
5781,2478
5782,3086
5783,2050
5784,2226
5785,2596
5786,2928
5787,2323
5788,3008
5789,2584
5790,1728
5791,3035
5792,2644
5793,2979
5794,2376
5795,2222
5796,2125
5797,2323
5798,-1
5799,2747
5800,2439
5801,2263
5802,2934
5803,1630
5804,2908
5805,2943
5806,2452
5807,2806
5808,2832
5809,1535
5810,3379
5811,2764
5812,2557
5813,1869
5814,2834
5815,2688
5816,2827
5817,2761
5818,2947
5819,3487
5820,2077
5821,2571
5822,2336
5823,2432
5824,2104
5825,3360
5826,3372
5827,2855
5828,2867
5829,3405
5830,3026
5831,2596
5832,2730
5833,2518
5834,1692
5835,2409
5836,3050
5837,2348
5838,2661
5839,2728
5840,2265
5841,2792
5842,2012
5843,2475
5844,2692
5845,3355
5846,2879
5847,2236
5848,3041
5849,3088
5850,2587
5851,2561
5852,3348
5853,2590
5854,3547
5855,3460
5856,2196
5857,2523
5858,3220
5859,2976
5860,2804
5861,1510
5862,2477
5863,2868
5864,2514
5865,2335
5866,2314
5867,2509
5868,2594
5869,2463
5870,-1
5871,4846
5872,2602
5873,2575
5874,2804
5875,2152
5876,1879
5877,2045
5878,2829
5879,2303
5880,2905
5881,2999
5882,2701
5883,1854
5884,2680
5885,3196
5886,2633
5887,3271
5888,2607
5889,2491
5890,3049
5891,2574
5892,2457
5893,3242
5894,2659
5895,2663
5896,2290
5897,2967
5898,2084
5899,2811
5900,3399
5901,2294
5902,3074
5903,2602
5904,711
5905,2219
5906,2512
5907,2446
5908,3403
5909,2339
5910,1938
5911,2149
5912,2263
5913,2532
5914,3090
5915,3176
5916,2614
5917,2559
5918,3025
5919,2753
5920,1219
5921,-1
5922,3056
5923,4056
5924,-1
5925,2101
5926,2806
5927,1440
5928,2605
5929,2450
5930,2529
5931,2623
5932,3404
5933,2575
5934,3693
5935,2472
5936,2551
5937,3247
5938,2509
5939,2411
5940,2383
5941,2426
5942,2538
5943,2963
5944,3344
5945,3105
5946,2526
5947,3174
5948,2769
5949,2042
5950,2718
5951,3017
5952,2410
5953,2474
5954,2865
5955,3546
5956,2778
5957,2821
5958,2350
5959,2600
5960,2564
5961,2536
5962,2658
5963,2440
5964,3049
5965,2811
5966,1722
5967,2646
5968,2653
5969,2569
5970,2367
5971,2629
5972,2961
5973,2356
5974,2990
5975,2247
5976,2235
5977,1805
5978,2068
5979,1845
5980,2165
5981,1857
5982,2707
5983,2703
5984,3191
5985,2684
5986,2942
5987,2725
5988,3101
5989,2795
5990,2606
5991,2716
5992,2927
5993,2127
5994,3184
5995,2315
5996,3355
5997,2984
5998,2428
5999,2972
6000,2316
6001,2618
6002,2717
6003,2608
6004,2052
6005,2153
6006,-1
6007,2985
6008,2416
6009,2813
6010,2177
6011,2966
6012,2866
6013,2549
6014,3020
6015,2792
6016,2906
6017,3299
6018,2288
6019,3282
6020,3015
6021,2623
6022,1982
6023,3373
6024,2545
6025,2731
6026,2719
6027,3173
6028,2668
6029,2725
6030,3099
6031,2381
6032,2562
6033,2046
6034,2276
6035,2455
6036,2366
6037,2843
6038,2156
6039,2683
6040,2593
6041,2830
6042,-1
6043,2295
6044,2781
6045,3076
6046,2251
6047,2875
6048,2912
6049,2469
6050,2906
6051,3001
6052,2363
6053,2602
6054,2844
6055,2774
6056,2731
6057,2612
6058,1608
6059,2553
6060,-1
6061,1975
6062,2551
6063,2777
6064,2459
6065,3375
6066,3242
6067,2602
6068,2653
6069,2976
6070,2473
6071,2663
6072,2655
6073,2306
6074,1759
6075,2892
6076,2768
6077,2726
6078,2827
6079,2535
6080,2701
6081,2247
6082,2971
6083,2253
6084,2966
6085,2970
6086,2722
6087,2127
6088,2415
6089,2739
6090,1890
6091,2501
6092,3672
6093,2944
6094,1519
6095,2904
6096,2652
6097,2189
6098,2753
6099,2952
6100,1730
6101,2562
6102,2357
6103,1935
6104,2506
6105,2095
6106,2471
6107,2884
6108,2431
6109,2399
6110,2875
6111,2659
6112,2564
6113,3140
6114,2729
6115,2184
6116,2640
6117,2702
6118,2433
6119,2418
6120,2765
6121,-1
6122,2546
6123,2521
6124,2557
6125,2550
6126,2925
6127,2770
6128,2817
6129,2163
6130,3371
6131,2482
6132,2796
6133,2704
6134,2997
6135,2324
6136,2175
6137,2311
6138,2876
6139,2333
6140,2241
6141,2494
6142,2435
6143,2057
6144,2596
6145,2862
6146,2549
6147,2695
6148,2665
6149,2352
6150,2641
6151,2745
6152,3123
6153,2508
6154,2424
6155,2439
6156,2647
6157,2291
6158,2154
6159,2402
6160,2630
6161,2094
6162,2922
6163,2563
6164,2724
6165,2539
6166,2428
6167,2437
6168,2126
6169,2860
6170,2228
6171,1861
6172,2277
6173,2622
6174,1618
6175,2665
6176,2048
6177,1939
6178,2831
6179,3174
6180,3517
6181,2667
6182,3574
6183,2854
6184,2427
6185,3269
6186,3046
6187,2842
6188,3263
6189,2000
6190,2503
6191,2379
6192,2993
6193,3134
6194,2142
6195,2627
6196,2322
6197,2868
6198,3477
6199,2594
6200,2570
6201,3014
6202,2197
6203,2611
6204,2876
6205,2982
6206,2263
6207,2786
6208,2667
6209,1949
6210,3148
6211,2963
6212,2790
6213,2763
6214,1475
6215,3134
6216,2436
6217,2530
6218,1888
6219,2876
6220,1716
6221,2341
6222,2799
6223,2392
6224,2705
6225,3013
6226,2211
6227,3139
6228,2158
6229,2758
6230,2577
6231,2752
6232,3003
6233,2468
6234,2208
6235,2335
6236,2098
6237,2722
6238,2336
6239,2146
6240,1737
6241,2164
6242,2706
6243,2831
6244,2034
6245,2447
6246,2666
6247,2318
6248,2468
6249,2826
6250,1053
6251,3622
6252,2928
6253,3710
6254,2999
6255,2622
6256,2594
6257,2465
6258,3749
6259,2679
6260,2921
6261,3780
6262,3225
6263,2488
6264,2751
6265,2414
6266,2759
6267,2289
6268,2331
6269,2720
6270,2560
6271,2983
6272,2539
6273,2680
6274,2781
6275,2601
6276,2746
6277,3118
6278,1590
6279,2567
6280,2710
6281,2783
6282,2501
6283,2415
6284,3305
6285,2949
6286,2669
6287,3365
6288,2531
6289,2142
6290,2935
6291,2343
6292,2352
6293,2618
6294,-1
6295,2957
6296,2329
6297,3000
6298,2417
6299,3103
6300,3075
6301,2573
6302,2136
6303,2827
6304,2531
6305,3207
6306,2986
6307,3108
6308,2188
6309,-1
6310,2632
6311,2158
6312,2856
6313,2915
6314,1856
6315,3086
6316,1888
6317,2995
6318,2423
6319,2933
6320,2945
6321,2367
6322,2453
6323,2270
6324,3172
6325,1792
6326,3115
6327,4152
6328,2800
6329,2020
6330,2506
6331,2940
6332,1618
6333,-1
6334,2608
6335,2045
6336,1876
6337,2971
6338,2862
6339,2621
6340,2458
6341,2904
6342,1648
6343,2659
6344,3158
6345,2388
6346,2096
6347,2187
6348,2758
6349,2558
6350,1711
6351,3389
6352,1912
6353,2416
6354,2441
6355,3137
6356,2250
6357,2900
6358,2702
6359,2603
6360,2275
6361,2818
6362,2527
6363,2604
6364,2678
6365,2581
6366,2679
6367,-1
6368,2182
6369,2983
6370,2430
6371,2461
6372,2261
6373,2480
6374,2772
6375,3437
6376,2438
6377,2103
6378,3292
6379,2230
6380,2579
6381,3156
6382,2410
6383,2859
6384,2594
6385,3291
6386,2215
6387,2154
6388,3320
6389,2184
6390,2531
6391,3401
6392,2720
6393,3319
6394,3123
6395,2299
6396,2959
6397,2928
6398,2949
6399,2256
6400,3673
6401,3250
6402,2495
6403,2852
6404,2469
6405,2547
6406,2593
6407,2027
6408,3320
6409,1297
6410,2161
6411,2685
6412,2909
6413,3594
6414,2320
6415,2888
6416,2522
6417,1873
6418,2702
6419,2205
6420,2642
6421,2762
6422,3266
6423,-1
6424,3256
6425,2792
6426,2374
6427,2559
6428,2876
6429,1635
6430,2058
6431,2019
6432,3651
6433,-1
6434,2535
6435,2358
6436,-1
6437,2330
6438,2590
6439,2645
6440,2891
6441,2579
6442,2500
6443,3456
6444,2959
6445,1702
6446,2783
6447,2297
6448,3436
6449,2554
6450,2623
6451,2513
6452,2515
6453,1840
6454,2470
6455,3150
6456,2866
6457,2785
6458,3112
6459,2282
6460,3218
6461,2240
6462,2505
6463,3107
6464,2343
6465,2284
6466,2577
6467,2657
6468,2652
6469,3000
6470,-1
6471,2206
6472,2295
6473,3005
6474,2655
6475,2889
6476,1963
6477,2935
6478,2975
6479,3125
6480,2947
6481,2597
6482,3319
6483,2935
6484,2248
6485,2455
6486,2776
6487,2393
6488,2864
6489,2967
6490,2445
6491,2254
6492,2834
6493,3695
6494,2520
6495,2882
6496,2576
6497,2288
6498,3145
6499,3551
6500,1312
6501,3463
6502,2050
6503,2292
6504,2568
6505,2531
6506,2370
6507,2557
6508,3237
6509,2927
6510,1613
6511,2602
6512,2639
6513,3376
6514,2833
6515,3316
6516,-1
6517,3021
6518,2131
6519,2441
6520,2550
6521,2955
6522,2547
6523,2506
6524,-1
6525,2608
6526,2330
6527,2699
6528,2465
6529,1712
6530,2355
6531,3157
6532,2686
6533,2970
6534,2902
6535,2496
6536,2780
6537,2366
6538,2586
6539,2800
6540,2113
6541,2727
6542,2739
6543,1845
6544,4445
6545,2676
6546,2140
6547,2473
6548,2614
6549,2684
6550,2928
6551,2794
6552,3558
6553,2288
6554,2406
6555,2507
6556,3000
6557,2772
6558,2399
6559,2282
6560,3203
6561,2984
6562,2904
6563,2898
6564,2006
6565,2502
6566,2384
6567,2922
6568,1873
6569,2519
6570,3389
6571,2797
6572,3426
6573,2747
6574,2368
6575,1861
6576,2204
6577,2666
6578,2633
6579,3016
6580,2456
6581,3115
6582,3874
6583,3891
6584,2404
6585,1985
6586,2074
6587,2282
6588,2611
6589,1676
6590,2619
6591,2609
6592,2364
6593,2825
6594,1945
6595,2709
6596,2027
6597,2810
6598,2075
6599,3858
6600,2809
6601,2466
6602,1818
6603,2371
6604,1740
6605,2053
6606,3050
6607,3195
6608,2577
6609,2573
6610,2957
6611,2006
6612,2075
6613,2897
6614,3469
6615,3184
6616,2654
6617,3475
6618,2962
6619,2924
6620,2506
6621,2136
6622,3663
6623,2275
6624,3081
6625,3141
6626,2635
6627,2447
6628,2817
6629,2514
6630,2731
6631,2016
6632,2469
6633,2900
6634,2341
6635,2852
6636,2674
6637,2535
6638,1920
6639,-1
6640,2362
6641,-1
6642,3079
6643,2807
6644,2109
6645,2199
6646,2326
6647,2329
6648,3368
6649,3462
6650,831
6651,3030
6652,3709
6653,2276
6654,3541
6655,2704
6656,1136
6657,2767
6658,634
6659,3205
6660,3372
6661,3612
6662,2530
6663,2272
6664,2875
6665,2394
6666,2716
6667,2698
6668,3412
6669,3621
6670,2626
6671,2811
6672,2440
6673,2728
6674,2480
6675,2797
6676,2521
6677,3220
6678,3130
6679,2959
6680,2336
6681,2961
6682,3197
6683,2832
6684,2559
6685,2280
6686,2551
6687,-1
6688,2451
6689,3172
6690,2962
6691,3009
6692,2501
6693,2252
6694,2702
6695,1921
6696,3327
6697,2531
6698,2310
6699,2552
6700,2584
6701,2638
6702,2997
6703,2855
6704,2144
6705,2094
6706,2910
6707,2394
6708,2466
6709,2575
6710,2320
6711,1708
6712,2213
6713,3020
6714,2581
6715,2540
6716,2440
6717,-1
6718,2664
6719,1356
6720,1615
6721,2688
6722,3662
6723,2577
6724,2001
6725,-1
6726,2092
6727,2655
6728,2230
6729,3163
6730,3043
6731,2552
6732,2270
6733,2281
6734,3116
6735,3084
6736,2544
6737,2451
6738,-1
6739,2221
6740,2782
6741,3348
6742,2327
6743,2936
6744,2899
6745,3170
6746,2541
6747,2531
6748,3000
6749,2826
6750,2664
6751,2700
6752,2723
6753,3222
6754,2127
6755,2704
6756,2222
6757,2517
6758,2813
6759,2641
6760,1954
6761,2459
6762,2539
6763,3334
6764,3303
6765,2626
6766,2490
6767,2259
6768,2395
6769,3168
6770,2782
6771,2821
6772,2258
6773,2896
6774,2711
6775,2456
6776,2997
6777,2201
6778,2164
6779,3279
6780,2845
6781,3016
6782,2662
6783,2921
6784,3045
6785,2999
6786,2333
6787,3162
6788,2323
6789,2895
6790,2155
6791,2430
6792,2663
6793,2606
6794,2545
6795,2813
6796,2467
6797,2673
6798,2940
6799,2028
6800,2511
6801,2962
6802,2138
6803,3175
6804,1997
6805,2843
6806,2926
6807,2452
6808,2520
6809,2400
6810,1922
6811,2394
6812,2536
6813,2837
6814,2339
6815,2465
6816,2803
6817,2213
6818,2092
6819,2809
6820,3055
6821,3126
6822,2178
6823,3074
6824,2650
6825,2810
6826,3034
6827,2680
6828,1860
6829,2656
6830,3062
6831,1654
6832,2762
6833,3131
6834,2886
6835,2168
6836,3957
6837,2643
6838,2324
6839,1747
6840,2055
6841,3029
6842,2245
6843,2738
6844,3092
6845,2343
6846,2284
6847,2631
6848,2862
6849,2705
6850,3110
6851,2273
6852,2604
6853,2446
6854,2515
6855,2745
6856,2864
6857,2767
6858,2747
6859,2895
6860,1568
6861,2169
6862,2550
6863,2702
6864,2313
6865,2352
6866,2091
6867,2962
6868,1874
6869,2538
6870,2511
6871,2762
6872,3127
6873,3411
6874,3058
6875,1594
6876,2566
6877,3373
6878,2180
6879,2457
6880,2374
6881,2708
6882,2717
6883,2474
6884,2876
6885,3401
6886,3632
6887,-1
6888,2939
6889,2138
6890,2573
6891,2859
6892,2143
6893,2735
6894,2447
6895,2808
6896,2700
6897,2403
6898,2560
6899,3199
6900,1754
6901,2473
6902,2966
6903,3065
6904,2713
6905,2797
6906,2523
6907,2215
6908,2375
6909,3156
6910,3087
6911,2301
6912,2637
6913,2337
6914,2520
6915,2713
6916,2572
6917,2610
6918,2371
6919,3462
6920,2385
6921,2033
6922,2436
6923,2681
6924,2567
6925,2245
6926,2207
6927,2007
6928,2112
6929,3227
6930,1475
6931,2964
6932,2965
6933,2292
6934,2506
6935,756
6936,2904
6937,2689
6938,2970
6939,2177
6940,3208
6941,2260
6942,2756
6943,2718
6944,2824
6945,2146
6946,2857
6947,2700
6948,1396
6949,1983
6950,3145
6951,2502
6952,2489
6953,3480
6954,2785
6955,2306
6956,1853
6957,2613
6958,3538
6959,2268
6960,2501
6961,3137
6962,3443
6963,2406
6964,1849
6965,2359
6966,2786
6967,2019
6968,1986
6969,2255
6970,3103
6971,2789
6972,2635
6973,2262
6974,2660
6975,3132
6976,3039
6977,1882
6978,2751
6979,2787
6980,3668
6981,2647
6982,2727
6983,3078
6984,1961
6985,2815
6986,2683
6987,2664
6988,2984
6989,3640
6990,2465
6991,2284
6992,2760
6993,2096
6994,3028
6995,3038
6996,2915
6997,2673
6998,2249
6999,2772
7000,2475
7001,2828
7002,2758
7003,2208
7004,2720
7005,1869
7006,3126
7007,2864
7008,-1
7009,2555
7010,2406
7011,2380
7012,2685
7013,2499
7014,2005
7015,2202
7016,2423
7017,3013
7018,2921
7019,3277
7020,-1
7021,2942
7022,2657
7023,2913
7024,2507
7025,2445
7026,3061
7027,3272
7028,2125
7029,2607
7030,2603
7031,1761
7032,2684
7033,2787
7034,3089
7035,2357
7036,3204
7037,2812
7038,2696
7039,3205
7040,2265
7041,3100
7042,2323
7043,2471
7044,2301
7045,2586
7046,2985
7047,2974
7048,1838
7049,1969
7050,2760
7051,2850
7052,2490
7053,1863
7054,3295
7055,2712
7056,2720
7057,2315
7058,2316
7059,2539
7060,2509
7061,2686
7062,2102
7063,3661
7064,2950
7065,-1
7066,2616
7067,2793
7068,2510
7069,3435
7070,2815
7071,2782
7072,2437
7073,2488
7074,2974
7075,2313
7076,2302
7077,2801
7078,2601
7079,3107
7080,2300
7081,1839
7082,2287
7083,2782
7084,2755
7085,2129
7086,1785
7087,2161
7088,2491
7089,3044
7090,2337
7091,2880
7092,2719
7093,2445
7094,2504
7095,3403
7096,3353
7097,2396
7098,2307
7099,2323
7100,2489
7101,2615
7102,2590
7103,2790
7104,2591
7105,3151
7106,2347
7107,2460
7108,2619
7109,2758
7110,2693
7111,2076
7112,1815
7113,3234
7114,2174
7115,2644
7116,3238
7117,2396
7118,1862
7119,2651
7120,2569
7121,2706
7122,2731
7123,2427
7124,2812
7125,2370
7126,2967
7127,2674
7128,3301
7129,2336
7130,2934
7131,2455
7132,3047
7133,3098
7134,2733
7135,3206
7136,2967
7137,2580
7138,2678
7139,3266
7140,2355
7141,2753
7142,2693
7143,2050
7144,2488
7145,3657
7146,2768
7147,2232
7148,3156
7149,2820
7150,2756
7151,2115
7152,2198
7153,2585
7154,1423
7155,2908
7156,2908
7157,2908
7158,3025
7159,2482
7160,2633
7161,1737
7162,2861
7163,2274
7164,2337
7165,2573
7166,3407
7167,2822
7168,2927
7169,2180
7170,2628
7171,2086
7172,2760
7173,3608
7174,2766
7175,2333
7176,3179
7177,3137
7178,2607
7179,2571
7180,2730
7181,3107
7182,2663
7183,2713
7184,2496
7185,2999
7186,2817
7187,3109
7188,3623
7189,2562
7190,2537
7191,3777
7192,2235
7193,2189
7194,1953
7195,2257
7196,1855
7197,3249
7198,1773
7199,2267
7200,2519
7201,-1
7202,2628
7203,2089
7204,2673
7205,3322
7206,2252
7207,2498
7208,2941
7209,1666
7210,3036
7211,1832
7212,3191
7213,2543
7214,3034
7215,2869
7216,2509
7217,2636
7218,2747
7219,3396
7220,2269
7221,2684
7222,2543
7223,1048
7224,2759
7225,3005
7226,2649
7227,2518
7228,2467
7229,2576
7230,2933
7231,2335
7232,2908
7233,2449
7234,2762
7235,3035
7236,2477
7237,3374
7238,2437
7239,3054
7240,1926
7241,2857
7242,2392
7243,2945
7244,2884
7245,2545
7246,3544
7247,2343
7248,3219
7249,2428
7250,2948
7251,2372
7252,2752
7253,1358
7254,2605
7255,1749
7256,1726
7257,2829
7258,2384
7259,2317
7260,2480
7261,3049
7262,2871
7263,2892
7264,2666
7265,2434
7266,2492
7267,3092
7268,2613
7269,2020
7270,2962
7271,2161
7272,2436
7273,2742
7274,2465
7275,2188
7276,2564
7277,-1
7278,1654
7279,3023
7280,2522
7281,-1
7282,2351
7283,3191
7284,1971
7285,3084
7286,2715
7287,2928
7288,2735
7289,2611
7290,1929
7291,2606
7292,2896
7293,2939
7294,2508
7295,2397
7296,3159
7297,2452
7298,2470
7299,2237
7300,3049
7301,2254
7302,1819
7303,2424
7304,2438
7305,2728
7306,2518
7307,2700
7308,3076
7309,3563
7310,2067
7311,3102
7312,1401
7313,2501
7314,2516
7315,2304
7316,2431
7317,1642
7318,2798
7319,2473
7320,2675
7321,2990
7322,2481
7323,1800
7324,2312
7325,3200
7326,2529
7327,3498
7328,2892
7329,2899
7330,2700
7331,3102
7332,2162
7333,2615
7334,2288
7335,2537
7336,3071
7337,2957
7338,1890
7339,3050
7340,2447
7341,2384
7342,3114
7343,2763
7344,2854
7345,2818
7346,1879
7347,2020
7348,2821
7349,2147
7350,2417
7351,2731
7352,2283
7353,2505
7354,2293
7355,2940
7356,2843
7357,3329
7358,2186
7359,2951
7360,2788
7361,3638
7362,2820
7363,3160
7364,3196
7365,2641
7366,3804
7367,2521
7368,3836
7369,2787
7370,2240
7371,2915
7372,2147
7373,2649
7374,1989
7375,2395
7376,2405
7377,2970
7378,2853
7379,2342
7380,2787
7381,2563
7382,2836
7383,2369
7384,2511
7385,2464
7386,3024
7387,2908
7388,2664
7389,3168
7390,2268
7391,2792
7392,2993
7393,2431
7394,3245
7395,2697
7396,2720
7397,2556
7398,2262
7399,2561
7400,2961
7401,2576
7402,3435
7403,2590
7404,1351
7405,2078
7406,2486
7407,2833
7408,2032
7409,2602
7410,2721
7411,2491
7412,3291
7413,1940
7414,2709
7415,2621
7416,2330
7417,2068
7418,2654
7419,2855
7420,1885
7421,2340
7422,2589
7423,2719
7424,3416
7425,2830
7426,2899
7427,2786
7428,3136
7429,2072
7430,2562
7431,2212
7432,2858
7433,2526
7434,2079
7435,2181
7436,3026
7437,3175
7438,4084
7439,2766
7440,2840
7441,2346
7442,2663
7443,2768
7444,2720
7445,2552
7446,1684
7447,2105
7448,2583
7449,2439
7450,3061
7451,2841
7452,2833
7453,2938
7454,2508
7455,3375
7456,2706
7457,2172
7458,3350
7459,2831
7460,3022
7461,3090
7462,2102
7463,2942
7464,2178
7465,2346
7466,2782
7467,1653
7468,3089
7469,2846
7470,1806
7471,2742
7472,2443
7473,2641
7474,2432
7475,2704
7476,2534
7477,2458
7478,1908
7479,2185
7480,2657
7481,2588
7482,1819
7483,1363
7484,3112
7485,3950
7486,2431
7487,2564
7488,2527
7489,2516
7490,2421
7491,2271
7492,2761
7493,3038
7494,2415
7495,2578
7496,2586
7497,2341
7498,3254
7499,2492
7500,1785
7501,2974
7502,1924
7503,2844
7504,2530
7505,2349
7506,2484
7507,3274
7508,2569
7509,2310
7510,3019
7511,2762
7512,2525
7513,2784
7514,3149
7515,2380
7516,2742
7517,2372
7518,3004
7519,2423
7520,2239
7521,2387
7522,2959
7523,2513
7524,2373
7525,2151
7526,2227
7527,2332
7528,2682
7529,2786
7530,1784
7531,2795
7532,2613
7533,2515
7534,2551
7535,2533
7536,2417
7537,2186
7538,2168
7539,3142
7540,3190
7541,2706
7542,2602
7543,2952
7544,2424
7545,1946
7546,3275
7547,2851
7548,2283
7549,3096
7550,2803
7551,2336
7552,2520
7553,3673
7554,3359
7555,1494
7556,2375
7557,2192
7558,3090
7559,2716
7560,2189
7561,-1
7562,2999
7563,2807
7564,2318
7565,2648
7566,3485
7567,2353
7568,2945
7569,2769
7570,2698
7571,2731
7572,2375
7573,2175
7574,3023
7575,3038
7576,2601
7577,2217
7578,2616
7579,2663
7580,2110
7581,2298
7582,3011
7583,2715
7584,2820
7585,2887
7586,2144
7587,1826
7588,2480
7589,2373
7590,-1
7591,2972
7592,2802
7593,3097
7594,2667
7595,2685
7596,2700
7597,2966
7598,2770
7599,3307
7600,2584
7601,2538
7602,2808
7603,1926
7604,3105
7605,2576
7606,2879
7607,2468
7608,2834
7609,2823
7610,3296
7611,3504
7612,2681
7613,2006
7614,2647
7615,2082
7616,2426
7617,2369
7618,2708
7619,2542
7620,3029
7621,2758
7622,2984
7623,2971
7624,3243
7625,2777
7626,2465
7627,2449
7628,3058
7629,2615
7630,2221
7631,2763
7632,3050
7633,2781
7634,2936
7635,2617
7636,2622
7637,2370
7638,3063
7639,2819
7640,2843
7641,2514
7642,2993
7643,3328
7644,-1
7645,2324
7646,2706
7647,3198
7648,2071
7649,3341
7650,3302
7651,2475
7652,1850
7653,3277
7654,2512
7655,3490
7656,2503
7657,2458
7658,2037
7659,2237
7660,2449
7661,2925
7662,2881
7663,2684
7664,2460
7665,2909
7666,2305
7667,2800
7668,2906
7669,3025
7670,2684
7671,2425
7672,2653
7673,2233
7674,-1
7675,2523
7676,2736
7677,2752
7678,2798
7679,2486
7680,2451
7681,2707
7682,2917
7683,2028
7684,2531
7685,2451
7686,2493
7687,2569
7688,2464
7689,2484
7690,2335
7691,2559
7692,2449
7693,2245
7694,3875
7695,2703
7696,2045
7697,2839
7698,2698
7699,2360
7700,2814
7701,2823
7702,1691
7703,2607
7704,3070
7705,2778
7706,3114
7707,2106
7708,2610
7709,2006
7710,2758
7711,2413
7712,2953
7713,2311
7714,2766
7715,1923
7716,1901
7717,3181
7718,2552
7719,3207
7720,3185
7721,2794
7722,2413
7723,2977
7724,1322
7725,2891
7726,2639
7727,2439
7728,2908
7729,2772
7730,3184
7731,2608
7732,2519
7733,2512
7734,3082
7735,2369
7736,3016
7737,2226
7738,2880
7739,2061
7740,2478
7741,2601
7742,2902
7743,2298
7744,2404
7745,2937
7746,2710
7747,2831
7748,2248
7749,3023
7750,2701
7751,3400
7752,3240
7753,3184
7754,2713
7755,1510
7756,2847
7757,3449
7758,-1
7759,2820
7760,2888
7761,2709
7762,2573
7763,3364
7764,2722
7765,-1
7766,2899
7767,3042
7768,2373
7769,2340
7770,2537
7771,2545
7772,2897
7773,2788
7774,1829
7775,2503
7776,2284
7777,2640
7778,2834
7779,2663
7780,2718
7781,2561
7782,2547
7783,2018
7784,3325
7785,2900
7786,2900
7787,-1
7788,2722
7789,2312
7790,2486
7791,2535
7792,1979
7793,3006
7794,3368
7795,3018
7796,3002
7797,1653
7798,2903
7799,3430
7800,2549
7801,2396
7802,3450
7803,1947
7804,2468
7805,2688
7806,2374
7807,2412
7808,2001
7809,2134
7810,2435
7811,3776
7812,2360
7813,1983
7814,3279
7815,2743
7816,2751
7817,2302
7818,2651
7819,2365
7820,2054
7821,2740
7822,3179
7823,2348
7824,2406
7825,2863
7826,2916
7827,2727
7828,2880
7829,3070
7830,3202
7831,2346
7832,2670
7833,2753
7834,2778
7835,2093
7836,2604
7837,2580
7838,2781
7839,2623
7840,2273
7841,3027
7842,1927
7843,2437
7844,2740
7845,1524
7846,3269
7847,3079
7848,2441
7849,3090
7850,3086
7851,2473
7852,2960
7853,2717
7854,2874
7855,2787
7856,1664
7857,2345
7858,2494
7859,2285
7860,2665
7861,-1
7862,2756
7863,2734
7864,2713
7865,1844
7866,2900
7867,2631
7868,2916
7869,2582
7870,2343
7871,2365
7872,3702
7873,2481
7874,2865
7875,2879
7876,2814
7877,2281
7878,2202
7879,2525
7880,-1
7881,2942
7882,2754
7883,1865
7884,1673
7885,2344
7886,2841
7887,2931
7888,2170
7889,2566
7890,2936
7891,3008
7892,2920
7893,1923
7894,2095
7895,2146
7896,2961
7897,2789
7898,2896
7899,2423
7900,1796
7901,2536
7902,2672
7903,2885
7904,2279
7905,3332
7906,2375
7907,2586
7908,2395
7909,2008
7910,3241
7911,3060
7912,2732
7913,2551
7914,2465
7915,2701
7916,-1
7917,2629
7918,3024
7919,2740
7920,3525
7921,3485
7922,2377
7923,2527
7924,2614
7925,2420
7926,3171
7927,2761
7928,2223
7929,2564
7930,3497
7931,2259
7932,3085
7933,2627
7934,2884
7935,2901
7936,1839
7937,2995
7938,3294
7939,2776
7940,1917
7941,3879
7942,1799
7943,2881
7944,1949
7945,2963
7946,3625
7947,2215
7948,2868
7949,2360
7950,2902
7951,2132
7952,2981
7953,2686
7954,3129
7955,2495
7956,2283
7957,3039
7958,2957
7959,1079
7960,2894
7961,2762
7962,2771
7963,2911
7964,2384
7965,2980
7966,2082
7967,1669
7968,3272
7969,2248
7970,2698
7971,2122
7972,2472
7973,2224
7974,3243
7975,2863
7976,2063
7977,2552
7978,2461
7979,2818
7980,1951
7981,2947
7982,2459
7983,-1
7984,2406
7985,2231
7986,2691
7987,2256
7988,2386
7989,-1
7990,3199
7991,3078
7992,3207
7993,2577
7994,3065
7995,2491
7996,3314
7997,1254
7998,2417
7999,3223
8000,3093
8001,2990
8002,1820
8003,2776
8004,3174
8005,2233
8006,2091
8007,3078
8008,3395
8009,3256
8010,2512
8011,2521
8012,2589
8013,2893
8014,3021
8015,1656
8016,2301
8017,2245
8018,2306
8019,2626
8020,1919
8021,2976
8022,3184
8023,2384
8024,3761
8025,2328
8026,3068
8027,2729
8028,2724
8029,2766
8030,-1
8031,3081
8032,2558
8033,3128
8034,2267
8035,2263
8036,3258
8037,3577
8038,2507
8039,2718
8040,2995
8041,2323
8042,3086
8043,2949
8044,2419
8045,2813
8046,2044
8047,2687
8048,2961
8049,3285
8050,2045
8051,2707
8052,3274
8053,2817
8054,2883
8055,2529
8056,2584
8057,2248
8058,1819
8059,3043
8060,2651
8061,2991
8062,2781
8063,2636
8064,3226
8065,2812
8066,1609
8067,2119
8068,2067
8069,2132
8070,2476
8071,2553
8072,3275
8073,2891
8074,2310
8075,2721
8076,1933
8077,2426
8078,2624
8079,2880
8080,1988
8081,2140
8082,2636
8083,2640
8084,3352
8085,2861
8086,2047
8087,2774
8088,2750
8089,2327
8090,2393
8091,2593
8092,2476
8093,2600
8094,2888
8095,2900
8096,2521
8097,2095
8098,2560
8099,2446
8100,2662
8101,2627
8102,2866
8103,-1
8104,3454
8105,2996
8106,1860
8107,3003
8108,1980
8109,3096
8110,2251
8111,2481
8112,2441
8113,2624
8114,2598
8115,3098
8116,2827
8117,3369
8118,2136
8119,2315
8120,3212
8121,2581
8122,2868
8123,2210
8124,2624
8125,3162
8126,2320
8127,2967
8128,2367
8129,2454
8130,2989
8131,2971
8132,2798
8133,-1
8134,3067
8135,3028
8136,3219
8137,2431
8138,3353
8139,2673
8140,3149
8141,2970
8142,2590
8143,3323
8144,2815
8145,3449
8146,2238
8147,2255
8148,2685
8149,2403
8150,2357
8151,2806
8152,2900
8153,2310
8154,2911
8155,2567
8156,2281
8157,3373
8158,1567
8159,2268
8160,2900
8161,2667
8162,2564
8163,1471
8164,2377
8165,2890
8166,2720
8167,2638
8168,3533
8169,3101
8170,1990
8171,2215
8172,2308
8173,2055
8174,2287
8175,3594
8176,2064
8177,2880
8178,2308
8179,2734
8180,2642
8181,2693
8182,3034
8183,2322
8184,2420
8185,2844
8186,2311
8187,2818
8188,2945
8189,2686
8190,3304
8191,2148
8192,2632
8193,2462
8194,3390
8195,3230
8196,2793
8197,2931
8198,1953
8199,2939
8200,2077
8201,2632
8202,1726
8203,2644
8204,3935
8205,2669
8206,2480
8207,2941
8208,2756
8209,2964
8210,2889
8211,2246
8212,3174
8213,2611
8214,3059
8215,3051
8216,2631
8217,2669
8218,2670
8219,3001
8220,3039
8221,3118
8222,2419
8223,3081
8224,2748
8225,2420
8226,2878
8227,2392
8228,2301
8229,3146
8230,2957
8231,2728
8232,1953
8233,2525
8234,2550
8235,2151
8236,2635
8237,2142
8238,2673
8239,2795
8240,2093
8241,3490
8242,1962
8243,3039
8244,1419
8245,2984
8246,2704
8247,3491
8248,3187
8249,2995
8250,2456
8251,2581
8252,2640
8253,2817
8254,2694
8255,3007
8256,2646
8257,3138
8258,3143
8259,2869
8260,2016
8261,2395
8262,2258
8263,2636
8264,2121
8265,2712
8266,-1
8267,2956
8268,3035
8269,2863
8270,3600
8271,2649
8272,3246
8273,2713
8274,2281
8275,2953
8276,3135
8277,2491
8278,2970
8279,2864
8280,2622
8281,2944
8282,1577
8283,1857
8284,2593
8285,2317
8286,2405
8287,3264
8288,2884
8289,2747
8290,2650
8291,3004
8292,2548
8293,2279
8294,2105
8295,2121
8296,2293
8297,3026
8298,3497
8299,2213
8300,3150
8301,2841
8302,2680
8303,3039
8304,2830
8305,2844
8306,3048
8307,2505
8308,2168
8309,2822
8310,2674
8311,2385
8312,2044
8313,2725
8314,2907
8315,2174
8316,2857
8317,2558
8318,2794
8319,2388
8320,2640
8321,2547
8322,2657
8323,2018
8324,2838
8325,2671
8326,2157
8327,2337
8328,2870
8329,2719
8330,1982
8331,2172
8332,2511
8333,1771
8334,3049
8335,-1
8336,2214
8337,1482
8338,2852
8339,2374
8340,1931
8341,2163
8342,2683
8343,2781
8344,2676
8345,2628
8346,2724
8347,2458
8348,2925
8349,1883
8350,2327
8351,2085
8352,2238
8353,2496
8354,3029
8355,2827
8356,2453
8357,2859
8358,2338
8359,1844
8360,2514
8361,2915
8362,2069
8363,2404
8364,2551
8365,2204
8366,2910
8367,2338
8368,2575
8369,3235
8370,2632
8371,3322
8372,2769
8373,2518
8374,2269
8375,2575
8376,1581
8377,2645
8378,2791
8379,2986
8380,2869
8381,2247
8382,2633
8383,2933
8384,2513
8385,2703
8386,2973
8387,1767
8388,3360
8389,1890
8390,1884
8391,2502
8392,2171
8393,1848
8394,2196
8395,2937
8396,2446
8397,2380
8398,2678
8399,2792
8400,3150
8401,2745
8402,2992
8403,3609
8404,1459
8405,2602
8406,3590
8407,3007
8408,2817
8409,2749
8410,1998
8411,1838
8412,2418
8413,2060
8414,2837
8415,3145
8416,3129
8417,2380
8418,2654
8419,1979
8420,2740
8421,2485
8422,2289
8423,2431
8424,2816
8425,2949
8426,3044
8427,2212
8428,3691
8429,3165
8430,3438
8431,2727
8432,1774
8433,3897
8434,3002
8435,2448
8436,2392
8437,2644
8438,2934
8439,2755
8440,3066
8441,2180
8442,2564
8443,2483
8444,2757
8445,1898
8446,3474
8447,2675
8448,2204
8449,2736
8450,3284
8451,3204
8452,2471
8453,2829
8454,2228
8455,2687
8456,3877
8457,2926
8458,-1
8459,2739
8460,3118
8461,2523
8462,3514
8463,1479
8464,2472
8465,2505
8466,1925
8467,2947
8468,2875
8469,2714
8470,2338
8471,2656
8472,2843
8473,3203
8474,2326
8475,2141
8476,2847
8477,2699
8478,2442
8479,2768
8480,3342
8481,2402
8482,1920
8483,2491
8484,2718
8485,2144
8486,2362
8487,2050
8488,2659
8489,2908
8490,2019
8491,2573
8492,1866
8493,2487
8494,2237
8495,2402
8496,2927
8497,2537
8498,2684
8499,3261
8500,3028
8501,3302
8502,1976
8503,2257
8504,2877
8505,2249
8506,2646
8507,3574
8508,2600
8509,2807
8510,2135
8511,2981
8512,2538
8513,3593
8514,1942
8515,2762
8516,2450
8517,3038
8518,2631
8519,2659
8520,4212
8521,2478
8522,2521
8523,2359
8524,3019
8525,2529
8526,2424
8527,2144
8528,2634
8529,2141
8530,2603
8531,2613
8532,2041
8533,2812
8534,2380
8535,2878
8536,2788
8537,2732
8538,3026
8539,2134
8540,2307
8541,2257
8542,2352
8543,2313
8544,2694
8545,2595
8546,2862
8547,2813
8548,3294
8549,2224
8550,2875
8551,3054
8552,3231
8553,2460
8554,2891
8555,3311
8556,2432
8557,3333
8558,2911
8559,2709
8560,3014
8561,3018
8562,2233
8563,2532
8564,2746
8565,2507
8566,2786
8567,3315
8568,2784
8569,2462
8570,3171
8571,3035
8572,2623
8573,2665
8574,2563
8575,1682
8576,2969
8577,2235
8578,2689
8579,2026
8580,2459
8581,2872
8582,3664
8583,2570
8584,3419
8585,2499
8586,3328
8587,2722
8588,3071
8589,3208
8590,2839
8591,2355
8592,2338
8593,1032
8594,2948
8595,2192
8596,2873
8597,2478
8598,3143
8599,3402
8600,3370
8601,2329
8602,2450
8603,2424
8604,2743
8605,2905
8606,2576
8607,3181
8608,2402
8609,2189
8610,2087
8611,2480
8612,2487
8613,2333
8614,2394
8615,2585
8616,1987
8617,2591
8618,2638
8619,1651
8620,2859
8621,2513
8622,2692
8623,2954
8624,2458
8625,2773
8626,2672
8627,2645
8628,2593
8629,2174
8630,3002
8631,2635
8632,2815
8633,2871
8634,2918
8635,2130
8636,2690
8637,2661
8638,2764
8639,2678
8640,2310
8641,2118
8642,-1
8643,2513
8644,3288
8645,2348
8646,2509
8647,2387
8648,2770
8649,2408
8650,-1
8651,3515
8652,2887
8653,2740
8654,2381
8655,2218
8656,3564
8657,2550
8658,2408
8659,3177
8660,2219
8661,2246
8662,2540
8663,-1
8664,2575
8665,2717
8666,1384
8667,3596
8668,2661
8669,2248
8670,3007
8671,2472
8672,2897
8673,2894
8674,2956
8675,2733
8676,3170
8677,2400
8678,3354
8679,2813
8680,1082
8681,2766
8682,3170
8683,2024
8684,2659
8685,2259
8686,1586
8687,2446
8688,2229
8689,3081
8690,2967
8691,2739
8692,2991
8693,2237
8694,2832
8695,2545
8696,2816
8697,1384
8698,2230
8699,1263
8700,2408
8701,2282
8702,2552
8703,3021
8704,2889
8705,2282
8706,2408
8707,3288
8708,2499
8709,3458
8710,2695
8711,3059
8712,2355
8713,2202
8714,2889
8715,3096
8716,3335
8717,2637
8718,2260
8719,1895
8720,2246
8721,2774
8722,2965
8723,2578
8724,2766
8725,1953
8726,2811
8727,2035
8728,2409
8729,2359
8730,2300
8731,-1
8732,2582
8733,2964
8734,2006
8735,1930
8736,2421
8737,2785
8738,2834
8739,2705
8740,-1
8741,2584
8742,1861
8743,3335
8744,2404
8745,2979
8746,2835
8747,3026
8748,2200
8749,2960
8750,3061
8751,2461
8752,2659
8753,2796
8754,2023
8755,2421
8756,2763
8757,2347
8758,2762
8759,1647
8760,2500
8761,2751
8762,2409
8763,2762
8764,2418
8765,2504
8766,3169
8767,2245
8768,3086
8769,3194
8770,2085
8771,2754
8772,3378
8773,2584
8774,2720
8775,2616
8776,2221
8777,3069
8778,2751
8779,2647
8780,2295
8781,2927
8782,3032
8783,2274
8784,3060
8785,3223
8786,2833
8787,2727
8788,2960
8789,2466
8790,2435
8791,2716
8792,3956
8793,2328
8794,2496
8795,4385
8796,2562
8797,2647
8798,2506
8799,3014
8800,1890
8801,3289
8802,2452
8803,2916
8804,2776
8805,2187
8806,2547
8807,2978
8808,2303
8809,3540
8810,2556
8811,2935
8812,3009
8813,2965
8814,-1
8815,2238
8816,2604
8817,2511
8818,2733
8819,3770
8820,2879
8821,2034
8822,2281
8823,2005
8824,3047
8825,3127
8826,3079
8827,2155
8828,2886
8829,2299
8830,2585
8831,2625
8832,1637
8833,2400
8834,2723
8835,2399
8836,2477
8837,2540
8838,1550
8839,3961
8840,2897
8841,2643
8842,2190
8843,2673
8844,2703
8845,2643
8846,2898
8847,2550
8848,2362
8849,2897
8850,1701
8851,2431
8852,2301
8853,2859
8854,2128
8855,2879
8856,2676
8857,3151
8858,2470
8859,2370
8860,1890
8861,3082
8862,2332
8863,2694
8864,2285
8865,2187
8866,2281
8867,2839
8868,2909
8869,3056
8870,2135
8871,3028
8872,2407
8873,2557
8874,2907
8875,2764
8876,2334
8877,2396
8878,2561
8879,2302
8880,2388
8881,2423
8882,3317
8883,2347
8884,2455
8885,2521
8886,3503
8887,2492
8888,2187
8889,3327
8890,2698
8891,2793
8892,3932
8893,2795
8894,2185
8895,2461
8896,2450
8897,3688
8898,2162
8899,2212
8900,2911
8901,1438
8902,3590
8903,2835
8904,2838
8905,3112
8906,2125
8907,-1
8908,2889
8909,2491
8910,2511
8911,2747
8912,2719
8913,2740
8914,2921
8915,2265
8916,3214
8917,2391
8918,2940
8919,2597
8920,1030
8921,2457
8922,3089
8923,3749
8924,2668
8925,2867
8926,2560
8927,2275
8928,2748
8929,2862
8930,2254
8931,2465
8932,3819
8933,2187
8934,2849
8935,2667
8936,2547
8937,2221
8938,2513
8939,2537
8940,2611
8941,2265
8942,3149
8943,2509
8944,2081
8945,2472
8946,2759
8947,2229
8948,2620
8949,1781
8950,1947
8951,2119
8952,2719
8953,1786
8954,2873
8955,2665
8956,2253
8957,2924
8958,2901
8959,2158
8960,2696
8961,2415
8962,2688
8963,2525
8964,3205
8965,2793
8966,1958
8967,2702
8968,3203
8969,2377
8970,2606
8971,2087
8972,2262
8973,4917
8974,2367
8975,2714
8976,3952
8977,3061
8978,2571
8979,2674
8980,3247
8981,3260
8982,2963
8983,3070
8984,2625
8985,2702
8986,1520
8987,2335
8988,2120
8989,3130
8990,2676
8991,2056
8992,1566
8993,2273
8994,2523
8995,3499
8996,2861
8997,2454
8998,2865
8999,2614
9000,2751
9001,2344
9002,4084
9003,2289
9004,2606
9005,2981
9006,2863
9007,2946
9008,1921
9009,2574
9010,2660
9011,3030
9012,3151
9013,3062
9014,2739
9015,2493
9016,2546
9017,2350
9018,2932
9019,2895
9020,2922
9021,2667
9022,2111
9023,2921
9024,2873
9025,2168
9026,2501
9027,2747
9028,2604
9029,2789
9030,2989
9031,2541
9032,2447
9033,2393
9034,2752
9035,2004
9036,2773
9037,1684
9038,2830
9039,2303
9040,2557
9041,2652
9042,2608
9043,1134
9044,2177
9045,2903
9046,2858
9047,2974
9048,2292
9049,3178
9050,2789
9051,2748
9052,2565
9053,2538
9054,3087
9055,3254
9056,3322
9057,2904
9058,3287
9059,2538
9060,2515
9061,2653
9062,2897
9063,2983
9064,2764
9065,2001
9066,2255
9067,3992
9068,2690
9069,2575
9070,4072
9071,2418
9072,2648
9073,2353
9074,2736
9075,2572
9076,2769
9077,2245
9078,2745
9079,1907
9080,815
9081,2419
9082,2884
9083,3156
9084,2349
9085,2644
9086,2185
9087,2788
9088,2218
9089,2652
9090,2685
9091,3304
9092,2562
9093,2480
9094,2779
9095,2622
9096,2332
9097,1966
9098,1786
9099,2386
9100,2944
9101,2446
9102,2501
9103,2095
9104,2431
9105,2744
9106,2276
9107,2856
9108,2910
9109,2242
9110,3047
9111,3241
9112,-1
9113,2532
9114,2220
9115,2308
9116,2228
9117,2207
9118,2126
9119,2698
9120,2663
9121,2211
9122,2668
9123,2511
9124,2310
9125,2853
9126,3100
9127,2263
9128,2568
9129,3779
9130,2285
9131,2837
9132,2701
9133,1930
9134,3091
9135,2508
9136,2008
9137,2714
9138,3209
9139,2278
9140,2789
9141,2702
9142,2625
9143,-1
9144,2955
9145,2532
9146,2575
9147,2473
9148,3050
9149,3086
9150,3139
9151,3052
9152,2325
9153,2395
9154,3059
9155,3547
9156,2288
9157,3003
9158,2195
9159,2519
9160,2363
9161,2498
9162,2360
9163,3065
9164,3284
9165,2513
9166,2390
9167,-1
9168,2645
9169,2247
9170,2009
9171,2650
9172,2727
9173,2736
9174,2518
9175,2393
9176,2262
9177,2144
9178,2437
9179,3310
9180,2956
9181,1897
9182,3392
9183,3053
9184,1886
9185,2320
9186,2500
9187,2610
9188,3013
9189,1962
9190,2671
9191,2830
9192,3913
9193,1281
9194,2296
9195,3486
9196,2708
9197,2810
9198,2652
9199,2293
9200,2219
9201,2756
9202,2847
9203,1970
9204,2549
9205,2320
9206,2932
9207,3085
9208,2404
9209,3278
9210,3309
9211,2584
9212,3005
9213,3444
9214,2735
9215,2780
9216,2565
9217,2696
9218,2239
9219,3067
9220,2304
9221,3270
9222,2761
9223,2550
9224,2497
9225,1631
9226,2765
9227,2682
9228,2617
9229,2791
9230,2018
9231,2601
9232,2427
9233,1325
9234,2595
9235,3222
9236,3003
9237,2157
9238,2947
9239,2919
9240,-1
9241,2536
9242,2776
9243,2032
9244,2212
9245,3202
9246,2818
9247,2463
9248,1882
9249,2787
9250,3475
9251,3131
9252,3402
9253,2870
9254,2864
9255,2490
9256,2125
9257,2706
9258,2822
9259,2388
9260,3011
9261,2301
9262,2730
9263,3228
9264,3104
9265,2684
9266,3134
9267,2809
9268,2694
9269,2228
9270,1983
9271,3804
9272,2760
9273,2720
9274,3015
9275,2263
9276,3605
9277,2826
9278,2524
9279,2747
9280,3443
9281,3128
9282,2436
9283,2687
9284,2953
9285,2378
9286,2976
9287,2438
9288,2345
9289,2588
9290,2308
9291,2398
9292,2574
9293,2875
9294,2458
9295,2448
9296,2893
9297,1852
9298,2993
9299,3102
9300,2247
9301,3066
9302,2296
9303,2789
9304,2990
9305,2442
9306,2501
9307,2879
9308,2379
9309,-1
9310,3062
9311,3413
9312,2807
9313,2998
9314,3022
9315,2739
9316,2495
9317,2731
9318,3029
9319,3056
9320,3495
9321,3454
9322,2781
9323,2834
9324,2989
9325,2535
9326,2138
9327,2486
9328,2392
9329,2822
9330,2181
9331,2912
9332,3321
9333,2805
9334,2812
9335,2410
9336,2500
9337,2884
9338,2792
9339,2880
9340,2699
9341,2463
9342,2386
9343,2643
9344,-1
9345,2622
9346,2312
9347,2573
9348,2550
9349,2825
9350,3168
9351,2250
9352,2692
9353,2586
9354,2807
9355,2769
9356,2914
9357,2464
9358,2439
9359,2303
9360,2921
9361,2493
9362,2770
9363,2428
9364,2839
9365,2543
9366,2278
9367,1658
9368,2349
9369,2789
9370,3037
9371,3250
9372,2077
9373,4474
9374,2583
9375,2424
9376,2464
9377,2707
9378,3517
9379,2796
9380,2654
9381,2541
9382,2114
9383,2012
9384,3877
9385,2537
9386,2691
9387,2314
9388,2409
9389,2426
9390,2718
9391,2435
9392,2707
9393,2342
9394,2541
9395,3322
9396,2709
9397,2796
9398,2128
9399,2189
9400,2578
9401,3364
9402,2655
9403,3041
9404,2883
9405,2753
9406,3102
9407,2797
9408,2612
9409,2571
9410,3158
9411,2718
9412,2394
9413,2578
9414,2544
9415,1996
9416,3939
9417,2180
9418,2811
9419,2541
9420,2978
9421,3145
9422,2556
9423,2773
9424,2596
9425,2670
9426,3893
9427,3294
9428,1960
9429,2233
9430,2075
9431,2883
9432,2152
9433,2254
9434,2134
9435,3590
9436,2460
9437,3329
9438,2218
9439,2999
9440,2725
9441,3512
9442,2306
9443,3024
9444,3192
9445,2895
9446,2356
9447,2419
9448,2552
9449,3414
9450,2393
9451,1330
9452,2425
9453,2035
9454,2689
9455,2756
9456,2688
9457,2104
9458,2463
9459,3304
9460,2603
9461,1842
9462,2150
9463,1695
9464,1939
9465,2840
9466,1843
9467,2772
9468,3131
9469,2683
9470,2929
9471,3642
9472,2236
9473,2525
9474,2986
9475,2560
9476,2775
9477,2921
9478,2083
9479,2605
9480,2412
9481,2027
9482,2517
9483,2307
9484,2215
9485,2581
9486,2601
9487,2698
9488,3142
9489,2364
9490,2852
9491,-1
9492,2577
9493,2822
9494,2781
9495,2502
9496,3391
9497,4372
9498,3053
9499,2257
9500,2422
9501,2562
9502,2732
9503,2653
9504,3000
9505,1952
9506,2812
9507,2598
9508,2728
9509,2226
9510,-1
9511,2999
9512,2167
9513,3106
9514,3155
9515,2407
9516,3384
9517,2673
9518,2674
9519,2617
9520,2711
9521,2792
9522,2442
9523,2201
9524,2057
9525,2420
9526,2230
9527,1997
9528,2884
9529,3290
9530,2587
9531,2765
9532,2499
9533,2572
9534,2862
9535,1985
9536,2988
9537,2904
9538,2099
9539,-1
9540,2493
9541,2238
9542,3761
9543,2474
9544,2348
9545,2501
9546,2634
9547,2520
9548,2761
9549,2734
9550,2754
9551,2554
9552,2796
9553,2741
9554,2378
9555,2754
9556,2141
9557,4198
9558,2955
9559,2170
9560,2590
9561,2930
9562,2190
9563,3157
9564,2544
9565,2368
9566,1968
9567,2658
9568,2663
9569,2333
9570,3332
9571,2151
9572,2922
9573,2576
9574,2907
9575,-1
9576,2914
9577,2440
9578,2551
9579,2716
9580,2563
9581,2409
9582,2253
9583,3205
9584,2783
9585,2338
9586,2569
9587,1396
9588,2589
9589,2353
9590,2598
9591,2024
9592,2398
9593,2655
9594,2299
9595,3043
9596,2476
9597,2736
9598,2846
9599,2969
9600,3647
9601,1777
9602,2130
9603,2421
9604,2449
9605,2651
9606,2276
9607,2515
9608,2174
9609,2324
9610,2644
9611,2298
9612,2503
9613,1874
9614,2264
9615,3512
9616,1962
9617,3212
9618,2402
9619,2457
9620,2629
9621,2342
9622,2280
9623,2275
9624,-1
9625,2341
9626,2688
9627,2458
9628,2063
9629,-1
9630,2709
9631,2865
9632,2241
9633,2327
9634,3072
9635,2931
9636,3452
9637,2011
9638,2887
9639,1680
9640,2186
9641,2631
9642,2882
9643,2964
9644,2398
9645,1555
9646,2630
9647,2656
9648,2299
9649,3226
9650,2800
9651,2498
9652,2571
9653,2831
9654,3667
9655,3060
9656,2634
9657,2178
9658,2346
9659,2801
9660,2991
9661,2290
9662,3038
9663,2509
9664,-1
9665,1991
9666,2515
9667,2343
9668,2688
9669,2757
9670,3246
9671,3249
9672,2830
9673,2196
9674,1889
9675,2637
9676,-1
9677,3338
9678,2721
9679,3107
9680,2892
9681,2458
9682,3606
9683,1328
9684,3209
9685,2108
9686,2225
9687,3253
9688,1495
9689,2348
9690,2169
9691,3965
9692,2266
9693,3135
9694,-1
9695,3062
9696,3043
9697,2470
9698,2768
9699,2684
9700,2638
9701,2044
9702,2646
9703,3193
9704,2422
9705,1840
9706,2138
9707,2239
9708,2740
9709,2716
9710,3069
9711,2496
9712,3151
9713,2463
9714,2492
9715,1138
9716,2213
9717,2133
9718,2145
9719,3065
9720,2529
9721,2233
9722,2486
9723,2162
9724,2992
9725,2721
9726,2631
9727,3308
9728,3129
9729,2448
9730,2117
9731,3094
9732,3752
9733,3068
9734,3621
9735,2396
9736,3746
9737,2312
9738,2737
9739,2700
9740,2148
9741,2788
9742,3125
9743,2722
9744,2818
9745,2353
9746,2659
9747,2966
9748,2138
9749,1362
9750,2755
9751,2962
9752,2781
9753,2758
9754,1902
9755,2442
9756,2559
9757,2439
9758,2643
9759,2464
9760,3134
9761,3067
9762,2256
9763,2510
9764,2186
9765,1729
9766,1923
9767,2661
9768,2305
9769,2862
9770,2407
9771,2410
9772,2736
9773,2610
9774,2575
9775,-1
9776,3140
9777,3512
9778,-1
9779,2314
9780,2559
9781,-1
9782,2781
9783,2398
9784,1695
9785,2948
9786,2789
9787,2326
9788,2272
9789,3866
9790,2600
9791,2848
9792,1606
9793,2378
9794,2454
9795,2877
9796,2092
9797,2719
9798,2890
9799,3160
9800,2191
9801,2429
9802,2765
9803,1656
9804,3025
9805,-1
9806,3550
9807,2990
9808,2509
9809,2419
9810,2093
9811,3133
9812,2962
9813,2163
9814,2459
9815,1913
9816,2871
9817,2169
9818,2260
9819,2553
9820,2866
9821,2502
9822,2618
9823,2717
9824,3054
9825,1940
9826,2711
9827,2457
9828,2842
9829,2838
9830,2992
9831,2461
9832,2388
9833,2532
9834,2347
9835,2024
9836,2285
9837,3174
9838,2290
9839,2025
9840,3040
9841,3127
9842,2893
9843,2765
9844,-1
9845,2782
9846,2231
9847,3068
9848,2219
9849,1666
9850,2148
9851,2734
9852,2099
9853,2721
9854,2435
9855,2547
9856,4156
9857,-1
9858,2536
9859,2311
9860,2993
9861,2767
9862,2496
9863,3245
9864,2825
9865,2395
9866,3114
9867,2721
9868,2054
9869,2610
9870,2851
9871,2242
9872,3331
9873,2634
9874,2173
9875,2196
9876,3254
9877,2141
9878,3498
9879,2745
9880,2551
9881,2656
9882,2760
9883,2238
9884,2166
9885,2282
9886,3503
9887,2922
9888,2680
9889,2908
9890,1657
9891,2278
9892,2461
9893,2458
9894,3590
9895,2986
9896,2293
9897,2506
9898,2447
9899,1947
9900,3225
9901,2692
9902,3467
9903,2703
9904,2657
9905,3015
9906,2138
9907,2665
9908,2572
9909,2773
9910,2541
9911,2491
9912,2760
9913,3335
9914,3564
9915,3099
9916,2832
9917,2734
9918,2909
9919,2298
9920,2580
9921,2406
9922,2613
9923,2858
9924,2415
9925,2215
9926,2375
9927,2802
9928,2408
9929,2137
9930,2547
9931,2970
9932,2347
9933,2211
9934,2511
9935,2770
9936,2423
9937,2551
9938,1962
9939,2369
9940,2602
9941,2297
9942,2012
9943,2249
9944,2513
9945,2558
9946,3353
9947,2841
9948,3117
9949,2643
9950,2555
9951,2956
9952,3441
9953,2360
9954,3320
9955,3000
9956,2730
9957,2024
9958,3025
9959,2957
9960,2708
9961,2820
9962,3290
9963,2420
9964,3149
9965,2508
9966,3096
9967,2481
9968,2798
9969,2667
9970,2478
9971,3619
9972,2609
9973,2940
9974,3642
9975,2744
9976,2404
9977,2456
9978,2831
9979,2171
9980,2522
9981,2970
9982,3119
9983,2833
9984,2878
9985,3236
9986,2665
9987,2739
9988,1936
9989,3061
9990,1990
9991,2967
9992,3384
9993,1924
9994,2694
9995,1811
9996,2505
9997,2685
9998,2366
9999,2523
10000,2361
10001,1809
10002,2726
10003,2844
10004,2555
10005,2506
10006,2232
10007,2908
10008,2963
10009,2842
10010,2328
10011,2016
10012,2522
10013,3158
10014,3152
10015,3589
10016,2480
10017,2999
10018,3743
10019,2933
10020,2615
10021,2774
10022,2830
10023,2965
10024,2270
10025,2619
10026,2514
10027,1811
10028,2774
10029,1746
10030,2529
10031,2507
10032,2150
10033,3198
10034,2974
10035,2603
10036,2847
10037,2617
10038,2888
10039,2472
10040,3631
10041,2875
10042,2805
10043,3866
10044,3269
10045,2301
10046,3563
10047,2455
10048,2292
10049,2286
10050,3424
10051,2945
10052,2240
10053,2721
10054,2858
10055,3029
10056,2106
10057,2728
10058,3018
10059,2459
10060,2600
10061,1215
10062,2469
10063,2746
10064,2244
10065,1372
10066,1947
10067,3108
10068,2570
10069,2669
10070,2739
10071,2206
10072,2756
10073,1826
10074,2162
10075,2984
10076,3154
10077,2931
10078,2800
10079,2302
10080,2614
10081,2654
10082,2975
10083,3150
10084,-1
10085,2755
10086,2607
10087,2709
10088,3418
10089,2632
10090,2597
10091,2497
10092,2153
10093,2483
10094,3036
10095,2705
10096,2467
10097,-1
10098,2562
10099,3372
10100,1796
10101,2547
10102,3463
10103,2931
10104,2337
10105,2377
10106,2274
10107,2216
10108,2503
10109,2055
10110,2207
10111,3216
10112,3080
10113,2315
10114,3830
10115,2454
10116,2065
10117,2800
10118,2726
10119,1670
10120,1872
10121,2430
10122,3111
10123,2530
10124,3079
10125,2194
10126,2581
10127,1837
10128,2410
10129,2449
10130,2468
10131,2669
10132,2442
10133,3166
10134,2475
10135,2211
10136,2648
10137,3542
10138,2012
10139,1962
10140,2663
10141,3018
10142,2381
10143,2596
10144,2503
10145,2504
10146,3046
10147,1844
10148,2775
10149,845
10150,2144
10151,1801
10152,2673
10153,1924
10154,2862
10155,2828
10156,2837
10157,2531
10158,3052
10159,2807
10160,2341
10161,2672
10162,2619
10163,2749
10164,3146
10165,2425
10166,2129
10167,2824
10168,2031
10169,2666
10170,2986
10171,2520
10172,2711
10173,1857
10174,1751
10175,3051
10176,2731
10177,2765
10178,2716
10179,2628
10180,2661
10181,1804
10182,2914
10183,2262
10184,3406
10185,2505
10186,2736
10187,2426
10188,2414
10189,2575
10190,2784
10191,3402
10192,1862
10193,2386
10194,2497
10195,2327
10196,2003
10197,2109
10198,2880
10199,2831
10200,2281
10201,2935
10202,2690
10203,2416
10204,2135
10205,2526
10206,2904
10207,2745
10208,2418
10209,2599
10210,2438
10211,2465
10212,-1
10213,2447
10214,2508
10215,2713
10216,2706
10217,2819
10218,1996
10219,2579
10220,3215
10221,-1
10222,2823
10223,2123
10224,2734
10225,2146
10226,2238
10227,2804
10228,2431
10229,3044
10230,2381
10231,2660
10232,2953
10233,3039
10234,2684
10235,2864
10236,2796
10237,3150
10238,2789
10239,2405
10240,2425
10241,2513
10242,3177
10243,2253
10244,2500
10245,3126
10246,2781
10247,2439
10248,2326
10249,2195
10250,2355
10251,2465
10252,2186
10253,2504
10254,4707
10255,2761
10256,2515
10257,1481
10258,2451
10259,2118
10260,2408
10261,2946
10262,2432
10263,2827
10264,2671
10265,1964
10266,2427
10267,2836
10268,2180
10269,2519
10270,2536
10271,3018
10272,2817
10273,2668
10274,2597
10275,3608
10276,2214
10277,2218
10278,3368
10279,3210
10280,2020
10281,2464
10282,2696
10283,1777
10284,2418
10285,2908
10286,3063
10287,2827
10288,3103
10289,2783
10290,2016
10291,2745
10292,2397
10293,2915
10294,3150
10295,2558
10296,2409
10297,2280
10298,2705
10299,2419
10300,2849
10301,4212
10302,2593
10303,1925
10304,2154
10305,2429
10306,3074
10307,2601
10308,2656
10309,2534
10310,2291
10311,2194
10312,2691
10313,2778
10314,2853
10315,2425
10316,2491
10317,-1
10318,3253
10319,2196
10320,3283
10321,3006
10322,2433
10323,2262
10324,3333
10325,3029
10326,2435
10327,2857
10328,2484
10329,2894
10330,2716
10331,3373
10332,2228
10333,2891
10334,2288
10335,3340
10336,2598
10337,2770
10338,3070
10339,3187
10340,3099
10341,2426
10342,2358
10343,2802
10344,2647
10345,2490
10346,1654
10347,2931
10348,2616
10349,1744
10350,2633
10351,2500
10352,-1
10353,2506
10354,2974
10355,2520
10356,2236
10357,2047
10358,2404
10359,3681
10360,3032
10361,3283
10362,2293
10363,2920
10364,2217
10365,1941
10366,3080
10367,2164
10368,2243
10369,1701
10370,2550
10371,2406
10372,2505
10373,2781
10374,2688
10375,2708
10376,2834
10377,2405
10378,2052
10379,2961
10380,3009
10381,3153
10382,2810
10383,2822
10384,3205
10385,2775
10386,1215
10387,2538
10388,2485
10389,2784
10390,3445
10391,1856
10392,2803
10393,1834
10394,3292
10395,3286
10396,2423
10397,2503
10398,2964
10399,2770
10400,2769
10401,2213
10402,3249
10403,2971
10404,1946
10405,3230
10406,1896
10407,2460
10408,3005
10409,2619
10410,2627
10411,2166
10412,2196
10413,2624
10414,3318
10415,2845
10416,2222
10417,3485
10418,3076
10419,2352
10420,2339
10421,2842
10422,3022
10423,2903
10424,3008
10425,3499
10426,2457
10427,2610
10428,3096
10429,3642
10430,1980
10431,2476
10432,3017
10433,2521
10434,3307
10435,2640
10436,4158
10437,2665
10438,2881
10439,1550
10440,2873
10441,3157
10442,4134
10443,2277
10444,2774
10445,2900
10446,2508
10447,2454
10448,-1
10449,3056
10450,2286
10451,2435
10452,2340
10453,2885
10454,-1
10455,2150
10456,3881
10457,2577
10458,2816
10459,4023
10460,3168
10461,3542
10462,2617
10463,2532
10464,2827
10465,2306
10466,1570
10467,2827
10468,2637
10469,2617
10470,2138
10471,3377
10472,1319
10473,3043
10474,1672
10475,3010
10476,2046
10477,3265
10478,2332
10479,2769
10480,2328
10481,2389
10482,3271
10483,3255
10484,1765
10485,2085
10486,2501
10487,3207
10488,2904
10489,2479
10490,2558
10491,2939
10492,2433
10493,3229
10494,2474
10495,2178
10496,2835
10497,1689
10498,2562
10499,2730
10500,2962
10501,2566
10502,2944
10503,3196
10504,3050
10505,2503
10506,2581
10507,2940
10508,2542
10509,1946
10510,3330
10511,2138
10512,3164
10513,2709
10514,-1
10515,2186
10516,2373
10517,2624
10518,2475
10519,2451
10520,2877
10521,2642
10522,2637
10523,3379
10524,2027
10525,2852
10526,3645
10527,3336
10528,2767
10529,2139
10530,3415
10531,3130
10532,2012
10533,2533
10534,2101
10535,2411
10536,2952
10537,3501
10538,2624
10539,3082
10540,2283
10541,2685
10542,3450
10543,2536
10544,1941
10545,2391
10546,2182
10547,2442
10548,2082
10549,3461
10550,472
10551,2389
10552,2879
10553,2309
10554,919
10555,2432
10556,2273
10557,1948
10558,2808
10559,2149
10560,2566
10561,2702
10562,2746
10563,1996
10564,2477
10565,2615
10566,3022
10567,2960
10568,2745
10569,3171
10570,2890
10571,2327
10572,1975
10573,2372
10574,2785
10575,3052
10576,2672
10577,-1
10578,2482
10579,2666
10580,2199
10581,2798
10582,2690
10583,1894
10584,3102
10585,2116
10586,4202
10587,2836
10588,2652
10589,2417
10590,2372
10591,2933
10592,2420
10593,3383
10594,3010
10595,2418
10596,2647
10597,2590
10598,2945
10599,2372
10600,1997
10601,3572
10602,2734
10603,2447
10604,2731
10605,2422
10606,2614
10607,2878
10608,2644
10609,2023
10610,2460
10611,2476
10612,2948
10613,2603
10614,3013
10615,3005
10616,2773
10617,3277
10618,2964
10619,2554
10620,2928
10621,2820
10622,2520
10623,2319
10624,2400
10625,3252
10626,2603
10627,2175
10628,2527
10629,1897
10630,2626
10631,2773
10632,2889
10633,2045
10634,2389
10635,2387
10636,2037
10637,3363
10638,1777
10639,2977
10640,2084
10641,3025
10642,3114
10643,3006
10644,3159
10645,2654
10646,3411
10647,3072
10648,1653
10649,2813
10650,2671
10651,2276
10652,2603
10653,2827
10654,2329
10655,2665
10656,2530
10657,2922
10658,2660
10659,1894
10660,2759
10661,2477
10662,2368
10663,2290
10664,2451
10665,2226
10666,3064
10667,1946
10668,1905
10669,2436
10670,2250
10671,3809
10672,2298
10673,3101
10674,3288
10675,2207
10676,2659
10677,-1
10678,2747
10679,2943
10680,2952
10681,2386
10682,2366
10683,2885
10684,1691
10685,2591
10686,2666
10687,2414
10688,2777
10689,2195
10690,3189
10691,3102
10692,2945
10693,2259
10694,2594
10695,2933
10696,2819
10697,2337
10698,2722
10699,2053
10700,1606
10701,3171
10702,2933
10703,3201
10704,2157
10705,2411
10706,2833
10707,2309
10708,3578
10709,2358
10710,3381
10711,3094
10712,2220
10713,2272
10714,2705
10715,2959
10716,2944
10717,2344
10718,2447
10719,3073
10720,2502
10721,2926
10722,1891
10723,2629
10724,2369
10725,3139
10726,2853
10727,2448
10728,2708
10729,1659
10730,2966
10731,2731
10732,2885
10733,3278
10734,2889
10735,2354
10736,2860
10737,2415
10738,2291
10739,2810
10740,2182
10741,2669
10742,2777
10743,2845
10744,2770
10745,1811
10746,2686
10747,2552
10748,2500
10749,3005
10750,2792
10751,2500
10752,2652
10753,3505
10754,3155
10755,2887
10756,2100
10757,2702
10758,2925
10759,2789
10760,1140
10761,2154
10762,3012
10763,2465
10764,2361
10765,2506
10766,1775
10767,2198
10768,2567
10769,3087
10770,3038
10771,2905
10772,2551
10773,2677
10774,2125
10775,3001
10776,1373
10777,2556
10778,2976
10779,2769
10780,3004
10781,2692
10782,2490
10783,3590
10784,3015
10785,2204
10786,3502
10787,2750
10788,2688
10789,2316
10790,2577
10791,2296
10792,2151
10793,2827
10794,3074
10795,2491
10796,2897
10797,2499
10798,2862
10799,1977
10800,3375
10801,1854
10802,1451
10803,2223
10804,2938
10805,2561
10806,2853
10807,2001
10808,2440
10809,3236
10810,2693
10811,3109
10812,2870
10813,1852
10814,2972
10815,2390
10816,2441
10817,2404
10818,2813
10819,2646
10820,3182
10821,2138
10822,3304
10823,2446
10824,2461
10825,2341
10826,2664
10827,2978
10828,2786
10829,2289
10830,3102
10831,2657
10832,3396
10833,2171
10834,2581
10835,2674
10836,3262
10837,2818
10838,3044
10839,2989
10840,3274
10841,2217
10842,3275
10843,1894
10844,2370
10845,2946
10846,2718
10847,2627
10848,1847
10849,2725
10850,2167
10851,3304
10852,3127
10853,2620
10854,3519
10855,2801
10856,3222
10857,3024
10858,3438
10859,2884
10860,2986
10861,1754
10862,3047
10863,2696
10864,2443
10865,1692
10866,2345
10867,2764
10868,2467
10869,2177
10870,3564
10871,3703
10872,2281
10873,1491
10874,1804
10875,2373
10876,3316
10877,4293
10878,2084
10879,2280
10880,2218
10881,3045
10882,2360
10883,3256
10884,2756
10885,2989
10886,2153
10887,2661
10888,2499
10889,1918
10890,2187
10891,2371
10892,3201
10893,2522
10894,2823
10895,3170
10896,2995
10897,-1
10898,2475
10899,2180
10900,-1
10901,3416
10902,2273
10903,1645
10904,2630
10905,1597
10906,1856
10907,2729
10908,2269
10909,2621
10910,2227
10911,2456
10912,1913
10913,2490
10914,2747
10915,2359
10916,2866
10917,3007
10918,2297
10919,2328
10920,2711
10921,2599
10922,3115
10923,2590
10924,3239
10925,2770
10926,2141
10927,2242
10928,2811
10929,2667
10930,3016
10931,2582
10932,2365
10933,2530
10934,2580
10935,3006
10936,-1
10937,1904
10938,2359
10939,2826
10940,2615
10941,2827
10942,2410
10943,2870
10944,2710
10945,2719
10946,1936
10947,2646
10948,2577
10949,2363
10950,3021
10951,1930
10952,2167
10953,3206
10954,3589
10955,2233
10956,2639
10957,-1
10958,2044
10959,3250
10960,2356
10961,2592
10962,3093
10963,2282
10964,3108
10965,2826
10966,2799
10967,2570
10968,-1
10969,3075
10970,2458
10971,2961
10972,2712
10973,2799
10974,3159
10975,2150
10976,2507
10977,2619
10978,2219
10979,2506
10980,2700
10981,2675
10982,1882
10983,2519
10984,2502
10985,2990
10986,3067
10987,2425
10988,2501
10989,2537
10990,2283
10991,1967
10992,2779
10993,2653
10994,2603
10995,2105
10996,2613
10997,2464
10998,526
10999,2691
11000,3260
11001,2952
11002,2512
11003,3448
11004,2423
11005,2447
11006,2929
11007,2761
11008,2497
11009,2969
11010,2438
11011,2542
11012,2724
11013,2542
11014,2205
11015,2823
11016,2835
11017,2227
11018,2818
11019,2908
11020,2323
11021,3219
11022,1603
11023,3749
11024,2523
11025,2371
11026,2352
11027,2738
11028,2499
11029,2723
11030,2842
11031,2426
11032,2492
11033,2602
11034,2648
11035,2927
11036,2134
11037,3188
11038,2534
11039,2222
11040,3180
11041,3546
11042,3084
11043,2842
11044,2304
11045,2508
11046,2800
11047,2889
11048,1922
11049,-1
11050,2375
11051,2428
11052,2579
11053,2483
11054,2118
11055,2165
11056,2806
11057,2571
11058,2541
11059,2800
11060,2507
11061,2228
11062,2788
11063,2555
11064,2628
11065,3140
11066,2216
11067,2567
11068,2943
11069,2314
11070,2600
11071,2679
11072,2192
11073,2929
11074,2270
11075,2660
11076,2905
11077,3237
11078,2643
11079,3161
11080,2537
11081,3481
11082,2582
11083,2558
11084,2756
11085,3163
11086,2280
11087,2847
11088,2583
11089,2757
11090,2890
11091,2687
11092,2645
11093,2614
11094,2356
11095,2902
11096,2788
11097,2586
11098,2514
11099,2424
11100,2702
11101,2967
11102,2686
11103,3270
11104,3103
11105,3435
11106,2186
11107,3079
11108,3063
11109,3009
11110,2076
11111,2583
11112,2528
11113,2746
11114,3017
11115,2423
11116,3109
11117,2386
11118,3026
11119,2716
11120,2081
11121,2312
11122,3900
11123,1709
11124,2834
11125,2598
11126,2549
11127,2617
11128,2622
11129,2223
11130,1832
11131,2282
11132,2386
11133,-1
11134,2711
11135,3603
11136,-1
11137,1896
11138,1120
11139,2703
11140,3606
11141,-1
11142,1923
11143,2994
11144,2200
11145,2790
11146,2963
11147,2874
11148,2779
11149,2097
11150,2573
11151,2446
11152,2529
11153,2441
11154,1819
11155,3416
11156,3396
11157,2500
11158,3115
11159,2447
11160,2913
11161,3119
11162,2266
11163,3690
11164,2445
11165,2755
11166,2588
11167,2412
11168,2767
11169,2451
11170,2521
11171,2809
11172,2660
11173,2013
11174,3503
11175,1489
11176,1865
11177,2206
11178,2824
11179,2620
11180,2807
11181,2270
11182,2796
11183,2360
11184,4205
11185,2075
11186,3034
11187,2860
11188,3130
11189,2698
11190,2359
11191,1917
11192,2755
11193,2604
11194,2409
11195,2785
11196,2237
11197,1942
11198,2664
11199,2622
11200,2634
11201,2724
11202,2736
11203,2669
11204,2086
11205,3681
11206,2429
11207,2801
11208,3242
11209,1996
11210,2432
11211,2981
11212,2387
11213,2279
11214,2537
11215,2788
11216,2830
11217,2654
11218,2750
11219,3803
11220,2658
11221,2644
11222,2788
11223,2517
11224,1792
11225,3577
11226,2016
11227,2932
11228,2540
11229,2425
11230,2086
11231,2368
11232,2851
11233,2553
11234,3212
11235,2712
11236,2854
11237,2909
11238,2537
11239,2539
11240,1802
11241,2739
11242,2375
11243,2388
11244,2166
11245,2579
11246,2970
11247,2613
11248,1677
11249,3020
11250,2847
11251,1673
11252,2528
11253,2580
11254,2445
11255,2837
11256,2876
11257,2650
11258,3280
11259,2917
11260,3106
11261,2506
11262,2367
11263,2638
11264,2023
11265,2216
11266,2471
11267,2952
11268,2676
11269,2344
11270,2121
11271,2989
11272,3048
11273,2521
11274,3051
11275,2384
11276,2325
11277,2363
11278,2771
11279,3291
11280,2805
11281,2386
11282,2533
11283,2865
11284,2340
11285,2425
11286,2747
11287,1826
11288,2530
11289,2825
11290,2679
11291,3525
11292,2722
11293,2382
11294,2838
11295,2696
11296,2603
11297,2366
11298,2149
11299,3399
11300,3063
11301,3007
11302,2682
11303,2090
11304,1898
11305,2651
11306,3465
11307,2111
11308,1625
11309,2465
11310,2726
11311,2107
11312,1648
11313,3225
11314,1698
11315,2660
11316,3263
11317,2472
11318,3090
11319,1648
11320,3323
11321,2840
11322,3490
11323,2803
11324,3091
11325,3204
11326,2096
11327,2500
11328,2079
11329,-1
11330,2581
11331,1962
11332,3836
11333,2156
11334,2394
11335,3108
11336,2014
11337,3441
11338,2227
11339,3040
11340,3151
11341,2034
11342,1568
11343,2461
11344,3263
11345,2591
11346,2223
11347,2373
11348,3513
11349,2579
11350,2448
11351,2756
11352,3243
11353,2945
11354,2493
11355,2292
11356,2123
11357,2564
11358,2618
11359,1974
11360,2751
11361,1975
11362,2685
11363,2328
11364,2591
11365,2726
11366,2523
11367,3266
11368,3130
11369,2398
11370,2427
11371,3385
11372,3178
11373,2132
11374,1402
11375,2662
11376,2560
11377,3012
11378,2393
11379,2643
11380,2938
11381,2233
11382,2677
11383,2043
11384,1528
11385,2701
11386,2942
11387,2460
11388,1777
11389,2435
11390,3244
11391,2553
11392,2100
11393,2841
11394,2776
11395,2618
11396,2460
11397,3012
11398,3022
11399,2443
11400,2743
11401,2397
11402,2426
11403,2882
11404,1206
11405,2550
11406,3516
11407,2837
11408,3008
11409,2491
11410,1958
11411,3280
11412,3096
11413,2740
11414,2270
11415,2594
11416,2580
11417,2364
11418,2709
11419,3180
11420,2542
11421,3050
11422,3777
11423,2538
11424,2498
11425,2543
11426,2539
11427,2467
11428,2302
11429,2472
11430,2605
11431,2494
11432,-1
11433,2272
11434,2569
11435,2750
11436,2169
11437,1703
11438,1834
11439,2736
11440,2226
11441,2613
11442,2114
11443,2809
11444,2885
11445,3110
11446,2536
11447,874
11448,3004
11449,2983
11450,2061
11451,-1
11452,2644
11453,2521
11454,2347
11455,2474
11456,2844
11457,2582
11458,2676
11459,-1
11460,2208
11461,3269
11462,2480
11463,2484
11464,3126
11465,2243
11466,3055
11467,3026
11468,2707
11469,2354
11470,2896
11471,3030
11472,2898
11473,2063
11474,2546
11475,2539
11476,1846
11477,2807
11478,3087
11479,2700
11480,-1
11481,2022
11482,1936
11483,3469
11484,2808
11485,2039
11486,2064
11487,1340
11488,2604
11489,2809
11490,-1
11491,2665
11492,2206
11493,-1
11494,2914
11495,2306
11496,2977
11497,2762
11498,2341
11499,2658
11500,3009
11501,2652
11502,2586
11503,2738
11504,2536
11505,2430
11506,3266
11507,2822
11508,2875
11509,685
11510,2847
11511,2607
11512,2866
11513,2807
11514,2821
11515,2741
11516,3097
11517,2926
11518,2949
11519,1787
11520,2941
11521,3085
11522,2989
11523,3109
11524,2488
11525,3238
11526,2410
11527,2922
11528,2408
11529,2439
11530,2732
11531,3404
11532,2431
11533,2803
11534,2429
11535,2261
11536,3712
11537,3083
11538,2414
11539,2762
11540,2242
11541,3597
11542,2813
11543,2396
11544,2207
11545,2906
11546,2617
11547,3773
11548,1116
11549,2181
11550,2463
11551,2253
11552,3592
11553,3058
11554,1289
11555,2833
11556,2043
11557,2556
11558,2287
11559,2583
11560,2241
11561,2697
11562,3002
11563,2134
11564,3222
11565,2890
11566,1756
11567,2325
11568,2999
11569,3002
11570,2981
11571,3222
11572,2559
11573,2493
11574,2609
11575,2454
11576,3053
11577,-1
11578,2802
11579,2947
11580,2832
11581,2972
11582,3339
11583,2402
11584,1918
11585,2325
11586,2967
11587,3055
11588,1988
11589,2614
11590,1921
11591,3173
11592,2496
11593,2079
11594,2655
11595,2603
11596,1863
11597,2503
11598,3308
11599,2674
11600,1648
11601,2504
11602,2630
11603,3001
11604,2761
11605,2179
11606,1999
11607,3125
11608,2454
11609,3050
11610,2699
11611,3357
11612,2519
11613,2103
11614,3022
11615,1981
11616,2804
11617,2452
11618,2100
11619,2773
11620,1371
11621,2736
11622,2476
11623,2555
11624,2481
11625,1929
11626,2665
11627,2408
11628,2428
11629,2458
11630,2526
11631,2524
11632,2719
11633,2378
11634,2579
11635,2412
11636,2440
11637,3094
11638,2535
11639,2262
11640,1885
11641,2520
11642,2349
11643,2640
11644,3195
11645,2455
11646,2875
11647,2719
11648,3237
11649,2565
11650,2711
11651,2632
11652,2586
11653,2422
11654,2983
11655,3054
11656,2756
11657,2149
11658,2398
11659,2760
11660,3031
11661,2814
11662,2675
11663,3018
11664,2324
11665,2972
11666,3377
11667,2444
11668,-1
11669,2455
11670,2148
11671,1786
11672,2993
11673,2361
11674,3020
11675,3052
11676,3331
11677,2461
11678,2347
11679,2759
11680,2469
11681,2252
11682,2008
11683,2557
11684,2886
11685,2900
11686,2765
11687,2326
11688,3344
11689,3102
11690,2675
11691,2331
11692,2910
11693,3000
11694,2344
11695,2746
11696,2838
11697,2777
11698,2917
11699,2412
11700,1691
11701,2863
11702,2169
11703,3329
11704,3277
11705,2635
11706,2633
11707,3526
11708,3443
11709,3100
11710,2318
11711,2730
11712,1759
11713,2018
11714,2924
11715,2726
11716,2764
11717,2355
11718,2747
11719,2537
11720,1311
11721,2874
11722,2926
11723,2537
11724,2626
11725,2672
11726,2801
11727,2589
11728,4001
11729,2871
11730,2282
11731,2121
11732,1754
11733,3185
11734,2491
11735,2118
11736,3072
11737,2500
11738,2157
11739,2176
11740,2655
11741,2403
11742,2137
11743,2743
11744,2769
11745,2882
11746,2969
11747,3240
11748,2748
11749,2697
11750,2339
11751,2768
11752,2220
11753,2564
11754,2544
11755,2484
11756,2587
11757,2916
11758,2256
11759,2774
11760,2043
11761,2422
11762,2946
11763,1765
11764,2569
11765,3084
11766,2490
11767,2797
11768,2642
11769,2396
11770,2613
11771,2882
11772,2410
11773,2766
11774,2121
11775,1575
11776,2584
11777,2203
11778,3214
11779,3063
11780,2689
11781,2604
11782,2779
11783,2595
11784,3585
11785,2400
11786,2795
11787,3027
11788,2257
11789,2660
11790,3107
11791,2536
11792,3051
11793,2228
11794,2923
11795,2818
11796,1630
11797,1994
11798,2047
11799,2929
11800,3237
11801,2715
11802,2310
11803,2383
11804,3038
11805,3170
11806,2578
11807,2975
11808,2865
11809,2322
11810,2519
11811,2122
11812,2843
11813,3017
11814,3044
11815,2322
11816,2655
11817,2540
11818,3259
11819,2386
11820,2428
11821,2860
11822,2574
11823,2117
11824,2397
11825,2362
11826,2932
11827,3465
11828,3541
11829,2852
11830,2773
11831,-1
11832,2663
11833,1902
11834,2516
11835,2689
11836,2617
11837,1724
11838,2625
11839,2493
11840,2873
11841,3141
11842,2471
11843,2367
11844,2312
11845,2253
11846,2739
11847,3278
11848,2727
11849,2300
11850,1405
11851,2680
11852,1837
11853,2403
11854,2698
11855,3277
11856,2095
11857,3009
11858,2165
11859,2029
11860,1998
11861,2483
11862,2607
11863,1855
11864,2670
11865,2047
11866,3205
11867,2853
11868,3027
11869,2865
11870,2454
11871,2494
11872,3118
11873,4280
11874,2628
11875,1474
11876,2526
11877,2422
11878,2848
11879,2688
11880,3213
11881,2237
11882,2538
11883,3050
11884,2497
11885,3406
11886,2899
11887,2006
11888,3264
11889,2083
11890,2877
11891,2449
11892,3593
11893,2471
11894,2446
11895,2396
11896,3575
11897,3455
11898,2170
11899,2213
11900,2591
11901,1947
11902,2077
11903,2946
11904,2906
11905,2226
11906,2194
11907,1974
11908,3030
11909,2133
11910,2500
11911,2596
11912,-1
11913,3072
11914,2323
11915,2772
11916,-1
11917,3090
11918,1832
11919,2679
11920,2072
11921,2719
11922,2342
11923,2996
11924,-1
11925,2650
11926,3616
11927,2925
11928,2521
11929,2634
11930,2560
11931,2821
11932,2685
11933,2502
11934,3141
11935,3253
11936,2613
11937,3067
11938,2448
11939,3006
11940,2184
11941,2142
11942,2216
11943,2901
11944,2776
11945,2297
11946,1569
11947,3382
11948,2865
11949,2852
11950,3298
11951,2503
11952,2915
11953,2599
11954,2371
11955,2363
11956,2344
11957,2273
11958,2688
11959,2627
11960,2419
11961,2511
11962,3195
11963,3105
11964,2503
11965,3240
11966,2896
11967,2814
11968,2265
11969,1585
11970,2576
11971,2501
11972,2648
11973,1705
11974,2535
11975,2229
11976,2092
11977,2753
11978,3151
11979,2979
11980,2232
11981,2813
11982,2581
11983,2484
11984,2192
11985,2737
11986,2916
11987,1872
11988,4716
11989,2161
11990,2667
11991,3422
11992,-1
11993,2483
11994,2309
11995,2945
11996,2429
11997,2854
11998,2922
11999,2903
12000,2613
12001,2846
12002,3011
12003,2886
12004,2748
12005,2414
12006,2373
12007,2598
12008,2290
12009,2722
12010,1413
12011,3001
12012,2387
12013,2145
12014,2505
12015,2076
12016,3230
12017,3012
12018,2735
12019,2351
12020,2526
12021,2467
12022,2880
12023,2379
12024,2281
12025,2624
12026,2467
12027,2345
12028,2718
12029,2515
12030,2939
12031,2441
12032,3306
12033,2200
12034,4011
12035,2685
12036,2684
12037,1998
12038,2756
12039,2766
12040,2625
12041,2002
12042,2713
12043,2979
12044,2397
12045,2452
12046,2148
12047,2218
12048,2645
12049,2186
12050,2884
12051,3304
12052,2561
12053,2811
12054,2330
12055,2251
12056,2545
12057,2413
12058,2544
12059,2383
12060,2661
12061,1940
12062,-1
12063,2947
12064,2612
12065,2081
12066,1972
12067,3105
12068,3097
12069,2933
12070,3328
12071,2270
12072,2413
12073,2916
12074,2526
12075,1901
12076,2974
12077,1995
12078,2157
12079,2644
12080,2079
12081,2885
12082,2587
12083,2767
12084,2113
12085,2037
12086,2786
12087,2576
12088,3083
12089,2276
12090,2820
12091,2562
12092,3043
12093,2641
12094,2781
12095,2540
12096,3139
12097,2179
12098,-1
12099,2640
12100,2373
12101,3504
12102,2713
12103,2894
12104,1799
12105,2267
12106,2416
12107,2906
12108,3217
12109,2528
12110,2142
12111,2189
12112,2734
12113,2928
12114,2754
12115,1956
12116,3209
12117,2283
12118,2978
12119,2746
12120,2603
12121,3127
12122,2233
12123,2586
12124,2757
12125,2348
12126,2958
12127,2580
12128,3420
12129,2952
12130,2793
12131,2410
12132,3201
12133,2967
12134,2615
12135,2290
12136,3492
12137,3722
12138,2384
12139,2614
12140,3481
12141,2464
12142,2765
12143,3133
12144,3515
12145,2835
12146,2915
12147,2350
12148,3869
12149,2396
12150,3150
12151,2312
12152,2582
12153,2773
12154,2337
12155,3637
12156,3217
12157,1982
12158,2786
12159,2268
12160,2616
12161,2468
12162,2306
12163,2165
12164,2446
12165,3257
12166,3041
12167,2425
12168,2948
12169,2232
12170,2986
12171,1846
12172,2653
12173,2528
12174,2091
12175,2180
12176,2869
12177,2556
12178,2516
12179,2114
12180,2588
12181,2037
12182,3036
12183,2467
12184,3100
12185,2068
12186,2334
12187,2541
12188,2464
12189,2711
12190,2982
12191,1766
12192,2284
12193,2690
12194,2482
12195,2790
12196,3005
12197,2871
12198,1702
12199,2468
12200,2284
12201,2897
12202,4029
12203,2421
12204,1581
12205,1992
12206,2643
12207,2486
12208,2313
12209,2803
12210,2443
12211,3153
12212,2574
12213,2512
12214,2909
12215,2416
12216,2708
12217,2275
12218,3179
12219,2372
12220,-1
12221,3307
12222,3203
12223,1698
12224,2444
12225,2644
12226,2663
12227,2628
12228,2583
12229,2752
12230,2641
12231,2812
12232,3349
12233,3245
12234,2721
12235,2273
12236,2047
12237,2127
12238,2485
12239,2710
12240,3023
12241,2957
12242,2669
12243,2316
12244,2066
12245,2802
12246,2708
12247,2725
12248,2351
12249,2864
12250,2380
12251,-1
12252,2820
12253,1849
12254,3012
12255,2218
12256,2274
12257,2457
12258,1884
12259,2300
12260,2920
12261,2342
12262,3112
12263,2387
12264,2565
12265,2172
12266,2578
12267,2789
12268,2837
12269,2574
12270,2550
12271,2095
12272,2738
12273,2319
12274,1306
12275,2777
12276,2148
12277,3001
12278,-1
12279,1779
12280,3268
12281,3185
12282,2547
12283,2498
12284,2467
12285,2918
12286,3171
12287,2440
12288,3350
12289,2373
12290,2631
12291,2843
12292,2726
12293,3250
12294,2587
12295,2978
12296,2634
12297,2829
12298,2793
12299,3290
12300,2326
12301,2336
12302,3177
12303,2749
12304,3074
12305,2669
12306,2644
12307,2203
12308,3096
12309,2035
12310,2126
12311,1723
12312,2295
12313,2026
12314,2491
12315,2731
12316,2407
12317,3009
12318,1996
12319,2720
12320,2377
12321,2369
12322,3392
12323,2159
12324,2428
12325,2681
12326,3298
12327,-1
12328,2478
12329,3107
12330,2374
12331,2769
12332,2716
12333,2003
12334,2348
12335,3168
12336,3367
12337,2350
12338,2414
12339,2374
12340,2740
12341,2553
12342,2881
12343,2995
12344,3184
12345,2691
12346,2522
12347,2568
12348,2845
12349,2648
12350,2305
12351,1796
12352,1856
12353,2532
12354,1904
12355,-1
12356,3310
12357,3429
12358,2292
12359,2722
12360,2886
12361,3251
12362,2207
12363,2607
12364,2348
12365,3060
12366,2850
12367,2727
12368,2247
12369,3100
12370,2725
12371,2708
12372,2762
12373,2853
12374,2730
12375,2860
12376,2509
12377,2461
12378,2615
12379,2560
12380,2854
12381,3067
12382,2667
12383,3060
12384,2380
12385,2723
12386,3355
12387,2585
12388,3419
12389,2744
12390,2695
12391,2869
12392,3517
12393,2998
12394,2391
12395,3221
12396,2542
12397,2439
12398,2627
12399,2707
12400,2991
12401,3089
12402,3053
12403,2074
12404,3035
12405,2754
12406,1806
12407,3168
12408,2264
12409,2667
12410,2423
12411,2361
12412,2426
12413,4961
12414,2695
12415,3152
12416,3600
12417,-1
12418,3491
12419,2854
12420,2610
12421,1714
12422,3014
12423,2581
12424,2801
12425,2687
12426,4195
12427,2582
12428,3424
12429,3673
12430,2200
12431,2245
12432,2163
12433,3029
12434,2774
12435,2065
12436,2236
12437,3296
12438,2661
12439,2961
12440,3074
12441,2965
12442,2959
12443,2526
12444,2581
12445,2389
12446,2804
12447,2983
12448,2017
12449,2679
12450,2584
12451,3245
12452,3042
12453,2503
12454,2322
12455,2413
12456,2269
12457,2678
12458,-1
12459,2329
12460,2973
12461,2654
12462,3135
12463,1979
12464,2700
12465,2916
12466,2855
12467,2616
12468,2846
12469,2984
12470,2506
12471,2364
12472,2182
12473,2589
12474,2226
12475,2052
12476,2583
12477,2783
12478,2508
12479,2739
12480,2417
12481,2503
12482,3296
12483,2758
12484,2582
12485,2084
12486,2692
12487,1742
12488,2223
12489,3094
12490,2524
12491,2719
12492,2412
12493,2408
12494,2578
12495,2672
12496,2710
12497,2539
12498,2137
12499,3349
12500,2844
12501,2701
12502,2091
12503,1723
12504,2503
12505,3436
12506,2812
12507,2592
12508,2707
12509,-1
12510,2524
12511,2046
12512,2436
12513,3215
12514,2396
12515,2416
12516,3140
12517,3830
12518,1799
12519,1453
12520,1926
12521,3563
12522,2309
12523,2643
12524,2752
12525,1938
12526,2777
12527,2790
12528,2604
12529,2455
12530,2504
12531,2849
12532,2396
12533,3152
12534,2930
12535,2442
12536,2326
12537,2401
12538,2909
12539,2667
12540,3031
12541,2307
12542,2412
12543,3479
12544,2832
12545,2824
12546,3054
12547,2498
12548,2685
12549,-1
12550,2671
12551,1112
12552,2111
12553,2441
12554,2545
12555,2960
12556,2669
12557,2564
12558,2469
12559,2305
12560,1620
12561,-1
12562,3105
12563,2221
12564,3541
12565,3144
12566,2768
12567,2440
12568,2633
12569,2987
12570,2839
12571,2641
12572,2547
12573,2162
12574,3504
12575,2652
12576,2808
12577,1999
12578,2959
12579,2761
12580,2448
12581,2846
12582,1765
12583,3492
12584,2381
12585,2663
12586,2767
12587,2858
12588,2638
12589,2706
12590,2972
12591,2182
12592,2598
12593,2646
12594,2322
12595,2853
12596,2004
12597,2425
12598,3038
12599,2513
12600,-1
12601,3063
12602,2269
12603,2940
12604,2773
12605,2644
12606,2668
12607,2203
12608,2890
12609,3113
12610,2382
12611,1585
12612,2402
12613,2596
12614,2791
12615,2160
12616,2649
12617,2032
12618,2626
12619,2942
12620,2701
12621,3189
12622,2384
12623,2516
12624,-1
12625,2133
12626,2897
12627,2801
12628,1842
12629,2573
12630,2605
12631,2105
12632,1577
12633,2430
12634,2997
12635,2750
12636,2386
12637,2780
12638,-1
12639,2481
12640,2562
12641,2684
12642,2416
12643,3048
12644,3068
12645,2343
12646,2689
12647,2371
12648,1547
12649,1736
12650,2843
12651,2252
12652,2163
12653,2860
12654,1938
12655,2233
12656,3367
12657,2564
12658,2910
12659,2514
12660,2239
12661,3534
12662,2329
12663,1885
12664,2230
12665,2715
12666,3164
12667,1991
12668,2660
12669,2802
12670,1788
12671,2424
12672,3024
12673,2254
12674,1870
12675,2236
12676,1698
12677,2841
12678,2665
12679,2904
12680,2700
12681,2855
12682,2909
12683,2807
12684,2553
12685,3038
12686,2101
12687,2778
12688,2730
12689,2639
12690,2654
12691,2464
12692,2461
12693,3248
12694,2121
12695,2585
12696,2188
12697,2474
12698,2676
12699,2507
12700,1796
12701,3388
12702,2420
12703,3070
12704,-1
12705,3381
12706,2773
12707,1727
12708,2890
12709,2652
12710,2629
12711,1701
12712,3156
12713,1661
12714,2558
12715,2637
12716,2719
12717,3248
12718,2531
12719,2390
12720,2508
12721,2266
12722,2619
12723,2997
12724,2640
12725,2856
12726,2403
12727,2494
12728,2863
12729,2517
12730,3079
12731,2070
12732,2786
12733,2777
12734,2515
12735,2896
12736,2907
12737,3158
12738,2769
12739,2834
12740,2980
12741,2743
12742,2774
12743,2608
12744,1938
12745,1967
12746,2471
12747,2456
12748,2624
12749,3516
12750,2384
12751,2768
12752,2704
12753,3367
12754,2927
12755,2110
12756,2139
12757,2628
12758,3043
12759,3282
12760,2694
12761,1898
12762,2283
12763,2542
12764,2400
12765,2950
12766,2345
12767,2662
12768,-1
12769,2215
12770,2431
12771,2704
12772,2747
12773,2811
12774,1951
12775,2072
12776,2682
12777,2789
12778,3654
12779,-1
12780,2606
12781,2904
12782,2935
12783,2559
12784,3195
12785,3127
12786,2815
12787,3014
12788,2400
12789,1836
12790,2320
12791,2056
12792,2690
12793,2530
12794,2844
12795,3579
12796,2381
12797,2373
12798,2772
12799,2717
12800,2729
12801,2492
12802,2529
12803,1708
12804,3016
12805,2461
12806,2151
12807,2339
12808,1905
12809,2704
12810,2796
12811,2971
12812,1925
12813,2928
12814,2479
12815,1937
12816,2536
12817,2113
12818,2971
12819,3338
12820,2051
12821,3141
12822,2200
12823,3564
12824,2849
12825,-1
12826,3495
12827,2369
12828,1812
12829,3122
12830,3118
12831,2324
12832,3115
12833,1731
12834,2750
12835,2562
12836,3136
12837,2311
12838,2442
12839,3104
12840,2356
12841,2533
12842,3400
12843,3035
12844,2657
12845,2441
12846,2138
12847,2301
12848,2831
12849,2622
12850,2335
12851,3547
12852,2056
12853,2715
12854,1965
12855,2181
12856,2288
12857,1428
12858,2961
12859,2937
12860,2388
12861,2269
12862,2625
12863,4091
12864,2627
12865,2684
12866,2619
12867,2114
12868,2252
12869,3028
12870,1626
12871,2640
12872,2120
12873,3670
12874,2674
12875,2551
12876,1972
12877,2684
12878,2456
12879,2128
12880,2554
12881,2591
12882,2800
12883,2911
12884,2547
12885,1626
12886,2346
12887,2322
12888,2749
12889,2837
12890,2910
12891,2417
12892,2625
12893,2032
12894,2595
12895,2278
12896,2461
12897,2438
12898,2443
12899,2878
12900,2609
12901,2795
12902,2522
12903,3164
12904,2369
12905,2433
12906,3204
12907,2835
12908,2921
12909,2421
12910,2289
12911,3028
12912,2863
12913,2342
12914,2550
12915,2677
12916,2402
12917,2030
12918,2809
12919,2420
12920,2964
12921,2541
12922,2813
12923,2744
12924,3513
12925,2127
12926,2660
12927,2885
12928,2856
12929,1674
12930,3278
12931,2301
12932,3077
12933,3009
12934,2587
12935,2358
12936,3004
12937,2312
12938,1218
12939,2689
12940,2617
12941,3027
12942,2757
12943,1784
12944,3159
12945,2267
12946,2858
12947,2726
12948,2839
12949,2468
12950,2847
12951,2155
12952,2112
12953,2590
12954,3167
12955,2259
12956,2791
12957,2666
12958,2228
12959,2347
12960,2755
12961,3017
12962,2177
12963,2014
12964,2299
12965,2561
12966,2544
12967,3392
12968,3088
12969,2754
12970,2724
12971,2519
12972,3253
12973,3019
12974,2732
12975,3184
12976,3113
12977,3402
12978,2438
12979,2757
12980,2795
12981,2623
12982,3692
12983,2979
12984,2551
12985,2630
12986,3261
12987,2572
12988,2930
12989,2444
12990,1927
12991,2802
12992,2493
12993,3328
12994,2628
12995,2557
12996,2763
12997,2601
12998,3167
12999,3854
13000,2412
13001,2077
13002,2768
13003,2721
13004,2624
13005,2388
13006,3642
13007,2852
13008,1446
13009,2328
13010,2309
13011,2459
13012,2724
13013,2437
13014,1658
13015,2910
13016,2816
13017,2171
13018,2305
13019,2575
13020,2438
13021,3794
13022,2997
13023,2114
13024,2462
13025,2402
13026,1970
13027,2913
13028,2909
13029,2743
13030,2410
13031,2593
13032,2155
13033,3503
13034,2691
13035,2476
13036,-1
13037,2506
13038,2735
13039,2318
13040,3427
13041,3547
13042,2561
13043,1685
13044,2439
13045,2550
13046,2512
13047,3438
13048,2749
13049,3496
13050,1481
13051,2222
13052,2364
13053,4076
13054,2354
13055,2805
13056,2999
13057,2420
13058,2896
13059,-1
13060,2717
13061,2818
13062,2614
13063,2876
13064,2841
13065,3399
13066,3145
13067,2015
13068,2779
13069,2378
13070,2796
13071,2710
13072,1713
13073,2646
13074,2877
13075,3020
13076,2790
13077,2329
13078,2495
13079,1864
13080,2997
13081,2401
13082,1757
13083,2640
13084,2838
13085,2838
13086,2707
13087,3033
13088,3154
13089,2284
13090,2687
13091,2895
13092,2781
13093,2616
13094,2606
13095,2356
13096,3456
13097,2915
13098,2510
13099,1923
13100,2760
13101,2461
13102,2759
13103,2696
13104,4143
13105,2755
13106,2399
13107,2334
13108,2809
13109,3276
13110,2365
13111,2659
13112,2495
13113,1992
13114,2742
13115,2857
13116,2121
13117,1794
13118,2605
13119,2760
13120,3170
13121,-1
13122,2821
13123,2266
13124,2777
13125,2488
13126,2626
13127,2546
13128,2747
13129,2207
13130,2855
13131,3379
13132,2596
13133,3017
13134,3484
13135,2766
13136,3393
13137,2571
13138,2727
13139,2137
13140,2823
13141,2710
13142,2065
13143,3858
13144,3082
13145,2449
13146,2668
13147,3110
13148,2552
13149,2873
13150,2328
13151,2769
13152,3003
13153,2880
13154,2082
13155,2541
13156,2898
13157,2552
13158,3438
13159,2697
13160,2951
13161,2044
13162,2709
13163,3392
13164,2250
13165,3265
13166,2679
13167,2714
13168,2635
13169,2683
13170,2546
13171,2423
13172,2396
13173,2557
13174,3611
13175,2522
13176,2428
13177,2335
13178,2193
13179,2766
13180,3144
13181,2786
13182,3444
13183,2894
13184,2629
13185,3189
13186,3488
13187,2512
13188,979
13189,3299
13190,2489
13191,2517
13192,3514
13193,2188
13194,2672
13195,3189
13196,2584
13197,2725
13198,3017
13199,3102
13200,2735
13201,2613
13202,2340
13203,2900
13204,-1
13205,2458
13206,2089
13207,2580
13208,2013
13209,2793
13210,2229
13211,2305
13212,1596
13213,3348
13214,2497
13215,2026
13216,2193
13217,2227
13218,2241
13219,2623
13220,2418
13221,-1
13222,2745
13223,2954
13224,2613
13225,1964
13226,2646
13227,2699
13228,2892
13229,2546
13230,1912
13231,2041
13232,2425
13233,3383
13234,3564
13235,2479
13236,2266
13237,2833
13238,2431
13239,1993
13240,2420
13241,2742
13242,2735
13243,2756
13244,2564
13245,-1
13246,3000
13247,2458
13248,1133
13249,1679
13250,2948
13251,2698
13252,2602
13253,2329
13254,3051
13255,3270
13256,2848
13257,2962
13258,2164
13259,3095
13260,-1
13261,-1
13262,2056
13263,3364
13264,3019
13265,2685
13266,2995
13267,2992
13268,2772
13269,2555
13270,2724
13271,2879
13272,1521
13273,2878
13274,3106
13275,2702
13276,3013
13277,2165
13278,1820
13279,3015
13280,2302
13281,2432
13282,1856
13283,-1
13284,2964
13285,3079
13286,2738
13287,2725
13288,3329
13289,1870
13290,2761
13291,2824
13292,2895
13293,2196
13294,2258
13295,3365
13296,3125
13297,2267
13298,2801
13299,2796
13300,2553
13301,2765
13302,2299
13303,2719
13304,2698
13305,3546
13306,2324
13307,2147
13308,1768
13309,2395
13310,3064
13311,2561
13312,3067
13313,1680
13314,2037
13315,2760
13316,2522
13317,2831
13318,2833
13319,3473
13320,2706
13321,1544
13322,3087
13323,3146
13324,3190
13325,2934
13326,2620
13327,2988
13328,2495
13329,2658
13330,-1
13331,2782
13332,2725
13333,3433
13334,2750
13335,2637
13336,1816
13337,2856
13338,2504
13339,2500
13340,2707
13341,2524
13342,2723
13343,2968
13344,3068
13345,2969
13346,2847
13347,2268
13348,2653
13349,2469
13350,3361
13351,3402
13352,2819
13353,2975
13354,2812
13355,2543
13356,2709
13357,3288
13358,2545
13359,2756
13360,2425
13361,2333
13362,2692
13363,2812
13364,3106
13365,2573
13366,2228
13367,3175
13368,2998
13369,2263
13370,2269
13371,2342
13372,2730
13373,3041
13374,2666
13375,2477
13376,2863
13377,3011
13378,2695
13379,2761
13380,2847
13381,2559
13382,1783
13383,2840
13384,2776
13385,2771
13386,2428
13387,2287
13388,3004
13389,2547
13390,2993
13391,2857
13392,2538
13393,1672
13394,2263
13395,-1
13396,2215
13397,2278
13398,2258
13399,2724
13400,2734
13401,2186
13402,2477
13403,1998
13404,2931
13405,2711
13406,2166
13407,2698
13408,1508
13409,1044
13410,3022
13411,2634
13412,2033
13413,2989
13414,4056
13415,2570
13416,2656
13417,2089
13418,1892
13419,2094
13420,2282
13421,3304
13422,1504
13423,2930
13424,2184
13425,2633
13426,1633
13427,2771
13428,2582
13429,2227
13430,2229
13431,2446
13432,3437
13433,1795
13434,2690
13435,1261
13436,3458
13437,2509
13438,2427
13439,2007
13440,1973
13441,2621
13442,2716
13443,3276
13444,2032
13445,2651
13446,2169
13447,3195
13448,2229
13449,3555
13450,1341
13451,3028
13452,3009
13453,3868
13454,2605
13455,2308
13456,2720
13457,1908
13458,2444
13459,2078
13460,3393
13461,2804
13462,3290
13463,2870
13464,2922
13465,2531
13466,2639
13467,2897
13468,2415
13469,1930
13470,2955
13471,3018
13472,2506
13473,2956
13474,2452
13475,2925
13476,2766
13477,3049
13478,2102
13479,3164
13480,2532
13481,2961
13482,2533
13483,2153
13484,1492
13485,2316
13486,2598
13487,2678
13488,2792
13489,2030
13490,3061
13491,2792
13492,2797
13493,2585
13494,2425
13495,2825
13496,-1
13497,888
13498,2451
13499,2700
13500,2834
13501,1833
13502,2653
13503,-1
13504,3675
13505,2701
13506,2710
13507,2856
13508,2360
13509,2488
13510,2955
13511,2495
13512,3072
13513,3092
13514,3098
13515,2417
13516,2258
13517,2985
13518,2628
13519,2103
13520,2789
13521,3042
13522,2419
13523,3025
13524,2344
13525,2250
13526,2409
13527,2981
13528,2396
13529,2700
13530,2809
13531,2620
13532,1444
13533,2430
13534,2464
13535,2578
13536,3582
13537,3851
13538,2695
13539,2053
13540,2371
13541,2621
13542,2344
13543,2033
13544,2797
13545,2244
13546,2160
13547,2133
13548,2677
13549,2431
13550,3397
13551,2451
13552,3169
13553,2286
13554,3062
13555,2565
13556,3336
13557,2612
13558,2283
13559,2452
13560,2367
13561,2814
13562,1851
13563,2069
13564,2333
13565,2841
13566,2563
13567,2564
13568,2687
13569,2697
13570,2230
13571,2809
13572,2578
13573,2541
13574,2900
13575,2757
13576,2428
13577,2276
13578,2045
13579,2227
13580,3025
13581,2498
13582,2357
13583,2445
13584,2261
13585,2644
13586,2741
13587,2631
13588,2746
13589,2877
13590,2878
13591,2594
13592,2701
13593,2377
13594,3768
13595,1475
13596,2937
13597,3316
13598,1895
13599,2220
13600,2389
13601,2906
13602,2665
13603,2750
13604,3740
13605,1692
13606,2656
13607,3798
13608,3043
13609,2719
13610,2143
13611,2356
13612,3490
13613,3230
13614,3312
13615,3036
13616,2009
13617,2152
13618,1735
13619,2355
13620,2716
13621,2745
13622,3206
13623,3868
13624,3368
13625,2753
13626,2082
13627,2795
13628,3115
13629,3131
13630,1704
13631,3003
13632,2701
13633,3038
13634,2342
13635,2608
13636,2828
13637,1807
13638,2738
13639,3013
13640,2612
13641,2341
13642,2747
13643,1997
13644,2647
13645,2678
13646,3153
13647,3117
13648,3187
13649,2570
13650,2729
13651,2697
13652,3036
13653,2800
13654,2204
13655,2679
13656,3369
13657,3030
13658,3052
13659,2164
13660,3178
13661,2873
13662,2075
13663,1950
13664,2840
13665,2542
13666,3088
13667,3028
13668,3483
13669,2056
13670,2406
13671,2906
13672,1561
13673,3480
13674,3472
13675,2053
13676,2597
13677,2692
13678,2193
13679,2628
13680,2703
13681,1883
13682,3862
13683,2214
13684,2568
13685,2664
13686,2784
13687,2444
13688,2406
13689,2464
13690,3001
13691,2186
13692,3494
13693,2478
13694,2820
13695,2522
13696,3476
13697,2722
13698,3013
13699,2666
13700,2773
13701,2383
13702,2080
13703,2445
13704,2828
13705,2634
13706,2333
13707,2462
13708,2166
13709,3347
13710,2908
13711,2103
13712,2417
13713,2919
13714,3316
13715,2925
13716,2372
13717,2276
13718,2996
13719,2679
13720,2837
13721,3279
13722,2680
13723,2356
13724,1692
13725,2024
13726,2906
13727,2544
13728,2434
13729,2647
13730,2793
13731,2834
13732,2235
13733,3062
13734,2498
13735,2405
13736,2748
13737,2448
13738,2835
13739,2533
13740,1931
13741,2359
13742,2343
13743,2751
13744,3325
13745,2140
13746,2963
13747,2402
13748,2947
13749,2982
13750,2262
13751,3084
13752,2613
13753,2358
13754,2759
13755,2173
13756,2543
13757,2419
13758,2038
13759,2339
13760,2730
13761,1958
13762,2650
13763,2624
13764,2979
13765,2477
13766,2858
13767,2607
13768,2836
13769,3704
13770,2687
13771,2780
13772,2071
13773,2479
13774,2453
13775,3182
13776,2917
13777,3013
13778,2587
13779,3432
13780,2721
13781,1828
13782,2986
13783,2585
13784,-1
13785,2129
13786,2372
13787,2202
13788,2618
13789,3319
13790,2445
13791,1959
13792,2389
13793,1996
13794,3372
13795,2768
13796,1580
13797,2720
13798,2664
13799,2043
13800,2487
13801,3030
13802,2611
13803,2430
13804,2291
13805,3067
13806,1917
13807,3795
13808,2399
13809,2684
13810,3318
13811,2954
13812,2387
13813,2703
13814,2146
13815,2948
13816,2520
13817,3279
13818,2480
13819,2937
13820,3105
13821,2875
13822,2204
13823,2408
13824,3448
13825,2215
13826,3075
13827,2259
13828,2738
13829,2761
13830,3035
13831,1994
13832,2105
13833,2054
13834,2759
13835,2601
13836,2178
13837,2833
13838,3189
13839,2945
13840,3535
13841,2556
13842,3113
13843,2231
13844,3027
13845,2384
13846,3310
13847,2080
13848,2850
13849,1259
13850,2628
13851,2701
13852,2674
13853,2262
13854,2964
13855,3530
13856,3175
13857,1799
13858,2991
13859,3058
13860,3287
13861,2561
13862,3030
13863,2624
13864,2476
13865,3539
13866,2628
13867,3289
13868,2943
13869,2831
13870,3340
13871,2717
13872,2380
13873,2684
13874,2437
13875,2946
13876,2988
13877,2255
13878,2708
13879,3058
13880,3078
13881,3201
13882,1611
13883,2586
13884,2295
13885,2490
13886,2779
13887,2593
13888,2460
13889,2237
13890,2540
13891,2658
13892,1190
13893,1309
13894,2489
13895,2871
13896,3090
13897,2590
13898,2125
13899,2871
13900,2953
13901,2776
13902,2987
13903,2989
13904,2814
13905,2499
13906,1861
13907,2599
13908,2469
13909,2327
13910,2298
13911,2411
13912,2419
13913,2168
13914,3032
13915,2895
13916,2138
13917,2188
13918,2023
13919,2884
13920,1753
13921,2788
13922,2921
13923,1619
13924,2743
13925,1949
13926,2782
13927,2988
13928,2556
13929,3021
13930,1816
13931,2289
13932,1567
13933,3467
13934,3221
13935,2813
13936,3108
13937,2463
13938,2705
13939,2260
13940,1928
13941,2091
13942,2846
13943,2843
13944,2973
13945,2049
13946,2694
13947,2353
13948,2883
13949,2778
13950,2704
13951,2639
13952,2592
13953,2777
13954,2719
13955,2906
13956,2586
13957,2557
13958,2486
13959,3492
13960,3261
13961,2088
13962,2077
13963,1994
13964,2864
13965,2073
13966,2228
13967,2933
13968,1801
13969,2557
13970,2231
13971,2342
13972,2792
13973,2870
13974,2457
13975,3107
13976,2283
13977,3474
13978,3227
13979,2936
13980,2078
13981,2774
13982,2548
13983,2719
13984,2548
13985,2535
13986,2640
13987,-1
13988,2761
13989,2622
13990,2659
13991,5030
13992,1930
13993,3520
13994,2391
13995,2173
13996,2579
13997,1840
13998,3135
13999,2569
14000,3170
14001,1401
14002,2615
14003,2622
14004,2200
14005,2365
14006,2997
14007,2627
14008,2976
14009,2515
14010,2920
14011,3012
14012,2967
14013,2904
14014,2497
14015,2080
14016,2442
14017,2370
14018,3155
14019,2302
14020,3100
14021,1968
14022,2684
14023,2082
14024,2399
14025,2912
14026,-1
14027,3016
14028,1846
14029,2455
14030,2973
14031,2587
14032,3244
14033,2006
14034,3298
14035,3452
14036,2422
14037,3026
14038,1978
14039,2360
14040,2136
14041,2890
14042,2493
14043,2095
14044,3107
14045,3157
14046,2505
14047,2732
14048,2765
14049,2252
14050,1991
14051,2351
14052,2434
14053,3009
14054,3100
14055,2947
14056,2576
14057,2816
14058,2642
14059,2403
14060,2935
14061,2528
14062,2883
14063,2934
14064,3790
14065,2452
14066,2180
14067,3149
14068,2619
14069,3167
14070,2309
14071,2792
14072,2886
14073,1841
14074,2094
14075,2238
14076,3327
14077,2658
14078,2128
14079,2475
14080,3213
14081,2786
14082,2325
14083,2506
14084,2242
14085,3928
14086,2670
14087,2545
14088,2608
14089,3438
14090,2541
14091,2301
14092,2606
14093,3335
14094,3202
14095,3129
14096,-1
14097,2546
14098,2890
14099,2387
14100,3138
14101,2473
14102,3274
14103,2396
14104,2972
14105,3198
14106,1960
14107,3070
14108,2531
14109,3529
14110,-1
14111,2542
14112,3085
14113,-1
14114,3492
14115,2908
14116,3235
14117,2445
14118,3062
14119,2896
14120,2680
14121,3201
14122,1980
14123,3174
14124,1776
14125,3629
14126,2631
14127,2561
14128,2326
14129,2825
14130,2783
14131,2851
14132,2259
14133,1959
14134,2497
14135,3003
14136,2474
14137,1562
14138,2272
14139,2924
14140,2783
14141,2662
14142,2273
14143,2562
14144,3184
14145,2942
14146,3092
14147,2464
14148,2441
14149,2677
14150,2779
14151,3103
14152,2767
14153,2622
14154,2494
14155,2622
14156,3264
14157,2733
14158,2904
14159,2325
14160,2287
14161,2755
14162,2835
14163,1976
14164,2684
14165,1966
14166,-1
14167,2462
14168,3038
14169,3265
14170,-1
14171,2245
14172,2531
14173,2700
14174,2912
14175,2420
14176,2268
14177,2669
14178,3323
14179,3121
14180,2918
14181,1399
14182,2175
14183,2541
14184,3594
14185,1932
14186,1987
14187,2294
14188,1883
14189,2533
14190,2665
14191,2822
14192,2919
14193,2390
14194,2792
14195,1808
14196,2322
14197,2793
14198,3005
14199,2219
14200,2616
14201,2493
14202,2041
14203,3121
14204,2772
14205,2811
14206,2620
14207,1806
14208,2096
14209,2469
14210,2469
14211,2611
14212,2178
14213,3143
14214,3041
14215,2622
14216,2634
14217,3316
14218,2525
14219,-1
14220,3195
14221,1531
14222,1675
14223,2463
14224,3265
14225,2501
14226,3204
14227,2589
14228,2434
14229,3140
14230,2737
14231,2757
14232,2279
14233,3020
14234,1956
14235,2507
14236,2766
14237,2559
14238,2520
14239,2862
14240,2404
14241,1933
14242,2363
14243,1976
14244,-1
14245,2562
14246,2518
14247,2401
14248,-1
14249,3171
14250,2127
14251,2765
14252,2421
14253,2598
14254,3936
14255,-1
14256,2885
14257,3085
14258,2763
14259,3661
14260,2772
14261,3177
14262,2637
14263,1445
14264,3210
14265,2102
14266,2645
14267,2526
14268,1883
14269,1818
14270,2671
14271,2396
14272,2436
14273,2901
14274,2932
14275,2817
14276,2600
14277,3312
14278,3816
14279,2494
14280,2521
14281,2922
14282,3337
14283,3067
14284,2751
14285,2691
14286,4954
14287,2281
14288,2112
14289,2212
14290,2609
14291,2980
14292,2549
14293,4060
14294,2631
14295,2046
14296,1839
14297,3337
14298,3265
14299,2947
14300,2793
14301,2202
14302,2498
14303,2327
14304,2825
14305,2868
14306,2941
14307,3059
14308,2934
14309,3425
14310,2681
14311,3013
14312,2305
14313,2521
14314,2990
14315,2544
14316,1861
14317,2529
14318,3210
14319,2776
14320,-1
14321,2948
14322,2415
14323,2780
14324,2403
14325,2553
14326,2770
14327,2313
14328,2550
14329,2525
14330,2392
14331,2963
14332,2964
14333,2481
14334,3514
14335,2741
14336,2781
14337,2099
14338,2876
14339,2389
14340,2518
14341,2102
14342,2115
14343,3054
14344,2822
14345,2335
14346,2357
14347,2021
14348,2749
14349,2558
14350,3087
14351,2315
14352,2844
14353,3278
14354,2423
14355,2225
14356,2256
14357,2643
14358,2289
14359,2904
14360,2525
14361,2823
14362,3052
14363,2524
14364,2861
14365,2333
14366,2757
14367,2689
14368,2991
14369,1813
14370,-1
14371,-1
14372,2329
14373,2377
14374,3225
14375,2184
14376,1997
14377,-1
14378,2451
14379,2500
14380,2678
14381,2921
14382,2222
14383,3763
14384,3024
14385,2686
14386,2031
14387,3393
14388,3176
14389,3192
14390,3173
14391,2584
14392,3056
14393,3029
14394,2016
14395,2287
14396,2839
14397,2186
14398,2379
14399,1751
14400,2984
14401,2387
14402,2606
14403,2142
14404,2790
14405,1802
14406,2932
14407,2894
14408,3247
14409,2400
14410,2394
14411,2483
14412,3546
14413,2082
14414,2326
14415,2324
14416,2425
14417,2361
14418,2240
14419,2790
14420,1740
14421,2392
14422,2549
14423,2906
14424,2442
14425,2486
14426,2596
14427,2036
14428,3096
14429,2842
14430,3338
14431,2891
14432,1579
14433,1554
14434,2708
14435,2465
14436,3070
14437,2919
14438,2548
14439,2613
14440,2464
14441,2137
14442,2437
14443,2749
14444,3055
14445,3085
14446,2958
14447,2483
14448,2386
14449,2828
14450,2617
14451,2171
14452,2686
14453,1968
14454,3032
14455,2426
14456,2257
14457,2477
14458,2385
14459,3367
14460,1671
14461,3051
14462,2599
14463,3044
14464,2684
14465,2285
14466,2435
14467,2412
14468,3436
14469,3094
14470,2026
14471,4043
14472,1965
14473,2806
14474,3065
14475,2048
14476,2805
14477,2178
14478,3419
14479,2601
14480,3614
14481,2598
14482,2142
14483,2155
14484,2294
14485,2956
14486,2790
14487,1702
14488,3083
14489,2286
14490,2892
14491,2144
14492,2450
14493,2034
14494,2797
14495,2712
14496,3387
14497,3455
14498,2947
14499,-1
14500,3135
14501,2261
14502,2477
14503,2655
14504,2933
14505,2554
14506,3351
14507,3547
14508,2798
14509,3526
14510,2737
14511,2370
14512,2468
14513,1898
14514,2700
14515,2742
14516,1996
14517,2941
14518,2945
14519,3018
14520,2263
14521,2823
14522,2996
14523,2727
14524,2034
14525,2390
14526,2489
14527,2699
14528,2311
14529,2589
14530,2835
14531,2408
14532,2863
14533,2492
14534,2405
14535,2417
14536,2531
14537,2859
14538,2827
14539,2778
14540,2490
14541,2328
14542,2454
14543,2239
14544,2557
14545,2519
14546,2811
14547,3284
14548,2247
14549,2447
14550,2582
14551,3366
14552,2884
14553,3908
14554,2716
14555,2508
14556,2204
14557,2782
14558,2897
14559,2921
14560,2548
14561,2907
14562,3076
14563,2720
14564,3006
14565,-1
14566,1476
14567,2704
14568,2716
14569,2431
14570,2888
14571,2440
14572,1979
14573,2534
14574,2767
14575,2928
14576,3236
14577,2479
14578,2514
14579,2442
14580,2133
14581,2755
14582,2025
14583,2588
14584,2126
14585,3203
14586,2514
14587,2530
14588,2447
14589,2612
14590,2191
14591,2930
14592,3175
14593,2248
14594,3045
14595,3320
14596,2449
14597,2070
14598,1779
14599,2687
14600,2443
14601,3028
14602,2579
14603,2998
14604,3373
14605,2718
14606,2230
14607,3549
14608,2404
14609,2173
14610,2773
14611,2521
14612,2483
14613,3440
14614,2069
14615,2444
14616,-1
14617,2038
14618,3104
14619,2541
14620,3135
14621,2431
14622,2496
14623,2928
14624,2601
14625,2918
14626,2389
14627,2613
14628,2461
14629,2229
14630,2470
14631,3250
14632,2675
14633,2410
14634,2978
14635,2710
14636,4310
14637,2209
14638,2507
14639,1847
14640,2408
14641,2736
14642,2250
14643,2738
14644,2196
14645,2681
14646,2004
14647,2354
14648,2568
14649,2942
14650,2322
14651,2989
14652,2633
14653,2639
14654,2305
14655,2409
14656,2103
14657,2301
14658,2627
14659,2341
14660,2536
14661,2507
14662,2779
14663,3016
14664,2189
14665,2292
14666,3386
14667,2951
14668,3302
14669,2188
14670,3407
14671,2597
14672,2442
14673,3061
14674,3639
14675,2379
14676,2341
14677,2447
14678,2253
14679,3130
14680,1877
14681,2549
14682,2608
14683,2735
14684,1916
14685,2527
14686,2075
14687,2680
14688,2692
14689,2732
14690,2603
14691,2074
14692,2312
14693,1759
14694,2665
14695,2772
14696,1950
14697,2961
14698,3268
14699,3078
14700,3093
14701,2554
14702,2091
14703,2465
14704,2017
14705,-1
14706,2528
14707,2596
14708,2365
14709,2663
14710,2715
14711,2374
14712,2673
14713,2497
14714,2009
14715,2685
14716,2664
14717,2026
14718,-1
14719,3123
14720,2213
14721,3217
14722,3373
14723,3142
14724,2796
14725,2657
14726,2855
14727,1898
14728,3015
14729,2872
14730,2352
14731,3253
14732,2606
14733,1954
14734,3465
14735,2681
14736,2848
14737,2350
14738,2485
14739,3445
14740,2809
14741,2943
14742,2751
14743,2656
14744,2418
14745,3081
14746,2656
14747,3086
14748,3132
14749,2953
14750,3331
14751,3173
14752,2889
14753,2755
14754,2124
14755,-1
14756,2396
14757,2359
14758,2829
14759,2219
14760,2532
14761,1092
14762,2679
14763,2897
14764,2686
14765,2612
14766,3959
14767,2594
14768,2417
14769,2506
14770,2062
14771,2184
14772,2526
14773,2675
14774,2720
14775,2594
14776,2574
14777,1093
14778,2565
14779,2413
14780,1959
14781,2755
14782,3198
14783,2689
14784,2678
14785,2631
14786,3219
14787,2767
14788,3086
14789,2009
14790,2613
14791,2239
14792,2478
14793,2534
14794,2312
14795,2562
14796,2346
14797,2971
14798,4199
14799,2342
14800,2456
14801,2389
14802,3243
14803,3214
14804,-1
14805,2040
14806,2756
14807,2009
14808,2103
14809,2903
14810,2311
14811,2325
14812,3474
14813,2847
14814,2461
14815,2756
14816,2714
14817,2537
14818,2314
14819,2287
14820,3320
14821,2580
14822,2834
14823,1731
14824,2669
14825,2301
14826,1883
14827,2417
14828,1997
14829,2556
14830,2723
14831,2868
14832,2241
14833,2604
14834,2846
14835,2755
14836,1923
14837,2037
14838,2682
14839,2121
14840,2388
14841,2640
14842,2553
14843,1613
14844,2400
14845,2980
14846,2566
14847,2612
14848,1983
14849,2625
14850,2391
14851,2039
14852,3171
14853,1992
14854,2591
14855,2233
14856,2470
14857,2904
14858,3712
14859,2384
14860,3398
14861,2653
14862,1348
14863,2717
14864,2714
14865,2967
14866,2751
14867,2482
14868,2516
14869,2926
14870,2980
14871,2525
14872,2625
14873,2923
14874,2889
14875,2920
14876,2878
14877,2548
14878,2908
14879,2497
14880,2558
14881,2661
14882,2266
14883,2231
14884,3021
14885,3131
14886,2063
14887,-1
14888,2898
14889,2501
14890,2716
14891,2513
14892,-1
14893,3079
14894,2842
14895,2545
14896,2976
14897,2310
14898,3572
14899,2523
14900,2350
14901,3060
14902,3063
14903,2228
14904,2812
14905,2857
14906,2729
14907,2332
14908,2816
14909,2310
14910,2777
14911,2170
14912,2656
14913,2532
14914,3039
14915,1926
14916,1914
14917,2484
14918,3442
14919,2446
14920,2683
14921,2059
14922,2457
14923,2564
14924,2120
14925,2383
14926,2425
14927,2374
14928,2486
14929,3110
14930,2557
14931,2430
14932,2763
14933,2156
14934,2098
14935,3270
14936,2576
14937,3086
14938,2455
14939,2419
14940,3485
14941,2702
14942,2297
14943,2888
14944,2456
14945,1737
14946,2470
14947,2217
14948,2916
14949,2239
14950,2921
14951,3153
14952,2798
14953,2362
14954,1762
14955,2272
14956,2485
14957,2262
14958,2633
14959,1809
14960,2562
14961,2166
14962,2661
14963,1730
14964,2258
14965,2381
14966,2707
14967,2183
14968,2526
14969,2949
14970,2515
14971,2423
14972,2403
14973,2717
14974,2377
14975,2782
14976,2467
14977,-1
14978,2410
14979,3031
14980,-1
14981,2762
14982,-1
14983,2517
14984,2705
14985,2532
14986,-1
14987,2950
14988,2906
14989,2213
14990,2350
14991,1837
14992,2271
14993,3065
14994,2862
14995,2408
14996,2804
14997,2820
14998,2451
14999,-1
15000,2931
15001,2846
15002,2653
15003,1875
15004,2574
15005,2560
15006,1343
15007,2752
15008,2513
15009,1584
15010,2620
15011,2104
15012,2699
15013,2736
15014,1200
15015,2125
15016,3298
15017,3045
15018,2412
15019,2972
15020,3179
15021,2506
15022,1501
15023,2747
15024,2037
15025,2494
15026,2433
15027,3065
15028,2274
15029,-1
15030,1875
15031,3203
15032,2997
15033,2857
15034,3870
15035,3253
15036,2403
15037,3780
15038,2434
15039,2586
15040,1413
15041,2057
15042,2639
15043,2694
15044,2393
15045,2394
15046,3069
15047,2897
15048,2985
15049,2777
15050,2640
15051,2464
15052,2476
15053,2506
15054,3162
15055,2431
15056,3018
15057,3257
15058,2241
15059,2441
15060,2546
15061,3080
15062,2360
15063,2504
15064,2713
15065,2705
15066,2576
15067,2847
15068,1840
15069,2400
15070,2433
15071,2989
15072,3218
15073,2425
15074,2016
15075,2965
15076,2588
15077,2709
15078,2656
15079,2406
15080,2970
15081,1853
15082,3458
15083,3154
15084,3354
15085,1771
15086,2161
15087,2329
15088,2747
15089,-1
15090,2573
15091,2543
15092,2639
15093,2943
15094,2379
15095,3022
15096,2566
15097,2319
15098,2918
15099,3311
15100,2172
15101,3152
15102,2686
15103,2917
15104,3218
15105,2496
15106,2450
15107,2747
15108,1730
15109,2406
15110,2850
15111,2865
15112,2902
15113,2436
15114,2699
15115,2097
15116,2762
15117,-1
15118,2835
15119,2242
15120,2483
15121,2396
15122,2257
15123,2455
15124,2974
15125,2800
15126,2236
15127,2800
15128,2291
15129,2975
15130,3978
15131,2670
15132,2802
15133,2971
15134,2982
15135,2078
15136,2868
15137,2401
15138,3069
15139,1840
15140,2465
15141,2568
15142,2325
15143,3120
15144,2698
15145,2686
15146,2578
15147,2283
15148,2467
15149,2719
15150,2604
15151,2251
15152,2585
15153,2640
15154,2792
15155,2995
15156,2439
15157,1691
15158,3097
15159,2548
15160,2931
15161,2651
15162,3336
15163,2944
15164,2857
15165,3096
15166,2454
15167,2604
15168,2901
15169,2413
15170,2938
15171,2430
15172,2465
15173,2883
15174,2493
15175,2716
15176,2872
15177,2636
15178,2189
15179,2303
15180,2953
15181,3395
15182,2310
15183,2317
15184,2069
15185,2643
15186,2373
15187,2749
15188,3202
15189,2303
15190,2483
15191,2556
15192,3546
15193,2423
15194,2933
15195,2424
15196,2970
15197,2406
15198,2652
15199,2814
15200,2617
15201,2604
15202,3328
15203,3014
15204,2274
15205,3084
15206,2895
15207,3088
15208,2738
15209,2300
15210,1712
15211,2734
15212,2839
15213,2766
15214,2256
15215,2454
15216,2646
15217,2916
15218,2954
15219,2894
15220,2474
15221,3111
15222,2067
15223,3199
15224,2165
15225,2197
15226,2575
15227,2498
15228,2449
15229,2533
15230,3262
15231,2715
15232,2861
15233,2323
15234,2395
15235,3149
15236,1817
15237,2909
15238,3010
15239,2315
15240,2629
15241,2941
15242,2610
15243,2733
15244,2572
15245,3606
15246,2669
15247,3147
15248,2337
15249,1647
15250,3010
15251,2974
15252,2998
15253,2976
15254,3163
15255,2668
15256,2633
15257,1688
15258,2437
15259,2172
15260,2555
15261,2573
15262,2770
15263,2545
15264,2079
15265,3270
15266,2660
15267,2639
15268,2720
15269,2004
15270,2604
15271,2623
15272,2758
15273,2583
15274,3088
15275,2224
15276,2921
15277,2442
15278,1892
15279,2494
15280,3009
15281,2375
15282,2829
15283,2416
15284,2675
15285,2510
15286,2613
15287,2165
15288,2795
15289,2523
15290,3111
15291,2631
15292,2468
15293,2610
15294,2864
15295,2725
15296,2522
15297,2817
15298,2438
15299,2590
15300,2280
15301,2936
15302,2025
15303,2104
15304,3037
15305,2543
15306,2077
15307,1947
15308,2587
15309,2899
15310,2471
15311,2413
15312,2034
15313,2488
15314,2750
15315,2889
15316,2127
15317,2452
15318,2286
15319,1462
15320,2694
15321,2917
15322,3094
15323,2883
15324,2541
15325,2612
15326,2950
15327,1977
15328,2560
15329,2255
15330,2624
15331,1947
15332,2988
15333,3133
15334,2733
15335,2387
15336,2674
15337,1957
15338,3127
15339,1871
15340,2941
15341,2917
15342,2743
15343,2473
15344,3770
15345,2556
15346,2691
15347,2650
15348,2715
15349,2609
15350,3051
15351,2808
15352,2562
15353,3071
15354,2129
15355,2921
15356,2279
15357,2824
15358,3325
15359,3122
15360,3064
15361,-1
15362,1902
15363,3027
15364,2874
15365,2738
15366,1924
15367,1961
15368,2177
15369,2713
15370,3225
15371,2475
15372,2719
15373,2652
15374,2340
15375,2957
15376,1450
15377,2471
15378,2261
15379,4030
15380,3335
15381,1980
15382,2755
15383,2737
15384,2808
15385,2876
15386,1792
15387,2410
15388,2550
15389,2295
15390,2685
15391,1922
15392,2426
15393,2778
15394,3613
15395,2622
15396,2246
15397,2647
15398,2613
15399,2565
15400,2775
15401,2612
15402,3177
15403,3065
15404,4205
15405,2441
15406,2522
15407,2517
15408,2656
15409,2231
15410,3121
15411,2763
15412,2813
15413,2349
15414,3177
15415,3117
15416,2731
15417,1990
15418,2725
15419,1883
15420,2233
15421,2535
15422,3214
15423,2617
15424,2537
15425,3217
15426,2088
15427,2920
15428,2690
15429,2847
15430,2668
15431,2379
15432,2722
15433,2114
15434,3032
15435,2300
15436,2039
15437,2998
15438,2665
15439,2751
15440,2487
15441,2529
15442,2309
15443,3413
15444,2335
15445,1710
15446,2078
15447,3122
15448,2525
15449,2170
15450,2324
15451,2658
15452,2517
15453,3205
15454,3139
15455,2619
15456,2779
15457,2317
15458,2494
15459,2644
15460,2867
15461,2115
15462,2841
15463,2701
15464,2598
15465,2269
15466,1996
15467,2389
15468,2782
15469,2940
15470,1299
15471,2785
15472,3016
15473,2722
15474,1726
15475,3070
15476,3018
15477,3099
15478,2627
15479,2695
15480,3070
15481,2864
15482,2829
15483,3061
15484,2784
15485,2969
15486,3343
15487,2034
15488,2833
15489,3828
15490,2652
15491,2382
15492,2020
15493,2581
15494,2755
15495,3253
15496,2908
15497,2726
15498,2595
15499,2634
15500,2185
15501,-1
15502,3352
15503,2436
15504,2293
15505,2541
15506,2627
15507,2621
15508,2900
15509,1685
15510,2308
15511,3179
15512,2612
15513,3291
15514,1991
15515,3415
15516,1938
15517,2793
15518,2587
15519,2801
15520,2912
15521,2037
15522,3155
15523,2423
15524,2815
15525,2785
15526,2224
15527,2066
15528,1896
15529,1026
15530,2757
15531,1948
15532,1978
15533,2967
15534,3072
15535,1819
15536,2809
15537,2430
15538,2481
15539,3155
15540,2886
15541,2261
15542,2183
15543,3068
15544,3505
15545,3192
15546,2482
15547,2192
15548,2093
15549,3045
15550,1937
15551,2293
15552,2859
15553,3140
15554,3171
15555,3095
15556,2163
15557,2229
15558,2572
15559,3292
15560,2235
15561,2177
15562,2617
15563,3685
15564,2434
15565,3045
15566,3289
15567,2888
15568,2671
15569,2391
15570,2474
15571,2454
15572,2564
15573,2620
15574,3026
15575,2600
15576,1991
15577,2373
15578,1740
15579,3318
15580,2552
15581,2624
15582,2090
15583,2545
15584,2539
15585,2668
15586,2783
15587,2528
15588,3741
15589,2096
15590,2190
15591,2164
15592,2399
15593,2371
15594,1641
15595,2722
15596,2931
15597,2401
15598,2892
15599,2414
15600,2590
15601,2581
15602,3337
15603,2575
15604,3318
15605,3039
15606,2783
15607,2945
15608,1830
15609,2467
15610,3411
15611,3758
15612,2501
15613,3158
15614,3017
15615,3148
15616,2623
15617,3075
15618,2225
15619,2802
15620,2251
15621,1877
15622,2744
15623,2553
15624,2634
15625,1780
15626,2670
15627,-1
15628,1914
15629,1866
15630,2535
15631,2949
15632,2528
15633,2237
15634,3049
15635,2901
15636,2755
15637,2407
15638,2627
15639,2565
15640,3332
15641,2332
15642,2785
15643,2323
15644,2709
15645,2278
15646,2795
15647,2911
15648,2318
15649,2288
15650,3014
15651,2704
15652,2794
15653,2574
15654,2123
15655,3048
15656,3017
15657,2404
15658,2640
15659,2616
15660,2569
15661,3012
15662,2192
15663,2973
15664,2157
15665,3828
15666,2273
15667,2271
15668,3255
15669,2396
15670,2846
15671,-1
15672,2920
15673,-1
15674,2290
15675,2734
15676,2935
15677,3023
15678,3286
15679,2593
15680,2762
15681,2866
15682,2180
15683,2305
15684,-1
15685,3033
15686,2638
15687,2530
15688,3303
15689,3327
15690,2722
15691,2885
15692,2063
15693,3261
15694,2095
15695,2250
15696,2631
15697,2148
15698,1779
15699,2416
15700,2356
15701,2747
15702,2626
15703,2949
15704,2449
15705,3147
15706,2780
15707,2869
15708,2222
15709,2553
15710,2441
15711,2779
15712,2988
15713,2766
15714,2977
15715,2305
15716,2524
15717,2205
15718,3050
15719,2828
15720,2408
15721,2958
15722,2541
15723,2600
15724,2769
15725,2774
15726,3023
15727,2572
15728,2448
15729,2719
15730,2983
15731,2327
15732,2405
15733,2735
15734,2492
15735,2706
15736,2841
15737,2906
15738,3194
15739,2639
15740,3203
15741,2227
15742,-1
15743,3098
15744,2480
15745,2319
15746,2894
15747,2822
15748,2519
15749,2264
15750,3077
15751,1735
15752,2018
15753,-1
15754,-1
15755,2851
15756,2524
15757,2853
15758,2495
15759,2511
15760,3535
15761,2892
15762,2716
15763,2162
15764,-1
15765,2316
15766,2019
15767,3063
15768,1979
15769,2558
15770,2505
15771,2753
15772,2136
15773,2050
15774,2945
15775,2958
15776,2972
15777,3602
15778,2908
15779,2755
15780,2270
15781,2686
15782,2512
15783,2943
15784,2087
15785,2695
15786,3023
15787,2506
15788,2023
15789,2343
15790,2370
15791,2919
15792,2638
15793,2727
15794,3274
15795,3604
15796,2592
15797,1869
15798,3120
15799,3195
15800,2662
15801,2200
15802,1904
15803,2372
15804,2682
15805,2615
15806,2917
15807,1519
15808,2530
15809,2442
15810,2456
15811,2761
15812,2912
15813,3100
15814,2549
15815,3040
15816,3661
15817,3066
15818,2372
15819,2694
15820,2634
15821,3099
15822,3645
15823,1860
15824,2136
15825,3718
15826,2694
15827,3089
15828,2786
15829,2360
15830,2529
15831,3573
15832,2811
15833,2995
15834,1999
15835,2488
15836,2593
15837,2390
15838,3057
15839,2412
15840,2362
15841,2149
15842,2862
15843,3062
15844,3403
15845,2419
15846,2139
15847,2320
15848,2489
15849,2863
15850,3198
15851,2576
15852,2454
15853,2305
15854,2273
15855,2663
15856,2187
15857,3277
15858,2558
15859,2736
15860,2978
15861,3094
15862,2776
15863,3071
15864,2392
15865,2234
15866,2462
15867,1510
15868,3113
15869,3081
15870,1880
15871,2547
15872,2929
15873,2235
15874,2475
15875,2421
15876,2197
15877,2077
15878,2466
15879,2432
15880,2563
15881,2220
15882,3377
15883,2743
15884,3440
15885,2286
15886,2768
15887,3205
15888,2443
15889,3191
15890,2192
15891,2127
15892,2518
15893,2680
15894,2458
15895,2442
15896,2655
15897,2221
15898,2286
15899,2767
15900,2496
15901,2329
15902,2416
15903,1967
15904,2834
15905,3353
15906,2392
15907,3630
15908,2393
15909,2930
15910,2438
15911,2562
15912,3543
15913,3142
15914,1703
15915,2705
15916,2455
15917,2363
15918,2840
15919,2833
15920,2943
15921,1887
15922,2788
15923,2343
15924,3426
15925,2861
15926,2783
15927,2737
15928,-1
15929,2621
15930,2725
15931,2342
15932,2815
15933,3175
15934,3091
15935,1715
15936,1849
15937,1486
15938,3176
15939,2932
15940,2641
15941,3147
15942,2590
15943,2545
15944,2567
15945,3126
15946,2623
15947,3112
15948,3474
15949,2641
15950,2617
15951,3014
15952,3145
15953,2930
15954,2534
15955,2316
15956,2517
15957,3599
15958,2275
15959,2038
15960,1761
15961,2753
15962,3368
15963,2009
15964,2991
15965,3278
15966,883
15967,2504
15968,2980
15969,1953
15970,2725
15971,3075
15972,2958
15973,3221
15974,3626
15975,2636
15976,2808
15977,3110
15978,2666
15979,2325
15980,2945
15981,2468
15982,2891
15983,3100
15984,3005
15985,1940
15986,2176
15987,1325
15988,2871
15989,2432
15990,3185
15991,2764
15992,2577
15993,3014
15994,2168
15995,3150
15996,3197
15997,2206
15998,3494
15999,2739
16000,2802
16001,2977
16002,2738
16003,2634
16004,-1
16005,2793
16006,2732
16007,2220
16008,2848
16009,2226
16010,3035
16011,2850
16012,1900
16013,2847
16014,2775
16015,3017
16016,2767
16017,3105
16018,2790
16019,3074
16020,2386
16021,2830
16022,2484
16023,2440
16024,3451
16025,3115
16026,1389
16027,2655
16028,2239
16029,2767
16030,3014
16031,3014
16032,2486
16033,2448
16034,1724
16035,2765
16036,2831
16037,2410
16038,2959
16039,2328
16040,2702
16041,2592
16042,2500
16043,3302
16044,2763
16045,3188
16046,2584
16047,2252
16048,1943
16049,2898
16050,2717
16051,3050
16052,2141
16053,2265
16054,3420
16055,2586
16056,2915
16057,2012
16058,2836
16059,3125
16060,2703
16061,2150
16062,2965
16063,2318
16064,2741
16065,3006
16066,2774
16067,3162
16068,2053
16069,2771
16070,-1
16071,3193
16072,2774
16073,2154
16074,1729
16075,2583
16076,2395
16077,2913
16078,2729
16079,2835
16080,2516
16081,2468
16082,2880
16083,2687
16084,3337
16085,1727
16086,2390
16087,2612
16088,2955
16089,2729
16090,3725
16091,1951
16092,2641
16093,3150
16094,3382
16095,2309
16096,2311
16097,2020
16098,2376
16099,2304
16100,2438
16101,3184
16102,2778
16103,2559
16104,2941
16105,2774
16106,2422
16107,2865
16108,2656
16109,3232
16110,3230
16111,2520
16112,2185
16113,2999
16114,3815
16115,2377
16116,2708
16117,3121
16118,2397
16119,2294
16120,2837
16121,3608
16122,3253
16123,2928
16124,2437
16125,3028
16126,2866
16127,2522
16128,2703
16129,1698
16130,3383
16131,2162
16132,3043
16133,3044
16134,3095
16135,3081
16136,2685
16137,2264
16138,2391
16139,2435
16140,1724
16141,2069
16142,2613
16143,1700
16144,2196
16145,1980
16146,2812
16147,2482
16148,3450
16149,2598
16150,2994
16151,-1
16152,2741
16153,2626
16154,3027
16155,4027
16156,2450
16157,2329
16158,2303
16159,-1
16160,2402
16161,2271
16162,2468
16163,2955
16164,3098
16165,2445
16166,2914
16167,2147
16168,2462
16169,2473
16170,2657
16171,2114
16172,2555
16173,2825
16174,3231
16175,2247
16176,2306
16177,2803
16178,2645
16179,2578
16180,2513
16181,2769
16182,2022
16183,2512
16184,2777
16185,2573
16186,2904
16187,2643
16188,2727
16189,1823
16190,2300
16191,4198
16192,2133
16193,3411
16194,2575
16195,2590
16196,2589
16197,2116
16198,2760
16199,1869
16200,2994
16201,-1
16202,1519
16203,3396
16204,2818
16205,-1
16206,3047
16207,2845
16208,2566
16209,2893
16210,2715
16211,2871
16212,2893
16213,2521
16214,2638
16215,2398
16216,2803
16217,2600
16218,2197
16219,3079
16220,2408
16221,2454
16222,2551
16223,2569
16224,3075
16225,2919
16226,158
16227,1600
16228,2842
16229,2609
16230,2843
16231,2501
16232,3287
16233,2901
16234,2495
16235,2482
16236,2197
16237,3268
16238,3256
16239,2793
16240,2331
16241,2774
16242,3207
16243,3165
16244,3252
16245,2558
16246,2340
16247,2750
16248,2757
16249,2845
16250,2818
16251,2151
16252,1871
16253,2891
16254,2263
16255,2222
16256,2716
16257,2670
16258,2355
16259,2157
16260,3590
16261,2654
16262,2756
16263,2008
16264,3315
16265,2529
16266,1933
16267,-1
16268,2062
16269,2687
16270,2129
16271,1266
16272,3052
16273,2857
16274,2175
16275,3378
16276,2520
16277,2720
16278,3444
16279,2400
16280,2506
16281,2764
16282,2707
16283,2565
16284,2430
16285,3480
16286,2707
16287,3194
16288,2970
16289,3230
16290,1769
16291,2902
16292,2013
16293,2574
16294,2609
16295,3434
16296,1673
16297,2511
16298,2861
16299,2662
16300,-1
16301,2067
16302,2953
16303,2152
16304,2471
16305,2460
16306,1898
16307,2642
16308,3057
16309,2467
16310,1567
16311,3112
16312,2640
16313,3283
16314,2701
16315,3230
16316,3527
16317,2710
16318,3766
16319,2340
16320,3031
16321,2233
16322,2786
16323,-1
16324,2417
16325,1836
16326,2862
16327,2278
16328,2329
16329,3126
16330,2151
16331,2988
16332,2488
16333,2789
16334,2228
16335,2136
16336,3210
16337,2953
16338,2748
16339,2772
16340,3949
16341,3124
16342,2614
16343,2347
16344,2738
16345,2414
16346,3100
16347,2429
16348,2527
16349,1866
16350,2540
16351,2999
16352,2685
16353,3381
16354,2274
16355,2346
16356,3150
16357,2636
16358,3069
16359,2328
16360,2969
16361,2038
16362,2595
16363,2165
16364,2334
16365,3751
16366,1828
16367,2545
16368,2100
16369,1783
16370,2398
16371,2720
16372,2449
16373,2835
16374,3041
16375,3117
16376,2547
16377,2645
16378,2403
16379,2519
16380,2243
16381,3661
16382,2615
16383,3126
16384,2496
16385,2109
16386,2969
16387,3508
16388,4109
16389,2344
16390,3096
16391,2911
16392,3436
16393,2504
16394,3321
16395,2559
16396,1995
16397,2225
16398,3072
16399,3550
16400,-1
16401,2837
16402,2666
16403,2342
16404,2576
16405,2554
16406,1969
16407,2410
16408,2399
16409,2608
16410,2337
16411,2898
16412,2946
16413,2814
16414,2792
16415,2457
16416,2904
16417,3482
16418,2870
16419,3020
16420,2626
16421,2911
16422,3104
16423,2529
16424,2826
16425,2009
16426,2361
16427,2942
16428,2737
16429,2875
16430,2740
16431,2448
16432,3087
16433,2352
16434,2662
16435,2008
16436,2240
16437,2749
16438,2773
16439,3378
16440,-1
16441,-1
16442,2594
16443,2686
16444,2662
16445,2516
16446,2098
16447,2314
16448,1980
16449,2247
16450,2924
16451,2386
16452,2730
16453,2723
16454,3304
16455,2127
16456,3461
16457,2402
16458,3112
16459,2488
16460,2582
16461,3398
16462,2863
16463,2670
16464,2257
16465,2260
16466,2581
16467,2418
16468,2003
16469,2329
16470,2301
16471,2285
16472,2604
16473,2816
16474,2827
16475,1901
16476,2802
16477,3715
16478,2555
16479,2904
16480,2878
16481,2421
16482,2498
16483,1897
16484,3098
16485,2866
16486,3678
16487,2794
16488,2983
16489,2739
16490,2294
16491,2981
16492,3323
16493,2151
16494,2457
16495,3419
16496,2629
16497,2795
16498,2600
16499,2140
16500,2424
16501,2436
16502,3024
16503,2450
16504,2582
16505,2313
16506,2860
16507,3172
16508,2325
16509,1944
16510,2328
16511,2633
16512,2480
16513,3242
16514,2892
16515,2481
16516,2251
16517,2287
16518,2092
16519,2832
16520,2340
16521,1615
16522,1917
16523,2691
16524,2658
16525,3172
16526,2950
16527,2516
16528,2690
16529,2901
16530,3163
16531,2828
16532,3447
16533,2678
16534,2440
16535,2727
16536,2611
16537,2565
16538,-1
16539,2337
16540,2328
16541,2766
16542,2817
16543,3115
16544,2908
16545,3188
16546,2754
16547,2643
16548,2695
16549,2482
16550,2384
16551,-1
16552,2433
16553,2998
16554,2891
16555,2398
16556,3060
16557,2379
16558,2699
16559,2347
16560,2024
16561,2612
16562,2902
16563,1956
16564,2137
16565,2964
16566,2340
16567,3526
16568,1762
16569,2928
16570,1910
16571,3265
16572,2815
16573,3165
16574,2651
16575,2806
16576,2202
16577,3326
16578,3026
16579,2858
16580,2428
16581,2686
16582,2896
16583,-1
16584,2953
16585,2704
16586,2795
16587,2340
16588,2341
16589,2852
16590,2667
16591,2319
16592,2635
16593,2721
16594,2341
16595,2740
16596,2935
16597,2042
16598,2671
16599,2895
16600,2905
16601,2474
16602,2839
16603,2755
16604,2422
16605,2666
16606,2762
16607,2630
16608,2372
16609,1865
16610,2463
16611,2336
16612,2039
16613,2604
16614,2603
16615,2388
16616,2219
16617,2043
16618,2740
16619,2601
16620,3174
16621,2932
16622,2440
16623,2721
16624,3235
16625,3000
16626,2918
16627,3034
16628,2653
16629,-1
16630,2642
16631,2727
16632,1989
16633,1704
16634,2366
16635,3127
16636,2820
16637,2521
16638,2669
16639,3176
16640,2796
16641,2937
16642,2020
16643,2893
16644,2493
16645,3141
16646,3966
16647,2989
16648,3118
16649,2840
16650,2643
16651,-1
16652,3272
16653,1869
16654,2406
16655,2826
16656,2769
16657,2300
16658,2575
16659,1700
16660,2796
16661,1351
16662,2169
16663,2171
16664,3745
16665,2025
16666,2340
16667,2301
16668,1474
16669,3552
16670,3038
16671,2049
16672,2930
16673,2296
16674,2735
16675,2907
16676,2295
16677,2347
16678,2510
16679,3547
16680,2978
16681,2748
16682,3217
16683,2550
16684,3056
16685,2446
16686,2002
16687,2782
16688,1596
16689,3367
16690,2450
16691,3122
16692,1458
16693,2209
16694,2568
16695,2547
16696,3391
16697,1931
16698,3790
16699,2079
16700,2134
16701,2566
16702,2800
16703,-1
16704,2488
16705,2418
16706,2846
16707,3240
16708,2809
16709,2459
16710,2121
16711,3239
16712,2593
16713,2604
16714,2639
16715,2708
16716,2283
16717,2592
16718,2501
16719,2739
16720,2317
16721,2776
16722,1844
16723,2258
16724,3122
16725,2735
16726,2359
16727,2690
16728,2380
16729,2263
16730,2694
16731,2736
16732,2324
16733,2837
16734,2865
16735,2267
16736,1736
16737,2732
16738,2655
16739,1822
16740,2757
16741,2390
16742,2414
16743,2606
16744,2539
16745,3063
16746,3841
16747,2669
16748,2413
16749,2385
16750,2878
16751,2404
16752,2318
16753,2026
16754,2738
16755,2283
16756,2446
16757,-1
16758,2638
16759,2612
16760,3136
16761,3037
16762,2461
16763,2554
16764,3533
16765,2684
16766,3202
16767,2738
16768,2910
16769,4436
16770,2994
16771,2952
16772,2796
16773,2180
16774,3212
16775,3073
16776,2765
16777,1238
16778,2348
16779,1802
16780,2016
16781,-1
16782,2413
16783,3942
16784,2664
16785,2313
16786,2315
16787,2624
16788,2458
16789,2632
16790,2883
16791,2123
16792,3121
16793,3018
16794,2892
16795,3019
16796,2419
16797,1892
16798,3650
16799,-1
16800,3218
16801,1836
16802,2542
16803,2395
16804,2571
16805,2730
16806,2714
16807,2989
16808,2516
16809,2554
16810,-1
16811,2413
16812,2773
16813,2683
16814,3042
16815,2666
16816,2619
16817,2407
16818,2521
16819,2052
16820,2521
16821,2691
16822,2890
16823,2732
16824,2284
16825,2715
16826,2845
16827,1277
16828,2509
16829,3005
16830,1734
16831,2555
16832,2561
16833,2132
16834,2671
16835,2616
16836,1645
16837,3050
16838,1124
16839,2353
16840,2092
16841,2489
16842,2223
16843,2361
16844,2705
16845,2910
16846,2426
16847,2778
16848,2528
16849,1471
16850,2544
16851,3003
16852,2522
16853,2943
16854,2644
16855,1644
16856,2863
16857,3385
16858,2949
16859,2770
16860,2613
16861,2311
16862,2750
16863,2455
16864,3380
16865,2197
16866,2748
16867,2831
16868,2322
16869,1604
16870,2316
16871,2582
16872,3206
16873,2494
16874,2223
16875,3233
16876,2338
16877,2909
16878,2409
16879,3716
16880,2489
16881,2342
16882,3313
16883,3090
16884,2199
16885,2318
16886,2845
16887,2537
16888,2907
16889,1801
16890,2717
16891,2556
16892,956
16893,2711
16894,2890
16895,2633
16896,2678
16897,2316
16898,2165
16899,2284
16900,2054
16901,2292
16902,2887
16903,3259
16904,2867
16905,2404
16906,2423
16907,2972
16908,2475
16909,3624
16910,3566
16911,2667
16912,723
16913,2518
16914,1404
16915,3121
16916,2871
16917,-1
16918,2501
16919,2742
16920,2027
16921,2497
16922,1999
16923,1984
16924,2489
16925,2733
16926,2967
16927,2017
16928,3042
16929,2852
16930,2519
16931,2998
16932,2221
16933,2035
16934,2805
16935,2730
16936,2538
16937,2890
16938,2014
16939,2430
16940,2713
16941,1442
16942,2456
16943,2626
16944,2052
16945,3276
16946,2915
16947,2896
16948,2845
16949,4192
16950,2287
16951,3153
16952,2581
16953,3395
16954,2640
16955,1498
16956,2469
16957,2103
16958,3756
16959,2515
16960,2746
16961,2236
16962,2407
16963,-1
16964,2956
16965,2985
16966,1921
16967,2792
16968,2749
16969,2450
16970,2084
16971,2879
16972,3127
16973,1714
16974,2330
16975,3924
16976,2272
16977,2344
16978,2802
16979,2564
16980,1842
16981,2439
16982,2603
16983,3038
16984,3025
16985,2843
16986,2653
16987,2777
16988,2841
16989,2457
16990,2851
16991,2863
16992,2982
16993,2841
16994,2969
16995,3088
16996,2839
16997,2397
16998,2343
16999,3182
17000,2684
17001,2764
17002,2389
17003,2743
17004,2590
17005,3332
17006,2670
17007,2607
17008,2064
17009,1932
17010,2410
17011,2008
17012,3240
17013,1587
17014,2366
17015,2759
17016,2734
17017,3185
17018,2620
17019,2476
17020,1921
17021,2904
17022,3260
17023,2872
17024,2356
17025,2610
17026,2952
17027,2644
17028,2540
17029,2407
17030,2790
17031,1976
17032,2507
17033,2126
17034,2735
17035,2705
17036,2936
17037,2796
17038,2708
17039,2421
17040,3163
17041,2402
17042,3279
17043,2889
17044,2470
17045,2257
17046,2953
17047,2563
17048,2164
17049,2591
17050,3066
17051,2569
17052,3282
17053,2990
17054,-1
17055,2622
17056,1849
17057,2788
17058,2531
17059,1980
17060,3620
17061,1529
17062,1414
17063,1794
17064,2366
17065,2485
17066,2535
17067,-1
17068,2823
17069,1953
17070,2766
17071,2639
17072,2744
17073,3005
17074,3091
17075,2729
17076,2267
17077,2944
17078,1739
17079,2546
17080,2746
17081,2936
17082,2776
17083,3196
17084,2544
17085,1876
17086,2485
17087,2622
17088,2205
17089,2768
17090,2912
17091,3088
17092,3378
17093,2943
17094,2692
17095,3306
17096,2629
17097,2198
17098,2374
17099,2980
17100,2820
17101,2536
17102,3194
17103,2176
17104,3018
17105,2671
17106,3149
17107,2113
17108,1966
17109,2180
17110,2811
17111,2429
17112,2705
17113,3707
17114,2431
17115,2237
17116,2949
17117,-1
17118,2645
17119,2548
17120,3485
17121,-1
17122,2948
17123,2569
17124,2692
17125,2758
17126,2597
17127,2723
17128,2549
17129,2712
17130,-1
17131,2836
17132,3226
17133,3190
17134,2926
17135,2380
17136,3404
17137,1756
17138,2388
17139,2651
17140,2922
17141,2546
17142,2401
17143,3170
17144,2649
17145,2250
17146,2706
17147,2321
17148,2634
17149,2111
17150,4122
17151,2014
17152,2649
17153,2342
17154,2213
17155,3044
17156,2802
17157,3264
17158,4272
17159,-1
17160,1992
17161,2986
17162,2368
17163,3164
17164,2669
17165,2463
17166,2499
17167,2288
17168,2746
17169,2477
17170,-1
17171,2693
17172,3540
17173,2233
17174,2942
17175,2115
17176,2251
17177,2499
17178,3411
17179,2753
17180,2694
17181,3049
17182,2770
17183,3137
17184,3917
17185,2848
17186,2444
17187,2436
17188,1470
17189,2631
17190,3111
17191,1570
17192,2842
17193,3038
17194,3005
17195,2133
17196,2716
17197,1866
17198,2680
17199,3345
17200,3146
17201,2985
17202,2692
17203,2847
17204,3175
17205,2403
17206,2346
17207,2738
17208,2727
17209,2098
17210,2989
17211,2681
17212,-1
17213,2543
17214,2462
17215,1994
17216,2786
17217,3072
17218,2909
17219,2631
17220,2122
17221,3371
17222,2905
17223,1942
17224,2761
17225,2931
17226,2275
17227,2368
17228,2166
17229,3180
17230,2832
17231,3411
17232,2870
17233,2746
17234,2814
17235,2562
17236,2447
17237,2817
17238,2060
17239,2487
17240,2441
17241,2658
17242,3092
17243,2812
17244,2239
17245,3655
17246,3308
17247,3033
17248,2385
17249,3172
17250,2376
17251,2646
17252,2151
17253,2332
17254,2851
17255,-1
17256,2771
17257,3459
17258,3370
17259,2567
17260,2389
17261,2802
17262,3563
17263,2916
17264,2429
17265,2447
17266,2486
17267,2745
17268,2739
17269,2243
17270,2478
17271,3317
17272,2924
17273,1962
17274,2394
17275,2028
17276,2875
17277,2283
17278,3484
17279,2896
17280,2716
17281,2076
17282,2528
17283,2948
17284,2790
17285,2482
17286,2671
17287,2905
17288,3396
17289,1705
17290,1985
17291,2880
17292,1957
17293,2364
17294,2617
17295,1794
17296,2859
17297,3059
17298,3283
17299,3430
17300,2098
17301,2364
17302,2133
17303,2655
17304,3365
17305,2909
17306,1733
17307,3028
17308,2651
17309,1898
17310,2359
17311,2762
17312,3293
17313,2888
17314,-1
17315,3078
17316,2557
17317,2037
17318,2886
17319,2911
17320,2495
17321,2885
17322,1348
17323,2397
17324,4145
17325,2087
17326,2039
17327,2416
17328,2289
17329,2839
17330,2113
17331,3351
17332,1914
17333,2584
17334,2663
17335,2794
17336,2113
17337,2791
17338,2506
17339,2114
17340,2402
17341,2220
17342,2154
17343,2221
17344,2244
17345,2781
17346,2644
17347,2769
17348,2299
17349,2379
17350,2633
17351,2049
17352,2365
17353,3078
17354,3098
17355,2252
17356,3032
17357,2767
17358,2384
17359,2824
17360,2925
17361,2594
17362,2669
17363,4378
17364,2916
17365,1981
17366,2488
17367,2573
17368,1686
17369,3267
17370,-1
17371,3102
17372,3151
17373,2772
17374,2419
17375,2037
17376,2782
17377,2367
17378,2353
17379,2956
17380,2415
17381,3267
17382,3122
17383,2788
17384,2713
17385,1708
17386,2884
17387,3142
17388,1228
17389,3011
17390,2740
17391,-1
17392,2930
17393,2380
17394,3171
17395,2467
17396,2153
17397,2628
17398,881
17399,3540
17400,2905
17401,2396
17402,-1
17403,2174
17404,2316
17405,2242
17406,2872
17407,2364
17408,2699
17409,2156
17410,3125
17411,2772
17412,2822
17413,2385
17414,2625
17415,2307
17416,1665
17417,2809
17418,2567
17419,2481
17420,2629
17421,2591
17422,2836
17423,2886
17424,2237
17425,2349
17426,2623
17427,2953
17428,2780
17429,2368
17430,2651
17431,2922
17432,2917
17433,3186
17434,2971
17435,2073
17436,1835
17437,2571
17438,2530
17439,2497
17440,2133
17441,2634
17442,2131
17443,2189
17444,2401
17445,2493
17446,2642
17447,2660
17448,2777
17449,2099
17450,2478
17451,2547
17452,2053
17453,2248
17454,3481
17455,2307
17456,2523
17457,3031
17458,2738
17459,2561
17460,3336
17461,3237
17462,2257
17463,3007
17464,1853
17465,3381
17466,2428
17467,3179
17468,2609
17469,2334
17470,3142
17471,3096
17472,2801
17473,2677
17474,2815
17475,2905
17476,2558
17477,1678
17478,2993
17479,2044
17480,2240
17481,2499
17482,2350
17483,2038
17484,2363
17485,2362
17486,1470
17487,2404
17488,2640
17489,3175
17490,2615
17491,2764
17492,2462
17493,3364
17494,1974
17495,3036
17496,2080
17497,2756
17498,2256
17499,3987
17500,3705
17501,2677
17502,2233
17503,3377
17504,2426
17505,3509
17506,2725
17507,2404
17508,2825
17509,1877
17510,3742
17511,2125
17512,1640
17513,2437
17514,3087
17515,3805
17516,2707
17517,2549
17518,2324
17519,2666
17520,1694
17521,2530
17522,2427
17523,3040
17524,2560
17525,2899
17526,3010
17527,2114
17528,2656
17529,2853
17530,2865
17531,3258
17532,3146
17533,2818
17534,1912
17535,2737
17536,2273
17537,2102
17538,1955
17539,1610
17540,2634
17541,2891
17542,2478
17543,3124
17544,1861
17545,2190
17546,3271
17547,-1
17548,3608
17549,2657
17550,2982
17551,2899
17552,3238
17553,2317
17554,2379
17555,2684
17556,2723
17557,2854
17558,2505
17559,2523
17560,3041
17561,2544
17562,2115
17563,2630
17564,2665
17565,2774
17566,-1
17567,2686
17568,2251
17569,1933
17570,2160
17571,2609
17572,3376
17573,2723
17574,2206
17575,2968
17576,2843
17577,2621
17578,3460
17579,2131
17580,3240
17581,2658
17582,2712
17583,2598
17584,2286
17585,2154
17586,2917
17587,2326
17588,2040
17589,3093
17590,2833
17591,1200
17592,3087
17593,2821
17594,2869
17595,2501
17596,2901
17597,2640
17598,2888
17599,2624
17600,2672
17601,2910
17602,2930
17603,3250
17604,2668
17605,2267
17606,2849
17607,2963
17608,1777
17609,2640
17610,2755
17611,2645
17612,2135
17613,2103
17614,-1
17615,2681
17616,2528
17617,2625
17618,2868
17619,2841
17620,3000
17621,3071
17622,2730
17623,3357
17624,1977
17625,2370
17626,2814
17627,2256
17628,2229
17629,3038
17630,2449
17631,2681
17632,2817
17633,3604
17634,2413
17635,2893
17636,2058
17637,2028
17638,2911
17639,2496
17640,2608
17641,2761
17642,3014
17643,1759
17644,2300
17645,1370
17646,-1
17647,1627
17648,3081
17649,2432
17650,2315
17651,2612
17652,2990
17653,3029
17654,2978
17655,2401
17656,2558
17657,2898
17658,2728
17659,2396
17660,2438
17661,2457
17662,2976
17663,2715
17664,2434
17665,2060
17666,3008
17667,2610
17668,3189
17669,2962
17670,2466
17671,1808
17672,1900
17673,2604
17674,2882
17675,2590
17676,-1
17677,3297
17678,2723
17679,2774
17680,3207
17681,2744
17682,4554
17683,2520
17684,2291
17685,2426
17686,2853
17687,1266
17688,2535
17689,2824
17690,2124
17691,2719
17692,2780
17693,2175
17694,2880
17695,2257
17696,2905
17697,2779
17698,2350
17699,2523
17700,2380
17701,2354
17702,3084
17703,3004
17704,1916
17705,2111
17706,3017
17707,2537
17708,2364
17709,3025
17710,3082
17711,3419
17712,2405
17713,2479
17714,2765
17715,3050
17716,2148
17717,2919
17718,2697
17719,2322
17720,3082
17721,3844
17722,2411
17723,2141
17724,2428
17725,3037
17726,2339
17727,2002
17728,2386
17729,3210
17730,2155
17731,2924
17732,2744
17733,2673
17734,2635
17735,-1
17736,3042
17737,2443
17738,2807
17739,2775
17740,2212
17741,2470
17742,2403
17743,2504
17744,2625
17745,2812
17746,2671
17747,1982
17748,2436
17749,3678
17750,2616
17751,2346
17752,1849
17753,2896
17754,2921
17755,2766
17756,2228
17757,2278
17758,2545
17759,2001
17760,2761
17761,2524
17762,2978
17763,2272
17764,2600
17765,2238
17766,1360
17767,1777
17768,2877
17769,2988
17770,2925
17771,3046
17772,2431
17773,2558
17774,2088
17775,2251
17776,3981
17777,3375
17778,2918
17779,3082
17780,2152
17781,2999
17782,2559
17783,2858
17784,2397
17785,2421
17786,2965
17787,2383
17788,2963
17789,2526
17790,2363
17791,3116
17792,2973
17793,1978
17794,1894
17795,2962
17796,2570
17797,2931
17798,1932
17799,3786
17800,2328
17801,2298
17802,2865
17803,2618
17804,2838
17805,2648
17806,2063
17807,2357
17808,2698
17809,2648
17810,2534
17811,2430
17812,1608
17813,2838
17814,2638
17815,2652
17816,2647
17817,2864
17818,2568
17819,2807
17820,2322
17821,2426
17822,1851
17823,3420
17824,2730
17825,2169
17826,2322
17827,3094
17828,2152
17829,2585
17830,2075
17831,1961
17832,3002
17833,3042
17834,2555
17835,3101
17836,2217
17837,3687
17838,2446
17839,2602
17840,1954
17841,-1
17842,2795
17843,2567
17844,3240
17845,1812
17846,3567
17847,2189
17848,3121
17849,2243
17850,2295
17851,1982
17852,2431
17853,3627
17854,2339
17855,2775
17856,1524
17857,2635
17858,2556
17859,2227
17860,2708
17861,2670
17862,2332
17863,3814
17864,1888
17865,2925
17866,3180
17867,3017
17868,3043
17869,1464
17870,2474
17871,2574
17872,2846
17873,2295
17874,2576
17875,2465
17876,2475
17877,2629
17878,2959
17879,2257
17880,2527
17881,2704
17882,2870
17883,2249
17884,2718
17885,2583
17886,2624
17887,2861
17888,3059
17889,2525
17890,2044
17891,3293
17892,3263
17893,3317
17894,3254
17895,2106
17896,2995
17897,2366
17898,3193
17899,2915
17900,2475
17901,2777
17902,2785
17903,2677
17904,2527
17905,3027
17906,2873
17907,2452
17908,3255
17909,2388
17910,3669
17911,2510
17912,2833
17913,3125
17914,2640
17915,2543
17916,2379
17917,2246
17918,3535
17919,2328
17920,1975
17921,2558
17922,2586
17923,2754
17924,3060
17925,2871
17926,2780
17927,2094
17928,2795
17929,2498
17930,2318
17931,2065
17932,3464
17933,3141
17934,2430
17935,2222
17936,2614
17937,2741
17938,3464
17939,2990
17940,2969
17941,2708
17942,3007
17943,2821
17944,2208
17945,3016
17946,2260
17947,2670
17948,2809
17949,2718
17950,2721
17951,3260
17952,1663
17953,2160
17954,2376
17955,3106
17956,1971
17957,2632
17958,2662
17959,2458
17960,2451
17961,2538
17962,3398
17963,1987
17964,2825
17965,2225
17966,2876
17967,2119
17968,2355
17969,2289
17970,2127
17971,2168
17972,2404
17973,1957
17974,2711
17975,3396
17976,2940
17977,2669
17978,2534
17979,2114
17980,3466
17981,2553
17982,2684
17983,3082
17984,2561
17985,2658
17986,3451
17987,2591
17988,2490
17989,3117
17990,1992
17991,2883
17992,2074
17993,2712
17994,2607
17995,2277
17996,2283
17997,2505
17998,2623
17999,3122
18000,2729
18001,2207
18002,2063
18003,3114
18004,2237
18005,-1
18006,2425
18007,2609
18008,1929
18009,2082
18010,1134
18011,2387
18012,2284
18013,3039
18014,3045
18015,2709
18016,2756
18017,2593
18018,2797
18019,-1
18020,2624
18021,3011
18022,2720
18023,2604
18024,2512
18025,2870
18026,2379
18027,2668
18028,2211
18029,3105
18030,2837
18031,2644
18032,2310
18033,2381
18034,4024
18035,2420
18036,2358
18037,2599
18038,2755
18039,2832
18040,2644
18041,1728
18042,2761
18043,2945
18044,2496
18045,2619
18046,2021
18047,2288
18048,3283
18049,-1
18050,3077
18051,2485
18052,2712
18053,2097
18054,3340
18055,1787
18056,2937
18057,2969
18058,2775
18059,3096
18060,2632
18061,3011
18062,2100
18063,1863
18064,2866
18065,2616
18066,2523
18067,2160
18068,1956
18069,2337
18070,2540
18071,-1
18072,3311
18073,2726
18074,2364
18075,2783
18076,2033
18077,2805
18078,2250
18079,3174
18080,3291
18081,2510
18082,2573
18083,2979
18084,2742
18085,2561
18086,2490
18087,2859
18088,2485
18089,2625
18090,3010
18091,2624
18092,3368
18093,2448
18094,3243
18095,2912
18096,2381
18097,2910
18098,2405
18099,2364
18100,2846
18101,2752
18102,2776
18103,2412
18104,2694
18105,2631
18106,1863
18107,2783
18108,3236
18109,3028
18110,2463
18111,2376
18112,2467
18113,2285
18114,3652
18115,2893
18116,3877
18117,2683
18118,2795
18119,2728
18120,3012
18121,2638
18122,3332
18123,3428
18124,2850
18125,1748
18126,2426
18127,2748
18128,2304
18129,3296
18130,2910
18131,3107
18132,3542
18133,2478
18134,2305
18135,2700
18136,2617
18137,3227
18138,2877
18139,2512
18140,2038
18141,2946
18142,2921
18143,2649
18144,3042
18145,3024
18146,2082
18147,2326
18148,3177
18149,2548
18150,3071
18151,2753
18152,2812
18153,2887
18154,2106
18155,3146
18156,1601
18157,2540
18158,2389
18159,1812
18160,3550
18161,3902
18162,2682
18163,2297
18164,2970
18165,2317
18166,2674
18167,2781
18168,2919
18169,-1
18170,2723
18171,2518
18172,2075
18173,2786
18174,2970
18175,2854
18176,2735
18177,2004
18178,2994
18179,3294
18180,3302
18181,2215
18182,3601
18183,2564
18184,2841
18185,2297
18186,2502
18187,2542
18188,1649
18189,2420
18190,2423
18191,2254
18192,2794
18193,3719
18194,2377
18195,3126
18196,2977
18197,2851
18198,2188
18199,2733
18200,2232
18201,2953
18202,2691
18203,1808
18204,3660
18205,2587
18206,2470
18207,2423
18208,2277
18209,3213
18210,2453
18211,2952
18212,2689
18213,2631
18214,2656
18215,2650
18216,2846
18217,2922
18218,3069
18219,2918
18220,3710
18221,1636
18222,3042
18223,2121
18224,2598
18225,2917
18226,-1
18227,2673
18228,2190
18229,2667
18230,2447
18231,2789
18232,2412
18233,2128
18234,2612
18235,2429
18236,3066
18237,1849
18238,2818
18239,2429
18240,2917
18241,2191
18242,2352
18243,2901
18244,2250
18245,-1
18246,-1
18247,2556
18248,2191
18249,2237
18250,2500
18251,2896
18252,-1
18253,3394
18254,2345
18255,2597
18256,2550
18257,2451
18258,2977
18259,3179
18260,3152
18261,2777
18262,1794
18263,2832
18264,2612
18265,2280
18266,2644
18267,3552
18268,2795
18269,2164
18270,3102
18271,2749
18272,2973
18273,2645
18274,1617
18275,3053
18276,2915
18277,3270
18278,3081
18279,1767
18280,3035
18281,1913
18282,3003
18283,2579
18284,2836
18285,2580
18286,2623
18287,2464
18288,759
18289,2470
18290,3040
18291,2731
18292,2623
18293,3348
18294,3181
18295,3031
18296,2870
18297,2683
18298,2518
18299,3320
18300,2707
18301,2623
18302,2746
18303,2533
18304,3732
18305,2742
18306,2521
18307,3440
18308,2642
18309,2857
18310,2582
18311,2474
18312,2435
18313,3539
18314,-1
18315,1885
18316,3106
18317,2251
18318,2958
18319,2894
18320,2859
18321,3248
18322,2277
18323,2525
18324,2444
18325,1991
18326,2912
18327,2194
18328,3439
18329,1927
18330,1753
18331,3614
18332,3174
18333,3971
18334,2715
18335,2228
18336,2263
18337,1845
18338,2750
18339,2878
18340,3284
18341,2349
18342,2853
18343,3034
18344,2608
18345,2616
18346,2266
18347,2184
18348,2800
18349,2877
18350,2744
18351,2903
18352,2792
18353,2552
18354,3091
18355,2086
18356,2218
18357,2430
18358,2417
18359,2328
18360,2275
18361,2621
18362,1700
18363,2320
18364,3121
18365,2443
18366,3018
18367,2139
18368,2632
18369,2488
18370,2793
18371,2572
18372,2646
18373,3210
18374,2757
18375,2908
18376,2484
18377,2898
18378,3189
18379,2819
18380,2545
18381,2090
18382,2760
18383,2683
18384,2361
18385,3230
18386,3051
18387,2618
18388,2567
18389,1836
18390,3460
18391,3137
18392,2525
18393,2318
18394,2483
18395,2818
18396,3199
18397,2419
18398,2728
18399,2730
18400,2578
18401,2572
18402,2058
18403,2668
18404,2996
18405,2591
18406,2683
18407,2187
18408,2138
18409,1502
18410,3106
18411,2771
18412,2294
18413,3435
18414,2931
18415,3200
18416,1930
18417,2233
18418,2976
18419,1949
18420,1832
18421,3020
18422,2660
18423,2063
18424,2931
18425,2518
18426,2837
18427,2262
18428,2780
18429,2580
18430,2737
18431,2449
18432,2329
18433,3984
18434,2929
18435,2432
18436,2946
18437,2043
18438,2379
18439,2008
18440,3158
18441,2701
18442,2088
18443,-1
18444,3009
18445,2820
18446,2483
18447,2808
18448,2767
18449,2356
18450,2989
18451,3726
18452,2147
18453,2518
18454,2520
18455,2833
18456,2596
18457,2128
18458,3294
18459,2421
18460,3311
18461,2100
18462,3275
18463,-1
18464,2581
18465,2395
18466,2888
18467,2147
18468,2186
18469,2736
18470,2611
18471,2479
18472,2983
18473,2537
18474,2457
18475,2172
18476,2912
18477,2663
18478,2133
18479,2607
18480,2802
18481,2842
18482,2065
18483,1929
18484,3773
18485,3070
18486,2884
18487,1973
18488,2801
18489,2689
18490,3057
18491,-1
18492,1616
18493,2645
18494,3036
18495,2938
18496,2580
18497,2567
18498,2408
18499,2456
18500,2190
18501,1999
18502,3284
18503,2589
18504,2772
18505,2603
18506,1781
18507,2076
18508,3110
18509,2591
18510,3264
18511,3302
18512,3102
18513,1793
18514,2497
18515,2178
18516,2033
18517,1942
18518,2814
18519,2755
18520,2331
18521,2920
18522,2499
18523,2620
18524,2784
18525,2507
18526,2810
18527,2236
18528,2718
18529,2442
18530,2515
18531,-1
18532,2921
18533,3105
18534,-1
18535,2425
18536,2398
18537,2769
18538,2286
18539,2301
18540,2738
18541,2716
18542,2718
18543,2903
18544,2749
18545,2083
18546,2231
18547,2127
18548,2477
18549,2010
18550,2424
18551,1508
18552,2403
18553,2956
18554,2808
18555,2255
18556,2735
18557,2015
18558,2867
18559,2765
18560,2507
18561,3037
18562,2775
18563,2961
18564,2316
18565,2359
18566,2768
18567,3082
18568,2124
18569,3218
18570,2931
18571,3230
18572,2910
18573,2381
18574,2522
18575,2253
18576,3056
18577,2529
18578,3690
18579,4018
18580,2331
18581,3044
18582,3080
18583,2630
18584,3038
18585,2816
18586,4385
18587,2654
18588,3025
18589,2692
18590,2704
18591,2909
18592,3327
18593,2959
18594,2701
18595,2880
18596,3464
18597,3282
18598,2741
18599,2386
18600,2912
18601,2362
18602,2538
18603,2164
18604,3158
18605,1756
18606,2695
18607,2561
18608,2947
18609,2385
18610,2787
18611,2817
18612,2328
18613,-1
18614,2327
18615,1770
18616,2371
18617,1929
18618,3097
18619,2726
18620,2215
18621,2820
18622,3390
18623,2828
18624,1896
18625,3439
18626,2436
18627,2970
18628,1579
18629,2724
18630,2986
18631,2535
18632,2803
18633,2511
18634,2059
18635,2671
18636,3471
18637,2773
18638,2535
18639,2556
18640,2897
18641,2722
18642,2838
18643,3803
18644,2305
18645,2633
18646,2792
18647,1640
18648,1994
18649,1961
18650,2289
18651,3146
18652,3250
18653,2839
18654,2405
18655,2816
18656,3068
18657,3088
18658,2523
18659,2864
18660,2386
18661,2510
18662,2681
18663,2595
18664,2643
18665,2744
18666,2515
18667,2135
18668,2854
18669,2434
18670,2698
18671,3373
18672,3079
18673,2783
18674,2773
18675,2785
18676,3064
18677,2537
18678,2764
18679,2618
18680,2723
18681,2352
18682,2677
18683,2512
18684,2770
18685,2715
18686,3487
18687,2987
18688,2011
18689,2750
18690,2337
18691,2611
18692,2313
18693,2349
18694,3023
18695,2166
18696,2536
18697,2472
18698,3039
18699,2661
18700,2884
18701,2442
18702,2716
18703,2928
18704,2667
18705,2909
18706,2061
18707,2322
18708,2435
18709,2261
18710,3103
18711,2925
18712,2551
18713,2948
18714,2227
18715,2458
18716,3079
18717,2831
18718,2229
18719,2670
18720,2986
18721,1927
18722,2913
18723,2990
18724,2284
18725,3464
18726,2669
18727,2593
18728,3334
18729,2561
18730,2238
18731,2153
18732,2577
18733,2971
18734,2421
18735,2007
18736,2290
18737,2810
18738,2337
18739,2290
18740,1722
18741,2535
18742,2735
18743,2396
18744,3244
18745,2867
18746,2745
18747,2587
18748,2921
18749,2390
18750,2711
18751,3261
18752,2272
18753,1997
18754,2505
18755,2461
18756,2214
18757,2404
18758,3251
18759,2499
18760,3386
18761,2383
18762,2405
18763,2224
18764,1949
18765,2340
18766,2611
18767,2236
18768,2477
18769,2640
18770,2645
18771,2619
18772,2456
18773,2547
18774,2983
18775,2144
18776,3310
18777,2304
18778,3071
18779,2080
18780,2725
18781,3037
18782,-1
18783,3488
18784,2753
18785,2679
18786,2723
18787,3370
18788,3002
18789,3406
18790,2532
18791,2561
18792,2200
18793,2217
18794,2853
18795,1853
18796,2016
18797,2961
18798,2598
18799,2671
18800,2734
18801,2709
18802,2360
18803,2834
18804,2435
18805,1965
18806,2139
18807,2438
18808,2988
18809,2458
18810,2040
18811,2710
18812,2624
18813,2265
18814,2577
18815,2427
18816,2783
18817,2696
18818,3408
18819,2171
18820,2729
18821,3421
18822,1718
18823,2615
18824,2943
18825,2502
18826,2095
18827,2953
18828,3033
18829,3402
18830,2347
18831,2996
18832,1879
18833,2839
18834,2507
18835,2403
18836,2206
18837,2454
18838,2476
18839,2120
18840,2651
18841,2012
18842,2607
18843,3064
18844,2527
18845,3264
18846,2910
18847,2475
18848,2509
18849,2790
18850,2337
18851,2761
18852,2377
18853,2691
18854,2762
18855,3102
18856,2206
18857,2597
18858,2717
18859,2328
18860,3082
18861,2601
18862,2330
18863,2699
18864,2677
18865,2121
18866,2390
18867,1367
18868,2314
18869,1836
18870,1934
18871,3222
18872,2839
18873,3145
18874,2210
18875,3364
18876,2526
18877,3363
18878,2230
18879,1854
18880,2798
18881,2206
18882,3493
18883,3038
18884,2257
18885,2854
18886,2773
18887,3321
18888,2316
18889,2273
18890,1863
18891,3429
18892,2808
18893,3284
18894,2623
18895,2876
18896,2519
18897,2162
18898,-1
18899,2626
18900,3291
18901,2389
18902,2734
18903,2763
18904,2638
18905,2531
18906,2877
18907,2351
18908,3119
18909,1784
18910,2715
18911,2581
18912,3106
18913,2940
18914,1814
18915,2781
18916,2434
18917,2627
18918,3286
18919,1900
18920,3398
18921,2902
18922,2314
18923,2593
18924,2285
18925,2198
18926,2494
18927,3025
18928,2466
18929,2192
18930,3342
18931,2931
18932,2086
18933,2478
18934,2817
18935,2127
18936,3068
18937,3170
18938,2720
18939,2427
18940,2614
18941,2523
18942,2559
18943,2649
18944,2266
18945,3380
18946,3144
18947,2628
18948,2929
18949,2833
18950,2444
18951,2077
18952,2981
18953,2172
18954,2853
18955,3285
18956,2925
18957,2953
18958,1903
18959,1956
18960,2281
18961,1709
18962,2765
18963,2650
18964,2829
18965,-1
18966,2601
18967,-1
18968,2402
18969,1774
18970,1845
18971,2731
18972,2626
18973,1818
18974,1906
18975,2418
18976,2466
18977,3289
18978,2043
18979,2700
18980,3159
18981,3087
18982,2595
18983,2278
18984,2577
18985,2408
18986,2932
18987,3113
18988,2436
18989,2848
18990,1909
18991,2416
18992,3149
18993,2894
18994,2289
18995,3216
18996,2871
18997,3341
18998,3654
18999,1960
19000,2245
19001,1957
19002,2753
19003,2420
19004,2473
19005,2556
19006,2608
19007,2558
19008,2545
19009,3117
19010,2168
19011,3325
19012,3327
19013,2820
19014,1718
19015,2426
19016,2853
19017,2271
19018,2736
19019,2877
19020,3358
19021,2139
19022,2693
19023,3636
19024,2420
19025,2615
19026,3046
19027,2923
19028,3125
19029,2075
19030,1389
19031,2676
19032,1939
19033,3037
19034,2604
19035,2446
19036,2510
19037,2640
19038,3329
19039,2205
19040,2593
19041,2392
19042,2171
19043,3305
19044,3183
19045,3077
19046,2846
19047,2650
19048,1462
19049,2442
19050,2439
19051,2236
19052,3720
19053,2548
19054,2673
19055,2620
19056,4134
19057,2124
19058,2776
19059,2432
19060,2341
19061,2022
19062,2441
19063,3249
19064,2677
19065,3616
19066,2434
19067,2789
19068,2344
19069,2905
19070,2657
19071,3333
19072,2571
19073,1519
19074,2918
19075,3067
19076,2891
19077,2729
19078,2248
19079,2989
19080,2357
19081,1649
19082,2966
19083,2260
19084,2390
19085,-1
19086,2574
19087,2898
19088,2328
19089,2720
19090,2356
19091,2519
19092,1886
19093,1941
19094,2811
19095,2771
19096,2535
19097,2329
19098,1960
19099,1934
19100,2664
19101,2761
19102,3419
19103,2417
19104,2776
19105,2513
19106,2661
19107,2860
19108,2273
19109,3077
19110,2774
19111,3104
19112,2201
19113,2399
19114,2254
19115,4120
19116,2755
19117,1820
19118,2797
19119,2630
19120,2525
19121,2870
19122,2776
19123,2876
19124,2760
19125,2541
19126,2903
19127,2290
19128,2106
19129,3182
19130,3243
19131,3043
19132,3138
19133,2564
19134,2278
19135,2594
19136,1719
19137,2443
19138,3573
19139,2530
19140,2670
19141,3165
19142,3247
19143,2793
19144,2971
19145,2724
19146,2923
19147,2564
19148,2858
19149,2677
19150,2422
19151,3214
19152,2365
19153,3148
19154,3388
19155,2654
19156,2406
19157,2077
19158,2623
19159,2835
19160,2465
19161,3160
19162,2348
19163,2295
19164,2660
19165,3105
19166,2734
19167,2240
19168,2728
19169,2628
19170,2529
19171,3334
19172,1731
19173,2797
19174,2870
19175,1859
19176,2902
19177,2049
19178,2869
19179,2274
19180,2325
19181,2575
19182,3485
19183,2778
19184,2757
19185,2571
19186,2060
19187,2920
19188,2630
19189,3203
19190,2173
19191,2537
19192,2485
19193,2641
19194,2678
19195,2520
19196,2215
19197,2643
19198,3010
19199,2787
19200,2959
19201,3525
19202,2299
19203,2959
19204,2295
19205,2419
19206,2230
19207,-1
19208,2195
19209,2598
19210,2466
19211,3130
19212,2968
19213,2902
19214,2894
19215,2472
19216,2037
19217,2008
19218,3057
19219,2296
19220,2514
19221,2777
19222,2729
19223,2453
19224,2059
19225,2962
19226,3162
19227,2526
19228,2595
19229,2917
19230,3650
19231,1934
19232,2159
19233,2592
19234,-1
19235,2544
19236,2383
19237,-1
19238,2464
19239,2361
19240,3265
19241,2568
19242,2151
19243,2098
19244,2336
19245,2566
19246,2698
19247,1771
19248,2481
19249,2098
19250,2996
19251,1999
19252,2874
19253,2615
19254,2685
19255,2631
19256,2800
19257,2921
19258,1996
19259,2554
19260,2907
19261,2605
19262,2543
19263,2823
19264,1774
19265,3126
19266,2832
19267,2979
19268,2841
19269,2140
19270,2698
19271,2847
19272,2947
19273,1896
19274,2368
19275,3572
19276,2398
19277,3589
19278,3135
19279,2770
19280,2195
19281,2334
19282,2349
19283,2877
19284,1433
19285,3040
19286,2783
19287,2892
19288,2608
19289,2593
19290,2617
19291,2375
19292,2353
19293,2958
19294,3006
19295,2058
19296,1941
19297,2912
19298,2367
19299,2752
19300,3027
19301,3184
19302,2697
19303,2349
19304,2743
19305,2793
19306,2798
19307,2932
19308,2226
19309,3337
19310,-1
19311,2413
19312,2390
19313,3899
19314,2827
19315,1644
19316,2366
19317,2974
19318,2941
19319,2855
19320,2964
19321,3578
19322,2424
19323,1567
19324,2118
19325,2873
19326,1545
19327,3176
19328,2458
19329,3242
19330,2204
19331,2915
19332,2443
19333,2074
19334,1941
19335,3067
19336,2604
19337,2113
19338,3121
19339,2613
19340,2363
19341,1936
19342,3004
19343,2121
19344,2918
19345,2889
19346,3517
19347,2529
19348,2426
19349,2271
19350,2079
19351,2714
19352,2410
19353,2934
19354,2783
19355,2417
19356,2492
19357,2752
19358,3057
19359,2383
19360,3202
19361,1802
19362,2249
19363,2133
19364,2895
19365,3001
19366,3280
19367,2394
19368,2325
19369,3260
19370,2534
19371,2543
19372,2912
19373,2952
19374,2658
19375,1879
19376,2061
19377,3037
19378,2410
19379,2632
19380,2295
19381,1853
19382,2519
19383,2536
19384,2464
19385,1667
19386,2383
19387,2495
19388,2190
19389,2720
19390,3655
19391,3044
19392,3083
19393,2800
19394,2840
19395,3188
19396,2716
19397,2748
19398,3217
19399,1818
19400,2437
19401,3052
19402,3068
19403,2786
19404,2345
19405,2536
19406,2877
19407,2274
19408,2721
19409,1908
19410,2543
19411,2609
19412,3138
19413,4073
19414,3054
19415,2097
19416,2200
19417,2288
19418,2146
19419,2861
19420,2859
19421,2382
19422,2182
19423,2660
19424,2291
19425,2512
19426,2494
19427,2629
19428,2789
19429,2564
19430,2299
19431,2463
19432,2387
19433,2236
19434,2724
19435,2434
19436,2802
19437,2328
19438,2435
19439,3184
19440,3217
19441,1757
19442,871
19443,2068
19444,2341
19445,2540
19446,2136
19447,3149
19448,3145
19449,2404
19450,2887
19451,3008
19452,1912
19453,2589
19454,3419
19455,2684
19456,2443
19457,2532
19458,1814
19459,3114
19460,2468
19461,2695
19462,1392
19463,2398
19464,2304
19465,3136
19466,2781
19467,2065
19468,3074
19469,2818
19470,2600
19471,2498
19472,2821
19473,2460
19474,1559
19475,2372
19476,2765
19477,3864
19478,2453
19479,2611
19480,2676
19481,2455
19482,2286
19483,1522
19484,2454
19485,3515
19486,2193
19487,2434
19488,-1
19489,2026
19490,3634
19491,2803
19492,2503
19493,2116
19494,3197
19495,-1
19496,3108
19497,2650
19498,-1
19499,1720
19500,2853
19501,2545
19502,3008
19503,3057
19504,3284
19505,3427
19506,1503
19507,2766
19508,-1
19509,2360
19510,2842
19511,2872
19512,2504
19513,2444
19514,2176
19515,2151
19516,2749
19517,2645
19518,2404
19519,2571
19520,2372
19521,3106
19522,2304
19523,2955
19524,2784
19525,2208
19526,3132
19527,3202
19528,2219
19529,2692
19530,2531
19531,2871
19532,1897
19533,2231
19534,3040
19535,3255
19536,1183
19537,3041
19538,1897
19539,2191
19540,1622
19541,2644
19542,3849
19543,2509
19544,3649
19545,2842
19546,3028
19547,3164
19548,2637
19549,2507
19550,2502
19551,3499
19552,2707
19553,2802
19554,2325
19555,2373
19556,2187
19557,2901
19558,2453
19559,2721
19560,-1
19561,2898
19562,2702
19563,2068
19564,3188
19565,3049
19566,2481
19567,-1
19568,2098
19569,2919
19570,2578
19571,2759
19572,3065
19573,-1
19574,2634
19575,3667
19576,2704
19577,2705
19578,2298
19579,2545
19580,2453
19581,2702
19582,2301
19583,2459
19584,3172
19585,2965
19586,1129
19587,2909
19588,2734
19589,2721
19590,3112
19591,2293
19592,2544
19593,2777
19594,2622
19595,2306
19596,2326
19597,2801
19598,2067
19599,2400
19600,3487
19601,2145
19602,2980
19603,3105
19604,2060
19605,2855
19606,1263
19607,2670
19608,2684
19609,2794
19610,2273
19611,2787
19612,2645
19613,2368
19614,1587
19615,2611
19616,2494
19617,2277
19618,2970
19619,2843
19620,2849
19621,2976
19622,2796
19623,2190
19624,2259
19625,-1
19626,1829
19627,2691
19628,2366
19629,2708
19630,2767
19631,3014
19632,2845
19633,2955
19634,3547
19635,2160
19636,2549
19637,4173
19638,2584
19639,3033
19640,3165
19641,2723
19642,3456
19643,2370
19644,1970
19645,3376
19646,1922
19647,2803
19648,3029
19649,2727
19650,2911
19651,2835
19652,2649
19653,2922
19654,2418
19655,3060
19656,2239
19657,2680
19658,2531
19659,3492
19660,2366
19661,2597
19662,2894
19663,2488
19664,2684
19665,-1
19666,2669
19667,-1
19668,2785
19669,2432
19670,2628
19671,2425
19672,3342
19673,2863
19674,2369
19675,3246
19676,1968
19677,2590
19678,713
19679,1345
19680,2983
19681,2176
19682,2606
19683,2368
19684,2978
19685,2373
19686,2704
19687,2542
19688,2896
19689,3357
19690,2949
19691,2946
19692,2565
19693,2665
19694,2025
19695,2811
19696,1657
19697,3019
19698,3457
19699,3454
19700,2000
19701,2715
19702,2907
19703,2906
19704,2912
19705,2166
19706,2374
19707,2988
19708,2824
19709,2821
19710,2333
19711,1826
19712,2827
19713,2699
19714,1950
19715,2951
19716,2892
19717,2724
19718,2663
19719,2526
19720,3505
19721,1799
19722,2827
19723,2777
19724,-1
19725,3184
19726,2222
19727,3037
19728,2519
19729,2805
19730,2639
19731,2651
19732,2266
19733,1953
19734,2504
19735,3671
19736,2902
19737,2775
19738,2463
19739,1892
19740,2297
19741,2715
19742,2944
19743,2524
19744,1377
19745,2423
19746,2095
19747,2897
19748,2667
19749,2621
19750,2852
19751,2344
19752,3171
19753,3189
19754,2800
19755,2450
19756,2719
19757,2287
19758,2465
19759,2417
19760,2916
19761,3220
19762,2401
19763,2708
19764,2653
19765,3074
19766,2117
19767,1985
19768,2372
19769,2777
19770,3106
19771,2747
19772,2051
19773,3236
19774,2888
19775,2535
19776,4070
19777,2674
19778,2430
19779,2888
19780,2607
19781,3012
19782,2100
19783,2608
19784,3236
19785,2527
19786,2508
19787,2692
19788,2240
19789,2609
19790,2147
19791,2473
19792,2479
19793,2147
19794,3163
19795,2919
19796,3093
19797,2447
19798,-1
19799,2423
19800,1700
19801,3120
19802,2678
19803,2419
19804,2948
19805,1812
19806,1797
19807,2142
19808,2837
19809,2147
19810,2379
19811,2385
19812,447
19813,2605
19814,2525
19815,2667
19816,2770
19817,2305
19818,2286
19819,3363
19820,2506
19821,1995
19822,2242
19823,3017
19824,2358
19825,3040
19826,1983
19827,2098
19828,3458
19829,2413
19830,2845
19831,1999
19832,2083
19833,2805
19834,2136
19835,2723
19836,3449
19837,2667
19838,2741
19839,2470
19840,2692
19841,1313
19842,2817
19843,2392
19844,3023
19845,2596
19846,2866
19847,2827
19848,3298
19849,-1
19850,2365
19851,2749
19852,2696
19853,2839
19854,1586
19855,2553
19856,2124
19857,3060
19858,2673
19859,2410
19860,2478
19861,3039
19862,2309
19863,2395
19864,2725
19865,2271
19866,3176
19867,2469
19868,2662
19869,2374
19870,2184
19871,2389
19872,2487
19873,2200
19874,2585
19875,2126
19876,2464
19877,2209
19878,1818
19879,2175
19880,1148
19881,2366
19882,2337
19883,1753
19884,3035
19885,2766
19886,2571
19887,2383
19888,2318
19889,1917
19890,2770
19891,2182
19892,2744
19893,2535
19894,3230
19895,2282
19896,2505
19897,3539
19898,-1
19899,2422
19900,3206
19901,2174
19902,3153
19903,2438
19904,2656
19905,2218
19906,2405
19907,2693
19908,2436
19909,2438
19910,3614
19911,3031
19912,3048
19913,2456
19914,2692
19915,2494
19916,2337
19917,2791
19918,2622
19919,3153
19920,3779
19921,2529
19922,3194
19923,2460
19924,3067
19925,2070
19926,3322
19927,2593
19928,3030
19929,2407
19930,2180
19931,2161
19932,2255
19933,1952
19934,2686
19935,2409
19936,2350
19937,2305
19938,2258
19939,2541
19940,2617
19941,2040
19942,2838
19943,2928
19944,2079
19945,2726
19946,1712
19947,2272
19948,2017
19949,2739
19950,2635
19951,1918
19952,2309
19953,1988
19954,2798
19955,2928
19956,3129
19957,2214
19958,3513
19959,1317
19960,2436
19961,2506
19962,2700
19963,3030
19964,2601
19965,2457
19966,2924
19967,1965
19968,2057
19969,2617
19970,2348
19971,2449
19972,2051
19973,2701
19974,2844
19975,3135
19976,2697
19977,2904
19978,2692
19979,2018
19980,1941
19981,1961
19982,2564
19983,2546
19984,2680
19985,3337
19986,2981
19987,3350
19988,2748
19989,2483
19990,2451
19991,2719
19992,3291
19993,2593
19994,2790
19995,2021
19996,1956
19997,2903
19998,3565
19999,2672
20000,2944
20001,2624
20002,2498
20003,2040
20004,2855
20005,2046
20006,2183
20007,2197
20008,2454
20009,2912
20010,2799
20011,2207
20012,1790
20013,3582
20014,3036
20015,2130
20016,2268
20017,2812
20018,2474
20019,2400
20020,2670
20021,2686
20022,2635
20023,2494
20024,2659
20025,2677
20026,2524
20027,2441
20028,2714
20029,3443
20030,1428
20031,2479
20032,2377
20033,3516
20034,2466
20035,1479
20036,2600
20037,2611
20038,1822
20039,2225
20040,2881
20041,2876
20042,1603
20043,3103
20044,1921
20045,2554
20046,2336
20047,2933
20048,2572
20049,3734
20050,2700
20051,2243
20052,2464
20053,3264
20054,1696
20055,2739
20056,2788
20057,1952
20058,3005
20059,2366
20060,2869
20061,2281
20062,2240
20063,2553
20064,3116
20065,2783
20066,3472
20067,2090
20068,-1
20069,3203
20070,3058
20071,3279
20072,2369
20073,3594
20074,2626
20075,1789
20076,2811
20077,2423
20078,2790
20079,2303
20080,2900
20081,2509
20082,3007
20083,2885
20084,2626
20085,2485
20086,3341
20087,1621
20088,2339
20089,2942
20090,2743
20091,2653
20092,2459
20093,2363
20094,1414
20095,2454
20096,2445
20097,2957
20098,2683
20099,1768
20100,2620
20101,3470
20102,3434
20103,3055
20104,2723
20105,3266
20106,2526
20107,3247
20108,2918
20109,2896
20110,3107
20111,2324
20112,2381
20113,2919
20114,3514
20115,2630
20116,2420
20117,2740
20118,2824
20119,2338
20120,2606
20121,1847
20122,2472
20123,1573
20124,2881
20125,2830
20126,2504
20127,3280
20128,2776
20129,2467
20130,2300
20131,2523
20132,2381
20133,1927
20134,3006
20135,2810
20136,2595
20137,2879
20138,3824
20139,2046
20140,2136
20141,2131
20142,2771
20143,3017
20144,2431
20145,2510
20146,2552
20147,-1
20148,2664
20149,2141
20150,2257
20151,3351
20152,2277
20153,2527
20154,2746
20155,2627
20156,2475
20157,2284
20158,2906
20159,2842
20160,2958
20161,2783
20162,2640
20163,3027
20164,2895
20165,2942
20166,2869
20167,2763
20168,2334
20169,2657
20170,2425
20171,3478
20172,2390
20173,2076
20174,2297
20175,2980
20176,2245
20177,-1
20178,2504
20179,2467
20180,3126
20181,2215
20182,2684
20183,2315
20184,2662
20185,2736
20186,2342
20187,3322
20188,2583
20189,4154
20190,2927
20191,2605
20192,2640
20193,3409
20194,2010
20195,2191
20196,1771
20197,2296
20198,2612
20199,2290
20200,2297
20201,2236
20202,2460
20203,2600
20204,2022
20205,3191
20206,2735
20207,2299
20208,2930
20209,1763
20210,2884
20211,2416
20212,3712
20213,2439
20214,2270
20215,2409
20216,1666
20217,2373
20218,2313
20219,3896
20220,2070
20221,2669
20222,2862
20223,1973
20224,2276
20225,2479
20226,2760
20227,1658
20228,2964
20229,642
20230,2749
20231,2955
20232,2342
20233,3025
20234,2643
20235,3461
20236,3051
20237,3689
20238,1991
20239,2986
20240,3324
20241,2559
20242,2668
20243,2520
20244,2532
20245,3056
20246,2968
20247,3016
20248,3137
20249,2233
20250,2425
20251,2872
20252,1655
20253,2116
20254,2889
20255,2095
20256,2774
20257,2664
20258,3138
20259,2919
20260,2956
20261,-1
20262,2653
20263,2374
20264,3136
20265,2722
20266,3399
20267,2743
20268,2235
20269,3232
20270,1882
20271,2682
20272,3128
20273,2316
20274,1685
20275,3127
20276,2582
20277,3363
20278,2569
20279,-1
20280,2629
20281,2875
20282,2416
20283,2597
20284,2092
20285,2987
20286,2623
20287,2533
20288,2473
20289,2529
20290,2233
20291,2348
20292,2489
20293,1653
20294,2916
20295,2859
20296,1624
20297,2315
20298,2711
20299,2280
20300,1901
20301,2903
20302,2454
20303,3094
20304,2823
20305,2691
20306,2421
20307,2653
20308,2768
20309,1994
20310,2032
20311,2798
20312,2152
20313,2402
20314,1706
20315,4227
20316,2540
20317,3368
20318,2594
20319,1946
20320,2294
20321,2843
20322,2458
20323,2415
20324,3039
20325,3189
20326,2223
20327,2083
20328,2230
20329,2243
20330,3229
20331,2610
20332,1876
20333,2655
20334,2790
20335,3251
20336,2760
20337,2448
20338,3376
20339,1897
20340,2852
20341,2734
20342,2624
20343,2660
20344,2998
20345,2639
20346,2801
20347,2480
20348,2648
20349,2370
20350,2540
20351,2671
20352,2811
20353,2953
20354,1901
20355,2416
20356,2932
20357,2667
20358,2532
20359,2892
20360,2532
20361,1811
20362,2651
20363,2521
20364,2408
20365,2535
20366,3018
20367,2427
20368,2344
20369,2241
20370,2840
20371,991
20372,2383
20373,2168
20374,2743
20375,3454
20376,2749
20377,2797
20378,3305
20379,1544
20380,2677
20381,3277
20382,2839
20383,2480
20384,2090
20385,2999
20386,2597
20387,-1
20388,3073
20389,2407
20390,1951
20391,2188
20392,3157
20393,2859
20394,2963
20395,2220
20396,1233
20397,3202
20398,2780
20399,3044
20400,3203
20401,3060
20402,-1
20403,2476
20404,2344
20405,2740
20406,2172
20407,2808
20408,2630
20409,2932
20410,2967
20411,2115
20412,2695
20413,2605
20414,2290
20415,2416
20416,-1
20417,3185
20418,2839
20419,2581
20420,3453
20421,2566
20422,3013
20423,2967
20424,2785
20425,2727
20426,2385
20427,2521
20428,2851
20429,2736
20430,2423
20431,2857
20432,2249
20433,2604
20434,-1
20435,3738
20436,2561
20437,2948
20438,3000
20439,3255
20440,2664
20441,2402
20442,3802
20443,1624
20444,2878
20445,2533
20446,2691
20447,2824
20448,2487
20449,2490
20450,1684
20451,2634
20452,2973
20453,2790
20454,3016
20455,2786
20456,3455
20457,2642
20458,2798
20459,2273
20460,2659
20461,2524
20462,2092
20463,2719
20464,2755
20465,2317
20466,2207
20467,2117
20468,2762
20469,2800
20470,2945
20471,3282
20472,2550
20473,1773
20474,1996
20475,2910
20476,1729
20477,2323
20478,2289
20479,2444
20480,2772
20481,2415
20482,1830
20483,1867
20484,2161
20485,3891
20486,2642
20487,3030
20488,2316
20489,2805
20490,3469
20491,2956
20492,3459
20493,2557
20494,2528
20495,2540
20496,1951
20497,2395
20498,1862
20499,2531
20500,2896
20501,2575
20502,2200
20503,2217
20504,3140
20505,2235
20506,1805
20507,2809
20508,2858
20509,2291
20510,2526
20511,2506
20512,2723
20513,2585
20514,2960
20515,3734
20516,2311
20517,2643
20518,3293
20519,2611
20520,2453
20521,2060
20522,2831
20523,2612
20524,2982
20525,1353
20526,-1
20527,2709
20528,2435
20529,2784
20530,2683
20531,2492
20532,2286
20533,3015
20534,1772
20535,2741
20536,2477
20537,3016
20538,3074
20539,3367
20540,2456
20541,1000
20542,2469
20543,2812
20544,945
20545,3987
20546,2528
20547,2670
20548,1228
20549,2461
20550,2950
20551,2963
20552,2399
20553,2661
20554,1912
20555,2647
20556,2832
20557,2504
20558,1971
20559,2612
20560,2411
20561,3113
20562,2885
20563,2518
20564,2698
20565,2133
20566,2722
20567,2836
20568,3157
20569,2977
20570,2571
20571,2270
20572,2022
20573,2754
20574,2685
20575,3393
20576,2568
20577,2790
20578,1968
20579,2590
20580,3153
20581,1839
20582,2627
20583,2798
20584,3399
20585,2307
20586,2684
20587,3019
20588,2634
20589,1692
20590,2777
20591,2737
20592,2392
20593,2337
20594,3028
20595,2914
20596,2934
20597,2150
20598,2917
20599,2767
20600,2987
20601,1777
20602,2881
20603,2628
20604,2543
20605,2787
20606,1870
20607,3932
20608,3290
20609,2842
20610,2729
20611,3317
20612,770
20613,2622
20614,2348
20615,3314
20616,2733
20617,2532
20618,2161
20619,2788
20620,2931
20621,3451
20622,2840
20623,2329
20624,4162
20625,2447
20626,2158
20627,3673
20628,3379
20629,2849
20630,3012
20631,3063
20632,2503
20633,2922
20634,2786
20635,1710
20636,2362
20637,2514
20638,2609
20639,2863
20640,1833
20641,2175
20642,2449
20643,2565
20644,2376
20645,3002
20646,2718
20647,3000
20648,3061
20649,2076
20650,3200
20651,1935
20652,2391
20653,2714
20654,2612
20655,3856
20656,1980
20657,2740
20658,2648
20659,2750
20660,2978
20661,2738
20662,2760
20663,2383
20664,2540
20665,2986
20666,2333
20667,2286
20668,2464
20669,2463
20670,2367
20671,2694
20672,1883
20673,2643
20674,2655
20675,3205
20676,3372
20677,3083
20678,2822
20679,2871
20680,2753
20681,2847
20682,2704
20683,3356
20684,3487
20685,2657
20686,2982
20687,2657
20688,2469
20689,2718
20690,2558
20691,2463
20692,2645
20693,3060
20694,2322
20695,2691
20696,3036
20697,2533
20698,1901
20699,2783
20700,3250
20701,2724
20702,2302
20703,2492
20704,2182
20705,2901
20706,3031
20707,3050
20708,2536
20709,1953
20710,3053
20711,3129
20712,3684
20713,2408
20714,2069
20715,2739
20716,-1
20717,2831
20718,2232
20719,2193
20720,1453
20721,2534
20722,3024
20723,2922
20724,3197
20725,2354
20726,3318
20727,2897
20728,3233
20729,3063
20730,4402
20731,2703
20732,2840
20733,2734
20734,2795
20735,2887
20736,1863
20737,3106
20738,2974
20739,2810
20740,2462
20741,2471
20742,3331
20743,2631
20744,2568
20745,2490
20746,2521
20747,2904
20748,2235
20749,324
20750,2852
20751,1802
20752,2291
20753,1972
20754,3150
20755,2550
20756,2327
20757,2456
20758,1879
20759,1871
20760,2529
20761,3287
20762,2106
20763,2389
20764,2183
20765,3240
20766,2980
20767,3030
20768,2796
20769,2442
20770,3036
20771,2466
20772,-1
20773,3139
20774,3111
20775,3093
20776,2568
20777,2208
20778,2803
20779,3522
20780,2295
20781,1967
20782,1953
20783,2273
20784,2968
20785,2678
20786,3573
20787,2143
20788,3791
20789,2975
20790,3229
20791,2104
20792,3575
20793,2961
20794,1528
20795,2562
20796,2272
20797,3370
20798,2278
20799,1610
20800,3370
20801,2793
20802,2521
20803,2229
20804,2256
20805,2164
20806,2687
20807,2415
20808,-1
20809,3033
20810,2630
20811,2891
20812,2484
20813,2778
20814,2628
20815,2428
20816,2643
20817,3075
20818,2411
20819,2158
20820,2138
20821,2308
20822,2555
20823,3581
20824,2744
20825,1418
20826,3822
20827,2825
20828,2334
20829,3216
20830,3037
20831,3498
20832,3041
20833,3081
20834,3040
20835,2831
20836,2804
20837,3580
20838,3040
20839,2408
20840,3300
20841,2484
20842,3114
20843,1936
20844,2924
20845,3024
20846,2552
20847,2462
20848,3138
20849,2613
20850,2344
20851,2676
20852,2315
20853,2111
20854,2290
20855,2956
20856,2003
20857,2375
20858,-1
20859,2689
20860,-1
20861,1249
20862,2805
20863,3066
20864,1955
20865,3260
20866,2990
20867,2530
20868,2397
20869,2176
20870,2944
20871,2883
20872,2834
20873,2035
20874,2525
20875,2453
20876,3052
20877,1826
20878,2907
20879,2905
20880,2856
20881,3008
20882,3316
20883,2463
20884,2942
20885,2610
20886,2310
20887,2540
20888,2627
20889,3083
20890,2038
20891,2273
20892,4120
20893,2322
20894,2990
20895,2692
20896,2142
20897,2407
20898,2041
20899,3056
20900,1979
20901,2351
20902,2304
20903,2926
20904,2267
20905,3176
20906,2563
20907,2815
20908,2662
20909,2475
20910,3488
20911,3312
20912,2539
20913,2958
20914,2536
20915,2562
20916,2196
20917,3456
20918,2634
20919,2041
20920,1886
20921,2317
20922,2118
20923,2439
20924,3285
20925,2390
20926,3037
20927,2691
20928,3122
20929,2927
20930,2555
20931,2913
20932,2694
20933,1960
20934,2241
20935,3714
20936,2607
20937,2352
20938,2458
20939,2223
20940,2659
20941,2159
20942,2779
20943,2525
20944,3257
20945,2292
20946,2710
20947,2607
20948,2215
20949,2660
20950,3965
20951,2773
20952,2482
20953,2657
20954,3392
20955,2863
20956,2863
20957,3366
20958,2988
20959,2787
20960,2368
20961,2538
20962,2695
20963,2297
20964,2615
20965,2667
20966,2039
20967,2585
20968,2515
20969,3286
20970,2319
20971,2386
20972,2670
20973,2878
20974,3470
20975,3024
20976,2596
20977,2948
20978,3042
20979,2421
20980,2466
20981,2193
20982,2357
20983,2232
20984,3520
20985,2479
20986,2697
20987,2490
20988,2846
20989,-1
20990,2565
20991,3165
20992,1982
20993,2666
20994,2986
20995,2821
20996,1936
20997,2750
20998,2724
20999,3150
21000,3189
21001,2610
21002,2271
21003,2540
21004,1995
21005,2975
21006,2765
21007,1919
21008,2742
21009,2851
21010,2549
21011,2572
21012,2542
21013,3101
21014,2202
21015,2322
21016,-1
21017,2944
21018,2572
21019,1232
21020,2990
21021,1800
21022,2949
21023,3302
21024,2774
21025,2984
21026,3547
21027,2742
21028,2191
21029,2441
21030,-1
21031,3605
21032,1936
21033,1991
21034,2368
21035,2874
21036,2300
21037,2724
21038,2767
21039,2850
21040,2682
21041,3003
21042,1675
21043,2463
21044,3003
21045,2732
21046,939
21047,2137
21048,2769
21049,-1
21050,2638
21051,2296
21052,2688
21053,2605
21054,2650
21055,3326
21056,2572
21057,2193
21058,2827
21059,2614
21060,2501
21061,3017
21062,2131
21063,3160
21064,2538
21065,1912
21066,2344
21067,3324
21068,2346
21069,2192
21070,3962
21071,2552
21072,2644
21073,2681
21074,1767
21075,1964
21076,2513
21077,2496
21078,3192
21079,2356
21080,2105
21081,2313
21082,2145
21083,3135
21084,2663
21085,2337
21086,2514
21087,2492
21088,2741
21089,2844
21090,3013
21091,3015
21092,2424
21093,2693
21094,1911
21095,2875
21096,2969
21097,2688
21098,-1
21099,3060
21100,3212
21101,2594
21102,3009
21103,2787
21104,2785
21105,3108
21106,2183
21107,2922
21108,3353
21109,2424
21110,1458
21111,2412
21112,2816
21113,2215
21114,3242
21115,2660
21116,2409
21117,2181
21118,2124
21119,2678
21120,2991
21121,3042
21122,2845
21123,2120
21124,2685
21125,2863
21126,2857
21127,3257
21128,2870
21129,2279
21130,2841
21131,3040
21132,2646
21133,3090
21134,2692
21135,3093
21136,2307
21137,2660
21138,2572
21139,3297
21140,2784
21141,2590
21142,3270
21143,3643
21144,2671
21145,2916
21146,1928
21147,3646
21148,2918
21149,2325
21150,2517
21151,2513
21152,2973
21153,2234
21154,2321
21155,2647
21156,2341
21157,2481
21158,3015
21159,3557
21160,2753
21161,2569
21162,3312
21163,3305
21164,2698
21165,2607
21166,2915
21167,2587
21168,2318
21169,1963
21170,3371
21171,2474
21172,1929
21173,3500
21174,-1
21175,2108
21176,2304
21177,2340
21178,2825
21179,2606
21180,3003
21181,2846
21182,-1
21183,3011
21184,2892
21185,2278
21186,3412
21187,1504
21188,2826
21189,2597
21190,3687
21191,1163
21192,1898
21193,2468
21194,2335
21195,2376
21196,2725
21197,2486
21198,2334
21199,2568
21200,2393
21201,3624
21202,2482
21203,2760
21204,2875
21205,2857
21206,2085
21207,3631
21208,2639
21209,2452
21210,2464
21211,2704
21212,2211
21213,2339
21214,2192
21215,2746
21216,2848
21217,3322
21218,2972
21219,2890
21220,3050
21221,3259
21222,1715
21223,2184
21224,2782
21225,1472
21226,1218
21227,2454
21228,3446
21229,2600
21230,2382
21231,3652
21232,2414
21233,2139
21234,2779
21235,3446
21236,2439
21237,-1
21238,2956
21239,2469
21240,3223
21241,2644
21242,2781
21243,2322
21244,2573
21245,2945
21246,2934
21247,2430
21248,1906
21249,2207
21250,3219
21251,-1
21252,2779
21253,-1
21254,2841
21255,2513
21256,2809
21257,1929
21258,2617
21259,2583
21260,2365
21261,3225
21262,2950
21263,975
21264,2188
21265,3361
21266,1474
21267,2695
21268,2357
21269,1961
21270,3092
21271,3176
21272,3198
21273,2993
21274,2692
21275,2705
21276,2711
21277,1895
21278,3098
21279,2942
21280,2305
21281,2346
21282,3488
21283,2805
21284,2692
21285,2432
21286,2261
21287,2771
21288,1584
21289,2271
21290,2823
21291,2391
21292,2952
21293,2654
21294,2732
21295,-1
21296,2758
21297,3614
21298,2251
21299,2565
21300,2346
21301,2835
21302,2025
21303,2662
21304,2506
21305,2058
21306,2256
21307,1757
21308,3810
21309,3005
21310,2180
21311,2238
21312,2834
21313,2727
21314,2473
21315,-1
21316,2498
21317,3137
21318,2397
21319,2145
21320,2138
21321,1991
21322,2377
21323,2290
21324,2784
21325,3858
21326,3064
21327,2487
21328,2723
21329,2300
21330,2517
21331,2593
21332,2202
21333,2499
21334,2969
21335,-1
21336,2496
21337,2726
21338,2718
21339,3525
21340,1750
21341,2455
21342,2225
21343,1778
21344,3004
21345,3284
21346,2373
21347,4004
21348,2446
21349,3081
21350,2041
21351,2242
21352,3071
21353,2407
21354,2668
21355,2023
21356,2354
21357,2740
21358,2334
21359,2201
21360,2906
21361,2607
21362,1053
21363,3741
21364,2780
21365,2704
21366,2568
21367,3143
21368,2709
21369,2209
21370,2680
21371,2100
21372,2702
21373,2760
21374,3135
21375,1597
21376,2458
21377,2247
21378,2827
21379,1759
21380,3166
21381,1570
21382,1943
21383,1462
21384,2863
21385,2660
21386,2390
21387,2963
21388,2479
21389,2500
21390,2510
21391,3182
21392,2380
21393,2325
21394,2801
21395,2900
21396,1272
21397,-1
21398,3017
21399,2696
21400,2657
21401,3163
21402,3070
21403,2900
21404,2342
21405,2692
21406,2492
21407,2652
21408,1760
21409,2684
21410,2357
21411,3448
21412,3458
21413,3910
21414,2227
21415,2689
21416,3347
21417,3239
21418,2264
21419,2795
21420,2160
21421,1866
21422,3237
21423,3057
21424,2471
21425,3776
21426,2726
21427,2377
21428,2082
21429,2425
21430,2140
21431,3106
21432,2892
21433,2518
21434,2587
21435,2866
21436,2967
21437,2447
21438,2779
21439,1930
21440,3132
21441,3014
21442,2475
21443,2979
21444,3182
21445,2872
21446,3350
21447,2723
21448,3140
21449,2079
21450,2007
21451,2170
21452,2402
21453,2728
21454,2365
21455,2639
21456,2094
21457,2707
21458,2791
21459,2664
21460,3093
21461,3180
21462,1961
21463,2339
21464,2885
21465,2441
21466,3236
21467,3494
21468,2052
21469,2600
21470,2713
21471,3333
21472,2476
21473,2903
21474,2674
21475,2605
21476,2685
21477,2084
21478,2682
21479,2714
21480,2361
21481,3150
21482,2125
21483,2553
21484,2498
21485,3192
21486,2914
21487,2065
21488,2364
21489,3602
21490,2573
21491,2586
21492,2633
21493,2183
21494,2179
21495,2986
21496,2203
21497,3083
21498,3165
21499,2633
21500,2299
21501,2493
21502,2864
21503,2495
21504,3654
21505,2711
21506,2584
21507,2150
21508,3496
21509,2396
21510,2877
21511,3059
21512,2544
21513,3778
21514,-1
21515,2214
21516,2241
21517,2702
21518,2446
21519,2215
21520,2366
21521,2856
21522,2776
21523,3608
21524,2714
21525,1606
21526,2207
21527,3153
21528,2556
21529,2297
21530,2451
21531,2143
21532,2776
21533,2250
21534,2709
21535,2850
21536,3219
21537,2586
21538,2846
21539,1676
21540,3064
21541,2887
21542,1473
21543,3121
21544,-1
21545,3183
21546,2972
21547,3120
21548,3268
21549,2613
21550,2212
21551,3229
21552,3119
21553,2543
21554,1464
21555,2606
21556,3215
21557,2696
21558,2548
21559,2036
21560,3102
21561,2556
21562,3061
21563,2714
21564,2571
21565,2802
21566,2734
21567,2720
21568,2367
21569,2913
21570,3185
21571,2593
21572,2868
21573,2519
21574,2601
21575,2859
21576,2490
21577,2395
21578,2191
21579,2286
21580,2254
21581,3628
21582,2519
21583,2350
21584,1819
21585,3326
21586,2294
21587,3094
21588,2893
21589,2676
21590,1968
21591,2429
21592,3042
21593,2116
21594,1892
21595,2707
21596,2728
21597,2318
21598,3158
21599,2422
21600,2043
21601,1778
21602,2656
21603,2827
21604,3119
21605,2897
21606,2736
21607,2476
21608,3753
21609,2864
21610,2446
21611,1870
21612,3203
21613,3117
21614,2657
21615,2323
21616,2797
21617,2921
21618,2630
21619,2931
21620,2129
21621,1995
21622,2569
21623,1385
21624,2127
21625,2708
21626,2307
21627,1612
21628,2509
21629,3540
21630,2214
21631,2414
21632,3235
21633,2545
21634,2667
21635,2384
21636,2699
21637,3008
21638,2789
21639,2887
21640,2429
21641,3021
21642,3080
21643,3020
21644,3144
21645,2290
21646,3088
21647,2577
21648,2744
21649,2806
21650,2503
21651,2763
21652,2336
21653,2475
21654,3130
21655,2320
21656,2095
21657,3258
21658,2184
21659,2767
21660,3256
21661,3229
21662,1894
21663,3399
21664,3026
21665,2964
21666,2413
21667,2235
21668,2916
21669,2205
21670,1930
21671,2100
21672,3152
21673,3041
21674,2880
21675,2907
21676,2550
21677,3111
21678,2263
21679,2609
21680,1740
21681,2679
21682,2807
21683,2666
21684,3128
21685,3030
21686,3638
21687,2328
21688,2802
21689,1679
21690,3065
21691,1991
21692,1621
21693,1967
21694,2105
21695,3134
21696,3283
21697,2101
21698,2513
21699,2591
21700,2462
21701,2281
21702,3126
21703,3599
21704,3102
21705,2117
21706,2131
21707,2468
21708,-1
21709,1528
21710,2317
21711,1844
21712,-1
21713,3246
21714,2295
21715,2791
21716,1922
21717,3286
21718,2477
21719,3882
21720,2379
21721,2583
21722,2577
21723,2430
21724,2420
21725,3459
21726,2189
21727,2305
21728,3885
21729,2315
21730,2409
21731,3096
21732,3079
21733,2810
21734,3271
21735,2558
21736,3400
21737,3363
21738,2537
21739,2652
21740,1979
21741,2626
21742,2249
21743,2262
21744,2452
21745,2987
21746,2429
21747,2122
21748,1289
21749,2869
21750,2243
21751,2990
21752,2510
21753,2406
21754,2997
21755,1609
21756,2111
21757,2172
21758,2422
21759,2908
21760,2178
21761,2746
21762,3543
21763,2734
21764,2329
21765,-1
21766,2824
21767,3043
21768,2784
21769,1406
21770,2564
21771,-1
21772,2886
21773,2475
21774,2569
21775,2815
21776,2455
21777,2279
21778,2525
21779,1606
21780,1841
21781,2195
21782,2264
21783,1638
21784,2483
21785,2203
21786,3325
21787,2449
21788,2441
21789,2738
21790,2325
21791,2301
21792,2275
21793,3292
21794,2716
21795,2420
21796,3246
21797,2846
21798,2972
21799,2968
21800,2841
21801,2628
21802,2221
21803,2892
21804,1116
21805,3138
21806,2756
21807,2789
21808,2253
21809,2921
21810,2387
21811,3030
21812,1777
21813,2596
21814,2686
21815,2743
21816,2190
21817,1966
21818,2683
21819,2566
21820,2702
21821,2371
21822,2236
21823,2418
21824,2772
21825,3605
21826,2300
21827,2091
21828,2566
21829,2293
21830,2839
21831,2894
21832,2455
21833,2781
21834,2600
21835,2271
21836,2258
21837,2999
21838,2560
21839,2534
21840,3195
21841,2870
21842,3273
21843,2743
21844,2746
21845,2685
21846,2731
21847,2701
21848,3469
21849,2207
21850,1475
21851,1970
21852,2153
21853,2641
21854,2778
21855,2162
21856,2436
21857,3019
21858,3071
21859,2680
21860,3028
21861,2810
21862,2987
21863,2588
21864,2701
21865,2824
21866,3588
21867,3067
21868,2809
21869,2436
21870,2670
21871,2494
21872,3421
21873,2118
21874,2255
21875,2570
21876,-1
21877,2368
21878,2807
21879,3141
21880,2513
21881,2743
21882,2084
21883,2281
21884,3349
21885,1786
21886,2800
21887,2804
21888,2971
21889,2529
21890,2736
21891,2333
21892,3199
21893,2870
21894,2557
21895,3661
21896,2353
21897,3416
21898,2719
21899,2823
21900,2773
21901,2762
21902,2961
21903,2985
21904,2794
21905,2215
21906,3036
21907,3153
21908,2793
21909,2816
21910,1958
21911,2737
21912,1881
21913,2957
21914,2860
21915,3199
21916,2084
21917,2280
21918,2925
21919,3062
21920,2091
21921,2052
21922,2594
21923,2488
21924,2948
21925,3164
21926,1683
21927,2452
21928,2807
21929,3397
21930,2095
21931,3172
21932,2416
21933,2542
21934,3057
21935,4351
21936,2654
21937,2678
21938,3258
21939,3077
21940,2374
21941,2904
21942,2924
21943,3209
21944,-1
21945,2739
21946,2667
21947,2977
21948,-1
21949,2302
21950,2662
21951,3008
21952,1641
21953,2214
21954,3105
21955,2723
21956,2242
21957,3064
21958,2997
21959,1774
21960,2608
21961,2477
21962,2526
21963,3461
21964,1712
21965,2632
21966,2747
21967,2554
21968,2710
21969,2126
21970,3336
21971,2404
21972,2410
21973,2843
21974,2831
21975,2767
21976,2714
21977,2510
21978,2429
21979,2453
21980,3148
21981,3071
21982,2375
21983,2587
21984,2468
21985,2388
21986,2582
21987,3098
21988,2472
21989,2181
21990,3423
21991,3192
21992,2836
21993,1909
21994,2466
21995,2690
21996,2357
21997,2402
21998,2384
21999,2897
22000,2947
22001,2546
22002,3264
22003,3175
22004,2450
22005,2288
22006,1879
22007,2418
22008,1828
22009,2619
22010,2927
22011,1918
22012,2582
22013,2785
22014,2476
22015,2918
22016,-1
22017,2693
22018,2260
22019,2730
22020,2362
22021,2411
22022,2821
22023,2437
22024,2632
22025,2593
22026,2743
22027,2520
22028,2543
22029,3260
22030,2163
22031,2421
22032,2217
22033,2406
22034,2712
22035,2614
22036,2342
22037,2659
22038,3038
22039,2451
22040,1417
22041,2757
22042,2161
22043,2660
22044,2599
22045,2548
22046,3427
22047,2669
22048,2131
22049,2801
22050,3142
22051,2912
22052,2170
22053,2493
22054,2463
22055,2757
22056,2319
22057,1487
22058,3011
22059,3192
22060,2567
22061,2472
22062,2489
22063,2416
22064,1867
22065,3095
22066,2787
22067,3018
22068,2706
22069,2566
22070,2530
22071,2433
22072,2763
22073,2338
22074,2416
22075,2438
22076,3013
22077,2195
22078,2241
22079,3248
22080,2686
22081,2842
22082,2199
22083,3258
22084,2854
22085,2665
22086,2961
22087,2994
22088,2160
22089,3203
22090,2280
22091,2774
22092,3770
22093,2574
22094,2668
22095,2064
22096,3318
22097,2144
22098,2028
22099,3033
22100,2966
22101,2329
22102,1840
22103,2858
22104,2776
22105,-1
22106,3306
22107,2030
22108,2417
22109,3151
22110,2972
22111,2343
22112,2309
22113,2263
22114,2387
22115,2801
22116,2660
22117,2994
22118,2821
22119,2766
22120,2662
22121,3371
22122,2665
22123,4040
22124,2964
22125,2273
22126,2541
22127,2863
22128,2770
22129,2015
22130,2338
22131,2347
22132,2597
22133,1703
22134,2756
22135,2298
22136,2731
22137,2669
22138,2336
22139,2765
22140,2743
22141,3387
22142,1744
22143,3380
22144,2352
22145,2405
22146,2761
22147,2928
22148,2791
22149,2536
22150,3060
22151,2455
22152,2207
22153,2190
22154,2765
22155,2688
22156,2255
22157,2622
22158,2286
22159,3246
22160,2246
22161,1849
22162,2243
22163,2883
22164,2638
22165,2910
22166,1744
22167,2720
22168,2915
22169,2661
22170,2418
22171,2950
22172,2747
22173,2801
22174,2507
22175,3390
22176,2449
22177,2275
22178,2338
22179,3120
22180,3630
22181,2647
22182,3167
22183,2559
22184,2561
22185,2299
22186,3099
22187,3351
22188,2679
22189,1719
22190,2598
22191,2514
22192,2605
22193,2487
22194,2809
22195,3133
22196,2808
22197,2115
22198,-1
22199,2616
22200,2330
22201,2026
22202,2798
22203,1932
22204,2301
22205,2748
22206,2356
22207,3118
22208,2596
22209,2307
22210,2139
22211,2414
22212,1955
22213,2101
22214,1792
22215,2351
22216,2112
22217,2631
22218,1103
22219,2811
22220,3089
22221,2271
22222,2947
22223,3243
22224,2701
22225,2628
22226,2683
22227,2163
22228,3046
22229,2634
22230,3336
22231,3181
22232,2495
22233,2598
22234,3195
22235,3922
22236,2544
22237,3276
22238,2642
22239,3567
22240,2532
22241,3115
22242,2710
22243,2531
22244,2429
22245,2635
22246,1982
22247,2350
22248,2067
22249,2453
22250,2827
22251,3558
22252,3008
22253,2754
22254,2552
22255,2224
22256,2593
22257,2447
22258,2561
22259,2921
22260,3103
22261,2281
22262,2265
22263,2960
22264,2467
22265,2676
22266,2851
22267,2761
22268,-1
22269,2468
22270,2289
22271,3603
22272,2537
22273,2365
22274,2929
22275,2534
22276,2589
22277,2386
22278,2413
22279,2848
22280,2351
22281,2392
22282,2484
22283,2415
22284,2155
22285,2511
22286,3395
22287,2702
22288,1966
22289,2958
22290,2944
22291,1959
22292,2788
22293,2438
22294,3422
22295,2457
22296,2649
22297,2829
22298,2340
22299,3227
22300,2573
22301,2779
22302,2076
22303,3730
22304,2293
22305,2676
22306,2390
22307,2284
22308,2540
22309,3445
22310,2696
22311,2840
22312,2598
22313,1903
22314,2746
22315,2430
22316,2775
22317,2986
22318,3289
22319,2755
22320,2645
22321,2773
22322,2879
22323,2445
22324,2444
22325,1583
22326,3214
22327,3358
22328,3981
22329,2267
22330,2474
22331,2247
22332,2986
22333,2931
22334,3077
22335,2683
22336,2862
22337,3194
22338,2922
22339,2370
22340,2700
22341,3102
22342,2526
22343,2554
22344,2394
22345,2680
22346,2385
22347,3015
22348,2739
22349,3730
22350,2928
22351,2024
22352,2715
22353,2602
22354,2610
22355,2998
22356,2145
22357,2420
22358,2617
22359,3041
22360,3853
22361,2879
22362,3266
22363,2091
22364,2395
22365,2582
22366,3325
22367,2159
22368,2843
22369,2510
22370,2584
22371,3505
22372,3244
22373,3073
22374,2427
22375,-1
22376,2992
22377,2929
22378,2384
22379,1828
22380,2497
22381,2273
22382,3006
22383,2773
22384,2797
22385,1612
22386,4112
22387,2411
22388,3457
22389,2081
22390,2114
22391,2817
22392,2841
22393,2836
22394,2611
22395,2752
22396,2381
22397,2538
22398,2625
22399,1624
22400,3162
22401,3286
22402,-1
22403,2209
22404,2640
22405,3064
22406,2340
22407,2496
22408,2369
22409,2744
22410,3084
22411,2825
22412,2602
22413,2758
22414,2553
22415,2108
22416,1487
22417,2330
22418,-1
22419,3826
22420,3172
22421,2580
22422,3028
22423,2902
22424,2372
22425,2649
22426,2373
22427,3247
22428,2370
22429,2362
22430,2693
22431,3083
22432,2705
22433,2998
22434,2098
22435,2193
22436,2044
22437,2278
22438,2954
22439,2677
22440,2906
22441,2478
22442,3145
22443,2576
22444,1759
22445,4258
22446,3058
22447,3071
22448,2288
22449,3237
22450,3018
22451,2799
22452,2043
22453,2574
22454,2309
22455,2632
22456,3581
22457,2370
22458,2128
22459,2523
22460,2719
22461,2619
22462,2177
22463,2165
22464,2736
22465,2590
22466,1734
22467,2113
22468,2834
22469,3731
22470,2816
22471,2685
22472,2944
22473,2772
22474,3052
22475,1512
22476,2693
22477,2599
22478,2848
22479,3157
22480,2951
22481,1769
22482,2674
22483,2720
22484,2216
22485,1470
22486,2370
22487,2664
22488,3231
22489,2839
22490,2916
22491,2604
22492,3282
22493,2229
22494,2562
22495,3023
22496,3120
22497,2840
22498,2177
22499,2249
22500,2937
22501,3066
22502,3450
22503,2199
22504,2361
22505,2304
22506,2601
22507,3206
22508,1984
22509,2480
22510,2260
22511,2763
22512,2516
22513,3057
22514,1967
22515,1793
22516,3026
22517,2574
22518,2251
22519,2047
22520,2331
22521,2352
22522,2557
22523,2166
22524,1017
22525,2968
22526,2548
22527,2812
22528,3493
22529,2434
22530,3191
22531,2702
22532,1908
22533,2119
22534,2655
22535,2569
22536,2619
22537,2626
22538,2623
22539,2807
22540,2300
22541,1919
22542,2013
22543,2173
22544,2121
22545,2673
22546,2864
22547,3125
22548,2420
22549,2145
22550,2648
22551,3116
22552,2839
22553,3239
22554,2944
22555,2796
22556,3296
22557,2958
22558,2827
22559,3501
22560,2906
22561,1792
22562,1974
22563,3027
22564,2509
22565,2175
22566,2554
22567,1938
22568,2515
22569,3302
22570,2593
22571,2879
22572,2767
22573,2487
22574,3015
22575,2372
22576,2527
22577,2053
22578,2482
22579,2180
22580,2106
22581,2461
22582,3071
22583,2538
22584,2208
22585,2599
22586,1367
22587,3023
22588,2253
22589,2315
22590,2109
22591,2930
22592,2621
22593,2840
22594,1995
22595,2396
22596,1500
22597,2513
22598,2745
22599,2920
22600,2267
22601,3139
22602,2467
22603,2701
22604,3055
22605,2321
22606,1878
22607,2328
22608,2840
22609,2659
22610,2436
22611,2325
22612,3135
22613,3547
22614,2413
22615,2420
22616,2773
22617,2425
22618,2328
22619,2707
22620,2914
22621,2457
22622,1691
22623,2317
22624,1634
22625,2259
22626,3041
22627,2090
22628,2100
22629,3125
22630,3314
22631,2916
22632,2835
22633,2713
22634,2486
22635,2518
22636,2764
22637,2213
22638,2182
22639,2924
22640,2834
22641,2304
22642,2510
22643,1616
22644,2361
22645,2273
22646,2749
22647,2337
22648,2720
22649,1853
22650,2367
22651,2111
22652,2194
22653,2152
22654,3293
22655,2402
22656,2142
22657,2275
22658,2715
22659,2363
22660,2958
22661,2465
22662,2562
22663,2479
22664,1815
22665,3424
22666,3040
22667,2522
22668,3117
22669,2390
22670,3023
22671,2840
22672,2742
22673,2807
22674,3756
22675,3058
22676,3363
22677,2773
22678,3584
22679,2754
22680,2919
22681,2727
22682,2393
22683,2573
22684,3395
22685,3049
22686,2529
22687,1903
22688,2504
22689,3228
22690,3384
22691,2821
22692,3213
22693,2880
22694,2769
22695,3350
22696,2935
22697,2768
22698,2451
22699,1387
22700,-1
22701,2826
22702,3086
22703,1738
22704,3478
22705,2837
22706,3313
22707,2870
22708,2854
22709,2860
22710,2898
22711,2500
22712,2378
22713,2676
22714,2301
22715,1612
22716,2285
22717,3013
22718,3246
22719,2204
22720,2572
22721,2109
22722,2840
22723,2212
22724,2239
22725,3192
22726,3385
22727,2619
22728,3065
22729,1724
22730,2409
22731,2663
22732,2678
22733,2515
22734,2963
22735,3004
22736,3047
22737,1947
22738,3160
22739,3252
22740,2562
22741,3020
22742,2961
22743,2534
22744,3110
22745,2935
22746,3389
22747,1835
22748,2597
22749,2591
22750,2455
22751,2762
22752,2526
22753,3063
22754,3439
22755,2135
22756,3141
22757,3048
22758,3286
22759,1960
22760,2792
22761,2496
22762,2414
22763,2240
22764,2985
22765,2110
22766,2251
22767,2222
22768,2755
22769,2336
22770,2148
22771,1860
22772,2076
22773,2270
22774,-1
22775,2590
22776,3034
22777,2806
22778,2645
22779,2641
22780,2880
22781,2778
22782,2204
22783,2561
22784,1998
22785,2734
22786,2484
22787,3152
22788,2162
22789,2207
22790,2433
22791,2303
22792,2494
22793,2385
22794,2536
22795,3792
22796,2229
22797,2460
22798,2547
22799,2948
22800,2700
22801,2834
22802,2510
22803,2950
22804,2969
22805,2712
22806,3340
22807,2559
22808,2200
22809,-1
22810,2686
22811,2587
22812,2753
22813,2796
22814,2796
22815,2648
22816,1773
22817,1692
22818,2752
22819,2932
22820,1838
22821,3039
22822,2681
22823,2343
22824,2116
22825,2449
22826,2439
22827,1971
22828,2707
22829,2583
22830,2309
22831,3013
22832,2470
22833,3787
22834,2124
22835,3414
22836,3080
22837,2909
22838,4159
22839,3548
22840,2482
22841,2415
22842,3211
22843,2457
22844,2614
22845,2601
22846,2009
22847,2631
22848,3055
22849,2417
22850,2809
22851,2322
22852,1628
22853,1933
22854,2508
22855,2329
22856,3145
22857,2706
22858,2543
22859,2954
22860,3358
22861,2115
22862,2512
22863,2968
22864,2731
22865,3363
22866,2720
22867,2800
22868,2306
22869,3147
22870,3005
22871,2840
22872,2619
22873,2821
22874,3741
22875,2356
22876,2773
22877,3062
22878,2538
22879,2791
22880,2990
22881,1739
22882,2302
22883,3556
22884,2830
22885,2894
22886,2703
22887,3765
22888,2478
22889,1712
22890,2679
22891,2593
22892,2859
22893,3350
22894,3527
22895,3097
22896,3544
22897,2897
22898,2860
22899,-1
22900,1782
22901,2558
22902,2948
22903,2955
22904,1916
22905,3042
22906,2994
22907,2629
22908,2324
22909,2220
22910,2682
22911,2936
22912,2622
22913,1923
22914,2316
22915,3341
22916,2497
22917,2054
22918,2331
22919,2673
22920,2235
22921,2405
22922,2957
22923,2510
22924,2481
22925,2999
22926,2407
22927,2511
22928,3442
22929,1844
22930,2167
22931,2461
22932,2732
22933,2744
22934,2563
22935,2903
22936,1932
22937,2998
22938,3395
22939,1726
22940,2523
22941,2794
22942,3119
22943,2370
22944,2310
22945,2365
22946,2886
22947,2053
22948,2695
22949,1887
22950,2941
22951,2994
22952,3417
22953,2687
22954,2769
22955,2519
22956,2798
22957,2068
22958,2639
22959,2089
22960,2820
22961,3191
22962,2724
22963,-1
22964,2827
22965,3354
22966,4039
22967,2230
22968,2910
22969,2206
22970,3396
22971,-1
22972,2264
22973,2878
22974,2641
22975,2297
22976,2996
22977,2571
22978,2841
22979,2361
22980,2748
22981,2282
22982,2179
22983,2373
22984,2881
22985,2517
22986,3043
22987,3644
22988,2490
22989,2551
22990,2359
22991,2713
22992,2469
22993,3135
22994,1589
22995,2645
22996,2763
22997,2801
22998,2839
22999,2370
23000,-1
23001,2809
23002,3476
23003,2845
23004,2926
23005,2290
23006,3009
23007,2496
23008,2487
23009,2891
23010,3112
23011,2737
23012,2509
23013,2099
23014,2279
23015,2979
23016,3221
23017,2045
23018,2381
23019,2846
23020,2326
23021,2505
23022,3359
23023,2172
23024,2059
23025,2975
23026,2952
23027,2286
23028,2107
23029,2241
23030,3179
23031,2669
23032,2704
23033,2566
23034,2005
23035,3089
23036,2276
23037,3064
23038,2567
23039,3445
23040,1699
23041,2833
23042,2038
23043,2603
23044,2755
23045,2542
23046,2775
23047,2712
23048,4391
23049,3466
23050,-1
23051,2993
23052,3151
23053,2923
23054,3912
23055,3143
23056,2881
23057,2321
23058,2316
23059,2964
23060,2498
23061,2921
23062,2978
23063,2406
23064,2859
23065,2105
23066,2368
23067,2015
23068,2180
23069,2163
23070,2456
23071,3172
23072,3112
23073,2300
23074,2887
23075,3035
23076,2434
23077,2859
23078,2023
23079,3074
23080,2727
23081,2078
23082,2317
23083,1782
23084,2999
23085,3756
23086,1973
23087,2884
23088,3056
23089,2971
23090,2557
23091,2285
23092,2684
23093,2890
23094,1906
23095,3029
23096,2536
23097,2832
23098,2564
23099,2964
23100,2397
23101,2392
23102,2796
23103,2278
23104,2098
23105,2770
23106,2692
23107,1564
23108,2641
23109,2717
23110,2565
23111,2749
23112,2726
23113,2841
23114,2484
23115,2907
23116,2442
23117,3453
23118,2601
23119,1470
23120,2933
23121,3100
23122,3294
23123,2266
23124,2551
23125,2530
23126,2762
23127,3742
23128,2459
23129,2618
23130,2975
23131,2854
23132,3666
23133,2683
23134,2174
23135,3512
23136,-1
23137,1958
23138,2735
23139,3555
23140,2926
23141,2273
23142,2673
23143,1766
23144,3652
23145,2232
23146,2652
23147,2847
23148,2375
23149,2614
23150,2324
23151,3263
23152,3231
23153,2451
23154,2475
23155,1987
23156,2625
23157,2803
23158,2612
23159,3264
23160,2330
23161,2338
23162,2634
23163,1187
23164,1982
23165,2147
23166,3108
23167,2569
23168,3630
23169,1358
23170,2989
23171,3153
23172,2563
23173,2426
23174,2902
23175,2863
23176,2645
23177,2528
23178,2558
23179,4445
23180,2968
23181,2813
23182,2227
23183,2922
23184,2914
23185,1541
23186,2628
23187,1985
23188,2149
23189,2895
23190,2797
23191,2799
23192,2524
23193,-1
23194,2568
23195,2834
23196,2121
23197,3162
23198,2621
23199,3420
23200,2735
23201,2043
23202,2733
23203,2812
23204,3105
23205,3090
23206,1721
23207,2880
23208,2911
23209,2660
23210,2775
23211,2623
23212,1962
23213,2518
23214,3041
23215,2411
23216,2661
23217,2907
23218,2186
23219,1671
23220,2290
23221,2502
23222,2605
23223,2487
23224,3317
23225,2759
23226,2553
23227,3008
23228,2753
23229,3609
23230,2873
23231,2452
23232,3082
23233,2868
23234,2925
23235,2079
23236,1711
23237,2108
23238,-1
23239,2413
23240,2595
23241,2396
23242,2714
23243,2253
23244,3483
23245,2613
23246,2744
23247,2327
23248,2396
23249,2443
23250,2325
23251,2605
23252,2379
23253,2590
23254,2523
23255,2345
23256,2492
23257,2351
23258,2447
23259,3254
23260,1937
23261,3147
23262,3772
23263,3368
23264,2551
23265,2349
23266,2689
23267,2134
23268,2353
23269,2488
23270,3464
23271,2508
23272,3099
23273,3195
23274,1975
23275,3280
23276,2617
23277,2488
23278,2562
23279,2694
23280,2650
23281,3109
23282,2487
23283,2929
23284,3414
23285,3082
23286,2815
23287,2730
23288,1939
23289,3290
23290,2598
23291,3087
23292,2252
23293,2027
23294,2458
23295,2130
23296,3139
23297,2795
23298,3082
23299,2332
23300,1758
23301,2568
23302,2962
23303,2269
23304,3783
23305,2783
23306,2166
23307,3029
23308,3276
23309,1487
23310,1936
23311,2729
23312,3025
23313,2604
23314,3016
23315,2707
23316,2314
23317,2064
23318,1990
23319,3207
23320,2955
23321,2253
23322,3337
23323,2625
23324,2632
23325,2913
23326,2973
23327,2411
23328,2276
23329,1819
23330,2717
23331,3123
23332,2723
23333,2672
23334,3331
23335,2938
23336,2582
23337,2378
23338,2912
23339,2834
23340,2973
23341,2965
23342,2670
23343,2540
23344,1918
23345,2712
23346,2644
23347,2413
23348,2960
23349,2590
23350,2023
23351,3140
23352,3358
23353,2359
23354,2993
23355,2133
23356,1471
23357,2684
23358,2480
23359,2450
23360,1999
23361,3171
23362,2962
23363,2091
23364,2683
23365,2062
23366,4248
23367,2398
23368,2282
23369,2550
23370,3265
23371,2902
23372,2721
23373,3098
23374,-1
23375,-1
23376,2702
23377,2424
23378,2757
23379,2541
23380,2141
23381,2380
23382,3091
23383,4086
23384,3568
23385,2947
23386,2632
23387,2996
23388,2761
23389,2820
23390,1517
23391,2533
23392,2441
23393,2397
23394,2743
23395,2703
23396,3376
23397,2895
23398,3026
23399,3132
23400,2285
23401,2396
23402,2620
23403,2756
23404,2464
23405,2317
23406,2583
23407,3157
23408,2706
23409,2652
23410,2633
23411,2960
23412,2684
23413,3013
23414,2667
23415,2345
23416,2921
23417,2986
23418,2012
23419,2905
23420,2017
23421,2747
23422,2761
23423,2634
23424,2786
23425,2601
23426,3101
23427,2792
23428,2486
23429,1942
23430,2720
23431,2933
23432,2819
23433,2472
23434,2641
23435,2510
23436,2458
23437,3102
23438,2542
23439,2422
23440,3151
23441,3173
23442,2629
23443,2359
23444,1862
23445,2735
23446,2659
23447,4094
23448,2780
23449,2939
23450,2900
23451,2674
23452,3054
23453,2663
23454,2729
23455,2739
23456,3156
23457,1935
23458,2566
23459,3519
23460,2554
23461,2974
23462,2873
23463,2986
23464,2497
23465,2663
23466,2770
23467,2934
23468,2718
23469,3141
23470,2244
23471,3120
23472,3298
23473,3500
23474,3004
23475,3400
23476,2875
23477,3091
23478,2320
23479,2997
23480,2968
23481,2832
23482,3244
23483,2722
23484,2291
23485,3232
23486,2689
23487,2707
23488,2551
23489,3020
23490,3333
23491,2204
23492,2484
23493,2612
23494,2266
23495,2536
23496,3370
23497,-1
23498,2281
23499,2664
23500,2286
23501,2707
23502,2256
23503,3292
23504,2199
23505,3219
23506,3049
23507,2505
23508,1727
23509,2541
23510,2957
23511,2492
23512,2691
23513,2117
23514,2468
23515,2674
23516,2421
23517,2779
23518,2978
23519,2426
23520,2389
23521,-1
23522,3138
23523,3294
23524,-1
23525,3089
23526,2908
23527,4317
23528,2235
23529,2735
23530,3089
23531,3677
23532,2871
23533,2495
23534,3642
23535,2099
23536,2559
23537,2579
23538,2633
23539,2208
23540,1658
23541,2947
23542,2637
23543,2072
23544,2688
23545,2341
23546,2184
23547,3361
23548,2976
23549,2224
23550,2873
23551,3731
23552,2806
23553,2969
23554,3826
23555,2309
23556,2979
23557,2917
23558,2922
23559,1726
23560,2792
23561,3308
23562,2795
23563,2959
23564,2183
23565,2688
23566,2462
23567,2903
23568,1933
23569,2328
23570,2806
23571,3018
23572,2949
23573,2996
23574,2447
23575,2244
23576,2715
23577,3066
23578,2857
23579,2637
23580,2718
23581,2631
23582,2873
23583,2552
23584,2389
23585,2589
23586,3651
23587,2728
23588,2503
23589,2245
23590,2536
23591,2289
23592,1203
23593,2278
23594,2576
23595,2781
23596,3000
23597,2517
23598,2296
23599,2234
23600,2601
23601,2147
23602,2274
23603,3053
23604,2659
23605,1976
23606,2783
23607,3050
23608,2365
23609,1027
23610,2494
23611,2897
23612,2958
23613,2907
23614,3290
23615,2572
23616,3491
23617,2664
23618,2420
23619,2621
23620,2220
23621,2386
23622,3796
23623,1956
23624,2514
23625,3046
23626,3151
23627,2331
23628,3315
23629,2779
23630,2864
23631,2759
23632,2915
23633,2559
23634,3620
23635,2420
23636,2931
23637,2592
23638,2570
23639,2784
23640,2437
23641,3329
23642,2658
23643,2393
23644,2516
23645,2486
23646,1546
23647,2840
23648,2381
23649,2823
23650,2835
23651,1858
23652,1911
23653,2538
23654,2668
23655,2551
23656,2179
23657,3260
23658,1972
23659,2718
23660,2674
23661,2664
23662,2721
23663,2788
23664,2462
23665,3543
23666,3164
23667,2079
23668,2644
23669,2601
23670,1583
23671,2103
23672,2127
23673,2429
23674,2732
23675,2950
23676,3086
23677,3577
23678,2726
23679,2663
23680,2779
23681,3115
23682,2946
23683,3573
23684,2813
23685,2580
23686,2925
23687,2321
23688,2686
23689,2737
23690,3531
23691,1849
23692,2531
23693,2351
23694,2136
23695,2770
23696,2508
23697,2179
23698,3005
23699,3121
23700,2838
23701,3065
23702,2295
23703,2846
23704,2422
23705,-1
23706,-1
23707,2787
23708,2567
23709,2927
23710,2301
23711,2789
23712,3105
23713,2566
23714,2205
23715,2756
23716,2537
23717,2825
23718,2508
23719,3694
23720,2733
23721,2485
23722,2918
23723,2524
23724,2427
23725,3209
23726,2582
23727,2522
23728,2516
23729,3752
23730,2789
23731,3079
23732,2781
23733,2075
23734,1900
23735,2858
23736,2525
23737,2011
23738,3009
23739,1924
23740,3098
23741,3525
23742,3340
23743,3049
23744,3474
23745,-1
23746,3038
23747,2121
23748,2751
23749,2276
23750,2755
23751,2793
23752,3495
23753,2025
23754,2591
23755,2625
23756,3403
23757,3042
23758,2325
23759,2706
23760,2992
23761,2608
23762,2625
23763,2164
23764,2361
23765,3001
23766,2455
23767,3579
23768,2911
23769,2110
23770,2428
23771,2360
23772,2809
23773,2316
23774,2889
23775,1899
23776,2141
23777,2558
23778,3706
23779,2818
23780,1659
23781,1697
23782,2081
23783,2540
23784,2744
23785,2385
23786,2718
23787,2899
23788,2871
23789,1750
23790,2510
23791,2114
23792,2736
23793,3167
23794,2123
23795,2757
23796,2666
23797,2175
23798,3057
23799,2825
23800,2580
23801,2533
23802,2122
23803,3973
23804,2618
23805,2749
23806,-1
23807,2584
23808,2714
23809,2861
23810,2353
23811,2196
23812,2673
23813,2456
23814,1407
23815,3331
23816,2834
23817,2930
23818,2241
23819,1975
23820,2150
23821,2768
23822,2347
23823,2951
23824,3069
23825,2400
23826,2394
23827,2197
23828,3454
23829,1702
23830,3191
23831,2169
23832,2857
23833,2200
23834,2544
23835,2717
23836,2552
23837,3271
23838,2651
23839,1729
23840,2634
23841,3225
23842,-1
23843,2368
23844,2985
23845,2801
23846,2583
23847,1378
23848,1429
23849,2819
23850,2070
23851,2996
23852,2318
23853,2882
23854,1508
23855,-1
23856,2623
23857,2843
23858,2625
23859,-1
23860,3455
23861,862
23862,2602
23863,2375
23864,2148
23865,2565
23866,2809
23867,3302
23868,2325
23869,2262
23870,2625
23871,2151
23872,1451
23873,2270
23874,2258
23875,2149
23876,2420
23877,2423
23878,2275
23879,2451
23880,2715
23881,2677
23882,2448
23883,1648
23884,2461
23885,2523
23886,2920
23887,3025
23888,2821
23889,1904
23890,3790
23891,2486
23892,2223
23893,2176
23894,2078
23895,2177
23896,2323
23897,2167
23898,1873
23899,2629
23900,2982
23901,2759
23902,2697
23903,2204
23904,2131
23905,2605
23906,2659
23907,2870
23908,2402
23909,2893
23910,1484
23911,2002
23912,2632
23913,2368
23914,2771
23915,3255
23916,2309
23917,2688
23918,2821
23919,2493
23920,1599
23921,3257
23922,2365
23923,2545
23924,2562
23925,2634
23926,3103
23927,3214
23928,2545
23929,3028
23930,2570
23931,4159
23932,1678
23933,2482
23934,2317
23935,3040
23936,2749
23937,2861
23938,2804
23939,2423
23940,2645
23941,2875
23942,2136
23943,2463
23944,3298
23945,2025
23946,2550
23947,2186
23948,2874
23949,2188
23950,2148
23951,3002
23952,2824
23953,1723
23954,2312
23955,2215
23956,2603
23957,2723
23958,1682
23959,3138
23960,2877
23961,2753
23962,2927
23963,2912
23964,3340
23965,2035
23966,3119
23967,1940
23968,2115
23969,2294
23970,2622
23971,2688
23972,2736
23973,3480
23974,2277
23975,2440
23976,2105
23977,2426
23978,2473
23979,2968
23980,2615
23981,-1
23982,1163
23983,2847
23984,2596
23985,3317
23986,1386
23987,2766
23988,2921
23989,2405
23990,2403
23991,3122
23992,2055
23993,-1
23994,3266
23995,3236
23996,2706
23997,3407
23998,-1
23999,3062
24000,3385
24001,2395
24002,2572
24003,3868
24004,2099
24005,2614
24006,2046
24007,2200
24008,2518
24009,2903
24010,2714
24011,2757
24012,2994
24013,2848
24014,2307
24015,2184
24016,2714
24017,2531
24018,3110
24019,2647
24020,2599
24021,2872
24022,1712
24023,2821
24024,2871
24025,2151
24026,2941
24027,2471
24028,3166
24029,3686
24030,2339
24031,3405
24032,2635
24033,2950
24034,2462
24035,3126
24036,2722
24037,2554
24038,2528
24039,2882
24040,2259
24041,2620
24042,2567
24043,2171
24044,2403
24045,2524
24046,2954
24047,2365
24048,2779
24049,2561
24050,3593
24051,2479
24052,2807
24053,3212
24054,3011
24055,2176
24056,2691
24057,2194
24058,2859
24059,2926
24060,2797
24061,2391
24062,2841
24063,-1
24064,2422
24065,2578
24066,2466
24067,2630
24068,2902
24069,-1
24070,2588
24071,2369
24072,1774
24073,2502
24074,2608
24075,2610
24076,2951
24077,2626
24078,2015
24079,2699
24080,2546
24081,3101
24082,3896
24083,1945
24084,2971
24085,2877
24086,2715
24087,2492
24088,3210
24089,2629
24090,3011
24091,2511
24092,2358
24093,2295
24094,2771
24095,2852
24096,3364
24097,2567
24098,2225
24099,2797
24100,2575
24101,2944
24102,2043
24103,2492
24104,2558
24105,2732
24106,1932
24107,3445
24108,2537
24109,1773
24110,2395
24111,2831
24112,2324
24113,2798
24114,2883
24115,4025
24116,3039
24117,2358
24118,2851
24119,3769
24120,3153
24121,2212
24122,2334
24123,2967
24124,1951
24125,2904
24126,2578
24127,2299
24128,1804
24129,2072
24130,3232
24131,2546
24132,1892
24133,2498
24134,2354
24135,2530
24136,2420
24137,2425
24138,2956
24139,2637
24140,2994
24141,1742
24142,2309
24143,2110
24144,2655
24145,2099
24146,2441
24147,3494
24148,2388
24149,2591
24150,2549
24151,1689
24152,2435
24153,2995
24154,3248
24155,3545
24156,2521
24157,-1
24158,2810
24159,2491
24160,3000
24161,1839
24162,3135
24163,3399
24164,-1
24165,2534
24166,2774
24167,-1
24168,2398
24169,2801
24170,2438
24171,2523
24172,3276
24173,2862
24174,3096
24175,1926
24176,2975
24177,1703
24178,2305
24179,3518
24180,2872
24181,2185
24182,2329
24183,2764
24184,2124
24185,3530
24186,-1
24187,2701
24188,2380
24189,2201
24190,2049
24191,2561
24192,2197
24193,2714
24194,2081
24195,2621
24196,2145
24197,2808
24198,2622
24199,1956
24200,2668
24201,3541
24202,2533
24203,2602
24204,2132
24205,2300
24206,2960
24207,1628
24208,2782
24209,3574
24210,3058
24211,2698
24212,2960
24213,1942
24214,1291
24215,2648
24216,2388
24217,2529
24218,-1
24219,2634
24220,3300
24221,3434
24222,3162
24223,1698
24224,2579
24225,3032
24226,3026
24227,3141
24228,3064
24229,3187
24230,2500
24231,2721
24232,2269
24233,2771
24234,2995
24235,2562
24236,2552
24237,2530
24238,2624
24239,2483
24240,2608
24241,2834
24242,2570
24243,2302
24244,2115
24245,2287
24246,3115
24247,2334
24248,2984
24249,2371
24250,3291
24251,3287
24252,2362
24253,3253
24254,2529
24255,1782
24256,2352
24257,3080
24258,3597
24259,2676
24260,2115
24261,2865
24262,3309
24263,2238
24264,2349
24265,2938
24266,2740
24267,-1
24268,2890
24269,2167
24270,2631
24271,2250
24272,2566
24273,2530
24274,3012
24275,2363
24276,2552
24277,2041
24278,3283
24279,2785
24280,2237
24281,3272
24282,2716
24283,2746
24284,2778
24285,2017
24286,2610
24287,2457
24288,2687
24289,2827
24290,3135
24291,3103
24292,2244
24293,-1
24294,2600
24295,3156
24296,2904
24297,2149
24298,1705
24299,2608
24300,1822
24301,2845
24302,2730
24303,1731
24304,2769
24305,2933
24306,2667
24307,1611
24308,3084
24309,2257
24310,2124
24311,2439
24312,2685
24313,-1
24314,2101
24315,3046
24316,2747
24317,2015
24318,3136
24319,2625
24320,2310
24321,2282
24322,2984
24323,3982
24324,2259
24325,2043
24326,2689
24327,2383
24328,2660
24329,3061
24330,2959
24331,3037
24332,2798
24333,2951
24334,2743
24335,2079
24336,2213
24337,2118
24338,3104
24339,2365
24340,3513
24341,2075
24342,2246
24343,2234
24344,-1
24345,2325
24346,2748
24347,2911
24348,2791
24349,2671
24350,2673
24351,2692
24352,4371
24353,2623
24354,2814
24355,2169
24356,2635
24357,3986
24358,2764
24359,3335
24360,2462
24361,3152
24362,3427
24363,4040
24364,2379
24365,2150
24366,3753
24367,2900
24368,2721
24369,2065
24370,2697
24371,2842
24372,2311
24373,2185
24374,2777
24375,2571
24376,3355
24377,2765
24378,1978
24379,3239
24380,3016
24381,2326
24382,1987
24383,2758
24384,2999
24385,2794
24386,2815
24387,2771
24388,2449
24389,3251
24390,-1
24391,2648
24392,2761
24393,3109
24394,2600
24395,2718
24396,2029
24397,2313
24398,2307
24399,1945
24400,1710
24401,2640
24402,2683
24403,2769
24404,2827
24405,2247
24406,2153
24407,2202
24408,2505
24409,2788
24410,2441
24411,2733
24412,2557
24413,2510
24414,3027
24415,2333
24416,-1
24417,2475
24418,2358
24419,2729
24420,3448
24421,2258
24422,2476
24423,2903
24424,2288
24425,2802
24426,2582
24427,2472
24428,3079
24429,2407
24430,1902
24431,2950
24432,3749
24433,2682
24434,-1
24435,2519
24436,2678
24437,-1
24438,2455
24439,2929
24440,1936
24441,3223
24442,2674
24443,2438
24444,2643
24445,2931
24446,3240
24447,2765
24448,2824
24449,2960
24450,2476
24451,2751
24452,2605
24453,2366
24454,2121
24455,3304
24456,2957
24457,2744
24458,2597
24459,2547
24460,3142
24461,2764
24462,3106
24463,1812
24464,2746
24465,2256
24466,2095
24467,2604
24468,3131
24469,2684
24470,2530
24471,2521
24472,2742
24473,2325
24474,3033
24475,2398
24476,1988
24477,1745
24478,2169
24479,3375
24480,2551
24481,3031
24482,2794
24483,2896
24484,1597
24485,2248
24486,2571
24487,3222
24488,2471
24489,2223
24490,2034
24491,2550
24492,2718
24493,1344
24494,2268
24495,2748
24496,2518
24497,2421
24498,3206
24499,3270
24500,2311
24501,3317
24502,2651
24503,2839
24504,1696
24505,2631
24506,3127
24507,2738
24508,2228
24509,2233
24510,2886
24511,3057
24512,2527
24513,3067
24514,2711
24515,3207
24516,2358
24517,3168
24518,2570
24519,2275
24520,2781
24521,2325
24522,2063
24523,2350
24524,2748
24525,-1
24526,3006
24527,2653
24528,3376
24529,1760
24530,2281
24531,1957
24532,2409
24533,2828
24534,2897
24535,2940
24536,2698
24537,2296
24538,2335
24539,2731
24540,2229
24541,-1
24542,2997
24543,2787
24544,2587
24545,2760
24546,2536
24547,2482
24548,2459
24549,2420
24550,2301
24551,2328
24552,2859
24553,2308
24554,2528
24555,2402
24556,1790
24557,2006
24558,2303
24559,2489
24560,2979
24561,2536
24562,2423
24563,2781
24564,3056
24565,3425
24566,2981
24567,3588
24568,2298
24569,2748
24570,2562
24571,3252
24572,2902
24573,2575
24574,3292
24575,2885
24576,2840
24577,2303
24578,3369
24579,3098
24580,3118
24581,2419
24582,3345
24583,2734
24584,2078
24585,-1
24586,2632
24587,2072
24588,2331
24589,1186
24590,2132
24591,2463
24592,2735
24593,2273
24594,2592
24595,2356
24596,2428
24597,2545
24598,1806
24599,1663
24600,1761
24601,2449
24602,2105
24603,2393
24604,2646
24605,2577
24606,2054
24607,2579
24608,2833
24609,2695
24610,2070
24611,3082
24612,2515
24613,-1
24614,3083
24615,3547
24616,2670
24617,3996
24618,2505
24619,2505
24620,2466
24621,1695
24622,1833
24623,2388
24624,2191
24625,3296
24626,2637
24627,2155
24628,2253
24629,2695
24630,2888
24631,2609
24632,2720
24633,2550
24634,1890
24635,2013
24636,2264
24637,2088
24638,2566
24639,2900
24640,1686
24641,2622
24642,2289
24643,2776
24644,3361
24645,2016
24646,2856
24647,2431
24648,3933
24649,2772
24650,2561
24651,1797
24652,2401
24653,2641
24654,2806
24655,2690
24656,2131
24657,2370
24658,2992
24659,2046
24660,2863
24661,2871
24662,2218
24663,2660
24664,2617
24665,2641
24666,2807
24667,2761
24668,3241
24669,2515
24670,2478
24671,2510
24672,2945
24673,2724
24674,3581
24675,2897
24676,2535
24677,2376
24678,3076
24679,2813
24680,2826
24681,2455
24682,2139
24683,2433
24684,2803
24685,2068
24686,2398
24687,2917
24688,2672
24689,2917
24690,2765
24691,1880
24692,2171
24693,2784
24694,2666
24695,2726
24696,2017
24697,1995
24698,1504
24699,2864
24700,2699
24701,2148
24702,2308
24703,2703
24704,1796
24705,2459
24706,-1
24707,3276
24708,2652
24709,2175
24710,895
24711,2634
24712,3176
24713,2198
24714,2550
24715,3258
24716,3190
24717,2613
24718,2557
24719,2274
24720,2278
24721,2300
24722,2717
24723,1120
24724,2594
24725,3063
24726,1771
24727,2901
24728,2168
24729,3341
24730,2723
24731,3015
24732,2595
24733,2975
24734,2282
24735,3059
24736,2430
24737,2284
24738,2905
24739,2374
24740,2407
24741,2988
24742,3162
24743,2620
24744,2900
24745,2824
24746,2988
24747,2875
24748,3358
24749,2520
24750,2133
24751,3298
24752,2837
24753,2818
24754,2624
24755,3116
24756,3028
24757,2472
24758,2968
24759,2788
24760,3503
24761,2673
24762,2841
24763,2362
24764,2518
24765,2840
24766,1596
24767,3050
24768,2597
24769,2599
24770,2577
24771,2513
24772,3071
24773,2303
24774,2783
24775,2653
24776,1883
24777,2250
24778,2300
24779,2505
24780,3461
24781,2563
24782,2370
24783,1619
24784,2782
24785,2442
24786,3089
24787,2681
24788,2648
24789,2080
24790,3677
24791,-1
24792,2328
24793,2659
24794,2613
24795,2666
24796,2618
24797,2370
24798,2939
24799,3376
24800,2206
24801,2901
24802,2737
24803,1546
24804,2934
24805,1661
24806,2133
24807,2911
24808,2830
24809,2245
24810,3880
24811,2244
24812,2680
24813,2390
24814,2844
24815,2506
24816,2817
24817,2738
24818,3392
24819,2035
24820,2860
24821,2011
24822,2777
24823,2207
24824,2549
24825,3115
24826,2565
24827,3435
24828,3312
24829,2599
24830,2780
24831,2211
24832,2879
24833,3104
24834,2440
24835,2091
24836,2799
24837,3143
24838,1458
24839,2133
24840,3251
24841,2754
24842,3294
24843,2914
24844,2282
24845,2444
24846,2499
24847,2364
24848,2577
24849,2166
24850,2194
24851,2079
24852,3301
24853,3361
24854,2735
24855,3101
24856,3034
24857,3124
24858,2972
24859,2558
24860,2743
24861,3054
24862,2384
24863,2911
24864,2653
24865,2906
24866,2612
24867,3426
24868,2357
24869,2509
24870,2931
24871,2350
24872,1243
24873,3556
24874,2112
24875,2347
24876,-1
24877,2936
24878,2701
24879,2560
24880,2442
24881,3834
24882,2810
24883,2759
24884,3261
24885,2342
24886,2616
24887,2727
24888,2443
24889,2282
24890,2369
24891,3020
24892,3190
24893,2622
24894,2171
24895,2506
24896,2800
24897,3598
24898,2432
24899,2140
24900,2386
24901,2880
24902,2555
24903,2172
24904,2123
24905,2171
24906,2947
24907,2761
24908,2461
24909,1525
24910,2481
24911,2545
24912,1902
24913,2632
24914,2537
24915,3322
24916,3118
24917,2652
24918,2620
24919,2182
24920,1695
24921,2739
24922,2412
24923,3176
24924,3483
24925,2700
24926,2556
24927,2788
24928,2376
24929,2002
24930,2256
24931,3137
24932,2266
24933,2988
24934,2693
24935,2965
24936,3234
24937,2303
24938,1904
24939,2829
24940,2102
24941,2383
24942,1905
24943,2536
24944,1741
24945,2351
24946,2257
24947,2323
24948,2425
24949,3055
24950,2533
24951,2188
24952,2850
24953,2460
24954,2613
24955,3783
24956,2482
24957,2561
24958,2575
24959,2593
24960,2537
24961,2171
24962,2846
24963,3039
24964,-1
24965,2596
24966,1625
24967,2513
24968,3155
24969,2517
24970,3007
24971,3308
24972,1750
24973,2236
24974,2093
24975,2574
24976,2470
24977,2830
24978,2156
24979,2216
24980,3415
24981,2664
24982,2947
24983,3041
24984,3041
24985,2259
24986,2668
24987,2687
24988,2938
24989,2570
24990,3881
24991,2275
24992,3226
24993,2585
24994,2185
24995,2702
24996,3546
24997,2746
24998,2572
24999,3389
25000,3045
25001,2819
25002,2461
25003,1755
25004,2826
25005,3105
25006,2730
25007,2947
25008,2284
25009,3197
25010,3684
25011,2103
25012,2983
25013,2128
25014,2832
25015,3238
25016,2582
25017,3035
25018,2714
25019,2444
25020,2824
25021,2487
25022,2186
25023,2973
25024,3704
25025,2929
25026,3119
25027,2111
25028,3159
25029,2898
25030,2678
25031,2274
25032,1525
25033,1530
25034,2189
25035,1639
25036,2610
25037,2716
25038,2228
25039,2679
25040,3587
25041,2666
25042,2894
25043,2698
25044,2525
25045,2876
25046,2434
25047,2185
25048,2979
25049,2690
25050,3166
25051,3000
25052,2790
25053,2122
25054,3021
25055,2741
25056,2428
25057,2392
25058,2758
25059,2485
25060,1816
25061,2355
25062,2524
25063,2864
25064,2022
25065,2848
25066,2045
25067,2301
25068,1719
25069,2471
25070,3343
25071,2117
25072,3752
25073,3026
25074,1973
25075,2275
25076,3358
25077,2647
25078,2549
25079,2460
25080,3483
25081,2188
25082,2266
25083,2325
25084,3371
25085,2699
25086,1769
25087,2088
25088,2791
25089,2471
25090,1991
25091,3738
25092,2917
25093,1792
25094,2629
25095,2733
25096,2063
25097,2650
25098,2391
25099,2220
25100,2537
25101,4199
25102,2725
25103,2904
25104,2384
25105,2973
25106,2592
25107,2562
25108,2860
25109,2593
25110,3787
25111,2596
25112,2722
25113,2893
25114,2617
25115,2013
25116,2487
25117,2491
25118,2571
25119,2020
25120,2356
25121,1810
25122,2904
25123,2365
25124,2192
25125,2971
25126,2675
25127,2490
25128,2692
25129,2241
25130,2352
25131,2334
25132,2436
25133,2454
25134,2275
25135,2599
25136,2241
25137,2542
25138,2181
25139,2853
25140,2494
25141,3105
25142,3482
25143,1813
25144,2709
25145,2569
25146,2147
25147,2390
25148,2527
25149,3065
25150,3218
25151,3360
25152,2749
25153,2545
25154,2717
25155,3095
25156,3976
25157,2036
25158,2053
25159,2840
25160,3290
25161,2209
25162,1893
25163,3388
25164,2394
25165,2842
25166,2633
25167,2490
25168,2381
25169,-1
25170,2914
25171,2571
25172,2071
25173,2368
25174,2903
25175,1602
25176,2210
25177,1976
25178,2805
25179,3616
25180,2990
25181,2994
25182,-1
25183,3051
25184,2184
25185,2205
25186,3087
25187,2773
25188,3010
25189,2705
25190,3002
25191,2793
25192,2545
25193,2043
25194,2575
25195,2816
25196,2185
25197,1362
25198,3034
25199,2777
25200,2913
25201,2668
25202,2553
25203,2029
25204,2904
25205,3119
25206,2825
25207,2758
25208,2774
25209,2521
25210,2875
25211,3057
25212,3127
25213,1807
25214,2889
25215,2443
25216,2146
25217,2597
25218,2552
25219,2662
25220,2850
25221,1921
25222,3239
25223,2275
25224,2627
25225,2675
25226,2202
25227,2582
25228,2857
25229,3034
25230,2952
25231,2701
25232,2871
25233,2349
25234,3713
25235,1721
25236,2668
25237,2628
25238,2103
25239,2386
25240,2853
25241,2422
25242,2798
25243,2469
25244,2519
25245,2593
25246,2948
25247,2670
25248,3542
25249,2489
25250,1526
25251,1490
25252,2732
25253,2695
25254,1686
25255,3412
25256,3038
25257,3683
25258,2723
25259,3144
25260,3164
25261,2660
25262,1721
25263,-1
25264,2518
25265,3167
25266,2566
25267,2575
25268,2511
25269,2221
25270,3226
25271,2801
25272,2661
25273,2670
25274,2241
25275,2367
25276,1868
25277,2126
25278,2708
25279,2781
25280,2659
25281,2213
25282,3075
25283,2295
25284,2545
25285,3227
25286,3531
25287,2378
25288,2937
25289,2574
25290,2798
25291,3056
25292,-1
25293,2690
25294,2360
25295,2751
25296,3078
25297,2178
25298,3132
25299,-1
25300,2994
25301,2278
25302,2310
25303,2467
25304,3160
25305,1567
25306,2603
25307,2021
25308,2001
25309,2986
25310,3104
25311,2386
25312,3254
25313,3019
25314,2736
25315,3255
25316,2772
25317,2948
25318,2847
25319,2014
25320,-1
25321,3347
25322,2461
25323,2775
25324,2224
25325,2183
25326,2622
25327,2359
25328,2565
25329,2273
25330,2655
25331,2957
25332,2588
25333,2521
25334,2215
25335,2519
25336,3039
25337,3482
25338,2133
25339,2513
25340,2947
25341,1164
25342,2793
25343,2561
25344,2001
25345,2586
25346,2642
25347,2695
25348,3187
25349,1387
25350,2797
25351,2324
25352,2748
25353,2656
25354,2193
25355,2866
25356,2478
25357,2850
25358,2536
25359,2845
25360,2861
25361,2620
25362,2863
25363,2438
25364,2528
25365,2242
25366,1900
25367,2876
25368,2158
25369,2379
25370,2227
25371,1971
25372,2961
25373,2290
25374,1888
25375,2608
25376,2715
25377,2564
25378,915
25379,2860
25380,2470
25381,2879
25382,3489
25383,2464
25384,3483
25385,2913
25386,2892
25387,3059
25388,2737
25389,2777
25390,2895
25391,2536
25392,2025
25393,3026
25394,1993
25395,1929
25396,2557
25397,2870
25398,2339
25399,3161
25400,2547
25401,3045
25402,2063
25403,1677
25404,2415
25405,2718
25406,851
25407,2587
25408,2235
25409,3623
25410,2373
25411,3605
25412,2620
25413,2130
25414,2650
25415,2153
25416,2918
25417,3117
25418,2234
25419,3974
25420,2805
25421,2629
25422,2311
25423,2776
25424,2383
25425,2152
25426,2293
25427,2671
25428,2783
25429,2409
25430,2588
25431,3542
25432,2620
25433,2976
25434,2638
25435,1690
25436,3004
25437,-1
25438,3259
25439,2298
25440,2524
25441,3099
25442,2848
25443,2885
25444,3216
25445,2975
25446,2522
25447,2734
25448,2765
25449,2491
25450,2934
25451,2743
25452,2049
25453,2642
25454,3184
25455,2617
25456,2822
25457,2776
25458,2936
25459,-1
25460,2650
25461,1894
25462,2059
25463,2559
25464,2476
25465,3033
25466,2070
25467,2640
25468,2705
25469,2544
25470,2866
25471,2066
25472,2568
25473,3118
25474,2271
25475,2922
25476,2890
25477,3107
25478,2321
25479,3241
25480,-1
25481,2851
25482,2191
25483,3010
25484,2832
25485,-1
25486,2013
25487,2739
25488,2225
25489,2383
25490,2702
25491,2649
25492,2636
25493,2945
25494,2025
25495,2780
25496,2688
25497,2351
25498,2924
25499,3377
25500,3191
25501,2982
25502,2048
25503,2806
25504,2742
25505,2547
25506,3088
25507,3560
25508,2458
25509,2486
25510,2931
25511,2760
25512,2988
25513,2374
25514,2810
25515,2851
25516,3045
25517,2338
25518,2386
25519,2323
25520,1809
25521,2883
25522,2913
25523,3058
25524,3536
25525,2701
25526,2477
25527,2888
25528,2305
25529,2841
25530,3317
25531,1994
25532,3092
25533,3498
25534,2962
25535,3270
25536,1854
25537,2764
25538,2572
25539,2895
25540,2580
25541,2219
25542,2303
25543,1947
25544,2478
25545,2666
25546,2028
25547,2661
25548,3127
25549,2647
25550,3005
25551,2222
25552,1923
25553,2819
25554,2681
25555,2418
25556,2557
25557,2446
25558,2535
25559,3014
25560,2327
25561,2843
25562,3425
25563,2913
25564,2069
25565,1147
25566,2234
25567,3069
25568,2262
25569,2043
25570,2739
25571,1947
25572,3146
25573,2591
25574,1596
25575,2338
25576,2997
25577,2320
25578,1050
25579,1725
25580,3330
25581,2513
25582,2116
25583,3007
25584,2177
25585,2953
25586,2448
25587,2077
25588,3040
25589,2206
25590,3003
25591,2571
25592,2820
25593,2280
25594,2723
25595,1975
25596,2437
25597,2759
25598,2754
25599,2426
25600,3114
25601,2924
25602,3084
25603,2387
25604,2163
25605,2373
25606,3422
25607,3162
25608,2393
25609,2219
25610,3484
25611,2647
25612,3038
25613,2258
25614,2378
25615,2035
25616,1773
25617,2139
25618,2480
25619,2148
25620,3132
25621,-1
25622,2927
25623,2036
25624,2472
25625,2826
25626,2951
25627,2900
25628,2875
25629,2531
25630,1799
25631,3060
25632,2389
25633,2558
25634,2763
25635,2443
25636,2533
25637,2366
25638,2985
25639,3323
25640,1996
25641,2816
25642,2600
25643,2562
25644,2653
25645,2684
25646,1826
25647,3257
25648,3375
25649,-1
25650,2411
25651,2302
25652,3113
25653,2297
25654,2688
25655,2689
25656,-1
25657,2814
25658,2890
25659,2700
25660,2154
25661,2306
25662,2979
25663,2716
25664,3260
25665,2933
25666,2416
25667,3118
25668,2552
25669,3139
25670,3124
25671,1244
25672,2270
25673,1540
25674,2569
25675,2621
25676,3120
25677,2705
25678,2574
25679,1978
25680,2390
25681,3563
25682,2212
25683,2807
25684,2526
25685,2889
25686,2267
25687,2106
25688,3280
25689,2331
25690,2947
25691,2372
25692,2696
25693,2359
25694,2376
25695,3534
25696,2116
25697,2913
25698,2459
25699,1295
25700,2493
25701,2076
25702,2087
25703,2474
25704,2782
25705,2587
25706,1678
25707,2653
25708,1852
25709,2437
25710,2817
25711,3177
25712,1522
25713,2800
25714,3178
25715,2053
25716,2281
25717,3218
25718,3493
25719,3265
25720,1444
25721,2816
25722,4059
25723,3115
25724,2350
25725,2843
25726,2438
25727,2259
25728,2818
25729,2399
25730,2213
25731,1415
25732,1912
25733,3108
25734,2358
25735,3278
25736,3360
25737,2750
25738,2898
25739,2314
25740,2624
25741,2446
25742,3625
25743,2001
25744,1160
25745,2335
25746,3107
25747,1958
25748,2724
25749,2803
25750,2630
25751,2840
25752,2688
25753,2883
25754,2970
25755,2377
25756,3301
25757,2500
25758,2678
25759,3603
25760,2882
25761,1972
25762,3248
25763,3445
25764,2304
25765,2889
25766,2853
25767,2988
25768,2643
25769,3064
25770,3255
25771,2896
25772,2756
25773,-1
25774,2419
25775,3030
25776,2256
25777,2793
25778,3298
25779,2391
25780,2458
25781,2054
25782,2818
25783,2994
25784,2997
25785,2603
25786,2288
25787,2812
25788,2218
25789,2297
25790,2327
25791,3442
25792,2346
25793,2796
25794,2503
25795,2981
25796,2690
25797,2148
25798,2955
25799,2721
25800,2832
25801,2318
25802,3004
25803,2212
25804,2354
25805,2255
25806,3136
25807,2686
25808,2664
25809,2478
25810,1793
25811,2427
25812,2473
25813,3186
25814,2452
25815,3137
25816,2376
25817,2719
25818,2850
25819,2607
25820,2835
25821,2741
25822,1905
25823,2355
25824,3382
25825,3475
25826,2398
25827,2658
25828,2092
25829,2847
25830,2061
25831,2688
25832,2694
25833,2811
25834,2954
25835,2452
25836,2776
25837,2907
25838,2540
25839,4090
25840,2411
25841,2031
25842,2619
25843,3484
25844,2329
25845,3059
25846,4410
25847,2587
25848,1863
25849,3186
25850,3275
25851,2771
25852,2833
25853,2507
25854,2512
25855,2809
25856,2780
25857,2444
25858,2476
25859,2117
25860,2249
25861,2834
25862,1862
25863,2644
25864,2669
25865,3003
25866,3344
25867,2483
25868,2520
25869,3040
25870,2103
25871,2519
25872,2356
25873,2823
25874,2934
25875,2299
25876,2927
25877,2510
25878,3017
25879,2613
25880,2614
25881,2894
25882,2083
25883,2796
25884,2855
25885,3089
25886,2459
25887,2933
25888,2712
25889,2690
25890,2711
25891,2761
25892,2889
25893,2879
25894,3250
25895,2679
25896,2321
25897,3018
25898,2405
25899,1790
25900,2897
25901,3133
25902,2995
25903,3039
25904,2658
25905,2381
25906,2262
25907,2519
25908,2978
25909,2472
25910,1750
25911,3452
25912,3173
25913,2263
25914,2690
25915,3572
25916,2601
25917,1885
25918,3269
25919,2705
25920,1867
25921,3596
25922,2788
25923,3018
25924,1855
25925,2965
25926,2952
25927,2515
25928,1749
25929,2853
25930,-1
25931,2610
25932,2786
25933,2367
25934,3098
25935,2673
25936,2887
25937,3006
25938,3701
25939,2525
25940,3436
25941,2844
25942,2955
25943,2678
25944,2895
25945,2154
25946,2365
25947,2819
25948,3040
25949,2227
25950,3028
25951,2834
25952,3220
25953,2385
25954,3016
25955,2805
25956,3191
25957,2683
25958,2068
25959,2204
25960,2940
25961,3488
25962,2568
25963,2804
25964,-1
25965,2573
25966,3012
25967,3474
25968,3608
25969,2196
25970,2374
25971,2526
25972,1455
25973,3295
25974,2359
25975,2630
25976,2822
25977,2775
25978,2509
25979,-1
25980,2646
25981,1450
25982,2733
25983,2486
25984,-1
25985,2356
25986,2540
25987,2760
25988,2343
25989,2164
25990,3004
25991,2920
25992,2740
25993,2549
25994,2855
25995,2148
25996,3028
25997,3031
25998,2643
25999,2968
26000,2575
26001,1729
26002,1728
26003,2523
26004,2956
26005,2851
26006,2912
26007,3876
26008,3360
26009,2546
26010,2993
26011,2719
26012,2993
26013,2855
26014,3450
26015,1821
26016,2651
26017,2756
26018,2835
26019,3145
26020,2197
26021,2476
26022,2366
26023,3315
26024,2954
26025,2025
26026,2282
26027,1793
26028,2671
26029,2749
26030,2723
26031,-1
26032,2303
26033,2678
26034,2409
26035,2135
26036,2739
26037,3121
26038,2676
26039,2803
26040,2790
26041,3462
26042,2938
26043,3214
26044,2661
26045,2544
26046,2237
26047,2668
26048,3632
26049,2784
26050,1448
26051,2189
26052,-1
26053,1361
26054,1903
26055,2670
26056,2364
26057,2095
26058,3233
26059,-1
26060,-1
26061,2662
26062,2299
26063,2876
26064,2618
26065,2832
26066,3018
26067,2049
26068,2356
26069,3003
26070,2847
26071,3139
26072,2147
26073,2934
26074,2850
26075,2503
26076,2086
26077,3250
26078,2727
26079,2621
26080,2719
26081,3506
26082,2641
26083,2745
26084,2480
26085,3279
26086,3220
26087,2451
26088,3449
26089,2755
26090,2418
26091,2279
26092,2773
26093,2548
26094,2574
26095,2962
26096,2509
26097,2592
26098,2040
26099,2711
26100,2671
26101,3039
26102,3156
26103,2663
26104,2570
26105,3233
26106,2550
26107,3362
26108,2999
26109,2726
26110,2888
26111,2448
26112,2709
26113,3309
26114,2557
26115,2747
26116,2820
26117,3125
26118,1737
26119,1870
26120,2820
26121,3141
26122,1745
26123,2955
26124,-1
26125,2015
26126,2408
26127,2263
26128,2875
26129,2787
26130,2293
26131,2741
26132,1699
26133,1963
26134,2952
26135,3057
26136,3104
26137,2561
26138,2627
26139,2345
26140,2728
26141,1816
26142,2418
26143,3067
26144,2172
26145,2874
26146,2975
26147,1909
26148,2795
26149,3574
26150,2437
26151,2642
26152,2712
26153,2948
26154,2548
26155,2190
26156,2073
26157,2706
26158,2569
26159,2810
26160,2716
26161,2328
26162,1989
26163,2995
26164,3829
26165,2803
26166,3597
26167,2541
26168,2657
26169,2557
26170,1910
26171,895
26172,1740
26173,2631
26174,2593
26175,2632
26176,2580
26177,3511
26178,3208
26179,2463
26180,3008
26181,1653
26182,2794
26183,2791
26184,2744
26185,2538
26186,2676
26187,3322
26188,2508
26189,2355
26190,3019
26191,2591
26192,2796
26193,1708
26194,2355
26195,2537
26196,3893
26197,3219
26198,2860
26199,2477
26200,2537
26201,2374
26202,1707
26203,3216
26204,2251
26205,2619
26206,2705
26207,2450
26208,1931
26209,2335
26210,2921
26211,2887
26212,2904
26213,2189
26214,2826
26215,2477
26216,1866
26217,2267
26218,2860
26219,2068
26220,2150
26221,2680
26222,2546
26223,1979
26224,2967
26225,2965
26226,3050
26227,2407
26228,2360
26229,2451
26230,2410
26231,2529
26232,2440
26233,3057
26234,2637
26235,2261
26236,2167
26237,2754
26238,2170
26239,2539
26240,2655
26241,2510
26242,2744
26243,2558
26244,2677
26245,2741
26246,2344
26247,2406
26248,1486
26249,2653
26250,2516
26251,2836
26252,2385
26253,2242
26254,2388
26255,2525
26256,2786
26257,3430
26258,2329
26259,2677
26260,3018
26261,2203
26262,2776
26263,3078
26264,2042
26265,2946
26266,2388
26267,2761
26268,1931
26269,2945
26270,2623
26271,2578
26272,2179
26273,2576
26274,2329
26275,2048
26276,3388
26277,3576
26278,3154
26279,2211
26280,2886
26281,3318
26282,2818
26283,2716
26284,3068
26285,2686
26286,2186
26287,2683
26288,-1
26289,1981
26290,2852
26291,3166
26292,2120
26293,2212
26294,3555
26295,996
26296,2597
26297,-1
26298,3154
26299,2739
26300,2631
26301,2584
26302,1862
26303,2483
26304,2445
26305,3100
26306,2788
26307,2071
26308,3441
26309,2547
26310,2545
26311,2987
26312,2084
26313,2157
26314,2985
26315,2037
26316,2491
26317,2892
26318,1778
26319,2697
26320,2355
26321,2423
26322,2886
26323,2238
26324,2298
26325,2688
26326,2589
26327,3254
26328,1821
26329,2067
26330,2486
26331,2838
26332,2428
26333,2212
26334,3298
26335,2696
26336,2713
26337,2855
26338,4027
26339,2305
26340,2688
26341,3251
26342,2292
26343,2745
26344,2021
26345,2525
26346,2598
26347,2923
26348,2269
26349,2844
26350,3129
26351,3443
26352,2609
26353,2681
26354,2389
26355,2933
26356,2946
26357,2857
26358,2907
26359,2622
26360,2652
26361,2916
26362,1928
26363,2627
26364,2949
26365,3149
26366,2452
26367,1942
26368,2277
26369,3334
26370,3067
26371,-1
26372,3179
26373,2352
26374,2370
26375,2041
26376,2057
26377,2129
26378,2837
26379,2489
26380,2477
26381,2856
26382,-1
26383,2631
26384,2155
26385,2646
26386,2470
26387,3586
26388,2390
26389,2594
26390,2684
26391,3062
26392,2694
26393,2833
26394,2794
26395,3244
26396,2859
26397,2687
26398,1846
26399,2081
26400,2006
26401,2716
26402,2875
26403,2412
26404,2204
26405,2251
26406,2417
26407,2418
26408,2970
26409,1407
26410,2647
26411,1945
26412,2334
26413,2155
26414,2779
26415,2557
26416,2504
26417,3601
26418,2987
26419,2408
26420,2954
26421,2460
26422,3101
26423,2780
26424,3909
26425,2946
26426,2156
26427,2824
26428,3021
26429,3334
26430,769
26431,2813
26432,3123
26433,2772
26434,2958
26435,2432
26436,-1
26437,3362
26438,2257
26439,1752
26440,3231
26441,3075
26442,2469
26443,2826
26444,2594
26445,3110
26446,2488
26447,2488
26448,2003
26449,2303
26450,2534
26451,2891
26452,2327
26453,2572
26454,2228
26455,3083
26456,2379
26457,2539
26458,2465
26459,2777
26460,2733
26461,2923
26462,3174
26463,2466
26464,1713
26465,2968
26466,2437
26467,2129
26468,3094
26469,3180
26470,3066
26471,2618
26472,2057
26473,2341
26474,2690
26475,2926
26476,2009
26477,2477
26478,2071
26479,2678
26480,1320
26481,2998
26482,-1
26483,-1
26484,3477
26485,2360
26486,2676
26487,2470
26488,2956
26489,1736
26490,3097
26491,3043
26492,2843
26493,-1
26494,3038
26495,3178
26496,3237
26497,2272
26498,2625
26499,3310
26500,2522
26501,2715
26502,2346
26503,2423
26504,2545
26505,2181
26506,2500
26507,2857
26508,3138
26509,2447
26510,2800
26511,2642
26512,2210
26513,3244
26514,1599
26515,2554
26516,3215
26517,3336
26518,3117
26519,2314
26520,2852
26521,2580
26522,2469
26523,2572
26524,3719
26525,3119
26526,2307
26527,2709
26528,2639
26529,2772
26530,2852
26531,2470
26532,2843
26533,2868
26534,2559
26535,2305
26536,2276
26537,3099
26538,2885
26539,2517
26540,2145
26541,3130
26542,3153
26543,2821
26544,2943
26545,2998
26546,2829
26547,2793
26548,2724
26549,-1
26550,3754
26551,3273
26552,1300
26553,2024
26554,2206
26555,2565
26556,2158
26557,-1
26558,2290
26559,2601
26560,-1
26561,2549
26562,2825
26563,2908
26564,2629
26565,2438
26566,2252
26567,1930
26568,2732
26569,2740
26570,1821
26571,2558
26572,2830
26573,1813
26574,2897
26575,2779
26576,2765
26577,2178
26578,2671
26579,2909
26580,2012
26581,3018
26582,2202
26583,2751
26584,2905
26585,2739
26586,2720
26587,3326
26588,2654
26589,1731
26590,2692
26591,2840
26592,2777
26593,2321
26594,2557
26595,3013
26596,2639
26597,2685
26598,2365
26599,3115
26600,2179
26601,2555
26602,2584
26603,2115
26604,2450
26605,3563
26606,2418
26607,2833
26608,2601
26609,2610
26610,2698
26611,2724
26612,3029
26613,1936
26614,2503
26615,2515
26616,1746
26617,3111
26618,2767
26619,2676
26620,3114
26621,2644
26622,2600
26623,2803
26624,2087
26625,895
26626,2764
26627,1627
26628,2410
26629,2407
26630,3008
26631,2213
26632,4109
26633,3138
26634,2931
26635,2535
26636,2635
26637,3084
26638,3080
26639,2174
26640,2937
26641,2436
26642,2813
26643,3111
26644,2802
26645,2442
26646,2710
26647,2226
26648,2277
26649,2616
26650,2752
26651,2675
26652,2552
26653,3245
26654,2654
26655,2228
26656,2175
26657,3654
26658,3235
26659,2544
26660,2574
26661,2515
26662,2801
26663,2221
26664,3545
26665,2726
26666,2728
26667,2552
26668,3760
26669,1760
26670,1952
26671,1834
26672,2345
26673,3137
26674,2190
26675,2598
26676,2233
26677,2364
26678,3994
26679,1918
26680,2622
26681,2690
26682,-1
26683,2756
26684,2721
26685,2366
26686,2745
26687,2868
26688,2987
26689,1651
26690,2963
26691,3147
26692,2680
26693,1611
26694,-1
26695,3365
26696,2646
26697,2935
26698,2649
26699,2195
26700,2801
26701,2546
26702,3061
26703,3200
26704,2257
26705,3499
26706,3097
26707,3090
26708,2442
26709,2801
26710,2740
26711,3386
26712,2723
26713,2726
26714,2292
26715,3605
26716,2754
26717,2588
26718,1737
26719,2141
26720,2221
26721,2759
26722,2168
26723,2410
26724,2496
26725,2469
26726,2216
26727,2372
26728,2598
26729,1405
26730,2908
26731,3105
26732,2512
26733,2698
26734,2351
26735,3044
26736,2818
26737,3850
26738,3462
26739,2827
26740,2472
26741,2253
26742,3458
26743,2710
26744,3357
26745,2687
26746,3076
26747,2386
26748,2109
26749,2391
26750,-1
26751,-1
26752,2244
26753,2942
26754,2078
26755,2519
26756,1815
26757,2608
26758,2612
26759,2331
26760,1860
26761,2962
26762,2710
26763,2353
26764,2685
26765,2552
26766,2829
26767,2656
26768,-1
26769,2566
26770,2898
26771,2425
26772,1891
26773,2602
26774,3021
26775,3026
26776,2354
26777,2766
26778,2484
26779,2747
26780,2666
26781,3457
26782,2239
26783,2275
26784,2642
26785,2776
26786,3628
26787,2443
26788,2270
26789,3112
26790,2723
26791,2773
26792,2313
26793,2977
26794,2681
26795,3099
26796,1855
26797,2691
26798,2242
26799,3346
26800,2432
26801,2581
26802,2762
26803,2836
26804,2820
26805,2475
26806,3244
26807,3141
26808,2692
26809,2671
26810,2296
26811,2499
26812,2793
26813,2763
26814,2229
26815,2731
26816,2626
26817,2723
26818,2674
26819,1791
26820,2869
26821,1501
26822,3253
26823,3265
26824,2745
26825,2934
26826,2327
26827,2588
26828,2487
26829,3675
26830,2815
26831,2007
26832,3245
26833,2571
26834,3091
26835,3348
26836,1693
26837,2307
26838,3268
26839,2926
26840,3562
26841,2611
26842,2215
26843,2079
26844,3167
26845,2129
26846,3169
26847,2364
26848,3315
26849,3015
26850,2789
26851,3099
26852,2933
26853,2282
26854,2027
26855,2937
26856,3104
26857,2794
26858,2176
26859,2211
26860,1808
26861,2202
26862,2129
26863,2632
26864,2789
26865,1664
26866,3117
26867,2906
26868,2579
26869,3052
26870,2405
26871,3126
26872,2379
26873,2539
26874,2797
26875,3116
26876,3594
26877,3037
26878,1770
26879,2782
26880,2256
26881,2806
26882,1636
26883,2553
26884,2674
26885,2342
26886,2987
26887,2270
26888,2443
26889,2904
26890,3413
26891,3519
26892,-1
26893,3190
26894,2537
26895,2930
26896,3012
26897,2718
26898,2326
26899,3217
26900,2306
26901,1897
26902,1973
26903,2800
26904,2958
26905,1606
26906,1824
26907,2652
26908,3451
26909,3783
26910,2873
26911,3342
26912,2698
26913,2098
26914,2258
26915,2606
26916,2886
26917,2510
26918,3332
26919,1558
26920,2394
26921,2907
26922,2463
26923,2290
26924,2212
26925,3014
26926,2717
26927,2692
26928,2795
26929,2789
26930,2583
26931,2547
26932,2877
26933,3189
26934,2919
26935,2720
26936,2239
26937,2136
26938,2517
26939,2893
26940,2824
26941,2114
26942,2475
26943,1994
26944,2745
26945,-1
26946,2780
26947,2097
26948,2772
26949,2640
26950,2162
26951,2715
26952,2529
26953,3342
26954,3105
26955,4341
26956,2530
26957,2198
26958,3109
26959,2845
26960,2583
26961,2570
26962,2321
26963,2804
26964,3376
26965,2730
26966,2944
26967,2996
26968,2525
26969,2160
26970,2898
26971,2637
26972,3077
26973,2398
26974,2482
26975,2963
26976,4050
26977,2944
26978,2822
26979,2739
26980,2931
26981,2559
26982,2920
26983,3192
26984,2885
26985,2124
26986,2623
26987,2548
26988,2579
26989,2297
26990,2591
26991,2554
26992,1793
26993,3170
26994,2887
26995,2524
26996,2393
26997,2293
26998,2571
26999,2548
27000,2239
27001,2567
27002,2636
27003,2370
27004,2181
27005,2601
27006,2940
27007,2691
27008,4054
27009,2866
27010,2713
27011,2780
27012,2673
27013,2645
27014,2838
27015,2476
27016,2839
27017,2731
27018,2905
27019,3532
27020,2426
27021,2885
27022,1799
27023,2154
27024,2139
27025,2823
27026,2658
27027,2927
27028,1994
27029,3200
27030,2259
27031,2312
27032,1600
27033,2860
27034,2279
27035,2166
27036,2691
27037,2071
27038,2246
27039,2081
27040,1462
27041,2842
27042,2037
27043,2467
27044,2669
27045,2452
27046,2637
27047,3011
27048,2744
27049,2736
27050,2991
27051,2324
27052,2557
27053,2936
27054,2437
27055,2931
27056,2284
27057,2355
27058,2734
27059,3216
27060,2494
27061,2556
27062,2554
27063,2529
27064,1970
27065,2654
27066,1730
27067,3576
27068,2791
27069,3624
27070,3060
27071,2880
27072,3297
27073,2072
27074,3347
27075,2460
27076,2483
27077,2823
27078,3386
27079,2742
27080,2798
27081,2707
27082,2589
27083,3369
27084,1516
27085,2218
27086,2594
27087,2095
27088,3501
27089,2509
27090,3343
27091,1699
27092,3312
27093,2820
27094,2844
27095,2471
27096,-1
27097,3091
27098,2497
27099,2664
27100,2427
27101,2226
27102,2877
27103,2519
27104,3227
27105,2726
27106,-1
27107,3136
27108,2501
27109,2303
27110,2770
27111,2799
27112,2247
27113,2392
27114,2578
27115,2397
27116,2747
27117,3750
27118,1742
27119,2976
27120,3001
27121,2504
27122,2971
27123,3310
27124,2962
27125,4162
27126,2600
27127,2500
27128,2088
27129,1281
27130,2091
27131,2455
27132,2190
27133,2581
27134,-1
27135,2708
27136,-1
27137,3229
27138,3570
27139,2227
27140,2360
27141,2505
27142,3749
27143,2355
27144,3341
27145,2476
27146,2574
27147,1227
27148,1627
27149,2371
27150,2614
27151,2827
27152,2513
27153,2311
27154,2168
27155,2486
27156,2856
27157,2289
27158,1804
27159,2681
27160,2134
27161,1357
27162,1735
27163,2659
27164,2357
27165,2108
27166,2564
27167,2389
27168,2480
27169,2448
27170,2298
27171,2767
27172,2506
27173,2127
27174,2771
27175,2343
27176,2739
27177,2450
27178,2287
27179,2223
27180,2462
27181,2830
27182,2381
27183,2542
27184,2426
27185,3892
27186,3147
27187,2454
27188,2590
27189,2244
27190,2275
27191,2233
27192,2169
27193,2594
27194,2840
27195,2849
27196,3478
27197,3061
27198,2006
27199,2910
27200,2842
27201,2894
27202,2160
27203,2566
27204,2859
27205,2694
27206,2781
27207,2764
27208,2721
27209,2398
27210,2674
27211,2214
27212,2586
27213,2606
27214,2898
27215,2324
27216,2563
27217,2343
27218,2645
27219,2948
27220,2975
27221,2680
27222,2671
27223,1565
27224,3253
27225,2867
27226,2760
27227,2447
27228,2546
27229,2623
27230,2719
27231,3444
27232,2402
27233,2390
27234,2488
27235,2685
27236,2547
27237,3238
27238,3308
27239,2288
27240,2091
27241,2059
27242,3182
27243,2516
27244,1960
27245,2384
27246,2753
27247,2088
27248,3581
27249,2043
27250,2160
27251,2291
27252,3097
27253,2467
27254,2309
27255,2855
27256,2659
27257,-1
27258,2153
27259,3173
27260,2893
27261,2610
27262,2541
27263,2768
27264,2331
27265,2946
27266,2253
27267,2361
27268,3115
27269,2845
27270,1239
27271,2595
27272,2922
27273,2694
27274,3072
27275,2833
27276,2234
27277,1434
27278,2405
27279,3225
27280,2893
27281,2653
27282,2310
27283,2692
27284,2691
27285,3038
27286,2989
27287,2941
27288,2428
27289,3124
27290,2786
27291,3090
27292,2516
27293,2361
27294,1136
27295,4291
27296,1933
27297,2025
27298,3208
27299,2549
27300,3066
27301,3440
27302,1818
27303,3428
27304,2983
27305,1856
27306,2812
27307,2540
27308,2975
27309,2776
27310,3084
27311,2875
27312,2456
27313,2711
27314,2676
27315,3380
27316,2877
27317,2004
27318,-1
27319,2599
27320,2721
27321,2373
27322,3245
27323,3279
27324,2299
27325,2445
27326,2526
27327,2953
27328,2345
27329,2692
27330,2731
27331,2982
27332,2748
27333,2638
27334,2378
27335,1321
27336,2775
27337,2614
27338,1515
27339,2439
27340,2785
27341,2402
27342,2633
27343,2714
27344,2320
27345,2362
27346,2611
27347,2432
27348,2407
27349,2903
27350,2682
27351,1837
27352,3011
27353,3388
27354,1796
27355,2338
27356,2776
27357,2806
27358,1679
27359,2576
27360,2371
27361,2707
27362,3056
27363,2429
27364,2223
27365,3389
27366,2482
27367,2543
27368,3006
27369,2755
27370,2175
27371,2056
27372,3242
27373,2567
27374,2520
27375,2749
27376,2530
27377,1969
27378,2591
27379,3567
27380,2867
27381,2520
27382,3532
27383,2426
27384,-1
27385,2519
27386,2155
27387,2567
27388,3212
27389,2919
27390,1979
27391,2822
27392,3012
27393,2412
27394,2978
27395,2853
27396,2238
27397,2705
27398,2044
27399,2593
27400,2875
27401,2801
27402,2945
27403,3101
27404,2788
27405,1772
27406,2816
27407,2385
27408,2851
27409,2079
27410,2826
27411,2910
27412,2750
27413,2989
27414,1928
27415,2220
27416,2849
27417,2444
27418,2849
27419,3156
27420,2100
27421,2558
27422,2785
27423,2844
27424,2653
27425,2922
27426,2198
27427,3795
27428,3124
27429,2392
27430,2879
27431,2870
27432,2500
27433,2209
27434,2457
27435,2709
27436,2853
27437,2324
27438,2821
27439,2444
27440,2883
27441,3458
27442,3141
27443,2881
27444,2309
27445,2708
27446,2629
27447,3020
27448,2327
27449,2753
27450,3235
27451,2479
27452,1895
27453,2812
27454,2734
27455,3065
27456,3018
27457,2010
27458,2506
27459,2356
27460,2883
27461,2382
27462,2554
27463,2564
27464,2617
27465,2919
27466,2715
27467,2836
27468,2197
27469,3071
27470,2417
27471,2701
27472,2142
27473,2588
27474,2678
27475,2414
27476,2999
27477,2605
27478,-1
27479,2674
27480,3132
27481,-1
27482,2091
27483,3099
27484,2848
27485,2951
27486,3238
27487,2439
27488,1436
27489,2865
27490,3250
27491,2367
27492,2284
27493,2432
27494,2869
27495,3479
27496,2901
27497,2937
27498,2741
27499,2481
27500,1664
27501,2224
27502,2403
27503,2322
27504,3008
27505,2215
27506,3415
27507,2488
27508,2674
27509,3284
27510,1928
27511,2829
27512,2685
27513,2008
27514,2596
27515,2200
27516,3464
27517,2342
27518,2784
27519,4272
27520,-1
27521,2347
27522,2628
27523,2654
27524,2689
27525,2797
27526,3312
27527,2947
27528,2858
27529,2539
27530,2241
27531,2125
27532,1784
27533,2551
27534,-1
27535,2853
27536,2385
27537,2316
27538,2538
27539,2680
27540,-1
27541,2136
27542,2590
27543,2170
27544,2754
27545,2563
27546,2866
27547,2755
27548,1895
27549,2324
27550,2444
27551,2252
27552,3204
27553,3604
27554,2378
27555,2722
27556,2879
27557,3262
27558,2643
27559,2265
27560,2397
27561,3139
27562,1815
27563,3054
27564,2909
27565,2519
27566,2560
27567,1991
27568,2714
27569,2677
27570,3002
27571,3014
27572,2471
27573,2256
27574,2681
27575,2100
27576,3063
27577,2841
27578,2667
27579,2857
27580,2844
27581,2045
27582,1958
27583,2381
27584,1942
27585,2230
27586,2237
27587,2553
27588,2450
27589,3030
27590,2348
27591,2406
27592,3105
27593,3052
27594,2894
27595,2415
27596,3021
27597,2161
27598,2861
27599,2298
27600,2339
27601,2287
27602,2608
27603,2901
27604,2903
27605,2546
27606,1830
27607,2647
27608,2719
27609,2100
27610,2524
27611,2625
27612,2735
27613,2541
27614,2368
27615,2624
27616,3313
27617,2297
27618,2714
27619,2737
27620,2832
27621,2791
27622,1805
27623,2925
27624,2612
27625,2768
27626,2986
27627,2403
27628,2894
27629,3268
27630,2859
27631,2550
27632,2545
27633,4000
27634,1945
27635,3457
27636,2603
27637,3147
27638,2895
27639,1721
27640,2895
27641,1971
27642,2388
27643,2645
27644,-1
27645,2979
27646,2081
27647,3352
27648,2098
27649,2433
27650,2514
27651,2622
27652,2242
27653,2310
27654,2782
27655,2620
27656,2475
27657,962
27658,2651
27659,2782
27660,3109
27661,2303
27662,2212
27663,2260
27664,2984
27665,1538
27666,2712
27667,2839
27668,3662
27669,2571
27670,2899
27671,2717
27672,2279
27673,2617
27674,2657
27675,2128
27676,2683
27677,2505
27678,2279
27679,2480
27680,2767
27681,2560
27682,2547
27683,2593
27684,2815
27685,1921
27686,2536
27687,2755
27688,2701
27689,1957
27690,2830
27691,3135
27692,2352
27693,2689
27694,3101
27695,2475
27696,2697
27697,2505
27698,2960
27699,2950
27700,1664
27701,2511
27702,3397
27703,1773
27704,3261
27705,2560
27706,2349
27707,2368
27708,2320
27709,2202
27710,2791
27711,3315
27712,2121
27713,2273
27714,2401
27715,1999
27716,2405
27717,3044
27718,2685
27719,2727
27720,1358
27721,2910
27722,2618
27723,2391
27724,2731
27725,2343
27726,2459
27727,2319
27728,3700
27729,3076
27730,3097
27731,2579
27732,2613
27733,2857
27734,2023
27735,1653
27736,2220
27737,2979
27738,1793
27739,2908
27740,2904
27741,1896
27742,2233
27743,2989
27744,2161
27745,2622
27746,2773
27747,2849
27748,2557
27749,3606
27750,2735
27751,2111
27752,2420
27753,2229
27754,3369
27755,2025
27756,1530
27757,1738
27758,2640
27759,3407
27760,3044
27761,3137
27762,3168
27763,3115
27764,3120
27765,2913
27766,2297
27767,1857
27768,3164
27769,2990
27770,2228
27771,2586
27772,2213
27773,2188
27774,1611
27775,2617
27776,2642
27777,2854
27778,2820
27779,2557
27780,2841
27781,1181
27782,2773
27783,2624
27784,2481
27785,1970
27786,3010
27787,3841
27788,2847
27789,2629
27790,2822
27791,3462
27792,2794
27793,3621
27794,2530
27795,2198
27796,2783
27797,2534
27798,2363
27799,3350
27800,2210
27801,2747
27802,1421
27803,1650
27804,2278
27805,3163
27806,3781
27807,2345
27808,3148
27809,2504
27810,2839
27811,2972
27812,3753
27813,2529
27814,2719
27815,2499
27816,2655
27817,2267
27818,2847
27819,2843
27820,2521
27821,2713
27822,3109
27823,3526
27824,2105
27825,2396
27826,2534
27827,2531
27828,1400
27829,2498
27830,2434
27831,3121
27832,2582
27833,2775
27834,2441
27835,2223
27836,2269
27837,2534
27838,2431
27839,3956
27840,1895
27841,2093
27842,3147
27843,2871
27844,2904
27845,3029
27846,3438
27847,2988
27848,2806
27849,1689
27850,3338
27851,2622
27852,-1
27853,2831
27854,2567
27855,2868
27856,2652
27857,2902
27858,2483
27859,2681
27860,2117
27861,2721
27862,3073
27863,2694
27864,2729
27865,2851
27866,2806
27867,2999
27868,1941
27869,2368
27870,2540
27871,2687
27872,2679
27873,2213
27874,3545
27875,2215
27876,2473
27877,1817
27878,2213
27879,2387
27880,2478
27881,2972
27882,2536
27883,3066
27884,2986
27885,2741
27886,3062
27887,2983
27888,3105
27889,2379
27890,2374
27891,2836
27892,2334
27893,2967
27894,2309
27895,3611
27896,1946
27897,2631
27898,3005
27899,2315
27900,2361
27901,2663
27902,2238
27903,3235
27904,2438
27905,3065
27906,2641
27907,2620
27908,3374
27909,2435
27910,2355
27911,3109
27912,2180
27913,2633
27914,2588
27915,2586
27916,3465
27917,3031
27918,2760
27919,2725
27920,3288
27921,2191
27922,3605
27923,2426
27924,3417
27925,2134
27926,2922
27927,3302
27928,2270
27929,2641
27930,2937
27931,3027
27932,1775
27933,2457
27934,2139
27935,3280
27936,2613
27937,2488
27938,2519
27939,2920
27940,2359
27941,2234
27942,3050
27943,-1
27944,2589
27945,2738
27946,2603
27947,2628
27948,1889
27949,1987
27950,2765
27951,2517
27952,2478
27953,2953
27954,2553
27955,3180
27956,2072
27957,2926
27958,3228
27959,3050
27960,2145
27961,2959
27962,2661
27963,2719
27964,2381
27965,2982
27966,-1
27967,2924
27968,2967
27969,2671
27970,3131
27971,-1
27972,2307
27973,3011
27974,2713
27975,2748
27976,3492
27977,2564
27978,2469
27979,2031
27980,1973
27981,2568
27982,1622
27983,2532
27984,2456
27985,3111
27986,1422
27987,2518
27988,2169
27989,2812
27990,2343
27991,2295
27992,3070
27993,3390
27994,2012
27995,1350
27996,3213
27997,2893
27998,2534
27999,2535
28000,2461
28001,2700
28002,2382
28003,1813
28004,3200
28005,-1
28006,1685
28007,1686
28008,2688
28009,2735
28010,2588
28011,3267
28012,2703
28013,3262
28014,2866
28015,3055
28016,2504
28017,3061
28018,1853
28019,2878
28020,3055
28021,1639
28022,3431
28023,2331
28024,1998
28025,2103
28026,2639
28027,2638
28028,2551
28029,1836
28030,2323
28031,2502
28032,2186
28033,3235
28034,1910
28035,2833
28036,2760
28037,2886
28038,2635
28039,1645
28040,1455
28041,3229
28042,2807
28043,2739
28044,2445
28045,2817
28046,2563
28047,2825
28048,2100
28049,2523
28050,3129
28051,2505
28052,3146
28053,2803
28054,3198
28055,1220
28056,1860
28057,2967
28058,3585
28059,2833
28060,2452
28061,3061
28062,2334
28063,2124
28064,2284
28065,-1
28066,2635
28067,2985
28068,2527
28069,2844
28070,2171
28071,2902
28072,2230
28073,2561
28074,2723
28075,2699
28076,3124
28077,2734
28078,2926
28079,2157
28080,2781
28081,2532
28082,-1
28083,2820
28084,2539
28085,2286
28086,1426
28087,1768
28088,2935
28089,3302
28090,2350
28091,2673
28092,3083
28093,2698
28094,2694
28095,2140
28096,2534
28097,2710
28098,2537
28099,2544
28100,2695
28101,1642
28102,2523
28103,2564
28104,2547
28105,2024
28106,1944
28107,2797
28108,1983
28109,2410
28110,1863
28111,2782
28112,2273
28113,2364
28114,2292
28115,2209
28116,2510
28117,2702
28118,2625
28119,2952
28120,2970
28121,1958
28122,2504
28123,3075
28124,2957
28125,2067
28126,2882
28127,2803
28128,3264
28129,2443
28130,2918
28131,2999
28132,2498
28133,2500
28134,147
28135,3231
28136,2463
28137,2179
28138,2651
28139,4332
28140,3987
28141,1898
28142,2465
28143,3049
28144,2909
28145,2181
28146,1941
28147,2542
28148,2443
28149,2329
28150,3136
28151,1767
28152,2592
28153,2960
28154,2403
28155,2611
28156,2530
28157,2503
28158,2839
28159,1528
28160,3229
28161,2079
28162,3944
28163,3191
28164,3445
28165,2911
28166,3668
28167,2494
28168,2865
28169,3196
28170,2354
28171,2782
28172,2232
28173,2102
28174,2825
28175,2373
28176,2405
28177,3302
28178,3923
28179,2941
28180,2754
28181,2834
28182,2282
28183,2983
28184,3251
28185,3668
28186,2499
28187,3377
28188,2204
28189,1986
28190,2703
28191,1913
28192,2460
28193,2242
28194,3153
28195,2421
28196,2219
28197,2029
28198,2537
28199,-1
28200,3502
28201,1939
28202,1585
28203,3407
28204,3369
28205,2379
28206,2756
28207,1856
28208,2545
28209,3004
28210,2659
28211,3934
28212,2705
28213,2076
28214,2523
28215,2294
28216,2596
28217,2763
28218,2691
28219,2590
28220,3377
28221,2956
28222,1926
28223,2952
28224,2691
28225,2949
28226,2285
28227,2622
28228,2800
28229,3393
28230,3313
28231,3038
28232,2646
28233,1670
28234,2475
28235,2434
28236,2179
28237,2585
28238,2645
28239,2839
28240,2969
28241,2206
28242,3028
28243,2741
28244,2468
28245,1871
28246,2968
28247,3414
28248,2785
28249,2955
28250,3634
28251,2678
28252,2671
28253,2200
28254,2838
28255,3397
28256,2410
28257,2362
28258,2905
28259,1693
28260,2298
28261,2809
28262,2686
28263,2929
28264,3130
28265,3393
28266,2893
28267,2812
28268,1860
28269,2471
28270,2734
28271,2621
28272,3565
28273,2473
28274,1937
28275,2685
28276,3399
28277,2216
28278,2187
28279,2349
28280,2565
28281,2405
28282,2822
28283,3438
28284,2896
28285,2458
28286,2016
28287,2411
28288,2942
28289,2645
28290,3199
28291,2281
28292,3073
28293,2343
28294,3025
28295,2416
28296,2956
28297,2941
28298,3739
28299,2416
28300,2001
28301,2397
28302,4370
28303,2421
28304,3094
28305,2261
28306,2686
28307,2529
28308,2702
28309,4867
28310,2217
28311,2053
28312,2195
28313,1998
28314,3134
28315,2567
28316,3576
28317,2633
28318,1187
28319,2472
28320,2456
28321,-1
28322,2597
28323,3347
28324,3396
28325,2200
28326,2269
28327,2252
28328,2235
28329,2434
28330,2634
28331,2719
28332,2272
28333,2845
28334,2751
28335,2821
28336,2227
28337,3280
28338,3392
28339,1680
28340,3027
28341,3131
28342,4134
28343,2734
28344,3055
28345,2902
28346,2375
28347,2719
28348,2832
28349,2568
28350,2780
28351,2599
28352,3296
28353,2486
28354,2333
28355,3213
28356,2889
28357,3397
28358,2817
28359,3319
28360,2286
28361,2445
28362,2672
28363,2719
28364,2009
28365,2985
28366,2859
28367,3102
28368,2557
28369,2138
28370,2275
28371,2838
28372,2148
28373,2595
28374,2768
28375,2733
28376,2658
28377,2548
28378,2601
28379,2780
28380,2622
28381,2642
28382,2575
28383,2944
28384,2711
28385,3464
28386,2676
28387,2929
28388,1877
28389,2311
28390,2998
28391,2484
28392,2616
28393,2492
28394,1926
28395,3290
28396,3252
28397,2754
28398,3248
28399,2327
28400,2912
28401,2768
28402,1996
28403,2466
28404,2780
28405,2520
28406,2590
28407,3097
28408,2104
28409,2316
28410,3037
28411,2850
28412,2218
28413,3650
28414,2627
28415,2784
28416,2931
28417,2167
28418,2527
28419,1644
28420,2758
28421,2220
28422,2773
28423,2325
28424,2902
28425,2733
28426,2122
28427,2997
28428,2714
28429,1778
28430,1656
28431,2785
28432,2968
28433,2539
28434,1964
28435,2521
28436,2175
28437,3149
28438,-1
28439,3102
28440,1874
28441,2314
28442,2148
28443,2142
28444,2250
28445,3688
28446,2277
28447,2095
28448,2253
28449,2777
28450,2295
28451,2815
28452,2285
28453,3058
28454,2578
28455,2371
28456,1834
28457,2664
28458,2095
28459,2727
28460,2796
28461,1885
28462,2599
28463,3549
28464,3075
28465,3188
28466,2606
28467,3227
28468,2254
28469,2901
28470,2000
28471,2116
28472,3522
28473,2233
28474,3245
28475,832
28476,2848
28477,2566
28478,2884
28479,1720
28480,3282
28481,2969
28482,3080
28483,3213
28484,3122
28485,2704
28486,1570
28487,2594
28488,2697
28489,2601
28490,2696
28491,2409
28492,2688
28493,2406
28494,2036
28495,2929
28496,2798
28497,2508
28498,2467
28499,3142
28500,2048
28501,2754
28502,2637
28503,1947
28504,2102
28505,2723
28506,2837
28507,2636
28508,2875
28509,1993
28510,3707
28511,2594
28512,2270
28513,2792
28514,-1
28515,2673
28516,2389
28517,2291
28518,2181
28519,3129
28520,1644
28521,3060
28522,2352
28523,2043
28524,2744
28525,2449
28526,2598
28527,2764
28528,2390
28529,2177
28530,2446
28531,2540
28532,3099
28533,2251
28534,2296
28535,2646
28536,2750
28537,1896
28538,2449
28539,1997
28540,2510
28541,2002
28542,2769
28543,2984
28544,2663
28545,2564
28546,2544
28547,2622
28548,2458
28549,2238
28550,2898
28551,2569
28552,2879
28553,1903
28554,2810
28555,2671
28556,2504
28557,2581
28558,2670
28559,2584
28560,2173
28561,2873
28562,3245
28563,2798
28564,2477
28565,3670
28566,3189
28567,2133
28568,3016
28569,2255
28570,3483
28571,3112
28572,2744
28573,2465
28574,2730
28575,2868
28576,2244
28577,3690
28578,2124
28579,2784
28580,2516
28581,3219
28582,2693
28583,2697
28584,2482
28585,2693
28586,2571
28587,2171
28588,2624
28589,2645
28590,2592
28591,4221
28592,2953
28593,2699
28594,3117
28595,2739
28596,3197
28597,2470
28598,2821
28599,2731
28600,2993
28601,3117
28602,2995
28603,1960
28604,2371
28605,1567
28606,2879
28607,2432
28608,3193
28609,3838
28610,2121
28611,2441
28612,2544
28613,2555
28614,3489
28615,3070
28616,3377
28617,2786
28618,2531
28619,2381
28620,2213
28621,2788
28622,2509
28623,2610
28624,3473
28625,2451
28626,2242
28627,2569
28628,2774
28629,2412
28630,2512
28631,2917
28632,2481
28633,3000
28634,2751
28635,2139
28636,2835
28637,2666
28638,2615
28639,2692
28640,3124
28641,3484
28642,2677
28643,3888
28644,2395
28645,2198
28646,3103
28647,2812
28648,2715
28649,2571
28650,2144
28651,2802
28652,3249
28653,2504
28654,3140
28655,2287
28656,2922
28657,1303
28658,2852
28659,2339
28660,2929
28661,3761
28662,2614
28663,2398
28664,2644
28665,3227
28666,3029
28667,2843
28668,3306
28669,1902
28670,2297
28671,2312
28672,3005
28673,3129
28674,2649
28675,3007
28676,2497
28677,2660
28678,2525
28679,2703
28680,2890
28681,2333
28682,2682
28683,2222
28684,3130
28685,3047
28686,2926
28687,2195
28688,2479
28689,2471
28690,2625
28691,2626
28692,2701
28693,2614
28694,2749
28695,2687
28696,2342
28697,2186
28698,1730
28699,2776
28700,2240
28701,2825
28702,2631
28703,2551
28704,2955
28705,2657
28706,1740
28707,3155
28708,2494
28709,2504
28710,2588
28711,2609
28712,2983
28713,2641
28714,2168
28715,2369
28716,3052
28717,1961
28718,2200
28719,3375
28720,2824
28721,2704
28722,2231
28723,2388
28724,2817
28725,1988
28726,2765
28727,3060
28728,1880
28729,2489
28730,2471
28731,2455
28732,1748
28733,2673
28734,3682
28735,2891
28736,2632
28737,2731
28738,2777
28739,1823
28740,2674
28741,3622
28742,2734
28743,3044
28744,-1
28745,3127
28746,2175
28747,2763
28748,2268
28749,2475
28750,2219
28751,1478
28752,3003
28753,2591
28754,2070
28755,2744
28756,2561
28757,2438
28758,2469
28759,2758
28760,2223
28761,3074
28762,2371
28763,3023
28764,2314
28765,2653
28766,2919
28767,1759
28768,2498
28769,2649
28770,1689
28771,2198
28772,3516
28773,2182
28774,-1
28775,1534
28776,2535
28777,2056
28778,3324
28779,3183
28780,1988
28781,2804
28782,2837
28783,2830
28784,2260
28785,1185
28786,2352
28787,-1
28788,2996
28789,2585
28790,2450
28791,2801
28792,3407
28793,3481
28794,2656
28795,2076
28796,1893
28797,2618
28798,3513
28799,2198
28800,2624
28801,2132
28802,3111
28803,2396
28804,2612
28805,2260
28806,1935
28807,2449
28808,2268
28809,2829
28810,2712
28811,2552
28812,2138
28813,2564
28814,2239
28815,2252
28816,1915
28817,2264
28818,2621
28819,2330
28820,2438
28821,3106
28822,2088
28823,3136
28824,2015
28825,2618
28826,3092
28827,2181
28828,2665
28829,2618
28830,2610
28831,2659
28832,2564
28833,3008
28834,2771
28835,2150
28836,2847
28837,2223
28838,929
28839,3113
28840,2766
28841,3151
28842,3939
28843,2293
28844,2577
28845,2382
28846,2486
28847,2287
28848,2725
28849,2379
28850,2999
28851,2319
28852,2912
28853,3045
28854,3034
28855,2884
28856,-1
28857,2566
28858,1581
28859,2352
28860,1946
28861,3415
28862,3319
28863,2105
28864,3057
28865,1894
28866,3191
28867,2171
28868,2440
28869,2922
28870,2385
28871,1618
28872,2658
28873,3168
28874,2390
28875,1969
28876,2720
28877,2691
28878,3030
28879,2448
28880,2816
28881,2211
28882,2337
28883,2426
28884,2577
28885,2593
28886,2635
28887,2474
28888,2640
28889,2349
28890,2488
28891,2467
28892,2387
28893,2208
28894,2050
28895,3469
28896,1728
28897,1932
28898,2081
28899,1828
28900,-1
28901,2418
28902,2804
28903,4493
28904,2743
28905,2656
28906,2858
28907,2668
28908,3008
28909,2200
28910,2580
28911,2370
28912,2401
28913,2462
28914,2086
28915,2518
28916,-1
28917,2081
28918,2953
28919,3060
28920,2893
28921,1991
28922,3583
28923,3023
28924,2682
28925,2997
28926,2703
28927,3053
28928,2442
28929,2604
28930,2713
28931,2842
28932,2413
28933,2429
28934,2804
28935,2663
28936,2332
28937,3180
28938,2983
28939,3223
28940,2948
28941,2457
28942,2843
28943,1614
28944,2514
28945,2315
28946,2946
28947,3738
28948,2023
28949,2651
28950,2427
28951,2557
28952,3030
28953,2257
28954,3211
28955,2215
28956,3317
28957,2338
28958,2900
28959,2262
28960,2728
28961,3084
28962,2784
28963,2561
28964,3573
28965,3231
28966,2779
28967,3039
28968,2947
28969,2952
28970,2760
28971,2180
28972,3701
28973,-1
28974,2378
28975,2515
28976,3065
28977,2181
28978,2573
28979,2116
28980,3142
28981,3393
28982,2816
28983,2911
28984,2617
28985,2534
28986,2601
28987,1889
28988,2930
28989,3124
28990,3178
28991,2664
28992,3026
28993,2594
28994,2510
28995,2970
28996,723
28997,3088
28998,1939
28999,1948
29000,2877
29001,3315
29002,2926
29003,2932
29004,2931
29005,3274
29006,2248
29007,1837
29008,2711
29009,2339
29010,3319
29011,3154
29012,1976
29013,2623
29014,3085
29015,2527
29016,2879
29017,2831
29018,3038
29019,2196
29020,2174
29021,2200
29022,2429
29023,2771
29024,-1
29025,2004
29026,3086
29027,2345
29028,2971
29029,2723
29030,1911
29031,2036
29032,2374
29033,2149
29034,2327
29035,2081
29036,2471
29037,2887
29038,2112
29039,1966
29040,-1
29041,3854
29042,3206
29043,3495
29044,2361
29045,2838
29046,2445
29047,2497
29048,3203
29049,2154
29050,2152
29051,2159
29052,2617
29053,3465
29054,2906
29055,-1
29056,2436
29057,2308
29058,2568
29059,3485
29060,2517
29061,2562
29062,3069
29063,2266
29064,2647
29065,2745
29066,1626
29067,2265
29068,3395
29069,3061
29070,2511
29071,2712
29072,2309
29073,1985
29074,2402
29075,2183
29076,2347
29077,2255
29078,2240
29079,2518
29080,3182
29081,2459
29082,1977
29083,2501
29084,2162
29085,2207
29086,2352
29087,2542
29088,3354
29089,3216
29090,2639
29091,2286
29092,2462
29093,2764
29094,2486
29095,2766
29096,2796
29097,2160
29098,2861
29099,2396
29100,2618
29101,2523
29102,2506
29103,2202
29104,2400
29105,2602
29106,2534
29107,3231
29108,2950
29109,2360
29110,2948
29111,2224
29112,2785
29113,1442
29114,2958
29115,2054
29116,3277
29117,2221
29118,2330
29119,2914
29120,2568
29121,2345
29122,3558
29123,3177
29124,2865
29125,2655
29126,2477
29127,1346
29128,3008
29129,2935
29130,2934
29131,3104
29132,2112
29133,1325
29134,2378
29135,2881
29136,2383
29137,2921
29138,2671
29139,2643
29140,2791
29141,3066
29142,-1
29143,2153
29144,2499
29145,2301
29146,2613
29147,2195
29148,2563
29149,2866
29150,2266
29151,3269
29152,2616
29153,2440
29154,-1
29155,2870
29156,2106
29157,1767
29158,2565
29159,2332
29160,2319
29161,2680
29162,2991
29163,2518
29164,2634
29165,2757
29166,2829
29167,2967
29168,2406
29169,2170
29170,2757
29171,4038
29172,2798
29173,1842
29174,1801
29175,2622
29176,2258
29177,2124
29178,2864
29179,2602
29180,2446
29181,2854
29182,3438
29183,2456
29184,2671
29185,2892
29186,2829
29187,2299
29188,2553
29189,2148
29190,2422
29191,2490
29192,2386
29193,2465
29194,1723
29195,3022
29196,3387
29197,3624
29198,1767
29199,2617
29200,2231
29201,1749
29202,2297
29203,3953
29204,2574
29205,3361
29206,2602
29207,2791
29208,2000
29209,2404
29210,2750
29211,2435
29212,2773
29213,2447
29214,2529
29215,2163
29216,3217
29217,2699
29218,1697
29219,3025
29220,2475
29221,3131
29222,2053
29223,2588
29224,2716
29225,2634
29226,2548
29227,2709
29228,2388
29229,3300
29230,2121
29231,2266
29232,3103
29233,2649
29234,3140
29235,2600
29236,2147
29237,3322
29238,2480
29239,-1
29240,2642
29241,2100
29242,1420
29243,2568
29244,2777
29245,2886
29246,2923
29247,3149
29248,3046
29249,2889
29250,2101
29251,-1
29252,2414
29253,2887
29254,2313
29255,2530
29256,-1
29257,2941
29258,3345
29259,2358
29260,2933
29261,2644
29262,2728
29263,2131
29264,2347
29265,2679
29266,2537
29267,2664
29268,2369
29269,-1
29270,3302
29271,1923
29272,2496
29273,2651
29274,2070
29275,3159
29276,2703
29277,2071
29278,3944
29279,3547
29280,2389
29281,2714
29282,2819
29283,2950
29284,2921
29285,2948
29286,2692
29287,2249
29288,2159
29289,1882
29290,2297
29291,2645
29292,2642
29293,2674
29294,1882
29295,2080
29296,-1
29297,2451
29298,2375
29299,1836
29300,2161
29301,3132
29302,3551
29303,3097
29304,1839
29305,2243
29306,-1
29307,2817
29308,2772
29309,2057
29310,2977
29311,2598
29312,1479
29313,2381
29314,3555
29315,3021
29316,2319
29317,2749
29318,2480
29319,2940
29320,2251
29321,2968
29322,2779
29323,2350
29324,3239
29325,1456
29326,2011
29327,2232
29328,2831
29329,2773
29330,2543
29331,1976
29332,2197
29333,2196
29334,2791
29335,1744
29336,2408
29337,2725
29338,3047
29339,2766
29340,2461
29341,2497
29342,2447
29343,2852
29344,2348
29345,2670
29346,1579
29347,2705
29348,-1
29349,3688
29350,3106
29351,2191
29352,3131
29353,1308
29354,2282
29355,2263
29356,2511
29357,2453
29358,3158
29359,2300
29360,2199
29361,2522
29362,2770
29363,2695
29364,3882
29365,2257
29366,2567
29367,2197
29368,2345
29369,2953
29370,2542
29371,2623
29372,1556
29373,2683
29374,2782
29375,2450
29376,3462
29377,-1
29378,3657
29379,1970
29380,2448
29381,2950
29382,2702
29383,2806
29384,2987
29385,3292
29386,2698
29387,2816
29388,3252
29389,2365
29390,2416
29391,2445
29392,2726
29393,2488
29394,2541
29395,4055
29396,2168
29397,-1
29398,3814
29399,3250
29400,2409
29401,3364
29402,3086
29403,1295
29404,3414
29405,2915
29406,3086
29407,2246
29408,1978
29409,2675
29410,2835
29411,2578
29412,2538
29413,2688
29414,2429
29415,2800
29416,3044
29417,2052
29418,2677
29419,3119
29420,2447
29421,2605
29422,2266
29423,2825
29424,2562
29425,2456
29426,2785
29427,3396
29428,2379
29429,2916
29430,2314
29431,2453
29432,2411
29433,2563
29434,3184
29435,2305
29436,3365
29437,1603
29438,3152
29439,2245
29440,2390
29441,1453
29442,2501
29443,2897
29444,2883
29445,3123
29446,3279
29447,2285
29448,2925
29449,2975
29450,3041
29451,2552
29452,2757
29453,2205
29454,2585
29455,-1
29456,2326
29457,2034
29458,2873
29459,2876
29460,2700
29461,2343
29462,2249
29463,2357
29464,2304
29465,2382
29466,2834
29467,2319
29468,2641
29469,2725
29470,2857
29471,2872
29472,2900
29473,2837
29474,2428
29475,3049
29476,2859
29477,2159
29478,2137
29479,2351
29480,3096
29481,1419
29482,2265
29483,2559
29484,2635
29485,2890
29486,2811
29487,3031
29488,2126
29489,2763
29490,2516
29491,2408
29492,2410
29493,3235
29494,2584
29495,2702
29496,2449
29497,2698
29498,2725
29499,2441
29500,2308
29501,1870
29502,2729
29503,2671
29504,2422
29505,2549
29506,1944
29507,1877
29508,2383
29509,-1
29510,2711
29511,2742
29512,2237
29513,2923
29514,3119
29515,2683
29516,2143
29517,1816
29518,3035
29519,1893
29520,3155
29521,2825
29522,1636
29523,2023
29524,2224
29525,2958
29526,2492
29527,2903
29528,2267
29529,2349
29530,2470
29531,2800
29532,2529
29533,-1
29534,-1
29535,3067
29536,2812
29537,3407
29538,3568
29539,2454
29540,2654
29541,2904
29542,2868
29543,2685
29544,2752
29545,2145
29546,2700
29547,2684
29548,1826
29549,4256
29550,2872
29551,2796
29552,3649
29553,3157
29554,3328
29555,2129
29556,2126
29557,2588
29558,2289
29559,2474
29560,1835
29561,2023
29562,2773
29563,2688
29564,2182
29565,3848
29566,2546
29567,3513
29568,2995
29569,2520
29570,2736
29571,1907
29572,2937
29573,2153
29574,3096
29575,2756
29576,2587
29577,3008
29578,2460
29579,2910
29580,2669
29581,2990
29582,2625
29583,2740
29584,2900
29585,2762
29586,2721
29587,2581
29588,2459
29589,2165
29590,2115
29591,2336
29592,2664
29593,2058
29594,2107
29595,3897
29596,2338
29597,2580
29598,3089
29599,2311
29600,1631
29601,2220
29602,2491
29603,2793
29604,1745
29605,2479
29606,2742
29607,2731
29608,2628
29609,2897
29610,2162
29611,2989
29612,2893
29613,2390
29614,2948
29615,3274
29616,2805
29617,2313
29618,2704
29619,3032
29620,3135
29621,2929
29622,2669
29623,2542
29624,2368
29625,2180
29626,3147
29627,2721
29628,3066
29629,2594
29630,1585
29631,3029
29632,2851
29633,2170
29634,2642
29635,2290
29636,2605
29637,2688
29638,2993
29639,1768
29640,2668
29641,3112
29642,2749
29643,2115
29644,1713
29645,2674
29646,2334
29647,3369
29648,1966
29649,2931
29650,3116
29651,2678
29652,2674
29653,2881
29654,3080
29655,2596
29656,3051
29657,2148
29658,2239
29659,2145
29660,3157
29661,3452
29662,2656
29663,2836
29664,2980
29665,2513
29666,2324
29667,3061
29668,2568
29669,2928
29670,2640
29671,2662
29672,2173
29673,1682
29674,2008
29675,2678
29676,3470
29677,2549
29678,2345
29679,2778
29680,1822
29681,2297
29682,2018
29683,2770
29684,1886
29685,2841
29686,2125
29687,2593
29688,3136
29689,3063
29690,3104
29691,3405
29692,3008
29693,2984
29694,2917
29695,2464
29696,2533
29697,2120
29698,2832
29699,2482
29700,1990
29701,3124
29702,2494
29703,-1
29704,2914
29705,2743
29706,2322
29707,2238
29708,2522
29709,2449
29710,3149
29711,2981
29712,2595
29713,3027
29714,2396
29715,2473
29716,1974
29717,2875
29718,3380
29719,2781
29720,2444
29721,2697
29722,2543
29723,2684
29724,2792
29725,2591
29726,2154
29727,3354
29728,2320
29729,2506
29730,2860
29731,2594
29732,2585
29733,2326
29734,2589
29735,2234
29736,3192
29737,3296
29738,2345
29739,2909
29740,2476
29741,2601
29742,1549
29743,2943
29744,3762
29745,2290
29746,2231
29747,2821
29748,3457
29749,3262
29750,2646
29751,2637
29752,2170
29753,3264
29754,3303
29755,2157
29756,2688
29757,2760
29758,1689
29759,2245
29760,2092
29761,2245
29762,3105
29763,3424
29764,2395
29765,3190
29766,3428
29767,2240
29768,3546
29769,2330
29770,2585
29771,2494
29772,2590
29773,2934
29774,2065
29775,2639
29776,2905
29777,4023
29778,2702
29779,2949
29780,2809
29781,3063
29782,3172
29783,2393
29784,2530
29785,2872
29786,3011
29787,3173
29788,2452
29789,2361
29790,2566
29791,2287
29792,2620
29793,2626
29794,2564
29795,2573
29796,2527
29797,2679
29798,3277
29799,2533
29800,2362
29801,2443
29802,1792
29803,3439
29804,2253
29805,2675
29806,2861
29807,2757
29808,1043
29809,3137
29810,1838
29811,3017
29812,3520
29813,2655
29814,3034
29815,2894
29816,2780
29817,2631
29818,3221
29819,2499
29820,3159
29821,2303
29822,2578
29823,-1
29824,3005
29825,2673
29826,2602
29827,2682
29828,1908
29829,3189
29830,2725
29831,2853
29832,3132
29833,1591
29834,2473
29835,2457
29836,2608
29837,2951
29838,2551
29839,2247
29840,2783
29841,3016
29842,2324
29843,2926
29844,1705
29845,3070
29846,2979
29847,1654
29848,2336
29849,2258
29850,-1
29851,2279
29852,3052
29853,2516
29854,2078
29855,3169
29856,3475
29857,2966
29858,2401
29859,3077
29860,3252
29861,2666
29862,2536
29863,3070
29864,3138
29865,2162
29866,1543
29867,2415
29868,2557
29869,2415
29870,2429
29871,2325
29872,2781
29873,2777
29874,1972
29875,2996
29876,2827
29877,3197
29878,2512
29879,3062
29880,3379
29881,1540
29882,2845
29883,2576
29884,2468
29885,2513
29886,2843
29887,2745
29888,2602
29889,1878
29890,2230
29891,3064
29892,2213
29893,2651
29894,2316
29895,3041
29896,2660
29897,2575
29898,2595
29899,2056
29900,1546
29901,2302
29902,2230
29903,2880
29904,2954
29905,3189
29906,2398
29907,3692
29908,1289
29909,3019
29910,1632
29911,2281
29912,2652
29913,2690
29914,3397
29915,1953
29916,2202
29917,2470
29918,2667
29919,1676
29920,2339
29921,2533
29922,2255
29923,1591
29924,2309
29925,2901
29926,2290
29927,2034
29928,2323
29929,2969
29930,2941
29931,2073
29932,2464
29933,1564
29934,-1
29935,-1
29936,3135
29937,2982
29938,3052
29939,3005
29940,2129
29941,2255
29942,2755
29943,2234
29944,2538
29945,1989
29946,2904
29947,2509
29948,3087
29949,-1
29950,2829
29951,-1
29952,2611
29953,2548
29954,2947
29955,2881
29956,2508
29957,2976
29958,3002
29959,2711
29960,2285
29961,2495
29962,2936
29963,3068
29964,3711
29965,3212
29966,3206
29967,3282
29968,1221
29969,3134
29970,2320
29971,3408
29972,2832
29973,3503
29974,1973
29975,2610
29976,2830
29977,3526
29978,2621
29979,2583
29980,2825
29981,2840
29982,2546
29983,3037
29984,2952
29985,1930
29986,2995
29987,2890
29988,3698
29989,2489
29990,2774
29991,2612
29992,2844
29993,3007
29994,2201
29995,2332
29996,2570
29997,2795
29998,2776
29999,1819
30000,3005
30001,2588
30002,2115
30003,2336
30004,2867
30005,2806
30006,2473
30007,4104
30008,1616
30009,2188
30010,2820
30011,3031
30012,2464
30013,2893
30014,3125
30015,2293
30016,2546
30017,3200
30018,2852
30019,2485
30020,-1
30021,2039
30022,2625
30023,2906
30024,2951
30025,3125
30026,1838
30027,2445
30028,2843
30029,-1
30030,2318
30031,2336
30032,2228
30033,2365
30034,2488
30035,2709
30036,2738
30037,2775
30038,2289
30039,2170
30040,1773
30041,2925
30042,2420
30043,1742
30044,2780
30045,2494
30046,2792
30047,2664
30048,2529
30049,2944
30050,2673
30051,2475
30052,2546
30053,-1
30054,2562
30055,2534
30056,2652
30057,3023
30058,2539
30059,3177
30060,2565
30061,2766
30062,2451
30063,2449
30064,2776
30065,2949
30066,2914
30067,3090
30068,2936
30069,2609
30070,2203
30071,1985
30072,2556
30073,2480
30074,2012
30075,2745
30076,2536
30077,3368
30078,2982
30079,2626
30080,2102
30081,3249
30082,3081
30083,2370
30084,2800
30085,2522
30086,2377
30087,1064
30088,2812
30089,3003
30090,2821
30091,2195
30092,-1
30093,1150
30094,3185
30095,2638
30096,2516
30097,3135
30098,2506
30099,3426
30100,2558
30101,2835
30102,-1
30103,1745
30104,2969
30105,3126
30106,3029
30107,2323
30108,2759
30109,2777
30110,2999
30111,2519
30112,2440
30113,2485
30114,-1
30115,3267
30116,2684
30117,2599
30118,2676
30119,2496
30120,3086
30121,2993
30122,3068
30123,2281
30124,2671
30125,3121
30126,2276
30127,2727
30128,2569
30129,3035
30130,2389
30131,2725
30132,2706
30133,2605
30134,2918
30135,2654
30136,2163
30137,3344
30138,1799
30139,2797
30140,2710
30141,2776
30142,3062
30143,2986
30144,2978
30145,2859
30146,-1
30147,2661
30148,2249
30149,2686
30150,2213
30151,2288
30152,2635
30153,2460
30154,2880
30155,2188
30156,2739
30157,2819
30158,2873
30159,2646
30160,2676
30161,2387
30162,2074
30163,3163
30164,2439
30165,2724
30166,3254
30167,2492
30168,2050
30169,3003
30170,2642
30171,2593
30172,1918
30173,3003
30174,3005
30175,2865
30176,1975
30177,2543
30178,2714
30179,3344
30180,2668
30181,2563
30182,2960
30183,2612
30184,2548
30185,2552
30186,1843
30187,2976
30188,2923
30189,2832
30190,2211
30191,2774
30192,3351
30193,2628
30194,2234
30195,2708
30196,3014
30197,2919
30198,2860
30199,2957
30200,2704
30201,3243
30202,3101
30203,2742
30204,1361
30205,3067
30206,2094
30207,2263
30208,2103
30209,2595
30210,2575
30211,2398
30212,2714
30213,2077
30214,2652
30215,1997
30216,2567
30217,2940
30218,3043
30219,3093
30220,2934
30221,2609
30222,2478
30223,1762
30224,1988
30225,2598
30226,2426
30227,2794
30228,2325
30229,2942
30230,2891
30231,2389
30232,2964
30233,3054
30234,2586
30235,1811
30236,2539
30237,2855
30238,2979
30239,2639
30240,2527
30241,2242
30242,2423
30243,2348
30244,2687
30245,2106
30246,2260
30247,2699
30248,2731
30249,2727
30250,3048
30251,3266
30252,2657
30253,3338
30254,2565
30255,2625
30256,2524
30257,3033
30258,3849
30259,2886
30260,3085
30261,2914
30262,2538
30263,2476
30264,2801
30265,3119
30266,2775
30267,1795
30268,2983
30269,2464
30270,2600
30271,2228
30272,1812
30273,2746
30274,2799
30275,2355
30276,3231
30277,2902
30278,2347
30279,2551
30280,2043
30281,3065
30282,2179
30283,1819
30284,2241
30285,2647
30286,2524
30287,3227
30288,3102
30289,2445
30290,2468
30291,2679
30292,2300
30293,3283
30294,2488
30295,2345
30296,3181
30297,2068
30298,2134
30299,2779
30300,2233
30301,3061
30302,2172
30303,2290
30304,2473
30305,2361
30306,3530
30307,2733
30308,2625
30309,3107
30310,2083
30311,2927
30312,2169
30313,3071
30314,2952
30315,2720
30316,2132
30317,2584
30318,2905
30319,2989
30320,2594
30321,2317
30322,2647
30323,2515
30324,2340
30325,2220
30326,2284
30327,2706
30328,4203
30329,3697
30330,3019
30331,2707
30332,2798
30333,2299
30334,2104
30335,2672
30336,1915
30337,1827
30338,2808
30339,2979
30340,2201
30341,3167
30342,2342
30343,2011
30344,3043
30345,2623
30346,2637
30347,2593
30348,2970
30349,2703
30350,2780
30351,2716
30352,1611
30353,3226
30354,2270
30355,2536
30356,2517
30357,2905
30358,2442
30359,2564
30360,3145
30361,2738
30362,3167
30363,1925
30364,3626
30365,2664
30366,2537
30367,2343
30368,2778
30369,2584
30370,2705
30371,2619
30372,2546
30373,2778
30374,2228
30375,2406
30376,2598
30377,1806
30378,1691
30379,2569
30380,2544
30381,2339
30382,3581
30383,2637
30384,2524
30385,2661
30386,1613
30387,2903
30388,2028
30389,2880
30390,2945
30391,3209
30392,2875
30393,2707
30394,2423
30395,2638
30396,2697
30397,2796
30398,2371
30399,2480
30400,2413
30401,2607
30402,2998
30403,2711
30404,2618
30405,1959
30406,2684
30407,2055
30408,2542
30409,2157
30410,2690
30411,2434
30412,3120
30413,2110
30414,2753
30415,1627
30416,2808
30417,4525
30418,3093
30419,2943
30420,2152
30421,2607
30422,2802
30423,2715
30424,3140
30425,2820
30426,2442
30427,2943
30428,2399
30429,2341
30430,2140
30431,2672
30432,2585
30433,3205
30434,2501
30435,2220
30436,2983
30437,3670
30438,3373
30439,2861
30440,2558
30441,2187
30442,2887
30443,2333
30444,1765
30445,2457
30446,2101
30447,1856
30448,1983
30449,3144
30450,2822
30451,2731
30452,2513
30453,3197
30454,2620
30455,2575
30456,2431
30457,2661
30458,3715
30459,2451
30460,3460
30461,2135
30462,2747
30463,2728
30464,2800
30465,2016
30466,2246
30467,3005
30468,2645
30469,2240
30470,2603
30471,1221
30472,3070
30473,2380
30474,2716
30475,2236
30476,3251
30477,2523
30478,2764
30479,2419
30480,2565
30481,2682
30482,1878
30483,2887
30484,2447
30485,2434
30486,3517
30487,2759
30488,3118
30489,2487
30490,2578
30491,3518
30492,2790
30493,2074
30494,2938
30495,2820
30496,2796
30497,2656
30498,2781
30499,3026
30500,2670
30501,2771
30502,3230
30503,2945
30504,2192
30505,1733
30506,2981
30507,3733
30508,2798
30509,2728
30510,3138
30511,2576
30512,2984
30513,2825
30514,2010
30515,2295
30516,2705
30517,2713
30518,3055
30519,2504
30520,3162
30521,3071
30522,2813
30523,3252
30524,2959
30525,-1
30526,2267
30527,2946
30528,2256
30529,3510
30530,-1
30531,2374
30532,2521
30533,2809
30534,3175
30535,-1
30536,3143
30537,2519
30538,2466
30539,2875
30540,2276
30541,3495
30542,3285
30543,2324
30544,2526
30545,2457
30546,2932
30547,1673
30548,2619
30549,2431
30550,2497
30551,1769
30552,2727
30553,2492
30554,2299
30555,2134
30556,2619
30557,2383
30558,3539
30559,2491
30560,3118
30561,2938
30562,3129
30563,-1
30564,2269
30565,2910
30566,2661
30567,2464
30568,3975
30569,2439
30570,2975
30571,2813
30572,2050
30573,2651
30574,1643
30575,2422
30576,3116
30577,3023
30578,2706
30579,2702
30580,2959
30581,2666
30582,2873
30583,2018
30584,2658
30585,2147
30586,2978
30587,2093
30588,-1
30589,2370
30590,2533
30591,3010
30592,2675
30593,2414
30594,2776
30595,2574
30596,2523
30597,2910
30598,2355
30599,2969
30600,2460
30601,2157
30602,1444
30603,1867
30604,3100
30605,3078
30606,2625
30607,2155
30608,2835
30609,3963
30610,2973
30611,2677
30612,2556
30613,2371
30614,1764
30615,2312
30616,2109
30617,2776
30618,2635
30619,2350
30620,3109
30621,3044
30622,2534
30623,2611
30624,2421
30625,2762
30626,2477
30627,2773
30628,2539
30629,2832
30630,1784
30631,2616
30632,2836
30633,2652
30634,2590
30635,3148
30636,2919
30637,2582
30638,2765
30639,1853
30640,2666
30641,1838
30642,2472
30643,1836
30644,2679
30645,3011
30646,3139
30647,2674
30648,2538
30649,2859
30650,1692
30651,2148
30652,2469
30653,2957
30654,2147
30655,2882
30656,2308
30657,2635
30658,1963
30659,2872
30660,2781
30661,2849
30662,2854
30663,3056
30664,2340
30665,2448
30666,2054
30667,2439
30668,3069
30669,3305
30670,2435
30671,2288
30672,2681
30673,2803
30674,2472
30675,3025
30676,2573
30677,2888
30678,2510
30679,-1
30680,2564
30681,2707
30682,2712
30683,2492
30684,2320
30685,2718
30686,2263
30687,2850
30688,2377
30689,2779
30690,2053
30691,3260
30692,2229
30693,2472
30694,2780
30695,2302
30696,2734
30697,2499
30698,1318
30699,-1
30700,3389
30701,2488
30702,2609
30703,2474
30704,1328
30705,2630
30706,2746
30707,1946
30708,2621
30709,2286
30710,2358
30711,3002
30712,2141
30713,3666
30714,2638
30715,2500
30716,1533
30717,-1
30718,1865
30719,2863
30720,2312
30721,2379
30722,2849
30723,2503
30724,2287
30725,2643
30726,2689
30727,2140
30728,2504
30729,3003
30730,3453
30731,3142
30732,3592
30733,2091
30734,2480
30735,3437
30736,2496
30737,2245
30738,2289
30739,2324
30740,2267
30741,2574
30742,2450
30743,-1
30744,2559
30745,2210
30746,2773
30747,2004
30748,2591
30749,3306
30750,2703
30751,3162
30752,2275
30753,2249
30754,2876
30755,3199
30756,2446
30757,3444
30758,2505
30759,3348
30760,2489
30761,2787
30762,2831
30763,2606
30764,2597
30765,2609
30766,2839
30767,2905
30768,1526
30769,3354
30770,3059
30771,1963
30772,2894
30773,2037
30774,1994
30775,2517
30776,2202
30777,2917
30778,2715
30779,2972
30780,2202
30781,3164
30782,2341
30783,2258
30784,3049
30785,2644
30786,2586
30787,2136
30788,2969
30789,2203
30790,595
30791,3037
30792,2029
30793,2313
30794,3287
30795,3045
30796,2686
30797,2310
30798,2913
30799,3305
30800,2634
30801,2444
30802,3195
30803,3047
30804,2685
30805,3001
30806,2681
30807,2486
30808,2965
30809,2738
30810,1970
30811,2193
30812,2822
30813,2663
30814,2456
30815,2015
30816,3186
30817,2687
30818,2419
30819,2663
30820,2184
30821,3860
30822,2363
30823,3233
30824,2318
30825,-1
30826,2933
30827,2295
30828,2716
30829,1634
30830,2543
30831,2814
30832,3276
30833,2511
30834,3008
30835,2923
30836,2067
30837,1957
30838,1957
30839,2783
30840,2533
30841,3308
30842,2514
30843,3074
30844,2607
30845,2698
30846,3275
30847,2813
30848,3312
30849,2841
30850,2504
30851,2022
30852,2363
30853,3120
30854,1670
30855,2883
30856,3165
30857,2210
30858,2723
30859,2654
30860,2891
30861,2799
30862,2940
30863,2260
30864,3035
30865,-1
30866,1789
30867,3946
30868,2453
30869,3483
30870,2375
30871,2702
30872,2979
30873,1379
30874,2023
30875,3111
30876,3013
30877,2396
30878,3068
30879,2704
30880,2814
30881,2810
30882,2789
30883,2617
30884,3089
30885,2903
30886,2042
30887,2565
30888,2373
30889,2769
30890,2052
30891,2355
30892,2717
30893,1922
30894,2834
30895,2738
30896,2382
30897,2348
30898,2056
30899,2708
30900,2591
30901,3426
30902,2810
30903,2536
30904,3196
30905,2577
30906,3290
30907,3153
30908,2872
30909,2340
30910,3313
30911,3067
30912,2760
30913,2709
30914,2382
30915,2010
30916,2583
30917,2127
30918,2448
30919,3539
30920,2763
30921,2030
30922,2660
30923,2813
30924,2465
30925,3541
30926,3764
30927,-1
30928,2893
30929,2943
30930,2687
30931,2807
30932,2248
30933,2441
30934,3457
30935,2252
30936,2312
30937,2466
30938,2941
30939,2665
30940,1688
30941,2326
30942,2815
30943,2045
30944,2170
30945,2422
30946,2700
30947,3276
30948,3415
30949,2518
30950,2591
30951,2630
30952,2180
30953,2971
30954,2709
30955,2186
30956,2353
30957,3151
30958,2732
30959,3322
30960,2164
30961,2475
30962,3518
30963,2517
30964,2806
30965,2452
30966,2066
30967,2830
30968,3105
30969,2271
30970,3662
30971,2089
30972,2080
30973,3227
30974,2589
30975,3063
30976,2848
30977,2535
30978,2214
30979,2663
30980,3090
30981,3593
30982,2073
30983,2214
30984,2554
30985,2452
30986,3189
30987,2398
30988,2218
30989,1947
30990,1759
30991,2972
30992,2707
30993,2609
30994,2239
30995,3442
30996,2339
30997,1579
30998,2833
30999,2769
31000,2350
31001,2519
31002,2775
31003,2462
31004,1901
31005,2995
31006,2438
31007,2730
31008,2833
31009,2852
31010,2039
31011,2343
31012,2342
31013,2387
31014,2310
31015,2410
31016,3205
31017,-1
31018,2370
31019,2541
31020,1968
31021,2213
31022,2859
31023,1673
31024,2411
31025,3179
31026,2370
31027,2506
31028,2972
31029,2421
31030,2768
31031,2452
31032,1962
31033,2534
31034,3384
31035,1911
31036,2942
31037,2519
31038,2981
31039,3023
31040,2629
31041,2561
31042,2734
31043,3048
31044,2713
31045,3140
31046,2195
31047,2900
31048,2600
31049,1885
31050,2283
31051,3205
31052,2481
31053,2983
31054,2287
31055,2558
31056,1527
31057,2699
31058,2476
31059,2708
31060,2462
31061,-1
31062,1845
31063,3267
31064,2819
31065,3310
31066,2667
31067,2695
31068,2748
31069,2505
31070,2252
31071,2511
31072,2122
31073,1963
31074,2726
31075,2778
31076,2649
31077,3076
31078,3102
31079,2941
31080,2145
31081,2651
31082,3167
31083,2284
31084,2243
31085,2938
31086,2708
31087,2667
31088,2544
31089,2841
31090,-1
31091,2572
31092,3059
31093,2518
31094,2533
31095,2729
31096,2738
31097,2036
31098,2776
31099,1994
31100,2406
31101,3243
31102,2329
31103,2225
31104,2724
31105,2643
31106,2974
31107,2089
31108,3426
31109,3569
31110,2487
31111,2856
31112,2957
31113,2374
31114,2998
31115,2458
31116,2568
31117,2402
31118,3646
31119,3477
31120,2727
31121,2324
31122,-1
31123,2217
31124,2114
31125,2890
31126,2327
31127,3252
31128,3259
31129,2201
31130,2304
31131,2827
31132,2320
31133,2072
31134,2420
31135,2528
31136,2040
31137,3331
31138,2153
31139,2439
31140,2814
31141,3050
31142,2884
31143,2708
31144,2383
31145,2746
31146,3163
31147,1483
31148,2586
31149,2045
31150,2749
31151,2616
31152,2806
31153,3122
31154,1548
31155,2378
31156,2157
31157,2556
31158,2457
31159,2843
31160,2017
31161,2322
31162,2890
31163,2564
31164,2653
31165,2574
31166,3078
31167,2161
31168,3199
31169,1923
31170,2960
31171,3041
31172,2585
31173,2592
31174,2826
31175,2553
31176,2724
31177,3084
31178,2570
31179,2341
31180,3242
31181,2539
31182,2353
31183,2224
31184,2394
31185,1928
31186,3247
31187,1826
31188,3048
31189,2148
31190,2992
31191,2349
31192,3558
31193,2543
31194,2420
31195,2671
31196,2654
31197,2891
31198,2825
31199,3176
31200,2758
31201,2628
31202,2407
31203,2914
31204,2592
31205,2558
31206,2742
31207,2518
31208,2553
31209,2641
31210,2938
31211,2835
31212,2259
31213,2914
31214,2109
31215,3057
31216,3008
31217,3037
31218,1124
31219,-1
31220,2667
31221,3025
31222,2105
31223,2532
31224,-1
31225,2455
31226,2432
31227,2450
31228,2101
31229,3186
31230,2137
31231,2775
31232,2566
31233,2475
31234,2932
31235,2340
31236,2836
31237,2621
31238,2134
31239,3243
31240,2515
31241,2735
31242,3483
31243,2455
31244,1603
31245,2424
31246,2926
31247,2438
31248,3212
31249,2556
31250,2824
31251,3100
31252,2557
31253,3052
31254,2867
31255,2342
31256,3598
31257,2344
31258,1237
31259,2942
31260,2367
31261,2632
31262,2641
31263,3307
31264,2572
31265,399
31266,2593
31267,3204
31268,2603
31269,2619
31270,1898
31271,2231
31272,3179
31273,1429
31274,2957
31275,2642
31276,2427
31277,2717
31278,2558
31279,2288
31280,2823
31281,2863
31282,2080
31283,2544
31284,1937
31285,2758
31286,2266
31287,2343
31288,306
31289,2651
31290,2439
31291,2466
31292,2313
31293,2800
31294,2420
31295,-1
31296,2483
31297,3390
31298,2554
31299,2418
31300,2827
31301,3022
31302,3328
31303,2648
31304,2528
31305,2143
31306,2062
31307,2402
31308,2203
31309,2147
31310,3149
31311,2521
31312,3775
31313,2279
31314,3332
31315,2090
31316,2775
31317,2418
31318,2357
31319,2371
31320,2629
31321,2412
31322,2773
31323,2872
31324,2152
31325,2325
31326,2163
31327,3353
31328,2877
31329,2641
31330,-1
31331,2617
31332,2569
31333,3042
31334,2783
31335,2514
31336,2612
31337,2424
31338,2225
31339,3165
31340,2969
31341,2643
31342,2571
31343,2780
31344,2774
31345,3090
31346,3131
31347,1962
31348,2505
31349,3136
31350,2785
31351,3245
31352,2111
31353,3256
31354,2371
31355,2846
31356,2772
31357,2731
31358,2574
31359,2858
31360,2534
31361,2363
31362,2403
31363,2959
31364,3305
31365,3096
31366,2841
31367,2683
31368,2783
31369,1841
31370,2624
31371,2534
31372,2707
31373,3261
31374,2778
31375,2656
31376,2656
31377,2198
31378,2836
31379,2825
31380,3403
31381,1866
31382,-1
31383,2495
31384,2490
31385,2260
31386,2592
31387,2828
31388,4458
31389,2896
31390,2234
31391,2121
31392,2333
31393,2436
31394,2673
31395,2696
31396,2201
31397,3588
31398,2721
31399,2931
31400,2366
31401,2843
31402,3266
31403,3044
31404,690
31405,1423
31406,2562
31407,3261
31408,2069
31409,2678
31410,2820
31411,2409
31412,394
31413,2511
31414,2883
31415,2515
31416,2674
31417,2750
31418,1882
31419,-1
31420,2987
31421,2292
31422,2905
31423,2533
31424,2936
31425,2118
31426,2843
31427,2082
31428,2336
31429,2690
31430,2504
31431,1940
31432,2655
31433,3272
31434,2724
31435,2039
31436,2991
31437,2591
31438,2734
31439,2869
31440,2447
31441,2659
31442,1696
31443,2299
31444,2572
31445,2592
31446,2446
31447,2551
31448,2000
31449,3576
31450,2910
31451,2516
31452,2851
31453,1342
31454,2314
31455,3597
31456,2073
31457,2321
31458,3327
31459,3290
31460,3011
31461,2606
31462,3086
31463,2767
31464,1750
31465,2841
31466,2622
31467,2755
31468,2467
31469,2857
31470,2859
31471,3464
31472,2838
31473,2997
31474,3385
31475,2870
31476,2277
31477,3195
31478,1930
31479,3321
31480,2596
31481,2309
31482,2377
31483,2790
31484,1946
31485,2511
31486,2889
31487,3201
31488,2152
31489,3031
31490,2127
31491,2495
31492,2687
31493,2249
31494,2454
31495,3155
31496,2497
31497,2957
31498,2675
31499,2932
31500,3253
31501,2951
31502,2767
31503,2147
31504,2658
31505,2581
31506,3206
31507,3220
31508,2861
31509,2464
31510,2317
31511,2262
31512,2327
31513,2680
31514,2891
31515,2888
31516,2003
31517,1945
31518,2527
31519,2829
31520,2530
31521,2383
31522,2514
31523,2661
31524,798
31525,2539
31526,2499
31527,2438
31528,2729
31529,1679
31530,1958
31531,2933
31532,3111
31533,2364
31534,2560
31535,2209
31536,2036
31537,2612
31538,2702
31539,3437
31540,2172
31541,2466
31542,2375
31543,2719
31544,2421
31545,3044
31546,2605
31547,2556
31548,2433
31549,3988
31550,2366
31551,2602
31552,2550
31553,2348
31554,3219
31555,1896
31556,2305
31557,3325
31558,2785
31559,3335
31560,2067
31561,2164
31562,2896
31563,2994
31564,1957
31565,2658
31566,2568
31567,2515
31568,3180
31569,3193
31570,2736
31571,2435
31572,2144
31573,2467
31574,1888
31575,2339
31576,2610
31577,2837
31578,2014
31579,2237
31580,3291
31581,3099
31582,2741
31583,2416
31584,2426
31585,1672
31586,2230
31587,2480
31588,2377
31589,-1
31590,2311
31591,2492
31592,2726
31593,2391
31594,2057
31595,2862
31596,2574
31597,2554
31598,2364
31599,2427
31600,2472
31601,3040
31602,2654
31603,2610
31604,3239
31605,3719
31606,3050
31607,2864
31608,2533
31609,3035
31610,2970
31611,2545
31612,2256
31613,3677
31614,3501
31615,2941
31616,2894
31617,2628
31618,2195
31619,1868
31620,2765
31621,2931
31622,1831
31623,-1
31624,2467
31625,2320
31626,3145
31627,1996
31628,3283
31629,2130
31630,2853
31631,2523
31632,2802
31633,3218
31634,2844
31635,1912
31636,2469
31637,3344
31638,2833
31639,2335
31640,2620
31641,2544
31642,2268
31643,2786
31644,2241
31645,2530
31646,3066
31647,2470
31648,2267
31649,2647
31650,1823
31651,2460
31652,2960
31653,2414
31654,2013
31655,1651
31656,3161
31657,1974
31658,2541
31659,3264
31660,2928
31661,2401
31662,2785
31663,3162
31664,2395
31665,2739
31666,2954
31667,1909
31668,2865
31669,2756
31670,2452
31671,2673
31672,3137
31673,2974
31674,2747
31675,2216
31676,3854
31677,3442
31678,2433
31679,2568
31680,2934
31681,2897
31682,2940
31683,1887
31684,3145
31685,2881
31686,2463
31687,2318
31688,2472
31689,2621
31690,2573
31691,2916
31692,2130
31693,3133
31694,3157
31695,2132
31696,2205
31697,2130
31698,2124
31699,2668
31700,2759
31701,2478
31702,2461
31703,2636
31704,2869
31705,3805
31706,2909
31707,2613
31708,2759
31709,3283
31710,3387
31711,2462
31712,2818
31713,2599
31714,2841
31715,2408
31716,-1
31717,3573
31718,2526
31719,2551
31720,1929
31721,3132
31722,2747
31723,3636
31724,2797
31725,2586
31726,3067
31727,2146
31728,1922
31729,2804
31730,1913
31731,3025
31732,2510
31733,2982
31734,3098
31735,2535
31736,2105
31737,2772
31738,3015
31739,2683
31740,2417
31741,2606
31742,1943
31743,2351
31744,2929
31745,2763
31746,2774
31747,2984
31748,3444
31749,2254
31750,2367
31751,2161
31752,3530
31753,1411
31754,2613
31755,2884
31756,3028
31757,1973
31758,2387
31759,2760
31760,2435
31761,2749
31762,2717
31763,1874
31764,2687
31765,1972
31766,3302
31767,2502
31768,3571
31769,3020
31770,2908
31771,3035
31772,2931
31773,3209
31774,1507
31775,1934
31776,3140
31777,3570
31778,3008
31779,2975
31780,2220
31781,2934
31782,2332
31783,3116
31784,3497
31785,2839
31786,2995
31787,2040
31788,3021
31789,2317
31790,2711
31791,2958
31792,2338
31793,2692
31794,1507
31795,2859
31796,2836
31797,2557
31798,2341
31799,2208
31800,2506
31801,2803
31802,2502
31803,2557
31804,2415
31805,2407
31806,2256
31807,2833
31808,2033
31809,2637
31810,3235
31811,2651
31812,2768
31813,2067
31814,3313
31815,2921
31816,3402
31817,2735
31818,2072
31819,3116
31820,2714
31821,2499
31822,2807
31823,2568
31824,2764
31825,2121
31826,2770
31827,2432
31828,2917
31829,3506
31830,2764
31831,2065
31832,2163
31833,3536
31834,2159
31835,2850
31836,2684
31837,3147
31838,4851
31839,2057
31840,2788
31841,2516
31842,3119
31843,3292
31844,2322
31845,2245
31846,2115
31847,2699
31848,2818
31849,3144
31850,2665
31851,3186
31852,3181
31853,2959
31854,2453
31855,2560
31856,2447
31857,2161
31858,2682
31859,2378
31860,2958
31861,2571
31862,2830
31863,2858
31864,3470
31865,2317
31866,2954
31867,3299
31868,2538
31869,2957
31870,2355
31871,2420
31872,2632
31873,1945
31874,3240
31875,1734
31876,2930
31877,2933
31878,2815
31879,2492
31880,1688
31881,2533
31882,3309
31883,2153
31884,3151
31885,3043
31886,3051
31887,2457
31888,2504
31889,2339
31890,1954
31891,2150
31892,2077
31893,2368
31894,2435
31895,1623
31896,2727
31897,3307
31898,2881
31899,2232
31900,2447
31901,1893
31902,3035
31903,2996
31904,3106
31905,2914
31906,2581
31907,2819
31908,2508
31909,2743
31910,2709
31911,3002
31912,2271
31913,2479
31914,3389
31915,1976
31916,2077
31917,3004
31918,2573
31919,-1
31920,2042
31921,2597
31922,2673
31923,2442
31924,2805
31925,2122
31926,2156
31927,2937
31928,2437
31929,2804
31930,2956
31931,2698
31932,2490
31933,2599
31934,2375
31935,-1
31936,3191
31937,2909
31938,2539
31939,2109
31940,3041
31941,2227
31942,2703
31943,2180
31944,2660
31945,3471
31946,3032
31947,3049
31948,2643
31949,2400
31950,2247
31951,2253
31952,3354
31953,2206
31954,2877
31955,2334
31956,2111
31957,2360
31958,2598
31959,2401
31960,2307
31961,3038
31962,3156
31963,2946
31964,1483
31965,2173
31966,2635
31967,2547
31968,3357
31969,3951
31970,2845
31971,2383
31972,2228
31973,2175
31974,3431
31975,3233
31976,2914
31977,3092
31978,2876
31979,3125
31980,2048
31981,2237
31982,2739
31983,2651
31984,3050
31985,2487
31986,2109
31987,2609
31988,2005
31989,2273
31990,2800
31991,2564
31992,2375
31993,1099
31994,2548
31995,3233
31996,2520
31997,2709
31998,2590
31999,3414
