8000
0 1775 846
0 7640 74
0 363 767
0 4558 371
1 7481 276
1 4051 553
1 4504 581
2 3374 77
2 165 334
2 2877 69
2 4415 225
3 5509 126
3 466 452
3 6513 940
3 4667 718
4 1712 439
4 7842 870
4 4989 438
4 4680 479
5 2026 190
5 4982 458
5 6017 835
5 870 268
5 6328 473
6 6818 276
6 5817 279
6 6260 872
6 2077 579
6 5279 162
7 780 364
7 7387 457
7 6775 860
7 5450 609
8 1404 401
8 3568 430
8 4272 699
8 4717 35
9 5409 952
10 3865 952
10 7973 638
10 6344 882
10 1991 643
10 382 295
11 6792 73
11 1373 417
11 4970 854
11 5838 680
11 1600 967
11 1029 935
12 6852 94
12 4194 937
12 1186 754
12 7843 320
12 3532 356
13 7428 936
13 321 792
13 4683 897
13 4849 126
13 6459 687
13 2983 796
14 2770 313
14 3446 981
14 3632 772
14 1373 715
15 1307 67
15 3270 426
15 6881 520
16 5913 551
16 2805 324
16 2102 74
16 3647 572
16 605 564
17 6109 415
17 1554 250
17 5604 167
17 3749 358
17 3472 129
17 3250 226
17 3751 833
17 2044 461
18 7872 59
18 251 889
19 5053 50
19 7666 732
19 1196 804
19 6012 206
19 6755 703
19 1034 719
19 4935 614
19 3471 617
19 7816 406
20 7599 80
20 421 857
20 5435 455
20 1130 202
21 6762 32
21 5708 833
21 5091 200
21 5614 27
21 7081 472
21 2370 10
22 5146 664
22 1224 331
22 6467 111
22 7440 427
23 7424 315
23 5267 369
23 744 521
24 2472 947
24 6848 483
24 21 122
24 7271 685
25 1992 487
25 7503 711
25 5032 793
25 635 219
25 4994 796
26 7636 846
26 1163 640
26 1453 926
26 6766 1
26 6544 65
27 2414 220
27 6852 379
27 4453 569
27 2629 667
27 3282 758
28 221 465
28 1298 89
28 256 325
28 5126 16
28 7984 543
29 7239 558
29 392 479
29 5086 25
29 2060 786
29 5473 756
30 3910 879
30 1920 942
30 5934 890
30 7883 754
30 2462 893
30 2682 257
30 7762 336
31 4141 145
31 7118 760
31 1455 802
32 6498 914
32 1657 18
32 7637 688
32 2981 285
32 4161 860
33 1590 327
33 2293 271
33 1168 180
33 4531 450
33 1526 608
34 7209 233
34 6945 950
35 4591 115
35 5794 100
35 6961 628
35 2832 780
35 3107 777
36 1645 440
36 4588 988
37 6893 845
37 3755 246
37 4089 7
37 3470 305
37 5917 839
37 7484 265
37 7425 868
37 1591 85
38 6057 216
38 1462 200
39 7611 41
39 3795 522
39 1098 621
39 1442 680
39 356 490
40 4426 489
40 2657 9
40 6579 177
40 2797 283
41 1263 908
42 1394 282
42 4462 543
43 2950 525
43 542 767
43 5989 352
43 6936 219
43 2369 846
43 6613 869
43 6114 120
44 6571 535
44 7794 336
44 4624 283
45 5529 895
45 5162 5
46 1827 598
47 1525 386
47 5748 906
47 743 757
47 4658 522
47 4309 30
48 755 676
48 2780 870
48 3661 438
48 4897 653
49 1914 245
50 7239 430
51 3433 278
51 6367 299
52 7374 823
52 1736 949
52 7713 563
52 5469 187
52 3571 436
53 4519 72
53 7696 711
53 4554 157
53 6579 779
54 5307 409
54 4343 968
55 3997 313
55 2199 91
55 735 844
56 847 439
57 1907 147
57 4671 225
58 253 379
58 6282 311
58 4243 286
58 420 313
58 5434 225
59 3415 112
59 7743 737
59 1850 800
59 5766 367
59 5616 889
60 2404 257
60 3637 865
60 6700 150
60 4623 782
61 2416 760
61 6981 667
61 3517 424
61 6327 743
61 2322 758
61 4068 66
61 3310 801
62 3734 693
62 1841 896
62 449 107
62 2799 532
63 6711 507
63 1155 735
63 4235 443
64 5439 631
64 4932 930
64 5962 481
65 1128 788
65 5436 417
65 27 904
65 3971 855
65 4345 577
66 7568 95
66 6336 823
66 2807 302
66 2893 152
66 2757 842
66 5665 44
67 5566 18
67 538 832
67 2523 457
68 701 873
68 1664 950
69 4490 722
69 4887 777
69 1709 371
69 3809 309
69 2966 326
69 3195 407
69 3487 731
69 7869 817
70 1602 556
70 3484 112
70 1962 452
70 2043 67
70 1646 75
71 2688 322
71 5003 187
72 3996 821
72 6572 460
72 4008 634
72 917 475
72 5795 969
73 5321 403
73 4212 296
73 2796 593
73 5943 576
73 5568 653
73 2654 878
74 505 367
74 6770 937
75 197 311
75 4166 815
75 3822 745
75 6749 982
75 619 871
76 2634 104
76 7202 54
76 7292 350
76 2381 926
76 2873 677
76 582 76
77 6351 170
77 2486 980
77 1517 732
77 1685 292
78 3323 188
78 5658 156
78 4592 977
78 3887 70
79 7243 987
80 2723 10
80 5753 264
80 4260 72
81 1519 298
81 2231 740
81 1260 195
81 3469 785
82 5209 875
82 3866 368
82 1697 392
82 4182 953
82 2817 915
83 7143 430
83 6041 210
84 5663 311
84 6437 455
84 7610 525
84 4565 91
84 4487 976
84 2357 103
84 7531 262
84 4591 926
85 5017 147
85 7100 134
85 7670 271
85 557 613
85 4598 366
85 6277 429
86 3671 135
86 5234 789
86 6368 105
86 834 664
86 2280 997
86 4241 883
87 2480 190
87 4356 876
87 2331 498
87 7059 802
88 859 124
88 4155 611
88 2841 592
88 2608 674
88 4695 298
88 5117 941
88 3623 657
89 1897 684
89 6196 153
89 7507 285
89 5077 7
90 1993 858
91 5109 281
91 1208 784
92 6981 716
92 2437 321
92 5229 488
93 6157 412
93 2611 762
93 7893 753
94 3150 193
94 5127 724
94 299 588
95 7876 377
95 4580 969
95 3952 263
96 6159 380
96 5563 11
96 1917 184
97 7909 502
97 237 804
97 7499 737
97 403 255
97 1034 290
97 742 987
98 3314 38
98 3001 368
98 4343 946
98 3816 214
98 6966 122
98 5144 45
98 3555 694
99 519 228
99 2379 449
99 2534 355
99 3599 179
99 3208 20
100 5050 257
100 1616 661
100 5259 347
100 4554 875
100 1184 603
101 2263 874
101 6134 607
102 5693 406
102 6473 750
103 7554 628
103 4546 232
103 7549 113
104 864 225
105 4303 525
105 7004 354
105 228 611
106 3792 574
107 1178 656
107 4050 496
107 3673 763
108 4837 2
108 6533 920
108 331 3
108 7824 109
108 5966 491
108 6400 784
108 2466 602
109 2573 27
109 6441 571
109 6756 498
109 7881 599
110 85 295
110 3080 131
110 6754 61
111 4061 890
111 2114 621
112 7315 66
112 3315 34
112 2457 863
112 4526 274
113 4619 185
113 7243 155
113 7892 661
113 5098 254
114 7021 425
115 2459 184
115 5366 764
115 7781 92
115 5570 161
116 1951 106
116 7420 619
117 5791 479
117 6266 510
117 3184 112
117 2480 995
117 5596 351
118 1540 695
118 545 937
118 321 108
118 6868 61
120 6218 823
120 3494 596
120 1116 632
120 621 157
120 1707 774
120 6671 994
121 1017 894
121 5845 76
122 1252 57
122 5822 156
122 3685 439
122 3852 332
122 5357 678
122 6867 923
122 346 523
123 3600 110
123 4649 629
123 6867 788
124 6864 732
125 4415 690
125 1245 240
125 4920 50
126 5201 203
126 2824 916
127 1910 69
127 6422 600
127 2177 483
127 7924 52
127 5605 11
127 1365 431
128 6977 284
128 6558 926
128 7697 536
128 1212 583
128 2876 384
129 2215 21
129 2138 912
130 540 644
130 1721 27
130 5264 919
131 4364 718
131 1962 564
131 302 990
131 7725 739
131 358 626
132 319 51
132 2674 868
132 4230 894
132 1166 972
133 2115 944
133 4121 740
133 2711 372
134 6435 967
134 6374 256
134 4381 177
135 4677 646
135 2045 781
136 4146 236
136 3361 260
136 7070 279
136 5281 475
136 6672 159
137 2648 16
137 5813 477
137 6146 240
137 307 798
138 841 880
138 4014 293
138 4822 689
138 4560 522
139 5579 182
140 2482 441
140 5919 373
140 119 239
140 7791 629
140 4866 415
140 896 34
141 3365 586
141 5233 441
142 4821 225
142 4763 104
142 1912 823
143 5306 593
143 5110 57
143 4175 876
143 82 170
143 1825 789
143 5154 709
144 4800 805
144 3604 791
144 3127 704
144 2075 524
144 1877 170
144 2069 23
145 2331 232
145 5572 204
145 557 644
145 5385 39
145 4085 133
146 1861 919
146 1152 80
146 1909 460
147 2687 837
148 1665 590
149 885 561
149 6240 730
149 5404 318
149 3866 81
149 4624 550
150 7200 733
150 6449 187
150 4410 600
150 801 813
151 4901 452
151 2867 300
151 1280 49
151 5432 128
152 4805 831
152 5555 591
152 255 381
152 2379 137
153 5489 87
153 2900 376
153 7810 649
153 1515 407
153 1450 656
154 2728 465
154 2293 394
154 5404 541
154 4886 409
154 6119 819
155 7084 888
155 5146 347
155 6156 206
155 6257 741
155 4928 653
155 1258 220
156 5048 252
156 1832 420
156 1022 268
156 7106 869
156 2055 393
156 717 803
156 4120 560
156 1883 761
156 7327 208
157 2473 126
157 6138 935
157 2793 694
157 6940 565
157 4261 702
157 541 355
157 383 423
157 6926 406
158 5746 952
158 3416 45
158 4041 174
158 3609 711
158 7249 831
158 4875 556
158 1955 586
159 3231 731
159 4205 949
159 5409 16
159 4387 726
159 6626 202
159 1381 61
160 1541 446
160 1879 285
160 1036 771
160 987 324
160 7015 407
161 3554 296
161 1798 712
161 7530 886
161 1554 338
161 742 889
162 4496 157
162 861 430
162 7941 608
163 7953 617
163 5650 812
163 5001 598
164 3424 616
164 772 660
164 3715 391
164 7519 98
164 7036 338
164 6723 423
164 3608 373
165 3064 896
165 2449 149
165 1936 487
165 2468 484
165 7329 574
166 7926 328
166 5057 850
167 2917 822
167 6645 720
167 979 793
167 1043 869
167 6126 77
168 7392 652
168 4167 426
168 6517 757
168 5858 448
168 4396 156
168 776 147
169 2734 965
169 880 492
169 149 184
170 1968 390
170 7735 999
170 5521 505
171 4827 528
171 5459 749
172 910 888
173 2733 292
173 7112 375
173 7722 459
173 6717 340
174 3823 838
174 4696 996
174 3832 579
175 2497 524
176 7915 535
177 7931 143
177 6293 568
177 2539 618
178 5669 122
178 3465 912
178 1668 460
179 724 625
179 1178 909
179 7086 546
179 5385 332
179 3936 143
180 4260 572
180 2675 896
180 1402 762
180 5097 695
180 2520 633
180 5606 352
180 2455 642
181 3954 588
181 2114 498
181 197 881
182 3635 813
182 7329 126
183 1350 949
183 1442 882
183 7381 435
183 6531 37
183 5338 567
184 6670 581
184 1186 945
184 4425 631
185 7088 782
185 5405 882
185 3945 987
185 7266 245
186 6131 79
186 4066 402
186 2197 20
186 3766 345
186 7674 68
187 5433 527
188 7407 973
188 972 569
188 3605 269
188 2933 166
189 5326 179
189 3400 532
189 6163 527
189 6950 962
189 4790 435
190 4277 208
190 1815 221
190 3598 114
191 1922 460
192 7201 224
192 1893 224
192 2261 682
192 822 742
192 227 501
193 1530 3
193 3225 661
194 5958 433
194 7636 275
194 6163 75
194 4057 370
194 5929 980
195 6968 625
195 2093 271
195 1331 198
196 6695 531
196 2553 827
197 6541 944
197 6597 826
197 6389 138
197 5979 852
197 1810 610
198 7295 117
198 5654 644
199 5374 644
199 1147 170
199 6957 654
199 6571 944
200 3376 528
200 421 598
200 5736 318
201 6561 420
201 6377 652
201 4679 506
201 3663 673
201 1489 263
202 5008 456
202 3989 773
202 5057 270
202 3630 906
203 4170 862
203 5174 803
204 7471 382
204 817 400
204 5089 890
204 2272 891
205 1325 8
205 1364 312
205 3476 287
206 6203 309
206 3846 336
207 5263 30
207 5922 153
207 1888 437
208 2779 332
208 6358 266
208 763 908
209 3332 106
209 4116 322
209 1356 258
210 1464 974
210 5030 737
210 517 928
210 595 540
211 191 530
211 4262 773
211 6422 351
212 3868 489
212 5087 914
213 4170 678
213 3346 178
213 7291 627
214 78 101
214 7382 467
214 1655 511
215 971 159
215 1758 774
216 3901 372
216 5112 797
216 1226 893
216 7564 233
216 2801 221
216 2685 940
217 833 827
217 6320 256
217 1793 2
217 2746 814
218 1989 701
218 1783 456
219 4732 622
219 5028 281
219 1858 392
219 2344 146
219 345 787
221 298 605
221 6779 154
221 2081 385
221 6299 287
221 5836 375
221 2786 959
222 3151 595
222 6279 913
222 7558 207
222 3218 35
223 5576 122
223 2342 763
223 6529 672
224 3227 931
224 5485 667
225 471 89
225 7003 467
225 6856 227
225 2308 765
225 714 439
226 7853 620
226 2743 833
227 5041 842
227 2095 786
227 5125 458
227 6972 197
228 362 117
228 2549 697
229 4558 949
229 3265 222
230 5172 791
230 5186 786
230 3324 944
231 4680 965
231 2748 53
232 2052 956
232 4864 853
232 7667 341
233 7400 717
233 4399 580
233 2416 736
233 2829 639
233 6467 946
233 7056 379
234 6505 775
234 7304 31
234 2701 683
234 2836 363
234 5388 570
234 6720 160
234 4320 106
234 6695 601
235 1534 862
235 3528 765
235 3632 881
236 3469 869
236 5089 610
236 3022 629
236 3620 195
236 4307 438
236 2653 791
237 5294 152
237 1582 104
237 2067 988
237 3762 547
237 1513 276
238 1170 558
238 4807 837
238 6560 556
238 1615 760
238 4980 337
239 2432 334
239 7126 189
239 4561 857
240 7358 350
240 2411 245
240 2908 678
240 3146 772
240 5284 587
241 250 407
241 7401 243
241 4095 59
242 4600 692
242 4040 761
242 7990 513
242 3901 921
242 5243 400
243 7561 716
243 4749 208
244 1297 162
244 2020 788
245 2286 328
245 2074 579
245 6561 742
245 1144 882
246 2028 382
246 2717 151
246 3930 198
247 6004 546
247 2884 682
247 4537 443
247 3389 134
247 1229 612
247 654 941
247 5462 912
248 5641 684
248 3616 877
248 6241 363
248 6691 881
248 7249 570
248 3099 117
249 2127 556
249 7141 456
249 4307 271
249 3212 497
249 703 669
250 2356 464
250 273 410
250 4261 911
251 7155 162
251 7379 549
252 4957 482
252 700 123
252 3875 161
252 7560 409
253 5275 161
253 2744 613
253 1133 843
253 6316 954
253 6472 924
254 4983 602
254 5572 843
254 3165 326
254 2129 941
254 1698 195
254 5835 202
255 1474 444
255 5065 142
255 7199 765
255 2598 652
256 4188 135
256 4558 977
256 4381 65
257 766 616
257 4988 984
257 3825 189
257 5937 345
258 3159 597
258 2670 30
258 3453 82
258 1804 670
258 409 268
259 135 389
259 518 855
259 4540 76
259 3341 135
259 6548 928
260 923 557
260 5739 498
260 5188 939
260 7154 510
260 5257 766
261 6968 224
261 426 847
261 3821 150
262 4311 1000
262 5769 193
262 7413 635
262 6497 351
263 2588 493
263 5712 619
264 3746 959
264 4415 597
264 6848 535
264 5116 846
264 1744 299
265 6539 47
266 1336 138
266 2403 102
266 2292 956
267 2569 993
267 2983 943
267 1442 1
267 846 84
268 7365 697
268 2738 442
268 4735 135
269 849 688
269 929 445
269 4132 368
269 4063 875
270 7989 292
270 2622 43
270 3482 334
270 5959 75
270 6846 697
271 4267 427
271 4242 91
271 1305 978
271 7908 753
272 6208 418
272 1834 497
272 1998 536
272 3156 979
272 4856 922
273 438 342
273 11 484
273 1497 212
273 6650 184
273 325 733
274 550 100
274 1299 381
274 1107 356
274 7660 836
274 3817 853
274 6770 736
275 3738 194
275 7368 834
275 7673 359
275 3710 735
275 3568 742
275 701 355
276 2217 581
276 3042 626
276 618 382
277 1923 36
277 4027 941
277 1195 904
277 7472 168
278 5279 688
278 7595 793
278 1672 648
278 4489 764
278 2395 936
278 5499 211
279 5951 91
279 6341 790
280 3658 182
280 7828 29
280 747 949
280 6721 669
281 1472 556
281 2421 53
281 947 456
281 2192 865
281 5195 596
282 6448 10
282 3070 871
283 5041 732
283 4110 435
283 1121 534
283 1150 718
283 2085 804
283 6568 645
283 346 740
283 7422 619
284 408 110
284 591 538
284 1326 581
284 4044 213
285 6450 333
285 704 749
285 1390 282
285 4689 922
285 2159 91
286 2199 962
286 2269 762
286 2143 306
286 2022 646
286 2273 392
286 5706 918
287 1655 958
287 7142 121
287 3166 926
287 3256 422
287 237 832
288 2750 454
288 3267 817
288 887 150
288 1341 834
288 2645 876
288 1210 275
288 6295 286
289 4403 335
289 4450 604
289 1084 965
289 966 251
289 7834 822
290 2812 835
290 2047 575
290 5568 761
290 5650 480
290 6746 923
290 3621 553
290 664 308
291 486 149
292 74 576
292 2243 310
292 435 225
292 5755 248
292 5952 725
292 6843 200
293 7721 41
293 380 288
293 3415 207
293 286 496
293 6236 198
294 5352 532
294 1259 601
294 6594 66
294 5655 834
294 4947 173
294 5009 840
294 7313 10
294 6018 893
295 866 635
295 3133 351
295 7383 365
296 4800 623
296 4695 134
296 5610 222
296 5117 681
296 2155 285
297 3356 412
297 4159 247
298 5939 670
298 71 604
298 4172 127
299 5921 578
299 1974 622
299 5433 347
299 1352 88
299 3909 12
300 1940 281
300 1239 851
300 1661 640
300 5704 400
300 251 915
300 7509 696
300 3849 24
301 6240 614
301 3226 445
301 6085 278
301 6871 237
301 189 725
302 5591 346
302 1975 944
302 2393 959
302 5197 478
302 3720 614
302 5375 594
302 1452 320
303 2437 414
303 650 871
303 6170 153
303 1080 855
303 7029 691
304 5900 776
305 5184 70
305 5100 10
305 6441 244
305 4650 498
305 626 452
306 1796 401
306 7242 309
306 7075 855
306 1946 845
306 7036 525
307 7776 497
307 7163 738
307 3615 532
307 1612 722
308 6099 137
308 2335 397
308 5875 987
308 4837 818
309 5583 616
309 4473 668
309 4338 990
309 2027 931
309 6924 271
309 5587 346
310 6263 775
311 7428 783
311 6800 52
311 2840 414
311 481 186
311 1857 543
311 3111 12
312 7578 568
313 6635 465
313 6692 206
313 4321 904
313 4216 653
314 7402 370
314 2492 517
314 6031 285
314 6212 925
314 6310 707
314 4459 719
314 7625 576
315 1411 734
315 3739 510
315 7965 946
316 239 560
316 717 766
316 4497 659
316 3201 245
317 5125 549
317 5769 474
318 5177 262
318 2421 50
318 5349 863
318 3232 476
318 7788 132
318 4061 437
318 281 381
318 2920 725
318 3875 85
319 814 378
319 350 354
319 5743 125
320 1865 241
320 1491 539
320 2054 748
321 6041 710
322 305 734
322 6339 603
322 2232 822
322 6430 782
322 312 633
322 2728 569
322 1619 58
322 1170 913
323 453 427
323 2120 301
323 5439 107
323 4362 506
323 7952 957
323 5848 179
323 5516 480
324 4651 314
324 2226 195
324 6616 7
325 4340 411
325 1135 876
326 6905 625
326 6985 347
327 4821 761
328 7134 497
328 4370 696
328 6081 813
328 4057 673
328 2643 793
328 3115 916
329 2577 47
329 5717 144
329 605 442
330 3024 826
330 2938 653
330 5478 180
330 5507 60
331 2249 689
331 6867 856
332 4215 428
332 4970 263
332 5041 325
332 5260 581
332 6852 888
332 6991 835
333 2666 612
333 2899 995
333 3933 698
333 4376 93
333 7489 183
334 5271 330
334 3299 3
335 4696 81
335 961 944
335 4728 390
335 5265 270
336 3487 616
336 1057 223
338 5597 214
338 1969 74
338 6334 937
338 2432 63
338 693 742
338 1746 268
339 7598 503
339 4866 414
339 5537 611
339 29 57
340 3659 178
340 2267 182
340 4663 210
340 2640 446
340 3002 696
340 2687 989
340 3790 807
341 4437 45
341 2597 807
342 6887 949
342 944 35
342 729 920
342 5746 842
342 1925 882
343 7142 385
343 3556 57
343 4492 674
344 6069 120
344 1494 469
344 6651 862
344 2197 103
344 440 536
345 5036 821
345 2030 905
345 3228 119
346 217 669
346 2471 120
346 323 387
347 6094 799
347 7658 104
347 6783 477
347 4153 570
347 4920 802
347 1861 693
347 7880 549
348 1949 104
348 2523 890
348 4665 501
348 756 822
348 510 63
349 2838 111
349 3438 556
349 4425 33
350 5385 244
350 5978 421
350 7701 648
351 1788 979
351 4993 977
351 3118 280
351 1897 439
352 1392 611
352 4511 869
353 4932 276
353 7656 581
353 1869 861
353 5825 907
353 6871 501
353 6662 938
354 7712 499
354 5582 871
354 3144 803
354 3853 510
354 2390 715
355 3467 570
355 2540 117
355 4462 737
355 1159 931
356 3452 374
356 2329 629
356 628 736
356 7208 132
356 7539 374
356 1851 333
357 3666 866
357 6048 27
358 3981 832
358 6742 975
358 7117 498
359 4657 257
359 6765 56
359 6990 593
359 1191 554
360 3336 719
360 2173 431
360 2715 121
360 7503 545
361 4056 94
361 7295 841
361 684 168
361 4803 860
361 1533 511
361 5588 681
361 5870 777
362 174 445
362 5508 421
362 914 332
362 61 710
362 4376 321
362 1558 238
363 1923 608
363 5311 471
363 7364 497
364 1636 138
364 396 450
364 5014 845
364 7684 354
365 6356 308
365 1535 495
365 722 816
365 7568 526
365 1506 146
366 2676 225
366 2179 707
366 5602 702
366 6891 155
366 6079 258
367 4559 366
367 7946 826
367 6288 343
368 3005 461
369 3824 836
369 957 496
369 6660 985
369 4926 812
369 4856 792
370 2721 482
371 2613 554
371 2120 188
371 2814 504
371 5444 79
371 7252 35
371 6876 944
371 6565 138
371 2549 348
372 6159 357
372 4954 945
372 1846 742
372 4724 322
372 2250 204
373 7736 887
373 4635 796
373 2811 512
373 6074 709
373 4493 510
373 4681 105
373 4484 965
373 6769 704
374 5050 621
374 2861 18
374 3253 959
374 443 606
374 4912 616
374 3710 307
374 692 685
375 1080 908
375 5141 66
375 6237 168
375 5134 470
376 6476 192
376 2025 699
376 5759 41
376 6107 29
376 2935 123
376 949 8
377 7862 355
377 4250 206
377 1358 261
377 7028 699
377 295 312
377 6539 47
377 5274 712
378 482 242
378 4809 914
379 2819 748
379 2283 65
379 4885 849
380 5171 756
380 4480 467
380 1777 670
380 2730 348
380 1886 803
380 1696 864
380 7819 758
380 1918 461
380 1492 437
380 5361 397
380 2820 651
380 3653 514
381 7817 174
381 4887 300
381 1664 258
382 7262 703
382 483 562
382 6360 887
382 4407 427
383 3199 5
383 7246 835
384 1854 708
384 4862 137
384 2607 218
385 2580 316
385 2196 600
385 5737 77
385 7932 235
385 6387 664
386 2536 225
387 6855 477
387 291 666
387 442 816
388 5761 220
388 2360 435
388 4193 883
388 2894 16
388 1412 919
390 210 636
390 7394 872
390 3570 395
391 4147 484
391 1200 327
391 5346 960
391 5974 444
391 5071 419
392 616 221
392 3954 625
392 4878 62
392 4613 348
393 542 477
393 7876 509
393 455 288
393 3106 832
393 7750 491
394 5939 191
394 2233 956
394 5782 494
395 2772 240
395 7063 832
395 6842 931
395 4875 272
396 2050 382
397 5721 876
397 2505 418
397 5672 179
397 7365 192
398 7464 884
398 2718 532
398 902 549
398 5171 177
398 506 106
398 7749 613
398 2208 954
399 7118 204
399 5259 591
399 6197 583
399 2479 964
400 475 336
400 1331 926
400 6073 991
400 2141 394
401 409 514
401 5004 530
401 7912 347
401 3448 9
402 7360 482
402 7271 581
402 6521 473
403 5007 993
403 243 959
403 3646 566
403 831 629
403 7858 657
403 7311 4
403 6122 491
404 6325 118
404 1453 879
404 175 945
405 7294 819
405 7825 493
405 1988 204
405 7970 932
406 2789 709
406 1693 341
406 2389 348
406 1486 743
407 2527 751
407 3108 155
407 4089 768
407 6311 668
407 5276 536
408 509 108
408 6524 59
408 5462 508
408 7561 702
409 6375 3
409 1402 206
410 1979 89
411 1375 631
411 4464 29
411 6733 607
411 7517 600
411 5252 71
411 6826 954
412 2212 128
412 6861 408
412 6104 661
412 6665 592
412 3488 686
412 5266 425
412 3937 596
412 3951 609
412 4004 598
413 6032 756
413 1084 953
414 7705 867
414 5779 23
414 3751 997
415 7212 907
415 6679 773
415 5318 44
415 1871 906
415 3676 444
415 552 821
416 6381 994
416 4506 968
416 400 388
417 7147 701
417 3482 654
417 4725 332
418 4160 329
420 1623 565
420 7627 128
420 7115 884
420 3642 690
421 5707 728
421 3672 893
421 3895 553
422 2889 217
423 1788 946
423 3012 548
424 6307 80
424 2741 191
424 1540 712
425 3960 86
425 2197 246
425 3989 644
425 7651 545
425 602 573
425 1043 271
425 431 671
425 7838 283
426 2920 238
426 4169 292
426 4174 866
426 493 395
426 4542 775
426 3366 358
426 3347 893
426 7068 723
426 1412 654
426 7516 320
427 3240 51
427 7681 996
427 4814 614
427 3119 992
428 2606 171
428 4196 418
428 4658 681
429 7190 534
430 5883 642
430 5402 53
430 4768 527
431 2523 252
431 5970 146
431 1530 596
431 622 378
432 5506 538
432 7700 358
432 7157 858
433 1650 143
433 3405 449
433 6628 786
434 6292 956
434 1276 584
435 6928 484
435 4032 710
435 4942 449
435 575 529
435 7068 273
436 6237 263
436 2651 398
436 4138 913
437 1398 971
437 5576 145
437 4903 838
437 3747 57
438 3144 776
438 5990 131
438 6534 731
438 4780 556
438 4787 124
439 587 351
439 1333 439
439 187 805
439 1257 274
440 2580 408
440 6728 678
440 593 396
440 5574 314
441 2354 772
441 326 656
441 7691 410
441 3696 257
441 5766 950
441 2992 368
442 1565 170
442 6240 207
442 2047 702
442 4728 596
442 3246 531
443 7932 356
443 750 537
443 7321 801
443 3097 358
443 1223 201
444 1772 128
444 3759 176
444 5469 152
444 428 332
445 1543 284
445 345 394
445 6362 186
445 3015 400
445 4423 633
445 2746 517
446 6181 804
446 4233 728
447 3342 98
447 7149 109
447 453 167
447 126 427
447 1716 563
447 6168 921
448 3172 749
448 6487 157
448 1897 116
448 6870 122
448 4554 868
449 3818 674
449 1532 360
449 3861 651
450 2645 102
450 6477 231
450 4000 320
450 2861 292
450 2306 953
450 3180 141
450 1273 126
450 4001 462
451 5534 976
451 2856 349
451 5271 448
451 7655 332
451 863 777
451 212 245
451 4831 989
451 3139 227
451 5183 216
451 408 884
452 5021 949
453 5898 726
453 3787 618
453 1132 324
455 7318 40
455 6230 785
455 5479 510
456 1427 569
456 1251 69
456 6345 469
456 1641 423
456 4555 645
456 7501 495
458 3050 85
458 7348 528
459 3544 694
459 3779 61
459 3067 765
459 2524 487
459 6522 257
459 445 956
460 7356 757
460 7795 214
460 1486 142
460 3704 363
461 6725 306
461 3122 487
461 1862 838
461 6304 724
461 7121 659
461 4332 177
462 7344 746
462 6178 80
462 4435 236
462 5607 600
462 5218 568
462 3038 591
462 3828 460
462 4566 309
463 2555 953
463 2637 488
463 786 444
464 1572 230
464 6697 616
464 5656 583
464 2719 846
464 2002 756
464 929 724
464 2751 103
465 6581 459
465 6725 40
465 943 510
465 4940 44
465 4941 545
466 5501 652
466 1593 236
466 3206 585
467 2728 244
467 1001 872
467 7752 235
467 2824 862
468 5420 201
468 4824 286
469 1180 499
469 569 455
469 5518 28
469 5756 628
470 6988 275
470 3903 614
471 7524 424
471 5791 189
471 5610 952
471 6533 447
471 3590 691
471 4150 997
472 7245 478
472 795 476
472 2594 390
472 7092 777
473 385 195
473 6498 286
473 3941 295
473 5024 828
474 6936 90
474 7439 975
475 7795 900
476 5270 958
476 3723 103
476 6274 482
476 349 411
477 6125 849
477 3884 334
477 4327 806
477 2369 174
477 6410 787
477 5544 773
478 7174 204
478 328 891
478 2831 437
479 7463 267
479 740 835
479 6512 101
480 3283 482
480 6075 955
480 691 632
480 5189 998
481 4626 957
481 7918 942
481 1689 635
481 4843 690
481 3627 35
481 2056 840
482 5408 260
483 7550 284
483 3388 928
483 2275 292
483 1103 733
483 725 398
483 7752 472
483 4412 649
484 6026 176
485 3879 962
485 4211 966
485 6667 919
485 2351 142
485 1483 240
485 5601 595
485 160 453
485 7971 72
486 3042 520
487 3675 148
488 3049 686
488 1037 984
489 4333 263
489 5951 288
489 5871 364
489 2222 956
490 7350 53
490 7382 931
490 6077 489
490 388 469
491 355 688
491 5348 305
491 1524 474
492 4585 113
492 1903 717
492 3248 660
492 5336 662
492 2141 371
492 7359 837
493 4859 812
493 3475 947
493 5661 641
493 4493 227
493 6961 634
493 2510 224
493 3624 150
493 3911 58
494 199 157
494 1465 631
494 5987 476
494 2268 753
494 3255 278
494 4186 579
494 4355 714
494 749 248
494 5900 698
495 7450 931
495 6076 412
495 1026 685
495 2407 418
496 3713 306
496 1804 532
496 5955 443
496 4315 915
496 409 428
497 3155 835
497 265 428
497 2673 480
498 6671 1000
498 7004 471
498 734 726
498 6352 471
499 6310 921
499 261 453
499 5201 186
499 2335 682
499 5391 589
500 3495 471
500 6823 835
501 6717 37
501 2769 394
501 5888 310
501 1280 126
501 960 811
502 296 501
503 4801 33
503 4089 722
503 4470 646
503 4576 978
504 645 906
504 5199 628
504 1706 80
504 1189 849
505 1937 270
505 435 487
505 7724 79
505 6795 777
506 5266 826
506 209 149
506 1375 711
507 5873 956
507 2989 119
507 3528 68
507 650 126
508 6742 901
508 3510 747
508 241 178
508 5357 366
508 1266 856
508 7154 793
508 798 753
509 5786 177
509 6428 358
509 4002 391
509 1147 678
509 7607 548
509 782 353
510 839 39
510 1721 56
510 2373 30
510 3848 335
510 5259 159
510 3302 425
510 1973 740
510 4542 600
510 5761 33
511 7636 60
512 5464 33
512 7151 631
512 931 28
512 7087 612
513 6519 684
513 6442 661
514 4179 428
515 4719 13
515 7298 258
515 736 18
517 1300 882
517 4281 864
517 3010 584
517 5645 715
517 2021 975
517 3153 734
517 6999 802
518 2470 56
518 4367 226
518 5645 134
518 163 334
519 3271 577
519 5213 553
519 2026 524
519 3684 78
519 2283 892
519 6898 122
519 1788 979
520 7540 408
520 7414 15
520 5319 377
520 333 618
520 3072 457
520 1935 980
520 2811 635
521 6769 100
521 4385 478
521 7222 514
521 5664 374
522 2937 57
522 6685 645
522 2707 554
523 6284 400
523 1436 393
523 3823 103
524 5786 668
524 3347 41
524 3440 529
524 1815 651
525 3625 802
525 4456 624
526 3259 908
526 4512 14
526 557 241
526 3815 381
527 831 411
527 5171 854
527 2746 654
527 3442 405
527 5914 579
528 3768 52
529 715 191
529 5033 202
529 5426 522
529 7145 366
529 1075 996
529 7627 597
529 5406 255
530 2978 892
530 5508 98
530 1157 75
531 6330 59
531 6008 176
532 5923 866
532 747 148
532 1710 672
532 5220 573
532 712 166
532 2145 948
532 6432 441
532 5423 692
532 3651 949
533 7525 900
533 1005 551
533 7226 628
533 1952 473
533 70 109
534 5455 922
534 6016 308
535 5845 883
535 3265 852
535 1474 475
535 5777 763
535 2283 673
535 4703 329
536 5757 972
536 632 850
536 5869 258
536 6794 801
536 5262 294
536 5640 132
536 6744 782
537 3902 137
537 3686 672
537 1011 50
538 3595 702
538 2010 441
538 5035 453
538 115 351
538 177 341
538 1862 545
538 1627 3
538 5082 833
539 2049 86
539 6797 791
539 1329 238
539 2611 959
540 93 395
540 5888 693
540 4175 846
541 2627 526
541 1251 153
541 7538 503
541 6489 359
542 6152 31
542 6203 781
542 6775 489
542 2689 776
542 7507 475
542 6326 359
542 7783 311
542 995 187
543 7532 791
543 7588 197
543 1360 981
544 1348 467
544 617 606
544 703 836
544 7010 928
544 5527 470
545 2500 754
545 6108 323
545 7589 316
545 2952 797
545 657 622
545 3774 204
545 5591 517
546 4003 8
546 678 296
546 2596 468
546 75 630
546 712 219
547 3128 861
547 1956 666
547 222 733
548 2574 885
548 6023 301
548 4636 678
548 2130 461
548 5792 213
548 6279 729
548 3254 878
548 7840 512
549 3980 516
549 6233 575
549 3760 858
549 6920 141
549 5924 550
549 1014 98
549 4858 116
549 5433 345
550 6122 152
550 3209 940
550 4041 234
551 1543 221
551 523 483
551 602 415
551 4403 827
552 7932 639
552 7507 926
552 3895 221
552 2363 62
552 6686 193
552 6841 212
552 5927 763
552 991 623
553 1016 925
553 2844 447
553 2886 444
553 1395 210
553 6791 992
554 4283 333
554 3214 245
554 7276 580
554 51 740
554 2349 167
555 7904 47
555 2147 692
555 6135 296
556 93 760
556 5426 82
556 696 420
556 1926 493
556 1006 147
556 7595 447
556 4622 970
557 5218 428
557 2437 622
557 981 710
557 3236 418
557 4277 638
557 2615 422
557 3267 983
558 5934 273
558 4201 407
559 7756 878
559 2909 604
560 2975 168
560 209 700
560 5630 400
560 7274 621
560 7544 615
561 2680 198
561 4101 322
561 6246 534
561 3557 442
561 3970 420
561 7048 342
562 4565 125
562 5539 993
562 1535 852
563 2585 713
563 337 906
563 1548 554
563 5576 297
564 4130 50
564 431 224
565 5269 586
565 5151 904
565 6049 646
565 7040 231
565 3568 189
565 6560 204
565 2693 345
566 3760 765
567 1414 108
567 4657 205
567 6665 930
567 2943 633
568 7694 530
568 816 837
568 1144 224
568 5512 915
568 7224 190
568 7067 2
568 4632 684
568 2806 649
569 6616 703
569 2308 229
569 3660 690
569 2412 570
570 6337 293
570 176 510
570 3568 426
570 5091 494
570 2289 199
570 4229 285
570 4951 720
571 7882 657
571 5750 62
571 1389 614
572 6460 354
572 3936 943
572 1998 18
573 1416 811
573 541 202
573 6837 612
573 466 623
574 5893 605
574 6961 504
574 4200 954
574 1040 737
574 7631 830
574 1882 715
575 4092 331
575 1754 361
575 5585 430
576 658 663
576 4845 828
576 1384 526
576 7575 381
577 3858 97
577 954 767
577 1998 621
577 7969 436
577 3654 255
578 4330 917
578 2878 629
579 1017 461
579 5842 432
579 6042 217
579 3150 951
579 1597 3
580 311 656
580 1065 38
580 6086 284
580 7693 551
581 1583 477
581 7622 915
581 1051 231
581 5471 326
581 1334 778
581 1571 677
581 517 694
581 2252 549
581 5663 397
582 4791 423
582 6992 515
582 4621 779
582 650 535
582 5145 651
583 2178 720
583 1407 648
583 4853 965
583 7363 384
583 3604 686
583 1704 558
584 2030 292
584 2515 125
584 7421 941
584 5381 905
584 4883 251
585 3071 90
585 4781 718
585 6320 998
585 7966 552
585 822 932
586 3296 704
586 6245 895
586 975 855
586 712 540
587 7382 569
587 2153 773
587 6301 209
588 6343 462
588 5423 712
588 7985 916
589 6879 356
589 7757 805
589 5411 997
589 2286 32
589 2197 719
589 4612 707
589 7983 633
589 66 149
589 6836 590
589 666 540
589 6403 893
589 6800 496
589 5288 461
589 1643 515
589 4659 964
589 5859 472
590 4720 566
590 5379 421
590 7686 547
591 294 618
592 2339 561
592 2859 465
593 1541 786
593 7663 431
593 6695 209
594 1437 798
594 1082 981
594 6801 579
594 4104 598
594 125 739
594 2718 364
594 7697 34
595 3393 242
595 3471 837
595 933 462
595 487 895
595 2884 754
595 2807 363
596 7283 630
596 4259 1000
596 3184 109
596 3629 146
596 1475 21
596 5181 43
596 1378 937
596 7426 958
596 4305 415
597 3303 844
597 1350 247
597 1503 271
597 283 598
597 4284 808
597 4260 454
598 3526 137
598 188 679
598 7916 711
598 1035 371
599 1247 366
599 4121 291
599 6618 511
599 3760 412
599 5729 838
599 3630 595
600 6406 145
600 7810 615
600 6173 787
600 2749 23
600 3797 449
601 2797 442
601 7998 991
601 4086 157
601 4229 60
602 5498 384
602 4882 465
602 7157 56
602 3813 571
602 1361 711
602 7151 258
603 7696 731
603 3198 717
603 5273 837
604 3272 260
605 261 785
605 6754 907
606 370 746
606 6088 574
606 6240 21
607 3199 199
607 6984 714
607 492 853
607 476 654
607 7431 56
607 7269 555
609 2247 751
609 4387 618
609 3836 197
610 26 582
610 6139 549
612 2875 484
613 3520 947
613 7782 596
613 3213 36
614 2802 202
614 5455 553
614 3150 970
614 376 72
615 3940 132
615 5085 42
615 2951 957
616 4877 134
616 5519 214
617 719 562
617 7283 933
617 5681 898
617 6262 510
617 5915 865
618 616 809
618 3063 602
619 5922 712
619 6672 58
619 6429 965
619 5370 221
619 2287 688
619 1717 771
619 3220 709
620 497 582
621 98 818
621 4502 208
621 3587 589
622 7616 396
622 4527 173
622 1612 777
623 2405 636
623 560 809
623 3542 542
623 5977 197
623 2064 839
624 2790 956
624 3307 881
624 6825 498
624 3463 4
624 676 291
624 3342 712
624 305 57
624 3044 544
625 3097 218
625 3236 798
626 3875 931
627 6349 506
627 4285 171
627 992 683
627 4438 540
627 4320 687
627 302 146
627 5788 62
627 2842 657
627 3286 749
628 6058 266
628 7060 835
628 1728 354
628 4687 340
628 5843 863
628 4131 890
628 7077 195
629 2797 159
630 5388 327
630 4514 463
630 4254 823
632 114 466
632 1096 899
633 4978 675
633 3175 557
633 2747 242
633 1170 495
633 534 480
633 737 309
633 7855 435
634 6926 643
634 5609 398
634 2481 166
635 75 293
635 4568 212
635 6967 211
635 1593 219
635 1382 500
635 2440 682
636 1258 917
636 3961 527
636 1741 681
636 3272 992
636 5389 159
636 1780 578
637 7652 917
637 7977 104
637 1782 808
637 3487 938
637 2062 104
638 1246 130
638 4481 422
640 6504 991
641 4687 572
641 2457 55
641 4538 683
642 705 742
642 3850 28
642 826 939
642 2783 398
643 1624 712
644 1467 275
644 4217 973
644 3741 747
644 4131 194
644 1487 35
645 5199 162
645 7617 830
645 7260 119
646 569 784
646 4425 765
646 5456 268
646 4268 446
646 2535 997
647 7132 914
647 3869 580
647 2814 865
647 5535 887
648 263 463
648 3484 698
648 1783 434
648 3399 868
648 228 117
648 6464 94
649 5030 508
649 1964 401
649 5585 269
649 533 255
650 1412 362
650 4888 258
650 394 839
650 10 434
650 4348 823
651 7006 358
651 913 665
651 6817 914
651 1425 553
651 7976 899
651 4059 194
651 582 444
651 7110 791
651 5405 790
652 1363 354
652 6278 615
653 3063 976
653 7284 541
653 1644 678
653 5094 988
653 5757 659
653 5339 440
653 457 101
653 6990 865
653 2496 384
654 6101 975
654 7026 809
654 2058 20
655 6903 575
655 5386 446
655 6716 687
655 2886 480
655 3184 941
655 5206 662
656 7450 782
656 7739 57
657 660 353
657 6905 435
657 7998 154
657 5595 851
657 2754 283
658 1231 155
658 1155 83
658 2185 776
658 1697 578
658 34 563
658 6910 354
659 4762 387
659 166 728
659 3209 128
659 4301 985
659 1105 829
659 4416 381
660 2426 244
660 2811 992
661 7309 402
661 7118 23
661 6762 657
661 2695 164
661 4484 73
661 4810 829
661 2552 754
662 6944 882
662 19 182
662 135 156
662 3048 847
662 6763 125
662 2460 788
662 472 492
662 2252 810
662 7377 669
663 349 555
663 5490 79
663 1621 60
663 5862 90
664 7998 714
664 6458 126
665 6480 689
665 6693 744
665 5151 982
666 3009 57
666 4203 68
666 580 579
666 7985 147
666 269 837
667 1909 443
667 4038 19
667 3581 443
668 3504 524
668 4527 359
669 6125 274
669 5940 929
669 6226 805
669 3247 761
669 3683 807
669 7563 472
669 3175 237
669 66 57
669 4254 234
669 2612 53
669 1888 52
669 613 34
669 948 303
669 6817 554
670 5084 864
670 6513 466
670 5860 764
670 3404 965
670 7939 534
670 2715 989
671 484 315
671 3783 372
671 4069 345
672 4643 946
672 4647 483
672 643 22
672 3723 459
672 4618 114
672 6920 692
673 6666 689
673 5367 62
673 6425 833
673 1201 416
673 2390 526
673 2833 500
673 4457 603
674 1173 539
674 1945 548
674 4512 709
675 7800 627
675 6221 738
675 459 701
675 6056 525
675 6303 575
675 2114 583
675 6006 121
675 3798 470
676 2873 202
677 2249 341
677 6622 773
678 106 52
678 7507 168
678 4991 950
679 4783 306
679 7051 996
679 2600 642
679 3754 677
679 6279 46
680 4469 117
680 984 543
681 5579 442
681 7817 744
681 4985 227
681 5767 270
681 6393 369
681 2391 117
681 5318 546
682 6245 290
682 6864 625
682 49 820
682 7159 878
682 6425 980
683 3426 731
683 307 469
683 4953 239
683 6799 897
684 5071 223
684 5242 697
684 3703 115
685 7458 200
685 5454 692
685 5166 606
686 3471 265
686 7360 140
686 467 396
687 2 27
687 18 512
687 7978 690
687 4401 400
687 7745 414
687 713 241
688 591 159
688 7914 657
688 2170 888
688 7952 263
688 4352 976
688 3778 962
688 6114 910
689 6175 169
689 5460 786
690 4415 408
690 125 359
690 7720 74
690 3725 862
690 1642 342
691 1381 994
691 965 921
691 1940 482
691 6483 926
691 6229 34
691 7154 768
692 1085 620
692 7740 163
692 3561 869
692 3754 453
692 721 68
692 2745 26
693 5005 309
693 817 719
693 1633 657
694 1107 373
694 1305 799
694 5919 334
694 385 449
694 2478 248
695 207 618
695 6045 308
696 7264 934
696 2076 126
696 4379 293
696 715 177
697 4222 604
697 5463 286
697 7093 753
697 4166 167
697 4237 248
697 1909 815
697 4411 495
698 6207 821
698 2940 682
698 2585 826
698 4956 680
699 5306 155
699 3203 491
699 3866 338
699 1397 3
700 7243 378
700 6738 730
700 6953 720
700 4326 231
700 3891 295
700 3574 434
700 3453 638
701 7292 387
701 5019 526
702 2398 488
702 2287 179
702 7078 172
702 7129 589
703 7629 12
703 4863 215
703 2899 59
703 4458 241
703 6323 898
703 796 222
704 6990 715
704 880 384
704 4170 674
705 7102 124
705 3403 901
705 4494 429
706 331 316
706 5133 767
707 1326 15
707 2798 492
708 6336 878
708 5164 656
708 2720 364
708 3573 640
708 2297 131
708 4352 515
709 375 573
709 1914 665
709 6302 926
709 838 355
709 6325 479
710 4120 215
710 274 749
710 5067 165
710 1709 819
710 6894 652
711 6431 37
711 6673 517
711 4950 202
711 7037 2
711 28 489
711 172 372
712 3548 931
712 4478 245
712 5732 940
712 7153 866
712 4515 742
713 7560 967
713 1394 424
713 2430 589
714 4898 347
714 3969 513
715 6575 880
715 4545 859
715 4072 500
715 6909 867
716 3667 175
716 993 529
716 5260 742
716 1947 810
716 5309 366
716 3826 829
717 7449 387
717 699 512
717 3827 932
717 6387 146
717 4620 495
717 5741 687
717 7701 90
718 2432 498
718 1704 197
718 2696 765
719 988 206
719 4321 740
719 1795 225
719 6587 771
719 6337 715
720 5752 729
720 3216 147
720 4187 377
720 6769 398
720 6084 53
721 3461 220
721 1278 289
721 6802 698
721 5319 122
721 6956 436
722 6094 955
722 3967 406
722 4692 325
722 4443 171
722 1459 148
722 869 116
722 862 615
723 4711 634
723 6891 457
724 2844 803
724 6906 369
725 3821 521
725 849 170
726 2460 681
726 5133 480
726 1685 843
726 4127 427
726 7117 532
726 6348 678
726 7560 923
726 2809 486
727 6653 53
727 449 611
727 2623 888
727 1875 48
728 6455 983
728 3445 853
728 348 387
728 1007 145
729 6364 883
729 2443 608
730 5208 207
730 3472 375
730 4969 85
730 4032 507
731 6057 854
731 5494 688
731 4585 185
731 2467 565
732 7611 554
732 4309 691
732 723 387
732 5734 36
732 7955 536
732 5264 610
733 1706 663
733 1289 967
733 826 681
733 1932 385
734 116 903
734 1877 12
734 5990 645
735 1119 517
735 1520 705
735 3395 246
735 5442 492
735 5038 201
735 7158 541
735 7698 410
735 2315 708
735 3730 45
735 7335 592
736 3471 229
736 193 24
736 2617 961
736 725 665
737 341 377
738 4147 592
738 6970 540
738 6649 94
739 2507 398
739 2618 32
739 3789 781
739 7035 117
739 4684 286
740 5218 942
740 3765 932
740 3098 429
741 7143 702
741 2778 299
741 577 667
741 1309 306
741 3901 856
742 6724 522
742 6960 79
742 3803 737
742 6828 907
743 3567 804
743 6739 656
743 2975 452
743 5963 592
743 1207 463
744 4501 904
744 1918 941
745 3851 346
745 1787 17
745 1131 951
745 1085 938
746 6143 938
746 7370 547
746 4612 557
747 3587 15
747 1356 779
747 1740 216
747 1290 27
747 2006 236
747 4910 59
747 4333 622
748 7946 499
748 2718 400
748 3622 610
749 1262 213
750 733 565
750 5431 697
750 6959 704
751 6175 888
751 3635 223
751 3847 211
751 6069 616
751 5478 647
751 562 76
751 969 482
751 2031 946
751 659 656
751 2798 401
752 3970 870
752 539 357
752 5248 714
752 3422 220
753 6414 770
753 2453 961
753 672 505
753 6046 407
753 5459 879
753 7777 959
754 5223 484
755 2210 803
755 3237 383
755 7542 685
755 664 17
755 2837 387
755 6032 711
756 4892 912
756 7370 269
756 1064 674
756 6357 136
756 1374 105
757 2301 445
757 252 667
757 3009 660
757 2952 594
757 4608 988
757 3986 157
757 3789 983
758 1998 230
758 2584 315
758 6154 164
758 4376 789
758 410 434
758 541 202
758 2086 417
759 7477 330
759 235 981
759 4547 969
759 6830 115
759 5993 718
759 1130 85
760 7238 839
760 5398 616
760 1229 916
760 5894 245
761 663 343
762 2857 598
762 501 783
762 1683 884
762 7170 405
763 6204 531
763 1704 282
763 4185 934
764 2989 566
765 1810 156
765 6326 337
765 4961 665
766 1677 497
767 3376 927
767 5774 680
767 2587 505
767 3780 473
767 6688 193
767 7903 904
768 1026 234
768 7957 87
768 3748 535
768 4435 290
768 4078 556
770 282 634
770 5454 66
770 7339 498
770 6836 61
771 4905 222
772 4568 615
772 3494 725
773 3324 627
773 7900 807
773 3640 678
773 7235 452
773 2759 834
773 5994 56
773 5698 340
774 1918 225
774 7914 989
774 4323 268
774 636 223
774 1848 650
774 2324 599
774 4228 509
774 7868 861
775 7758 998
775 2399 205
775 7677 398
776 4099 354
776 7758 851
776 700 125
776 1369 671
777 5013 715
778 4574 396
778 3191 852
778 2132 80
778 7556 351
778 3444 712
779 1713 900
780 7718 206
780 7956 920
780 3623 504
780 3782 169
781 794 915
781 1313 137
781 7627 333
781 1400 159
781 4209 972
781 6158 705
781 5096 17
781 2396 813
782 4147 806
782 5891 199
782 319 481
783 7643 534
783 3138 875
783 7371 981
783 3658 235
783 2958 403
784 2314 821
784 2965 649
785 1472 383
785 2938 991
785 7133 869
785 4546 723
786 725 60
786 6973 734
787 1589 765
787 4761 273
787 2138 325
787 6542 512
787 2532 673
787 3128 15
787 1934 935
788 113 415
788 1585 849
789 124 363
789 5887 810
789 6130 333
790 5292 908
790 3397 980
790 3573 665
790 4133 115
791 7422 151
791 2921 32
792 1663 319
792 6841 226
792 6228 828
792 2727 26
792 968 798
792 2540 152
792 1454 335
793 95 350
793 7822 931
793 3638 789
794 5661 433
794 5811 95
794 1585 415
794 7956 311
794 4457 802
794 6041 584
794 4673 35
795 236 168
795 6047 340
795 3137 629
796 1428 661
797 5255 177
797 3183 533
797 7037 843
797 474 97
798 7893 2
798 3891 671
799 2475 961
800 2641 42
800 5740 342
800 6460 741
800 6432 934
800 7837 528
800 7764 365
801 3885 359
801 3747 579
801 572 414
802 5004 863
802 124 387
802 5632 55
802 1590 199
803 7556 537
803 1207 893
804 5771 673
804 3 497
804 4854 912
805 3377 678
805 4917 674
805 4100 652
805 7866 79
806 2016 148
807 6834 824
807 4419 462
807 3860 630
807 487 273
807 4962 592
807 5502 327
807 2486 694
807 1412 480
808 3396 512
809 6926 454
809 6331 644
810 3250 190
810 3717 522
810 3729 10
810 3491 380
810 604 763
810 7858 282
810 114 817
811 3662 896
811 1262 26
811 2633 9
811 4939 88
811 7880 599
812 5739 66
812 887 985
812 5156 757
813 1873 323
813 5701 237
814 6402 745
814 2617 292
814 5125 132
815 6747 951
815 7745 658
815 1210 930
816 2673 206
816 1832 3
816 1082 849
816 3491 133
817 234 68
817 5294 906
818 3695 701
818 4896 812
818 2669 153
818 7531 189
819 1409 256
819 2616 76
819 1276 928
820 4861 283
820 4666 907
820 194 71
821 2787 976
821 2360 969
821 925 291
822 4064 834
822 709 441
822 7838 401
822 5741 239
822 7887 45
823 2477 25
823 6329 479
823 7068 381
823 1576 788
823 6548 522
824 1128 412
824 6741 856
824 7926 44
824 284 183
825 4249 838
825 7068 901
825 4280 353
825 603 825
825 6773 340
825 809 726
826 6646 856
826 7435 230
826 7827 620
826 705 387
827 6423 139
827 3369 487
827 1605 769
827 4369 293
827 3048 227
827 4829 562
828 7977 348
828 1159 46
828 1393 362
829 2670 431
829 4783 636
829 331 974
829 2493 821
829 5481 778
830 2069 804
830 7202 344
830 4538 469
830 5338 698
830 3432 54
832 7265 598
832 5131 468
832 3200 485
832 4478 7
832 3868 297
833 1071 731
833 6699 12
833 6069 940
833 458 962
833 5255 378
833 3590 658
833 134 385
834 6375 92
834 593 260
834 3451 766
834 6838 115
834 4189 81
834 3919 101
835 3263 978
835 7559 799
835 437 944
835 3883 761
836 6739 387
836 2632 805
836 5245 711
836 82 251
837 6290 762
837 5558 88
838 885 453
838 3304 868
839 2388 201
839 4421 449
839 2620 300
839 1774 742
840 3161 440
840 5569 755
840 2935 128
840 4442 33
840 1688 903
840 4825 987
841 4448 626
842 1995 774
842 6811 772
842 5488 231
842 6530 159
843 998 364
843 6818 499
843 603 993
843 6775 748
843 3832 551
843 3956 395
843 4506 664
843 432 899
844 5509 655
844 2423 158
844 1262 606
844 1191 482
845 7807 115
845 8 282
845 517 31
845 7338 751
845 6433 718
845 5397 21
846 842 938
846 2681 214
846 2691 114
846 236 35
846 1554 721
847 4849 671
847 3915 646
848 7898 140
848 7297 365
848 5633 352
848 6227 859
849 694 584
849 6818 576
849 7740 372
849 3653 3
849 7434 43
849 1168 546
850 4587 901
850 5347 460
850 2079 76
850 2746 623
850 6322 862
850 3230 343
850 3696 1000
851 2306 314
851 2301 243
851 2667 828
851 3687 631
851 1109 348
852 5660 272
852 380 891
852 7804 165
852 2787 651
853 6234 941
853 1315 543
853 5787 799
853 2045 439
854 3838 419
854 1706 144
854 659 923
854 3796 206
854 7758 277
855 6203 998
855 3735 518
855 576 428
856 5987 324
856 7088 491
856 7488 871
856 1762 651
856 5787 33
857 1409 342
857 1511 282
857 7090 521
857 229 554
858 7130 767
858 6365 133
858 813 654
859 1291 169
859 6937 997
859 5977 838
860 6275 970
860 2408 6
860 5623 608
860 5220 377
860 1510 277
861 3175 836
861 398 963
861 7547 765
861 5585 664
862 6197 373
862 4346 591
862 3833 642
862 288 585
863 2506 709
863 2504 889
863 2102 464
863 108 594
864 3867 934
864 6264 803
864 1769 110
865 7544 173
866 3706 30
866 3692 839
866 3670 27
867 6275 51
867 2174 399
867 3770 349
868 7967 246
868 6921 891
868 5547 822
868 4665 618
868 5927 905
868 5743 834
868 4840 197
868 3682 867
869 6244 989
869 3700 600
869 5219 471
869 4148 909
869 2952 932
869 6276 353
870 5273 995
870 2084 458
870 4905 737
870 6331 347
870 1009 378
871 4261 859
871 1213 691
872 3240 783
872 7482 99
872 6788 144
872 7515 267
872 3157 246
873 4076 671
873 4790 532
873 1240 352
873 6539 203
874 2464 89
875 6025 221
875 129 984
876 2014 891
876 4061 749
876 4466 279
876 2439 496
876 5083 705
876 5826 784
877 1234 574
877 885 212
877 6291 373
877 1265 630
878 1915 541
879 4661 523
879 5488 855
879 5589 739
880 4720 18
880 6537 682
880 2386 73
881 6289 221
882 2029 652
882 2491 359
882 6309 682
882 2067 433
883 2767 499
883 3612 74
884 4750 284
885 7623 16
885 7007 347
886 5246 934
886 6548 64
887 2770 785
887 5321 702
887 1975 616
887 5162 769
888 982 861
888 7697 507
888 1460 991
888 2882 757
888 4971 649
889 6195 946
889 3816 295
890 5593 116
891 3874 260
891 243 247
892 3335 166
892 6469 651
893 5806 115
893 3767 752
893 309 587
893 3692 141
894 1255 215
894 7538 629
894 5014 944
894 7771 440
894 4446 804
894 886 687
894 7332 473
894 6414 894
895 2824 386
895 7081 195
895 4250 517
895 1097 839
895 6000 705
896 5759 681
896 7302 797
896 7 641
896 4041 535
896 7080 474
897 5224 655
897 4913 455
897 3433 281
897 7662 592
897 1169 172
897 2988 295
898 443 597
898 5529 937
899 3883 62
899 7924 995
899 823 636
899 1890 885
899 4899 831
899 5849 846
900 6312 479
900 2794 438
900 6545 669
900 149 75
901 4285 422
901 4319 861
901 2336 290
901 2758 121
901 3438 813
901 2429 125
902 2455 596
902 5221 339
902 6141 472
902 5188 151
903 146 476
903 536 281
903 7954 109
903 621 157
903 2024 239
903 2953 598
904 5834 462
904 4360 868
904 334 791
904 393 235
905 1386 687
905 2710 540
906 2408 65
906 4552 984
906 2366 231
906 4527 108
906 6494 234
907 979 19
907 581 876
908 11 712
908 4290 359
909 3118 73
910 6872 95
910 4368 554
910 2241 158
910 1709 475
910 3061 33
911 1845 934
911 5436 994
911 904 719
911 5328 25
911 1680 994
911 4559 816
911 2493 287
911 5208 279
911 4037 727
912 5910 904
912 3513 147
912 24 103
912 3514 368
913 403 196
914 1162 841
914 2181 79
914 6753 287
914 597 717
914 6274 967
915 5960 777
915 1421 340
915 2224 684
915 6813 266
915 1949 746
915 729 79
915 3370 121
915 7243 440
915 4823 864
916 1581 462
916 5423 991
916 7750 214
916 3005 142
916 1421 1
916 4907 665
916 1519 963
916 6639 314
917 44 798
917 4731 322
917 3087 236
917 7137 125
917 6701 275
917 5637 5
917 6749 399
918 6522 571
918 6582 563
919 4632 262
919 7908 367
919 7780 937
919 5183 164
919 5857 147
920 384 554
920 1708 173
920 3807 336
920 558 960
921 1867 248
921 7270 464
921 3061 539
922 2480 226
922 241 815
922 1547 63
922 2482 893
922 5638 158
923 1412 340
923 6726 209
923 4340 951
923 1822 82
923 6714 926
923 3629 115
924 1931 912
924 4404 850
924 2519 358
924 273 126
924 245 899
924 4988 996
924 2642 584
924 1104 890
924 7765 446
924 5985 460
925 1800 961
925 547 483
925 4616 13
926 7317 813
926 2291 253
927 1273 787
927 3239 902
927 4816 27
928 2542 912
928 6004 19
928 2063 330
928 2727 686
929 2598 394
929 1368 480
929 6259 247
929 1275 705
929 2736 326
929 3780 253
929 3396 315
930 6001 126
930 2245 183
931 2307 255
931 5987 82
931 6540 286
931 4170 611
932 3102 708
932 320 609
932 4429 888
932 1280 26
932 5107 635
932 6640 338
934 5160 562
934 6389 453
934 7137 156
934 6200 247
934 1735 431
935 6698 617
935 4083 277
935 909 526
935 4683 702
936 4045 13
936 2577 935
936 712 906
937 60 165
937 2987 908
937 1726 11
937 5271 575
938 6710 251
938 6560 630
938 6589 297
938 4478 135
938 7345 137
939 6371 385
939 3039 248
939 3596 538
939 5062 847
939 5208 707
939 5405 523
940 6840 477
940 5838 885
940 6921 61
940 877 624
940 1195 616
941 1023 705
941 3490 10
941 2464 102
941 4773 398
941 2235 7
941 6680 532
941 3467 811
942 6044 59
942 2380 594
942 5287 430
943 2595 685
943 7031 78
943 1620 787
943 6429 562
944 2559 692
945 2356 961
945 2044 292
945 3076 152
945 5690 877
945 5319 113
945 1906 432
945 7015 978
946 7841 247
946 3813 851
946 433 594
946 3663 772
947 1236 436
948 5750 653
948 5527 535
948 267 726
948 4405 107
948 2466 437
948 3966 146
948 6014 141
949 3112 273
949 7071 454
949 1022 863
949 2452 765
951 2459 584
952 2754 122
953 1718 700
953 7061 800
953 692 605
953 6067 702
953 101 781
953 2168 637
953 1712 964
954 190 375
954 2719 464
954 7421 964
954 2093 355
954 7505 507
954 2082 583
955 5042 557
955 2577 481
956 4740 136
956 7657 317
957 4616 710
957 3504 499
958 2173 544
958 2184 296
958 6793 121
958 4495 142
958 6560 963
958 6320 198
958 6854 937
959 1561 218
960 139 599
960 4512 317
960 2198 289
960 2932 590
961 124 370
961 7208 102
961 1557 216
961 2302 892
961 3949 569
962 5181 106
962 2892 969
962 7062 45
962 6762 272
963 1617 97
963 5540 158
964 7460 29
964 409 272
964 6363 417
964 5880 891
965 7444 521
965 1951 923
965 7913 876
965 812 533
966 5162 273
966 5255 353
967 965 433
967 7160 598
968 3439 7
968 6692 180
968 7577 263
968 3481 255
968 1466 549
969 2703 657
969 4057 74
970 2778 925
970 3425 331
970 1913 635
970 6210 910
971 2208 354
971 7357 16
972 1992 942
972 2645 80
972 3273 125
972 3261 825
973 387 633
973 607 509
973 7877 631
973 83 313
973 5103 764
973 7086 507
973 5222 774
973 5299 737
974 1012 233
974 4237 19
975 3463 635
975 7875 459
975 6863 741
975 2375 328
976 7630 360
976 5296 910
976 2503 798
977 7419 623
977 7119 70
977 3107 356
977 3970 122
978 7627 839
978 2094 63
978 2386 796
978 282 975
979 3139 224
979 7225 572
979 4802 842
979 3576 767
979 5818 404
980 688 296
980 5675 417
980 324 996
980 3258 751
980 5847 955
980 6014 719
981 5820 658
981 1123 46
982 2297 311
982 6581 667
982 4417 870
982 2745 903
982 5728 323
983 6115 346
984 4426 100
984 658 98
984 3949 264
984 6012 562
984 5641 823
984 6726 284
985 3381 603
985 1840 388
985 2846 450
985 3080 112
985 7608 627
986 7231 364
986 2628 756
986 3670 212
986 4105 80
986 723 436
987 106 725
987 7607 5
987 6412 465
988 5879 643
988 1303 97
988 7852 394
988 1976 67
988 1031 501
988 1116 724
989 1147 427
989 2696 71
989 7648 885
989 7382 654
989 7585 904
989 3092 823
989 4218 410
990 3900 938
990 5371 729
990 6092 949
990 1631 334
991 5422 30
991 6761 931
991 4885 137
991 2197 320
991 7529 715
991 317 810
992 2618 583
992 934 617
992 2611 398
992 7336 7
993 5521 926
993 4695 47
993 2971 325
993 3582 668
994 6244 519
994 4299 248
995 1621 654
995 5604 537
995 1999 502
995 792 897
995 1473 494
995 5686 2
995 3349 821
995 2044 895
996 6501 436
996 7574 196
996 4713 967
996 7849 927
997 2641 369
997 6108 46
997 5240 427
997 1463 562
997 6539 974
998 5646 594
998 4464 81
998 399 591
1000 1502 486
1000 3411 24
1000 2084 533
1000 5652 181
1000 5882 929
1000 7855 757
1001 64 40
1002 6569 337
1002 1855 652
1002 6021 59
1002 6190 354
1002 2663 39
1002 5033 688
1003 2170 774
1003 2632 832
1003 1569 82
1004 2472 249
1004 5396 955
1005 5483 910
1005 6763 815
1006 2701 515
1006 811 987
1006 3027 328
1006 3678 304
1006 5762 488
1007 2817 409
1007 921 714
1007 6549 584
1007 4191 347
1007 545 907
1007 2428 388
1008 828 355
1008 5937 825
1008 2621 192
1008 7030 234
1009 5973 594
1009 6933 29
1009 3510 851
1009 5238 833
1009 7398 532
1009 3265 533
1009 4890 769
1010 7267 922
1010 1500 180
1010 4385 630
1010 5894 170
1010 850 448
1010 1479 265
1010 2368 759
1011 1181 7
1011 3559 678
1011 7078 526
1012 178 585
1012 4523 243
1012 2865 334
1012 5839 142
1012 4793 295
1012 3689 415
1013 9 294
1013 3743 637
1013 2449 588
1013 7486 301
1013 7726 53
1013 6855 474
1014 4840 684
1014 3742 512
1014 4377 163
1014 2385 748
1015 3028 420
1015 5910 91
1015 241 612
1015 5568 924
1016 7722 213
1016 4617 421
1016 1955 139
1016 6562 115
1016 7414 32
1016 7804 241
1018 5296 987
1018 6403 402
1018 7198 256
1018 1911 500
1019 6107 459
1019 4895 42
1020 5295 693
1020 1239 970
1020 5842 34
1020 1341 776
1020 5419 714
1020 7359 543
1020 5694 147
1021 4546 691
1021 2185 372
1021 965 918
1021 5295 279
1021 6440 852
1021 3716 392
1021 7691 650
1022 7515 615
1022 6449 709
1022 756 742
1022 7369 873
1022 1366 49
1023 4675 713
1023 6632 926
1024 2008 707
1024 2740 303
1025 7165 440
1025 1362 459
1026 612 727
1026 1415 752
1026 6029 412
1026 5644 280
1027 5691 680
1027 2523 436
1027 360 571
1027 7791 998
1027 2914 300
1027 4816 341
1027 6490 277
1027 6383 160
1028 891 308
1028 3350 185
1028 2422 711
1028 386 937
1028 7178 825
1028 7647 697
1028 4020 910
1029 2669 737
1029 3994 979
1029 6777 316
1029 5515 187
1029 4721 147
1030 2143 345
1031 6799 751
1031 5015 529
1031 1469 388
1031 5225 265
1032 5257 954
1032 4873 173
1032 2203 364
1032 4816 491
1033 3449 755
1033 4528 811
1034 879 164
1034 3697 714
1034 445 749
1035 6302 676
1035 3478 301
1035 2895 796
1035 1716 449
1036 5369 855
1036 4081 244
1037 5164 741
1037 4089 71
1037 2705 499
1037 933 948
1039 3378 606
1039 807 497
1039 6613 16
1039 619 519
1039 5700 892
1039 5433 819
1039 1609 380
1040 2660 269
1040 4706 601
1041 5198 342
1041 6769 779
1041 1912 426
1041 7907 872
1041 3420 471
1041 3333 154
1042 1440 792
1042 6611 90
1042 550 184
1043 4750 11
1043 4836 895
1043 5967 611
1044 6304 363
1045 2967 196
1045 541 301
1045 6479 764
1045 3135 997
1046 3644 495
1046 6153 83
1047 2165 453
1047 4169 733
1048 5528 14
1048 3624 263
1048 7454 376
1048 2145 651
1049 5967 127
1049 5970 449
1049 1199 246
1049 3534 831
1050 724 358
1050 7327 378
1050 721 704
1051 323 403
1051 6594 717
1051 3761 645
1051 3541 877
1052 6700 217
1052 7821 333
1052 1385 897
1052 3524 808
1052 6513 991
1053 2195 36
1053 6018 691
1053 1628 517
1053 2211 948
1054 905 939
1054 875 616
1055 7706 102
1055 3199 157
1057 526 156
1057 787 493
1057 4129 740
1057 1195 11
1057 6029 49
1058 4445 862
1058 959 580
1058 7831 724
1058 3744 169
1059 1754 83
1059 7531 292
1059 3932 457
1059 1769 358
1059 7457 833
1060 7888 975
1060 7961 647
1060 2453 962
1060 6718 955
1060 4371 277
1060 5918 287
1061 2797 740
1061 4226 434
1061 3205 813
1061 918 882
1061 218 304
1062 7010 86
1062 7440 376
1062 6874 540
1062 403 769
1062 259 691
1062 6593 738
1062 2744 83
1063 1837 814
1063 7051 979
1063 6371 480
1063 7660 539
1063 7712 512
1064 7452 520
1064 2048 295
1064 3360 919
1064 582 710
1064 2322 722
1064 6190 551
1064 7729 787
1065 6859 669
1065 1203 360
1065 6959 299
1065 6939 476
1066 4131 647
1066 3522 215
1066 625 378
1066 2963 931
1067 6648 809
1067 6310 542
1067 1313 968
1067 3972 178
1068 7111 884
1068 5721 68
1069 4228 567
1069 375 290
1069 7716 500
1069 4021 92
1070 3267 910
1070 2892 204
1070 639 123
1070 7748 198
1071 6871 301
1072 7270 98
1072 1981 729
1072 5576 738
1073 6646 149
1073 4642 748
1073 6097 593
1074 1243 429
1074 10 652
1074 686 303
1075 6719 666
1075 4106 931
1076 7283 810
1076 1891 246
1076 4016 652
1077 3418 879
1078 7946 994
1078 3925 551
1078 4296 408
1078 5749 938
1079 7883 907
1079 5090 974
1079 6802 581
1079 3474 689
1079 3852 875
1079 7146 294
1079 6807 381
1079 7350 738
1080 1983 767
1080 3005 325
1080 7171 71
1080 7985 408
1080 2535 321
1081 5054 370
1081 7709 431
1081 7885 724
1081 3601 919
1082 6340 395
1082 4734 355
1082 5138 476
1082 5337 759
1082 936 799
1082 1500 295
1082 1529 60
1082 3114 927
1082 751 847
1083 4736 688
1083 5674 882
1083 3490 63
1083 654 860
1084 241 340
1084 4112 33
1084 2533 281
1084 4418 473
1084 7006 503
1084 3952 102
1085 7414 195
1086 2605 324
1086 5168 940
1086 1356 361
1086 6823 912
1086 6886 541
1086 1495 184
1087 208 363
1087 3962 249
1088 7436 571
1088 6693 895
1088 4659 780
1089 1822 256
1089 1986 696
1089 5985 969
1089 1226 41
1089 2301 29
1089 4612 810
1090 7097 380
1090 5125 125
1090 1396 281
1090 6806 559
1091 7739 598
1091 6094 689
1091 3472 355
1091 1076 462
1092 1908 322
1092 3407 193
1092 2131 38
1092 1560 807
1093 978 347
1093 3364 69
1093 847 713
1093 6769 116
1093 1557 409
1094 4933 765
1094 7475 833
1094 1271 947
1095 3869 624
1095 2480 81
1096 6511 530
1096 431 924
1097 822 102
1097 495 959
1097 3620 879
1097 747 572
1098 7727 171
1098 7435 341
1098 1441 519
1098 434 236
1098 5510 629
1098 2990 571
1098 1800 536
1099 4462 359
1099 5067 984
1099 3494 30
1099 1265 333
1100 1290 1
1100 4301 487
1100 6689 96
1101 4416 1000
1101 4383 641
1101 26 694
1102 1059 540
1102 3941 283
1102 6669 331
1102 2722 714
1102 2448 387
1103 3398 161
1103 3372 877
1103 6123 620
1103 3611 78
1103 2366 727
1104 882 177
1104 594 218
1104 4695 998
1104 7745 676
1104 276 907
1104 568 213
1104 256 383
1104 7942 383
1106 6413 183
1106 7656 977
1106 4427 524
1106 644 272
1107 3133 728
1107 5557 209
1108 6387 231
1108 7926 57
1108 2543 808
1108 1177 731
1108 4960 912
1109 276 399
1109 3308 474
1109 2237 559
1109 2817 694
1109 2358 342
1110 4462 272
1110 3248 120
1110 4946 550
1110 4333 546
1111 169 995
1111 5008 653
1112 906 479
1112 2519 406
1112 1314 343
1113 442 883
1113 1333 319
1113 4403 523
1113 6397 771
1113 3638 848
1113 5546 906
1113 5205 108
1114 4841 183
1114 4962 323
1114 2245 328
1114 3636 184
1114 2197 54
1114 1505 77
1115 913 189
1116 7948 462
1116 2886 865
1116 3336 30
1116 7937 637
1117 163 52
1117 402 804
1118 5592 110
1118 6348 572
1118 4490 827
1118 2161 862
1118 6900 411
1119 393 544
1120 5333 778
1120 3679 489
1120 3271 734
1120 7084 638
1120 6393 826
1120 7431 669
1120 2564 336
1121 475 751
1121 4489 276
1121 6106 773
1122 7152 896
1122 7002 544
1122 5060 264
1123 3705 596
1123 20 80
1123 7995 973
1123 2424 1
1123 1390 954
1124 81 546
1125 4371 668
1125 6809 345
1125 1373 7
1126 4955 671
1126 4922 958
1126 6131 438
1126 5953 797
1126 458 900
1127 4020 864
1127 421 454
1128 1540 751
1128 2126 894
1128 2631 611
1128 4752 788
1129 3187 384
1129 2093 253
1129 1449 114
1129 3031 869
1130 6725 637
1130 1656 833
1130 7652 965
1130 1749 267
1130 7485 304
1130 254 605
1130 1225 548
1130 1280 305
1130 5853 598
1130 778 15
1130 836 750
1131 7517 731
1131 7960 169
1132 4462 378
1132 552 99
1132 3811 129
1132 6025 809
1132 3577 122
1132 5841 125
1132 7106 560
1133 2590 313
1133 3610 885
1133 7347 562
1133 2173 922
1134 7088 960
1134 6773 666
1134 1356 947
1134 6266 286
1134 3231 30
1135 833 409
1135 4420 895
1136 4915 503
1136 2861 513
1136 7296 289
1136 5680 472
1136 6260 415
1136 600 828
1136 4016 98
1137 1234 698
1137 5397 552
1137 4394 673
1137 4332 42
1138 2147 675
1138 3710 567
1139 6394 764
1139 1632 151
1139 7242 331
1139 515 312
1139 1688 303
1140 2983 226
1140 986 134
1140 3034 368
1140 3148 442
1140 6615 677
1142 736 153
1142 6984 775
1142 7200 164
1143 5254 74
1143 4560 829
1143 861 897
1144 613 909
1144 1932 634
1144 1353 280
1144 3559 640
1145 7738 581
1145 4061 667
1145 158 722
1146 1975 428
1147 2555 298
1147 5979 955
1147 1596 510
1148 4057 724
1148 6317 835
1148 7726 86
1148 6918 393
1148 1421 568
1148 3516 926
1148 3829 625
1149 1461 27
1149 175 252
1149 6210 736
1150 2404 468
1150 2301 791
1150 586 237
1150 6837 724
1150 6396 477
1150 6946 160
1151 6689 164
1151 1144 309
1151 3862 611
1152 5664 293
1152 2328 663
1153 5014 476
1153 4513 564
1153 1361 636
1153 5577 720
1153 654 344
1153 1031 548
1153 2708 22
1154 3803 769
1154 2681 543
1154 7286 887
1154 6347 943
1155 2121 911
1155 274 506
1155 3439 443
1155 252 358
1155 2689 555
1156 6052 127
1156 7837 230
1156 800 380
1156 6550 297
1157 4864 76
1157 4502 845
1157 6472 411
1158 4123 437
1158 5122 574
1158 507 263
1158 364 792
1158 7905 975
1159 7179 891
1159 3424 65
1159 43 269
1160 6259 518
1161 3902 400
1161 3235 214
1161 3273 612
1162 7506 777
1162 1185 200
1162 2440 516
1162 4566 774
1162 3634 947
1162 730 73
1162 901 999
1163 6846 486
1163 523 560
1163 5881 469
1163 6869 156
1164 4939 627
1165 5637 264
1165 5993 949
1166 70 843
1166 1672 835
1166 6864 379
1166 3113 335
1166 3456 771
1166 1617 68
1167 5602 68
1167 5317 572
1167 2836 520
1167 5576 668
1167 4012 602
1168 6817 257
1168 4791 469
1168 1602 845
1168 1334 787
1169 7416 69
1169 1687 808
1169 7838 334
1169 3628 434
1169 6919 665
1170 5140 883
1170 6954 319
1170 2854 376
1170 2002 799
1170 3927 444
1170 6934 405
1170 7214 2
1171 482 778
1171 850 393
1172 3280 629
1172 4149 947
1173 3926 632
1173 5562 920
1173 5214 244
1173 5354 702
1173 3057 490
1174 3468 806
1174 2691 319
1174 3191 785
1174 1138 903
1174 1635 651
1175 2932 158
1175 3142 353
1175 3615 811
1175 6717 718
1175 6179 27
1175 3220 655
1175 6224 483
1175 3479 902
1176 3012 41
1176 4374 687
1176 4262 453
1177 4212 927
1177 7176 904
1177 7388 69
1178 7572 963
1178 5306 755
1178 777 159
1178 4442 676
1178 5139 685
1178 4362 920
1178 3696 203
1180 4144 710
1180 4391 982
1180 565 94
1180 4553 854
1181 2541 606
1181 6645 633
1181 3014 116
1182 2131 475
1182 5078 246
1182 5165 468
1182 2335 419
1182 3484 154
1182 5187 984
1183 4138 216
1183 478 536
1184 3410 901
1184 7166 490
1184 6128 204
1184 5382 274
1185 1071 379
1185 6960 345
1185 6592 713
1185 7878 347
1186 5923 333
1186 1190 846
1186 1963 212
1186 128 460
1186 5484 663
1187 126 682
1187 6748 173
1187 1164 171
1187 855 638
1187 3056 5
1187 3862 906
1188 863 899
1188 7357 968
1188 6436 431
1188 4740 691
1188 6237 500
1189 6692 583
1189 1162 168
1189 1816 741
1189 2321 360
1190 0 757
1190 2028 836
1190 6042 795
1191 4078 9
1191 5507 201
1191 5957 8
1191 6050 262
1191 2106 887
1192 6717 960
1192 3060 658
1192 1768 452
1192 2250 349
1192 4632 38
1192 7454 687
1193 1350 2
1193 1033 738
1193 6947 240
1194 5690 279
1194 2684 421
1194 3838 599
1195 6237 475
1195 3562 611
1195 2080 913
1195 1454 24
1195 6257 59
1195 6316 171
1196 6868 999
1196 6346 281
1196 1513 668
1196 4421 142
1196 7019 802
1196 719 441
1197 4870 895
1197 6316 290
1197 5955 175
1198 3842 414
1198 3932 644
1198 6537 912
1198 5075 775
1198 1655 8
1198 7865 902
1199 879 840
1199 4084 193
1199 4680 343
1199 6797 744
1199 5124 792
1200 409 973
1200 3350 77
1200 1357 771
1200 7892 107
1201 7702 8
1201 5022 264
1201 2218 464
1201 1084 892
1202 7160 423
1202 7493 9
1202 2414 504
1202 4043 806
1202 4490 227
1203 1339 307
1203 1324 941
1203 1600 430
1204 1247 397
1204 4846 159
1204 2763 370
1204 3371 973
1204 660 368
1204 4977 791
1205 6490 33
1205 2948 672
1205 3392 985
1205 7003 341
1205 4720 269
1205 5476 629
1205 6721 439
1206 7417 399
1206 2083 727
1206 104 924
1207 1964 241
1207 661 291
1207 1432 688
1207 1600 727
1207 4038 333
1207 4074 463
1208 1348 55
1208 7849 840
1208 4324 221
1209 3303 147
1210 1415 706
1210 6046 590
1210 2450 611
1210 3802 999
1210 2680 368
1211 3391 213
1211 1711 809
1211 4629 661
1211 7189 999
1212 4241 817
1212 3956 676
1212 6119 746
1212 7514 496
1213 3103 970
1213 5927 769
1213 925 69
1213 5501 679
1213 6114 626
1213 6524 473
1213 6295 364
1214 6096 675
1214 5589 587
1214 7066 753
1214 4174 506
1214 2171 734
1214 5279 267
1214 3786 610
1215 7642 611
1215 7078 285
1216 5197 121
1216 1844 687
1216 5962 957
1216 2070 403
1216 341 230
1217 7171 990
1217 7960 70
1218 69 120
1218 6382 458
1218 7628 710
1219 2754 730
1219 6276 903
1219 7737 370
1219 3228 352
1219 1383 691
1219 7524 665
1219 2103 950
1220 4736 657
1220 4167 595
1220 6544 298
1220 4020 78
1220 3782 982
1221 961 711
1221 393 584
1221 3169 970
1221 5929 384
1221 2667 629
1222 103 195
1222 5132 407
1222 6512 824
1223 4994 589
1223 5148 759
1223 4021 133
1224 6890 44
1224 4628 916
1224 6638 193
1224 675 446
1224 654 893
1225 1981 460
1225 1411 42
1226 5761 915
1226 4428 789
1227 1469 593
1228 4496 62
1228 2464 563
1228 2765 362
1228 6661 717
1229 316 225
1229 4074 790
1230 272 488
1230 1671 463
1230 3293 656
1230 7335 654
1230 463 344
1230 395 78
1231 5175 511
1231 547 496
1231 637 910
1231 4972 291
1231 3613 608
1231 6441 297
1231 1875 593
1232 2539 727
1232 5683 306
1232 7206 349
1232 3347 813
1233 7568 363
1233 4556 977
1233 1949 51
1233 1563 54
1234 5703 748
1234 1052 546
1234 3085 634
1234 3363 523
1235 567 103
1235 6256 914
1235 2538 663
1235 1845 210
1236 7704 664
1236 4810 721
1237 5637 751
1237 3809 345
1237 2804 658
1237 5683 329
1237 4484 170
1237 7954 337
1237 6042 641
1237 7734 426
1238 2305 769
1238 2870 272
1238 5799 607
1238 6577 191
1238 1485 109
1238 1102 647
1239 4218 899
1239 33 950
1239 4093 267
1239 282 757
1240 3282 768
1240 7241 224
1240 4270 176
1241 3493 662
1241 5686 255
1241 3958 787
1241 3506 463
1242 7960 332
1242 4413 599
1242 5428 183
1242 4792 581
1242 7042 853
1242 5412 567
1242 193 340
1243 378 624
1243 7294 989
1243 1908 818
1243 6002 44
1244 4875 102
1244 7652 407
1244 3415 297
1245 544 360
1245 1776 31
1245 7837 244
1245 7803 969
1246 2223 719
1246 5616 787
1246 2736 29
1247 4456 7
1247 4710 263
1247 5274 279
1248 6398 429
1248 7640 433
1248 7911 81
1248 993 558
1248 2281 686
1248 204 568
1249 7885 553
1249 1578 959
1249 7976 556
1249 1169 672
1250 4409 113
1250 1717 371
1251 80 780
1251 4947 238
1251 4895 113
1251 3605 604
1251 5336 344
1251 675 35
1252 6101 748
1252 6211 159
1253 4471 403
1254 3808 498
1254 2709 193
1254 6495 498
1254 5867 841
1254 3638 347
1254 2141 947
1254 2153 808
1255 4808 244
1255 5736 517
1255 5016 248
1256 7441 61
1256 537 878
1256 1662 254
1256 1507 70
1257 7107 905
1257 6184 836
1257 3535 461
1257 2289 351
1257 3856 688
1258 6299 387
1258 5562 318
1258 2780 437
1259 465 68
1259 1055 66
1259 7231 447
1259 6438 913
1260 5977 680
1260 7895 194
1260 7016 290
1260 7065 660
1260 6749 574
1261 3251 685
1261 808 823
1261 1005 407
1262 2634 958
1263 5408 333
1264 2479 16
1264 1171 784
1264 4964 931
1264 7469 737
1265 1870 316
1265 7819 836
1265 970 196
1265 7468 608
1265 2874 264
1266 2860 954
1266 7184 989
1266 6348 145
1266 6163 597
1266 2005 52
1266 5051 550
1267 3212 719
1267 558 25
1267 4478 704
1267 4256 562
1267 7552 78
1268 2512 977
1268 4460 434
1269 5983 897
1269 777 106
1270 5192 309
1270 3211 721
1270 5141 161
1270 228 393
1271 2195 486
1271 5500 625
1271 5080 626
1271 3549 809
1271 6428 654
1271 4740 455
1271 5297 444
1272 2187 615
1273 6661 553
1273 6246 7
1274 188 377
1274 1180 429
1274 4344 272
1274 2607 290
1274 6739 714
1274 5460 88
1275 4534 31
1275 2898 950
1275 406 461
1276 7322 472
1276 7221 272
1276 5109 747
1276 2617 620
1277 2678 564
1277 1607 488
1277 2665 754
1278 1085 951
1278 4592 914
1278 7430 519
1279 6607 460
1279 1165 374
1280 1468 521
1280 5308 252
1280 7366 804
1280 3329 28
1281 805 600
1281 4420 188
1281 1755 193
1281 6318 592
1281 7932 219
1281 867 742
1282 924 499
1282 793 616
1283 755 255
1283 2729 99
1283 7618 723
1283 125 760
1283 1517 375
1284 222 873
1284 196 938
1285 845 940
1285 1779 149
1285 7903 735
1286 6306 97
1286 4156 180
1286 2484 400
1286 6024 667
1286 6198 589
1286 5245 893
1286 5276 195
1286 4651 59
1287 7584 920
1287 1082 345
1287 2935 216
1287 4559 118
1287 5141 357
1287 7579 172
1288 734 48
1288 4908 889
1288 792 796
1288 3649 17
1289 4821 24
1289 5893 949
1289 7349 500
1289 4563 478
1290 2856 533
1290 295 5
1290 6562 735
1290 2188 191
1290 3605 390
1290 3350 190
1291 3229 193
1292 3377 649
1292 4612 583
1292 539 501
1292 6506 264
1292 4500 149
1293 3840 341
1293 3965 855
1293 5716 988
1295 1503 695
1295 5032 36
1295 5470 985
1295 7965 464
1295 364 788
1295 6880 962
1296 6813 457
1296 340 985
1297 6924 360
1297 7662 347
1297 1213 238
1297 1399 984
1297 7599 814
1297 5443 665
1297 347 71
1298 994 931
1298 1738 536
1299 543 939
1299 499 287
1299 1613 386
1299 1404 36
1299 214 813
1300 6688 816
1300 6961 875
1300 2006 329
1300 6089 682
1300 5557 645
1300 2362 227
1300 3340 152
1301 6074 215
1301 6172 986
1301 6349 524
1301 6535 859
1301 3871 455
1302 436 679
1302 4253 929
1302 1311 634
1302 3503 278
1303 5424 895
1303 6112 343
1303 1896 756
1303 5920 782
1303 3137 292
1303 966 602
1304 1486 159
1304 2831 607
1305 5521 876
1305 6443 45
1305 5400 995
1305 2998 66
1306 598 425
1307 7272 619
1307 4800 895
1307 6071 125
1308 3419 403
1308 838 626
1309 5178 374
1310 7798 598
1310 4312 110
1310 4477 351
1311 5858 220
1311 1122 469
1311 5785 403
1311 1335 607
1311 5434 742
1312 1377 8
1312 1477 901
1313 3404 745
1313 1007 164
1313 1805 145
1313 6549 640
1313 1671 107
1314 7630 581
1314 3849 446
1314 2658 337
1315 4437 756
1315 5513 949
1315 3060 857
1315 785 885
1316 5545 908
1316 6749 766
1316 777 469
1316 1866 863
1316 2718 425
1316 2500 498
1316 3088 234
1317 2527 158
1317 4867 865
1317 7066 246
1318 962 474
1318 1965 581
1318 2419 917
1319 6951 240
1319 2852 752
1319 7870 324
1319 7620 87
1319 1687 274
1319 7664 979
1320 4159 662
1320 4562 423
1320 2811 253
1321 6258 601
1321 6406 113
1321 6932 990
1321 352 910
1321 4987 63
1321 6529 711
1322 6805 354
1322 5776 161
1322 570 816
1322 7421 377
1323 3773 267
1323 1836 127
1323 3818 413
1324 4315 725
1324 1538 570
1324 2880 471
1325 6578 945
1325 4255 374
1325 6894 226
1325 4623 142
1326 1123 295
1326 998 262
1326 1366 285
1326 5236 41
1327 4042 385
1327 865 77
1327 2237 874
1327 1156 138
1327 2429 339
1328 4762 621
1328 1277 798
1329 6063 528
1329 6033 295
1329 4005 656
1329 4353 862
1329 5075 50
1330 3260 25
1330 1991 753
1330 4296 554
1330 5841 166
1331 3859 471
1331 1885 211
1331 4404 309
1331 2822 732
1332 5364 336
1332 5099 70
1332 3013 233
1332 6446 81
1332 1404 83
1333 947 754
1333 4266 683
1333 1940 756
1334 5615 175
1334 3187 849
1334 6468 964
1334 893 531
1335 6648 46
1335 4151 387
1335 7665 656
1335 6619 439
1335 6193 286
1336 1741 66
1336 7384 468
1336 5516 927
1336 2706 863
1337 7908 599
1337 1367 732
1338 6070 277
1338 4608 240
1338 3140 584
1338 5690 566
1338 4881 756
1338 871 305
1338 2983 308
1339 7892 318
1339 6886 942
1339 4678 731
1339 6733 299
1339 7014 324
1340 3231 107
1340 1836 773
1340 2724 449
1340 1902 404
1341 3870 743
1341 6711 842
1341 364 683
1341 1100 247
1341 555 659
1341 6182 732
1342 3847 693
1342 3144 712
1343 5544 909
1343 180 862
1343 4720 980
1344 2222 995
1344 965 192
1344 5619 573
1344 2953 267
1344 5205 398
1344 561 443
1344 3259 798
1345 6579 847
1345 2946 515
1345 5034 1000
1346 5303 164
1346 2651 735
1346 1780 949
1346 3865 385
1347 2280 888
1347 1458 110
1347 4273 218
1347 4638 854
1347 5004 208
1347 531 437
1347 7777 266
1348 7939 705
1348 971 397
1348 665 8
1349 2359 198
1349 5148 902
1349 7080 592
1349 6493 581
1349 6430 718
1350 68 950
1350 6063 385
1350 3470 482
1350 1858 305
1351 6264 223
1351 1633 665
1351 995 204
1351 1794 73
1351 6215 74
1351 5230 807
1351 616 243
1351 7751 32
1351 1359 558
1352 1983 384
1352 1513 287
1352 265 516
1352 5736 408
1352 1249 646
1353 1127 581
1353 3634 583
1353 3045 761
1353 2941 301
1353 7622 33
1354 7335 948
1354 2860 516
1354 3811 718
1354 988 845
1354 7638 899
1355 3742 19
1355 1585 365
1356 149 446
1356 4005 317
1356 773 969
1357 2637 179
1357 1392 688
1357 4572 611
1357 4170 937
1357 6450 640
1358 6992 218
1358 2086 930
1358 3275 683
1358 1922 95
1359 4966 15
1359 6811 974
1360 5756 688
1360 2385 157
1360 6353 214
1360 2682 400
1360 955 40
1360 7477 227
1360 3425 957
1361 503 536
1361 3300 53
1361 6599 425
1361 7710 928
1362 4385 190
1363 522 121
1364 6200 889
1364 3557 877
1364 6701 143
1365 4292 855
1365 2352 420
1365 3397 118
1365 7956 879
1365 5239 63
1366 3077 973
1367 7198 46
1367 141 309
1367 4697 288
1367 4386 940
1367 2090 161
1367 3613 26
1367 2735 803
1367 2753 895
1368 5984 85
1368 7822 145
1368 2163 152
1368 1920 485
1368 7730 826
1369 5532 346
1369 7923 974
1369 1506 260
1369 2271 260
1370 1340 863
1370 1664 845
1370 538 878
1370 1136 349
1370 2926 259
1370 2162 896
1370 316 33
1371 6648 652
1371 7606 136
1371 4154 602
1371 1503 371
1372 4078 112
1372 2002 319
1373 7578 772
1373 5381 481
1373 1682 461
1374 2741 68
1374 6583 139
1374 5049 28
1374 3868 149
1374 4943 10
1375 1292 493
1375 5336 749
1375 6740 557
1375 7224 368
1376 1586 871
1376 3336 423
1376 5512 745
1376 7599 383
1376 565 504
1377 5635 398
1377 5852 454
1377 5897 256
1377 5297 477
1378 2934 768
1378 1754 587
1378 3722 505
1378 7416 816
1379 293 901
1379 2504 897
1379 6938 671
1379 3014 660
1379 4247 186
1380 6568 768
1380 6330 252
1380 4643 947
1381 1064 721
1381 7501 879
1382 14 646
1382 3678 328
1382 6120 40
1382 1949 310
1383 3078 133
1383 3880 128
1383 7968 227
1383 1367 971
1384 2449 317
1384 2829 465
1384 4057 744
1384 243 970
1385 5859 447
1385 3757 623
1385 6635 284
1386 1614 329
1386 2534 350
1386 3104 726
1386 3311 981
1386 1927 739
1386 6118 509
1387 3986 680
1387 6756 478
1387 997 443
1387 7577 630
1388 3514 131
1388 5562 346
1388 328 836
1388 6960 738
1388 6405 405
1388 6840 417
1389 4122 585
1389 4781 154
1389 7800 544
1390 3507 634
1390 7255 46
1390 1166 959
1390 6112 119
1391 7346 714
1391 7286 411
1391 1192 183
1392 1340 252
1392 7842 721
1393 892 876
1393 1248 844
1394 7366 269
1394 3528 867
1395 2586 116
1395 1265 64
1395 2305 102
1395 518 804
1395 7348 76
1395 6543 635
1395 4164 863
1395 5333 871
1396 3204 453
1396 2076 140
1396 3617 426
1396 2608 138
1396 6518 525
1397 1847 890
1397 5312 225
1397 5766 939
1397 3426 649
1397 7157 147
1398 7578 484
1398 7669 836
1398 6577 122
1398 4392 341
1399 791 792
1399 5928 493
1399 2490 159
1399 1963 468
1399 7365 381
1399 5932 550
1399 6427 841
1400 4396 859
1400 2872 449
1400 5197 264
1400 1532 601
1401 4822 173
1401 3955 476
1401 4007 860
1402 2685 283
1402 5423 204
1402 5854 391
1402 5447 980
1402 3796 836
1403 3428 944
1403 7700 388
1403 4758 817
1404 3619 648
1405 2160 867
1405 3957 827
1405 2447 923
1406 3009 706
1406 621 853
1406 4088 758
1406 6042 837
1407 350 746
1407 4192 941
1407 1739 361
1407 6181 885
1407 5305 181
1407 5531 632
1407 4092 133
1407 2780 224
1408 3227 533
1408 6067 879
1408 7895 35
1408 4297 914
1408 380 523
1409 3405 813
1409 5277 78
1410 924 522
1410 191 714
1410 2923 328
1411 1912 617
1411 5879 661
1411 1600 336
1411 387 511
1411 3858 34
1411 3667 551
1412 391 280
1412 3874 263
1412 1099 118
1412 1357 732
1412 4211 174
1412 5174 54
1412 5648 546
1412 2687 271
1413 4583 567
1414 7564 120
1414 4892 38
1414 6520 725
1414 1545 183
1414 715 277
1414 5836 22
1415 6047 449
1416 4349 984
1416 1307 820
1416 6145 617
1417 7020 150
1417 7015 692
1417 6690 654
1417 1708 815
1417 425 418
1417 1960 800
1418 5604 334
1418 5597 580
1419 1623 151
1419 3402 146
1419 5586 815
1420 5493 600
1420 2311 43
1420 1376 807
1420 1464 470
1420 4732 870
1420 2422 992
1420 4650 404
1420 1263 896
1420 301 891
1420 3583 991
1421 7746 904
1421 3493 927
1421 2534 64
1421 7411 116
1421 1013 573
1422 6600 111
1422 1518 579
1422 6283 854
1422 2289 8
1422 3099 84
1423 4178 748
1424 5646 817
1424 3207 697
1424 7726 314
1424 27 859
1424 7119 299
1424 4195 453
1424 1106 925
1425 3576 496
1425 3465 758
1425 7940 848
1425 2322 220
1426 4934 495
1426 3217 844
1426 5770 611
1427 5293 248
1427 7894 97
1427 7970 744
1428 1773 493
1428 5678 388
1428 4719 791
1428 6691 641
1428 3562 242
1428 353 812
1428 5655 893
1428 3057 194
1429 2353 654
1429 6143 57
1429 4100 988
1430 6364 853
1430 480 221
1430 4969 348
1430 6607 256
1431 2790 731
1432 4505 719
1432 6008 764
1432 2723 254
1432 1880 253
1433 5701 736
1433 1593 684
1433 4969 863
1433 4294 238
1433 3346 271
1433 2298 211
1433 979 239
1433 5215 376
1434 4455 232
1434 4029 834
1434 1556 995
1434 967 73
1435 6821 879
1435 3306 239
1435 3618 887
1435 1549 577
1435 4326 858
1436 4513 624
1436 6184 491
1436 7997 296
1436 5545 693
1436 5527 545
1436 2930 849
1436 267 520
1436 235 166
1437 7517 611
1437 447 922
1437 2785 869
1438 3157 115
1438 7500 738
1438 3278 299
1438 2307 628
1439 2348 465
1439 4038 950
1439 7056 331
1439 6299 2
1439 5374 537
1439 5264 715
1440 5586 414
1441 5841 685
1441 5137 635
1441 1053 450
1441 781 385
1441 1900 422
1441 7413 336
1441 6583 2
1441 7416 939
1441 3002 538
1442 828 79
1442 993 210
1442 3642 37
1443 5114 128
1443 939 833
1443 2878 62
1444 5174 488
1444 4456 825
1444 3820 670
1444 5649 279
1444 64 382
1444 6818 196
1445 5129 662
1445 7576 497
1445 2892 984
1445 7489 975
1445 3979 584
1445 2054 100
1446 1459 15
1446 688 291
1446 7578 462
1447 5206 583
1447 5630 281
1447 216 969
1447 5326 414
1448 4138 37
1448 4969 121
1448 1332 155
1448 4368 270
1448 500 382
1448 4569 763
1448 6668 779
1448 5203 959
1448 7922 608
1449 276 595
1449 2851 895
1449 6559 168
1449 3948 333
1449 3439 666
1450 3475 377
1450 2038 611
1450 752 152
1450 2550 921
1451 4534 39
1451 279 8
1451 703 761
1452 686 90
1452 2772 289
1452 4435 900
1452 5799 260
1452 4192 276
1453 5415 788
1453 5019 233
1453 6561 804
1453 3729 963
1454 3107 503
1454 175 560
1454 1844 657
1455 6723 358
1455 7880 469
1455 996 761
1456 3123 576
1456 6764 6
1456 3360 3
1457 4852 437
1457 7554 485
1457 3857 937
1457 6359 529
1458 1832 694
1458 4763 287
1458 3596 274
1458 4243 813
1458 3900 97
1458 4530 891
1459 6872 705
1459 6619 873
1459 4492 315
1459 4675 479
1460 6165 653
1460 3915 330
1460 309 639
1460 3376 263
1460 1009 297
1461 7847 705
1461 1800 613
1461 7496 679
1462 3102 711
1462 3375 635
1462 4208 579
1462 3400 529
1462 1214 865
1463 2504 262
1463 7162 415
1463 3647 97
1463 2917 721
1463 5154 606
1463 3662 212
1463 2163 112
1464 7640 116
1464 987 755
1464 541 218
1465 3668 268
1465 6196 178
1465 3590 477
1465 5028 723
1467 4516 589
1468 3526 183
1468 2009 12
1468 6366 607
1468 3176 738
1469 4803 554
1469 3774 673
1470 6161 154
1470 1968 524
1470 3014 485
1470 1773 934
1470 7783 875
1470 3662 167
1470 3068 887
1471 7485 454
1471 7649 585
1471 4606 996
1472 7955 552
1472 1225 453
1472 1771 819
1473 7112 582
1473 3440 452
1473 5228 150
1473 6191 347
1474 7716 313
1474 2242 676
1474 4562 704
1474 1869 344
1475 5346 218
1475 4292 871
1475 7028 989
1475 4406 269
1475 6007 53
1475 5154 392
1475 7876 91
1475 5313 940
1476 7711 308
1476 791 322
1476 2663 937
1476 1932 196
1476 1589 402
1477 4481 787
1477 1257 356
1478 5984 409
1478 4638 691
1478 1023 214
1478 4289 899
1478 3105 945
1478 4529 715
1479 3638 586
1479 6460 466
1480 5716 467
1480 2817 947
1480 5850 237
1480 885 698
1480 321 534
1480 6761 739
1480 3017 621
1480 1258 30
1481 7102 586
1481 4695 524
1481 7433 275
1482 1055 443
1482 1266 356
1482 3387 800
1482 3022 4
1483 7384 827
1483 7309 453
1483 2841 53
1484 5038 883
1484 2300 766
1485 1140 823
1485 7726 275
1485 4015 223
1485 5925 891
1486 5504 902
1486 2741 822
1486 7294 16
1486 2930 286
1486 6568 709
1487 4186 355
1487 2273 619
1487 4340 129
1487 7034 245
1487 7273 174
1487 7431 658
1488 4272 794
1488 2742 35
1489 2669 265
1489 2181 924
1489 1758 154
1489 4380 977
1489 22 398
1489 6837 242
1489 3444 340
1489 366 445
1489 6253 198
1490 7990 122
1490 246 512
1490 6113 860
1491 4359 529
1491 3933 856
1491 4388 264
1491 5306 849
1491 5575 394
1492 942 957
1493 5439 502
1493 5706 901
1493 2528 12
1493 2275 726
1493 4693 382
1493 3151 60
1494 3965 527
1494 6394 781
1494 4197 978
1494 2200 449
1495 6712 802
1495 2086 204
1496 6126 492
1496 5340 491
1497 5892 91
1497 7456 349
1498 2085 517
1498 7032 855
1498 2284 521
1499 610 699
1499 4299 696
1500 2865 501
1500 1276 759
1501 6827 163
1501 5476 222
1501 506 575
1501 310 112
1502 364 976
1503 6688 108
1503 5158 114
1503 5072 867
1503 725 685
1503 2836 301
1504 4505 689
1505 5432 606
1505 3338 581
1505 1609 571
1505 4071 372
1505 5701 768
1506 6861 772
1506 6168 470
1507 976 156
1507 6689 266
1507 4107 633
1507 2238 842
1507 1265 611
1508 2328 92
1508 5469 183
1508 3709 170
1509 5182 649
1510 3088 957
1510 4508 115
1510 6730 51
1510 2386 675
1510 6853 558
1511 2606 804
1511 946 568
1511 6434 132
1511 5436 961
1512 4978 479
1512 5302 698
1513 3702 759
1513 1095 449
1513 6693 866
1513 7938 92
1513 4215 109
1514 984 678
1514 5789 846
1514 5893 601
1514 84 779
1515 1066 95
1515 353 30
1515 2520 913
1515 2448 129
1516 5716 115
1516 3666 171
1516 6524 878
1516 3128 247
1517 1644 594
1517 2181 113
1517 6286 690
1517 5154 412
1517 6909 538
1517 5947 570
1517 2915 917
1517 2240 829
1518 834 546
1519 1108 229
1519 1119 228
1519 7574 124
1520 2663 881
1520 1756 495
1520 7359 209
1521 4297 514
1521 2907 65
1521 1569 760
1521 5104 369
1521 3742 383
1522 6426 282
1522 6821 481
1522 6466 282
1522 70 253
1522 362 23
1522 1290 725
1523 5775 630
1523 4542 532
1523 6862 665
1523 5447 951
1523 3817 173
1523 6314 440
1523 5871 712
1524 2462 158
1524 6786 730
1524 7887 515
1524 2549 529
1525 7526 823
1525 5434 240
1525 7059 40
1525 960 371
1525 502 776
1525 7270 246
1526 4563 841
1526 1735 71
1526 2467 661
1526 6709 490
1526 823 587
1527 7762 253
1527 5679 734
1527 3824 265
1527 6316 277
1527 1093 310
1528 6063 954
1528 5224 790
1529 598 188
1529 6751 720
1529 5139 876
1529 7244 55
1529 149 893
1530 3533 427
1530 5869 82
1531 2581 587
1531 6821 34
1532 4095 463
1532 7854 833
1532 3686 155
1532 3103 946
1533 3334 568
1534 2173 288
1534 7457 325
1534 6898 910
1535 3324 557
1535 6425 275
1535 3420 260
1535 5731 256
1536 7880 351
1536 7622 67
1536 882 734
1536 1197 19
1536 86 161
1536 5625 440
1536 6248 680
1537 3679 943
1537 1362 432
1537 2499 557
1538 5874 322
1539 5557 265
1539 2492 473
1539 2634 615
1539 7481 370
1539 2824 756
1540 6970 353
1540 2696 385
1540 586 677
1540 7623 31
1540 7760 286
1541 3320 679
1541 1524 983
1541 5902 227
1541 2207 61
1542 5859 966
1542 4065 438
1542 6333 151
1542 2053 244
1543 4787 488
1543 3351 901
1543 4500 503
1543 3028 447
1543 6428 668
1543 6747 228
1543 3399 165
1544 3120 873
1544 6444 94
1544 4274 650
1544 7747 566
1544 6738 28
1545 4608 119
1546 661 903
1546 4054 733
1546 7439 125
1546 4611 248
1546 6866 485
1546 5175 908
1547 4121 695
1547 4545 912
1548 3186 728
1548 3677 650
1548 5061 778
1548 3661 844
1549 4936 627
1550 3916 648
1550 3983 765
1550 4741 851
1550 325 586
1551 4384 733
1551 1870 72
1551 7674 935
1551 6343 965
1552 1529 261
1552 867 537
1552 712 448
1553 6443 121
1553 4885 357
1553 716 290
1553 6685 186
1553 3466 654
1553 1299 304
1553 6913 605
1553 3699 304
1553 6198 96
1554 900 375
1554 6789 984
1554 2301 478
1554 7512 525
1554 840 479
1554 3531 647
1554 2503 928
1554 2127 812
1555 179 505
1555 7777 727
1555 559 467
1555 1406 685
1556 6336 590
1556 7181 725
1556 6246 347
1556 6030 804
1556 7628 659
1557 3526 553
1557 1850 214
1557 2264 642
1557 916 499
1557 4306 780
1558 1492 279
1558 2248 635
1560 5508 80
1561 1480 347
1561 4553 548
1561 1917 185
1562 6114 469
1562 6642 115
1563 4724 454
1564 2039 476
1564 4935 407
1564 6220 372
1564 1982 376
1564 778 927
1564 3611 9
1564 3353 578
1565 1303 935
1565 2331 577
1565 949 320
1565 4363 809
1565 5069 4
1565 3261 49
1566 7272 87
1566 1540 427
1566 7175 188
1566 5196 482
1567 4070 605
1567 2453 230
1567 7877 174
1567 4854 947
1567 764 396
1568 3807 788
1569 4216 603
1569 622 891
1569 6440 912
1569 6425 760
1569 3860 681
1569 339 713
1569 7592 636
1569 2159 868
1570 4516 678
1570 5418 934
1570 2507 656
1571 4676 292
1571 3531 637
1571 301 601
1571 2106 321
1571 7361 635
1572 2347 623
1572 1596 463
1572 2536 892
1572 7983 456
1573 4404 137
1574 1146 380
1574 4416 673
1574 7106 771
1575 5242 914
1575 6854 128
1575 7667 364
1575 6854 328
1576 496 987
1576 7060 476
1577 1288 795
1577 2424 216
1578 1082 824
1578 5336 876
1579 4181 165
1579 704 364
1579 3678 646
1580 5311 694
1580 2171 286
1580 5725 582
1580 6165 596
1580 7202 15
1581 209 363
1581 832 347
1581 4802 694
1581 4257 634
1581 1417 650
1581 7966 760
1581 5701 339
1581 2563 942
1582 3747 748
1582 2583 236
1582 4350 381
1582 6491 241
1583 3984 462
1583 4769 827
1583 3087 958
1585 4748 274
1586 4378 746
1586 2046 617
1586 4867 79
1586 1415 974
1587 5583 344
1587 1184 313
1588 4248 164
1589 1138 999
1590 1722 318
1590 5474 132
1591 3242 383
1592 6145 31
1592 7619 844
1592 1699 383
1592 2013 713
1593 6216 721
1594 313 814
1594 2097 277
1595 3778 47
1595 7663 443
1595 6437 740
1596 5531 698
1596 5359 603
1596 7307 462
1596 7045 815
1596 2203 538
1596 7166 935
1597 655 68
1597 6323 414
1597 1516 302
1597 6892 728
1599 6296 897
1599 2835 823
1600 2336 614
1600 3713 244
1601 7484 561
1601 5067 360
1601 746 62
1602 1582 916
1602 1731 477
1602 6145 145
1602 6535 395
1602 990 492
1602 5875 117
1603 6635 671
1603 6596 100
1603 2661 177
1603 2391 885
1604 621 582
1604 1995 660
1604 7945 369
1604 7178 993
1605 2227 430
1605 2196 425
1605 1534 165
1605 3126 327
1606 5237 296
1606 437 731
1606 6285 933
1607 3883 196
1607 562 24
1607 3089 193
1607 4401 891
1608 5640 384
1609 1364 590
1609 1128 755
1609 4483 702
1609 2858 562
1609 4628 20
1609 4750 587
1609 7431 282
1610 7771 86
1610 7786 279
1610 1123 166
1611 3555 419
1611 1914 702
1611 7708 559
1611 5480 171
1611 2546 568
1612 1330 456
1612 1759 795
1612 7412 937
1612 3021 21
1613 5054 753
1613 4973 249
1613 4888 266
1613 2278 232
1614 6723 559
1614 7047 998
1614 2206 759
1614 3986 221
1614 2122 946
1614 6672 340
1615 557 171
1615 6597 795
1616 1944 847
1616 5820 254
1616 6194 752
1616 6899 798
1616 6833 429
1617 4685 587
1617 2705 953
1617 5665 208
1617 3826 9
1617 4097 291
1618 7115 918
1618 5624 889
1618 6116 727
1618 7637 445
1618 3804 224
1619 4210 734
1619 951 710
1619 4736 416
1619 1651 419
1619 3865 39
1619 7920 280
1619 6385 557
1619 4879 519
1619 7888 724
1620 5967 313
1620 750 12
1620 3601 577
1620 2466 795
1621 3982 394
1621 2027 758
1621 2794 611
1621 3814 997
1621 6345 393
1622 4466 151
1623 2879 62
1623 6243 65
1623 2810 256
1623 6673 706
1623 936 758
1623 1123 82
1624 4623 945
1624 2418 715
1624 2435 206
1624 104 783
1624 3612 658
1625 381 829
1625 5345 810
1625 3049 797
1625 5244 139
1626 295 116
1626 283 377
1626 4149 531
1626 20 57
1626 6760 619
1627 6425 870
1627 5510 634
1627 6984 287
1627 7341 210
1627 7200 680
1627 311 927
1628 2450 624
1628 4060 521
1628 5027 858
1628 6500 670
1628 1675 375
1628 4703 220
1629 6191 873
1629 4370 925
1629 3326 673
1629 274 417
1629 2356 237
1629 2644 913
1630 7124 935
1630 7151 39
1630 6801 649
1630 7095 887
1630 3802 396
1630 1466 582
1631 6730 67
1631 4488 153
1631 30 409
1631 3307 708
1631 3956 898
1632 3382 870
1632 4022 252
1632 5502 711
1632 5481 979
1632 7838 118
1632 4138 733
1633 92 678
1633 7791 481
1633 1813 566
1633 4326 39
1634 6671 532
1635 6747 283
1635 2097 931
1636 4777 612
1636 4638 550
1636 1140 966
1636 5841 78
1636 3135 261
1637 3464 319
1638 593 335
1638 3769 72
1638 300 871
1639 7645 693
1639 936 329
1639 5328 874
1640 5988 774
1640 1566 847
1641 5986 334
1641 1041 718
1641 4183 227
1641 4529 572
1641 5082 883
1641 1261 259
1642 446 457
1642 3629 468
1642 7408 880
1643 7960 751
1643 2333 201
1643 1442 732
1643 7326 791
1643 2951 646
1644 1086 300
1644 4625 473
1644 7384 354
1644 6413 413
1645 4576 349
1645 880 983
1645 4115 861
1645 7510 182
1645 4767 104
1645 3280 758
1646 5131 742
1646 4422 542
1646 2398 86
1647 5317 1
1647 7544 594
1647 6643 664
1647 7797 333
1647 7495 56
1648 7895 894
1648 6788 218
1650 4486 217
1650 5392 392
1650 753 792
1650 4706 418
1651 2460 427
1651 2319 388
1652 1539 288
1652 1419 88
1653 2517 41
1654 3158 244
1654 2154 647
1654 1338 5
1654 3486 698
1654 2434 648
1654 3487 779
1655 3192 180
1655 7875 510
1655 3661 689
1655 5503 15
1655 2040 715
1655 4033 465
1655 1201 632
1655 794 671
1656 697 339
1656 3380 320
1656 2815 858
1657 2947 252
1657 5812 601
1657 524 254
1657 3378 369
1657 2268 748
1657 5982 724
1657 991 841
1657 2006 187
1658 4617 164
1658 974 757
1658 2208 443
1659 5733 869
1659 5322 490
1660 693 935
1660 4319 231
1660 3634 90
1661 6824 546
1661 4997 414
1661 5007 779
1661 5410 215
1661 2033 490
1662 3986 679
1662 4748 188
1662 1354 326
1663 6617 702
1664 6772 612
1665 7706 644
1665 1729 828
1666 1382 375
1666 4863 183
1666 4784 132
1667 508 190
1667 1478 369
1667 5883 869
1667 7149 894
1667 4688 728
1668 870 227
1668 1490 436
1669 4599 824
1669 43 944
1669 4417 770
1669 269 65
1670 6036 969
1671 6124 149
1672 752 558
1672 7119 89
1673 4881 790
1673 1643 227
1673 5747 280
1674 3850 439
1674 3323 677
1675 2249 607
1675 1639 217
1675 7451 464
1675 6705 93
1676 1857 592
1676 991 467
1676 4717 207
1676 7793 606
1676 5853 859
1676 4720 253
1677 2708 813
1677 6536 886
1677 2381 622
1677 3550 308
1677 2404 377
1678 5309 925
1678 1805 953
1678 3721 53
1678 5336 466
1678 4312 204
1679 1061 759
1679 4553 399
1679 141 694
1679 5368 691
1679 3534 835
1679 5798 317
1680 6756 885
1680 823 213
1680 6397 688
1681 6398 717
1681 4669 851
1681 6231 871
1681 6352 125
1681 6929 233
1681 6017 517
1682 7962 795
1682 7270 799
1682 6632 775
1682 5570 211
1682 5255 123
1682 3452 565
1683 3008 886
1683 4423 43
1683 4750 109
1683 585 154
1683 3746 803
1683 3442 907
1684 6406 971
1684 1418 248
1684 5945 803
1684 3725 954
1684 7655 173
1684 3412 132
1684 4459 430
1685 1532 680
1685 310 153
1685 7795 829
1685 2651 760
1685 7884 40
1686 3794 576
1686 2741 424
1686 7292 346
1687 3048 388
1688 6223 334
1688 406 495
1688 6149 962
1688 1044 868
1689 6976 131
1689 1127 513
1689 3379 417
1689 7173 766
1690 6815 489
1690 2168 888
1690 2008 912
1690 3793 413
1690 3557 633
1690 6295 494
1690 7777 780
1691 5434 594
1691 2651 135
1691 7606 62
1691 605 317
1691 6591 850
1691 3810 439
1692 5067 245
1692 7960 540
1693 466 637
1693 3428 147
1693 4417 764
1693 7354 741
1693 802 722
1693 6515 916
1693 6895 114
1694 2151 521
1694 2395 875
1694 5403 532
1694 1760 632
1695 7474 555
1695 1916 140
1696 2233 827
1696 3830 583
1696 926 264
1696 4803 51
1697 2904 760
1697 4750 59
1697 5625 993
1698 799 225
1698 3951 349
1698 7428 465
1698 7073 755
1699 7658 338
1699 4308 208
1699 58 190
1699 6396 128
1699 519 933
1699 2780 196
1700 5980 547
1700 3888 868
1700 3526 796
1700 3787 568
1700 505 559
1700 3806 308
1700 2507 115
1700 7717 885
1700 2136 935
1701 885 433
1701 1248 950
1701 2870 590
1702 4997 710
1702 5038 271
1702 6058 635
1702 4171 522
1703 1361 454
1703 2358 356
1704 4082 750
1704 6522 526
1704 5006 634
1704 1697 11
1704 3282 803
1704 7007 338
1705 4571 575
1705 5773 289
1705 4628 670
1705 5950 404
1705 3693 791
1706 6155 920
1707 5263 971
1707 3094 225
1707 1674 351
1707 2047 387
1707 7967 568
1707 3459 745
1708 3034 422
1708 4221 865
1708 3479 69
1709 2716 103
1709 4819 107
1709 6472 530
1709 4152 442
1709 2361 341
1709 999 268
1709 837 588
1710 875 571
1710 1693 941
1711 7688 465
1711 5595 577
1711 6997 217
1711 3962 835
1711 361 792
1711 5167 302
1711 2379 994
1711 7174 86
1711 4942 645
1712 6812 499
1713 6638 584
1714 5336 190
1714 2572 346
1714 5991 395
1714 1071 140
1714 3194 99
1715 2109 542
1715 2970 338
1716 4266 142
1716 5847 397
1716 1041 556
1716 4098 90
1716 7983 972
1717 5373 242
1717 6586 197
1718 1325 995
1718 2708 204
1718 1649 767
1718 7660 884
1718 5089 939
1718 5765 963
1719 2235 996
1720 3322 971
1720 2188 217
1720 2372 752
1720 1049 444
1720 6396 966
1720 6735 516
1721 7725 72
1721 4934 325
1721 6357 598
1721 4846 422
1721 4487 999
1721 2332 685
1721 2566 651
1721 4150 898
1722 6675 614
1722 1135 778
1722 6980 546
1722 1942 565
1722 363 93
1722 5963 215
1723 6479 493
1723 2919 105
1723 5372 828
1723 1499 457
1723 246 302
1723 2881 710
1723 7754 663
1724 3305 463
1724 5205 950
1724 4886 434
1725 6575 154
1725 7512 984
1725 948 281
1725 4906 932
1726 3775 357
1726 4031 152
1726 4538 980
1726 1556 622
1726 6619 307
1727 2290 932
1727 3699 473
1727 177 44
1727 6366 720
1727 5008 966
1727 2027 926
1728 7344 915
1728 7529 735
1728 641 442
1728 3923 111
1728 4675 955
1729 4098 275
1729 2690 920
1730 559 979
1730 7856 116
1730 7510 883
1730 226 951
1731 3201 885
1731 6672 250
1731 5496 871
1731 4508 743
1731 3832 521
1731 7179 268
1732 2122 549
1732 2633 886
1732 5495 730
1733 7561 880
1733 6046 295
1733 4672 616
1734 4568 17
1734 6684 535
1735 367 612
1736 681 433
1736 1341 894
1736 3233 658
1736 7766 207
1737 6422 292
1737 2541 67
1737 5040 203
1737 6592 70
1737 1501 818
1738 4062 830
1739 3904 1
1739 6377 403
1739 4184 504
1740 5125 102
1741 1640 726
1741 286 827
1742 7768 526
1742 2924 618
1742 1498 859
1742 4115 537
1742 1207 961
1743 5498 58
1743 7357 441
1744 7687 100
1744 477 318
1745 4296 842
1745 7785 779
1746 2025 963
1746 2959 332
1747 1328 729
1747 5536 337
1747 819 144
1748 7165 113
1748 662 809
1749 5996 3
1749 334 944
1749 7849 247
1749 189 152
1750 1687 222
1750 552 123
1750 5489 425
1750 5080 380
1751 7485 519
1751 3613 950
1751 4241 965
1751 6079 181
1752 4662 545
1753 7271 798
1753 2293 430
1753 672 814
1753 3261 892
1754 6571 317
1754 1634 2
1754 7608 745
1754 6411 206
1754 5436 515
1755 7653 654
1755 3099 104
1755 4689 646
1755 5007 910
1755 5087 426
1756 6617 98
1756 3112 807
1756 4402 439
1756 7985 749
1756 6746 533
1756 1655 22
1757 1709 527
1759 1593 471
1759 5795 467
1759 1662 764
1760 3473 100
1760 3377 375
1760 5320 372
1760 1171 777
1761 2669 877
1761 3330 739
1761 7646 761
1761 1958 604
1761 3132 307
1762 4412 440
1762 56 506
1762 7078 413
1763 1013 41
1763 906 761
1763 7734 292
1764 81 551
1764 6487 492
1764 1447 79
1765 7952 69
1766 1336 911
1766 2035 292
1767 4241 285
1767 643 441
1768 6476 333
1768 6355 749
1768 1090 161
1768 7927 630
1769 3043 974
1769 2362 869
1769 7808 497
1769 641 751
1769 7338 603
1769 3516 814
1770 4619 748
1770 7257 82
1770 195 413
1770 2091 490
1770 1280 587
1770 258 122
1770 2115 639
1771 7077 930
1771 6770 798
1771 1805 813
1771 5106 408
1771 1997 967
1772 1506 176
1772 523 318
1772 6270 146
1772 4900 982
1772 4151 792
1772 417 582
1773 7828 296
1773 6055 297
1773 4122 419
1773 455 527
1773 3707 86
1773 5602 705
1773 302 251
1774 7397 208
1774 7263 423
1774 3101 359
1775 746 540
1775 3160 536
1775 4355 305
1775 2993 912
1775 5228 448
1775 2028 815
1775 2740 690
1775 2105 203
1776 4092 338
1776 6673 816
1776 182 420
1777 3361 581
1777 5520 742
1777 1177 590
1777 5091 252
1777 3054 641
1778 4265 186
1778 6515 345
1778 2085 761
1778 3445 847
1779 6827 325
1779 5388 563
1779 2385 811
1779 6527 694
1779 7463 516
1779 2809 492
1779 6752 352
1779 2813 135
1780 1030 211
1780 7650 246
1780 2662 400
1780 6322 274
1781 7361 347
1781 2438 604
1781 7945 137
1781 5708 799
1781 5419 805
1781 3993 378
1782 841 349
1782 2843 425
1782 1209 614
1783 4326 760
1783 2450 628
1783 6565 501
1783 1636 5
1784 1569 528
1784 7583 57
1784 1441 687
1784 4167 845
1784 7181 760
1784 2457 373
1784 756 729
1784 1004 371
1784 1853 646
1785 7577 224
1785 3809 707
1785 6296 667
1785 500 277
1785 4117 999
1786 6095 509
1786 5569 122
1786 2542 698
1786 115 205
1787 682 73
1788 5506 863
1788 7582 302
1788 1683 887
1788 2239 588
1789 2703 870
1790 6911 889
1790 4822 262
1790 5823 896
1790 5405 139
1791 3920 117
1791 7076 403
1791 2531 325
1791 4486 445
1791 3600 215
1791 5028 562
1792 6655 107
1793 3221 808
1793 432 107
1794 1276 753
1794 2585 996
1794 1579 513
1794 5212 807
1794 4119 279
1794 1836 501
1795 1258 577
1795 2009 107
1795 5693 546
1795 5908 324
1795 3371 450
1797 6829 944
1797 1247 223
1797 4768 660
1797 6953 241
1798 466 30
1799 7293 416
1799 5965 384
1799 7641 316
1799 3232 258
1799 3769 910
1800 5391 231
1800 263 873
1800 7649 453
1801 2980 280
1801 7142 141
1801 5810 50
1801 3775 60
1802 2943 993
1802 878 668
1803 4965 459
1803 4360 388
1803 4678 837
1803 6496 586
1804 7868 63
1804 1714 886
1804 3890 35
1804 329 392
1804 1725 465
1805 3027 728
1805 5882 111
1805 4141 394
1805 4010 918
1806 2619 867
1807 1445 456
1807 2647 530
1807 2571 399
1808 237 36
1808 3300 558
1808 2351 574
1808 5764 719
1808 74 587
1808 7117 871
1808 7896 108
1808 2066 406
1808 3136 871
1809 5522 749
1809 1288 994
1809 1845 841
1809 1810 641
1810 4840 656
1810 980 479
1810 1345 928
1811 6801 759
1811 2796 516
1811 2445 773
1811 7362 283
1811 4124 214
1811 1689 883
1811 7126 137
1812 1296 591
1812 2245 794
1812 7531 236
1813 2145 53
1813 291 454
1813 5461 17
1814 1006 879
1815 3129 171
1815 5387 281
1815 3638 512
1815 4786 783
1815 5960 40
1817 4665 810
1817 1508 189
1817 3242 519
1818 2144 211
1818 6207 231
1818 2696 761
1819 7027 51
1819 3292 851
1819 7718 179
1819 874 924
1820 4924 21
1820 497 492
1820 1859 338
1820 5533 418
1820 1710 1
1820 3370 993
1821 5226 506
1822 470 28
1823 5224 614
1823 5160 39
1823 211 47
1824 7550 63
1825 5404 131
1825 2559 677
1825 1415 899
1825 2787 822
1825 2736 573
1825 4932 776
1826 6096 371
1826 6264 416
1826 996 645
1827 4181 696
1827 3810 863
1827 6257 485
1827 4144 687
1827 840 802
1827 2989 747
1828 7492 573
1828 4200 383
1828 1513 633
1828 7295 253
1828 1095 718
1828 2344 481
1828 7456 59
1828 168 973
1829 3805 379
1829 2633 658
1829 6637 312
1829 7379 959
1830 1430 468
1830 3781 3
1830 631 808
1830 7538 330
1831 2875 63
1831 7467 685
1831 5486 979
1833 3762 889
1833 7993 608
1834 3482 549
1834 3711 333
1834 7847 805
1835 7896 504
1835 7520 287
1836 1064 953
1836 5203 406
1836 749 95
1836 5221 577
1836 7990 248
1837 5118 642
1837 16 908
1837 1378 791
1837 6848 872
1837 6574 25
1837 2379 655
1837 6719 323
1838 4984 103
1838 5233 705
1838 7511 531
1838 6045 183
1838 7873 882
1839 7634 464
1839 6951 305
1840 7894 304
1840 7184 334
1840 4766 866
1841 5929 211
1841 470 306
1842 1772 535
1842 1426 968
1842 7833 542
1843 631 239
1843 7605 731
1843 7760 121
1843 5786 873
1843 3694 727
1843 5042 762
1843 3073 731
1844 7208 240
1845 283 333
1845 5982 542
1845 1407 679
1846 3861 301
1846 3080 756
1846 4299 587
1846 863 105
1846 3029 768
1846 4585 351
1846 7975 17
1846 5851 270
1846 6714 280
1847 1881 999
1847 6490 431
1847 2880 296
1848 3341 133
1848 1044 254
1848 273 993
1848 7762 713
1848 6499 926
1848 1110 625
1848 5763 173
1849 1200 810
1849 6459 475
1849 3115 213
1849 5399 919
1849 4156 648
1849 965 574
1849 7578 513
1850 7881 171
1850 2879 13
1850 6998 16
1850 1271 979
1851 1858 272
1851 2229 961
1851 3867 746
1851 119 915
1851 7425 248
1852 921 613
1852 6538 54
1853 1449 669
1853 6295 46
1854 6485 920
1854 4846 652
1855 1691 200
1855 4635 500
1855 3629 318
1855 5392 274
1856 4509 489
1856 1417 906
1856 5323 804
1856 621 998
1857 5394 954
1857 6316 87
1858 7058 240
1858 1918 813
1858 6797 658
1858 5422 320
1858 2668 28
1859 6070 931
1859 7474 991
1860 3863 519
1860 3444 361
1860 869 636
1860 3195 137
1861 6170 125
1861 5583 12
1861 1968 792
1861 79 191
1862 3843 916
1862 4124 739
1862 6671 846
1863 1713 877
1863 3664 617
1863 4866 790
1863 3078 918
1863 6072 510
1863 7803 574
1863 7515 862
1863 7513 967
1863 4125 272
1864 770 154
1864 7247 471
1864 3682 940
1865 3320 729
1865 3252 130
1865 5352 110
1866 383 369
1866 932 235
1866 4505 562
1867 2557 330
1867 6701 613
1867 671 911
1868 5237 876
1868 4583 475
1869 7414 12
1869 4558 634
1870 6410 341
1870 5286 363
1870 3369 17
1870 7380 488
1870 1483 955
1870 4198 37
1870 1449 903
1871 2733 746
1871 141 453
1871 4243 410
1871 390 713
1871 6576 635
1872 4445 321
1872 1982 160
1872 3125 180
1872 4512 82
1872 7226 48
1873 1455 948
1873 7176 771
1873 943 921
1873 6455 415
1874 2105 518
1874 1722 42
1874 4103 710
1875 251 912
1875 2306 646
1875 5914 879
1876 1383 603
1876 1911 698
1876 3138 982
1876 7638 538
1876 137 506
1877 4213 277
1877 1176 455
1877 5926 274
1877 7830 4
1877 7159 851
1878 4672 462
1878 2887 132
1879 5918 721
1879 2150 818
1879 3767 990
1879 2462 885
1880 6914 587
1880 203 774
1880 3675 914
1881 1859 161
1881 1589 621
1881 4899 968
1881 1955 58
1881 5452 578
1882 4557 800
1882 5819 420
1883 4510 263
1883 4846 111
1883 4656 553
1884 7628 134
1884 1863 920
1885 819 209
1885 758 916
1885 154 776
1886 1358 398
1886 7038 626
1887 3485 928
1888 7477 546
1888 4070 435
1888 7659 83
1889 4533 368
1889 7190 803
1889 1700 867
1889 7730 539
1889 7556 913
1889 2488 213
1889 4744 519
1890 2196 220
1890 139 902
1890 2897 165
1890 5699 944
1890 5983 167
1891 6221 118
1891 6381 231
1891 6290 495
1892 7601 954
1892 6825 349
1892 5055 997
1892 7214 230
1892 7395 830
1892 266 887
1892 2966 739
1892 7318 775
1892 7697 400
1892 4687 583
1893 5216 874
1894 7867 737
1894 2077 496
1894 6781 308
1894 2582 300
1895 6742 714
1895 1239 941
1895 7688 989
1895 3542 69
1896 1334 496
1896 6873 664
1896 7106 550
1896 1818 629
1897 6952 849
1897 5064 994
1897 6791 907
1898 7879 568
1898 6262 50
1898 971 672
1898 3046 57
1898 7338 694
1899 2946 510
1899 3760 235
1899 654 135
1899 1996 914
1899 5501 810
1899 4386 97
1899 2959 929
1899 7825 595
1900 1914 519
1900 3194 163
1900 1006 134
1900 2250 265
1901 7425 617
1901 4594 621
1901 3106 224
1902 7740 620
1902 2885 22
1903 7394 510
1903 4250 998
1903 5327 893
1903 3821 880
1905 1765 891
1905 2258 101
1905 142 659
1905 66 864
1905 1440 443
1905 1506 587
1905 2098 753
1906 5599 499
1906 3090 154
1907 4228 588
1907 7140 316
1907 5060 521
1908 4539 98
1908 1071 755
1908 1706 416
1909 2753 587
1909 1653 362
1909 2840 312
1910 7514 635
1910 2293 297
1910 1292 577
1910 4797 557
1910 4488 69
1910 322 759
1910 4560 978
1910 7578 550
1911 4946 251
1911 7528 691
1911 5488 612
1912 6952 414
1912 4262 199
1912 7768 393
1912 107 681
1912 7430 712
1912 1126 640
1912 7154 261
1912 678 719
1912 5632 349
1912 3141 743
1913 2599 721
1913 2914 568
1913 7224 26
1913 1270 988
1914 2280 394
1914 6539 51
1914 2913 813
1915 6955 844
1915 6537 129
1915 77 171
1915 891 207
1915 5153 765
1916 7810 768
1917 6343 66
1917 7309 617
1917 5834 430
1917 5900 355
1917 5786 315
1918 6119 778
1918 4799 516
1918 4452 636
1918 4473 836
1918 1611 536
1919 3423 739
1919 1296 324
1919 6795 330
1919 4817 459
1920 5322 681
1920 5023 355
1920 6468 494
1920 6832 268
1920 5658 66
1920 6204 711
1921 6308 652
1921 6745 944
1922 7843 104
1922 4232 87
1922 1450 806
1922 2471 487
1922 6720 263
1923 5054 632
1923 5974 921
1923 3603 460
1924 5917 159
1924 1983 81
1925 2069 648
1925 7305 87
1925 2842 949
1925 4013 141
1925 661 138
1926 7626 907
1926 5961 632
1926 7932 319
1926 5468 955
1926 3682 734
1926 7755 815
1927 251 653
1927 2649 682
1927 6721 615
1927 2105 241
1927 1301 995
1927 2049 818
1927 5704 245
1927 2467 518
1928 3603 702
1928 2812 875
1928 4375 880
1928 4679 385
1929 1468 798
1929 7241 352
1929 3503 671
1929 3078 923
1929 589 473
1929 2992 363
1929 5730 934
1929 5102 475
1930 2282 718
1930 3940 594
1930 4004 655
1931 6359 868
1931 755 65
1931 1941 976
1931 2435 396
1932 6622 35
1932 2713 531
1932 4115 674
1932 7732 800
1932 2412 456
1933 3951 402
1933 3208 58
1933 130 256
1933 3721 662
1933 3649 975
1934 4959 99
1934 2026 487
1934 1416 702
1934 3537 707
1935 6748 683
1935 2994 493
1936 4938 3
1936 6426 463
1936 5351 37
1936 4302 194
1937 4186 996
1937 876 477
1937 6229 238
1937 7417 906
1938 6437 189
1938 548 606
1938 7775 899
1939 3092 48
1939 604 249
1940 7388 120
1940 1429 394
1940 7682 544
1941 4583 605
1941 2621 188
1941 3291 716
1941 6002 150
1942 6387 965
1942 1697 461
1942 2561 876
1942 4327 427
1943 5530 768
1943 6999 138
1943 1151 628
1943 599 566
1944 86 223
1944 6011 228
1945 3661 920
1945 3412 792
1945 7534 792
1945 6044 305
1946 6271 883
1946 4681 883
1946 7202 451
1946 6965 935
1946 4263 228
1946 7830 803
1947 5195 958
1947 6993 742
1947 220 570
1947 4023 544
1947 1916 986
1947 6774 761
1947 627 341
1947 6845 33
1948 3997 861
1948 354 745
1948 81 72
1948 5485 498
1949 2527 734
1949 3172 544
1949 5817 491
1949 3508 629
1949 2604 728
1950 5256 636
1950 2735 886
1950 3528 680
1950 2364 226
1950 5180 103
1950 433 818
1950 2522 890
1951 7287 154
1951 3024 962
1951 3569 311
1951 3625 255
1951 3810 958
1951 4457 6
1952 2408 583
1952 4120 5
1953 404 30
1953 345 103
1953 6364 255
1953 6120 426
1953 4948 77
1953 6685 490
1953 4154 808
1954 2148 931
1954 5618 60
1954 7920 134
1954 6491 141
1955 1438 709
1955 574 550
1955 5955 943
1955 1434 938
1955 50 282
1955 1433 242
1956 5187 589
1956 7974 928
1957 3494 463
1957 4185 644
1957 5195 371
1957 927 219
1958 4993 108
1958 7144 750
1959 2130 324
1959 6033 487
1960 4267 655
1960 3065 363
1960 3005 203
1960 7329 598
1960 6737 934
1960 1424 843
1961 3178 995
1961 1353 816
1961 5513 442
1962 4587 59
1962 4127 77
1962 4983 238
1962 2658 851
1963 3372 672
1963 3960 948
1963 690 494
1963 5255 548
1964 6754 190
1964 2557 380
1965 7800 361
1966 1248 385
1966 5513 440
1967 2324 756
1967 1378 665
1967 7530 929
1967 2685 311
1967 2290 897
1967 6378 899
1968 3460 265
1969 5743 471
1969 4709 629
1969 3497 670
1969 2912 152
1969 7454 373
1969 102 46
1969 833 975
1969 5968 555
1970 7749 322
1970 781 7
1970 6839 886
1970 3576 897
1971 6480 796
1971 3682 438
1972 1205 884
1972 1442 928
1972 7467 207
1973 1029 842
1973 2934 578
1973 5901 905
1974 3113 726
1974 5866 259
1974 822 751
1974 5799 381
1974 6374 76
1975 668 892
1975 2928 411
1975 2333 477
1975 1922 840
1975 2726 714
1975 3491 17
1975 6213 223
1976 4978 783
1976 224 473
1976 1857 679
1976 2571 586
1977 2932 413
1977 1153 397
1977 2776 409
1977 5295 35
1977 6731 403
1977 5853 531
1978 501 600
1978 3598 27
1978 2943 660
1978 7496 385
1978 3551 473
1979 4046 609
1979 5114 324
1979 6102 807
1979 5066 222
1980 2452 263
1980 1761 929
1981 7813 325
1981 7162 137
1981 862 996
1981 3515 278
1981 102 846
1981 3864 958
1981 903 634
1981 6293 65
1982 3532 135
1982 7399 481
1982 1774 139
1982 7416 491
1983 6953 10
1983 2133 910
1983 7200 397
1983 6098 465
1983 4508 759
1983 6356 657
1983 5694 64
1985 1355 397
1985 2247 543
1985 1900 504
1985 7884 375
1986 6030 422
1986 6703 94
1986 340 907
1986 2770 154
1986 962 953
1986 4636 673
1986 1854 182
1987 2298 543
1987 3703 698
1987 5831 819
1987 3986 314
1989 6272 283
1990 3658 506
1990 782 999
1990 1437 948
1991 6002 984
1991 226 308
1991 5869 670
1992 6042 410
1992 3928 767
1992 5051 565
1992 3475 548
1993 5350 422
1993 1980 94
1993 6222 290
1993 3589 706
1993 809 442
1994 6074 451
1994 6355 473
1994 3845 63
1994 3315 507
1994 754 573
1994 2853 804
1995 7568 193
1995 6933 170
1996 6556 696
1996 1678 427
1996 2689 434
1997 4003 828
1997 4659 977
1997 6403 841
1997 6045 1000
1997 3145 996
1998 2958 732
1998 6214 936
1999 2764 665
1999 4624 239
1999 2779 85
1999 4561 932
1999 7151 528
2000 4581 726
2000 1743 441
2000 2764 266
2000 1073 413
2000 4172 872
2001 4954 884
2001 2592 514
2001 7259 950
2001 3452 29
2001 4085 217
2002 3608 100
2002 6771 155
2003 2089 213
2003 1137 376
2003 155 609
2003 6763 928
2004 6036 425
2004 4619 175
2004 4478 168
2005 7943 200
2005 7570 833
2005 1703 320
2005 6335 359
2005 4546 646
2005 7848 102
2006 4136 348
2006 2520 244
2006 3379 874
2007 6803 198
2007 7655 476
2007 6808 394
2008 5594 293
2008 5534 447
2008 293 213
2008 6288 806
2009 2648 316
2009 4582 209
2009 7648 843
2009 7873 498
2010 4970 657
2010 1111 636
2010 3745 596
2011 1275 382
2011 742 355
2011 1813 107
2011 6638 333
2011 6740 980
2011 6940 845
2011 587 696
2011 6239 861
2011 4621 290
2011 3926 804
2011 5536 338
2011 2111 900
2013 2962 203
2013 5198 313
2013 4607 790
2013 5029 34
2014 7495 390
2014 196 713
2014 3668 405
2014 334 92
2015 2387 818
2015 4262 145
2016 785 554
2016 825 725
2016 6515 366
2017 7022 859
2017 2603 862
2017 6492 382
2017 3824 133
2017 6765 71
2017 2138 841
2018 308 762
2018 3266 842
2018 5877 921
2018 4350 819
2019 702 190
2019 1978 637
2019 6489 886
2019 3763 582
2019 3931 149
2020 7530 718
2020 1954 82
2020 3517 163
2020 6612 725
2020 5664 177
2020 5359 603
2020 4566 185
2020 7741 984
2021 3097 201
2021 4031 195
2021 5422 827
2022 5570 435
2022 4733 258
2022 2020 318
2022 2524 845
2022 6422 472
2022 5022 180
2022 2205 699
2022 6456 793
2022 1210 336
2024 3800 83
2024 4256 363
2024 2305 348
2025 5614 564
2025 2599 842
2025 1356 52
2025 6783 474
2025 5220 70
2025 3913 881
2025 6994 728
2025 1796 156
2026 6613 298
2026 3522 167
2026 7405 14
2026 2287 423
2027 2632 167
2028 6476 228
2028 387 372
2028 4704 957
2028 5951 987
2028 1667 782
2029 6200 877
2029 3387 473
2029 2882 481
2029 2260 386
2029 4617 579
2029 1457 560
2030 6464 359
2030 1671 865
2030 5777 460
2030 7679 429
2030 5483 976
2030 456 538
2030 1964 795
2031 5753 598
2031 4159 937
2031 5568 445
2032 1155 232
2032 6623 333
2032 3250 906
2032 3465 875
2032 1532 759
2032 4534 891
2032 602 575
2033 5884 720
2033 6470 329
2033 7220 221
2033 5119 655
2034 3053 289
2034 6189 721
2034 6984 572
2034 4267 491
2034 7853 803
2035 7371 455
2035 207 47
2035 6918 72
2036 5000 659
2036 1629 46
2037 6545 850
2037 618 440
2038 1246 247
2038 6513 965
2038 3468 91
2038 7826 77
2038 1975 408
2038 3388 543
2038 1704 804
2038 119 472
2039 3801 32
2039 4541 252
2039 7174 624
2040 4158 266
2040 3470 666
2040 266 768
2040 3459 95
2041 5438 495
2041 4414 933
2041 1748 500
2042 5862 837
2042 6898 756
2042 3709 793
2043 3691 802
2043 2105 13
2043 5424 769
2044 7483 857
2044 1156 436
2045 7123 977
2045 1716 795
2045 7015 381
2045 1660 169
2045 2477 868
2045 290 450
2045 788 235
2045 2347 622
2046 440 963
2047 3673 476
2047 5222 68
2047 5687 685
2047 4699 699
2047 5534 57
2047 5243 151
2048 5885 994
2048 5898 338
2048 2568 717
2048 4757 422
2048 7829 35
2048 2805 255
2049 7300 85
2049 968 601
2049 4342 367
2049 1632 670
2049 5363 533
2049 2551 510
2049 4612 297
2049 1835 955
2049 1229 59
2049 4029 547
2050 4334 452
2050 688 263
2050 1269 738
2050 1240 213
2050 1740 420
2050 1994 16
2050 684 592
2050 7102 89
2051 3801 14
2051 6373 448
2051 6622 993
2052 822 318
2052 3581 389
2052 2064 740
2052 6881 525
2053 4856 965
2053 6859 460
2053 1983 585
2053 1313 585
2053 1427 479
2054 4301 740
2055 5159 251
2055 6743 332
2055 569 692
2056 2319 543
2056 4011 776
2057 3988 433
2057 6314 935
2057 2776 482
2057 1039 167
2057 4026 391
2057 3737 862
2057 2235 450
2058 6794 487
2058 6968 588
2058 1409 700
2058 3377 176
2058 4378 223
2058 3805 48
2059 4236 962
2060 2191 227
2060 5557 281
2060 2101 420
2060 3681 413
2061 2952 169
2061 5819 889
2061 410 355
2062 6890 529
2062 609 856
2063 7997 422
2063 1661 76
2063 2918 624
2063 762 622
2063 4702 235
2064 4174 833
2064 173 924
2064 5963 150
2064 1542 465
2064 4371 590
2065 2812 448
2065 2599 223
2065 5630 56
2065 4214 9
2065 1371 552
2065 3944 51
2066 4505 638
2066 4025 626
2066 370 10
2066 113 498
2066 2316 624
2067 6476 877
2067 1276 366
2067 2110 473
2067 7914 239
2067 2392 638
2067 474 554
2067 4230 73
2067 2065 419
2067 4186 577
2068 7642 447
2068 2236 169
2068 625 993
2068 7942 777
2068 18 921
2068 6281 788
2070 6205 389
2070 2111 520
2071 965 940
2072 3126 617
2072 2834 579
2072 7625 725
2072 4074 270
2072 4733 914
2073 7935 738
2073 2136 82
2073 2623 414
2073 771 253
2074 6987 811
2074 2244 998
2074 7270 716
2074 6070 667
2074 5309 453
2075 2567 508
2075 7676 69
2075 6869 549
2075 6005 933
2076 4194 356
2076 3387 211
2076 2871 635
2077 4162 532
2077 5052 791
2077 6437 983
2078 4493 313
2078 5474 804
2078 61 586
2078 984 741
2078 56 565
2078 6026 383
2079 5684 998
2079 7918 893
2079 3627 132
2079 3730 872
2079 6656 810
2080 5893 666
2080 5777 108
2080 1761 267
2080 1765 261
2081 7591 553
2081 4214 105
2081 5905 343
2081 2126 768
2081 1352 549
2082 517 822
2082 675 125
2083 3305 77
2083 5194 660
2083 7886 759
2083 6219 74
2083 4374 183
2083 2701 825
2084 6118 36
2084 5067 349
2084 4220 719
2086 2323 2
2086 1780 588
2086 6724 901
2086 6535 958
2088 7130 937
2088 3464 266
2088 5908 844
2088 5668 36
2089 5196 142
2089 2992 94
2090 2098 547
2090 2504 353
2090 6129 467
2090 7733 924
2091 862 990
2091 1332 657
2091 3259 195
2091 6418 298
2092 7900 358
2092 3791 718
2092 7796 836
2092 398 599
2092 6703 492
2093 5714 878
2093 7028 242
2093 5604 495
2093 40 638
2093 6166 892
2094 5994 215
2094 381 484
2094 3787 719
2094 1987 681
2094 133 609
2095 4191 284
2095 6978 14
2095 724 496
2095 1021 20
2095 6256 737
2095 1939 622
2096 790 284
2096 3924 445
2097 4971 363
2097 6458 85
2097 991 703
2098 5500 550
2098 4059 160
2098 2917 701
2098 4584 87
2098 5598 297
2098 473 776
2098 2989 417
2098 7857 592
2099 5578 537
2099 4525 822
2099 463 121
2099 7306 63
2099 2301 22
2099 7516 532
2099 3847 758
2099 4422 899
2100 2656 257
2100 7750 502
2100 17 9
2101 3367 521
2101 6922 315
2101 3985 584
2101 1360 427
2102 3332 596
2103 714 331
2103 6737 12
2103 7167 488
2103 2139 868
2105 959 284
2105 5756 191
2106 4964 34
2107 7783 880
2107 5859 290
2107 6582 617
2107 3092 16
2107 6368 354
2108 2993 890
2108 5677 853
2108 1866 132
2108 6999 605
2108 2592 617
2109 7254 373
2109 4893 803
2110 6194 947
2110 6476 293
2110 587 436
2111 863 539
2111 6205 817
2111 7223 422
2112 2271 939
2113 7171 918
2113 1970 271
2113 6357 864
2114 3049 442
2114 3621 749
2114 3442 138
2114 4407 549
2114 7661 49
2115 2356 245
2115 4001 218
2115 6804 724
2115 5918 578
2115 4189 582
2116 1869 413
2116 3632 661
2116 3794 962
2116 3338 345
2116 6156 1000
2117 7872 79
2117 3476 251
2118 1840 24
2119 607 496
2119 1088 862
2119 6806 744
2119 5247 778
2120 4191 289
2120 6366 450
2120 1716 981
2120 4274 964
2120 5935 140
2120 3032 970
2121 2628 558
2121 5184 830
2121 2317 658
2121 4844 628
2121 7467 80
2122 4716 78
2122 2328 498
2122 6541 677
2123 1124 566
2123 6136 819
2123 2024 200
2123 1272 734
2123 1666 582
2123 4140 661
2124 2455 559
2124 6436 337
2124 4503 686
2124 5889 65
2124 1293 589
2124 2502 522
2125 3752 909
2125 1872 285
2125 1726 66
2125 2827 369
2126 4160 422
2126 4429 244
2126 7625 149
2126 1514 587
2126 2855 205
2126 105 711
2126 4424 565
2126 5467 240
2126 4498 999
2127 931 358
2128 4553 470
2128 716 442
2128 7825 34
2128 1933 157
2129 6266 729
2129 288 260
2129 2405 949
2129 2992 450
2129 4019 997
2129 6642 704
2129 3132 620
2130 7884 399
2130 608 809
2130 6510 761
2130 5573 111
2130 771 923
2130 2549 841
2130 5308 55
2130 4804 185
2130 2112 595
2131 1590 787
2131 1401 992
2131 3302 348
2131 572 746
2132 404 680
2132 3776 757
2132 7751 103
2132 7246 32
2133 4271 67
2133 3550 379
2134 4667 385
2134 6471 204
2134 6738 774
2135 2461 48
2135 4686 143
2135 2854 983
2135 1079 659
2136 281 992
2136 4878 382
2136 2527 803
2137 1453 741
2137 6272 365
2137 7400 109
2138 1466 750
2138 3273 422
2138 2426 424
2138 3211 774
2139 7041 48
2139 5865 368
2139 265 321
2140 935 886
2140 2418 109
2141 7666 745
2141 7341 482
2141 588 355
2142 7996 627
2142 4297 408
2142 3972 862
2143 275 295
2143 6087 635
2143 459 930
2143 5238 588
2144 863 222
2144 206 358
2145 2443 993
2145 5757 548
2145 1773 318
2146 540 263
2146 6896 571
2146 1372 652
2146 7055 943
2146 1660 880
2146 1639 187
2147 556 897
2147 1970 522
2147 7800 224
2147 2057 540
2148 5883 670
2148 7786 724
2149 6035 567
2149 3240 431
2149 768 408
2149 4682 631
2149 3143 169
2149 6604 229
2149 7235 568
2149 4986 78
2150 2903 964
2150 655 770
2150 6258 473
2150 6004 515
2150 1189 63
2151 3143 793
2151 4619 163
2151 5907 265
2151 3239 186
2151 4825 117
2151 2664 381
2152 2812 288
2152 4143 261
2152 3426 431
2152 1785 908
2152 1395 252
2153 2282 26
2153 7788 268
2153 2230 635
2153 4647 685
2153 6118 273
2154 5355 535
2154 6277 385
2154 6823 331
2155 5486 88
2155 1212 904
2155 1395 746
2155 3402 803
2155 1240 191
2156 3140 652
2156 6738 565
2156 4324 447
2157 5820 170
2157 4441 125
2157 5233 700
2157 7883 11
2158 3909 652
2158 7582 560
2158 1561 284
2158 1728 523
2158 7963 120
2158 7453 747
2158 1206 812
2159 2530 609
2159 1547 95
2159 58 256
2159 2938 914
2160 3120 32
2160 4679 51
2160 4626 986
2160 4406 581
2160 2231 399
2161 1667 52
2161 1623 559
2161 6891 748
2161 2615 975
2162 853 678
2162 5720 95
2163 6393 704
2163 4520 202
2163 209 323
2163 6355 244
2163 3472 971
2163 7730 357
2163 997 447
2163 4985 342
2163 7319 427
2164 4020 638
2164 2137 184
2164 2310 318
2165 1314 985
2165 809 140
2165 599 215
2165 5634 792
2165 6629 598
2166 2652 150
2166 5738 276
2166 6860 130
2166 997 573
2167 6302 292
2167 5080 362
2167 3465 809
2168 4580 499
2168 7951 375
2168 7848 958
2168 4334 202
2168 4279 305
2169 2149 58
2169 2142 827
2169 240 697
2169 7206 649
2169 7387 528
2169 4952 428
2169 2860 43
2169 4690 881
2170 280 521
2171 4382 815
2172 1014 671
2172 4121 967
2172 2333 694
2172 7616 772
2173 7723 907
2173 4801 913
2173 2768 575
2173 7031 263
2173 7709 227
2174 2755 971
2174 5125 622
2174 3609 556
2174 1876 443
2174 54 937
2175 6749 861
2175 3850 694
2175 6074 139
2176 2602 34
2176 7998 289
2176 856 76
2176 458 943
2177 3455 971
2177 3149 639
2177 3771 649
2177 594 38
2177 1190 199
2177 7980 362
2178 2828 146
2178 3316 952
2178 7373 567
2178 1593 267
2178 254 669
2178 2104 402
2179 7491 252
2179 4787 495
2180 5781 864
2180 6176 862
2181 5315 187
2181 5616 79
2181 5242 653
2181 6766 530
2181 1424 954
2182 2605 967
2182 3676 583
2183 3279 344
2183 3458 800
2183 701 837
2184 1677 994
2184 7671 93
2184 7034 528
2184 2004 75
2184 5924 870
2185 7160 49
2185 4109 344
2185 6598 711
2186 5257 294
2186 6448 267
2186 1603 243
2187 2829 625
2187 311 647
2188 4013 984
2188 7231 989
2189 4412 383
2189 3282 315
2189 4058 330
2189 486 623
2189 5285 261
2190 2456 759
2190 6528 646
2190 900 321
2190 2741 126
2190 629 174
2191 2367 684
2191 6468 67
2192 1549 288
2192 5664 185
2192 291 887
2192 4161 436
2192 7320 501
2192 5463 392
2192 5071 637
2193 1822 146
2193 7077 641
2193 637 881
2193 886 513
2193 4687 419
2194 5629 418
2194 6694 137
2194 7587 371
2195 5398 744
2195 7956 367
2195 6182 946
2196 2220 640
2196 421 935
2196 6668 667
2196 5617 775
2197 5464 666
2197 5592 642
2197 4870 519
2197 1280 144
2197 5717 605
2198 450 777
2198 4363 589
2199 2475 911
2199 2484 745
2200 285 487
2200 4954 135
2200 3212 134
2200 4880 135
2200 7840 931
2201 6702 918
2201 4942 589
2201 2093 374
2202 6611 949
2202 2649 641
2202 1573 818
2202 1885 559
2202 528 495
2202 4531 248
2203 6978 293
2203 3563 261
2203 7362 681
2204 1618 335
2204 5302 480
2204 1501 84
2204 689 508
2204 5702 523
2205 7269 152
2205 3863 235
2205 4862 610
2205 6673 97
2205 6248 250
2206 5396 920
2206 7215 73
2206 383 791
2207 2932 13
2208 5208 749
2208 4734 765
2208 1900 437
2208 5893 772
2209 6637 277
2209 6536 228
2209 3486 613
2209 5278 310
2209 1575 318
2210 5343 375
2210 7458 963
2210 3681 823
2210 2775 441
2210 2507 284
2210 5256 108
2211 7682 192
2211 4524 189
2211 3943 91
2211 20 314
2211 5671 534
2212 774 366
2213 7434 816
2213 3650 709
2213 133 302
2213 4218 372
2213 3018 769
2213 6152 87
2213 2399 510
2213 7997 984
2214 1588 577
2214 2950 669
2214 6539 668
2214 4200 611
2214 2588 96
2215 1250 694
2215 6607 769
2215 6346 48
2217 2901 161
2217 5735 402
2217 431 487
2218 3563 552
2218 1383 873
2218 6898 426
2219 3764 625
2219 7492 1
2219 2086 472
2219 5379 226
2219 2064 719
2220 723 619
2220 2147 361
2220 1507 427
2221 7361 942
2221 5527 132
2221 2745 219
2221 5426 166
2221 3880 935
2222 2296 689
2222 3237 614
2222 6637 59
2222 7647 222
2223 760 911
2223 3121 398
2223 90 21
2224 7102 494
2224 5516 884
2224 3600 691
2224 186 814
2224 5702 760
2224 3223 674
2225 4676 655
2225 5606 793
2225 7688 826
2225 827 910
2225 6204 282
2225 773 133
2225 6691 340
2226 5697 139
2226 1240 410
2226 2102 122
2226 1586 442
2226 6182 63
2227 1983 452
2227 7587 167
2228 2693 403
2228 6669 138
2228 5733 151
2228 4977 66
2229 4249 684
2229 7098 605
2229 6317 791
2229 7597 818
2230 6511 49
2230 1938 878
2230 2396 60
2230 7831 532
2230 152 566
2230 2270 809
2231 4085 483
2231 2258 742
2231 2192 803
2231 6744 948
2231 3269 719
2232 2515 560
2232 6912 5
2232 5091 365
2233 3050 225
2233 6189 710
2234 4536 775
2234 2361 316
2236 6473 407
2236 6231 763
2236 3090 718
2236 4002 137
2236 3813 935
2237 4384 385
2237 2437 345
2237 3608 763
2237 7797 305
2237 5748 965
2237 4049 33
2237 5286 868
2237 7143 431
2238 7563 315
2238 3961 539
2238 5329 519
2239 5405 603
2239 3177 918
2239 984 853
2240 862 956
2240 6376 215
2240 2764 589
2241 2504 275
2241 3959 109
2241 6637 532
2241 6187 142
2242 4082 840
2242 5498 124
2243 3529 844
2243 1187 111
2243 3733 263
2243 2300 600
2244 2454 354
2244 4951 716
2244 518 657
2245 5777 387
2245 6305 447
2245 4668 920
2245 2794 858
2245 2575 399
2245 1203 603
2246 1526 616
2246 4804 662
2246 2484 867
2246 1404 215
2247 6668 832
2247 6482 525
2248 3192 554
2248 7645 473
2248 6761 766
2248 5552 747
2248 2953 76
2249 4149 386
2249 1617 309
2250 1775 495
2250 353 257
2250 214 881
2250 3279 207
2250 7384 284
2250 7186 655
2250 5521 499
2251 3372 819
2251 2734 180
2251 514 743
2251 5770 917
2252 5387 256
2252 5549 274
2252 5119 229
2252 5843 28
2252 277 232
2252 1371 510
2252 101 692
2254 4493 329
2254 7291 285
2254 2810 73
2254 180 529
2254 3232 593
2254 1820 868
2255 3875 34
2255 5684 899
2255 2833 81
2255 3743 505
2255 736 415
2256 7463 466
2256 71 494
2256 7823 121
2257 6984 26
2257 4886 629
2257 2526 496
2258 6039 928
2258 7490 30
2258 6549 100
2258 135 324
2259 3612 547
2259 2822 972
2259 3926 25
2260 2640 973
2260 1567 297
2260 5972 664
2260 4948 876
2260 4849 727
2261 130 941
2261 6638 550
2261 2327 289
2261 3808 478
2261 4628 871
2261 2843 712
2262 3985 449
2262 1850 7
2263 1663 637
2263 5072 533
2263 3585 553
2263 7225 216
2263 2863 498
2264 5979 218
2265 4722 974
2265 1247 349
2266 5431 360
2266 1855 769
2267 7694 390
2267 2299 410
2267 1832 506
2267 1987 43
2268 2007 646
2268 6040 298
2268 791 484
2268 1499 793
2268 2218 365
2269 5958 579
2269 3101 932
2269 6146 39
2269 4957 193
2269 7313 102
2270 7511 4
2270 3549 856
2271 5217 606
2271 3494 294
2271 6161 510
2271 3857 930
2271 1470 919
2271 6150 969
2271 1126 374
2272 1766 492
2272 5959 40
2272 5958 793
2272 6074 539
2273 641 839
2273 6535 493
2273 4030 510
2273 4811 459
2274 1686 938
2275 94 653
2276 5748 392
2276 2935 824
2276 4889 973
2276 7387 531
2276 5736 102
2276 3200 882
2276 4546 448
2276 2673 187
2277 3972 173
2277 6732 38
2277 383 131
2277 3701 275
2278 5650 807
2278 748 514
2279 7644 632
2279 6286 515
2279 4292 746
2279 3649 560
2279 2212 376
2279 6410 17
2280 1656 469
2280 3697 125
2280 7993 138
2280 1915 59
2280 7080 51
2280 3111 538
2280 179 249
2280 2893 507
2280 6309 403
2281 674 84
2281 3209 10
2281 6621 38
2281 7348 442
2281 1856 395
2281 4115 695
2282 3490 921
2282 634 667
2282 4494 184
2283 5759 168
2283 2398 417
2283 7305 727
2283 4518 75
2283 4670 86
2283 2006 10
2284 1193 578
2284 1670 754
2284 2695 875
2284 5457 461
2284 1356 899
2284 2415 838
2285 3959 922
2285 6055 67
2285 5599 774
2285 7373 909
2285 7524 3
2285 2161 177
2285 7014 293
2285 4711 117
2285 133 370
2286 7862 74
2286 6093 766
2287 257 44
2288 4143 795
2288 5276 16
2289 5237 198
2289 2846 492
2289 3008 130
2290 755 601
2290 3085 225
2291 3059 405
2291 3078 170
2291 5699 562
2292 5781 31
2292 3048 847
2292 7111 995
2292 3377 76
2293 1220 678
2293 5660 464
2293 3630 398
2293 7889 513
2294 65 272
2294 564 489
2294 5895 661
2294 7255 140
2295 5928 442
2295 974 333
2295 1535 767
2295 2452 5
2295 6353 255
2296 3421 783
2296 5326 603
2296 6328 563
2296 505 84
2297 5380 857
2297 1292 768
2297 2998 823
2297 3782 433
2297 1428 197
2297 2057 681
2298 1270 708
2298 2705 393
2298 6327 266
2299 3919 667
2299 430 667
2299 7472 839
2300 1191 157
2300 1916 943
2300 4275 630
2300 4670 271
2301 1870 819
2302 58 21
2302 5864 281
2303 5188 705
2303 4674 254
2303 3447 413
2303 2558 956
2303 7763 664
2303 4283 356
2303 1830 537
2304 4535 870
2304 1777 17
2304 3826 622
2304 5615 704
2304 4490 815
2305 3585 533
2305 760 874
2305 3861 327
2305 6071 366
2305 4902 706
2305 1642 927
2305 529 968
2306 1328 780
2306 3795 129
2306 3504 12
2307 7264 5
2307 3555 813
2307 4428 647
2307 6002 403
2308 952 187
2308 7938 871
2308 2701 454
2309 1119 322
2309 2911 159
2309 3364 592
2309 5287 517
2310 1708 41
2311 871 101
2312 5329 869
2312 4549 106
2312 2973 775
2312 7914 621
2313 5074 194
2313 5281 669
2313 7716 308
2313 2082 387
2313 3606 508
2313 5700 958
2314 5909 345
2314 3623 282
2314 4197 504
2315 5414 592
2315 1375 189
2315 3205 748
2315 531 838
2315 154 148
2315 3043 425
2315 953 114
2315 5916 261
2315 258 288
2316 1900 421
2316 4835 574
2316 2259 169
2316 4192 921
2316 4193 144
2316 3820 472
2316 4417 103
2316 312 73
2316 5611 584
2317 1914 471
2317 4719 712
2317 812 285
2318 784 292
2319 6650 700
2319 667 365
2319 5692 427
2319 6913 2
2319 2214 162
2319 4541 266
2320 421 620
2320 1256 20
2320 3009 37
2320 2766 331
2320 5277 499
2320 5720 770
2320 4162 968
2320 5024 680
2320 2335 959
2321 7776 776
2321 3849 797
2321 6835 227
2321 1343 347
2322 3414 623
2322 5139 434
2322 2577 206
2322 4961 710
2323 5751 264
2323 4809 363
2323 7172 484
2323 3367 675
2323 2478 780
2324 6676 129
2324 3825 137
2324 7305 179
2325 2872 827
2325 888 208
2325 3295 698
2326 6442 728
2326 844 715
2326 3185 416
2326 13 29
2327 2591 329
2327 2765 183
2327 1209 92
2327 6793 477
2327 7733 39
2327 4764 173
2327 136 265
2327 4718 695
2328 5172 479
2328 7402 52
2328 409 172
2328 790 523
2328 3071 980
2328 2315 972
2328 5096 488
2329 4126 221
2329 2275 222
2329 617 799
2329 5084 441
2329 5943 878
2330 446 861
2330 6933 571
2330 259 684
2330 2098 266
2330 4199 925
2331 6761 176
2332 7082 394
2332 7395 686
2332 1662 652
2332 6592 283
2332 4909 696
2332 6029 735
2333 3525 946
2333 3841 80
2333 5197 115
2333 29 319
2333 7856 567
2334 2730 684
2334 3820 961
2334 3801 661
2334 2876 214
2334 3414 789
2335 201 967
2335 6566 222
2335 2926 933
2336 915 993
2336 2699 625
2336 7786 86
2336 6624 975
2336 5270 554
2336 4331 883
2336 6937 308
2337 7915 894
2337 7283 632
2337 2227 52
2337 1461 172
2337 1027 217
2337 2102 406
2338 6261 443
2338 595 417
2338 7272 893
2338 2201 806
2338 7386 262
2338 2001 256
2338 1663 993
2339 5578 963
2339 4861 710
2339 747 453
2339 6157 145
2340 7990 854
2340 3041 958
2340 5615 700
2341 1831 236
2341 3104 196
2341 6468 131
2343 4862 688
2343 1797 248
2344 2375 549
2344 640 853
2344 5295 462
2344 2697 885
2344 985 226
2344 4962 103
2345 4849 692
2345 1937 279
2345 7989 535
2346 7527 837
2347 5045 236
2347 7300 132
2347 4414 707
2347 2370 820
2347 3542 944
2348 2165 191
2348 2372 879
2348 5672 421
2348 7564 115
2349 5480 132
2349 53 399
2349 4301 206
2349 2547 711
2349 6219 515
2349 7582 522
2350 3242 976
2350 5525 367
2350 6716 951
2350 3491 96
2350 7251 273
2350 4909 66
2350 813 911
2350 7431 760
2350 1195 676
2350 6384 125
2351 640 71
2351 7663 181
2351 977 598
2352 970 110
2352 5649 306
2352 7156 316
2352 7632 779
2352 835 411
2352 5329 522
2353 2065 529
2353 7850 325
2353 7189 881
2353 7142 388
2353 1822 906
2353 7542 356
2354 5551 504
2354 3606 915
2354 7226 686
2354 1748 836
2355 4204 645
2355 4766 47
2355 5417 591
2355 3317 887
2356 6426 760
2357 6118 411
2357 2071 233
2357 4441 910
2357 1392 70
2357 6267 366
2357 2844 531
2357 287 547
2357 5708 504
2357 7531 355
2358 4001 786
2358 5735 424
2358 6195 72
2358 6119 830
2360 4900 310
2360 2304 950
2360 3843 202
2360 5290 503
2360 7768 523
2361 4258 725
2361 1783 795
2361 5034 920
2361 6663 983
2362 1038 6
2362 6757 783
2362 6041 438
2363 5812 938
2363 7701 217
2363 6567 567
2363 2008 748
2364 1232 868
2364 53 717
2364 6830 152
2364 4428 988
2365 5025 565
2365 2920 636
2365 3519 932
2365 7407 456
2365 5824 890
2366 4192 153
2366 5654 875
2366 416 139
2366 6258 672
2366 4662 338
2366 5790 394
2367 6355 624
2367 6009 221
2367 6317 889
2368 2967 732
2369 5153 260
2369 359 361
2369 7050 992
2369 6628 111
2369 158 70
2369 2116 746
2369 1711 277
2369 5664 448
2370 6383 459
2370 6389 13
2370 7098 227
2371 4016 887
2372 3106 641
2372 6107 642
2372 2343 931
2372 7481 346
2373 2980 795
2373 3349 381
2373 766 193
2373 3288 644
2373 3028 211
2373 2677 591
2373 570 341
2373 2011 284
2374 6069 977
2374 2981 935
2374 4315 651
2374 556 504
2374 6684 483
2375 4654 425
2375 1820 561
2375 2917 589
2376 4871 862
2376 7883 325
2376 7539 157
2376 5095 102
2377 4099 416
2377 3314 971
2377 1913 328
2377 2945 998
2377 6224 176
2377 4918 74
2378 1434 534
2378 5086 106
2379 5642 546
2379 314 494
2380 6129 629
2380 3140 482
2380 6197 621
2381 7160 547
2381 6137 118
2381 5499 712
2382 4779 8
2382 8 536
2382 2432 389
2382 5475 294
2383 7048 813
2383 3947 421
2383 5282 582
2383 2398 872
2383 1653 626
2384 4992 369
2384 7132 785
2385 1336 643
2385 3635 593
2385 6962 506
2385 4080 566
2386 618 537
2386 4242 220
2386 2430 227
2386 4041 174
2386 3777 152
2386 4397 783
2386 7605 734
2386 4501 633
2387 6518 816
2388 4852 257
2388 663 447
2388 3956 816
2389 3957 634
2390 3324 488
2390 6826 83
2390 7979 460
2390 3747 622
2390 4572 89
2391 4754 336
2391 125 547
2391 4333 710
2391 4690 614
2392 2612 695
2392 7341 943
2393 7399 830
2393 535 446
2393 3535 693
2393 929 344
2393 3382 866
2393 2290 498
2394 3277 421
2394 4987 74
2394 2734 639
2394 2013 874
2395 3130 57
2396 3985 589
2396 6017 798
2397 5564 616
2397 7464 838
2397 2436 183
2397 1679 471
2397 2431 563
2397 3512 98
2397 1849 922
2397 7431 664
2397 954 716
2397 3051 201
2397 2134 137
2398 1638 334
2398 7749 397
2398 5884 188
2399 5528 270
2399 7000 470
2400 6723 723
2400 3475 43
2400 5918 699
2400 880 94
2400 184 756
2401 5328 85
2401 5397 891
2401 3222 945
2401 1569 484
2401 1017 504
2401 2009 334
2401 7778 298
2402 2847 25
2402 4859 979
2402 5605 152
2403 188 578
2403 6561 443
2403 4075 121
2403 2454 371
2403 2829 338
2403 2794 760
2404 759 10
2404 3565 249
2404 257 3
2404 7575 452
2404 917 55
2404 550 90
2404 5991 192
2404 3252 912
2404 4671 652
2405 1658 394
2406 4046 14
2406 2676 788
2406 1355 608
2407 1029 181
2407 5551 517
2407 479 379
2407 6582 240
2407 1920 971
2407 6009 987
2407 937 374
2407 5748 290
2407 602 506
2408 3620 313
2409 2668 228
2409 814 125
2409 5743 153
2409 3523 447
2409 6633 476
2409 3817 828
2409 4453 632
2410 7905 220
2410 7022 627
2410 3036 641
2410 4326 700
2410 5117 331
2411 6819 128
2411 3241 284
2411 318 91
2412 2895 18
2412 1564 661
2413 4855 798
2413 4464 319
2413 557 911
2413 7802 703
2413 932 467
2413 2188 348
2414 1758 950
2414 1710 652
2414 6358 645
2414 6074 352
2415 7704 243
2416 6519 505
2416 634 453
2416 3291 260
2417 5724 222
2417 3682 740
2417 4796 257
2417 3909 520
2417 2481 677
2418 4083 732
2418 5489 131
2419 7297 539
2419 3956 67
2419 5811 927
2419 3884 359
2419 2855 211
2419 4238 1
2420 5285 191
2420 905 181
2420 7318 10
2420 817 903
2420 4221 470
2421 7377 898
2421 3234 737
2421 3920 26
2421 7231 747
2422 5060 321
2422 6055 366
2422 6016 947
2423 4021 208
2423 662 639
2423 6250 167
2423 7434 702
2424 3886 511
2424 2988 63
2424 1940 609
2424 2617 138
2425 6406 134
2426 7744 750
2426 3652 877
2427 4658 459
2427 1082 244
2427 3009 437
2427 3871 778
2427 6422 138
2427 7920 486
2428 583 531
2428 246 675
2428 7021 71
2428 3748 631
2428 839 429
2429 3163 185
2429 6564 902
2429 5375 441
2429 6018 397
2430 7605 188
2430 501 28
2431 5678 221
2431 4224 68
2432 5076 772
2432 4972 296
2432 1984 697
2432 7645 701
2433 4938 988
2433 2322 522
2433 403 321
2433 5524 467
2434 327 411
2434 6698 376
2435 2771 791
2435 2192 953
2435 598 861
2435 297 946
2435 5336 925
2436 2882 847
2436 2290 303
2437 2555 382
2437 550 774
2437 2106 250
2437 7593 723
2437 5402 950
2438 4642 165
2438 5207 793
2438 3484 89
2439 4033 897
2439 2122 323
2439 2060 144
2439 7802 62
2440 4460 398
2440 7920 206
2440 7986 866
2441 5939 792
2441 7021 110
2441 5176 228
2442 5840 943
2442 2655 184
2442 18 220
2443 4290 785
2444 358 762
2445 4703 507
2445 1105 456
2446 5399 939
2446 6830 65
2446 1967 720
2447 4275 60
2447 5566 334
2447 6464 882
2448 1994 939
2448 3728 789
2448 7038 953
2449 326 669
2449 4285 261
2450 2399 194
2450 7064 676
2450 6342 736
2451 6286 298
2451 4697 839
2451 5711 542
2451 4205 856
2452 6050 367
2452 7335 188
2452 4837 234
2452 439 48
2453 3398 251
2453 656 986
2453 772 76
2453 5318 360
2453 6441 932
2454 3006 218
2454 4411 97
2454 6116 994
2455 223 878
2455 3877 538
2455 7281 626
2456 2073 486
2456 3773 167
2457 1966 615
2457 2658 892
2458 487 451
2458 2590 781
2458 4860 860
2458 5301 583
2458 7052 194
2459 1898 867
2459 3719 707
2460 4062 16
2460 3839 10
2461 5822 827
2461 1593 21
2461 494 487
2461 6460 722
2461 6209 825
2461 5777 878
2461 6964 848
2461 684 829
2462 2164 711
2462 3124 42
2462 7410 138
2462 3875 478
2462 7911 263
2463 4079 285
2464 2773 2
2464 6525 378
2464 7233 106
2465 3985 424
2465 1677 348
2465 3561 280
2465 3564 390
2465 2179 737
2465 2440 862
2465 826 348
2466 7941 963
2466 7879 721
2466 2999 452
2466 5823 403
2467 6808 552
2467 1586 14
2467 704 929
2467 4096 228
2467 1605 34
2468 2895 146
2468 7751 348
2468 2994 598
2470 5169 755
2470 3417 188
2470 4691 331
2471 6843 236
2471 1465 814
2471 1019 632
2472 1228 325
2472 145 89
2473 6996 557
2473 4620 830
2473 7147 122
2473 5051 661
2473 3930 735
2474 6840 86
2475 981 637
2475 1128 978
2476 2919 569
2476 103 894
2476 6141 992
2476 2628 102
2477 6548 614
2477 6996 839
2477 7679 779
2478 5541 512
2478 5724 35
2478 7546 641
2478 4568 568
2478 6835 818
2479 2212 778
2479 755 341
2479 5011 882
2480 2149 754
2480 55 993
2481 6321 504
2481 6306 544
2481 5721 549
2481 5375 768
2481 3708 280
2481 7354 502
2481 1286 967
2482 6403 993
2482 7914 246
2482 815 770
2482 324 544
2482 2693 793
2482 6543 516
2482 6232 942
2483 7579 886
2483 7931 530
2483 1538 216
2483 5041 923
2483 1361 725
2483 2019 462
2483 3031 437
2484 612 893
2484 2408 677
2484 698 598
2484 5646 586
2484 6278 365
2485 5818 971
2485 7098 602
2485 7745 519
2485 4336 641
2486 6264 365
2486 3858 332
2486 804 868
2486 3268 345
2486 7390 570
2487 4934 306
2487 1423 693
2487 2173 873
2487 4332 518
2488 6868 628
2488 2708 214
2488 7198 631
2488 6716 9
2488 5885 243
2489 3977 228
2489 993 738
2489 1932 831
2490 2879 816
2490 1345 268
2491 7512 24
2491 3785 635
2492 7352 633
2492 7286 645
2492 4076 892
2492 2684 818
2493 7726 933
2493 2694 979
2493 394 464
2493 6988 471
2493 3435 85
2494 7289 546
2494 3502 202
2494 2016 336
2495 5537 240
2495 2191 775
2495 4319 420
2495 843 621
2495 150 284
2495 7119 190
2495 7421 678
2495 2757 297
2496 236 167
2496 2338 567
2496 339 638
2496 7202 695
2496 5816 630
2496 7878 201
2496 265 365
2497 7533 474
2497 4922 351
2497 2687 727
2497 3828 804
2498 6624 933
2498 2410 521
2498 6026 172
2499 6001 246
2499 371 100
2499 6978 501
2499 7457 971
2500 132 737
2500 1529 345
2500 2205 275
2500 7894 738
2500 7823 848
2501 1182 6
2501 6835 336
2501 1234 890
2502 3655 730
2502 5477 834
2502 4317 862
2502 911 218
2502 4088 552
2502 3224 932
2503 3253 400
2503 6275 348
2503 2919 210
2504 1892 335
2504 2116 354
2504 3837 997
2504 439 594
2504 4733 757
2505 3499 860
2505 7787 485
2505 3850 649
2506 1546 731
2506 7778 689
2506 4589 907
2507 3432 283
2507 3253 452
2507 3885 354
2507 7008 82
2508 1055 524
2508 3296 472
2508 5593 260
2508 961 330
2508 2226 503
2508 6140 127
2508 3060 904
2508 4992 772
2508 348 242
2509 6111 629
2509 3316 523
2509 4961 533
2509 1582 663
2509 7555 516
2510 3987 98
2510 371 118
2510 4869 714
2510 6937 169
2510 5202 871
2511 6279 900
2511 5186 889
2511 1607 325
2511 7810 612
2512 664 549
2512 2501 263
2512 5309 627
2512 3776 388
2513 1335 24
2513 1681 172
2513 5921 630
2513 2346 219
2513 6532 847
2513 1794 608
2514 6525 183
2514 3907 174
2514 6820 874
2515 1559 323
2515 4073 839
2515 5814 613
2515 7376 598
2516 6250 855
2516 2120 130
2516 851 853
2516 1474 776
2517 1393 848
2517 1387 862
2517 5810 854
2517 3948 203
2517 6022 719
2518 4527 647
2518 6243 934
2518 6728 16
2519 881 78
2519 1319 424
2519 3567 749
2519 2368 526
2519 7338 596
2519 3856 112
2519 2198 334
2519 6300 329
2520 1117 349
2520 7904 672
2520 3205 790
2521 2666 244
2521 3235 364
2522 4334 902
2522 1845 168
2522 5299 490
2522 5764 866
2522 6982 881
2523 3838 50
2523 996 16
2523 3542 919
2524 4631 350
2524 5660 422
2524 2678 51
2525 7611 729
2525 1706 477
2525 5790 389
2525 5846 645
2525 5777 625
2525 5919 553
2526 207 815
2527 3021 404
2528 4507 6
2528 5723 697
2529 360 58
2530 7433 807
2530 7180 317
2530 4717 741
2531 481 336
2531 3098 31
2531 1172 993
2531 4228 45
2532 1245 737
2532 5349 688
2532 6819 902
2532 299 994
2532 4431 684
2533 5618 433
2533 6815 290
2533 1838 280
2533 5911 201
2533 6149 523
2533 7768 343
2534 242 713
2534 1680 667
2534 1242 529
2534 2853 551
2534 4640 244
2534 5811 854
2535 2589 885
2535 3650 901
2535 6881 239
2535 7789 673
2535 3458 699
2535 7299 813
2536 4247 922
2536 2797 357
2536 29 21
2536 2522 468
2536 7337 999
2537 3333 608
2537 4922 347
2537 422 803
2538 747 160
2538 7046 774
2538 138 10
2538 877 931
2538 2698 724
2538 5995 740
2538 1357 538
2539 2313 490
2539 162 564
2540 5218 430
2540 1463 280
2540 6324 945
2540 1851 922
2540 3903 199
2540 6293 181
2540 1599 945
2541 3671 280
2541 2738 892
2541 4409 247
2541 2415 245
2541 2083 772
2542 7089 94
2542 2507 684
2542 6327 143
2543 113 239
2543 4325 321
2543 617 532
2543 4634 759
2544 225 140
2544 1302 140
2544 628 735
2545 2199 115
2545 7512 613
2545 4318 224
2545 1551 631
2545 6153 407
2545 1362 114
2545 779 669
2545 7015 289
2545 1048 36
2546 3197 612
2546 616 713
2546 2726 547
2548 1206 683
2548 5868 824
2549 7753 658
2549 2128 358
2549 1235 21
2550 32 90
2550 6324 697
2550 695 851
2550 4258 559
2550 2023 308
2550 3357 508
2550 3886 961
2551 7663 753
2551 13 826
2551 6203 420
2551 4949 612
2551 427 266
2551 3559 214
2552 7790 157
2552 7937 840
2552 5563 985
2553 1385 353
2553 22 751
2553 4151 247
2554 2771 528
2554 4782 827
2554 2894 349
2555 4264 317
2555 3306 562
2555 2563 533
2556 3800 812
2556 171 470
2556 4648 392
2556 2979 423
2557 7179 560
2557 3655 28
2557 4221 243
2557 1382 350
2557 7612 276
2557 3361 444
2558 5994 96
2558 3025 980
2558 4996 381
2558 7911 272
2558 7468 928
2559 6143 119
2559 6784 458
2559 2928 994
2559 5820 446
2559 4611 783
2559 7002 513
2560 862 257
2560 1231 517
2560 56 167
2560 7227 295
2560 950 37
2561 1751 840
2561 6305 252
2561 7117 820
2561 5958 239
2561 6099 704
2561 6504 107
2562 7351 644
2562 5355 770
2562 2641 416
2562 7591 547
2562 4030 156
2563 3172 571
2563 1683 404
2563 3433 123
2563 5758 505
2564 670 374
2564 4090 950
2564 6034 880
2564 7511 581
2564 3700 390
2565 4598 804
2565 3003 782
2565 3556 1
2566 35 515
2566 1756 735
2567 6661 753
2567 323 522
2568 2234 374
2568 2301 287
2568 4645 947
2568 1351 923
2568 5883 391
2568 3811 912
2568 24 232
2569 4170 95
2569 7626 259
2569 4747 498
2569 7799 337
2570 2308 306
2570 1475 782
2571 2663 223
2571 3027 648
2571 5158 514
2571 4503 210
2571 780 580
2571 6487 683
2571 3686 570
2572 3646 887
2572 6667 205
2572 6410 517
2573 5609 72
2573 1713 918
2573 5246 549
2573 1081 604
2574 552 8
2574 6790 310
2574 5405 766
2574 1693 848
2575 5771 706
2575 5908 72
2575 4912 861
2575 265 445
2575 5305 163
2575 3158 108
2576 5994 614
2576 2693 233
2576 7586 820
2576 5777 371
2576 2441 622
2577 3751 790
2577 4045 970
2577 2396 444
2577 6632 355
2577 1623 375
2578 6170 150
2578 6942 142
2578 6692 406
2578 542 902
2579 2557 94
2579 2966 493
2579 7899 477
2580 2861 242
2581 7145 392
2581 1217 529
2581 3156 775
2582 989 967
2582 5488 880
2582 7750 123
2583 2644 552
2583 1634 483
2583 6910 231
2583 7287 639
2583 446 322
2584 2288 339
2584 4898 79
2584 2672 900
2585 537 799
2585 6985 806
2585 2358 333
2585 7887 148
2585 3785 645
2585 5256 562
2585 7520 987
2586 5114 585
2586 1405 634
2586 7276 12
2587 7690 492
2587 6792 328
2587 1837 361
2587 6023 68
2588 6483 68
2589 7335 867
2589 276 444
2589 3017 586
2589 3323 666
2589 2999 48
2589 783 87
2589 5937 370
2589 4838 912
2590 2940 197
2590 6587 179
2590 2714 220
2590 6634 496
2590 1168 417
2590 4750 323
2590 1289 865
2590 3440 393
2590 2310 511
2590 4949 558
2591 3028 201
2591 6462 23
2591 6818 13
2591 3991 156
2591 4331 843
2591 4748 321
2592 3815 375
2592 5924 286
2592 7094 323
2592 6901 198
2592 6944 257
2593 5057 511
2593 886 292
2593 4410 437
2593 1034 758
2594 1351 134
2594 1855 507
2594 7969 551
2594 6535 273
2596 1461 112
2596 7649 53
2597 6270 949
2597 1983 674
2597 7741 282
2597 2460 44
2597 6489 823
2597 5183 740
2597 2160 696
2597 4122 125
2598 7347 993
2598 7166 585
2598 896 694
2599 4222 964
2599 7577 146
2599 6793 774
2600 5727 876
2600 6298 922
2601 1962 343
2601 3231 356
2601 7827 287
2602 5978 432
2602 5512 323
2602 2272 786
2602 6551 790
2602 64 362
2602 7722 19
2602 1405 24
2602 1949 907
2602 6363 790
2602 7719 104
2602 5820 821
2602 6408 655
2604 933 530
2604 470 337
2604 6415 423
2604 2235 524
2604 4554 247
2604 6724 885
2604 5671 55
2605 851 865
2605 1892 666
2605 1681 22
2606 1782 46
2606 7588 797
2606 6302 679
2606 621 833
2606 2243 433
2606 189 722
2607 3463 834
2607 7603 866
2607 6763 461
2607 6016 626
2608 1914 37
2608 3930 133
2608 2260 737
2608 1067 612
2608 6433 20
2608 3729 703
2608 7103 982
2609 3430 263
2609 1914 822
2610 1603 762
2610 6323 169
2610 1870 155
2610 1699 380
2610 5531 907
2611 5239 591
2612 775 213
2612 4015 525
2612 6132 607
2612 5280 170
2613 2297 813
2614 7408 24
2614 253 976
2614 2276 769
2614 1978 444
2614 4653 817
2615 6790 777
2615 3320 261
2615 5303 944
2616 51 564
2616 7978 634
2616 1806 528
2616 5818 70
2617 5313 293
2617 1780 110
2617 2122 923
2617 6274 615
2617 3517 242
2617 5285 151
2617 6283 701
2618 6354 93
2618 2229 227
2618 1468 50
2619 5383 685
2619 5474 775
2619 545 599
2619 2131 967
2619 1158 315
2620 2395 769
2620 890 597
2620 690 67
2620 2257 543
2621 6146 55
2621 1595 370
2621 4360 303
2622 5016 767
2622 1205 662
2622 2297 263
2622 7063 830
2623 2462 710
2623 3952 898
2623 6383 683
2624 6098 613
2624 6697 845
2624 3570 717
2624 1641 681
2624 1367 551
2624 6285 52
2625 2349 701
2625 1468 695
2625 2515 937
2626 1832 740
2626 3644 539
2626 7285 295
2626 6394 585
2626 6522 339
2626 817 792
2627 6846 413
2627 3610 687
2627 4053 945
2627 1994 478
2628 3747 118
2628 5139 131
2629 5732 352
2629 570 819
2629 4672 145
2629 3547 573
2629 2731 412
2629 3437 858
2629 917 711
2630 1856 688
2630 4015 218
2630 365 221
2631 4499 875
2631 1142 480
2631 7091 725
2631 7240 192
2632 2611 855
2632 7426 46
2633 824 11
2633 4913 321
2634 4268 31
2634 1608 513
2635 5982 890
2635 3324 646
2635 3169 115
2635 1730 677
2635 6472 331
2635 7842 473
2636 506 563
2636 5162 848
2636 4122 770
2636 3324 712
2636 309 514
2636 1141 856
2637 4105 151
2637 1734 478
2637 6754 675
2637 3395 966
2638 3416 352
2638 6828 870
2638 2313 970
2638 5411 664
2639 7282 817
2639 7551 462
2639 2406 592
2639 4403 331
2640 7157 522
2640 6314 118
2640 6052 14
2640 1549 975
2640 7588 442
2640 606 224
2641 1951 442
2641 2036 232
2641 6228 48
2641 5123 593
2642 4492 231
2642 1086 581
2642 6844 760
2642 4530 742
2642 2968 469
2642 1926 95
2643 5665 14
2643 4716 734
2643 7431 747
2643 7468 806
2643 4230 677
2643 1726 568
2643 6370 133
2644 2086 409
2644 2592 564
2644 3229 69
2644 4240 716
2644 2514 261
2645 1682 548
2645 6474 494
2645 6181 412
2645 7808 600
2645 7780 471
2645 1412 358
2645 2860 276
2646 1893 565
2646 1630 926
2646 2178 119
2646 4082 20
2647 3448 611
2647 278 701
2647 5691 843
2647 7396 201
2647 5085 194
2647 7833 814
2648 6104 226
2648 7765 127
2648 6927 289
2649 5928 258
2649 4404 130
2649 4999 291
2649 4398 408
2649 5120 374
2650 7644 724
2651 2829 285
2651 4125 252
2651 5551 398
2651 1813 895
2652 3661 828
2652 1574 869
2652 2411 717
2652 5480 287
2652 71 411
2652 4275 147
2652 1484 360
2652 2789 612
2652 7354 735
2653 6590 731
2653 4054 304
2653 2082 533
2653 6997 944
2654 5576 479
2654 1512 10
2654 7672 264
2655 6366 866
2655 4750 187
2655 3914 852
2655 919 7
2655 7367 795
2655 1215 282
2655 6050 172
2656 7841 865
2656 5317 808
2656 6506 639
2656 6208 624
2657 4194 850
2657 1384 397
2657 2707 340
2657 4669 881
2657 535 272
2657 4253 666
2657 7133 288
2658 7308 323
2658 7827 96
2659 7953 824
2659 3748 799
2660 2747 94
2660 3497 941
2660 5915 119
2660 3995 918
2660 5575 592
2660 3897 209
2660 345 549
2660 2501 388
2660 6443 989
2660 2589 814
2661 7611 203
2661 7289 481
2661 7427 953
2661 1305 333
2661 2636 949
2663 7976 289
2663 2300 814
2663 7380 34
2664 5092 849
2665 1218 758
2665 5461 280
2665 1858 425
2665 134 694
2665 5997 790
2665 4814 721
2665 6096 944
2666 7272 149
2666 4510 264
2667 3041 975
2667 4498 552
2667 5589 89
2667 4809 461
2667 1682 496
2667 5546 965
2667 5734 804
2668 6916 158
2669 4700 708
2669 2881 959
2669 33 952
2669 3733 861
2669 597 962
2670 329 960
2670 4896 354
2670 2485 119
2671 4665 884
2671 6890 862
2672 3024 432
2672 7966 118
2673 4084 837
2673 2146 760
2673 7356 206
2673 2418 337
2673 7526 922
2673 3953 932
2673 4432 628
2673 7169 353
2673 6989 972
2673 6183 12
2675 144 923
2675 3338 559
2675 3674 57
2676 165 157
2677 4430 914
2677 1917 552
2677 5354 730
2677 119 6
2678 6761 647
2678 214 269
2678 6789 940
2678 4535 527
2678 916 210
2679 1279 861
2679 6319 509
2679 89 195
2679 2041 533
2680 406 571
2681 3415 269
2681 7754 535
2681 1549 766
2682 582 707
2683 7825 324
2683 3723 930
2684 5011 839
2684 6036 515
2684 1373 475
2685 6838 465
2685 1571 237
2685 2270 420
2685 3678 256
2685 4007 593
2686 6318 930
2686 6121 127
2686 6042 346
2686 5484 807
2686 5994 347
2687 5381 48
2687 2059 970
2687 2348 330
2688 5208 101
2689 2200 976
2689 3881 273
2689 5291 521
2689 181 173
2689 7406 108
2690 4680 313
2690 5026 128
2691 5164 714
2691 247 71
2691 6886 258
2691 7810 480
2691 4060 133
2691 1106 863
2691 4062 692
2692 5582 485
2692 6380 241
2693 2758 735
2693 4947 883
2694 827 537
2694 4745 853
2696 3913 605
2696 3284 56
2696 1301 191
2696 925 103
2696 3635 89
2697 6680 852
2697 49 26
2697 4903 322
2697 4101 100
2697 3511 327
2697 4990 367
2698 3884 515
2698 2767 919
2698 5550 436
2698 3998 246
2698 105 59
2698 3382 451
2698 6222 694
2698 6088 502
2699 7510 613
2699 4242 937
2699 5387 487
2699 4503 986
2700 1450 384
2700 1939 663
2701 3523 240
2702 6740 46
2702 6399 206
2702 6799 967
2703 5427 226
2703 72 755
2703 6198 761
2703 291 556
2704 4630 325
2704 7103 317
2704 411 145
2704 4305 888
2705 7570 355
2705 6910 493
2705 6495 983
2706 1239 367
2706 7011 19
2706 509 280
2707 4097 534
2707 4714 852
2707 6491 38
2708 4048 334
2708 6672 113
2708 1666 278
2708 2653 209
2708 5342 654
2708 6087 753
2708 4448 486
2709 2315 278
2709 6726 259
2709 7857 20
2709 2773 970
2709 7649 138
2709 4381 468
2709 4212 269
2709 4941 157
2709 2226 115
2709 5158 940
2710 3359 994
2710 1662 770
2710 1536 896
2710 1335 68
2711 1689 830
2711 6298 50
2711 2971 494
2711 4251 713
2712 6099 287
2712 7553 789
2712 95 700
2712 3587 260
2713 5805 181
2714 6271 963
2714 7371 940
2714 685 640
2715 7542 516
2715 2740 715
2715 559 909
2715 3444 897
2715 7807 732
2716 3661 380
2717 5968 771
2717 1049 684
2717 2262 778
2717 2071 391
2717 5162 310
2718 5502 31
2718 7126 12
2718 1788 697
2718 1708 1000
2718 638 926
2719 2966 555
2719 5672 246
2720 2212 302
2721 2239 255
2721 2265 879
2721 2458 292
2721 6015 727
2722 5118 130
2722 6040 583
2722 7997 141
2723 6847 922
2723 1928 486
2723 4099 437
2723 3138 659
2723 1377 763
2724 2973 592
2724 4653 837
2724 7023 773
2724 7813 691
2725 1692 534
2725 3950 193
2725 1421 586
2726 1515 192
2726 6953 275
2726 5780 721
2726 255 945
2726 7559 820
2727 2301 730
2727 2016 740
2727 3845 708
2727 558 62
2728 7118 155
2728 2626 642
2728 4884 809
2729 2081 881
2729 5842 313
2729 4525 902
2729 2855 648
2730 5117 562
2730 6423 583
2730 5819 502
2731 3062 313
2731 6397 128
2731 3689 251
2731 1972 452
2731 3974 98
2732 1624 492
2732 2340 375
2732 7632 121
2732 4265 761
2732 1643 173
2732 4573 965
2732 4731 461
2733 5476 384
2733 5211 728
2733 5795 891
2733 2595 420
2734 1055 863
2734 3933 898
2734 6331 767
2735 1145 464
2736 2161 145
2736 2556 115
2736 2245 425
2736 2531 821
2736 591 68
2736 1989 142
2736 2033 742
2737 5607 301
2738 7382 42
2738 6197 718
2738 7956 659
2738 7332 880
2739 7774 867
2739 6841 772
2739 4555 724
2740 7226 928
2740 3497 510
2741 7188 947
2741 6040 900
2741 7713 938
2741 4617 409
2741 49 754
2742 2955 567
2743 6239 302
2743 1427 617
2743 5197 94
2743 2806 749
2743 6582 477
2744 2197 547
2744 1019 855
2744 7913 506
2744 6614 905
2745 6087 934
2745 7736 299
2745 1371 57
2745 1259 797
2746 4400 395
2746 5096 502
2746 1261 749
2746 3185 930
2746 1611 101
2747 362 29
2747 853 344
2747 3362 349
2747 5475 97
2748 458 232
2748 7145 287
2748 5768 65
2748 597 748
2748 6651 900
2749 5158 385
2749 6751 381
2749 2773 336
2749 7600 788
2749 672 203
2750 5401 645
2750 2069 325
2750 7555 914
2750 2241 698
2750 7729 209
2751 5888 703
2752 3099 717
2752 4906 28
2752 1980 429
2752 6465 136
2752 7319 498
2752 4559 996
2752 2222 591
2753 3034 500
2753 5213 56
2753 448 227
2753 7646 474
2753 3994 117
2754 2526 388
2754 5420 143
2754 3342 446
2754 3971 98
2754 6245 319
2754 5206 564
2754 1306 895
2754 5693 674
2754 6966 208
2755 5254 944
2756 1878 488
2756 6597 844
2756 5375 592
2757 4791 369
2757 3040 949
2757 3454 630
2758 5371 646
2758 5050 60
2758 1898 786
2758 6059 190
2758 4376 870
2758 4659 473
2758 7200 205
2759 5519 417
2759 7332 198
2759 6687 613
2760 4018 774
2760 4927 686
2760 2927 359
2760 454 753
2760 6837 876
2761 2810 165
2761 6009 421
2762 6097 281
2762 3983 312
2762 2057 919
2763 1200 676
2763 5409 706
2763 1581 231
2763 3957 466
2763 745 19
2763 7136 316
2763 5795 694
2763 4635 995
2763 1018 961
2763 1863 1000
2763 1863 93
2763 1968 874
2764 5373 311
2764 5388 792
2764 7284 317
2764 1983 12
2764 4241 93
2764 112 580
2765 7269 478
2765 174 805
2765 1673 706
2766 4387 90
2766 7662 355
2767 6424 654
2767 5588 58
2767 2664 510
2767 2280 228
2767 205 138
2768 5662 557
2768 3988 158
2768 290 204
2768 2542 349
2768 6007 267
2769 7552 965
2769 1441 923
2769 6903 764
2769 3788 649
2769 28 799
2770 5812 467
2770 5187 438
2770 5507 766
2770 5615 56
2771 4480 561
2771 5303 151
2771 3858 728
2772 851 68
2772 3480 348
2772 4203 996
2772 4316 977
2773 2772 362
2773 1105 968
2774 1373 661
2774 4706 861
2774 7764 435
2774 5053 301
2774 1643 202
2774 7651 795
2774 5920 684
2775 5739 96
2775 5018 763
2775 4604 900
2775 679 839
2776 7103 244
2776 5248 66
2776 7602 359
2776 7335 864
2776 2576 561
2776 5406 252
2776 4574 217
2776 6937 30
2777 6752 368
2777 442 309
2777 7179 454
2777 7852 74
2777 4569 568
2778 1248 214
2778 2873 678
2778 5040 387
2779 7300 102
2779 5410 774
2779 1265 499
2779 4743 421
2779 2463 525
2779 6641 221
2779 2238 197
2779 1353 593
2779 7759 72
2780 1602 842
2780 7877 194
2780 3697 430
2780 2106 653
2780 7179 373
2780 1275 670
2780 5822 242
2780 2436 97
2781 7203 868
2781 3189 308
2781 3249 998
2781 526 86
2781 2540 12
2781 5092 49
2781 5310 36
2781 6045 480
2782 6669 871
2782 2233 400
2782 5350 552
2782 1631 784
2783 1866 804
2783 6795 376
2783 7621 93
2783 4281 721
2783 7773 813
2783 5848 158
2783 3417 202
2783 6845 571
2784 6627 639
2784 4505 74
2784 7694 656
2784 2087 743
2785 7930 20
2785 4262 784
2785 7890 257
2785 4816 305
2785 697 357
2786 2597 277
2786 392 437
2786 7199 436
2786 7133 159
2786 5297 551
2787 2870 479
2787 3958 708
2787 3645 99
2787 7494 126
2788 852 207
2788 6879 469
2788 3435 45
2788 776 186
2788 2079 766
2788 1352 153
2788 7940 264
2789 2287 380
2789 1337 739
2789 2933 319
2790 7446 194
2790 2413 125
2790 4145 831
2790 7607 914
2790 4802 370
2791 4099 381
2791 913 299
2791 3859 901
2791 4912 529
2791 6090 63
2791 3182 279
2792 2409 831
2792 915 871
2792 2500 458
2792 2531 821
2792 1446 747
2792 4506 304
2792 3115 992
2792 965 600
2792 468 224
2792 3956 211
2793 6721 208
2793 4726 687
2794 1909 508
2794 1701 702
2794 3590 349
2795 2439 845
2795 1258 672
2795 1752 893
2795 1 827
2796 4476 411
2796 6138 574
2796 2681 16
2796 7643 841
2797 3717 368
2797 3048 655
2797 4175 800
2799 6226 592
2799 5333 93
2799 1273 935
2799 1491 980
2800 6062 484
2800 7477 404
2800 7394 534
2800 6373 940
2801 2762 583
2801 5027 808
2801 3165 658
2801 5464 972
2802 7651 335
2802 4895 401
2802 853 393
2802 2916 179
2802 2245 270
2802 6418 318
2803 57 643
2803 3617 266
2803 7430 745
2803 303 220
2803 2270 707
2804 5056 435
2804 1525 741
2805 4336 737
2805 6649 214
2806 4652 210
2806 2250 145
2806 3285 24
2806 6792 584
2807 3750 730
2807 4271 262
2807 1771 797
2808 4143 128
2808 5657 4
2808 890 803
2809 4374 267
2809 1410 547
2809 1804 136
2809 5659 919
2810 6888 5
2811 6354 514
2811 6269 85
2811 3683 733
2811 3742 655
2811 6540 376
2811 7501 299
2812 1558 862
2812 2695 992
2812 282 154
2812 5533 221
2813 5268 474
2814 3850 666
2814 7866 671
2814 4972 821
2815 5220 426
2815 7765 791
2815 5214 980
2815 6612 106
2815 337 518
2816 3669 911
2816 1766 491
2816 6156 126
2816 1790 670
2816 965 661
2816 4690 393
2816 3422 605
2816 6760 279
2816 4356 643
2816 7256 894
2817 1292 892
2817 6658 612
2817 3693 725
2817 1467 944
2819 6685 67
2819 1893 3
2819 5686 540
2819 2997 770
2819 757 681
2820 3149 506
2820 4800 4
2820 3528 637
2821 3270 926
2821 5513 357
2822 1154 700
2822 386 166
2823 833 270
2823 3356 895
2823 178 71
2823 3298 1000
2823 28 873
2823 4282 73
2824 4980 451
2824 6593 547
2825 1124 52
2825 1472 450
2825 4105 187
2826 730 420
2826 4388 86
2826 5576 542
2826 2359 992
2826 4681 115
2827 3957 343
2827 772 287
2827 1675 464
2827 7889 886
2827 1900 931
2827 3027 406
2827 5197 804
2828 5075 987
2828 2685 125
2828 2149 405
2828 1795 33
2828 6298 351
2829 550 719
2829 6539 599
2829 45 227
2830 3389 53
2830 6502 249
2830 6127 6
2830 3108 26
2831 1271 499
2831 7348 400
2831 382 500
2831 20 297
2831 253 785
2832 4905 887
2832 5688 577
2834 5202 37
2834 3257 364
2834 1973 3
2834 5535 19
2834 4587 153
2835 1713 472
2835 4970 947
2835 7616 987
2836 2781 381
2836 3178 986
2836 1042 706
2836 2838 449
2836 4689 994
2836 6593 38
2837 5384 48
2837 6436 875
2837 469 827
2837 5226 824
2838 5551 195
2838 5626 322
2839 5904 758
2839 100 200
2840 1409 756
2840 3356 256
2841 6918 278
2841 3797 698
2841 3569 434
2841 5407 509
2841 1717 618
2842 6065 321
2842 5950 932
2842 6843 781
2842 6548 869
2843 6124 430
2843 6598 449
2843 5339 286
2844 7316 678
2844 4246 94
2844 5228 140
2844 4764 160
2844 4242 399
2844 6823 376
2845 3832 631
2846 3422 78
2846 2786 103
2846 4780 803
2846 6726 737
2846 803 246
2847 1086 726
2848 5831 465
2848 6470 605
2848 3658 85
2848 6043 374
2848 39 33
2849 3188 925
2849 6534 760
2849 5347 997
2849 4464 306
2850 1067 240
2850 3345 498
2850 682 639
2850 6000 601
2851 814 185
2851 7643 510
2851 124 94
2851 703 880
2852 3456 45
2852 3367 157
2852 1083 111
2853 3584 346
2853 580 784
2853 7571 377
2853 3472 434
2853 5785 655
2854 6914 659
2854 47 939
2854 1421 264
2855 6723 301
2855 7723 87
2855 4258 377
2856 5826 716
2857 6970 319
2857 7943 534
2858 6665 742
2858 6631 916
2859 159 175
2859 2935 108
2859 4203 170
2859 6948 580
2859 6942 807
2859 4985 668
2860 568 979
2860 4208 278
2860 1331 784
2861 5008 404
2861 6310 61
2861 1375 597
2861 1624 670
2862 5027 406
2862 1725 665
2862 6059 701
2862 5427 145
2862 675 616
2862 183 507
2863 3054 402
2863 6123 50
2863 2143 436
2863 5842 255
2863 7817 351
2864 5272 25
2864 4191 842
2864 2801 888
2864 3113 431
2864 2752 298
2864 4531 21
2865 7675 482
2865 1047 936
2865 2590 323
2865 4749 835
2865 3126 670
2866 4650 959
2866 3276 223
2867 7640 908
2867 6878 299
2867 4012 928
2867 4503 477
2868 4593 330
2868 4314 731
2868 7171 622
2868 2567 549
2869 6159 702
2869 4988 157
2869 1663 637
2869 3724 727
2870 1103 1
2870 5155 631
2871 6281 434
2871 6945 328
2871 3848 680
2872 43 585
2872 1593 982
2872 1663 491
2872 3391 726
2873 5553 227
2873 3007 155
2873 2490 768
2874 5022 149
2874 5374 249
2874 6802 172
2874 5256 997
2875 2321 753
2875 4986 833
2875 2324 566
2875 3811 220
2875 145 422
2875 3810 930
2875 217 425
2876 5795 45
2876 1748 338
2877 5788 226
2877 3707 305
2877 2405 446
2878 5303 365
2878 5030 366
2878 3656 366
2878 1646 355
2879 5147 884
2879 590 740
2879 1822 178
2879 3138 864
2880 5108 943
2880 5047 21
2880 366 904
2880 768 393
2880 2900 180
2880 6700 571
2880 3079 256
2880 2445 714
2881 3650 623
2881 6548 390
2881 3256 462
2881 6462 258
2881 4453 547
2881 3657 508
2881 5428 425
2881 1975 183
2881 237 265
2882 6984 11
2882 5926 521
2882 1094 493
2882 5829 896
2882 2083 713
2883 2999 736
2883 6392 276
2884 6762 493
2884 4757 136
2884 7064 519
2885 2926 108
2885 6187 347
2885 6669 182
2885 7961 591
2885 5733 886
2886 7690 994
2886 3858 506
2886 7827 728
2886 2162 141
2886 6967 695
2887 7695 244
2888 4458 68
2888 5725 755
2888 3891 550
2888 4881 968
2889 5170 722
2889 3939 44
2889 597 803
2890 5587 37
2891 5610 984
2891 5348 150
2892 7381 950
2892 4822 881
2892 5703 953
2892 1555 478
2892 7730 77
2892 7415 832
2892 1641 741
2892 4885 758
2892 5007 532
2893 2010 322
2893 2867 855
2893 4321 488
2894 1214 758
2895 406 865
2895 3713 458
2895 677 727
2896 930 472
2897 6122 57
2897 1481 53
2897 6028 655
2898 2646 616
2898 5884 810
2898 6159 175
2898 3337 311
2898 1419 194
2899 6520 491
2899 6495 913
2899 2564 885
2899 5810 977
2899 1076 870
2899 6420 488
2899 5404 319
2900 230 395
2901 4574 40
2901 5064 970
2901 1237 154
2901 3814 251
2901 1217 95
2902 6007 454
2902 2004 952
2902 4085 790
2903 5938 762
2903 4096 504
2903 2777 344
2903 2103 83
2903 1881 543
2904 1113 720
2904 483 806
2904 2865 246
2904 1670 449
2905 7996 219
2905 869 711
2905 6901 729
2906 6559 442
2906 848 289
2907 7072 152
2907 5238 104
2907 4054 812
2907 1934 796
2908 3259 780
2908 716 766
2908 4518 208
2908 4485 25
2908 5626 62
2909 743 907
2909 4131 614
2909 5660 600
2909 2331 447
2909 4873 502
2909 2700 148
2909 4778 788
2910 5507 67
2911 5210 90
2912 5289 23
2912 3194 872
2912 4099 430
2912 5322 768
2913 2855 287
2913 5037 15
2913 2011 414
2913 4919 996
2913 564 235
2913 5688 961
2913 4634 193
2915 2198 87
2915 4538 604
2915 3857 917
2915 857 178
2915 5662 607
2915 834 501
2916 1824 121
2916 2212 834
2916 6105 333
2916 2699 163
2917 1024 279
2917 5027 425
2917 510 915
2917 3585 705
2917 3495 492
2917 6630 282
2918 5047 434
2918 2630 917
2918 96 994
2919 3818 404
2919 6190 826
2919 6217 586
2919 4980 74
2920 6266 188
2920 1953 928
2920 1134 790
2921 533 26
2922 3126 485
2922 1675 637
2922 5800 56
2922 108 458
2923 1441 56
2923 7495 453
2923 4397 703
2924 158 995
2924 4173 885
2924 4499 879
2925 3087 791
2925 5963 22
2926 6020 987
2926 4957 363
2926 1959 3
2926 5610 861
2926 71 563
2927 2865 364
2927 3580 298
2927 4579 834
2928 86 252
2928 4982 806
2928 533 385
2928 3618 467
2928 1768 146
2928 27 376
2929 759 970
2929 3985 323
2929 3435 875
2929 153 193
2929 6921 123
2929 2749 265
2929 4916 941
2930 7500 387
2930 7562 331
2931 3413 345
2931 5886 522
2932 5560 292
2932 4447 70
2932 3793 513
2932 4517 42
2932 741 955
2933 5685 200
2933 5086 930
2934 1738 597
2934 6098 401
2934 1039 689
2934 6141 418
2934 1826 930
2935 6693 928
2935 5641 191
2935 5343 466
2935 2754 539
2935 477 256
2935 4748 458
2936 4905 77
2936 531 916
2936 4853 640
2937 7469 849
2937 5953 63
2938 2840 413
2938 3563 990
2938 4212 353
2938 1270 381
2938 7570 935
2939 4617 629
2939 6925 704
2939 25 454
2939 5819 476
2939 4834 474
2940 561 802
2940 667 410
2940 7860 745
2940 3355 860
2940 421 769
2940 3184 248
2940 2730 416
2941 7048 704
2941 6151 951
2941 7809 470
2942 3754 792
2942 6318 501
2942 1292 719
2943 5061 162
2943 5350 726
2943 2215 739
2943 1023 420
2943 2328 120
2944 5610 725
2944 3952 766
2944 5357 696
2945 1806 200
2945 3173 311
2945 527 82
2945 840 856
2945 7104 33
2946 3388 40
2946 3425 143
2946 4575 770
2947 312 957
2947 3298 346
2947 2229 393
2947 826 988
2949 4997 802
2949 1066 442
2949 3235 154
2949 391 382
2949 1828 229
2950 3710 924
2950 1592 946
2950 3272 829
2951 3177 361
2951 7858 343
2951 3614 179
2951 4090 416
2952 7798 119
2953 3409 723
2953 1377 378
2953 5921 202
2953 5359 787
2953 6862 239
2954 4583 955
2954 7045 810
2954 6111 268
2955 4495 631
2955 2197 628
2955 1777 547
2956 2178 34
2957 3528 969
2957 1015 109
2957 3314 449
2957 6636 112
2957 2939 521
2957 7694 276
2957 3763 155
2958 5810 144
2958 5175 716
2958 1240 453
2959 2085 487
2959 981 68
2959 6298 455
2960 5947 601
2960 3083 922
2960 3630 837
2961 7424 82
2961 3940 995
2961 2038 261
2961 3668 400
2962 3683 717
2962 3121 725
2962 1287 331
2964 6607 818
2964 6756 911
2964 7259 302
2964 4230 325
2964 3181 692
2964 3667 936
2964 5617 882
2965 5695 147
2965 174 399
2965 2026 339
2965 3671 321
2966 3624 449
2966 3715 949
2966 1195 52
2967 6615 906
2967 4618 781
2967 5175 117
2967 4400 256
2967 3428 144
2968 2276 967
2968 3318 112
2968 632 66
2968 6007 907
2969 4002 827
2970 5454 355
2970 5837 592
2970 4027 233
2970 308 184
2971 4990 359
2971 2193 170
2972 5340 249
2972 3695 426
2973 5066 472
2973 5702 639
2974 6282 831
2974 856 651
2974 135 370
2974 5480 88
2975 1337 114
2975 6126 961
2975 1533 82
2975 5367 679
2976 3264 800
2976 6526 589
2977 7346 55
2977 937 692
2977 4779 212
2978 61 668
2978 1481 151
2978 7005 180
2978 108 796
2979 7366 174
2979 1195 671
2979 554 674
2980 6425 649
2980 3820 861
2980 6064 912
2980 1799 416
2980 2931 496
2980 245 297
2980 1129 575
2981 5250 572
2981 4092 683
2981 7169 79
2981 4869 57
2982 7513 682
2982 6227 605
2983 2493 68
2983 4640 688
2983 4608 516
2985 1672 163
2986 6441 53
2986 7586 993
2986 3274 995
2987 1225 252
2987 7931 883
2987 6403 656
2987 5192 87
2988 435 83
2988 7658 919
2988 5530 604
2989 1227 600
2989 7813 896
2989 6240 980
2990 4368 549
2990 3205 203
2991 7475 290
2991 5190 700
2991 861 80
2991 7445 671
2991 1173 437
2991 4252 754
2992 3527 856
2992 2097 201
2992 6208 601
2992 3104 193
2992 537 952
2992 4254 553
2993 1620 700
2993 3427 453
2993 5301 553
2994 7628 582
2994 1519 986
2994 2064 643
2994 6819 530
2994 333 456
2995 4712 39
2995 1343 918
2995 5562 816
2995 1797 84
2995 3272 283
2996 6411 13
2996 425 139
2997 7851 215
2997 6046 147
2998 3214 937
2998 4888 859
2999 4490 333
2999 1106 974
3000 5348 898
3000 7937 441
3001 5814 245
3001 7204 537
3001 4980 309
3001 1976 885
3002 1477 49
3002 3391 65
3002 3328 355
3002 1406 622
3004 2996 303
3004 2550 744
3004 6160 159
3004 935 326
3005 3340 41
3005 2898 907
3006 4318 43
3006 7309 182
3007 4403 267
3007 5190 823
3007 3269 160
3007 6717 574
3007 3245 757
3007 4442 993
3008 5462 2
3008 2476 854
3008 1848 953
3008 1562 530
3008 5609 179
3009 6782 230
3009 3646 238
3009 4222 78
3011 2998 843
3011 6152 150
3011 3668 579
3011 1466 754
3012 3131 946
3012 3625 334
3012 3854 898
3013 4106 986
3013 247 842
3013 1328 882
3013 7314 816
3013 7188 128
3013 133 904
3013 1846 797
3013 6151 163
3014 2971 595
3014 3530 780
3015 7309 189
3015 662 407
3015 3455 831
3016 1986 585
3016 6171 664
3016 3593 183
3017 6003 353
3017 2590 213
3017 3496 188
3018 3310 658
3018 363 423
3018 1220 980
3018 5290 25
3018 1855 263
3019 1511 275
3019 6883 465
3019 577 341
3020 1941 979
3020 4607 859
3020 7393 207
3021 3785 282
3021 5314 187
3022 6181 798
3022 286 341
3022 7179 936
3023 4412 504
3023 2012 491
3023 6940 111
3023 7105 621
3023 1619 384
3023 3599 438
3023 5027 364
3023 1310 363
3023 5665 924
3023 710 569
3023 2335 858
3024 3736 432
3024 1770 709
3024 4091 147
3025 5661 796
3027 1429 346
3027 2731 598
3027 5544 822
3028 5134 339
3028 7560 17
3029 4108 658
3029 31 532
3029 4596 573
3029 5209 516
3030 316 248
3030 1852 477
3030 7575 283
3030 6788 571
3030 5675 407
3030 7634 865
3031 6452 281
3032 4779 591
3032 6340 178
3032 1536 540
3033 5693 544
3033 4838 883
3033 6533 316
3033 7712 91
3033 6027 912
3033 7356 165
3033 2704 555
3034 5692 247
3034 1269 735
3034 5729 64
3034 5475 99
3034 7141 786
3034 2971 581
3034 149 902
3034 1183 650
3035 7886 174
3035 1135 937
3035 2635 733
3035 879 998
3035 7975 462
3036 4190 27
3036 7182 219
3036 6788 393
3036 1963 30
3037 5965 130
3037 6918 493
3037 5726 583
3037 6044 589
3037 6145 491
3037 6760 931
3038 6394 576
3038 5355 470
3038 7505 405
3038 6790 795
3039 7866 800
3039 7450 351
3039 2298 787
3039 675 599
3039 3674 558
3040 1798 17
3040 5722 899
3040 5153 11
3041 1828 726
3041 546 84
3041 1778 259
3041 3662 12
3041 4421 91
3042 3620 239
3042 4967 447
3042 2288 44
3043 2652 757
3044 395 460
3044 132 19
3045 1081 837
3045 6564 114
3045 3592 5
3045 7322 417
3046 7761 156
3046 930 684
3046 6096 432
3046 3980 720
3046 6093 770
3047 3482 184
3047 4083 539
3047 4907 844
3048 5709 614
3048 1723 887
3048 3274 652
3048 7555 932
3048 2767 500
3049 1263 647
3050 3028 159
3050 127 149
3050 788 216
3050 4184 913
3050 5437 439
3050 4734 626
3051 2876 495
3051 2480 617
3051 1225 572
3051 3112 947
3051 5400 131
3051 3089 839
3052 714 987
3052 7544 6
3052 3399 642
3052 6338 613
3053 6905 412
3053 2606 868
3053 444 196
3053 5245 128
3053 1050 411
3054 5092 163
3054 5103 250
3054 2948 612
3054 6459 503
3054 579 592
3054 768 924
3054 594 315
3054 1734 63
3055 194 135
3056 1467 434
3056 6297 930
3056 2689 383
3056 858 715
3056 6439 520
3056 4126 202
3057 1058 967
3057 4571 415
3057 3002 870
3057 190 214
3058 1727 22
3058 1302 816
3058 4848 187
3058 7414 651
3058 927 305
3059 1021 628
3059 4400 407
3059 3295 418
3059 1164 659
3060 2810 811
3060 1409 861
3060 1634 374
3060 2333 444
3060 2557 721
3060 3584 800
3061 5760 667
3061 1291 225
3061 2481 983
3061 4169 307
3061 2048 142
3062 1634 132
3062 5046 550
3062 6142 435
3062 7954 40
3063 6741 553
3063 1552 159
3064 1583 328
3064 4234 165
3064 2614 564
3064 7695 5
3065 1644 660
3065 6652 853
3065 1354 52
3065 1906 486
3066 5550 603
3066 6788 146
3066 7008 601
3066 1628 311
3066 5194 568
3067 752 413
3067 2835 789
3068 7719 580
3069 1199 553
3069 5458 981
3069 1007 623
3069 2675 443
3070 3542 807
3070 7495 468
3070 4166 473
3070 4748 266
3070 3962 133
3071 6212 379
3071 3520 155
3071 6352 687
3071 5696 648
3072 4840 251
3072 2405 749
3072 5120 930
3072 5381 934
3073 4928 790
3073 3164 852
3073 2007 191
3074 5402 897
3074 7353 986
3074 7303 973
3074 28 131
3074 7252 577
3074 6200 250
3074 630 190
3075 4775 768
3075 6520 153
3075 7089 866
3075 6235 126
3075 2487 398
3075 630 793
3075 5678 116
3075 3792 239
3075 502 58
3076 2554 301
3076 3268 790
3076 19 805
3076 7868 863
3076 6947 429
3077 2461 775
3077 7835 525
3077 2431 961
3077 1471 362
3077 969 190
3078 1891 264
3078 6529 50
3078 5554 844
3078 399 719
3079 3044 970
3079 2068 546
3080 626 51
3080 2739 307
3081 339 139
3081 5890 99
3082 2772 278
3082 3268 735
3082 769 794
3083 7220 695
3083 2370 77
3083 5826 92
3084 4459 308
3085 7846 791
3085 1695 636
3085 130 996
3086 1614 613
3086 2526 586
3086 4709 819
3086 7356 142
3086 2236 448
3086 2823 836
3086 806 67
3087 6616 359
3087 7653 480
3087 129 683
3087 352 432
3087 670 128
3087 3805 944
3087 4503 794
3087 2189 896
3087 5886 701
3088 5252 261
3088 6350 789
3088 3350 62
3088 5227 178
3088 7030 22
3088 1819 430
3089 1891 94
3089 1183 451
3089 779 918
3089 3942 199
3089 3012 755
3090 415 499
3090 6331 901
3090 4293 164
3090 4722 795
3090 5861 860
3091 5508 648
3091 81 962
3092 2199 685
3092 4414 542
3092 4217 699
3092 6536 293
3092 6454 350
3092 7112 323
3093 3575 746
3093 930 565
3093 2097 641
3094 2901 282
3094 7972 449
3094 6480 79
3094 5708 673
3094 7429 93
3094 6262 993
3094 5987 127
3095 426 275
3095 2022 984
3095 1054 901
3096 5119 619
3096 1167 123
3096 5332 595
3096 6550 909
3097 7670 299
3097 3197 767
3097 5363 222
3097 6773 557
3097 3250 594
3097 3501 609
3098 4134 668
3098 4622 62
3098 3089 267
3098 7637 152
3099 4721 552
3099 7420 339
3099 6801 938
3099 5043 180
3099 6198 885
3100 5961 114
3100 3600 609
3100 410 972
3101 4943 78
3101 4232 105
3101 3821 207
3101 3844 24
3101 1473 875
3101 305 665
3102 5279 975
3103 7459 321
3103 1668 440
3103 4997 789
3103 7490 356
3104 663 26
3104 7227 315
3104 819 825
3105 577 865
3105 890 733
3105 2327 699
3105 7337 837
3105 7567 234
3106 6664 58
3106 5559 839
3107 6618 258
3107 826 718
3107 3202 30
3108 7291 453
3108 1271 591
3108 6691 360
3108 3856 193
3109 2465 519
3109 652 180
3110 4038 735
3110 5424 608
3110 7436 143
3111 980 165
3111 4529 621
3112 2845 556
3112 1532 886
3112 7530 56
3112 2086 78
3112 2836 394
3113 4907 247
3113 7948 997
3114 1458 179
3115 1258 798
3116 7472 111
3116 1906 442
3116 7495 155
3116 147 307
3116 6499 38
3116 4843 593
3117 5168 709
3118 3805 242
3118 2313 839
3118 6445 608
3118 1477 646
3118 6286 876
3119 3325 465
3119 6929 579
3119 1492 236
3119 775 761
3120 4756 420
3120 4497 602
3121 3465 287
3121 234 831
3121 4030 710
3121 5671 788
3122 4641 828
3122 4432 408
3122 7600 964
3123 2516 245
3123 6109 522
3123 4392 555
3123 4240 560
3123 6658 885
3123 3903 448
3123 905 922
3124 5996 902
3124 2244 733
3124 4535 114
3124 7173 895
3125 7260 15
3125 390 242
3125 1569 782
3125 7911 15
3125 3121 787
3126 7537 45
3126 2663 255
3126 2533 73
3126 7368 934
3127 3128 604
3127 3135 225
3128 462 759
3128 6940 804
3128 5778 505
3129 7824 980
3129 4464 490
3129 5163 737
3129 782 206
3130 7290 763
3130 488 404
3130 7418 297
3131 3910 358
3132 5857 763
3132 7725 290
3132 1814 7
3132 7714 217
3132 160 653
3133 2899 851
3133 7072 742
3133 5413 482
3133 6363 104
3133 1394 404
3134 1225 621
3134 6507 500
3134 3034 602
3134 6839 375
3135 6926 378
3135 7668 171
3135 1729 183
3135 6913 401
3136 871 74
3136 6027 983
3137 7778 623
3137 4865 466
3137 1928 74
3137 4607 659
3137 5813 655
3137 4278 486
3137 1724 243
3138 4126 333
3138 5235 858
3138 3670 428
3138 4846 229
3139 5586 117
3139 2106 89
3139 1498 402
3139 7558 344
3140 3886 182
3140 6248 177
3140 5666 806
3140 1414 951
3140 6234 715
3141 7660 68
3141 4440 973
3141 4948 585
3141 1587 594
3142 7995 40
3142 491 369
3142 5552 979
3142 206 732
3143 4433 67
3143 3130 617
3143 7694 683
3143 5466 150
3143 4680 476
3143 2602 222
3144 3779 372
3144 4501 1
3144 1594 98
3145 3892 167
3145 4326 466
3145 6207 518
3145 5291 221
3146 6519 330
3146 3746 129
3146 6601 970
3146 3591 391
3146 4114 246
3146 4681 336
3147 6210 702
3147 5 358
3147 7819 620
3147 4098 841
3147 5543 967
3147 277 140
3147 6452 623
3148 1340 473
3148 7827 767
3148 7355 323
3148 6437 90
3149 3505 611
3149 1041 226
3149 895 108
3150 6987 807
3150 4845 912
3150 1035 557
3150 1226 136
3150 1405 591
3150 6854 840
3150 4915 835
3151 6175 311
3151 5627 201
3151 3891 480
3151 5424 641
3151 5319 331
3152 1287 74
3152 44 844
3152 1140 73
3153 499 666
3153 3350 252
3153 5775 249
3153 3228 877
3154 346 967
3154 3381 677
3154 7425 235
3154 995 166
3154 6797 273
3155 1036 855
3155 6482 811
3155 7484 494
3156 5851 949
3156 5120 895
3156 2833 888
3156 2172 308
3156 5562 47
3156 7066 627
3156 5671 964
3156 6626 889
3156 7596 966
3157 1084 869
3157 109 429
3157 911 132
3157 427 973
3158 1240 10
3158 3351 402
3158 2175 791
3158 5333 267
3159 6297 691
3159 2096 162
3159 6593 62
3159 7149 111
3159 5718 341
3160 1969 526
3160 5418 787
3160 1605 239
3160 5652 572
3161 6597 832
3161 4178 969
3161 5813 831
3162 695 431
3162 1070 783
3163 6773 236
3163 2408 812
3163 539 803
3163 7175 836
3165 2511 239
3165 3097 798
3165 1691 208
3165 1471 638
3166 3696 884
3166 4266 716
3166 3977 371
3167 3176 482
3167 6303 502
3167 6173 624
3167 3479 338
3168 2629 894
3168 3778 981
3169 1010 625
3169 5255 877
3169 3706 904
3169 1978 727
3169 1983 244
3169 641 104
3170 5151 697
3170 2877 677
3171 2665 887
3171 7974 973
3171 6655 5
3171 4167 87
3171 7396 133
3172 4033 564
3172 3863 32
3172 5637 878
3173 3075 301
3173 1055 552
3173 4309 284
3174 3345 543
3174 6217 204
3174 1788 582
3175 5216 968
3175 4488 137
3175 4039 828
3175 3410 270
3175 4897 903
3175 2876 672
3176 5616 984
3176 3890 547
3176 7740 905
3176 1116 709
3177 5729 347
3177 1042 465
3177 3494 697
3177 2348 767
3178 4110 112
3178 3419 555
3178 4832 263
3178 2507 538
3178 714 929
3179 2271 673
3179 4927 184
3179 6959 920
3179 5662 876
3180 723 665
3180 5429 741
3180 2286 466
3180 3187 130
3181 4751 696
3181 1983 466
3181 2759 349
3181 2776 979
3181 5444 363
3182 6817 908
3182 6161 392
3182 1322 810
3183 441 798
3183 7697 425
3183 3257 55
3184 5448 586
3184 7292 843
3184 206 936
3184 6929 584
3184 4342 842
3184 5010 476
3185 7758 70
3185 4046 198
3185 5161 111
3186 2030 632
3186 7163 485
3186 4659 886
3187 4136 201
3187 263 561
3187 758 747
3187 7278 40
3187 2204 621
3187 3138 800
3188 5122 990
3188 2323 322
3188 4366 78
3188 6420 144
3189 2535 681
3189 2758 508
3189 676 546
3189 3692 382
3189 4195 48
3189 529 701
3190 5487 64
3191 6441 737
3191 2258 569
3191 101 480
3191 7887 466
3192 5779 228
3193 1771 277
3193 6585 760
3193 1656 105
3193 5830 632
3193 1369 48
3194 7868 625
3194 3925 479
3194 4439 75
3194 4208 708
3194 5473 652
3195 1981 40
3195 7903 673
3195 5114 313
3195 403 552
3196 3864 23
3196 5833 752
3196 7666 308
3196 3601 558
3197 5466 72
3197 5884 414
3197 6356 411
3197 301 426
3198 296 618
3199 3547 306
3199 5474 717
3199 1123 731
3199 5130 132
3199 5762 256
3199 3975 195
3200 2138 430
3200 3471 193
3200 5643 712
3200 4878 113
3200 5936 699
3201 2259 975
3201 5678 956
3201 3730 682
3201 1534 666
3202 7486 315
3202 2832 955
3202 983 53
3202 5993 968
3202 3933 682
3202 198 370
3203 5085 297
3203 4882 773
3203 5562 426
3203 1179 343
3203 3779 424
3203 5924 399
3203 7574 242
3204 2196 241
3204 2357 887
3205 7241 171
3205 7532 570
3206 339 162
3206 5947 886
3206 6028 429
3206 3969 804
3207 5871 423
3207 5900 993
3207 7776 538
3207 6743 463
3207 2875 289
3208 6172 938
3208 1251 789
3209 3295 211
3209 2598 102
3209 3399 551
3209 5783 183
3209 4439 520
3209 527 182
3209 81 783
3210 5904 505
3210 4443 466
3210 6117 963
3210 252 929
3210 5331 664
3210 7267 254
3211 2060 777
3211 5252 288
3211 5565 542
3211 3796 695
3211 5840 541
3211 2923 706
3211 6033 970
3211 7493 37
3211 6820 415
3211 2859 76
3212 4412 758
3212 5360 286
3212 7115 237
3212 4244 562
3212 2645 206
3213 970 720
3213 3471 354
3213 7855 85
3213 4572 844
3214 1485 183
3214 2907 211
3215 4496 643
3215 6357 712
3215 6963 496
3215 4472 705
3216 5591 122
3216 4451 283
3216 7604 6
3216 3653 688
3216 4935 369
3216 5696 169
3217 5395 933
3218 1093 110
3218 4768 34
3218 6807 625
3218 6361 211
3218 5942 746
3219 495 274
3219 1155 246
3220 1482 68
3220 7370 543
3220 797 303
3221 6454 883
3221 7115 315
3221 3838 675
3221 6956 580
3221 5802 98
3221 3467 684
3222 6313 954
3222 2292 733
3222 5302 48
3223 4543 710
3223 1969 366
3223 3701 942
3223 1683 73
3225 1148 366
3225 1611 122
3225 1438 875
3225 7292 766
3225 7629 78
3226 2145 338
3226 465 955
3226 7143 144
3226 1005 8
3227 7150 415
3227 5587 714
3227 3914 106
3227 6687 852
3228 4186 948
3228 5825 770
3228 2971 278
3228 3432 336
3228 3861 345
3228 5414 122
3228 6409 784
3229 7611 950
3229 5300 268
3229 528 150
3229 4045 807
3229 2474 623
3230 5695 600
3230 366 783
3231 6306 877
3231 2113 866
3231 1917 515
3231 2740 649
3231 6166 624
3232 7605 444
3232 1687 387
3232 2495 775
3232 3385 478
3232 234 147
3233 5511 252
3233 4309 159
3233 599 403
3233 4728 416
3233 3752 447
3233 5577 876
3234 4151 131
3234 4963 166
3235 3305 414
3235 104 94
3235 4604 461
3235 6845 304
3236 1587 965
3236 926 772
3236 7707 824
3236 4069 940
3237 7325 993
3238 6295 467
3238 32 589
3238 6343 480
3239 6683 551
3241 4260 942
3241 3790 597
3241 1628 136
3242 3882 367
3242 4170 621
3242 4745 919
3242 4449 204
3242 839 852
3242 7095 462
3242 323 519
3242 755 366
3243 7595 343
3243 3433 136
3244 1521 430
3244 564 338
3244 505 215
3244 78 328
3245 1163 453
3245 5900 95
3245 1025 529
3246 3218 873
3246 5917 161
3247 2996 894
3247 6580 663
3247 663 945
3247 5082 665
3247 6477 561
3247 2161 304
3247 1839 737
3247 4029 565
3247 1133 101
3248 1004 800
3248 3548 625
3248 2165 628
3248 3835 253
3248 3059 428
3249 3235 262
3249 7320 635
3250 6044 365
3250 6051 699
3251 2463 945
3251 2123 957
3251 4109 677
3251 6845 295
3251 3512 669
3251 600 202
3252 7458 907
3252 5956 60
3252 7505 330
3253 4904 660
3253 7581 673
3253 4550 777
3253 3786 214
3253 3169 6
3254 6756 231
3254 446 114
3254 7155 168
3254 7672 889
3254 2742 964
3255 5017 580
3255 7009 517
3255 4694 793
3255 1135 278
3256 2200 637
3256 2214 7
3256 4880 188
3256 2831 233
3256 81 44
3256 4758 825
3256 5214 904
3257 3087 162
3257 4513 514
3257 4630 817
3258 5670 64
3258 7509 523
3258 7926 838
3258 4971 35
3258 4351 721
3258 4956 690
3258 7314 82
3259 6353 633
3259 906 343
3259 3448 759
3259 1393 466
3259 5845 46
3259 255 640
3260 19 432
3260 7157 533
3260 146 489
3260 464 704
3260 3119 194
3261 3906 356
3261 6959 30
3261 2484 546
3262 2176 944
3262 17 516
3262 959 296
3263 526 309
3263 5852 797
3263 3158 711
3263 146 626
3263 2915 994
3263 3691 566
3265 7595 758
3265 7242 776
3266 6465 368
3266 3896 201
3267 4571 243
3267 3605 909
3268 2930 862
3268 2175 132
3268 1540 769
3268 2687 349
3269 7355 238
3269 2542 611
3269 7991 857
3269 4529 467
3269 5309 214
3269 3526 172
3270 2977 99
3270 5152 156
3270 5765 245
3271 4957 845
3271 4463 720
3271 6829 120
3271 4436 549
3271 5893 974
3271 605 776
3272 6336 965
3272 3448 52
3272 906 375
3273 7370 78
3273 1256 142
3273 54 578
3273 6509 416
3273 410 784
3273 3072 374
3274 1796 145
3274 1249 511
3274 1951 594
3274 6095 712
3274 3664 462
3275 1476 621
3275 7449 554
3275 843 867
3275 3657 318
3275 3278 970
3275 619 354
3276 6588 164
3276 7579 239
3276 2663 31
3277 6681 537
3277 2433 753
3277 5220 552
3277 5577 462
3277 3183 998
3279 4305 677
3279 7689 387
3279 2236 720
3279 994 488
3279 3392 226
3279 6216 840
3279 7604 375
3279 6625 865
3280 2796 71
3280 7811 608
3280 7290 54
3280 2678 363
3280 1819 926
3281 7928 328
3281 431 376
3281 986 495
3281 4790 204
3281 3649 891
3282 2725 847
3282 1419 788
3283 202 899
3283 6678 759
3283 458 326
3284 556 776
3284 7909 748
3284 148 827
3285 7424 993
3285 5316 118
3285 567 345
3285 1372 882
3285 3262 96
3285 1492 574
3285 1231 231
3285 242 473
3285 5564 41
3286 7509 775
3286 5332 452
3286 1685 6
3286 6006 550
3287 1632 477
3289 4501 322
3289 6194 53
3289 6668 675
3289 7583 16
3289 716 291
3289 1977 165
3290 2810 119
3290 551 142
3290 7329 798
3290 3466 262
3290 3001 689
3290 3519 339
3290 3125 363
3290 3053 802
3290 374 679
3291 6866 337
3291 3432 794
3291 2051 460
3291 665 80
3291 4342 716
3291 2085 430
3291 1817 809
3292 3667 796
3292 6321 626
3292 32 551
3292 1159 206
3292 3037 922
3293 7237 443
3294 2848 907
3294 4362 319
3294 7715 237
3294 6037 325
3294 4413 103
3295 589 855
3295 6010 619
3295 6523 279
3295 6889 274
3295 2481 456
3295 3700 438
3295 2505 965
3295 6885 817
3296 7436 324
3296 2266 848
3297 1157 320
3297 5733 161
3297 2472 918
3297 4301 624
3298 2250 410
3298 3818 392
3298 2796 836
3299 4614 709
3299 346 53
3299 241 986
3299 3667 64
3299 5737 604
3299 4823 967
3299 5467 212
3299 3982 445
3300 3566 777
3300 945 281
3300 2886 421
3300 5724 191
3300 5183 703
3301 1737 215
3301 2450 39
3302 401 452
3302 6400 972
3302 148 397
3302 6767 654
3303 1088 920
3303 7224 730
3303 272 385
3303 5315 501
3303 3571 727
3304 7490 600
3304 5887 590
3304 6074 477
3304 6013 982
3304 6607 110
3305 1318 311
3305 704 57
3305 6199 771
3305 3719 124
3305 6116 456
3305 6680 374
3306 4461 733
3306 1881 182
3306 22 348
3306 2434 594
3306 6337 450
3307 689 156
3307 794 529
3307 7218 287
3307 3696 21
3308 6959 535
3308 2306 901
3308 7793 368
3308 6859 244
3308 5388 641
3309 7609 188
3309 3385 631
3309 4433 878
3310 1804 419
3310 631 98
3310 7396 309
3310 6700 676
3310 5447 257
3310 7861 24
3310 7143 896
3311 4802 91
3311 4829 778
3311 2846 11
3311 2490 524
3311 3484 387
3312 2652 336
3312 7180 295
3312 1189 786
3312 2148 376
3313 6491 12
3313 6769 72
3313 5778 459
3313 2863 340
3313 3255 587
3314 1117 372
3314 1812 605
3314 7205 536
3314 7812 1000
3315 6035 639
3315 3679 617
3315 2073 604
3315 1279 763
3316 4686 896
3316 2277 742
3316 5178 448
3316 5928 656
3317 2664 943
3317 308 166
3317 1500 466
3317 5518 555
3317 4627 707
3317 3859 100
3318 6224 873
3318 5157 693
3318 2606 146
3318 5702 434
3319 5960 240
3319 3207 9
3319 3330 585
3320 998 764
3320 371 523
3321 6730 151
3321 3808 922
3322 4635 691
3322 5258 890
3323 7539 317
3323 2897 250
3324 7869 187
3324 5685 358
3324 1448 155
3324 1410 462
3325 5447 641
3326 2229 296
3326 7937 1000
3326 2030 196
3327 759 934
3327 6138 283
3327 2089 839
3327 3306 885
3327 1616 541
3327 5935 371
3328 1946 916
3329 3242 878
3329 6491 352
3329 2854 931
3329 5687 710
3329 4808 112
3330 36 257
3331 3413 540
3331 7757 19
3331 4065 129
3331 3642 5
3331 6338 615
3332 667 17
3332 2445 790
3332 7736 657
3332 6936 822
3332 1306 240
3332 7866 608
3333 601 470
3333 2023 258
3333 448 79
3334 2111 524
3334 5482 771
3334 4288 284
3334 2555 248
3334 5040 728
3335 7007 813
3335 1091 750
3335 1554 323
3335 7157 651
3335 5577 347
3335 7877 325
3335 4089 212
3336 3264 911
3336 7431 560
3336 4409 494
3336 4614 533
3336 980 990
3337 6260 636
3337 3929 832
3337 3381 220
3337 7134 110
3337 4618 164
3337 600 347
3338 1460 727
3338 880 761
3339 3858 67
3339 4470 816
3339 3115 802
3339 426 311
3339 5879 145
3340 845 798
3340 3674 243
3340 7771 894
3340 5781 172
3340 1267 359
3341 3609 645
3341 258 197
3341 1671 911
3342 7390 362
3342 958 335
3342 731 729
3342 3124 887
3342 4599 926
3342 6855 864
3343 6982 510
3343 1476 829
3343 297 655
3343 7851 212
3343 1844 873
3343 6312 27
3343 7001 989
3344 1059 476
3344 309 511
3344 1184 144
3344 1107 225
3344 5995 190
3344 4084 376
3345 2551 863
3345 3342 351
3345 2426 941
3345 5506 615
3346 2937 680
3346 5328 629
3346 3150 999
3346 7990 599
3347 7448 112
3347 4074 518
3347 5626 172
3347 508 152
3347 1055 493
3348 7356 971
3348 5683 3
3348 4104 385
3348 4591 873
3349 1077 595
3349 7275 426
3349 1693 133
3349 5916 906
3349 505 605
3350 7464 649
3350 897 273
3350 94 616
3350 4626 573
3351 3116 396
3351 943 823
3351 7643 686
3351 1671 238
3351 3902 510
3352 2901 743
3352 1311 83
3352 5138 527
3352 1621 771
3352 5089 761
3353 4948 276
3354 7247 584
3354 3922 766
3354 3613 797
3354 81 970
3354 2567 157
3354 4485 491
3354 906 533
3354 1634 486
3355 4504 925
3355 7738 487
3356 4056 319
3357 4983 526
3357 1294 864
3358 1430 784
3358 3667 630
3358 156 621
3358 4028 419
3358 6771 760
3358 6116 958
3359 5283 847
3359 842 713
3359 4940 273
3359 6680 62
3360 6839 890
3361 4868 563
3361 572 154
3362 1039 793
3362 4850 15
3362 2016 56
3362 7202 20
3362 6314 430
3363 7128 17
3363 4890 814
3363 2694 213
3364 6154 469
3364 4986 84
3365 7134 171
3365 5377 82
3365 6803 75
3365 4628 118
3365 1026 777
3365 5061 65
3365 4896 425
3366 871 845
3366 5176 274
3366 250 103
3366 4634 85
3367 3736 97
3367 1018 182
3367 4969 323
3367 4507 18
3367 1344 948
3368 7180 432
3368 5393 147
3368 7199 789
3369 861 748
3369 3967 235
3370 6292 26
3370 2537 2
3370 3501 843
3370 6952 652
3370 7134 819
3370 2943 79
3370 4092 674
3370 6012 469
3371 6696 441
3371 5768 749
3371 1126 490
3371 5920 27
3371 6571 569
3371 1407 820
3371 3679 387
3372 7420 397
3372 5608 271
3372 1875 59
3372 1745 505
3373 3185 128
3373 2830 834
3373 7543 32
3374 2760 709
3374 3817 891
3374 7972 634
3374 6151 878
3374 3661 662
3375 4435 575
3375 6423 114
3375 2630 894
3375 5689 56
3375 4205 873
3375 7555 162
3375 1897 41
3376 2105 796
3376 3396 749
3376 1321 424
3376 233 292
3376 4906 221
3377 7126 933
3377 440 135
3378 3735 720
3378 2775 139
3378 7170 388
3378 7844 553
3379 7443 497
3379 3780 116
3379 5482 659
3380 6643 162
3380 4135 848
3380 6243 246
3380 812 648
3380 4607 919
3380 7313 125
3380 3515 673
3381 5359 654
3382 4293 895
3382 2899 807
3382 7051 532
3383 2348 701
3383 5958 986
3384 5543 966
3384 444 643
3385 491 922
3385 6678 260
3385 6273 12
3385 840 235
3385 4752 797
3385 7785 499
3386 5264 702
3386 4353 124
3386 1532 441
3388 3954 151
3389 6883 764
3389 152 575
3389 1399 17
3389 548 467
3390 7625 789
3390 3867 78
3390 571 759
3390 4369 1
3390 2915 977
3390 3083 714
3391 3794 788
3391 603 296
3391 5680 500
3392 6680 100
3392 720 638
3392 5069 564
3392 2080 873
3392 5194 588
3392 7896 216
3393 3824 744
3393 3755 815
3393 4781 288
3393 7733 610
3393 5796 519
3394 3110 88
3394 3260 554
3394 1271 447
3394 147 849
3394 4986 641
3395 290 55
3395 6793 832
3395 2067 852
3395 3026 955
3396 4725 838
3396 4653 681
3396 3307 131
3397 6804 219
3398 6735 662
3398 6034 978
3399 7785 999
3399 7978 926
3399 4922 354
3399 4226 400
3399 936 778
3400 1524 41
3400 4763 700
3400 1568 358
3400 16 281
3401 2541 915
3401 1383 753
3401 6679 378
3402 5604 197
3402 6231 736
3402 560 73
3402 7346 204
3402 392 26
3402 7427 528
3402 366 523
3403 6928 112
3403 6595 98
3403 4857 8
3403 6729 382
3403 1737 518
3403 3003 634
3404 4026 452
3404 2058 787
3404 4981 77
3405 3236 687
3405 2939 413
3405 387 939
3406 3658 872
3406 2710 645
3406 61 862
3406 4043 329
3406 2881 847
3406 2060 113
3407 2004 874
3407 4247 703
3407 6460 710
3407 3375 298
3407 4673 73
3408 6650 373
3408 5827 519
3408 4016 9
3409 6229 869
3410 4025 605
3410 347 617
3410 3536 990
3411 2121 433
3411 3413 135
3412 7059 475
3412 1293 573
3412 2664 825
3412 3684 628
3412 5837 338
3412 1420 472
3412 6045 419
3413 3651 790
3413 560 479
3413 6662 243
3413 6677 814
3414 2551 365
3414 1321 262
3414 7518 262
3415 7219 644
3415 5635 473
3415 1243 161
3415 562 159
3415 354 660
3415 838 629
3415 6171 595
3416 1735 456
3416 2980 598
3416 286 737
3416 6382 27
3416 137 120
3417 4231 112
3417 2242 927
3417 1054 325
3417 7819 312
3417 4369 49
3417 5671 401
3418 5732 964
3418 807 683
3418 6710 614
3419 7991 979
3419 7862 245
3419 7460 596
3419 6078 96
3420 5473 603
3420 3121 135
3420 7835 849
3421 6349 931
3421 441 952
3421 186 371
3421 4652 958
3421 6291 793
3421 4334 624
3422 1359 521
3422 6258 957
3422 1125 576
3422 4778 382
3422 4239 298
3423 363 480
3423 5549 452
3423 4670 124
3423 442 510
3423 3171 582
3423 3230 304
3424 6287 304
3424 2800 919
3424 2872 991
3424 6415 29
3424 5251 862
3425 3462 415
3425 4040 108
3425 4454 317
3426 2614 409
3426 5017 448
3426 7709 435
3426 2980 507
3426 4170 305
3427 7882 988
3427 3247 172
3427 7257 818
3427 2169 567
3427 4249 384
3427 5454 378
3428 3330 719
3428 685 566
3428 4557 866
3429 5628 247
3429 1316 698
3429 766 771
3430 5102 908
3430 6187 235
3430 3187 46
3430 2810 179
3431 7953 504
3431 3241 554
3432 4996 195
3432 433 143
3432 6362 713
3432 6379 263
3433 6526 382
3433 4271 703
3433 1047 818
3433 6669 57
3433 1653 507
3434 732 872
3434 1467 194
3434 1707 682
3434 594 991
3435 5832 828
3435 2663 564
3436 1442 701
3436 6078 401
3436 4524 529
3436 5156 874
3437 5363 829
3437 4056 752
3438 6030 419
3438 5365 518
3438 7242 85
3439 7791 677
3439 4045 258
3440 2554 168
3440 158 167
3440 1760 692
3441 1798 874
3441 7946 902
3441 457 133
3442 1844 39
3442 5325 456
3442 4650 578
3442 312 280
3442 6450 803
3442 3245 283
3443 5156 750
3443 4332 735
3443 1949 648
3443 1420 698
3444 3650 437
3444 7627 618
3444 3302 540
3444 6498 341
3444 2208 860
3444 4493 714
3445 901 197
3445 3841 131
3445 1031 287
3445 2219 766
3446 1006 606
3446 3511 114
3446 4299 397
3446 2553 412
3446 6744 965
3447 5668 269
3447 3416 282
3448 6343 745
3450 6349 979
3450 7347 908
3450 4940 740
3450 6781 162
3450 2745 952
3451 4984 631
3451 4313 765
3451 6001 898
3451 2418 888
3452 5589 920
3452 1136 974
3452 2734 875
3453 2785 85
3453 3222 196
3453 1658 192
3454 2879 973
3455 2309 810
3455 2488 532
3455 3675 916
3455 7869 402
3455 2111 548
3455 5056 616
3455 7824 164
3455 5331 438
3455 299 875
3455 924 855
3456 212 981
3457 3970 263
3457 6956 150
3457 6234 449
3458 2037 283
3458 705 966
3458 6175 839
3458 5297 12
3459 7716 759
3459 6627 58
3459 4408 975
3459 2282 196
3460 4440 661
3460 3684 604
3460 1023 847
3460 1315 946
3461 5594 2
3461 620 726
3461 7187 927
3462 4697 113
3462 1801 452
3462 275 897
3462 3789 59
3462 6991 709
3462 2888 215
3462 2493 94
3462 1816 62
3463 3397 986
3463 1741 365
3465 5292 665
3465 3888 43
3465 4272 140
3465 1315 441
3465 5831 666
3465 6637 654
3466 699 512
3467 4602 894
3467 575 570
3467 3042 565
3467 1164 734
3467 879 439
3467 7897 739
3467 1108 512
3468 4853 353
3468 2266 98
3468 4508 334
3468 5131 123
3468 1830 365
3469 1066 55
3469 2578 359
3469 6966 319
3470 5435 791
3470 1920 822
3471 2103 903
3471 7614 525
3471 6798 212
3472 494 43
3472 6792 391
3472 904 506
3472 4180 525
3472 6289 213
3473 5704 960
3473 7899 125
3474 2613 524
3474 352 880
3474 669 255
3474 3807 588
3474 2537 54
3474 3163 493
3474 7198 502
3474 7041 136
3475 2969 840
3475 1130 20
3475 3178 504
3475 4966 699
3475 4881 953
3475 4008 193
3476 1973 331
3476 1423 22
3476 1205 121
3476 7943 2
3477 6337 642
3477 3342 563
3477 4657 68
3477 3614 248
3478 745 254
3478 5821 523
3478 2113 53
3479 1307 665
3479 3598 998
3479 5227 753
3479 4262 799
3480 2229 583
3480 4882 478
3480 2295 835
3480 672 488
3481 6127 648
3481 6184 91
3482 758 58
3482 1538 889
3482 1347 527
3482 7798 495
3482 6040 80
3482 3835 240
3482 427 471
3483 3301 271
3483 4270 189
3483 7464 428
3483 6631 323
3483 4877 616
3483 6215 481
3483 2634 531
3484 7036 314
3484 6224 158
3484 7615 107
3484 6409 406
3484 3089 748
3484 987 186
3485 2559 626
3485 1248 883
3485 1981 975
3485 3878 64
3485 2601 492
3485 5008 337
3486 7633 913
3486 6473 893
3486 4264 145
3486 5887 747
3486 1994 350
3487 7393 333
3487 331 707
3487 2741 649
3487 408 559
3487 5842 213
3487 4336 165
3488 639 898
3488 2448 859
3488 4506 651
3488 7232 289
3488 3187 199
3488 2468 894
3489 1284 113
3489 4024 416
3490 4499 795
3490 7423 345
3490 4995 294
3490 1798 647
3491 4298 765
3491 3461 552
3491 4237 519
3492 6672 147
3493 1669 266
3493 6437 2
3493 2553 187
3493 4468 14
3494 5932 925
3494 1463 705
3494 1998 514
3494 3132 891
3494 3914 284
3495 3031 871
3495 7266 666
3495 4340 802
3495 7622 313
3496 160 219
3496 6201 597
3496 5020 467
3496 575 945
3497 3955 342
3497 493 159
3497 3875 400
3497 2932 23
3498 4999 508
3498 6482 299
3498 6728 450
3498 6395 390
3498 6597 278
3498 6371 403
3498 3960 648
3498 1909 542
3499 2094 498
3499 6845 950
3500 3285 260
3500 7211 686
3500 4015 196
3500 7484 257
3501 6325 318
3501 7855 807
3501 4858 554
3502 161 971
3502 610 459
3502 6934 947
3502 6348 120
3502 3311 47
3502 402 188
3503 275 496
3503 211 646
3503 7674 101
3504 4242 995
3504 4136 563
3504 251 288
3504 4249 280
3504 6385 417
3505 5009 562
3505 1102 309
3505 4430 798
3505 1006 3
3505 4928 686
3505 4573 830
3506 3289 132
3506 3907 588
3507 7741 366
3507 2415 421
3508 5049 467
3508 4295 792
3508 6901 218
3509 6083 519
3509 2156 5
3509 1726 238
3509 3994 623
3509 3587 497
3509 2612 310
3509 2312 967
3510 1063 20
3510 7483 634
3510 2824 657
3510 1368 503
3510 4052 23
3510 7927 905
3510 308 142
3510 4062 797
3511 1463 382
3511 2746 717
3512 7783 252
3512 1057 851
3513 1189 347
3513 5271 830
3513 7232 862
3513 4803 765
3514 3089 604
3514 6845 405
3514 940 928
3514 7190 286
3514 4302 846
3514 7301 452
3515 259 960
3515 5198 170
3516 6431 778
3516 2742 994
3516 6304 967
3516 5636 555
3517 2623 501
3517 3582 177
3517 2558 962
3518 3707 142
3518 5764 958
3518 4893 935
3518 4283 463
3519 3612 658
3519 2550 410
3520 4557 129
3520 7007 19
3520 7959 6
3520 195 847
3520 5650 710
3520 2389 79
3520 6639 46
3520 2445 100
3521 4388 480
3521 1515 628
3521 6676 179
3521 5514 721
3522 1625 226
3522 2754 105
3522 5365 411
3522 1437 410
3522 2287 269
3523 6948 108
3523 2600 1000
3523 707 608
3523 4921 367
3523 5700 433
3523 3554 710
3524 7143 489
3524 6265 934
3525 7756 445
3525 3307 963
3525 1455 95
3525 7776 903
3526 1906 102
3527 7299 280
3527 2971 851
3527 7581 886
3528 2347 779
3528 3163 194
3528 3658 481
3528 6206 385
3529 3589 635
3529 3423 434
3529 6044 59
3530 1562 653
3530 6055 169
3530 7991 84
3532 3917 749
3533 2355 126
3533 4473 874
3533 713 755
3533 1985 358
3533 2744 732
3533 5954 573
3534 4057 218
3534 5443 729
3534 248 286
3535 1900 390
3535 7799 691
3535 4630 666
3536 6977 688
3536 6992 157
3536 4633 973
3536 1357 787
3537 5376 575
3537 4084 96
3537 4135 891
3537 1800 284
3538 1210 923
3538 7432 562
3538 2042 215
3539 1772 873
3539 3635 485
3539 6541 971
3540 7454 360
3540 4267 400
3540 5731 200
3540 4431 993
3541 5678 573
3541 1723 958
3541 3341 509
3541 3107 278
3541 5715 648
3541 1581 862
3542 3111 873
3542 892 642
3542 7720 488
3542 325 954
3543 7484 981
3543 2323 800
3543 6158 431
3544 7125 317
3544 2840 102
3544 2515 973
3544 7498 13
3545 7137 784
3545 336 514
3545 4510 407
3546 2288 304
3546 523 11
3547 4500 605
3547 4786 688
3547 6183 406
3547 796 158
3548 4680 900
3548 2358 100
3549 2647 947
3549 5040 67
3550 105 158
3550 3812 109
3550 5581 228
3551 2872 369
3551 5193 268
3551 2635 54
3552 4646 371
3552 6943 579
3552 92 117
3553 5923 396
3553 2660 715
3553 2942 833
3553 6245 138
3554 3112 982
3555 3020 706
3555 3033 289
3555 4490 511
3555 6579 743
3555 2251 664
3555 2481 142
3555 3109 232
3556 4735 501
3556 6816 31
3556 3637 96
3557 5059 10
3557 4441 150
3557 3420 734
3557 7629 736
3558 7395 226
3558 5782 407
3558 765 482
3558 3935 718
3558 1408 635
3559 915 123
3559 4372 703
3559 1132 981
3560 2424 869
3560 5444 262
3560 6155 233
3560 4972 993
3561 1031 578
3561 6632 224
3561 695 911
3561 1887 920
3561 4082 421
3562 198 572
3562 65 691
3562 6721 865
3562 2258 817
3562 1028 256
3562 1234 428
3563 280 122
3563 5877 262
3563 1704 322
3563 4789 816
3563 324 276
3564 754 789
3565 6539 78
3565 3828 68
3565 7585 492
3566 2845 307
3566 176 755
3566 3168 539
3566 3164 511
3567 7767 394
3567 7856 423
3568 7528 610
3568 1995 565
3568 4351 87
3568 1245 65
3569 5657 343
3569 2002 442
3569 1892 128
3569 812 215
3569 1796 536
3570 2711 12
3570 3104 478
3571 3435 797
3571 5865 351
3571 6492 352
3571 2267 200
3571 613 743
3572 7853 210
3572 5780 815
3573 6089 679
3573 3247 968
3573 2509 997
3574 596 470
3574 4645 169
3574 7637 265
3574 116 154
3574 2499 461
3574 1000 627
3574 4230 991
3574 2923 63
3575 6639 510
3575 4535 190
3575 3345 74
3575 2062 660
3575 5129 945
3575 1534 618
3576 435 15
3576 6173 126
3576 1821 338
3576 7537 106
3576 7713 81
3576 3976 255
3577 2374 162
3577 1880 56
3577 7381 393
3577 3554 298
3577 6450 623
3577 2352 800
3578 4428 750
3578 7117 941
3578 3927 450
3578 4192 351
3578 729 148
3579 6154 115
3579 4093 464
3579 3321 461
3579 3641 118
3579 1221 475
3579 5652 630
3580 1715 320
3580 2602 460
3580 4613 658
3581 3449 23
3581 3327 701
3581 387 760
3581 6342 69
3581 6525 171
3581 5233 178
3581 6163 826
3581 4218 606
3582 7405 466
3582 7924 589
3582 6921 212
3582 5253 447
3582 6392 866
3582 2093 536
3583 4535 888
3583 2419 912
3583 1189 465
3583 2870 630
3584 7617 678
3584 4796 505
3585 803 736
3585 4390 676
3585 7751 894
3586 3643 415
3587 1098 525
3587 5965 911
3588 7283 513
3588 1544 133
3588 1634 398
3589 2726 240
3589 2138 696
3589 7545 592
3589 5653 47
3589 4192 323
3589 4263 108
3590 1707 736
3590 3340 57
3590 6881 982
3590 4103 23
3591 4879 335
3591 4660 846
3591 5585 729
3591 3352 498
3591 3405 615
3591 5795 991
3592 2986 203
3592 5946 104
3592 1179 599
3592 239 471
3592 2451 235
3592 4695 409
3592 6043 196
3593 3927 556
3593 7715 355
3593 91 36
3594 7113 264
3594 320 553
3594 5791 573
3595 4122 103
3595 6504 27
3595 908 660
3595 7493 776
3596 2336 571
3596 2487 225
3596 3605 248
3596 2087 176
3596 4172 533
3596 3567 316
3596 1460 686
3596 212 389
3596 3382 135
3596 1899 408
3597 512 494
3597 5147 750
3597 1245 448
3597 6070 337
3597 3344 779
3597 3280 438
3597 7101 584
3597 7054 568
3597 4165 275
3598 3702 598
3598 3384 334
3598 3321 958
3598 6303 722
3598 4656 235
3599 4174 586
3599 887 774
3599 1383 295
3599 5068 242
3599 6358 154
3600 4800 778
3600 5011 749
3600 1700 391
3600 5459 849
3600 5160 736
3600 2621 754
3601 2570 967
3601 1002 323
3601 5338 290
3601 6362 859
3601 4252 218
3601 7162 550
3602 6540 549
3602 3875 487
3602 5373 902
3602 646 761
3602 6668 414
3602 5870 684
3602 2747 76
3603 7546 490
3603 7366 480
3603 2433 499
3603 7569 225
3604 3679 42
3604 6316 145
3604 2523 576
3605 7888 682
3605 842 321
3605 7660 572
3605 2953 703
3606 92 936
3606 2211 977
3606 868 403
3606 2416 438
3606 4471 305
3606 3692 908
3607 6641 344
3607 7415 199
3608 3159 870
3608 2389 414
3608 117 715
3608 7398 46
3609 6894 817
3610 6463 821
3610 4264 458
3610 4222 513
3611 1724 992
3611 7259 549
3611 4639 242
3611 2390 194
3611 7037 527
3611 1284 943
3611 3650 164
3612 1983 634
3612 2391 993
3613 878 942
3613 1262 808
3613 76 291
3613 5958 882
3614 4813 830
3614 4491 274
3614 1443 462
3614 7891 333
3614 2721 120
3614 6223 419
3615 88 711
3615 5345 276
3616 1062 253
3616 1954 1000
3616 7198 495
3616 4495 424
3616 7443 974
3617 2526 389
3617 4651 8
3617 2309 260
3617 1330 765
3618 7261 676
3618 5068 516
3618 1499 593
3619 1143 569
3619 7050 495
3619 4288 856
3619 2148 784
3619 4388 116
3619 6812 4
3620 5654 401
3620 7982 541
3620 1955 777
3620 4083 433
3620 483 634
3621 5041 53
3621 5838 246
3621 3450 492
3622 5950 80
3622 788 827
3622 6996 328
3623 3685 531
3623 4759 831
3623 3234 609
3623 141 127
3623 7036 574
3623 6194 559
3624 7852 686
3624 7826 520
3624 2797 854
3624 3855 442
3624 669 928
3624 1998 198
3624 6924 893
3625 4533 526
3625 6214 119
3625 6536 415
3625 678 682
3625 5254 920
3625 6180 805
3625 3908 677
3626 4816 401
3626 5287 897
3626 5869 570
3626 2509 420
3626 4391 989
3626 5665 169
3626 5456 377
3626 5117 572
3627 4570 354
3627 1839 875
3627 521 80
3627 6960 419
3627 994 206
3628 1296 680
3628 5172 359
3628 972 791
3628 6654 444
3629 2928 933
3629 5815 89
3629 3176 778
3629 3412 724
3629 469 251
3630 1987 779
3630 6892 835
3631 7480 14
3631 3229 443
3631 606 864
3632 986 547
3632 5168 860
3632 7149 356
3632 4273 3
3633 2534 355
3633 5060 855
3633 6006 496
3633 7357 465
3634 1531 471
3634 4699 144
3635 2441 126
3635 614 777
3635 6481 740
3635 7920 117
3635 1605 911
3635 5900 463
3636 4675 703
3636 7440 166
3636 5756 664
3636 1565 86
3637 6394 100
3637 5534 308
3637 5988 827
3638 379 845
3638 3456 642
3638 644 172
3638 4632 457
3639 2813 817
3640 5203 949
3641 6093 63
3641 5105 923
3641 4310 32
3642 2922 112
3642 562 570
3643 1454 920
3644 6342 181
3644 1971 527
3645 1506 334
3645 7053 466
3645 3045 998
3645 4354 800
3645 5134 697
3646 5577 905
3646 6858 951
3647 3008 147
3647 1064 525
3647 3815 3
3647 6031 279
3647 3065 675
3647 2109 84
3648 7077 405
3648 349 666
3648 2355 970
3648 7118 498
3649 4724 507
3649 2806 935
3649 3755 805
3650 3744 910
3650 1919 706
3650 2754 264
3650 7581 131
3650 7607 385
3651 7254 406
3652 4200 131
3652 2164 460
3652 2443 937
3652 1626 743
3652 1897 402
3653 1876 962
3653 1859 379
3653 3822 286
3653 4221 331
3653 2060 537
3653 6457 899
3653 4820 204
3654 727 720
3654 122 721
3654 4327 36
3654 3279 22
3654 3945 3
3655 5827 890
3655 6001 550
3655 3268 173
3655 7037 552
3656 2867 881
3656 3959 797
3657 7958 906
3657 669 852
3658 2278 196
3658 5387 748
3658 2384 833
3658 805 131
3658 4856 543
3659 3760 817
3659 5708 730
3659 377 209
3659 5145 168
3659 5503 93
3660 3905 184
3661 6837 84
3661 6336 850
3661 3567 272
3661 1159 546
3661 1747 608
3661 5697 445
3662 6293 35
3662 6110 625
3662 7062 170
3662 1024 658
3662 6607 394
3662 4606 527
3663 7605 566
3663 5223 199
3663 4394 847
3664 3579 703
3664 2910 811
3664 6548 620
3664 7385 876
3665 7360 29
3665 1971 439
3665 4523 372
3665 5323 27
3665 5421 84
3665 6498 311
3665 6222 239
3665 6484 342
3666 871 975
3666 7710 537
3666 7630 749
3666 778 79
3666 687 697
3667 7413 665
3667 2303 261
3667 4321 224
3668 4896 311
3668 1068 654
3668 456 254
3669 6854 362
3669 7720 147
3669 5573 419
3669 3963 183
3669 3212 306
3669 894 61
3669 6813 78
3669 6568 546
3669 2599 121
3670 6072 346
3670 262 841
3670 7802 635
3671 4992 588
3672 1485 595
3672 6674 723
3672 7566 253
3673 4203 590
3673 5550 413
3674 871 420
3674 7370 345
3674 620 783
3675 2141 11
3675 3811 24
3676 6337 222
3676 7381 601
3677 3285 826
3677 2341 691
3677 2559 918
3678 7524 554
3678 4683 497
3678 3430 481
3680 5569 82
3680 6578 342
3680 2717 556
3681 976 427
3681 7092 376
3681 2730 50
3681 533 276
3682 6577 426
3682 3415 347
3682 3352 319
3683 6756 429
3683 2669 431
3683 6167 546
3684 211 275
3684 5185 45
3684 3671 880
3684 6840 675
3684 7239 643
3684 7995 693
3685 4358 531
3685 4196 67
3686 4754 57
3686 6532 766
3686 7546 502
3686 964 666
3686 3606 842
3686 5351 532
3686 379 93
3686 1152 640
3687 7777 571
3687 3742 930
3687 5113 854
3687 1159 220
3687 3722 93
3687 7206 320
3688 4932 106
3688 124 183
3688 5809 152
3688 4804 827
3688 2064 726
3688 6469 311
3689 6272 488
3689 31 184
3689 4380 862
3689 3861 417
3689 310 920
3689 823 895
3689 4246 823
3689 5221 929
3690 32 746
3690 3106 474
3690 297 947
3690 1721 784
3691 3647 508
3691 3054 10
3691 5130 475
3691 7884 454
3692 6829 258
3692 891 256
3692 5856 346
3692 427 537
3692 6059 983
3692 7255 688
3693 5617 233
3693 7686 14
3693 3527 267
3693 7560 813
3694 2776 253
3694 402 572
3694 258 28
3694 7606 387
3695 4518 611
3695 7394 541
3696 4747 916
3696 41 697
3696 2913 918
3697 2516 761
3697 2996 445
3698 5516 615
3699 1774 310
3699 6017 379
3699 1225 762
3699 1040 757
3699 2681 227
3699 1669 216
3700 2203 479
3700 5315 269
3700 7241 784
3700 3418 836
3700 2957 547
3701 6 199
3701 4111 548
3701 198 705
3702 2331 861
3702 3155 729
3702 5017 445
3702 4223 381
3702 757 714
3702 2463 677
3702 4311 953
3703 7344 27
3703 4934 638
3704 5307 232
3704 123 956
3704 2711 934
3704 3407 643
3704 4135 916
3704 6605 999
3704 2186 472
3705 5667 2
3705 4018 435
3705 3937 265
3705 1612 482
3705 7856 588
3705 4236 8
3705 5092 598
3705 7654 309
3705 5210 394
3705 6044 637
3706 39 723
3706 2814 542
3706 1951 51
3706 2941 527
3707 6796 142
3707 12 659
3707 4111 38
3707 2982 720
3707 1677 768
3707 568 395
3707 7335 809
3708 1291 342
3708 5575 841
3708 4651 2
3708 968 735
3708 695 86
3708 1425 339
3708 1481 864
3709 2826 715
3709 6636 213
3710 7524 176
3710 4811 699
3710 265 340
3710 5189 144
3710 2487 79
3710 5347 621
3710 4087 279
3711 5861 10
3711 2016 854
3711 6827 326
3711 2852 964
3712 5787 938
3712 2965 19
3712 3876 481
3712 6106 16
3713 183 829
3713 7035 105
3713 4965 59
3713 1484 946
3713 3656 783
3713 811 689
3714 5086 929
3714 2180 517
3715 3020 760
3715 2487 993
3715 2162 339
3715 5042 475
3715 6363 547
3715 820 595
3715 2724 975
3715 1553 100
3715 1117 793
3716 3899 21
3717 4261 224
3717 1517 19
3718 4065 813
3718 1595 194
3718 6297 168
3718 1574 498
3719 5052 756
3719 7448 782
3719 6363 356
3719 5393 334
3720 738 857
3720 173 936
3720 1656 722
3720 3709 289
3720 6817 334
3720 1218 707
3721 5036 434
3721 7231 634
3721 6640 783
3722 7517 615
3722 6613 846
3722 5454 44
3722 1563 497
3722 7310 702
3723 4224 932
3723 1169 937
3723 5214 542
3724 3455 358
3724 4652 779
3724 5602 161
3724 3256 746
3724 7829 150
3724 7921 30
3724 6743 179
3724 3552 887
3724 7121 815
3725 5001 21
3725 1587 103
3725 7575 436
3726 6531 76
3726 7809 167
3726 2224 223
3726 7675 105
3727 7534 788
3727 5949 698
3727 1718 153
3727 2582 641
3727 5410 650
3728 2892 777
3729 6525 266
3729 5321 762
3729 7882 497
3729 4566 848
3730 1932 864
3730 5809 220
3730 7619 199
3731 4209 743
3731 3069 836
3732 6447 59
3732 2118 889
3732 6763 970
3732 4357 17
3732 4515 544
3732 280 72
3733 5996 374
3733 6616 562
3733 3238 563
3734 3347 291
3734 7319 69
3734 7078 839
3734 4261 102
3735 6124 90
3735 1571 543
3735 2335 940
3735 5858 240
3735 979 149
3735 7343 134
3736 4855 168
3736 6426 687
3736 1512 450
3736 7757 333
3736 4711 330
3736 4066 560
3736 1893 209
3737 3847 655
3737 7950 996
3737 237 431
3737 3238 987
3738 5047 747
3738 1511 147
3738 694 872
3739 1042 369
3739 6800 721
3739 2867 139
3739 4214 489
3739 3853 848
3740 769 182
3740 1084 418
3740 5151 981
3741 940 185
3741 7770 1
3741 4192 378
3741 2265 261
3742 1091 13
3742 1245 317
3742 1686 917
3742 7420 776
3743 746 105
3743 3784 584
3744 7875 601
3744 3096 652
3744 2170 370
3744 5753 344
3744 4372 142
3744 5534 558
3745 2807 627
3745 5564 541
3745 3083 884
3745 259 376
3745 779 670
3745 626 731
3745 1450 662
3746 1574 147
3746 1726 443
3747 4771 498
3747 1040 574
3747 5321 124
3747 6919 773
3747 6740 617
3747 5631 160
3747 7274 79
3747 4317 260
3747 718 937
3747 6291 139
3748 3187 537
3748 1486 861
3748 1549 68
3748 1129 561
3748 1050 367
3748 4677 224
3748 4543 517
3749 1329 153
3749 5565 875
3749 6493 528
3749 3738 801
3750 3483 684
3750 6258 342
3750 6545 232
3750 7379 706
3750 7694 21
3751 7651 833
3751 828 748
3751 3597 146
3751 4147 707
3752 6837 752
3752 4447 573
3752 5008 673
3752 82 131
3752 1828 887
3753 4722 584
3753 7444 375
3753 81 523
3753 2420 676
3753 2213 731
3754 6586 983
3754 3166 332
3754 2657 289
3755 2948 385
3755 1291 513
3755 2898 705
3755 1602 61
3755 7481 97
3755 2644 697
3756 5575 831
3756 5024 976
3756 7658 972
3756 6504 364
3756 6002 419
3757 2239 534
3758 5711 841
3758 3227 528
3759 3097 311
3759 1695 836
3759 602 266
3759 7980 889
3759 1231 225
3759 3074 760
3760 2554 219
3760 1321 952
3760 6955 326
3761 4686 558
3761 5834 392
3761 2407 962
3761 4887 808
3762 2194 914
3762 945 567
3762 5488 467
3762 6391 709
3762 7762 436
3762 1570 952
3762 633 910
3763 6528 623
3763 3503 213
3763 1529 637
3764 5600 789
3764 6147 146
3764 7581 100
3764 2526 643
3764 544 201
3764 1479 616
3764 812 927
3764 124 999
3765 144 437
3765 2648 41
3766 2437 143
3766 2731 37
3766 2797 17
3766 1078 871
3767 448 134
3767 2733 208
3767 7867 902
3768 422 278
3768 2400 223
3768 651 819
3768 5907 774
3768 4801 246
3768 468 746
3769 7898 234
3769 3263 599
3769 5845 458
3769 2510 16
3769 2960 728
3770 4942 511
3770 6462 810
3770 3445 212
3771 6480 548
3771 1630 365
3771 2192 641
3771 3372 869
3771 7100 564
3772 7279 783
3773 785 218
3773 4028 337
3773 2364 973
3774 1385 539
3774 6248 323
3776 6205 822
3776 803 717
3776 1118 846
3776 7129 765
3777 4099 551
3777 1744 453
3777 7221 836
3778 7316 495
3778 7730 619
3779 3104 243
3779 7805 717
3779 3091 930
3779 7811 894
3781 6052 75
3781 2929 305
3782 6418 943
3782 3560 891
3783 3078 849
3783 4147 111
3783 3433 446
3783 1960 153
3783 5696 335
3784 7383 548
3784 7571 914
3784 4761 664
3785 7297 275
3785 6248 831
3785 3948 753
3786 2007 101
3786 1212 889
3786 7165 18
3786 5497 105
3786 7666 532
3786 2629 458
3786 2925 676
3787 586 263
3787 2359 830
3788 6477 333
3788 7996 964
3788 1603 946
3789 2435 617
3789 4986 86
3790 6696 503
3790 6202 955
3790 308 334
3790 3352 661
3791 6572 165
3792 5515 772
3792 4349 86
3792 3305 425
3792 3648 659
3792 3826 480
3792 7531 348
3792 360 825
3793 659 630
3793 3740 174
3794 2499 238
3794 7548 82
3794 329 930
3794 2825 360
3795 794 64
3795 583 925
3795 4094 391
3795 1383 418
3796 5046 591
3796 1569 934
3797 3664 681
3797 5312 868
3797 4758 33
3798 7438 246
3798 5338 917
3798 4537 824
3798 911 210
3798 2518 105
3799 1739 762
3800 2623 993
3800 6736 823
3800 1536 420
3800 3125 816
3801 3802 592
3802 2000 355
3802 801 928
3802 1493 822
3802 5423 30
3802 6865 883
3802 6762 349
3803 7272 150
3803 3520 758
3803 4894 636
3804 6703 264
3804 3713 753
3804 7886 769
3804 2865 531
3805 7478 323
3805 5686 293
3805 1301 335
3805 3801 15
3805 5583 631
3806 6650 719
3806 4525 784
3806 7087 138
3807 3656 757
3807 2664 772
3807 981 767
3808 177 554
3808 7699 747
3808 2041 470
3808 2523 781
3808 1444 217
3809 319 471
3809 607 362
3809 957 402
3809 3691 653
3809 4300 231
3809 7609 377
3810 5883 946
3810 5137 102
3810 111 735
3810 5820 96
3810 2635 835
3810 4603 140
3810 7822 512
3810 6557 915
3810 397 478
3810 205 812
3810 778 914
3810 444 139
3811 2894 815
3811 3042 376
3812 146 310
3812 6974 209
3812 103 353
3812 5535 454
3812 1352 984
3813 1916 158
3813 7068 164
3813 6233 911
3813 438 573
3813 1244 806
3813 6460 498
3814 1198 41
3814 3466 419
3814 3908 107
3814 6493 903
3815 5612 76
3815 930 965
3815 6312 166
3815 3241 819
3815 3514 298
3815 7977 891
3815 6834 829
3815 5552 63
3816 5616 862
3816 3031 372
3816 6574 354
3817 5086 556
3817 3029 786
3817 1768 577
3819 410 605
3819 6868 923
3819 2545 133
3819 7413 706
3819 4510 558
3820 3399 583
3820 1251 828
3820 210 742
3820 5222 707
3821 2337 178
3821 5828 290
3821 3266 967
3821 3423 297
3821 2892 57
3822 1783 5
3822 7590 593
3822 4090 934
3823 6410 892
3823 2586 553
3823 1514 42
3824 6525 822
3824 84 583
3824 2969 299
3824 2688 673
3824 3954 952
3824 3590 123
3825 462 541
3825 2972 759
3826 5809 163
3826 2379 583
3826 1952 677
3826 3572 64
3827 1577 603
3827 6585 542
3827 1981 552
3827 506 474
3827 4966 515
3827 634 746
3828 4003 776
3828 3479 773
3828 2473 221
3829 7140 157
3829 3611 595
3830 7211 695
3830 751 326
3830 1312 251
3830 5072 17
3830 3605 346
3831 2352 131
3831 4639 650
3831 3160 219
3831 4040 958
3831 6223 874
3832 7567 348
3832 6997 740
3832 7898 646
3832 1460 945
3832 5725 587
3832 714 400
3833 107 965
3833 7609 613
3833 1846 976
3833 3202 785
3833 7556 717
3833 6683 426
3834 3492 513
3834 1519 108
3834 1537 818
3834 3616 530
3834 7443 186
3834 5755 251
3834 804 430
3834 7677 924
3834 6355 39
3835 1564 386
3836 6725 463
3836 5086 1000
3836 6541 275
3836 6090 406
3837 2797 272
3837 7885 646
3837 7114 264
3837 366 804
3837 365 540
3837 4736 190
3838 3736 373
3838 2815 397
3838 3378 319
3838 6238 149
3839 1408 700
3839 537 25
3839 4318 111
3839 2026 594
3839 1240 806
3840 5775 318
3840 265 470
3840 1729 108
3841 2624 609
3841 5027 910
3841 7286 236
3841 6928 112
3841 7801 818
3841 3292 379
3841 6076 464
3841 3390 300
3842 2855 590
3842 1567 660
3842 7878 187
3842 7706 786
3842 2324 622
3843 1155 266
3843 3793 706
3843 1541 238
3843 6374 212
3843 7278 698
3844 3810 987
3844 5686 263
3845 844 620
3845 178 271
3845 1741 650
3845 7354 397
3845 4044 950
3845 6398 257
3846 2888 235
3846 6859 183
3846 4761 881
3846 3538 914
3847 2720 330
3847 4611 377
3847 4893 740
3847 7885 93
3847 2345 227
3847 2175 426
3847 2456 801
3848 3836 8
3848 5916 491
3848 6723 696
3848 4091 653
3849 428 249
3849 6569 929
3850 1598 377
3850 2695 224
3850 7533 86
3850 3819 692
3850 1232 645
3850 4577 660
3851 7170 661
3851 5316 131
3851 2622 828
3851 6653 628
3852 6581 170
3852 1153 203
3853 6034 940
3853 5398 499
3853 3749 681
3853 7680 101
3853 7660 884
3853 6758 382
3854 1497 113
3854 6322 47
3854 1126 423
3854 36 421
3854 5847 205
3855 1920 434
3855 1623 674
3856 7006 824
3857 5313 234
3857 4742 680
3857 5567 845
3857 7495 714
3858 1819 846
3858 6489 147
3859 2493 467
3859 3138 861
3859 468 561
3859 1971 454
3860 842 685
3860 6987 976
3860 3395 520
3860 6635 617
3860 6695 878
3861 2020 170
3861 2054 707
3861 1273 193
3861 3492 978
3861 3665 422
3862 4129 669
3862 4129 326
3863 93 612
3864 3322 721
3864 1374 938
3864 3033 653
3864 1663 789
3864 7035 531
3865 6931 208
3865 1322 774
3865 834 377
3866 7922 851
3866 1152 367
3866 4278 859
3866 5202 577
3866 5168 142
3866 2534 887
3866 2681 98
3867 669 720
3867 2231 177
3867 3332 414
3867 5208 36
3867 370 837
3867 5420 987
3867 1848 4
3868 2978 631
3868 3588 590
3868 1291 383
3868 2054 21
3868 4023 448
3868 6121 842
3868 3735 68
3868 2882 979
3868 7724 338
3868 1610 65
3869 2655 884
3869 3354 920
3869 3070 797
3870 7015 898
3870 99 705
3871 1128 839
3871 5362 691
3871 6592 84
3871 5671 518
3872 4493 196
3872 552 744
3872 3205 371
3873 4272 395
3873 1624 575
3874 6986 857
3874 4655 809
3874 2762 455
3874 186 484
3875 5877 386
3875 4613 540
3875 7477 202
3875 7876 854
3876 2066 725
3876 7058 459
3876 7524 770
3877 6609 42
3877 2787 104
3877 673 136
3877 4527 697
3878 2753 406
3878 5987 797
3878 2868 141
3878 1902 486
3879 628 655
3879 6388 736
3879 1911 941
3880 903 73
3880 2617 844
3880 3824 821
3880 3523 263
3881 1153 767
3881 6358 591
3881 5314 365
3882 6785 147
3882 1666 835
3882 6259 730
3882 1378 549
3883 1077 280
3883 6610 51
3883 6966 382
3883 2544 798
3884 3816 520
3884 4246 120
3884 5041 161
3884 7295 152
3884 1268 105
3884 1236 161
3884 7466 876
3885 4309 840
3886 267 28
3886 824 557
3886 1792 699
3886 522 311
3887 4170 896
3887 5102 14
3887 6243 837
3887 3624 115
3887 3149 365
3888 1937 169
3888 121 211
3889 1880 147
3889 5969 420
3889 7680 733
3889 6478 102
3889 3519 905
3889 5131 805
3890 5567 165
3890 3221 296
3890 277 249
3890 3923 72
3890 5662 999
3890 5194 57
3891 7560 203
3891 4853 730
3892 7129 408
3893 2307 729
3893 1667 758
3893 345 744
3893 7817 403
3894 4982 405
3894 3360 70
3894 6959 390
3894 5036 10
3894 7963 267
3894 4856 510
3894 6243 778
3894 6573 611
3895 3220 238
3895 281 227
3895 3356 163
3895 6440 65
3895 6735 259
3895 7535 733
3895 2773 379
3895 4922 299
3896 5731 687
3896 2654 848
3896 4507 786
3896 5866 371
3896 1710 996
3896 6565 965
3897 7400 174
3897 5785 25
3897 3357 626
3897 126 406
3898 5450 321
3898 189 816
3898 3342 431
3899 4599 337
3899 6153 97
3899 3848 140
3899 1249 923
3899 1579 553
3899 2567 578
3900 2923 739
3900 2588 678
3900 5711 326
3900 7020 232
3900 5295 503
3900 5664 104
3901 2767 190
3901 6568 694
3901 2287 706
3901 6202 456
3902 1707 55
3902 7709 614
3902 4175 41
3903 864 282
3903 6527 736
3903 5487 773
3903 1432 583
3904 3377 410
3904 2093 217
3904 1905 447
3904 3046 863
3904 6078 922
3905 3686 313
3905 5362 436
3905 1185 193
3905 3011 655
3905 1546 784
3905 2660 145
3906 5543 643
3906 432 103
3906 7875 611
3907 1087 189
3907 4333 637
3908 1690 149
3908 6011 7
3909 6404 792
3909 2144 890
3910 6548 822
3910 6629 129
3910 7620 554
3910 880 93
3910 3106 762
3910 5526 782
3911 3294 908
3911 2823 509
3911 4253 256
3911 3791 938
3912 4854 750
3912 1587 212
3912 1188 977
3912 1850 136
3913 6996 435
3914 3441 452
3914 71 123
3914 523 37
3915 6894 940
3915 643 534
3915 7068 869
3916 7085 644
3916 7245 729
3916 3038 953
3917 5400 242
3917 4868 20
3917 1017 770
3917 7766 702
3918 3212 205
3918 1152 501
3918 4318 159
3918 6342 341
3918 5037 721
3919 4856 594
3919 404 284
3919 4917 235
3919 3858 817
3919 1667 551
3919 7787 35
3919 2329 976
3920 3228 453
3920 5269 237
3920 6605 153
3921 7578 480
3921 3821 34
3921 968 547
3921 7098 1
3922 2486 809
3922 7480 582
3922 7398 457
3922 7193 446
3923 7801 179
3923 3034 866
3923 4453 537
3923 5493 249
3923 7185 669
3924 4976 988
3924 4724 183
3924 6568 585
3924 2270 750
3924 2251 448
3925 360 325
3926 7218 423
3927 648 73
3927 7356 870
3927 4060 308
3928 4293 456
3928 2730 459
3928 4438 897
3928 187 134
3928 4386 694
3929 4874 314
3929 531 646
3929 1001 143
3930 1377 531
3930 7706 473
3930 5764 625
3931 7149 301
3931 767 468
3931 9 178
3931 87 391
3931 6038 866
3931 412 643
3931 7642 726
3932 4120 31
3932 4978 376
3932 7330 490
3932 2290 562
3933 7623 671
3933 2482 492
3933 6810 719
3933 2243 260
3934 5652 948
3934 5818 281
3934 6751 882
3934 1990 589
3935 358 702
3935 406 445
3935 6487 943
3935 3138 459
3935 1701 843
3935 4377 785
3935 6867 828
3935 7120 197
3936 1404 541
3936 3437 726
3936 4943 13
3937 5762 334
3937 2705 777
3937 586 997
3937 1466 537
3937 3521 882
3937 3051 335
3938 6058 420
3938 6331 748
3939 355 418
3939 7101 437
3939 1996 689
3939 481 888
3939 3671 486
3939 2523 811
3940 5482 72
3940 1149 58
3940 6219 34
3940 4359 724
3941 30 771
3941 6829 130
3941 7938 680
3942 83 526
3942 4912 760
3942 6650 841
3942 3732 720
3943 3516 19
3943 2283 204
3943 1930 857
3943 477 200
3943 123 678
3944 4855 351
3944 3718 695
3944 297 149
3944 4872 89
3945 3128 890
3945 1302 53
3945 6644 589
3946 786 652
3947 3197 94
3948 802 699
3948 1764 177
3948 16 128
3948 4823 187
3948 2984 33
3948 1828 205
3949 2117 504
3949 7269 703
3949 7435 646
3949 3498 557
3950 851 441
3950 5045 601
3950 7782 849
3950 5767 485
3950 7161 956
3950 2202 72
3951 218 596
3951 4733 816
3951 2479 7
3951 3742 498
3952 5098 609
3952 4390 712
3952 573 979
3952 1419 336
3953 2730 626
3953 6001 149
3954 6161 773
3954 3389 561
3955 5237 654
3955 2099 906
3956 522 196
3956 1900 159
3956 1144 24
3956 7578 845
3957 3765 357
3957 7080 792
3958 5583 398
3958 40 342
3959 7464 428
3959 6046 376
3959 4170 314
3959 989 492
3959 4312 248
3959 2468 195
3959 3978 314
3960 5126 377
3960 2870 439
3960 7399 684
3961 4846 53
3961 849 521
3961 2704 363
3962 7959 636
3963 2091 740
3963 5406 247
3963 5191 373
3964 4095 582
3965 3561 214
3965 7760 694
3965 5787 592
3965 5312 673
3965 6774 9
3965 217 198
3967 5406 382
3967 7703 330
3967 4791 786
3967 551 93
3967 147 673
3967 5433 482
3967 6161 771
3967 7846 64
3968 3778 445
3968 5934 52
3968 446 412
3969 3780 470
3969 6130 267
3969 3178 26
3969 3072 62
3969 47 975
3970 3669 811
3970 4386 835
3970 607 673
3970 5875 962
3970 1054 314
3971 2590 293
3971 6929 191
3971 7311 287
3971 7024 509
3971 4196 318
3971 7825 359
3972 5779 435
3973 1202 360
3973 4796 919
3973 7785 734
3973 6451 522
3973 1320 247
3974 7105 109
3974 5997 776
3974 7861 383
3974 1413 201
3974 6590 565
3974 1062 525
3975 3860 260
3975 342 58
3976 6068 135
3976 323 870
3977 564 347
3977 6830 207
3977 2571 278
3977 5495 949
3978 4404 89
3978 3517 614
3978 791 554
3978 7314 562
3978 2412 375
3978 6756 934
3979 385 764
3979 1143 798
3979 833 955
3980 4984 788
3981 996 184
3981 2844 805
3981 6657 214
3982 6184 3
3982 3203 471
3982 5000 442
3982 4422 926
3983 2561 190
3983 1978 107
3983 3963 686
3983 3768 433
3983 1961 903
3983 7713 980
3983 6902 195
3984 5821 598
3984 6411 760
3984 5575 62
3984 3102 728
3984 7679 417
3984 1698 137
3985 4626 886
3985 3506 927
3985 1963 283
3985 6892 226
3986 1481 514
3986 1046 792
3986 458 214
3987 7817 296
3987 6657 462
3987 6421 162
3987 1574 3
3987 5379 901
3987 3876 992
3987 3729 391
3988 7939 746
3988 3753 145
3988 4617 423
3989 3368 93
3989 6577 804
3989 5088 851
3989 7502 297
3989 6618 758
3989 3425 328
3989 4465 881
3990 7617 816
3990 3722 308
3990 5958 240
3990 4851 786
3990 2709 832
3990 6474 326
3991 2483 383
3991 7289 979
3991 3834 932
3991 2150 222
3992 3031 504
3992 3673 757
3992 5406 286
3992 6864 24
3992 4304 355
3992 3134 679
3993 4081 588
3993 6892 885
3993 772 499
3993 451 451
3993 1664 795
3993 1653 620
3994 2707 180
3994 282 745
3994 6610 554
3994 4539 882
3994 440 85
3994 386 248
3995 7127 856
3995 1497 81
3995 2059 486
3995 4648 208
3996 6641 622
3996 7689 373
3997 545 417
3997 5770 151
3997 5354 815
3998 3471 367
3998 7316 846
3998 4507 601
3998 1246 822
3998 7484 199
3999 7020 423
3999 4388 14
4000 5578 204
4000 2545 381
4000 959 195
4000 751 978
4000 1053 284
4000 1000 554
4000 2210 977
4001 7456 647
4001 511 144
4001 2513 787
4001 7528 342
4001 5670 575
4001 2411 842
4002 1561 279
4002 4801 544
4002 1476 9
4003 6392 721
4003 7895 558
4003 3991 396
4004 1167 954
4004 7286 878
4004 4913 213
4004 5807 56
4004 6982 407
4004 2532 555
4005 5800 23
4005 2131 48
4005 7052 584
4006 5049 529
4006 5205 6
4006 5358 929
4006 766 805
4006 3998 670
4007 2188 233
4007 5509 280
4007 626 757
4007 5697 707
4008 4183 789
4008 2914 791
4008 349 176
4008 4568 772
4009 2389 68
4009 7308 116
4009 1743 251
4010 7485 492
4010 5190 849
4010 6660 973
4010 3193 871
4010 3010 140
4011 5267 277
4011 5639 579
4011 2781 418
4012 757 74
4012 6043 484
4012 2075 234
4012 3321 606
4013 7239 221
4013 204 637
4013 7604 814
4013 4276 404
4014 2021 318
4014 7144 50
4014 5488 218
4014 4836 650
4014 1276 821
4015 2961 118
4015 1573 80
4015 1591 336
4015 7253 75
4015 7355 940
4015 6933 251
4015 3182 159
4015 7787 96
4016 3197 446
4016 3841 638
4016 415 869
4017 3030 687
4017 5250 858
4018 6879 9
4018 6133 36
4018 2260 692
4018 6610 618
4018 4615 987
4019 1174 297
4019 3453 817
4019 3395 903
4020 1558 680
4020 6779 470
4020 6798 862
4020 4265 322
4020 331 151
4021 5950 514
4021 4509 734
4021 6732 207
4021 5905 482
4021 5650 22
4021 1507 963
4022 2669 775
4022 7784 174
4023 5859 34
4023 5317 320
4023 4019 988
4023 2761 318
4023 6404 956
4023 7060 362
4024 7184 999
4024 6860 603
4024 1061 707
4025 6333 456
4025 7385 18
4026 3033 125
4026 1337 593
4026 4980 511
4026 5528 287
4027 155 416
4027 1442 908
4027 4222 771
4027 3003 502
4027 60 491
4029 3928 875
4029 6936 356
4029 1139 104
4029 5166 611
4029 3499 605
4029 3686 410
4030 508 133
4030 193 7
4031 7136 893
4031 4886 49
4031 5828 129
4031 5174 479
4031 3305 694
4032 7257 504
4032 2490 72
4032 4545 558
4032 6810 49
4032 4659 286
4033 1339 58
4033 5382 99
4033 1090 743
4033 1946 25
4033 627 300
4033 1429 507
4034 396 494
4034 5099 547
4034 1012 869
4034 5584 923
4035 4724 451
4035 7763 422
4035 1251 92
4035 3769 89
4035 5538 265
4035 6628 283
4035 1426 191
4036 2079 786
4036 6546 480
4036 802 91
4036 963 106
4036 5250 737
4036 5960 927
4037 5064 8
4037 3186 752
4037 321 216
4037 3521 239
4038 4106 19
4038 6519 142
4038 1169 525
4038 7079 302
4038 756 313
4038 34 679
4039 2530 755
4039 7634 43
4040 3554 531
4040 4366 954
4040 7150 464
4040 1223 732
4041 3450 472
4041 1495 368
4041 4795 175
4041 1055 929
4042 1842 174
4042 7873 571
4043 5549 924
4043 6855 190
4043 1286 778
4045 1351 832
4045 2294 531
4045 3281 684
4045 6519 968
4045 3072 398
4046 6635 505
4046 4310 193
4047 873 425
4047 6129 727
4047 3973 966
4047 3063 145
4048 1366 254
4048 5181 18
4048 2414 319
4048 3300 60
4048 6507 744
4049 1004 338
4049 7462 152
4049 7458 531
4049 4898 291
4049 1658 731
4049 6078 150
4049 4636 389
4049 24 756
4049 5360 434
4049 3123 973
4050 2323 751
4050 3207 716
4050 1070 789
4051 7321 881
4051 1359 312
4051 7614 749
4052 6795 996
4052 3227 706
4053 3771 794
4053 7805 636
4054 5006 87
4054 1997 795
4054 1216 470
4054 3771 674
4054 7600 486
4054 4243 232
4055 823 754
4055 6453 621
4055 4094 665
4056 2719 674
4056 7920 848
4056 2322 481
4056 4362 934
4057 2576 852
4057 7951 49
4057 2114 120
4058 4679 293
4058 7832 275
4058 7208 168
4059 7898 904
4059 6006 88
4059 166 609
4060 1388 203
4060 7812 209
4060 7392 84
4060 5156 39
4060 3062 454
4061 3564 910
4061 1745 142
4061 5684 252
4061 6543 336
4061 6213 533
4061 1282 779
4061 1516 839
4062 5846 30
4062 1039 317
4062 1298 703
4062 2854 840
4062 3301 687
4062 2078 650
4062 6113 434
4062 7567 933
4063 955 951
4063 332 412
4063 2783 140
4063 6513 458
4063 6946 517
4063 2653 779
4065 5537 199
4065 3272 623
4065 6566 487
4066 6820 843
4066 6488 752
4066 6341 992
4067 2234 723
4067 4866 743
4067 5842 811
4067 6969 297
4068 2618 426
4068 3179 24
4068 3637 304
4068 2055 448
4069 2066 64
4069 4763 425
4069 2792 361
4069 2866 66
4069 2679 704
4069 192 14
4069 3905 87
4069 5024 771
4069 21 902
4069 4384 667
4070 3186 419
4070 7009 180
4070 1125 3
4070 3662 724
4070 5458 894
4071 5306 792
4071 3566 585
4071 2142 388
4071 2506 370
4072 5740 687
4072 4723 807
4072 3803 97
4072 240 639
4072 3859 614
4072 610 563
4072 7815 237
4073 5232 92
4073 437 784
4074 6126 123
4074 6076 654
4074 5525 259
4074 3954 255
4074 2158 778
4074 2914 530
4074 2251 838
4075 2051 358
4075 3307 517
4075 3249 913
4075 6927 768
4076 6925 58
4077 7098 319
4077 2491 135
4077 7334 247
4077 5452 376
4077 309 942
4078 7455 733
4078 5022 518
4078 2615 309
4078 7840 128
4078 2148 103
4079 6735 670
4079 5554 517
4079 6767 81
4080 5534 91
4080 4291 48
4080 4460 623
4080 4852 473
4080 7175 496
4081 3137 30
4081 343 383
4081 997 14
4082 3597 793
4082 967 529
4082 1978 575
4082 6724 727
4082 5286 17
4083 5509 558
4083 3286 359
4084 5831 60
4084 501 624
4085 4325 480
4085 7753 850
4085 633 401
4085 7723 117
4085 5435 153
4086 7854 474
4086 7889 620
4086 3776 796
4087 2204 271
4087 7616 334
4087 1745 775
4087 1541 377
4087 4697 488
4087 5421 230
4088 1299 365
4088 7758 227
4089 966 729
4089 7420 922
4089 5525 309
4090 6834 159
4090 197 465
4090 7903 90
4091 387 517
4091 5118 965
4091 5994 786
4092 1215 732
4092 4760 798
4092 3804 287
4092 3950 869
4092 208 332
4092 6673 614
4093 4190 812
4093 2926 574
4093 164 752
4094 1282 866
4094 5296 94
4095 5508 761
4095 3330 537
4096 2584 904
4096 2362 756
4096 2676 690
4097 6306 320
4097 4574 690
4097 6854 46
4097 1709 963
4098 1465 542
4098 1928 265
4098 3585 721
4098 7637 370
4099 5650 268
4099 1241 513
4100 4722 873
4100 1205 687
4100 6522 869
4100 1150 717
4101 4476 516
4102 4747 629
4102 6655 779
4102 7134 4
4102 1904 150
4102 7305 460
4102 6635 993
4103 7241 245
4103 6515 382
4103 1629 275
4104 5891 132
4104 7196 476
4104 3935 354
4104 2152 986
4104 5684 263
4105 5529 993
4105 2973 421
4105 5281 14
4105 6697 88
4105 4087 196
4106 6011 631
4106 7953 254
4107 5145 555
4107 4337 59
4107 2576 378
4108 956 85
4108 3799 343
4108 6804 235
4109 1096 323
4109 5936 713
4109 6102 202
4109 334 690
4109 2597 866
4110 2783 129
4110 1401 857
4110 5668 580
4110 5957 275
4111 3181 698
4111 6672 241
4111 5161 593
4111 5257 604
4112 3218 429
4112 213 885
4112 5452 841
4112 4862 76
4114 639 36
4114 700 158
4114 2869 836
4114 4209 499
4114 5714 805
4115 7355 279
4115 2981 361
4115 3239 406
4115 298 41
4115 4415 745
4116 5016 531
4116 2154 407
4116 1158 521
4117 2162 304
4117 5153 239
4117 7834 892
4118 4053 742
4118 7339 741
4118 2692 121
4118 4107 210
4120 3379 796
4120 5632 10
4120 1579 442
4121 5159 980
4123 5245 136
4123 840 116
4123 3302 156
4124 7789 265
4124 861 591
4124 7307 652
4124 2934 841
4124 582 529
4125 2068 828
4125 84 627
4126 2626 995
4127 430 97
4127 1948 850
4127 4525 626
4127 762 559
4128 6746 714
4128 7923 233
4128 3047 230
4128 2150 216
4129 4603 791
4129 2365 757
4129 359 967
4129 587 959
4129 1667 250
4129 4754 343
4129 5851 472
4130 227 712
4130 6252 793
4130 220 300
4130 389 81
4130 346 16
4130 7034 489
4131 6600 868
4131 7251 115
4132 6539 110
4132 3477 338
4132 7114 218
4133 5338 917
4133 2730 66
4133 3151 218
4134 6437 377
4134 7738 205
4134 4456 538
4134 6990 883
4134 5159 757
4134 7959 48
4134 7984 271
4135 4855 932
4135 5149 738
4135 383 48
4136 3424 415
4136 3982 372
4136 2970 883
4136 3639 376
4136 1230 99
4137 3362 857
4137 4782 801
4138 6032 534
4138 7167 287
4138 4321 805
4138 5762 470
4139 7700 5
4139 5388 486
4139 2540 721
4139 757 766
4139 6360 857
4139 7678 488
4140 3575 993
4140 4777 351
4140 5330 378
4140 6628 949
4140 7901 632
4141 1567 30
4141 5194 586
4141 1046 290
4141 4878 839
4141 1979 479
4142 1114 121
4142 1431 568
4142 2674 819
4143 5717 43
4143 2784 851
4144 6367 715
4144 5834 988
4144 3553 586
4144 4334 33
4144 1522 745
4144 7729 546
4144 5110 345
4145 704 781
4145 6708 46
4145 2489 935
4145 215 773
4146 1779 900
4146 6057 10
4147 7457 625
4147 4941 110
4148 61 728
4148 7303 41
4148 4617 184
4148 6223 628
4148 6185 729
4148 3069 205
4148 102 70
4148 7119 496
4149 353 133
4149 7954 228
4149 6436 318
4149 5992 719
4150 2568 566
4150 1654 412
4150 1543 423
4150 6321 937
4150 4042 924
4150 7195 277
4151 6627 241
4151 7192 96
4151 6055 939
4151 241 539
4152 7418 741
4152 3894 632
4153 4059 327
4153 3981 138
4153 4869 504
4154 7330 795
4154 471 647
4154 2767 242
4154 4791 771
4154 7739 124
4154 1277 120
4155 3310 660
4155 390 706
4155 6452 108
4155 493 54
4156 4999 98
4157 7027 68
4158 1213 507
4158 6852 80
4158 4744 569
4158 5050 591
4159 2774 123
4159 2664 901
4159 4517 945
4159 3776 579
4159 4224 437
4160 628 724
4160 559 37
4161 5421 670
4161 5753 989
4161 6674 870
4162 983 475
4162 2823 367
4162 4870 720
4162 7822 944
4162 6257 953
4162 5979 284
4162 2877 477
4163 3364 825
4163 528 868
4164 6315 988
4164 183 314
4164 2759 811
4164 7327 820
4164 6938 149
4165 6604 435
4165 7217 14
4165 2938 17
4165 1082 264
4165 1774 924
4165 4539 983
4165 2691 563
4166 7011 666
4166 6703 756
4166 7821 902
4166 6663 784
4166 7983 483
4166 6684 800
4166 2547 450
4167 5674 822
4167 193 920
4167 1630 88
4167 4458 36
4167 5628 530
4168 6820 862
4168 7190 838
4168 1058 27
4168 6201 197
4168 511 157
4169 1531 731
4169 4278 509
4169 5162 711
4169 1757 65
4170 1731 929
4170 1449 467
4170 4265 253
4170 3746 943
4170 5661 886
4170 2543 539
4170 2830 531
4171 866 805
4171 7831 331
4171 4628 710
4172 2313 764
4172 5639 697
4173 5672 593
4174 5237 508
4174 1369 893
4174 4438 57
4174 4925 220
4174 3153 658
4175 7831 905
4175 5652 70
4175 6893 789
4175 7761 653
4176 5062 773
4176 304 630
4176 2427 435
4177 7450 77
4177 2224 524
4177 5225 542
4177 2920 83
4178 7134 774
4178 968 911
4178 188 297
4179 5082 257
4179 5823 42
4179 2130 146
4179 3295 784
4179 6136 839
4179 6785 111
4179 1850 974
4180 3688 256
4180 2514 397
4180 2539 148
4181 6804 997
4181 4045 99
4181 2678 440
4181 3321 272
4181 6840 728
4182 6787 909
4182 2033 819
4182 4617 751
4182 2918 801
4183 94 809
4183 2205 556
4184 3056 276
4184 1005 592
4184 1301 414
4184 2864 213
4184 4139 533
4184 3466 897
4185 6084 619
4185 7892 658
4186 5894 858
4186 1409 620
4186 7245 590
4186 1571 397
4187 6721 782
4187 850 798
4187 1181 871
4188 648 197
4188 5262 549
4188 1163 355
4188 3297 678
4189 7568 507
4189 3920 25
4189 494 340
4189 2919 340
4189 5424 638
4189 3669 10
4190 4752 139
4190 584 713
4190 3621 423
4190 1861 255
4190 6427 605
4191 1866 450
4191 5597 651
4191 4192 72
4193 3951 918
4193 2147 271
4193 7248 479
4193 3532 108
4193 5706 74
4194 2652 739
4194 5432 37
4194 4590 802
4194 7769 247
4195 5240 56
4195 7307 293
4195 3448 939
4195 3473 146
4196 2236 464
4196 3408 664
4196 7490 28
4196 7372 179
4196 7923 371
4196 6700 908
4197 4586 605
4197 2852 49
4198 4282 845
4198 3474 146
4199 7626 593
4199 6242 628
4199 837 582
4199 1642 45
4200 1766 685
4200 181 207
4200 1947 160
4201 5946 257
4201 3408 590
4201 2902 873
4201 3044 108
4201 6510 474
4201 6110 663
4202 306 936
4202 5491 219
4202 368 985
4202 239 117
4202 5794 322
4203 3008 720
4203 5416 359
4204 2949 933
4204 47 373
4204 7445 52
4204 6472 148
4205 2587 988
4205 2834 112
4205 3148 973
4205 5695 24
4205 7148 987
4206 3422 832
4207 2355 998
4208 5616 380
4208 7261 321
4208 1548 827
4208 7329 3
4208 5407 520
4209 403 647
4209 6394 540
4209 3026 695
4210 7301 509
4210 1565 979
4210 7923 911
4210 4786 25
4211 5637 78
4211 5177 78
4211 5322 380
4211 2468 88
4212 5292 95
4212 7333 622
4212 1223 393
4212 6258 381
4213 6851 299
4213 3862 441
4213 2558 961
4213 4569 318
4213 370 193
4214 2379 735
4214 6400 333
4214 960 937
4214 5109 717
4214 4768 249
4215 2485 931
4215 3463 765
4215 6580 363
4215 5497 265
4216 7188 502
4216 6623 852
4216 6952 614
4216 7318 398
4216 4266 462
4217 4104 314
4218 7704 287
4218 6908 564
4218 2631 935
4219 4821 691
4219 6702 191
4219 5535 377
4220 2966 413
4220 3556 319
4220 2730 330
4220 2680 826
4220 7283 951
4220 1088 462
4220 7933 928
4221 7904 559
4221 4869 713
4221 2349 408
4221 176 74
4222 2450 726
4222 4249 346
4222 7122 168
4222 1455 453
4222 449 597
4222 2663 881
4223 362 576
4223 222 511
4223 175 821
4223 1145 120
4223 5874 245
4223 5802 705
4223 6935 666
4223 1853 465
4223 5402 671
4224 5439 461
4224 6466 415
4224 4793 945
4224 6231 540
4225 2395 489
4225 3989 123
4225 6178 861
4225 5309 507
4225 7580 630
4227 5672 238
4227 7371 318
4227 2790 367
4228 4872 540
4228 4433 621
4228 7129 608
4228 1240 186
4228 7987 200
4229 7681 677
4229 7848 330
4229 2313 352
4229 3626 328
4229 3934 331
4229 4687 467
4229 5813 873
4229 3729 501
4230 6823 945
4230 6627 722
4230 799 138
4230 4533 507
4231 1776 98
4231 1679 595
4231 6306 769
4231 3433 621
4231 1124 552
4231 132 936
4232 517 792
4232 516 876
4233 7180 178
4233 6607 898
4233 2246 12
4233 278 43
4233 6282 283
4233 3657 93
4233 1093 713
4233 5098 386
4234 4728 20
4235 4065 237
4235 3936 351
4235 1943 380
4235 2264 709
4235 5057 31
4235 5813 52
4235 1873 614
4236 3847 964
4236 1712 790
4237 5655 53
4237 3720 811
4237 7317 218
4237 4931 961
4237 6562 32
4237 743 404
4237 619 184
4238 3640 722
4238 739 625
4239 5615 452
4239 2276 261
4239 374 374
4240 4008 776
4240 5697 730
4240 4743 559
4241 4678 317
4241 5437 635
4241 1952 86
4241 5288 527
4241 6218 145
4242 4402 394
4242 5054 299
4242 2274 912
4243 5643 453
4243 3718 578
4243 4356 601
4243 7490 141
4243 5831 547
4243 5297 170
4243 2592 242
4244 767 114
4244 3340 725
4244 3330 652
4244 4155 429
4244 6787 720
4245 6765 170
4245 5085 581
4246 2226 502
4246 2899 123
4246 3278 454
4246 4794 282
4247 2613 173
4247 6378 123
4247 1501 361
4248 1810 934
4248 4999 126
4248 3243 256
4248 3310 237
4248 5738 631
4248 1315 469
4248 4572 897
4249 5224 712
4249 3083 282
4249 687 114
4250 6700 290
4250 2559 335
4250 4560 158
4250 7850 247
4250 1300 627
4251 6727 993
4251 4619 764
4251 2389 606
4251 5424 343
4251 4345 523
4252 4377 433
4252 4179 860
4252 1656 585
4252 5813 49
4252 2196 686
4252 5940 733
4252 7355 175
4253 1219 456
4253 4186 770
4253 4960 355
4253 1525 506
4254 7535 42
4254 6104 456
4255 991 61
4255 6886 866
4255 2690 542
4256 6895 528
4256 889 742
4256 892 468
4256 7355 270
4257 3485 100
4257 479 894
4257 7030 95
4257 3219 863
4258 6946 686
4258 4916 658
4258 7816 981
4258 3528 541
4258 6951 694
4259 6034 786
4259 2260 527
4259 1004 330
4259 4363 447
4259 6304 337
4259 512 471
4259 1644 663
4259 2395 8
4259 7400 336
4260 3961 389
4260 3873 216
4261 4096 682
4261 1975 652
4261 1650 486
4261 1566 39
4261 2528 329
4261 3500 447
4261 402 128
4262 3642 840
4262 955 855
4262 1352 902
4262 4736 614
4262 1798 456
4262 5860 734
4263 2743 308
4263 7612 960
4263 7657 975
4263 2565 659
4264 6600 991
4265 3195 280
4265 5953 463
4265 7740 839
4265 6741 774
4265 1485 942
4266 849 445
4266 6892 106
4266 2985 665
4266 547 805
4267 2605 351
4267 2861 185
4267 4830 595
4267 1663 230
4267 760 428
4267 6812 408
4267 557 812
4267 2739 611
4267 4382 104
4268 4286 936
4268 3041 611
4268 3154 538
4268 3881 882
4269 3107 309
4269 6568 759
4269 4315 227
4270 5774 417
4270 1693 21
4270 4423 727
4270 4525 932
4270 2129 370
4270 4518 13
4270 2480 702
4271 1262 782
4271 7848 787
4271 6580 491
4271 2838 167
4271 1768 589
4271 5059 110
4272 5667 409
4272 393 845
4273 2141 63
4273 5289 89
4273 6372 556
4273 4702 295
4274 4398 909
4274 1139 120
4274 6493 677
4275 2600 13
4275 7407 666
4275 7635 321
4276 6586 53
4276 6911 549
4276 261 815
4276 6925 495
4276 5887 467
4276 331 240
4276 737 251
4276 2092 20
4277 86 984
4277 2916 981
4277 5142 743
4277 3126 386
4278 5215 80
4278 6185 292
4278 2752 552
4278 4692 448
4278 2169 408
4279 4841 210
4279 3661 548
4279 1462 455
4280 7657 577
4280 1970 704
4280 5881 678
4281 1250 650
4281 2583 404
4281 2200 550
4282 102 198
4282 7917 305
4282 591 701
4284 6368 91
4284 744 979
4284 60 329
4284 1202 697
4284 4035 134
4285 7361 738
4285 6860 460
4285 5268 660
4286 34 749
4287 2824 159
4288 3778 918
4288 4935 429
4288 1095 233
4288 2135 821
4288 7793 625
4288 3360 249
4288 3540 64
4289 6311 451
4289 1255 580
4289 2677 354
4290 5030 350
4290 315 110
4290 1619 707
4291 4187 806
4291 5071 498
4291 1470 96
4291 2550 998
4292 6223 535
4292 2892 472
4292 5744 397
4292 1776 608
4293 677 436
4293 4455 438
4293 1398 74
4293 1629 329
4294 2860 296
4294 7509 526
4294 3899 44
4295 4977 984
4295 998 126
4295 7346 869
4295 4722 773
4296 7326 822
4296 4790 643
4296 6366 17
4297 7901 309
4297 2377 109
4297 7755 331
4297 1622 448
4297 246 194
4297 2427 314
4298 2183 573
4298 5200 557
4298 7188 777
4298 6580 774
4298 6797 933
4299 3961 692
4299 2849 992
4299 2805 996
4299 1355 899
4300 4729 631
4300 4538 291
4300 5300 301
4301 6437 337
4301 4358 58
4302 6073 578
4302 5503 239
4302 4343 661
4303 7294 257
4303 7116 219
4303 112 689
4304 7856 462
4304 931 736
4304 3365 743
4304 6649 609
4304 2755 329
4304 449 581
4304 1024 254
4305 2923 62
4305 7771 724
4305 7218 972
4305 2840 478
4305 6190 88
4305 1683 724
4306 3166 747
4306 472 482
4306 3356 750
4306 3990 479
4306 6816 331
4306 6126 504
4307 3443 43
4307 4384 986
4307 4996 313
4307 969 437
4308 5033 885
4308 4495 236
4308 1451 366
4308 7096 670
4308 5486 503
4309 373 976
4309 3833 752
4309 1831 235
4310 5586 127
4310 3088 258
4310 4808 719
4311 6143 175
4311 6929 206
4312 6217 450
4312 2320 99
4313 1284 408
4313 6634 247
4313 2676 299
4313 6930 202
4314 3311 11
4314 2211 828
4314 4994 256
4315 5999 411
4315 4409 533
4315 1148 564
4316 7426 778
4316 7140 942
4317 2758 888
4317 912 312
4318 4133 274
4318 2453 352
4318 6916 240
4318 5921 471
4318 1689 375
4318 101 759
4318 1681 253
4318 7830 131
4319 389 841
4319 1270 963
4319 2547 734
4319 3151 471
4319 3842 379
4319 137 678
4319 1998 869
4320 7902 40
4320 7971 19
4320 601 959
4320 6826 121
4320 5936 864
4320 4917 817
4321 4746 735
4321 2450 392
4321 3670 849
4321 1441 163
4322 491 11
4323 120 775
4323 6377 292
4324 4473 239
4324 5745 191
4324 6567 49
4324 5257 648
4324 2027 322
4324 1682 855
4324 4773 805
4325 1147 283
4325 6389 208
4325 7505 722
4325 6824 716
4325 4838 468
4326 7857 841
4326 7547 850
4326 2416 82
4326 7782 984
4326 5273 500
4327 6739 241
4327 1536 92
4327 3363 195
4327 128 891
4327 6978 972
4327 1190 554
4328 2348 415
4329 4047 527
4329 6215 797
4329 7058 231
4329 882 276
4330 2668 655
4330 1715 39
4330 2169 895
4330 7871 609
4331 4391 782
4331 5290 455
4331 7106 719
4332 2172 324
4332 3806 842
4333 4143 160
4333 3375 702
4334 1285 415
4334 3777 199
4334 7087 523
4334 3809 476
4335 3266 650
4335 2262 240
4335 7788 106
4336 4085 329
4336 4031 223
4337 3347 952
4337 4611 899
4337 6185 671
4337 6717 613
4337 7072 455
4337 1540 816
4337 6883 656
4338 2271 384
4338 4825 719
4338 2622 946
4339 6901 92
4339 1498 115
4339 6650 410
4339 1344 715
4340 4722 834
4340 1199 860
4340 4063 994
4340 5048 734
4340 2821 695
4341 2911 874
4341 1886 614
4341 7160 174
4342 7707 885
4342 4691 986
4342 7533 779
4342 3450 721
4342 495 83
4343 1628 673
4343 6391 541
4343 122 701
4343 1876 212
4344 647 851
4344 20 44
4345 5005 267
4345 7383 95
4345 2800 796
4345 7519 895
4345 3636 219
4345 2623 368
4345 1176 382
4346 5640 919
4346 2049 614
4347 7338 982
4348 138 128
4348 1957 789
4348 4514 313
4349 2090 784
4349 6155 942
4349 1446 817
4349 196 961
4350 2980 535
4350 5715 134
4350 4067 420
4350 6281 334
4350 7166 846
4351 815 439
4351 2228 14
4352 2522 702
4352 3733 124
4352 7084 379
4352 6366 22
4352 1992 252
4352 523 244
4353 1083 119
4353 3333 278
4353 196 3
4353 1300 697
4353 7457 151
4354 1804 823
4354 6234 695
4355 4393 447
4355 2445 978
4355 737 14
4355 7515 885
4356 2214 436
4356 1605 825
4356 2758 51
4356 3833 361
4356 4495 551
4357 3560 491
4357 3184 35
4358 7716 584
4358 3 160
4358 2907 717
4358 6933 509
4358 1032 933
4359 4073 653
4359 6211 415
4359 4708 337
4359 168 368
4359 1195 572
4359 1134 509
4359 437 122
4360 3376 209
4360 4010 936
4360 314 515
4361 7555 832
4361 2553 505
4361 1471 68
4361 4927 239
4362 5116 599
4362 2466 458
4362 414 290
4362 3063 530
4362 5918 340
4362 6301 935
4363 6581 355
4363 7419 448
4363 1855 90
4364 1010 355
4364 1416 628
4364 1473 601
4364 6617 243
4364 3941 409
4365 5469 321
4366 1747 330
4366 5991 547
4366 2242 324
4367 7024 225
4367 3870 405
4367 7533 434
4367 1091 802
4368 1578 455
4368 1089 155
4368 7098 408
4369 2923 406
4369 60 26
4369 1174 206
4369 4151 615
4370 2796 241
4370 3974 923
4370 6742 514
4370 6023 882
4370 5698 159
4370 1139 274
4371 4797 230
4371 4322 413
4371 3066 769
4372 7560 943
4372 4712 576
4372 3329 889
4372 7804 745
4373 6807 77
4373 5456 915
4373 2164 187
4374 673 480
4374 3260 474
4374 4861 679
4374 4996 179
4374 5135 101
4374 3695 251
4374 1828 136
4376 6089 321
4376 7419 37
4376 5635 567
4376 5084 336
4376 2364 836
4376 3616 285
4376 6763 239
4376 4542 995
4376 1399 647
4378 6732 709
4378 4576 813
4378 1431 67
4378 3772 868
4379 7698 200
4380 6784 45
4380 2998 626
4380 7614 160
4380 995 198
4381 3235 3
4382 7857 447
4382 7253 524
4382 1550 97
4382 1027 128
4383 5630 547
4383 5822 524
4383 3981 651
4384 7049 904
4384 1016 386
4384 5814 892
4384 2920 282
4385 1382 934
4385 5673 71
4385 3141 496
4386 7973 483
4386 1284 902
4386 6066 130
4387 1622 185
4387 2997 290
4387 4473 913
4388 3133 791
4388 2788 292
4388 5456 524
4388 7275 657
4389 2735 319
4389 5250 90
4390 6934 942
4390 1136 534
4391 2679 829
4391 7476 323
4391 7543 23
4391 6747 596
4391 3462 929
4391 6368 310
4392 7950 374
4392 2899 265
4393 4240 436
4394 1814 390
4394 6207 968
4394 7215 542
4394 7133 775
4394 2478 10
4394 1348 262
4395 2750 344
4395 5597 153
4395 4351 160
4395 1642 335
4396 2317 695
4396 5850 2
4396 1704 610
4396 1340 999
4396 2908 109
4396 5748 861
4396 4620 524
4396 3044 312
4397 2966 222
4398 3177 869
4398 7972 257
4398 2630 982
4399 395 896
4399 6154 448
4399 7961 253
4399 4667 292
4400 4328 669
4400 35 241
4400 6859 431
4400 2654 821
4400 5676 288
4401 6215 618
4401 6287 800
4401 3671 225
4401 570 570
4402 1053 949
4402 1411 722
4403 5310 567
4404 7419 855
4404 752 553
4404 5883 728
4404 7178 278
4405 854 707
4405 5964 19
4405 684 288
4405 181 187
4406 550 182
4407 2401 497
4408 4691 512
4408 2025 160
4408 7784 273
4408 4950 347
4408 6520 821
4409 7711 399
4409 507 403
4409 6307 561
4410 7816 496
4410 6299 753
4410 2023 245
4410 274 604
4410 2493 634
4410 3848 640
4411 7732 463
4411 270 384
4412 608 586
4412 5019 80
4412 6537 132
4412 759 562
4412 1689 55
4412 4848 408
4413 5732 517
4413 7192 75
4413 5473 184
4413 3895 97
4413 4950 807
4413 2112 195
4413 2824 713
4414 6848 213
4414 7937 178
4414 4768 617
4415 3161 754
4415 2826 841
4415 6611 483
4416 3574 693
4416 2600 891
4416 5742 607
4416 3885 182
4416 6582 813
4417 2402 947
4417 3811 593
4417 4911 25
4418 7613 346
4418 500 546
4418 4334 175
4418 37 532
4418 312 279
4418 5383 928
4419 4354 160
4419 5400 974
4419 5449 402
4420 2326 943
4420 6382 836
4420 7758 435
4420 3267 548
4420 2890 197
4421 5228 207
4421 523 556
4421 1166 265
4421 3638 297
4421 4089 607
4421 5499 299
4421 2382 496
4422 6033 155
4422 3931 417
4422 989 818
4422 3675 106
4422 7111 140
4422 86 111
4422 2626 861
4423 5072 632
4423 2121 286
4423 3494 132
4423 4229 931
4423 7598 475
4423 2168 875
4423 706 747
4423 7396 568
4424 2837 121
4424 6474 348
4425 3792 56
4425 3890 606
4425 1524 923
4425 4742 176
4426 4555 547
4426 7364 859
4426 7807 918
4426 6843 838
4427 3668 879
4427 7504 334
4427 804 393
4428 4938 124
4428 1168 233
4428 7649 613
4429 3360 616
4429 5551 357
4429 3796 878
4429 5543 642
4430 7870 467
4430 6082 804
4430 6410 680
4430 6268 883
4431 5084 609
4431 957 479
4432 6853 623
4432 5745 62
4432 6567 956
4432 658 347
4432 457 117
4432 4992 404
4433 1359 155
4434 5122 486
4434 4075 113
4434 7163 165
4434 4599 913
4434 5400 638
4435 7691 776
4435 435 284
4435 7541 133
4435 6769 283
4435 6040 82
4435 6378 938
4435 1128 482
4435 41 527
4435 5878 643
4436 5131 467
4436 5200 719
4436 3663 183
4436 1357 516
4437 88 734
4437 150 714
4438 3186 683
4438 336 882
4438 13 774
4438 5638 935
4438 2101 647
4439 4460 898
4439 5298 793
4439 2119 701
4440 4796 640
4440 2122 373
4440 5986 342
4440 6773 28
4441 5428 586
4441 5657 28
4441 6063 150
4442 7702 871
4442 864 429
4442 6947 813
4442 3763 852
4442 2381 96
4442 2434 638
4442 4534 99
4442 7663 931
4442 6279 776
4443 6774 255
4443 1319 950
4444 7754 672
4444 3932 871
4445 3229 380
4445 2055 651
4445 7872 657
4445 5615 730
4445 7993 815
4446 892 838
4446 88 775
4446 7911 794
4446 4546 574
4446 3926 724
4446 6473 323
4446 2821 800
4447 6999 138
4447 7694 306
4447 4245 828
4447 4935 770
4447 6260 553
4447 1430 790
4448 2111 366
4448 5637 635
4448 3386 439
4448 5677 611
4448 3799 793
4448 4075 491
4449 648 468
4449 943 456
4449 2173 712
4449 3209 898
4449 1281 696
4450 6678 945
4450 3378 733
4450 2659 121
4450 1682 468
4451 1911 191
4452 7033 294
4452 2030 886
4452 5120 173
4452 981 592
4452 4685 232
4452 4642 75
4453 481 99
4453 989 290
4453 1043 164
4453 40 441
4453 4075 349
4454 4587 985
4454 2871 724
4455 5969 41
4455 7492 946
4455 7858 793
4455 7980 55
4456 3545 843
4456 5228 204
4456 6861 464
4457 1749 151
4457 1503 868
4458 7400 873
4458 7605 433
4458 4251 858
4458 2420 8
4458 3647 492
4459 5333 362
4459 7481 103
4459 7761 992
4459 1234 391
4459 862 732
4460 377 360
4460 6530 485
4460 3982 851
4460 1878 219
4460 2327 789
4461 6163 873
4461 158 882
4461 7709 290
4461 2812 702
4461 7754 620
4461 3849 632
4461 1998 501
4461 5609 522
4461 6134 19
4462 7257 30
4462 559 522
4462 4191 278
4463 2326 36
4463 6722 608
4463 6547 402
4463 2085 247
4463 7622 817
4463 2803 778
4464 2806 933
4464 1901 317
4464 7637 824
4465 6583 694
4465 3203 531
4465 5670 352
4465 5182 992
4466 537 433
4466 3385 913
4466 4465 990
4466 3343 702
4466 2261 564
4467 7891 17
4468 6161 78
4468 6349 137
4468 6742 65
4468 7864 74
4468 515 561
4469 1972 35
4469 6355 235
4469 307 614
4469 4674 431
4469 4926 261
4470 2625 294
4470 6601 789
4470 7822 862
4470 1844 777
4471 1343 822
4471 3121 360
4471 2670 349
4472 1561 145
4472 4249 66
4472 148 392
4472 4571 31
4472 5841 866
4473 7652 503
4473 4438 402
4473 4302 240
4474 3125 823
4474 5029 589
4475 5886 636
4475 2766 934
4475 7480 698
4475 4637 921
4476 2151 795
4476 7324 502
4476 7312 449
4476 4437 801
4476 4565 202
4476 7665 13
4477 5573 850
4477 1963 242
4477 4675 920
4477 1122 499
4478 2043 385
4478 3645 2
4478 4834 78
4478 2782 329
4478 747 131
4478 7605 361
4479 7397 414
4479 19 983
4479 4241 338
4479 7136 243
4479 1698 650
4479 1449 339
4479 8 188
4480 5225 280
4480 3050 193
4480 7656 349
4480 3905 889
4480 3002 152
4480 5882 615
4480 2508 1
4480 6245 48
4480 3908 753
4481 2414 332
4481 6567 597
4482 7725 291
4483 6490 609
4483 1334 325
4483 5244 439
4483 3417 869
4483 1847 561
4483 7952 207
4484 5147 509
4484 1262 966
4484 1615 787
4484 1892 368
4485 2301 356
4485 2857 509
4485 181 5
4485 7931 884
4486 3490 354
4487 3627 976
4487 782 72
4488 6807 117
4488 1794 293
4488 5825 875
4488 2355 359
4488 6230 552
4489 4912 575
4489 5786 12
4489 73 901
4489 6100 592
4489 2649 235
4490 7034 107
4490 3594 38
4490 2075 317
4490 3738 437
4491 271 403
4491 2158 255
4491 208 246
4491 4047 682
4491 5121 981
4492 6887 777
4492 1900 357
4492 234 470
4492 4317 16
4492 5306 61
4492 5500 200
4492 3034 871
4492 3025 380
4493 5880 429
4493 3709 979
4493 3134 579
4493 5292 294
4494 3378 730
4494 7092 425
4494 3017 676
4494 1289 868
4494 2715 756
4494 253 774
4495 4976 948
4495 7459 707
4495 7263 139
4495 7388 618
4496 2679 596
4496 137 111
4496 2054 565
4497 2901 949
4497 5568 855
4497 5515 694
4497 4797 966
4497 3229 547
4498 7613 198
4498 3764 981
4499 3349 700
4499 3079 273
4500 6677 73
4500 906 118
4501 1506 472
4501 655 484
4501 6987 610
4501 2308 653
4501 6881 946
4502 3241 443
4502 4315 279
4502 4219 471
4502 402 298
4502 580 861
4503 3580 641
4503 2353 950
4503 481 88
4503 6217 177
4503 6461 219
4503 4755 638
4504 111 158
4504 2655 155
4504 5431 101
4504 1076 701
4504 3001 44
4504 2589 802
4504 2571 410
4505 7107 994
4505 7192 370
4505 5140 99
4505 7520 321
4505 2428 406
4505 4969 358
4506 5162 678
4506 1750 788
4506 5870 728
4506 3115 435
4506 5549 751
4506 6555 836
4506 612 423
4506 5362 733
4506 5524 466
4507 6817 655
4507 2156 919
4507 7877 579
4508 2545 152
4508 5677 392
4508 7316 719
4508 6579 540
4508 4038 706
4508 7737 395
4508 2764 738
4509 5698 70
4509 7626 271
4509 2368 362
4509 3489 906
4509 5837 875
4510 7935 322
4510 6636 57
4510 7204 597
4510 6471 160
4510 1754 891
4510 5277 130
4510 7823 943
4511 1620 979
4511 5579 835
4511 2390 666
4511 4659 880
4512 6419 23
4512 4588 771
4512 5953 656
4512 6355 437
4512 7186 764
4512 2293 119
4512 805 650
4512 407 306
4513 1216 504
4513 5725 374
4513 1120 740
4513 7969 685
4513 2394 450
4513 5937 899
4514 2910 34
4514 5785 199
4514 2696 517
4514 7158 223
4514 7398 754
4514 2098 101
4515 4729 328
4515 3633 582
4516 7306 20
4516 4495 397
4516 2709 921
4517 6038 501
4517 4345 372
4517 3212 896
4517 6741 357
4518 1992 967
4518 5125 831
4518 306 407
4519 1235 872
4519 4917 155
4519 2289 509
4519 4395 413
4519 1568 313
4519 1536 376
4520 6773 809
4520 4484 65
4521 7410 523
4521 5148 769
4522 3856 552
4522 6721 319
4522 4279 967
4522 7449 172
4522 5896 678
4523 1966 843
4523 4438 27
4523 6137 876
4523 7767 515
4525 6750 5
4525 6515 161
4525 7656 642
4525 6757 12
4525 2749 854
4525 6453 476
4526 5005 539
4526 2848 447
4526 6955 410
4526 5640 949
4527 1741 467
4527 6175 134
4527 727 652
4527 5008 382
4527 6740 503
4527 1190 676
4528 2090 360
4529 514 996
4529 4483 259
4529 6184 937
4529 3052 605
4529 4773 796
4529 2720 189
4530 2283 947
4530 6000 712
4530 6566 259
4530 6998 374
4530 6945 456
4531 6501 668
4531 6911 730
4531 3517 24
4531 2753 487
4531 1290 799
4531 4961 3
4532 3830 636
4532 1599 298
4532 5304 585
4533 7969 728
4533 1636 525
4533 7464 618
4533 3617 763
4533 852 707
4533 241 796
4534 2394 2
4534 5497 518
4534 4626 826
4535 5296 962
4535 949 944
4535 7623 846
4535 7111 199
4536 7672 96
4536 581 609
4536 7798 896
4536 4554 691
4536 204 994
4536 1809 698
4536 6893 394
4537 6080 349
4537 3146 470
4538 3531 575
4538 6173 524
4538 6972 609
4538 4018 227
4538 2864 194
4538 307 539
4539 1466 68
4539 6548 722
4539 1066 316
4539 5388 957
4539 7898 417
4540 4680 632
4540 5870 485
4540 2584 334
4540 1696 825
4541 6587 154
4541 6 746
4541 1589 907
4541 5438 590
4541 3570 676
4542 7987 407
4542 5770 166
4542 180 899
4542 2770 576
4543 1867 901
4543 7409 672
4543 4318 865
4543 4384 295
4543 2044 592
4543 5377 464
4543 6833 798
4544 6682 73
4544 6505 14
4544 775 466
4544 666 293
4545 2640 745
4545 611 701
4545 2611 12
4545 7648 201
4545 2729 610
4546 3602 201
4546 7717 598
4546 5550 860
4546 7910 919
4546 7138 47
4547 3650 942
4547 1384 517
4547 1973 170
4547 466 685
4547 7487 53
4548 656 539
4548 3689 703
4548 1341 271
4548 207 55
4548 7323 814
4549 1347 95
4549 1243 191
4550 2988 962
4550 1645 673
4550 736 333
4550 4416 330
4551 7050 624
4551 1723 165
4551 6834 730
4552 7160 185
4552 5406 739
4552 2415 625
4553 5813 888
4553 3029 697
4554 7178 483
4554 5316 375
4554 2979 816
4554 1318 677
4554 1942 162
4554 5399 578
4555 7843 35
4555 4897 403
4555 2779 836
4556 6131 214
4556 4494 656
4556 2312 799
4557 1044 913
4557 2429 259
4557 2004 60
4557 853 366
4557 6727 929
4558 926 70
4558 3921 495
4558 7109 380
4558 3718 36
4559 6839 361
4559 7430 250
4560 82 847
4560 6396 539
4560 5339 498
4560 852 318
4560 2932 545
4561 1508 880
4561 1919 36
4561 1415 100
4561 825 538
4562 912 190
4562 127 275
4562 5884 938
4562 289 274
4562 2790 214
4562 5847 809
4562 7573 700
4563 6393 481
4563 3856 554
4563 3340 194
4563 4714 485
4563 5484 645
4563 1581 525
4563 4935 918
4564 4446 663
4564 7845 285
4565 3082 880
4565 7562 821
4565 1005 170
4567 1757 858
4567 4314 59
4567 4384 884
4568 4538 463
4568 3928 110
4568 5248 246
4568 3517 768
4568 6263 411
4568 4090 738
4568 6612 214
4569 1259 230
4569 5774 859
4569 1433 769
4570 3540 215
4570 4706 616
4570 7324 646
4570 153 25
4571 5796 325
4571 5838 117
4571 5188 438
4572 5642 307
4572 784 451
4572 5424 843
4572 331 162
4572 1998 158
4573 2444 988
4573 4192 877
4573 6141 854
4573 5512 499
4573 3699 614
4574 3711 636
4574 7288 530
4574 4474 299
4575 2686 403
4575 6492 347
4575 1199 953
4575 7996 554
4576 180 38
4576 6038 54
4576 4386 245
4577 5926 764
4577 4281 136
4577 4093 162
4577 2186 539
4578 1297 297
4578 4080 616
4578 3833 275
4578 1224 349
4578 546 187
4578 7987 648
4578 1611 284
4579 2740 193
4579 3522 70
4579 4884 289
4579 7552 179
4579 1715 773
4579 2077 20
4579 3537 109
4579 6712 697
4579 1497 94
4580 3870 647
4580 6655 827
4580 5876 866
4580 2714 740
4581 308 348
4581 167 372
4581 503 418
4582 5771 871
4582 2659 512
4582 1502 198
4582 3680 753
4582 4829 170
4583 2495 968
4583 4241 772
4583 2591 92
4584 7641 204
4584 6033 907
4585 4938 520
4585 3275 890
4585 1183 768
4586 7443 956
4586 793 70
4586 170 131
4586 3861 407
4587 5556 762
4587 1577 265
4587 4781 98
4587 4334 880
4587 2593 764
4587 5268 295
4587 7998 163
4588 2650 963
4588 2660 895
4588 5240 899
4589 4205 940
4589 5496 791
4589 2182 645
4589 6717 685
4590 7356 555
4590 6042 316
4590 4566 647
4590 4728 391
4590 5221 565
4590 1913 372
4590 7647 249
4591 1009 603
4591 7279 917
4591 1246 546
4591 4901 602
4592 2370 632
4592 272 237
4592 3687 294
4593 456 377
4593 348 190
4593 1530 91
4594 3548 755
4594 7301 129
4594 1672 354
4594 1449 176
4594 2225 187
4595 6429 512
4595 2894 96
4595 2754 760
4595 321 498
4596 3115 129
4596 3073 55
4596 704 229
4596 1978 345
4596 5912 483
4596 2585 61
4597 7860 800
4597 1365 58
4597 4748 521
4597 4618 894
4597 6594 921
4598 7905 121
4598 5565 9
4598 3923 787
4598 5538 339
4598 943 458
4598 165 116
4598 151 287
4598 2593 471
4598 485 715
4599 825 199
4599 1656 707
4599 997 519
4599 7681 873
4599 2094 202
4599 1776 890
4599 2064 430
4599 5831 121
4599 7907 824
4599 6491 640
4600 4898 484
4601 3977 666
4601 7723 504
4601 7352 201
4602 429 67
4602 1845 153
4603 4760 947
4603 5055 383
4603 5346 368
4603 237 400
4603 7595 542
4603 5693 995
4603 5928 422
4603 3657 277
4604 5313 406
4604 5186 572
4604 110 596
4605 3313 971
4605 5712 908
4605 7523 454
4605 1431 909
4605 2755 172
4605 3821 386
4606 3747 889
4606 6813 725
4606 4846 814
4606 2457 451
4607 666 454
4608 2783 537
4608 5776 768
4609 2640 76
4609 2689 306
4609 7132 340
4609 7598 611
4609 6804 155
4609 1265 968
4609 6430 585
4609 589 555
4609 2673 480
4610 7801 453
4610 1752 904
4611 136 8
4611 4374 862
4611 805 847
4611 1122 425
4612 3637 930
4612 7051 311
4612 7742 491
4612 5200 482
4612 4614 453
4612 5998 577
4613 1455 324
4613 3463 938
4613 6166 217
4613 5900 552
4613 3550 404
4614 4940 46
4614 3589 715
4614 5400 275
4614 4636 850
4615 7415 416
4615 6403 285
4615 6811 367
4616 1859 675
4617 3639 452
4617 1232 791
4617 3038 912
4618 4664 934
4618 2250 972
4618 2780 889
4618 5315 135
4618 5553 673
4618 4459 599
4619 1373 874
4619 7201 28
4619 5848 736
4620 577 124
4621 3349 129
4621 5828 517
4621 6326 802
4621 1147 32
4621 4536 544
4622 5727 107
4622 5160 366
4622 4900 95
4622 7745 940
4623 2313 810
4623 898 404
4623 7164 738
4623 1647 101
4623 4847 680
4624 4358 974
4624 7253 856
4624 7069 562
4625 2733 962
4625 5701 469
4625 4254 808
4625 4376 321
4625 7562 403
4625 232 336
4625 19 925
4626 2158 487
4626 4094 555
4627 232 593
4627 2387 295
4628 4435 370
4629 7849 876
4629 6643 871
4629 2956 224
4629 7485 109
4631 7201 785
4631 521 20
4631 4539 177
4632 4990 870
4632 6636 145
4632 2220 377
4632 6268 626
4632 7500 221
4632 1414 257
4632 2758 622
4632 1354 814
4633 326 177
4633 5349 303
4633 6451 361
4633 6376 631
4633 6202 696
4634 7317 690
4634 2624 646
4635 3919 967
4635 1640 907
4637 2282 51
4637 2426 509
4638 3542 560
4638 5164 476
4638 959 564
4638 3287 184
4639 2992 377
4639 3095 739
4639 7367 26
4640 675 245
4640 5708 491
4640 6663 29
4640 1215 779
4641 355 677
4641 1165 233
4641 5860 722
4641 2105 944
4641 5202 508
4642 3947 818
4642 6504 970
4643 2545 954
4643 2517 410
4643 5343 897
4643 4598 682
4643 707 820
4643 4983 537
4643 1231 770
4644 1006 345
4644 6959 261
4645 1192 930
4645 2870 605
4646 1571 496
4646 6005 661
4646 3920 343
4647 5017 10
4647 5632 490
4647 4359 969
4648 7883 857
4648 2107 810
4648 3093 80
4648 1548 933
4648 6041 298
4649 4629 400
4649 2687 921
4649 278 47
4650 3874 22
4650 3957 578
4650 3129 782
4650 5338 719
4651 3365 790
4651 4355 35
4651 7376 398
4651 821 34
4651 4803 851
4651 2840 433
4651 6239 764
4652 5511 695
4654 1317 168
4654 2260 894
4655 685 71
4655 2580 608
4655 6911 34
4655 7150 5
4656 1422 527
4656 5588 443
4656 397 501
4657 5996 972
4657 1970 861
4657 2189 673
4657 6071 896
4657 4796 893
4657 7290 727
4658 3562 885
4658 3037 546
4658 726 323
4658 6083 403
4658 1648 357
4658 3056 869
4659 3730 256
4659 2960 885
4659 2807 376
4659 4848 31
4659 3137 919
4659 3273 455
4659 1780 8
4660 3795 765
4660 3764 238
4660 4931 711
4660 7581 559
4660 6652 71
4661 5234 921
4661 1935 427
4662 6071 854
4663 2698 516
4663 621 382
4663 4297 50
4664 6518 185
4664 2142 903
4664 3266 102
4665 6803 705
4665 1487 159
4665 1561 496
4665 7609 859
4665 36 418
4666 7269 888
4666 6874 929
4666 7495 321
4667 7756 727
4667 1929 125
4667 4479 800
4667 1669 682
4668 471 382
4668 1667 521
4668 2740 677
4668 5622 992
4668 1619 683
4669 6232 905
4669 2716 629
4669 2782 169
4669 5596 418
4670 1678 326
4670 1444 591
4670 5110 631
4671 3743 843
4671 6914 984
4671 377 262
4671 1536 868
4671 7210 181
4671 2293 279
4671 1587 936
4672 5252 51
4672 5712 636
4672 1651 187
4672 7050 687
4672 1176 470
4673 650 86
4673 4253 734
4673 372 58
4674 2777 548
4674 7250 11
4674 6893 289
4674 630 473
4674 4354 376
4675 616 172
4675 3773 221
4676 872 130
4676 6981 936
4677 149 182
4677 6443 409
4677 3985 152
4677 2631 892
4677 4137 568
4678 5746 230
4678 1448 790
4678 6402 882
4678 3931 897
4679 206 599
4679 2536 957
4679 1783 195
4679 7153 271
4680 5734 996
4680 4771 806
4680 6674 677
4680 6412 480
4680 1471 959
4680 3016 92
4680 6043 490
4680 3058 423
4681 7458 695
4681 1886 689
4681 5352 218
4682 5005 181
4682 16 67
4682 7502 357
4682 745 183
4682 7887 349
4682 7245 693
4682 7702 604
4683 6309 301
4683 6723 653
4683 1974 725
4684 6247 978
4684 3915 299
4684 261 72
4684 6011 524
4684 363 631
4684 6441 947
4684 1865 823
4685 4262 933
4685 59 238
4685 3778 551
4685 6518 557
4686 7722 560
4686 1359 594
4686 2767 845
4686 3065 766
4686 4674 302
4686 4002 180
4687 6144 952
4688 7349 734
4688 2332 1
4688 2807 423
4688 5245 957
4689 4769 923
4689 5776 808
4689 4637 266
4689 6742 401
4689 6578 947
4689 4726 415
4690 591 48
4690 1922 314
4691 7893 880
4692 7191 421
4692 2 395
4692 2232 634
4692 2192 413
4692 720 541
4693 7450 867
4693 4822 298
4693 4122 300
4694 5591 611
4694 1128 196
4695 4223 778
4695 1596 927
4695 363 750
4695 4041 15
4696 7012 172
4696 225 764
4696 5894 78
4696 2594 929
4696 4449 258
4697 4016 500
4697 3030 744
4697 1945 953
4698 7156 131
4698 7538 993
4698 519 743
4698 1148 882
4698 469 853
4699 7163 832
4700 2223 295
4700 2885 85
4700 5301 826
4701 4987 733
4701 1353 536
4701 4472 467
4701 3032 505
4701 1112 514
4701 7128 724
4702 2910 393
4702 5798 273
4703 978 759
4703 2521 942
4703 7104 625
4704 733 743
4704 7115 189
4704 1458 771
4704 5927 619
4704 1393 546
4704 743 116
4705 7655 778
4705 334 951
4706 344 448
4706 4329 492
4706 7857 342
4707 6557 94
4707 5676 828
4707 5068 89
4707 2744 343
4708 2893 53
4708 7737 486
4708 2588 598
4708 6928 944
4708 6595 445
4709 5381 54
4709 5829 227
4710 7956 478
4710 5791 803
4710 4860 419
4710 7022 781
4710 5596 182
4710 1294 119
4711 7392 811
4711 5177 700
4711 5154 695
4712 7860 369
4712 5893 669
4713 2004 165
4713 4397 138
4713 6621 662
4713 7950 165
4714 1838 460
4714 443 741
4714 1376 659
4715 2196 197
4715 1556 317
4716 1921 957
4716 5489 900
4716 4777 902
4717 3386 214
4717 4093 540
4718 1138 781
4718 5726 778
4719 6403 174
4719 3701 661
4719 3347 757
4719 1515 248
4720 3145 329
4720 5464 104
4720 5716 231
4720 4789 999
4720 1915 930
4721 3402 472
4721 507 862
4721 4251 367
4721 3078 575
4721 1965 615
4721 4696 464
4722 1081 420
4722 1414 125
4722 4495 131
4723 3353 669
4723 1389 924
4723 4698 290
4723 5805 747
4723 2465 628
4723 935 116
4723 5206 448
4724 2809 955
4724 6029 667
4724 5747 514
4724 6077 663
4724 1444 83
4724 3413 509
4724 3155 283
4724 3292 118
4724 4347 937
4724 6319 961
4725 4564 252
4725 1230 494
4725 4416 806
4725 2629 543
4725 1723 276
4726 1564 57
4726 3070 486
4727 3871 571
4727 7180 884
4727 4067 534
4727 6469 357
4727 3281 784
4727 5449 494
4727 1102 454
4727 848 733
4727 6033 704
4728 6609 843
4728 5065 324
4728 4698 151
4728 4148 533
4729 5336 478
4729 5039 439
4730 7253 650
4730 1327 716
4730 2063 773
4730 3136 119
4730 3331 339
4731 2934 215
4731 5564 578
4732 6569 324
4732 3745 755
4732 7805 996
4733 5109 63
4733 6149 992
4734 4880 695
4734 5356 727
4734 4638 262
4734 2310 122
4735 232 510
4735 5673 854
4735 6428 837
4735 7223 153
4735 3636 447
4736 1798 358
4736 3184 726
4737 1970 656
4737 4762 1
4737 7729 575
4738 3332 97
4738 7002 899
4738 7503 283
4738 5799 568
4738 152 634
4738 2571 989
4739 6946 598
4739 1605 282
4739 3514 593
4739 6208 376
4740 2997 783
4740 2754 83
4740 5811 881
4740 1669 606
4741 6364 639
4742 3808 773
4742 4645 327
4743 4896 591
4743 2397 921
4743 2399 175
4743 5110 341
4743 4557 396
4743 2786 174
4744 2201 358
4744 586 974
4744 2318 859
4744 1152 723
4745 1626 958
4746 979 713
4746 3389 151
4747 6215 721
4747 2910 13
4747 6731 302
4747 6968 976
4748 3915 843
4748 6677 503
4748 5708 932
4749 5826 234
4749 494 890
4749 756 396
4749 2965 367
4749 1345 683
4750 6407 70
4750 3117 447
4750 3604 12
4751 2759 679
4751 5654 205
4751 3964 103
4751 1910 542
4751 2261 743
4752 4885 268
4752 1456 417
4752 178 76
4752 742 435
4752 1825 480
4752 4877 468
4754 3192 155
4754 6766 96
4754 4302 442
4754 5152 508
4755 1784 700
4755 2387 222
4755 6716 814
4755 7194 947
4755 1983 525
4755 7866 925
4755 6960 759
4756 7315 829
4756 2939 671
4756 4275 938
4757 1106 823
4757 1835 459
4758 3177 827
4759 2337 886
4759 978 241
4759 2217 130
4759 4200 860
4759 7869 972
4759 789 870
4760 7408 811
4760 992 601
4760 3705 959
4760 3411 964
4761 2799 494
4761 6941 822
4761 575 951
4762 7140 961
4762 3653 366
4763 2624 589
4763 425 79
4763 5878 708
4763 1204 711
4763 4489 558
4764 886 851
4764 1084 239
4765 6079 520
4765 7447 213
4765 2850 35
4766 195 626
4766 7019 765
4767 5562 910
4767 6897 656
4767 1456 781
4768 6728 419
4768 4480 789
4768 7500 593
4769 5428 984
4769 4593 814
4770 4351 607
4770 5312 891
4770 5269 741
4771 1008 592
4771 3121 862
4772 3789 403
4772 1970 435
4772 2206 40
4772 3289 12
4772 6027 715
4772 1179 846
4773 5869 984
4773 1715 255
4773 7092 55
4773 1155 22
4773 2242 383
4773 6911 337
4774 2160 534
4774 6287 344
4774 7255 37
4774 444 748
4774 1494 866
4774 6378 552
4775 7698 199
4775 7631 32
4775 3027 866
4776 3373 79
4778 664 351
4779 5412 283
4779 6732 576
4779 5284 724
4780 3476 745
4780 97 509
4780 243 457
4780 1893 324
4780 7012 367
4780 6563 228
4781 6885 281
4781 2042 268
4781 6245 949
4781 1277 172
4782 955 925
4783 5018 316
4783 5002 930
4783 3817 817
4783 5608 881
4783 1373 252
4783 7532 614
4785 4819 615
4785 2553 289
4785 5806 633
4785 2277 284
4785 5441 676
4786 6368 383
4786 7950 621
4786 2919 197
4786 3119 297
4786 5176 255
4787 1860 473
4787 3082 703
4787 7684 584
4787 58 35
4788 7449 887
4788 4611 425
4788 4553 948
4788 5556 4
4788 4128 180
4789 686 111
4789 6472 328
4789 6778 552
4790 861 919
4790 7692 254
4790 7779 308
4790 4909 594
4790 5847 573
4791 6791 750
4791 5200 819
4791 5694 207
4792 1682 530
4792 5950 480
4792 2689 602
4792 5166 5
4792 714 101
4793 4169 515
4793 1505 604
4793 1002 41
4794 6584 244
4794 4875 226
4794 4077 268
4794 7115 534
4795 1748 673
4795 483 203
4795 2493 516
4796 1668 86
4796 4049 84
4796 3007 416
4796 1291 581
4797 4621 323
4797 1825 254
4797 2163 582
4797 7636 378
4797 1981 526
4798 2335 723
4798 4907 617
4798 2916 121
4799 4428 513
4800 1855 440
4800 1122 623
4801 968 213
4801 1215 556
4802 7839 263
4802 369 337
4802 2675 622
4803 6697 959
4803 6239 271
4803 3989 974
4804 3845 125
4804 7858 364
4804 5399 561
4804 1402 724
4805 3224 622
4805 1968 398
4805 3626 827
4806 1455 734
4806 3777 719
4806 6985 220
4806 3604 817
4806 1429 704
4806 4851 625
4808 3380 631
4809 6864 589
4809 6792 195
4809 7279 294
4809 7264 845
4809 5179 688
4810 761 26
4810 3375 731
4810 1888 290
4810 3003 306
4810 168 104
4812 6998 970
4812 128 392
4812 6029 539
4812 3190 760
4812 6956 198
4813 6456 866
4813 7690 149
4813 7847 487
4813 2465 760
4814 3953 539
4814 7133 42
4814 1225 824
4815 3504 974
4815 6478 57
4815 7623 188
4815 5063 796
4816 3495 182
4817 3900 790
4817 2102 310
4817 6285 659
4817 5554 640
4817 770 747
4817 7757 988
4817 247 613
4818 2423 649
4818 5552 282
4818 5502 932
4818 6986 121
4818 3864 359
4819 378 407
4819 7499 728
4819 6569 323
4819 6751 20
4819 1533 313
4819 5842 358
4819 1386 591
4820 67 249
4820 575 547
4820 1888 410
4821 4971 804
4821 1819 98
4822 6192 367
4822 5045 539
4822 2732 312
4822 7736 999
4823 2598 631
4823 6131 167
4823 31 904
4823 6299 394
4823 3248 304
4823 4179 962
4824 2874 590
4824 7276 971
4824 1010 613
4824 5379 4
4825 5087 454
4826 5624 293
4827 4451 592
4827 7992 484
4828 3962 848
4828 1613 111
4828 4402 715
4829 391 811
4829 6514 157
4829 6113 974
4829 7813 747
4829 7315 441
4829 4613 502
4830 1313 677
4830 1351 113
4831 1043 431
4831 3993 221
4831 661 454
4831 5920 306
4831 5757 760
4831 7802 229
4832 1422 873
4832 6217 668
4832 3147 126
4832 3191 554
4832 7699 529
4832 6214 358
4833 4136 783
4833 2954 874
4833 3959 457
4834 7416 659
4834 817 695
4835 6135 565
4835 5627 41
4835 504 316
4836 5545 458
4836 1262 559
4836 3927 476
4836 81 990
4836 3557 512
4836 7676 600
4836 2002 217
4837 3669 259
4837 857 291
4837 1404 652
4837 4652 977
4837 6819 171
4838 7103 231
4838 7262 328
4838 5171 991
4838 3233 17
4838 6325 118
4839 7034 67
4839 7903 324
4839 6175 135
4840 3726 458
4840 6634 415
4840 7419 634
4842 2737 528
4842 5045 463
4842 7779 211
4843 5930 38
4843 6567 325
4843 7145 534
4843 7710 37
4844 6346 829
4844 4402 338
4844 7692 822
4845 1719 478
4845 5028 866
4846 608 411
4846 4126 507
4846 3941 213
4846 3680 184
4846 1900 872
4847 7678 179
4847 6472 747
4847 4104 617
4847 3570 846
4848 6773 878
4848 6088 612
4848 2342 72
4848 1368 193
4848 7126 700
4848 6580 437
4849 1096 201
4849 4128 584
4849 4007 411
4849 7916 368
4850 2794 822
4850 734 814
4850 2305 570
4850 3567 287
4850 4267 116
4850 3318 284
4851 1350 198
4851 6288 83
4851 2851 646
4851 5513 462
4851 179 197
4851 757 793
4852 4178 378
4852 96 721
4852 2574 249
4852 7954 867
4852 647 584
4852 2468 125
4853 5122 828
4853 389 853
4855 5284 804
4855 2512 157
4855 3651 243
4855 911 508
4855 6367 7
4855 1942 158
4855 5176 964
4855 1105 898
4855 1625 808
4856 7964 684
4856 7315 13
4856 6200 968
4856 2671 195
4856 4280 65
4856 2557 157
4857 3519 355
4857 226 758
4857 2912 430
4857 1212 666
4857 5475 339
4857 6715 683
4858 4030 223
4858 5900 425
4858 7490 777
4859 7669 680
4859 7422 412
4859 3122 798
4860 4879 212
4860 7451 876
4860 5071 724
4861 4114 38
4861 6086 410
4861 7097 33
4861 3708 917
4862 4761 534
4862 4498 983
4862 7712 942
4863 7211 884
4863 4196 765
4863 2061 390
4864 4424 994
4864 6006 827
4865 2610 209
4865 1542 977
4865 2851 335
4865 6852 355
4865 6075 603
4865 5746 891
4865 5145 900
4866 566 314
4866 973 5
4866 4574 469
4866 6476 561
4867 5385 207
4867 185 168
4868 1187 281
4868 3568 477
4868 2700 923
4869 1588 624
4869 4007 916
4869 2032 992
4869 6516 103
4869 2383 956
4869 1352 444
4869 3350 525
4870 3334 997
4870 2838 763
4870 3984 539
4871 6430 692
4871 4110 735
4871 4266 907
4871 564 869
4871 6976 979
4872 4455 732
4872 3426 488
4872 2090 295
4872 3424 947
4872 6928 527
4873 7515 917
4873 5088 702
4873 4261 452
4873 7863 382
4874 3210 414
4874 6167 192
4874 6225 21
4874 2289 570
4875 2615 611
4875 163 765
4876 7720 565
4876 6404 875
4877 3934 5
4877 1984 295
4877 2575 45
4877 5641 707
4877 1643 908
4877 5026 27
4878 6945 355
4878 2451 303
4879 5730 299
4879 2887 78
4880 706 502
4881 3045 576
4882 121 865
4882 6405 858
4882 3280 644
4882 3379 112
4882 4580 317
4882 218 605
4882 6784 144
4883 3364 222
4883 1262 814
4883 7965 461
4883 7621 467
4883 67 699
4883 1236 632
4883 106 664
4884 6726 704
4885 5333 388
4885 340 264
4885 3967 856
4885 6452 478
4885 1221 746
4885 4445 595
4885 1685 811
4885 1090 984
4886 7587 533
4886 5680 16
4886 1388 304
4887 5151 786
4887 7887 954
4887 2442 619
4888 7652 789
4888 1558 229
4888 1622 444
4889 5225 959
4889 7154 488
4889 1881 987
4889 7345 811
4889 1801 545
4889 4981 824
4890 5728 74
4890 3436 648
4890 1269 344
4890 7429 274
4890 936 211
4891 839 449
4891 5222 179
4891 5959 678
4891 469 963
4892 7843 850
4892 3221 263
4892 5860 378
4892 881 140
4892 6877 409
4893 6012 720
4893 3500 746
4893 4584 13
4893 383 880
4894 5820 493
4894 5531 323
4894 3402 273
4894 7721 561
4894 6388 479
4894 4795 57
4894 5840 90
4894 5550 402
4894 4817 689
4894 7506 346
4895 122 3
4895 3111 1
4895 5942 660
4896 1766 515
4896 5767 927
4896 1100 629
4897 909 433
4897 1367 614
4897 5762 965
4897 7552 337
4898 3784 47
4898 3598 754
4898 3093 764
4898 6599 199
4899 1985 767
4899 1610 71
4899 1859 366
4899 4434 118
4899 6832 341
4900 4256 120
4900 7717 157
4900 2328 465
4901 3495 564
4901 7986 568
4902 3206 98
4902 4133 841
4902 4866 533
4902 3751 767
4903 7795 116
4903 6468 471
4903 4196 878
4903 2519 307
4903 527 577
4904 4766 353
4904 5458 719
4904 1337 839
4905 1847 558
4905 3870 813
4905 5368 106
4905 2035 734
4906 5381 995
4906 5722 185
4906 3128 75
4906 7996 548
4906 1584 906
4906 3896 32
4906 5465 658
4907 2199 3
4907 6182 209
4907 4126 112
4907 4908 625
4908 3935 520
4908 5162 863
4908 2055 175
4908 678 997
4908 7430 555
4908 1535 426
4909 1353 226
4909 6738 968
4909 5547 122
4910 5360 668
4910 2871 853
4910 3332 846
4910 7776 472
4910 6238 671
4911 5849 203
4911 383 48
4911 5876 234
4911 504 336
4911 2246 235
4911 1262 160
4912 3566 474
4912 601 956
4913 7334 379
4913 7350 332
4913 5313 871
4913 3395 248
4913 525 791
4914 1478 105
4914 6903 134
4914 2435 616
4914 1982 875
4914 3521 131
4915 7620 569
4915 5548 874
4916 982 359
4916 2687 880
4916 4869 419
4916 1231 376
4917 295 570
4917 209 207
4917 5998 291
4917 6435 525
4917 3410 983
4917 3705 488
4918 7810 541
4918 3825 903
4919 3449 848
4919 4860 25
4919 5991 192
4920 3218 118
4921 5900 974
4921 5111 485
4921 1513 889
4921 5677 333
4922 4216 441
4922 2678 769
4922 7044 89
4922 7680 187
4922 6126 80
4923 2780 209
4923 4665 505
4923 7113 721
4923 2082 46
4923 4773 822
4923 4406 900
4924 5105 994
4924 4393 364
4925 4879 946
4925 2419 631
4925 5532 625
4925 2361 729
4926 2012 424
4926 2292 179
4926 5362 383
4926 5966 479
4926 5168 382
4926 4155 422
4926 6974 412
4927 3402 426
4927 101 961
4927 2858 369
4928 4816 527
4928 392 435
4928 7783 627
4928 7211 607
4929 5380 305
4929 7267 314
4930 5080 602
4930 6585 703
4930 5073 624
4930 4046 981
4932 2650 346
4932 7251 569
4933 7536 490
4933 3453 959
4933 1334 19
4934 5988 62
4935 1987 381
4935 4018 943
4935 2927 116
4935 380 620
4935 1127 265
4936 2245 940
4937 3803 437
4937 774 77
4937 1275 856
4937 6367 274
4937 1982 848
4937 890 381
4938 4888 193
4938 1535 917
4938 6081 476
4938 1446 144
4938 5674 430
4938 7410 317
4938 7057 761
4939 891 818
4939 2508 652
4939 6252 358
4939 5799 10
4940 7122 687
4940 3528 813
4940 4655 38
4941 4398 713
4941 4577 53
4941 782 249
4941 763 323
4941 5344 880
4942 7404 210
4942 6346 820
4942 4792 822
4942 1647 160
4943 1550 378
4943 3907 928
4943 6347 359
4944 4660 393
4944 1519 89
4944 5473 759
4944 6173 791
4944 5998 101
4944 3722 710
4944 4922 687
4945 4940 535
4945 3338 528
4945 6971 495
4945 5327 897
4945 6231 764
4945 7758 151
4945 140 695
4946 5846 503
4946 892 740
4946 6501 210
4947 4817 513
4947 6710 548
4947 1578 923
4947 4289 872
4947 5889 22
4948 5955 707
4948 14 224
4948 4216 765
4948 2197 317
4949 2434 155
4949 1414 821
4949 4319 54
4949 7951 901
4949 3123 456
4949 7408 775
4950 3219 580
4950 6826 789
4950 5824 685
4950 4281 893
4951 7927 726
4951 2706 40
4951 365 228
4951 3712 303
4953 146 111
4953 6926 296
4953 6733 869
4953 1877 517
4954 7423 368
4954 5960 639
4954 7988 979
4954 3174 120
4954 1559 509
4955 1120 444
4955 2313 271
4955 2366 510
4956 4180 361
4956 3001 45
4956 6545 941
4957 5634 207
4957 505 727
4957 7820 977
4957 1523 231
4957 5023 342
4958 7889 78
4958 3120 789
4959 5705 253
4959 3298 151
4959 4025 861
4961 617 208
4961 6149 629
4961 679 646
4961 7624 313
4961 3528 583
4961 6014 642
4961 4468 782
4961 7656 403
4961 5775 151
4961 105 608
4962 4034 344
4962 1053 367
4963 5360 669
4963 2234 851
4963 4218 241
4964 417 857
4964 4933 774
4965 4300 958
4965 388 542
4965 2487 629
4965 2607 148
4965 2953 23
4966 322 502
4966 3497 601
4966 4612 309
4966 909 63
4967 7656 559
4967 5294 991
4967 2267 811
4967 84 542
4968 378 46
4968 3771 838
4968 2690 587
4968 5112 886
4969 3698 920
4969 1523 408
4969 6328 399
4970 3770 387
4970 6783 331
4970 6158 279
4970 246 269
4970 2046 350
4970 936 865
4971 4634 799
4971 362 73
4972 4331 776
4972 6019 415
4973 3432 638
4973 268 398
4973 6059 700
4974 1162 952
4974 5007 493
4974 7593 903
4974 7986 876
4974 1442 800
4974 539 172
4974 3219 678
4975 1787 904
4975 5444 867
4975 3565 707
4975 959 780
4975 6189 210
4976 1554 735
4976 3167 369
4976 3504 904
4977 5983 734
4977 5990 622
4977 3963 895
4978 3787 980
4978 3564 921
4979 3969 60
4979 4844 955
4979 5465 227
4980 6839 742
4980 2013 267
4980 2326 842
4980 5039 580
4980 5904 639
4981 5683 511
4981 6629 312
4981 521 225
4981 4574 294
4981 4736 553
4981 6542 684
4982 1730 845
4982 4609 469
4982 5211 945
4983 3921 796
4983 1952 662
4983 7044 842
4984 1528 826
4984 4546 899
4984 3342 663
4984 6638 262
4985 3182 858
4985 7336 20
4985 3421 826
4985 5246 805
4986 5474 429
4986 3757 413
4987 3448 607
4987 4731 106
4987 4783 574
4988 5839 504
4988 5444 354
4988 4716 943
4988 1717 407
4989 4675 69
4989 2950 39
4989 4913 191
4989 7682 832
4990 2484 420
4990 1211 754
4990 6527 436
4990 5191 963
4990 6865 389
4990 3636 533
4990 3908 208
4990 4018 441
4990 7671 379
4991 2949 48
4991 7069 475
4991 7094 293
4991 2132 296
4991 6304 440
4992 7882 995
4992 6611 224
4992 1560 823
4992 3873 543
4992 449 219
4992 5546 131
4993 1380 950
4993 2297 430
4993 991 920
4993 3706 177
4993 3207 882
4994 3227 863
4994 1568 724
4994 2035 983
4994 6282 276
4994 1878 114
4995 267 883
4995 4471 647
4996 7079 847
4996 1593 399
4996 6075 990
4997 2401 925
4997 1433 768
4997 5235 864
4997 2710 16
4998 6408 449
4998 1812 770
4998 6860 890
4998 2294 570
4999 5773 73
5000 741 617
5001 1741 540
5001 5811 721
5002 5196 570
5002 7027 110
5002 1316 421
5003 3903 24
5003 4933 156
5003 2305 340
5003 7354 941
5004 1091 91
5004 1669 811
5004 72 899
5004 3109 261
5004 7389 54
5004 551 619
5005 1908 181
5005 6910 508
5005 1804 344
5005 499 785
5005 4538 342
5005 1981 549
5006 5479 515
5006 1635 887
5006 6390 833
5006 4341 496
5007 2032 748
5007 2620 232
5008 7217 511
5008 2946 949
5009 3411 583
5009 3062 550
5010 7406 507
5010 502 345
5010 1290 292
5011 5900 331
5011 7355 279
5011 352 956
5011 516 957
5012 6442 100
5012 210 988
5012 3538 506
5012 273 603
5012 3205 725
5012 4874 990
5012 1078 671
5012 6055 403
5013 3304 576
5013 5590 84
5013 256 584
5014 1137 160
5014 3980 700
5015 3731 507
5015 4441 57
5016 5198 58
5016 5658 421
5016 5433 574
5016 4515 43
5017 5435 240
5017 1248 243
5018 7398 66
5018 786 844
5018 3802 67
5019 3100 697
5020 6949 2
5020 4291 879
5020 1278 374
5020 3055 266
5021 4268 808
5021 5022 105
5021 7283 534
5021 542 403
5021 5817 942
5021 272 233
5021 5285 327
5021 1438 659
5022 636 583
5022 7579 7
5022 7100 33
5022 2274 754
5022 4023 957
5022 3300 964
5022 467 78
5022 4810 727
5023 6771 149
5023 2078 286
5023 950 378
5023 2522 782
5023 4076 775
5023 2939 186
5023 3457 941
5023 4640 360
5023 4916 519
5023 6183 120
5024 1947 521
5024 3113 709
5024 6786 949
5024 279 603
5024 7998 879
5024 302 108
5024 2990 309
5025 5877 978
5025 3133 745
5025 7335 843
5026 2343 608
5026 6512 634
5026 5375 155
5026 7914 669
5026 4852 834
5026 2833 46
5026 7062 233
5027 5950 190
5027 2397 666
5027 7641 708
5027 3801 597
5027 5310 291
5027 5457 96
5028 7949 857
5028 7144 418
5029 2196 629
5029 4379 12
5029 2924 532
5030 4690 582
5030 3417 285
5031 5376 946
5031 6044 447
5031 6240 78
5031 2437 971
5031 7081 664
5031 7415 817
5031 5227 208
5032 1530 511
5032 5880 808
5033 6885 478
5033 4873 868
5034 2135 904
5034 1235 729
5034 6144 254
5034 5106 878
5034 2302 871
5035 1933 701
5035 3223 531
5035 4634 188
5035 1605 274
5035 5832 143
5036 7637 935
5036 4084 686
5036 6809 76
5036 6415 122
5036 4969 734
5036 784 788
5036 3095 968
5036 4816 862
5036 7398 161
5036 7696 890
5037 7870 110
5037 149 393
5037 4765 699
5037 1999 297
5038 0 753
5038 6007 576
5038 5251 619
5038 6373 8
5039 4253 677
5039 2860 306
5039 7403 106
5040 1022 681
5040 1938 442
5040 1984 549
5040 4055 800
5040 5658 18
5040 1400 276
5041 3379 204
5041 2038 89
5041 1636 687
5041 4631 410
5041 6947 284
5042 3 853
5042 2349 781
5042 4644 606
5043 714 992
5043 4012 981
5043 1987 368
5043 6808 228
5043 6 462
5043 6634 820
5043 6463 605
5044 3912 142
5044 6479 48
5044 7921 557
5044 500 877
5044 5006 913
5045 6618 351
5045 1616 203
5045 6727 294
5046 7143 591
5047 3774 424
5047 3575 13
5047 880 399
5047 2982 865
5047 4523 25
5048 3587 729
5048 5129 979
5048 4664 757
5049 4279 987
5049 5101 780
5049 75 310
5049 3635 983
5049 7595 640
5049 5955 994
5049 4694 39
5049 4158 665
5049 7041 432
5049 6857 84
5050 6950 908
5050 5640 640
5050 2449 388
5051 3096 678
5051 3823 55
5051 1261 436
5051 2165 280
5051 3781 927
5051 5252 425
5052 7144 854
5052 912 374
5052 5062 974
5052 3359 42
5052 137 53
5053 7803 989
5053 4736 197
5054 2660 834
5054 4709 630
5054 7126 553
5054 371 199
5055 5565 591
5055 6729 833
5055 4028 967
5056 3320 695
5056 6677 837
5056 945 731
5056 4271 135
5057 4981 534
5057 2717 307
5057 4239 390
5057 5431 538
5057 6226 409
5057 6293 497
5057 1402 539
5058 6520 93
5058 3020 650
5058 7937 966
5059 2277 316
5059 2852 189
5059 2414 579
5060 4985 765
5060 6111 625
5060 4681 5
5060 1616 490
5060 482 812
5060 6539 266
5060 5247 662
5060 1801 299
5060 61 651
5061 5509 403
5061 7734 177
5061 7962 568
5061 2030 202
5062 7410 210
5062 1378 762
5062 7886 898
5063 681 887
5063 1752 619
5063 6812 44
5064 1405 83
5064 7772 465
5064 2893 529
5064 1730 76
5064 7803 559
5065 5993 441
5065 3775 248
5065 239 792
5065 7457 33
5065 4731 698
5066 7618 764
5066 6891 335
5066 4177 186
5067 1798 738
5067 1647 439
5067 3527 569
5067 4836 159
5067 7561 277
5068 2045 665
5068 3931 325
5068 3311 121
5068 6301 731
5068 6495 895
5069 4173 347
5069 7482 650
5069 2324 330
5069 2862 488
5069 2748 880
5070 3974 175
5070 2295 27
5070 4175 871
5070 2342 639
5070 1646 675
5070 3491 601
5070 4253 457
5071 1068 629
5071 7077 722
5071 3823 559
5071 1956 539
5073 2249 408
5073 6671 956
5073 5516 80
5073 6160 927
5073 3666 648
5073 5911 450
5074 862 820
5074 1970 46
5075 202 470
5075 4042 900
5076 2522 129
5076 6642 17
5076 3360 78
5076 2228 998
5077 1240 480
5077 7895 943
5077 1243 195
5077 1986 873
5077 6676 469
5077 7645 388
5078 5551 203
5078 5701 617
5078 6208 664
5078 7536 329
5078 2089 309
5079 5279 741
5079 4447 29
5079 2277 152
5079 2458 524
5079 4926 139
5079 147 112
5080 2134 350
5080 5342 203
5080 6373 71
5080 6547 662
5080 4213 688
5080 1383 237
5080 7509 323
5081 1179 571
5081 1533 534
5081 639 509
5081 52 770
5082 1116 227
5082 1285 865
5082 6599 274
5083 7189 622
5084 4515 119
5084 7868 940
5084 4458 183
5085 6747 657
5085 6054 115
5085 7452 838
5085 4548 777
5085 7340 942
5086 1215 471
5086 2914 13
5086 7710 397
5086 310 498
5086 7083 885
5087 5482 807
5087 6689 921
5087 6030 714
5087 5640 789
5087 5387 500
5087 4494 891
5088 604 906
5088 5240 340
5088 5103 406
5088 3934 994
5088 6059 161
5089 5104 880
5089 838 624
5089 2937 972
5089 3260 650
5089 6726 836
5089 2201 16
5090 6802 297
5090 3006 807
5090 6325 996
5091 3377 749
5091 3511 324
5091 5722 205
5091 826 801
5091 4524 365
5091 6358 330
5092 7867 761
5092 6441 939
5092 7779 244
5092 3113 841
5092 7029 715
5093 7076 54
5093 326 297
5093 3752 954
5094 767 150
5095 5572 119
5095 3292 179
5095 4489 290
5095 4469 841
5095 1995 852
5096 145 59
5096 3663 808
5096 3553 849
5096 3533 301
5096 2867 669
5096 2117 599
5096 2210 571
5096 6404 272
5096 2945 832
5097 3598 941
5097 4049 648
5097 6417 495
5097 5062 317
5097 3692 684
5097 4158 870
5097 2804 565
5098 1204 91
5099 5965 152
5099 831 974
5099 3869 228
5099 7542 218
5099 939 558
5099 5030 921
5100 4693 432
5100 1181 197
5100 1687 1
5100 1717 176
5100 3583 141
5101 4394 643
5101 4752 441
5101 699 517
5101 4655 401
5102 3876 111
5102 4166 323
5102 1074 166
5102 5486 235
5103 6721 101
5103 5276 48
5104 3277 279
5104 5852 172
5104 5722 721
5104 4911 693
5104 7524 856
5104 7987 472
5104 6083 99
5104 1456 196
5105 1465 774
5105 5508 514
5105 2914 794
5105 471 225
5106 5024 325
5107 6776 999
5107 1492 520
5108 1532 361
5108 6039 913
5108 2533 659
5108 7338 130
5108 5121 212
5108 7487 918
5109 3493 88
5109 6246 909
5109 2779 745
5110 3216 686
5110 1817 588
5110 1910 62
5110 5757 80
5110 7353 571
5110 1273 552
5111 2817 879
5111 100 274
5111 6071 494
5112 5996 390
5112 2597 376
5113 7375 920
5113 1396 907
5113 1117 643
5113 1480 513
5113 5839 595
5114 2846 454
5114 1613 560
5114 3559 534
5114 4303 690
5114 450 241
5115 2298 207
5115 3696 98
5115 1914 892
5115 6587 669
5115 2379 645
5115 1236 82
5116 1928 492
5116 7539 157
5116 880 211
5116 3010 125
5117 5678 597
5117 6452 535
5117 7851 212
5118 5960 10
5118 5030 305
5118 2567 695
5118 1446 843
5118 7462 141
5118 416 850
5118 3434 233
5119 6971 838
5119 3150 346
5119 7815 114
5120 6010 605
5120 1321 609
5121 3704 989
5121 4707 224
5121 2355 897
5121 7919 948
5121 480 180
5122 1881 160
5122 6283 966
5122 2058 554
5123 6782 284
5123 1758 362
5123 6181 221
5123 1315 226
5123 2564 418
5123 7595 197
5123 4203 695
5124 3938 701
5124 7352 73
5125 3839 774
5126 5226 504
5126 1136 155
5126 6703 464
5126 2654 999
5126 6060 481
5127 4422 12
5127 3202 226
5127 253 579
5127 7412 572
5128 707 161
5128 456 357
5128 6816 74
5128 6054 743
5128 7484 534
5128 6365 179
5128 1485 955
5129 3982 294
5129 5243 883
5129 2262 844
5129 7371 484
5129 6528 434
5129 4320 672
5130 3302 676
5130 3883 921
5130 6780 389
5130 5319 751
5130 5279 34
5131 5966 51
5131 5124 149
5132 7771 38
5132 4925 732
5132 734 224
5132 1735 558
5133 2113 873
5133 3858 167
5134 4489 810
5134 6395 451
5134 4070 494
5134 453 921
5134 362 32
5134 2070 923
5134 1544 220
5135 5904 163
5135 6495 24
5135 7159 396
5135 1040 704
5135 2669 195
5136 7650 674
5136 326 479
5138 5161 453
5138 667 332
5138 2876 8
5139 387 214
5139 298 733
5139 7348 208
5139 6996 346
5139 5128 578
5140 3119 709
5140 6378 702
5141 7957 814
5141 789 727
5141 972 543
5141 2247 208
5141 7704 582
5141 6879 102
5142 4662 649
5142 3434 429
5142 1577 829
5142 3920 988
5142 7813 825
5143 2262 153
5143 2116 392
5143 3559 908
5144 3808 301
5144 7342 706
5144 3247 86
5144 6236 702
5144 6657 356
5144 335 44
5145 3610 877
5145 1030 857
5146 3257 886
5146 3801 99
5146 836 10
5146 2358 59
5146 5980 111
5147 2703 810
5148 78 305
5148 5316 193
5148 1917 791
5148 3651 425
5148 405 920
5148 5850 367
5149 1766 399
5149 1579 957
5149 6314 64
5149 825 317
5150 7434 203
5150 6413 57
5150 6599 922
5150 6812 725
5150 5895 510
5151 7488 672
5151 6530 884
5151 888 279
5151 3319 386
5152 2737 813
5153 5358 916
5153 6960 171
5153 7251 412
5154 5931 276
5154 4855 483
5154 6874 100
5154 5850 219
5154 3583 236
5154 7266 207
5155 3999 793
5155 2206 833
5155 738 265
5155 1742 141
5155 5811 242
5155 6486 149
5156 6833 183
5156 6072 242
5156 5997 417
5157 6969 74
5157 3265 361
5157 3879 997
5158 5240 767
5158 2378 386
5158 757 962
5158 3026 83
5159 3240 499
5159 5349 840
5159 7154 63
5159 5868 424
5159 5715 730
5160 6949 33
5160 1554 888
5160 5311 511
5161 7365 134
5161 3356 54
5161 2013 372
5161 4185 211
5162 7432 958
5162 6306 485
5163 7525 111
5163 7988 993
5163 4910 434
5164 1440 134
5164 5701 600
5164 5875 920
5164 4994 339
5165 7986 266
5165 7104 446
5166 1301 86
5166 1095 692
5166 5956 259
5166 5627 699
5166 3923 683
5167 3819 257
5167 7668 954
5168 1372 548
5168 3414 671
5168 2877 516
5168 768 382
5169 202 729
5169 3323 196
5169 4332 275
5169 3676 151
5170 4054 113
5170 4797 796
5171 4026 837
5171 6044 287
5172 1962 329
5172 1988 378
5172 4760 645
5172 6693 607
5172 7735 555
5173 5492 131
5174 5400 220
5174 3364 941
5175 2832 364
5175 785 54
5175 1880 601
5175 35 792
5176 5348 551
5177 6600 805
5177 1418 472
5177 3514 719
5177 4535 122
5178 1583 402
5178 3827 517
5178 1388 624
5178 2343 206
5178 2783 788
5178 5488 909
5179 5177 926
5180 2821 192
5180 4840 280
5180 1913 769
5180 5043 136
5180 1968 931
5181 651 753
5181 7769 624
5182 580 930
5183 6428 642
5183 6757 812
5183 4057 124
5183 4634 910
5183 7684 263
5183 3128 33
5183 5721 804
5183 5279 968
5184 6015 803
5184 4741 200
5184 7374 407
5184 4310 788
5184 2254 469
5184 7183 202
5184 6221 708
5185 3420 765
5185 4413 317
5186 185 127
5186 3757 817
5186 2304 982
5186 2919 399
5187 2178 678
5187 6370 339
5188 7386 32
5188 4547 974
5189 2154 701
5189 5400 217
5189 3362 810
5189 2748 61
5189 2651 155
5189 4375 884
5190 5659 996
5190 539 363
5190 1640 662
5190 1694 791
5190 4967 893
5190 3631 275
5190 1617 307
5191 7191 640
5191 2845 513
5192 5019 929
5192 4399 153
5193 2537 672
5193 6491 470
5194 3586 965
5194 6588 651
5194 7577 374
5195 3307 346
5195 3648 441
5195 518 726
5195 1785 493
5196 1058 283
5196 2059 821
5196 2593 469
5197 2095 496
5197 3054 89
5197 1202 298
5197 1353 777
5197 3743 458
5197 7828 468
5197 5414 490
5198 4856 657
5199 2187 670
5199 414 658
5199 6042 962
5199 3430 920
5199 4762 443
5199 5438 492
5199 4692 757
5199 7972 731
5199 558 118
5200 3482 454
5200 3482 60
5200 5003 915
5200 3476 854
5200 4594 535
5200 7230 893
5200 2267 642
5200 2431 548
5200 5189 983
5201 5793 200
5201 4315 644
5201 7308 146
5201 3513 998
5201 4543 416
5201 7606 107
5202 4766 317
5202 2108 639
5202 4934 936
5202 6472 813
5202 5981 174
5202 5492 18
5202 2798 803
5203 7771 500
5203 1678 984
5203 828 597
5203 556 537
5204 4974 593
5204 6423 969
5204 4494 737
5204 3277 789
5205 5512 50
5205 2661 320
5205 1685 978
5205 4906 187
5205 7384 642
5205 44 540
5206 6901 173
5206 7731 68
5206 5814 913
5207 2545 122
5207 1731 297
5208 840 178
5208 3860 428
5209 2793 433
5209 7838 279
5209 456 810
5209 1416 971
5209 983 473
5210 4620 886
5210 7558 397
5210 6842 127
5210 5331 121
5210 7092 531
5211 7106 230
5211 1554 661
5211 3775 830
5212 10 655
5212 4219 250
5213 1633 835
5213 5949 594
5213 6371 774
5213 7842 246
5213 6986 957
5213 3569 111
5213 7300 161
5213 5984 49
5214 6988 693
5214 7080 958
5214 1996 160
5214 2247 802
5214 1426 473
5214 6888 254
5214 4753 329
5215 7848 660
5216 6464 866
5217 4055 883
5217 7636 33
5217 15 650
5217 4803 891
5217 3045 983
5217 7850 78
5218 2339 241
5218 4923 700
5218 275 358
5218 3347 11
5218 3379 216
5219 3558 804
5219 7104 164
5220 7797 774
5220 3991 775
5220 3965 525
5221 181 505
5221 235 806
5221 4928 164
5221 2765 901
5221 7997 213
5221 3819 10
5222 4030 61
5222 7913 396
5222 1710 399
5222 289 475
5223 7001 1000
5223 6116 190
5224 1701 851
5224 2515 170
5224 1646 463
5224 4743 187
5224 200 949
5224 3038 520
5225 6767 281
5225 2451 629
5226 1816 946
5226 1581 111
5226 7932 698
5226 1140 735
5227 3132 114
5227 7879 165
5228 4568 556
5228 2960 822
5228 457 340
5228 5333 529
5228 5533 775
5228 850 454
5229 3212 809
5230 6893 440
5230 3881 51
5230 5225 395
5231 7159 779
5233 1716 907
5233 5471 504
5233 6907 267
5234 2816 324
5235 7426 928
5235 6280 622
5236 1112 260
5236 623 342
5237 4215 131
5237 2476 252
5237 5601 129
5237 2385 620
5238 686 7
5238 2951 494
5238 1932 311
5238 7800 820
5239 3169 240
5240 240 115
5240 5288 515
5241 5995 907
5241 5285 726
5241 2006 567
5241 4444 850
5241 7401 927
5242 4096 230
5242 6613 190
5242 4163 251
5242 5317 417
5242 612 843
5243 6282 266
5243 4389 710
5243 5018 867
5243 3690 160
5243 2800 826
5244 6405 484
5244 2927 863
5244 586 613
5244 7187 352
5245 6048 755
5245 7788 885
5245 2241 972
5245 5896 441
5246 2981 944
5246 63 495
5246 122 286
5246 1668 259
5246 5742 593
5246 1164 38
5246 7663 180
5247 2960 962
5247 557 708
5247 1289 129
5247 4879 328
5247 5005 914
5247 3868 919
5247 6045 218
5247 1528 293
5248 4435 83
5248 5842 692
5248 1575 595
5248 1739 703
5248 5366 853
5248 37 288
5248 374 598
5249 3813 707
5249 3504 913
5249 2915 688
5250 5656 669
5250 3413 622
5251 905 697
5251 6798 924
5251 7486 293
5251 2938 715
5251 2239 913
5252 5941 284
5253 1898 860
5253 1611 796
5253 4299 995
5253 2645 812
5253 12 922
5253 874 380
5255 2362 315
5255 1280 318
5255 6322 185
5255 2269 848
5255 7309 656
5256 7955 256
5256 2912 223
5256 5104 155
5256 3780 650
5256 1654 750
5257 1533 697
5257 2538 498
5257 3986 447
5257 4677 193
5257 3977 446
5258 4238 289
5258 6825 454
5258 2584 595
5258 7250 466
5258 1705 263
5259 3689 23
5260 322 105
5260 211 24
5260 4022 362
5260 272 617
5261 6255 317
5261 537 861
5261 6884 169
5262 171 858
5262 4878 591
5262 6540 539
5262 1978 673
5262 468 458
5263 6263 683
5263 5582 130
5264 5220 904
5264 4778 837
5264 5856 354
5264 5560 873
5265 3604 898
5265 4327 702
5266 5908 672
5266 1668 411
5266 1794 782
5266 7803 180
5267 4659 849
5267 2198 584
5268 440 166
5268 6741 673
5269 6318 360
5269 6623 812
5269 7375 713
5269 2862 50
5269 7809 308
5270 2914 541
5270 554 774
5270 6643 996
5270 2088 648
5270 1561 456
5270 3836 469
5270 6105 514
5270 4028 664
5271 5964 301
5271 6987 706
5271 734 596
5271 6869 897
5272 6924 489
5272 6724 250
5272 5956 808
5273 6919 804
5273 3774 280
5273 299 533
5273 2965 63
5273 5641 563
5273 5877 735
5273 3940 346
5274 2903 377
5274 7032 607
5274 3632 55
5274 4473 205
5275 3639 90
5275 1867 136
5276 7052 769
5276 4601 986
5276 3527 670
5276 4036 469
5276 4770 809
5276 7058 417
5277 6980 597
5277 4005 585
5277 3851 255
5277 5964 509
5278 1787 18
5278 2263 373
5279 2336 545
5279 6036 721
5279 5369 645
5279 290 606
5280 5264 642
5280 4293 711
5280 6093 879
5281 6542 81
5281 5127 438
5282 5386 7
5282 7422 697
5282 2666 671
5282 5178 128
5282 2434 75
5283 1828 816
5283 1908 519
5283 1098 747
5284 2218 875
5284 7054 233
5284 5272 304
5284 5182 441
5284 5101 300
5284 4945 870
5285 1670 782
5285 5862 326
5285 431 986
5285 2805 550
5285 429 59
5286 3424 755
5286 6281 215
5286 7119 839
5287 3143 998
5287 4437 879
5287 152 573
5287 6390 61
5287 7000 895
5287 6950 866
5288 3981 865
5288 7457 773
5288 7642 600
5288 3745 640
5288 3060 214
5288 4741 423
5288 1100 538
5289 6103 440
5289 64 281
5289 3574 128
5289 124 728
5289 1243 511
5290 5100 383
5291 6505 968
5291 7603 383
5292 2049 78
5292 7502 896
5292 182 365
5292 1626 620
5292 3322 900
5293 5545 380
5294 3999 863
5294 5624 899
5294 7620 849
5294 3117 447
5294 4912 661
5294 2641 290
5294 1867 725
5294 3073 274
5294 1462 857
5295 7404 509
5295 2054 691
5295 6998 10
5295 2333 604
5295 6781 902
5296 7280 314
5296 3104 780
5297 2382 472
5297 2671 819
5297 4485 155
5297 2167 975
5297 1992 876
5297 3742 672
5298 6889 720
5298 5475 148
5298 7984 326
5298 6039 278
5298 315 976
5299 5718 747
5300 2411 417
5300 3390 477
5300 3332 311
5300 2387 876
5301 6760 345
5301 2894 596
5301 4841 293
5301 1613 606
5302 17 402
5302 811 346
5302 5982 934
5302 1219 812
5303 3399 348
5303 5322 729
5303 536 663
5303 2350 734
5303 2182 144
5303 1814 247
5304 3594 604
5304 5303 750
5304 1787 684
5304 4754 677
5304 2674 43
5305 4406 602
5305 3046 730
5305 4298 345
5306 5922 209
5306 6060 350
5306 5980 739
5306 7029 589
5307 7422 379
5307 6626 101
5307 3270 163
5307 5525 128
5307 396 373
5308 7391 202
5308 5087 914
5308 2184 401
5308 2363 233
5308 382 870
5309 2812 942
5309 6322 865
5309 7097 103
5309 5428 299
5309 3718 346
5309 1158 565
5310 4522 423
5310 4203 75
5310 5784 406
5310 7195 556
5310 1752 117
5310 1696 345
5311 1828 937
5311 847 606
5311 602 32
5311 4979 899
5311 1803 645
5311 1105 963
5312 6461 568
5312 7529 204
5313 7139 543
5313 6670 790
5313 2279 558
5313 6170 742
5313 7315 22
5313 4092 989
5313 912 813
5314 3952 180
5314 7519 877
5314 246 418
5315 1645 395
5315 397 618
5315 7506 289
5315 7209 660
5315 3167 29
5315 6584 360
5316 3779 344
5316 2630 831
5316 5033 353
5316 1091 278
5317 937 863
5317 5192 966
5317 3333 558
5317 3221 484
5318 3583 201
5318 3011 15
5318 138 889
5319 4723 216
5319 2460 233
5319 397 565
5319 7836 437
5320 3286 172
5320 4461 863
5320 2627 27
5320 7784 292
5321 2378 666
5321 5597 27
5321 1826 218
5321 4718 295
5321 4901 986
5322 7459 195
5322 2891 503
5322 4014 767
5322 1436 287
5322 256 953
5323 831 259
5323 3325 273
5323 3652 904
5323 634 527
5324 1772 859
5324 667 320
5325 6662 31
5326 7886 517
5326 2991 208
5327 6466 392
5327 1750 745
5328 1611 347
5328 3372 672
5328 7161 353
5328 6924 345
5328 4063 522
5329 6369 920
5329 2357 130
5329 5765 107
5329 1801 443
5329 7910 65
5330 841 775
5330 6146 381
5330 7457 370
5330 4786 725
5330 6388 595
5331 5469 926
5331 3523 133
5331 5617 22
5332 4431 820
5332 2221 445
5333 838 472
5333 5500 523
5333 2830 181
5333 1054 994
5333 6298 250
5333 3995 495
5334 7748 185
5334 1333 112
5334 1448 60
5334 2793 220
5334 904 706
5335 711 792
5335 6710 808
5335 7756 57
5335 3550 122
5335 4561 569
5335 1496 521
5336 3328 632
5336 5904 857
5336 708 165
5337 6221 753
5338 7034 202
5338 4187 208
5339 5332 93
5339 2844 956
5339 5629 652
5340 2933 305
5340 879 17
5340 2901 431
5340 458 151
5340 7846 848
5340 7813 675
5341 7029 401
5341 2695 374
5341 2614 821
5341 2874 72
5342 3155 703
5342 6722 768
5342 556 954
5342 7634 555
5342 288 295
5343 3815 594
5343 298 385
5343 2093 484
5343 7143 145
5343 1808 812
5343 3962 132
5343 6968 567
5344 1802 468
5344 892 233
5344 6682 579
5344 5695 767
5344 2966 563
5345 4520 978
5345 1740 793
5345 5697 864
5345 7165 715
5345 2597 243
5345 5721 189
5345 7282 256
5346 2486 74
5346 7311 666
5346 5516 651
5347 1660 177
5347 5975 290
5348 7702 668
5348 4677 992
5348 1466 26
5348 4921 300
5348 5335 935
5349 542 333
5349 185 939
5349 2958 546
5349 4883 221
5350 3784 637
5350 4202 40
5350 1126 347
5350 2432 589
5351 1952 164
5351 5796 31
5352 5991 122
5352 949 516
5352 4944 569
5352 5013 580
5352 4234 502
5352 1312 277
5353 1521 971
5354 605 807
5354 717 470
5354 2020 721
5354 1838 69
5354 676 406
5354 1778 111
5355 884 104
5355 5855 279
5355 1684 953
5355 5003 658
5355 2915 110
5355 6267 760
5355 1874 801
5355 7776 656
5356 6620 855
5356 1298 654
5356 6984 193
5356 2611 277
5356 6626 94
5357 4582 818
5357 7095 895
5357 3071 134
5357 1903 903
5358 7913 144
5358 5016 429
5358 7890 532
5358 1488 280
5358 1618 314
5358 1477 181
5358 2225 859
5358 7389 725
5358 3828 238
5359 398 266
5359 5678 221
5359 7213 786
5360 6381 58
5360 4913 834
5362 4194 562
5362 2294 736
5363 6166 988
5363 6271 3
5363 6836 125
5364 2518 389
5364 5697 585
5364 3428 438
5365 7990 559
5366 5792 953
5366 2465 996
5366 5867 55
5367 4173 767
5367 7663 1
5367 4282 926
5367 6969 260
5368 5045 129
5368 2817 782
5368 5499 588
5369 1145 205
5369 5008 590
5369 7567 84
5369 2947 390
5369 7291 858
5369 1788 519
5369 4878 763
5370 4115 666
5370 55 93
5370 7770 518
5371 3802 561
5371 7935 654
5371 883 714
5371 4092 283
5372 6101 674
5372 7047 902
5372 5612 274
5372 1596 791
5372 2476 643
5373 3399 147
5373 5427 803
5373 480 261
5374 6379 124
5374 5144 202
5374 2290 629
5374 4027 359
5374 3268 650
5374 4129 805
5374 4241 750
5375 2995 12
5375 7936 276
5375 5607 974
5375 3117 264
5375 3427 580
5376 4645 526
5376 5777 395
5376 2880 224
5377 2095 745
5377 6961 905
5377 4875 522
5377 2150 619
5377 1161 399
5379 4118 33
5381 7278 807
5381 4421 567
5381 7312 154
5382 6595 820
5382 181 264
5382 7219 95
5382 3010 212
5383 5584 252
5383 4020 587
5383 867 468
5383 2513 486
5384 6827 830
5384 5161 630
5384 3341 51
5385 3838 263
5385 3791 597
5386 6990 159
5386 1737 415
5387 1458 555
5387 2262 27
5387 7572 271
5388 5918 981
5388 1965 805
5388 7835 401
5388 4398 581
5388 3666 276
5389 6758 887
5389 4329 143
5389 6360 554
5389 6370 432
5390 1761 50
5390 6134 751
5390 5695 312
5390 6413 852
5390 7183 295
5391 7877 803
5392 3382 76
5392 3065 405
5392 539 485
5392 6433 785
5393 6491 591
5393 2634 909
5393 135 806
5393 2365 842
5394 2400 143
5394 4993 133
5394 7475 847
5394 1306 906
5395 7700 624
5395 2614 589
5396 933 241
5396 5301 222
5396 5232 442
5396 2804 236
5396 7909 528
5396 1477 399
5397 4378 571
5397 7729 306
5397 3088 99
5398 619 975
5398 4347 412
5398 4428 207
5398 379 565
5398 3075 460
5398 4854 306
5399 1125 227
5399 3156 738
5399 6959 121
5400 2534 880
5400 7477 549
5401 2376 444
5401 1762 710
5402 3976 407
5402 35 643
5402 2020 827
5403 4886 211
5403 407 923
5403 7332 908
5404 6287 331
5404 7235 679
5405 1130 249
5405 2422 316
5405 4770 161
5405 3852 385
5405 2969 557
5406 4569 346
5406 1771 810
5407 1389 854
5407 4914 294
5408 398 238
5408 7053 384
5408 2485 829
5408 7341 129
5408 7174 671
5408 2675 385
5409 1885 262
5409 6128 201
5409 197 506
5409 3459 383
5409 4427 285
5410 7894 63
5410 4981 94
5410 874 638
5410 398 959
5411 6723 881
5411 16 777
5411 1619 246
5411 3940 310
5411 1541 130
5412 2193 787
5413 4722 470
5413 5468 397
5413 2032 875
5413 7545 476
5414 1222 688
5415 6020 170
5415 970 641
5415 5387 629
5416 1994 744
5416 2676 678
5416 6754 973
5416 1747 568
5416 5292 81
5416 894 419
5416 4540 785
5416 7927 494
5417 1676 744
5417 1851 812
5417 4796 778
5417 3881 320
5417 3184 195
5417 5333 406
5417 341 342
5418 7373 445
5418 2958 633
5418 4125 125
5418 5590 458
5418 1822 706
5419 2037 117
5419 5399 854
5421 685 852
5421 192 317
5421 2976 243
5421 1597 330
5421 2379 680
5421 5470 466
5421 3785 970
5421 31 228
5421 7678 226
5422 1503 317
5422 2282 549
5422 1500 847
5423 3065 307
5423 6694 312
5423 510 791
5424 81 257
5424 466 667
5424 3957 595
5424 2025 671
5424 7921 391
5425 4574 156
5425 5562 947
5425 3977 712
5425 3719 86
5425 4745 85
5425 1247 600
5425 7742 884
5426 3586 937
5426 4045 604
5426 7071 804
5426 6277 893
5426 3300 312
5426 784 224
5427 1069 264
5427 5042 191
5427 27 31
5427 424 292
5427 4477 639
5427 3628 73
5427 3945 165
5428 1576 119
5428 848 204
5428 5678 488
5429 5460 535
5430 4610 977
5430 6925 455
5431 2197 911
5431 2767 138
5432 2840 89
5432 6239 533
5432 1260 750
5432 405 690
5433 1450 672
5433 2901 168
5433 3339 433
5433 5193 372
5433 3003 427
5434 5848 667
5434 621 178
5434 1503 963
5434 400 98
5434 1350 322
5434 7833 415
5434 7160 942
5435 6236 923
5435 888 841
5435 4367 320
5436 3925 778
5436 5036 965
5436 1863 365
5436 1136 599
5437 3967 20
5437 3321 93
5437 7594 885
5437 7983 442
5437 7794 640
5438 1931 609
5438 4069 431
5438 2135 73
5438 2589 33
5438 5786 579
5438 2113 520
5438 1474 134
5439 2759 512
5439 1727 95
5439 4422 402
5439 4286 503
5439 1483 878
5439 7722 521
5439 805 746
5440 3980 392
5440 5134 272
5441 6807 405
5441 7766 964
5441 5573 993
5442 6362 926
5442 954 108
5442 5039 498
5442 179 362
5443 3330 469
5443 5770 287
5444 5684 70
5444 7803 729
5444 5770 893
5445 3170 114
5445 5739 680
5446 6591 857
5446 444 988
5446 3519 445
5446 7897 34
5446 1812 222
5447 6647 176
5447 385 527
5447 4785 250
5448 3442 701
5448 3735 238
5448 831 227
5448 1423 691
5448 5467 200
5449 7260 305
5449 4586 826
5450 6021 129
5450 4896 53
5450 4838 532
5451 5415 611
5451 2615 758
5451 3619 999
5451 5738 160
5452 6806 217
5452 1463 50
5452 3359 92
5452 5722 998
5452 5860 271
5452 2916 792
5452 7777 450
5453 4195 12
5453 3577 993
5453 4886 718
5454 6835 336
5454 1892 926
5454 6263 371
5455 7004 98
5455 1788 669
5455 3601 122
5455 4990 565
5455 1899 729
5456 4417 357
5456 5117 50
5457 1640 838
5457 1793 483
5457 5634 716
5457 303 862
5457 6859 132
5457 2965 705
5458 6184 643
5458 2216 506
5458 4650 615
5458 577 377
5459 5529 265
5459 6887 512
5459 3994 677
5459 690 258
5459 905 955
5459 5102 360
5459 2857 48
5460 6254 932
5460 3107 432
5460 4006 651
5460 4138 357
5460 4205 79
5460 2758 76
5460 3547 829
5461 6053 782
5462 7716 97
5462 2915 524
5462 2971 831
5463 5669 173
5463 7118 985
5464 1607 821
5464 1822 115
5464 5054 250
5464 1260 934
5465 4135 758
5465 6601 490
5465 173 380
5466 3413 340
5466 1681 984
5466 2291 337
5467 5517 102
5467 1352 820
5467 6103 880
5468 2340 413
5469 46 133
5469 1595 456
5469 954 366
5469 3820 108
5469 1636 215
5470 7222 561
5470 5893 781
5470 7362 33
5470 6953 436
5470 2832 539
5470 1029 392
5471 4911 183
5471 3212 184
5471 4879 439
5471 4828 927
5471 1860 839
5472 5228 601
5472 6635 14
5472 5967 103
5472 7248 854
5472 6415 298
5473 1860 851
5473 5896 766
5473 4070 599
5473 3035 954
5473 5161 806
5473 7156 819
5473 7523 11
5474 5478 530
5474 3648 448
5474 4573 424
5474 1820 994
5475 3687 267
5475 5402 376
5476 1673 721
5476 3253 104
5476 4697 128
5476 4178 412
5476 1184 16
5477 6473 111
5477 4396 176
5478 1515 534
5478 7218 421
5478 476 726
5478 4191 963
5478 5801 587
5479 1608 221
5480 4122 259
5481 7938 345
5481 2191 185
5482 1235 708
5482 4177 719
5483 4707 488
5483 3690 404
5483 5205 596
5485 3048 856
5485 6459 469
5485 3388 982
5485 662 200
5485 6574 694
5485 5050 980
5486 4006 366
5487 4389 870
5487 6250 753
5488 349 327
5488 6735 956
5488 4719 174
5488 3201 999
5489 3697 494
5489 256 614
5489 1379 777
5490 4206 850
5490 3769 579
5490 3251 71
5490 565 425
5491 197 439
5491 971 124
5491 573 190
5491 634 456
5491 4865 672
5491 4693 589
5492 3734 997
5492 7368 933
5492 5358 438
5492 6329 374
5492 322 385
5493 2653 516
5493 6159 510
5493 3075 610
5493 5057 27
5494 157 107
5494 7652 795
5494 1656 770
5494 1240 81
5495 4304 659
5495 7958 760
5495 4476 923
5495 3790 172
5495 268 379
5496 4420 669
5496 2272 617
5496 5444 496
5496 4753 254
5496 1621 878
5496 7145 259
5496 725 564
5497 3514 728
5497 4290 305
5499 5604 318
5499 1044 515
5499 4789 809
5499 4490 590
5500 1290 131
5500 3549 872
5501 568 285
5501 4255 643
5501 5531 266
5501 4461 253
5502 4690 242
5502 3796 820
5502 7023 516
5502 6087 372
5502 1884 421
5503 3612 619
5503 1847 931
5503 5191 672
5503 5762 175
5504 4255 647
5504 6297 806
5505 69 862
5505 3741 350
5505 176 808
5505 2860 659
5505 1277 972
5505 1120 665
5506 5708 168
5506 3496 781
5506 4813 336
5506 7225 224
5507 7457 437
5507 2778 26
5507 5651 598
5507 1637 958
5507 6177 595
5508 6102 155
5508 2223 189
5508 5246 144
5509 6331 514
5509 2057 977
5509 5416 458
5509 1128 675
5509 187 874
5510 5161 518
5510 5852 280
5510 3172 612
5510 1343 474
5510 612 914
5510 1275 288
5511 5756 540
5511 179 529
5511 7324 578
5511 6847 675
5511 4113 608
5511 4203 663
5512 415 927
5512 499 117
5512 5899 111
5513 2115 74
5513 99 804
5513 3961 965
5513 138 7
5514 7257 618
5515 6211 573
5515 2891 530
5515 5512 929
5515 4114 157
5516 4744 750
5516 5845 226
5516 6178 381
5516 4794 826
5516 2567 258
5517 6804 186
5517 4265 408
5517 2750 927
5517 3818 593
5517 2254 796
5517 2800 836
5517 4087 987
5518 357 794
5518 5872 464
5519 4178 312
5519 1018 70
5520 6064 310
5520 5537 822
5520 1857 325
5520 6044 810
5520 1231 610
5521 1129 244
5521 575 385
5521 3643 513
5522 2168 652
5522 17 809
5522 188 811
5522 5834 841
5523 3043 85
5523 1085 824
5523 3232 405
5523 1812 145
5524 4252 102
5524 5488 919
5525 6731 614
5525 951 498
5525 6146 497
5525 5040 92
5525 1163 688
5526 2107 648
5526 3469 756
5526 669 253
5527 383 39
5527 172 3
5527 2864 238
5528 5496 70
5528 7300 294
5528 4787 967
5528 5396 986
5528 3182 684
5528 2378 893
5529 4461 614
5529 1386 42
5529 6265 68
5529 6462 423
5530 4276 181
5530 5166 499
5530 3964 958
5531 5253 476
5531 56 538
5531 6819 448
5531 4280 390
5532 7505 646
5532 7993 977
5532 3850 292
5533 6960 991
5533 3549 236
5533 6299 899
5534 5316 593
5534 3380 15
5534 2420 900
5535 2101 255
5535 6653 908
5535 3945 498
5535 5074 803
5535 2482 848
5535 5575 117
5536 6604 173
5536 7551 64
5536 1550 178
5537 4330 153
5537 5468 981
5537 3802 502
5538 7179 300
5538 332 633
5538 5572 271
5539 5566 40
5539 4079 196
5540 3113 816
5540 997 908
5540 5532 713
5540 6478 523
5541 83 591
5541 2024 964
5541 7665 553
5541 266 639
5541 4932 472
5541 5212 27
5541 1014 133
5542 1981 509
5542 3269 815
5542 2183 598
5543 5243 11
5543 302 854
5543 1982 426
5543 5063 425
5543 7885 159
5544 3264 176
5545 5048 996
5545 1391 116
5546 7939 901
5546 872 160
5546 6373 910
5547 3440 651
5547 3783 547
5547 6949 24
5547 208 485
5547 5905 686
5548 3848 481
5548 1552 539
5548 707 413
5548 6093 682
5549 6314 391
5549 5563 564
5549 2935 336
5549 3973 710
5550 7292 466
5550 5820 939
5550 6663 371
5550 3416 165
5551 5284 214
5551 4229 74
5552 556 585
5552 6037 648
5552 6274 198
5552 7510 970
5552 5794 58
5552 1394 635
5552 766 338
5553 1178 472
5553 3928 77
5553 2049 412
5553 6582 461
5553 3554 474
5553 5712 911
5554 3293 815
5554 2415 200
5554 4702 806
5554 422 821
5555 2644 195
5555 676 269
5555 2114 900
5555 2755 657
5556 7705 727
5556 2925 448
5556 2678 780
5556 2753 97
5556 6656 514
5557 3820 439
5557 7255 500
5557 3070 389
5558 447 325
5558 6770 14
5558 6661 563
5558 1710 721
5558 285 22
5559 3584 284
5559 6159 739
5559 1082 551
5559 2184 697
5559 958 160
5559 3926 283
5559 3983 819
5560 4282 341
5560 7636 243
5560 5321 248
5560 2254 863
5560 2791 247
5561 5602 613
5561 235 966
5562 7239 350
5562 7014 889
5562 3918 397
5562 6148 923
5563 3179 395
5563 3191 406
5563 6681 361
5563 6119 569
5563 6104 402
5564 4280 129
5564 4955 83
5564 2784 193
5564 4717 166
5564 7144 384
5564 3955 927
5565 1477 721
5565 3908 652
5565 6233 859
5565 2484 648
5565 2783 118
5565 7945 468
5565 2672 901
5565 6497 136
5565 49 457
5565 3229 699
5566 7066 217
5566 1104 370
5566 1124 295
5567 3949 862
5567 6703 929
5568 6319 456
5568 3695 616
5568 3792 701
5568 6896 813
5569 4483 483
5570 5235 929
5570 4763 284
5571 4878 289
5571 5800 679
5571 4625 580
5572 1566 989
5572 3768 198
5572 7718 609
5572 6084 753
5572 6935 975
5572 1407 993
5572 1314 737
5573 4470 93
5573 7539 997
5573 3662 661
5574 5398 231
5574 3845 247
5574 5923 466
5575 4823 867
5575 1942 741
5575 4800 436
5575 5020 574
5575 3931 103
5575 6138 570
5576 1184 271
5576 5492 412
5576 2669 341
5576 6205 612
5576 126 127
5576 2865 942
5577 4579 316
5577 2666 3
5578 2279 241
5578 6511 276
5578 7277 313
5578 4864 188
5579 1247 550
5579 5960 47
5579 6902 914
5580 668 784
5580 7308 158
5580 6787 451
5580 7193 186
5580 2314 971
5580 3365 530
5581 7677 795
5581 6055 741
5581 3475 365
5581 6784 388
5581 6882 772
5581 7956 74
5582 3506 901
5582 5203 873
5582 2060 948
5583 5896 533
5583 7838 604
5583 306 56
5583 7545 358
5583 4624 725
5583 4047 861
5583 5770 113
5584 367 589
5584 7184 654
5584 6682 456
5584 6075 911
5584 3188 394
5584 3403 605
5584 1003 656
5584 7350 434
5585 2584 168
5585 4317 412
5585 6720 290
5585 3017 364
5586 6604 587
5586 4642 425
5586 5827 841
5587 4794 325
5588 1276 660
5588 784 416
5588 2463 926
5588 5127 571
5588 2316 595
5588 7592 513
5588 1621 641
5588 5161 162
5589 7380 788
5589 6999 710
5589 4097 770
5589 1841 475
5589 5381 726
5589 4175 100
5590 5171 343
5590 5178 532
5590 1004 709
5590 7359 351
5590 2204 656
5590 4067 808
5590 5789 361
5591 7372 959
5591 1705 387
5591 6801 537
5591 2152 507
5592 2901 629
5592 6183 66
5592 6712 288
5593 1201 709
5593 4629 257
5593 1930 95
5593 1534 37
5594 6170 596
5595 3219 427
5596 3135 442
5596 4453 549
5596 2294 594
5596 3837 627
5596 1129 775
5596 1870 29
5597 3945 331
5597 3627 277
5597 3143 382
5597 6554 318
5598 6493 649
5598 2941 529
5598 4271 727
5599 2142 996
5599 4981 245
5599 2405 882
5599 2225 512
5600 7158 461
5600 7115 288
5600 3492 443
5601 6647 889
5601 7105 827
5601 6446 675
5602 3870 189
5602 2493 319
5602 3246 58
5603 7056 353
5603 874 950
5603 7732 892
5603 2005 864
5603 1202 638
5604 6908 231
5604 7472 595
5604 3370 421
5605 4018 178
5605 7178 272
5605 442 213
5607 6807 217
5607 1558 437
5607 2424 325
5608 7823 456
5608 6841 518
5609 2692 622
5609 1565 71
5609 129 842
5609 2431 690
5609 2389 311
5609 3884 779
5609 4706 980
5610 6724 401
5610 7267 167
5610 3867 950
5611 1328 562
5611 5157 979
5611 90 887
5611 2086 376
5611 919 849
5611 4259 338
5612 6289 900
5612 746 549
5612 7615 871
5612 7423 664
5612 6183 807
5613 1825 901
5613 2014 208
5613 678 656
5614 4380 162
5614 1723 999
5614 2951 621
5614 6024 233
5614 2785 481
5614 5478 834
5614 232 856
5615 7201 363
5615 4665 921
5615 660 897
5615 1904 57
5615 477 744
5615 5913 681
5615 400 871
5615 5211 369
5615 7602 614
5616 4143 84
5616 6569 156
5616 1500 540
5616 5855 836
5617 5360 932
5617 5215 959
5617 3862 949
5618 5555 905
5618 2206 539
5618 6379 335
5618 6325 232
5618 2610 378
5618 4008 566
5618 2157 150
5619 6367 935
5619 579 754
5620 1037 33
5620 4970 870
5620 2930 323
5620 3996 980
5621 3031 192
5621 1133 797
5622 4999 390
5623 7454 683
5623 1453 605
5623 833 838
5623 7732 385
5623 295 724
5624 2300 701
5624 4267 81
5624 2874 648
5624 2154 189
5624 3710 363
5624 3930 972
5625 2580 178
5625 7731 558
5625 7605 108
5625 2103 630
5626 3776 529
5626 4474 500
5626 1973 172
5626 4844 793
5627 1041 495
5627 2741 489
5627 3733 27
5627 1207 626
5628 751 866
5628 6253 535
5628 5717 263
5629 7982 184
5629 7695 114
5629 2147 254
5629 2624 308
5629 6767 508
5629 1084 756
5629 5023 394
5630 7714 824
5630 1306 738
5630 4908 136
5630 1434 944
5631 3010 168
5631 7731 926
5631 1384 157
5632 5627 696
5632 3182 23
5632 2740 709
5632 1555 308
5632 3596 930
5632 7138 604
5633 220 396
5633 2286 424
5633 1411 4
5633 403 499
5633 6219 263
5633 3022 199
5634 6119 331
5634 2641 201
5634 488 690
5634 7018 559
5634 3373 983
5634 1506 196
5634 7605 747
5635 6355 666
5635 4189 357
5636 5587 894
5636 1889 242
5636 2024 896
5636 6155 708
5636 6492 460
5637 4734 510
5637 4553 329
5637 3461 496
5637 7906 179
5637 5281 672
5637 5531 522
5638 7996 357
5638 1933 443
5638 4091 194
5638 2235 11
5639 7702 10
5639 5859 96
5639 3800 13
5639 1411 641
5639 6662 440
5640 7343 169
5640 4379 229
5640 1348 652
5640 6703 774
5641 7402 435
5641 721 935
5641 1287 789
5641 7197 558
5642 6050 341
5642 4885 136
5642 1542 750
5642 968 169
5643 2700 667
5644 3306 400
5644 6485 267
5644 6957 814
5644 5062 304
5644 4699 440
5644 1150 569
5645 1783 786
5645 2283 853
5645 6600 239
5645 2986 658
5645 4950 301
5645 6254 55
5645 2674 881
5645 431 89
5646 4213 584
5646 6729 833
5646 7126 834
5646 803 299
5647 5153 90
5647 6437 137
5647 502 658
5647 1028 176
5648 6853 92
5648 435 913
5648 2087 455
5649 1638 989
5649 3394 5
5649 2974 498
5649 7582 840
5649 6983 610
5650 2833 942
5650 5067 416
5650 321 474
5650 6685 102
5650 1704 775
5650 2974 556
5650 2301 127
5650 5722 311
5650 5154 328
5651 6995 141
5651 3474 90
5651 2407 82
5652 2906 32
5652 5020 258
5652 2665 210
5652 5288 675
5652 2939 528
5652 2917 541
5652 2292 178
5653 6646 46
5654 7183 414
5654 3393 378
5654 3646 149
5654 1960 347
5655 7435 454
5655 1579 459
5655 1963 582
5655 4097 45
5655 1648 681
5655 6798 871
5656 1997 250
5656 3120 879
5656 1630 38
5657 4668 605
5657 5323 208
5657 6516 518
5657 5815 369
5657 2014 399
5658 2470 346
5658 4069 422
5658 3250 193
5661 4030 488
5661 643 603
5662 2026 891
5662 565 707
5662 1465 610
5662 6334 689
5662 6463 612
5662 2766 642
5662 7579 339
5663 5489 192
5663 915 140
5663 1630 874
5663 6602 723
5663 5479 327
5663 197 466
5663 4267 791
5664 4186 334
5664 6011 280
5664 6361 542
5664 4807 199
5664 7339 179
5665 3407 691
5665 505 537
5665 27 775
5666 6689 567
5666 4870 17
5666 5481 396
5667 5540 150
5667 5898 9
5667 2154 543
5667 2480 54
5667 834 469
5668 6753 741
5669 2008 377
5669 300 580
5670 6190 561
5670 7613 17
5670 6227 820
5670 3552 708
5670 7730 903
5671 5912 139
5671 7941 107
5672 6588 356
5672 5649 732
5672 6223 794
5673 3190 246
5673 6306 91
5673 3077 155
5673 823 196
5673 2725 253
5673 126 125
5673 827 848
5674 7636 470
5674 5370 874
5674 433 622
5675 1356 349
5675 6144 341
5676 1597 157
5676 6865 556
5677 4577 291
5677 6713 842
5677 3811 140
5677 4652 569
5678 6109 183
5678 2436 994
5678 3981 2
5678 7166 282
5678 6487 869
5679 3413 904
5679 5658 399
5680 1791 196
5680 3664 968
5681 1697 909
5681 6594 682
5681 3642 407
5681 354 16
5682 6162 95
5682 7322 821
5682 5826 669
5683 1703 970
5683 3530 765
5683 336 345
5683 185 149
5683 4287 203
5683 4204 833
5684 6161 478
5684 4444 912
5684 6598 963
5685 2954 181
5685 4443 552
5685 5756 151
5685 3348 189
5685 4753 140
5686 226 245
5686 5249 627
5687 5902 725
5687 1851 675
5688 5372 236
5688 2132 301
5688 3551 681
5689 5465 344
5689 409 234
5689 2638 111
5690 1506 796
5690 6608 959
5690 7889 750
5690 4023 374
5691 7885 155
5691 163 20
5692 4596 908
5692 4445 324
5692 2007 785
5693 1964 576
5693 2264 86
5694 4082 187
5694 5738 967
5695 2625 41
5695 5877 162
5695 976 15
5695 108 548
5696 1551 682
5696 6320 66
5696 5968 606
5696 4002 196
5696 1227 547
5696 7319 864
5696 2055 783
5696 6990 542
5696 2246 394
5697 7308 584
5698 4320 989
5698 6800 431
5698 7201 437
5698 2905 277
5699 5751 668
5699 3737 175
5700 4618 281
5700 5936 4
5700 6501 909
5700 5195 156
5700 1249 868
5701 4468 480
5701 3542 38
5702 7739 774
5702 3783 77
5703 6071 5
5703 4756 806
5703 6124 749
5703 5578 508
5703 4858 31
5703 3797 408
5703 1322 308
5704 2131 277
5705 3585 874
5705 7921 832
5706 7591 880
5706 6409 862
5706 4697 308
5707 4151 600
5707 6156 470
5707 1098 381
5707 6392 442
5707 519 337
5707 6056 610
5707 2879 946
5707 4950 144
5707 3957 34
5708 2459 793
5708 4018 545
5708 755 748
5708 7510 599
5708 6001 860
5709 3532 485
5709 4369 910
5709 1130 310
5709 2558 393
5710 2810 166
5710 462 813
5710 4975 193
5710 3871 247
5710 346 545
5711 3221 182
5711 2616 146
5711 232 777
5712 7743 362
5712 2508 856
5713 7188 778
5713 240 175
5713 541 138
5713 6472 468
5713 1955 10
5713 5434 955
5713 2984 118
5713 7680 841
5713 2846 810
5713 4957 839
5713 5077 444
5714 3305 406
5714 5196 716
5714 7394 344
5714 5628 749
5714 1016 382
5715 4438 515
5715 6858 38
5715 1809 148
5715 3561 606
5716 472 100
5717 5568 297
5717 1601 983
5717 7419 294
5717 1332 741
5718 6522 32
5718 3071 584
5718 2634 430
5718 3689 746
5718 4915 19
5719 2466 690
5719 4440 255
5719 3239 262
5719 4542 114
5719 5932 621
5719 948 580
5719 7052 736
5719 283 647
5720 6268 964
5720 5305 577
5721 6879 896
5721 6842 40
5721 3306 534
5721 1362 39
5722 2008 278
5722 1180 978
5722 167 381
5722 3110 782
5723 5807 699
5723 1681 27
5723 6565 504
5723 2096 371
5724 6010 623
5724 2 295
5724 5831 756
5724 748 157
5724 6962 814
5724 1001 305
5725 5212 619
5725 1276 234
5725 4632 10
5725 2196 46
5726 7446 195
5726 7788 822
5726 410 274
5726 7545 323
5726 2643 263
5727 7238 972
5727 1543 557
5727 964 418
5727 1573 306
5727 2254 795
5727 2913 504
5727 6041 646
5728 6833 931
5728 906 770
5728 5596 883
5728 3305 298
5728 3388 884
5728 2450 600
5728 543 295
5729 2389 332
5729 3405 531
5729 5204 132
5729 2028 109
5730 116 327
5730 7731 598
5730 7087 296
5730 6960 621
5730 1736 562
5730 5466 277
5731 4339 340
5731 5832 469
5732 2765 757
5732 6959 661
5732 3112 920
5732 1057 762
5733 6055 576
5733 5358 444
5733 67 160
5733 2960 314
5733 4041 941
5733 379 110
5733 4783 678
5734 6297 420
5734 4033 161
5735 4822 822
5735 5998 311
5735 2250 633
5735 3791 275
5735 7134 151
5735 5999 912
5735 4567 67
5735 6855 447
5736 5107 921
5736 2046 2
5736 6779 951
5736 4440 561
5737 3369 205
5737 2816 46
5737 7683 505
5737 2917 550
5738 5885 144
5738 6820 336
5738 1477 661
5738 4484 237
5738 2533 433
5738 3228 747
5739 1345 277
5739 7538 431
5739 1333 20
5740 1385 214
5740 2789 482
5740 4400 946
5740 2609 148
5740 1294 969
5740 3833 131
5741 7636 109
5741 5081 73
5741 5018 287
5742 3589 749
5743 3397 540
5743 283 417
5743 522 16
5743 1382 3
5743 4885 461
5744 4666 662
5744 580 214
5744 5011 667
5744 5018 902
5744 5004 288
5745 2070 903
5745 7633 681
5745 2817 27
5745 5486 129
5745 1731 29
5745 5759 882
5746 2713 165
5746 6838 12
5746 7952 136
5746 2270 77
5746 3714 715
5746 6020 891
5746 4711 196
5746 739 608
5746 6655 397
5747 6188 627
5747 74 553
5747 740 149
5748 4565 949
5748 864 938
5748 5081 268
5748 2982 538
5749 5970 172
5749 4392 172
5749 4229 783
5749 3411 46
5750 4300 416
5750 4751 368
5750 836 55
5750 944 73
5750 7477 417
5750 7455 216
5750 1683 315
5750 6025 849
5751 1263 803
5751 7529 101
5751 6938 889
5751 4070 398
5751 3040 259
5752 7521 642
5754 3174 22
5754 4078 418
5754 7507 408
5754 2448 382
5754 2352 684
5756 4009 849
5756 1168 773
5756 2874 351
5756 4753 6
5756 4057 466
5756 5643 215
5756 4583 977
5757 4676 506
5757 1609 568
5757 3266 621
5758 1611 729
5758 1545 955
5758 6276 279
5759 668 990
5759 4116 550
5759 5850 286
5759 3593 903
5760 2669 854
5760 6687 415
5760 6205 749
5761 5121 52
5761 5337 519
5761 435 163
5762 6599 157
5762 141 883
5762 3338 733
5762 5035 738
5762 7344 40
5763 4184 913
5763 3007 413
5764 6477 66
5764 2873 878
5764 1277 158
5765 6408 791
5765 3790 278
5766 4486 724
5766 7364 338
5767 5256 662
5767 4151 602
5767 1232 501
5767 432 678
5767 3990 657
5768 4911 896
5768 6619 102
5768 2453 14
5769 654 499
5769 7420 702
5770 3509 482
5770 6407 688
5770 7392 500
5770 707 226
5770 563 315
5771 3010 591
5771 6836 120
5771 4644 238
5772 4863 443
5772 6429 34
5772 5541 229
5773 33 675
5773 2263 766
5773 1325 592
5773 6346 75
5774 103 406
5774 2506 556
5774 5580 760
5774 858 718
5774 5143 75
5775 258 323
5775 3179 556
5775 1283 946
5776 3630 346
5776 6213 157
5776 3077 235
5776 6844 876
5777 5900 294
5777 7209 957
5777 4320 30
5777 1488 600
5777 595 436
5777 6074 768
5777 155 712
5778 258 925
5778 4208 654
5778 3321 464
5779 5301 552
5779 1378 998
5779 4161 351
5779 4540 306
5780 2831 367
5780 1696 99
5780 5950 645
5780 6287 370
5780 3259 760
5781 5102 364
5781 7272 457
5781 4941 42
5781 6322 547
5781 2180 507
5782 6762 564
5782 3650 87
5782 669 7
5783 3681 553
5783 6548 847
5783 7472 184
5783 4868 44
5783 6110 775
5784 1174 60
5784 7928 62
5784 4010 236
5785 5043 156
5785 480 315
5786 5215 447
5786 1087 417
5786 77 139
5786 1448 223
5786 654 180
5786 4562 382
5787 4660 403
5787 5193 538
5788 3623 695
5788 1862 166
5788 3299 943
5788 6252 351
5788 2158 155
5788 7235 424
5789 497 321
5789 4916 235
5790 1968 121
5790 4144 395
5790 1886 931
5790 3592 645
5790 6892 685
5791 756 227
5791 603 44
5791 2560 213
5791 2817 153
5792 2646 544
5792 5374 896
5792 1898 645
5792 286 268
5793 1077 996
5793 7176 663
5793 2676 738
5793 4962 454
5794 4408 239
5794 7779 921
5794 339 662
5794 6336 103
5794 2193 846
5794 3172 719
5794 3682 107
5794 5586 582
5795 139 775
5796 3206 55
5796 6995 15
5796 2540 393
5796 6584 584
5796 3616 944
5796 2770 185
5797 179 173
5797 6336 415
5797 2525 883
5797 2943 584
5797 1872 807
5797 2037 516
5798 1459 361
5798 2526 30
5798 6392 820
5799 3506 12
5799 1608 405
5799 278 104
5800 7260 961
5800 3115 111
5800 6680 978
5801 32 712
5801 1961 181
5801 4312 114
5801 117 137
5802 2303 595
5802 7204 731
5802 976 901
5802 4403 227
5802 7752 744
5803 4589 974
5803 4730 956
5804 739 728
5804 577 684
5804 5486 733
5804 4954 206
5804 1692 311
5804 1507 848
5805 2102 468
5805 3978 388
5805 5180 893
5805 6456 304
5806 4434 887
5806 2952 314
5806 6171 517
5807 2574 611
5807 7249 753
5807 846 47
5808 4299 844
5808 644 441
5808 4798 502
5808 2547 2
5808 6575 234
5808 564 277
5808 2732 201
5809 6167 960
5809 6164 270
5809 7245 336
5809 2281 451
5809 5089 835
5810 4051 195
5810 2103 448
5810 4963 109
5810 403 442
5810 7634 313
5811 7255 502
5811 5568 5
5811 2667 574
5811 7988 324
5812 6290 187
5812 4959 824
5812 874 50
5812 3616 598
5813 4130 992
5813 4475 234
5813 2177 262
5813 159 210
5813 1418 257
5813 1517 770
5814 6076 733
5814 2711 351
5814 990 615
5814 7875 814
5815 5172 979
5815 4041 165
5816 4363 976
5816 7452 459
5816 2615 521
5816 2279 642
5816 3597 16
5818 6472 534
5818 7986 238
5819 3964 458
5819 4831 134
5820 5710 380
5820 2819 60
5820 5541 978
5820 4155 885
5820 3793 991
5821 4629 265
5821 2734 846
5821 3925 810
5821 6912 401
5822 6859 343
5822 5555 245
5822 7822 926
5822 7124 915
5822 4433 293
5823 3724 445
5823 2602 631
5823 203 598
5824 6645 91
5825 1046 830
5825 1353 988
5825 1386 767
5825 5371 963
5826 4807 591
5826 2853 946
5826 6620 615
5826 1297 546
5827 6463 57
5827 271 629
5827 4535 102
5827 4509 479
5827 7008 576
5827 3123 315
5827 1306 66
5827 2802 667
5828 2378 956
5828 476 123
5828 3972 68
5828 1917 787
5828 2480 55
5828 6515 411
5829 5913 251
5829 2518 567
5829 6093 42
5829 478 345
5830 2782 738
5830 6505 49
5830 2385 748
5830 2647 704
5831 3996 628
5831 1527 487
5831 3185 644
5831 5333 886
5831 1407 88
5831 2895 899
5831 5575 777
5832 2890 4
5832 782 545
5832 867 309
5833 4184 819
5833 2963 343
5833 4043 234
5834 6071 758
5834 5515 197
5834 2143 990
5834 2392 270
5835 1145 273
5835 7099 472
5835 7722 289
5835 1217 850
5836 5414 117
5836 3155 651
5836 1819 124
5836 2941 110
5837 1064 641
5837 4199 384
5837 4433 851
5837 2103 535
5837 3484 943
5838 2284 954
5838 7000 671
5839 7330 989
5839 5060 365
5839 3319 219
5839 1551 677
5840 7983 485
5840 7131 638
5840 1201 274
5840 1722 25
5841 771 546
5842 325 272
5842 495 17
5842 7862 936
5842 2792 246
5842 6513 978
5842 4724 374
5843 1838 902
5843 546 223
5843 5749 348
5843 1313 592
5844 4451 166
5844 4535 84
5845 1818 320
5845 1346 330
5845 6478 202
5845 7718 778
5846 4707 487
5846 4296 575
5846 2832 311
5846 4970 254
5846 3234 275
5846 1780 516
5846 6974 495
5847 7813 943
5848 1088 216
5848 6954 65
5848 7640 542
5848 3760 30
5848 1351 223
5849 7884 232
5849 1027 627
5849 5899 647
5849 6360 498
5849 5612 726
5849 1030 935
5849 7822 619
5850 848 410
5851 7402 579
5851 2759 153
5851 6999 920
5851 1525 244
5852 1014 167
5852 6709 896
5853 3555 351
5853 6176 268
5853 4214 230
5853 4618 699
5853 3392 282
5854 3042 973
5854 1720 237
5854 810 406
5854 911 732
5855 2314 78
5855 1565 355
5855 4268 230
5856 7964 884
5856 3919 219
5856 1243 644
5856 3141 993
5856 1347 209
5857 318 495
5857 3477 582
5857 6375 619
5857 485 595
5857 4817 51
5857 5266 56
5858 5453 262
5858 6280 146
5858 1264 531
5858 3257 228
5859 4149 167
5859 5542 148
5859 1246 519
5859 2598 682
5859 3108 254
5859 289 702
5859 130 488
5860 2962 779
5860 223 159
5860 2015 166
5860 1176 547
5860 1821 18
5860 2340 426
5860 6078 676
5861 5900 415
5861 323 165
5861 6129 7
5861 3369 167
5862 2184 786
5862 5685 137
5862 2928 386
5862 1126 890
5862 3511 280
5863 4549 510
5864 6125 194
5864 3039 125
5864 5076 436
5864 700 648
5865 599 975
5865 6079 73
5865 3157 461
5865 7502 927
5865 2751 60
5866 7210 189
5866 7061 424
5866 1281 852
5866 2799 525
5866 2390 533
5867 6604 518
5867 7185 668
5867 1132 828
5867 1428 126
5868 2353 173
5868 2428 149
5868 1766 812
5869 3723 184
5869 1432 643
5870 6147 573
5870 7067 351
5870 4083 330
5871 145 400
5871 561 748
5872 1921 496
5873 5220 983
5873 7280 902
5874 1150 91
5874 7997 180
5874 7060 619
5875 3809 975
5875 1589 897
5875 7684 699
5875 3594 252
5876 2087 280
5876 5948 25
5877 3779 341
5877 2457 404
5877 900 195
5878 4556 533
5878 2004 47
5879 5232 59
5880 916 919
5880 1276 340
5880 7076 861
5880 6645 341
5880 6240 370
5880 7346 949
5880 4460 121
5880 1943 440
5881 2986 930
5881 4816 925
5881 7576 600
5881 7847 132
5882 1018 668
5882 1944 598
5882 2677 830
5882 6855 897
5882 205 559
5883 1304 973
5883 2296 334
5883 7299 210
5883 6654 468
5883 1949 5
5884 3877 898
5884 5604 70
5884 1645 603
5884 147 880
5885 5895 970
5885 6951 607
5885 5425 624
5886 500 766
5886 4562 933
5887 1236 230
5887 724 988
5888 5442 345
5888 4616 34
5888 1167 946
5888 7521 701
5889 2297 563
5889 6208 368
5889 7509 936
5889 4281 591
5889 7117 491
5890 3523 366
5890 2969 817
5890 2087 182
5890 1323 559
5890 5648 505
5890 6191 823
5891 6645 397
5891 1002 470
5892 2831 735
5892 5489 91
5892 5955 739
5893 1401 72
5894 2378 376
5894 5181 641
5894 7588 156
5894 4953 467
5894 5590 342
5894 4503 616
5895 7990 623
5895 500 492
5895 1513 433
5895 5326 249
5895 3344 375
5895 3056 494
5895 7929 562
5896 6491 779
5896 2991 147
5896 5629 330
5897 1846 706
5897 6339 8
5897 699 100
5897 2002 992
5897 3257 696
5897 3251 931
5898 1586 468
5898 7237 314
5898 2986 38
5899 5244 322
5899 7031 715
5899 6226 340
5899 1260 869
5899 4722 825
5899 401 951
5900 7518 354
5900 5689 898
5900 7482 937
5900 1592 682
5901 64 885
5901 6437 453
5901 7926 658
5901 1517 23
5901 5324 395
5901 7653 316
5902 4694 948
5902 5373 135
5902 1546 720
5903 7412 898
5903 4250 467
5903 96 155
5904 4923 986
5904 6855 767
5904 929 948
5905 703 757
5905 3139 850
5906 7068 27
5906 1448 531
5906 1597 430
5906 5353 993
5906 4509 901
5906 6792 839
5906 7656 71
5907 7683 828
5907 3844 268
5907 3262 750
5908 6007 263
5908 4898 170
5908 4893 372
5909 4067 918
5909 7500 272
5909 4626 805
5909 3481 147
5910 4679 183
5910 5068 54
5910 1632 218
5910 3369 797
5910 5322 164
5911 801 697
5911 1988 63
5911 4321 415
5912 5455 792
5912 1614 869
5912 6249 699
5912 5051 670
5912 6778 996
5913 3105 916
5913 65 404
5913 3547 774
5914 96 417
5914 5718 533
5914 1728 32
5914 5184 830
5914 7328 82
5916 7063 452
5916 5094 223
5916 3123 194
5916 635 878
5916 996 541
5916 4411 214
5917 2986 60
5917 7860 898
5917 2061 549
5917 705 183
5917 1167 628
5917 6343 504
5918 4960 706
5918 6473 424
5918 6030 376
5918 3486 57
5918 1515 380
5919 964 223
5920 1251 199
5920 6173 576
5920 7762 592
5920 3688 41
5920 4120 965
5920 584 945
5920 6347 601
5921 1227 324
5922 3087 255
5922 343 583
5922 719 646
5922 5016 596
5922 4104 242
5922 2159 9
5922 90 987
5922 432 21
5922 5507 146
5922 5250 316
5922 3824 693
5923 4472 705
5923 6016 720
5923 2251 876
5924 2331 609
5924 7272 136
5924 1817 334
5924 784 763
5925 4090 430
5925 3132 868
5925 7575 136
5925 5650 725
5925 2832 716
5926 6695 308
5926 6356 441
5926 7180 231
5926 5130 661
5926 2237 912
5927 7784 733
5927 4211 933
5927 4234 745
5928 5573 605
5928 2566 8
5928 160 789
5928 291 443
5929 4116 366
5929 4691 534
5929 7467 651
5929 3119 40
5929 4031 582
5929 3431 6
5930 4049 902
5930 1495 511
5930 1518 356
5930 880 515
5931 2237 477
5931 7155 484
5932 1137 132
5932 5296 680
5932 3766 988
5932 7222 266
5933 6173 542
5933 2050 963
5933 1451 712
5934 4547 919
5934 2249 868
5934 3075 336
5935 1788 53
5935 5236 258
5935 4419 933
5935 11 364
5935 6973 296
5935 4654 992
5936 6013 577
5937 5857 556
5937 4757 523
5937 931 653
5938 4700 48
5938 2867 178
5938 6546 202
5938 6324 184
5938 6449 257
5939 4966 842
5939 3969 202
5939 6699 607
5939 5659 85
5939 296 93
5939 4051 544
5940 3898 954
5940 3156 860
5940 6790 552
5940 3324 301
5941 4626 162
5941 5735 327
5941 3845 4
5941 5505 897
5942 7503 333
5942 770 891
5942 1498 712
5943 4238 356
5943 2301 399
5943 2235 254
5943 4409 684
5943 4535 513
5943 1681 267
5944 398 306
5944 1652 246
5944 6349 295
5944 6630 139
5945 4976 394
5945 1216 109
5945 3686 859
5946 307 133
5947 4436 347
5947 6861 679
5947 2605 207
5947 4799 830
5948 6713 721
5948 3823 973
5948 2128 517
5948 1005 514
5948 2536 639
5948 2085 509
5949 373 354
5949 2106 339
5950 7182 187
5950 4123 621
5950 3721 336
5950 6138 854
5950 4737 97
5951 5502 205
5952 5944 84
5952 3355 550
5953 2509 217
5953 7257 194
5953 5274 591
5953 3571 281
5954 4444 94
5954 281 698
5955 562 889
5955 6729 298
5955 2712 80
5956 1809 304
5956 1917 942
5956 1487 50
5957 1910 546
5957 6213 327
5959 188 551
5959 1958 277
5959 3959 543
5959 1743 609
5959 1978 460
5959 94 491
5959 5571 534
5960 2691 347
5960 4729 832
5960 2851 891
5961 4926 922
5961 6711 192
5961 4313 771
5961 455 440
5961 5201 190
5962 5389 537
5962 1899 742
5962 1108 252
5963 7087 74
5963 6428 42
5963 523 789
5963 6882 504
5964 813 64
5964 4371 721
5964 551 715
5964 1934 72
5964 5858 205
5964 2377 776
5965 7468 529
5965 4502 166
5965 2244 399
5965 5459 345
5965 2890 95
5965 4109 286
5965 5119 862
5966 2066 518
5966 1453 388
5967 29 646
5967 6335 388
5967 2469 93
5967 4402 244
5967 6919 868
5967 97 921
5968 1933 700
5968 4995 962
5968 7814 977
5968 2778 534
5968 3236 646
5968 2472 787
5968 394 426
5968 4495 504
5969 2942 555
5969 3132 362
5969 4631 19
5969 1551 50
5969 5659 702
5969 4598 46
5969 1121 131
5970 5022 688
5970 7629 128
5970 7930 596
5971 503 775
5972 3598 13
5972 3081 722
5972 1696 751
5972 4325 250
5972 2525 475
5972 7279 283
5972 6376 722
5973 6655 346
5973 4744 957
5973 6803 874
5973 7476 775
5973 2721 256
5973 5537 836
5973 6972 80
5974 7908 743
5975 4502 981
5975 2774 159
5975 3424 559
5975 7021 761
5976 1920 436
5976 4685 145
5976 7648 566
5977 6334 942
5977 5479 755
5977 3251 121
5977 3053 361
5977 7742 113
5977 1212 92
5978 5050 363
5978 5009 691
5979 3259 543
5979 2719 981
5980 4027 10
5980 5096 810
5980 6635 625
5980 5706 55
5980 2320 49
5980 2290 940
5981 6020 453
5981 5759 804
5981 5261 586
5981 4196 440
5982 1113 926
5982 3444 709
5982 4296 345
5982 3657 53
5982 2293 741
5983 1522 405
5983 6107 244
5984 3676 427
5984 674 265
5984 6261 891
5985 4110 843
5985 2128 278
5986 5071 283
5986 4145 396
5986 4468 40
5986 6132 280
5986 1024 668
5986 1692 280
5986 3142 972
5987 6341 315
5987 7302 137
5987 1363 108
5987 6116 824
5987 708 341
5987 3383 512
5988 5698 82
5988 160 84
5988 2215 856
5988 5590 141
5988 5528 589
5989 7267 282
5989 6449 127
5989 4819 318
5990 7092 440
5990 1577 179
5990 2207 972
5990 2650 162
5990 3113 751
5990 6424 954
5990 7148 730
5990 5631 544
5991 4742 580
5991 2925 295
5991 4788 822
5991 269 924
5991 3219 403
5991 4519 532
5991 6656 461
5992 984 790
5992 1488 839
5992 5049 358
5992 4009 357
5992 1532 405
5992 5363 941
5993 6172 847
5993 5980 784
5993 3960 946
5994 6270 947
5994 2070 416
5994 2704 48
5995 919 245
5995 6547 637
5995 1506 39
5995 610 695
5995 4752 424
5995 3685 954
5996 6642 255
5996 6277 744
5996 244 864
5996 832 861
5996 4141 385
5996 1186 798
5997 2931 978
5997 7360 562
5997 218 86
5997 1716 868
5997 4962 584
5997 4255 94
5998 3612 745
5998 3352 172
5998 5607 329
5999 1863 497
5999 2755 34
6000 6935 197
6000 6679 247
6000 6943 549
6001 7370 631
6001 6777 787
6001 7377 197
6001 85 613
6001 4460 260
6002 5761 801
6002 6944 818
6003 6449 402
6003 3656 577
6003 224 167
6003 2382 739
6004 3400 976
6004 7205 44
6004 4062 820
6004 1154 547
6004 4331 821
6004 7174 178
6005 2873 881
6005 5278 443
6005 753 198
6005 5360 539
6005 5821 531
6005 5517 632
6005 3564 327
6006 668 783
6006 6367 906
6006 5421 798
6006 3283 341
6006 1353 396
6006 1087 198
6006 6194 427
6006 1006 794
6007 1726 322
6007 3685 570
6007 7378 397
6008 3018 307
6008 5628 582
6009 523 978
6010 3605 456
6010 2632 427
6010 3909 330
6012 31 876
6012 2075 390
6012 7511 672
6012 5046 183
6013 7895 726
6013 2154 955
6014 7839 953
6014 3135 247
6014 5576 737
6014 7327 359
6015 2363 162
6015 1298 612
6016 2357 502
6016 6553 455
6016 7455 194
6016 5046 74
6017 6337 483
6017 2937 1000
6017 3055 914
6017 7165 566
6017 2668 491
6017 4978 835
6018 123 574
6018 2431 439
6018 3375 702
6019 3727 672
6019 4863 15
6019 2593 547
6019 5498 710
6019 5520 600
6020 5971 193
6020 3587 383
6020 2588 228
6020 5901 455
6021 3012 13
6021 7548 868
6021 162 916
6021 738 859
6021 4504 503
6021 3180 52
6021 4364 842
6022 4487 254
6022 4418 627
6022 3334 488
6022 4789 292
6022 3889 649
6022 1196 242
6022 4921 666
6022 7796 155
6023 3472 498
6023 7278 553
6023 5590 548
6023 4931 151
6023 7987 377
6024 7874 264
6025 6629 942
6025 6384 230
6026 3640 606
6026 1634 658
6026 7425 929
6027 6131 565
6027 6963 546
6027 7039 896
6027 6412 92
6027 2238 442
6028 6665 331
6028 1183 574
6028 6496 955
6028 1846 392
6029 2051 647
6029 3890 229
6029 4127 992
6029 4239 557
6030 6973 878
6030 6626 467
6030 3395 522
6031 4576 37
6031 3269 861
6032 1730 505
6032 7316 165
6033 5709 317
6033 7575 82
6033 6775 891
6033 3847 73
6033 4712 193
6034 665 923
6034 6816 969
6034 104 647
6035 7490 68
6035 2500 19
6036 7304 670
6036 1399 642
6037 6614 434
6037 3822 673
6037 4333 366
6038 7275 182
6038 5181 34
6039 7097 80
6039 6565 690
6039 1554 618
6039 4806 774
6039 4358 618
6040 3104 554
6040 7097 986
6040 555 153
6040 1586 970
6041 4030 824
6041 6986 427
6041 2279 734
6042 7282 4
6042 7186 459
6042 6786 706
6042 1859 41
6042 1412 384
6042 5283 726
6042 5446 501
6043 665 941
6043 994 347
6043 5433 535
6043 1543 280
6044 2777 53
6044 5941 135
6044 2174 898
6044 5954 487
6044 7393 100
6044 2695 604
6044 2742 250
6045 5333 533
6045 4479 411
6046 6325 717
6046 5501 464
6046 6263 710
6046 1220 195
6047 4678 572
6047 7124 121
6047 7218 336
6047 4910 665
6048 6171 952
6048 6820 517
6048 7174 263
6048 3443 881
6048 7731 285
6048 4525 70
6049 4615 42
6049 6024 440
6049 6546 474
6049 3138 352
6050 7966 935
6050 281 698
6050 3120 195
6051 7912 840
6051 855 208
6052 2481 809
6052 4349 51
6052 5040 61
6052 247 304
6053 5292 812
6053 187 767
6053 5910 24
6053 7776 113
6054 1358 602
6054 1104 620
6054 4732 6
6055 3941 519
6055 3938 40
6055 1443 852
6055 5711 469
6055 1825 323
6056 2788 788
6056 7072 275
6056 827 59
6056 6159 378
6057 4592 877
6057 2256 559
6057 6463 627
6058 1469 728
6058 3996 823
6058 1394 808
6059 4200 562
6059 7733 450
6060 68 205
6061 3322 875
6061 2915 104
6061 4586 840
6061 7070 51
6061 6977 66
6062 943 541
6062 4123 162
6062 5 814
6062 1184 82
6062 5121 752
6062 1160 99
6063 6059 252
6063 6185 328
6063 6508 985
6063 720 507
6063 5802 908
6063 2690 322
6064 3051 330
6064 2265 582
6064 7942 940
6064 7345 966
6064 131 575
6065 9 126
6065 273 500
6065 3311 865
6065 5861 434
6065 1615 268
6065 3344 5
6066 5591 968
6066 6770 923
6066 1713 824
6066 2804 326
6067 5093 919
6067 2101 269
6068 508 350
6068 6858 269
6068 2171 600
6068 4561 659
6068 7628 430
6068 903 346
6068 7821 359
6068 1284 571
6070 7215 881
6070 5185 606
6070 2111 720
6070 4110 210
6070 4554 21
6071 2225 576
6071 5044 859
6071 7140 500
6071 1069 275
6072 3423 251
6072 4464 329
6072 1370 55
6073 6062 296
6073 1345 668
6073 1404 960
6073 6659 218
6073 6213 669
6073 6335 103
6073 2924 376
6073 5897 486
6074 6758 256
6074 3752 450
6074 2830 780
6074 24 833
6074 2150 902
6075 7052 22
6075 2934 218
6075 2111 948
6075 6534 504
6075 5841 502
6076 6689 857
6077 7615 419
6077 6230 34
6077 2159 901
6077 4740 349
6077 5930 756
6077 3604 823
6077 5440 519
6078 6755 691
6079 7368 492
6079 7184 20
6079 5465 827
6079 97 800
6080 1488 667
6080 1242 185
6080 2244 970
6081 5767 513
6081 1309 880
6081 7205 507
6082 3232 3
6082 3169 795
6082 1356 826
6082 5391 520
6082 4222 119
6082 3237 514
6082 5135 68
6083 3517 956
6083 7342 570
6083 7815 115
6084 5692 693
6085 7883 335
6085 2596 639
6085 1472 414
6085 6468 140
6085 2685 992
6086 3311 750
6086 3084 923
6086 6245 336
6087 5533 299
6087 1407 766
6088 3599 969
6088 4456 508
6088 3750 621
6088 7869 815
6088 1827 149
6089 4691 217
6089 4567 930
6089 1517 788
6090 6827 493
6090 4628 688
6090 6962 627
6090 815 344
6090 3426 200
6091 3748 342
6091 5502 412
6091 3725 330
6091 6283 661
6091 1701 20
6091 7222 934
6091 2417 453
6092 928 421
6093 318 505
6093 141 619
6093 1468 324
6093 7617 232
6093 6528 697
6093 4639 496
6094 3569 99
6094 59 261
6094 3778 230
6094 4645 937
6094 720 283
6094 5984 172
6095 7671 182
6095 2464 174
6095 6436 234
6095 2868 641
6096 6578 833
6096 1686 646
6096 2935 327
6097 27 940
6097 2221 970
6097 1019 282
6097 51 303
6097 6542 20
6098 4833 27
6099 1796 607
6099 2641 714
6099 421 136
6099 6300 329
6099 6221 651
6100 134 348
6100 5098 134
6100 7873 814
6100 6356 436
6100 6083 660
6100 458 755
6100 2776 735
6101 6163 942
6101 7116 343
6102 1444 543
6102 1446 998
6102 2679 145
6102 7064 688
6102 2472 380
6102 1903 567
6102 5843 247
6103 4596 922
6103 7992 188
6103 7590 857
6103 960 777
6103 6574 770
6104 6487 319
6104 1293 650
6104 5248 29
6105 3506 921
6105 7720 781
6105 7202 230
6105 6366 272
6106 2635 570
6106 5331 201
6106 1354 312
6106 4476 141
6106 4719 275
6107 721 92
6107 1954 881
6107 3766 576
6107 6141 330
6108 238 661
6108 5842 61
6108 4009 582
6108 1602 804
6109 5694 221
6109 2503 784
6110 1232 244
6110 7339 520
6110 2371 214
6111 5880 160
6111 2587 446
6111 1054 249
6111 6838 318
6111 4826 155
6112 4421 425
6112 1311 712
6112 1974 903
6112 4210 11
6112 6499 863
6113 6239 114
6113 435 528
6113 5789 661
6114 99 669
6114 1096 387
6114 3174 290
6115 1512 595
6115 892 375
6116 96 886
6116 5709 318
6116 1245 459
6117 4878 649
6117 1673 147
6117 7557 171
6117 2240 987
6117 5945 99
6118 7133 105
6118 1593 700
6118 6973 891
6118 6297 387
6118 7218 839
6120 2489 180
6120 6721 367
6121 4891 859
6121 5714 809
6121 5611 42
6121 6047 419
6121 6492 409
6121 2761 70
6122 4322 934
6122 227 124
6122 4918 315
6122 3889 762
6122 190 92
6123 5136 20
6123 2501 597
6123 6282 657
6123 2124 628
6123 231 986
6124 7862 637
6124 4654 372
6124 4284 836
6124 4909 103
6124 4989 126
6124 3972 438
6124 3075 626
6125 7795 669
6125 4808 451
6125 629 630
6125 5148 244
6125 1417 503
6126 7984 26
6126 201 360
6126 4713 182
6126 3946 735
6126 1369 882
6127 4041 930
6127 2370 119
6127 992 384
6127 7847 266
6127 7800 215
6128 3394 94
6128 1260 938
6128 7081 754
6128 556 961
6129 6352 99
6129 5992 728
6129 2469 831
6129 5725 696
6130 7390 768
6130 6171 406
6130 7870 775
6131 3246 804
6131 5521 571
6131 3463 215
6131 7355 814
6131 7961 647
6131 7453 907
6131 3618 123
6131 2066 477
6131 707 994
6132 7557 182
6132 7118 593
6132 6012 45
6133 3112 28
6133 6582 483
6134 571 187
6134 1777 291
6134 1714 116
6134 3461 164
6134 1626 724
6135 3683 693
6135 110 298
6135 4502 189
6135 1005 839
6135 7174 350
6136 6476 188
6136 936 366
6136 3410 49
6136 5030 294
6136 820 884
6137 913 500
6137 6190 820
6137 748 150
6138 5559 111
6138 2483 723
6138 6083 587
6138 4177 957
6139 1278 112
6139 1135 183
6139 897 78
6140 3476 327
6140 6508 904
6141 6828 585
6141 3176 400
6142 3735 410
6142 5975 645
6142 1216 440
6142 6220 805
6143 7713 204
6143 3319 154
6143 257 536
6144 7039 337
6144 7640 42
6144 2790 773
6144 1260 444
6144 796 805
6145 1596 985
6145 540 550
6145 6878 837
6145 277 219
6146 5648 146
6146 191 926
6147 6965 29
6147 4371 700
6147 3320 104
6147 7768 911
6148 3174 781
6148 4114 829
6148 352 723
6148 6698 249
6148 48 809
6148 3094 950
6148 450 380
6149 6923 640
6149 1227 923
6149 4030 757
6149 5274 756
6150 6565 188
6150 7625 956
6150 2112 810
6150 1211 781
6150 1896 639
6151 1042 315
6151 889 969
6151 5551 818
6151 1974 881
6151 6450 412
6151 326 312
6153 5114 524
6153 125 53
6153 3895 693
6153 351 903
6153 1274 212
6153 5912 535
6154 1496 84
6154 7142 494
6154 2718 825
6154 6753 746
6154 5356 700
6154 6053 680
6154 779 549
6154 1204 545
6155 4642 348
6155 5153 123
6156 6456 973
6156 4858 22
6156 3788 25
6157 4271 138
6157 3809 735
6157 2934 718
6157 3211 29
6157 2667 263
6158 4930 511
6158 3115 524
6158 6950 168
6158 6462 26
6158 2762 828
6158 27 52
6159 7582 906
6160 3856 450
6160 5511 8
6160 7660 140
6160 5882 318
6160 7793 643
6161 1542 650
6161 718 990
6161 6528 535
6161 1033 266
6162 1611 651
6162 7766 191
6162 4152 622
6162 7609 400
6162 1002 498
6162 5416 637
6163 6936 510
6163 6504 124
6163 216 517
6164 6046 599
6165 5713 645
6165 4345 34
6165 3204 450
6167 6679 38
6167 1974 163
6167 1464 695
6167 1226 745
6167 4492 267
6169 5175 539
6169 3295 883
6169 541 624
6169 2118 233
6169 4540 831
6169 1163 518
6169 1431 772
6169 5606 453
6169 6552 849
6169 3083 571
6169 6623 40
6170 5547 312
6170 6242 422
6171 6291 890
6171 3474 436
6171 7971 185
6171 6637 794
6171 617 904
6171 2234 657
6172 7288 841
6172 3926 543
6172 6116 702
6172 5457 588
6173 1835 485
6173 5058 752
6173 4901 425
6173 1817 954
6174 1842 997
6174 4683 88
6174 76 744
6174 4381 905
6174 6293 639
6175 1565 643
6175 6109 52
6175 6760 367
6175 4120 778
6176 996 18
6176 1380 713
6176 5234 878
6176 5608 373
6176 7425 976
6176 2395 286
6176 2112 527
6177 3261 9
6177 3321 860
6177 6373 157
6177 7551 356
6177 5770 571
6177 6407 880
6178 4745 921
6178 7151 341
6178 4923 536
6178 694 509
6178 7648 935
6179 4984 118
6179 7529 321
6179 3440 233
6179 2401 733
6180 2201 205
6180 7337 296
6180 2329 869
6180 7298 333
6180 5409 244
6180 7645 263
6180 1298 760
6181 7061 404
6181 624 883
6181 3036 517
6181 7529 284
6182 2348 346
6182 4750 299
6182 5769 46
6182 4626 630
6183 3687 35
6183 4130 484
6183 153 971
6183 824 929
6184 6673 388
6184 5586 608
6184 5356 16
6184 6254 422
6184 6658 242
6184 2626 492
6185 3863 186
6185 4569 19
6186 5511 891
6186 2456 910
6186 1857 582
6186 3343 817
6186 2123 472
6187 1533 169
6187 6067 95
6187 1859 893
6187 5325 93
6187 6730 643
6187 7313 811
6188 988 810
6188 3835 210
6188 3608 229
6188 293 529
6188 5306 746
6189 4062 29
6189 6494 946
6189 5049 326
6189 7110 772
6189 1548 58
6190 4329 238
6190 4771 153
6190 1028 703
6190 4797 843
6190 3641 764
6191 2426 467
6191 1052 283
6192 4232 824
6192 4901 553
6192 1873 156
6192 4416 591
6192 4812 692
6193 649 571
6193 1492 966
6193 6120 608
6193 1417 658
6194 7838 743
6194 1174 689
6194 4731 365
6194 3484 954
6194 5419 474
6194 3304 346
6194 5806 809
6194 7517 923
6194 1431 759
6194 6001 122
6195 3652 276
6195 2077 728
6195 6637 147
6195 1590 177
6195 2570 597
6196 5233 923
6196 4475 89
6196 3505 692
6196 3536 1
6196 4331 684
6196 606 421
6197 5865 602
6197 7598 676
6197 5229 800
6198 6662 797
6198 6579 160
6198 6682 704
6198 6278 300
6199 2801 407
6199 3312 753
6199 1047 726
6200 370 253
6200 2660 308
6200 3556 598
6200 6747 371
6200 4890 749
6201 1760 878
6201 7701 478
6201 933 891
6201 6469 169
6201 7496 213
6202 1249 129
6203 4953 107
6203 2415 6
6203 3027 326
6203 2981 50
6203 4884 852
6204 690 436
6204 4334 465
6204 4247 97
6204 2121 532
6205 528 833
6205 4118 958
6205 2767 806
6205 713 925
6206 1077 999
6206 2687 999
6206 4756 961
6206 5412 927
6207 7245 499
6207 7183 302
6207 429 476
6207 3764 160
6207 423 930
6207 6516 846
6207 2184 27
6207 146 249
6207 4839 603
6207 3073 625
6208 1773 479
6208 2420 891
6208 120 617
6208 3742 467
6208 4516 73
6208 4089 606
6209 832 734
6209 5614 507
6209 4265 164
6209 1167 418
6209 4736 300
6209 2732 64
6210 1907 346
6211 6767 584
6211 7223 726
6211 7109 597
6211 6350 515
6211 1774 448
6212 3386 35
6213 7499 388
6213 1114 71
6213 4457 20
6213 713 905
6213 2030 539
6215 2550 418
6215 2585 124
6215 3258 710
6215 5352 359
6215 5363 71
6216 7257 958
6216 2725 101
6216 5214 390
6216 7335 910
6216 5428 888
6216 5585 947
6216 7433 369
6216 3181 311
6216 3129 277
6216 535 139
6217 6322 485
6217 6661 220
6217 5620 998
6218 5291 709
6218 5275 518
6218 3809 183
6219 3125 385
6219 3566 90
6219 3576 359
6219 4912 76
6219 5937 488
6219 7027 603
6220 6109 433
6220 5616 461
6220 1101 775
6220 2012 428
6220 1975 725
6221 1147 560
6221 2268 649
6221 4579 171
6221 360 58
6221 5610 39
6221 4529 109
6221 7947 987
6221 6686 960
6221 5802 252
6222 3541 331
6222 2588 412
6222 3593 806
6223 7577 945
6223 4900 220
6223 3542 165
6223 3690 676
6224 6292 929
6224 1589 645
6225 2089 470
6225 2094 464
6225 5253 335
6225 4248 763
6225 2201 301
6225 36 916
6225 4478 829
6225 328 827
6225 1445 840
6226 1709 27
6226 4659 12
6226 3539 482
6226 6396 704
6226 3565 562
6227 5555 380
6227 5767 121
6227 5245 4
6227 1870 799
6227 1159 834
6227 7815 795
6227 5368 77
6228 5201 404
6229 2230 576
6230 5322 693
6230 4760 478
6231 911 657
6231 6998 562
6231 7581 847
6231 2116 791
6232 2644 471
6232 7865 601
6232 7463 56
6233 4385 493
6233 4688 586
6234 3096 921
6234 6924 196
6234 8 891
6234 1973 821
6234 398 986
6235 1882 391
6235 6017 841
6235 5372 657
6235 7880 481
6236 682 305
6236 652 601
6236 4537 486
6236 887 658
6236 2247 7
6236 7698 561
6237 5034 722
6238 1466 451
6238 4302 612
6238 4017 642
6238 842 514
6239 3626 464
6239 1509 538
6239 3391 108
6240 7066 650
6240 1116 544
6240 2177 432
6240 5173 994
6240 7169 68
6241 2784 179
6241 3139 735
6241 451 690
6241 2206 877
6242 6483 580
6242 4426 657
6242 3922 471
6242 7069 256
6243 3080 417
6243 5702 72
6243 4190 891
6243 5412 694
6243 7951 855
6244 4640 743
6245 3544 491
6245 6137 410
6245 6396 202
6246 7413 496
6246 5893 342
6246 4260 861
6246 2375 661
6246 121 88
6246 1476 390
6247 6168 525
6247 5339 638
6247 5622 33
6247 5098 500
6248 7887 141
6248 394 640
6248 2949 81
6248 7584 90
6248 6130 208
6249 368 52
6249 172 203
6249 3028 22
6249 202 848
6250 0 303
6250 6661 333
6250 5101 329
6250 6640 294
6251 4564 285
6251 3776 435
6251 4276 998
6252 2090 6
6252 5415 374
6252 6086 247
6252 5254 733
6253 3095 201
6253 6542 519
6253 4904 573
6254 989 161
6254 4536 50
6254 5869 948
6254 3472 124
6254 2061 436
6254 72 886
6254 1797 248
6255 2099 989
6255 955 10
6255 607 574
6256 7439 569
6256 2416 354
6256 6577 847
6256 6085 891
6256 7979 857
6256 3985 698
6256 6862 345
6256 1709 792
6256 2412 227
6257 4899 720
6257 1668 126
6257 1750 152
6257 7585 655
6257 7543 865
6257 1026 176
6257 6640 740
6258 2452 110
6259 4745 140
6259 763 261
6259 5399 277
6260 4624 871
6260 6377 861
6260 4062 976
6260 986 699
6260 6588 790
6260 2730 91
6260 6678 664
6261 717 595
6261 2984 521
6261 7641 182
6261 2547 484
6261 6459 565
6261 1989 890
6261 6233 125
6262 5945 472
6262 1525 173
6262 7988 562
6262 7458 848
6262 664 31
6263 936 223
6263 5265 171
6263 7107 655
6263 6697 868
6264 3513 125
6264 6179 581
6264 541 261
6264 4520 146
6265 6317 666
6265 75 922
6266 7683 916
6266 6601 855
6266 1470 152
6266 6604 829
6267 5369 751
6267 136 62
6267 2727 761
6267 260 563
6267 971 1
6267 6254 315
6267 6984 396
6267 6796 58
6267 1201 569
6267 1446 314
6267 4892 937
6268 1221 497
6268 4389 139
6268 1454 503
6269 5206 364
6269 3081 546
6270 2518 889
6270 7988 258
6270 717 165
6271 6460 559
6271 4148 686
6271 7102 998
6271 3987 204
6271 7336 321
6272 2654 892
6272 2001 862
6273 7850 310
6273 7427 285
6273 7441 226
6273 6984 769
6274 1087 992
6274 2874 851
6274 2689 947
6275 477 824
6275 3429 513
6275 3897 527
6276 4256 200
6276 2420 258
6276 1595 382
6277 1111 694
6277 2413 868
6277 2328 70
6278 6080 563
6278 2037 843
6278 5800 816
6278 5104 19
6279 1077 431
6280 3832 493
6281 5937 99
6281 7323 934
6281 2310 992
6281 7182 64
6281 2354 250
6281 4608 511
6282 1969 624
6282 125 556
6283 2221 407
6283 7017 91
6283 1207 827
6283 6944 784
6284 3118 322
6284 7392 634
6284 6539 108
6284 782 583
6284 14 220
6285 304 572
6285 2327 291
6285 1502 937
6285 689 226
6285 6503 384
6285 1667 778
6286 7049 475
6286 7790 435
6286 1084 886
6286 5837 626
6287 6089 703
6287 6072 148
6287 6384 222
6287 6168 344
6287 7378 206
6287 1612 296
6287 1003 936
6288 20 248
6288 4685 902
6288 6642 687
6288 906 443
6288 7358 243
6288 7949 150
6289 7766 726
6289 7623 294
6289 5761 670
6290 487 805
6290 2827 310
6290 6889 435
6291 7431 293
6291 7392 510
6291 2563 197
6291 7016 998
6291 1449 987
6291 1373 695
6292 5891 767
6292 7503 91
6292 2471 914
6292 5174 121
6292 1052 72
6292 6956 789
6293 2951 441
6293 155 786
6294 3398 989
6294 4805 372
6295 7483 321
6295 6493 976
6296 1206 784
6296 5057 154
6297 2688 627
6297 5227 221
6297 654 748
6297 7799 61
6298 7319 262
6298 2487 270
6298 3027 720
6299 984 876
6299 5346 7
6299 2216 480
6299 4943 635
6299 3118 945
6299 2938 492
6299 2107 250
6300 6294 422
6300 3828 303
6300 149 385
6300 4313 699
6301 7860 694
6301 2521 470
6302 379 578
6302 2274 517
6302 3585 687
6302 1743 370
6302 6370 318
6302 1169 299
6302 3336 12
6303 7500 308
6303 715 970
6303 2694 860
6304 1261 714
6304 7478 574
6304 7065 174
6304 4165 889
6305 6105 418
6305 5060 100
6306 2675 616
6306 621 625
6306 2827 69
6306 708 353
6306 7920 813
6307 1314 390
6307 113 890
6307 6556 195
6307 5427 733
6307 2485 434
6308 5617 192
6308 1386 471
6308 1442 960
6308 6556 401
6309 1191 463
6309 956 567
6309 1883 55
6309 7737 96
6309 6017 732
6309 2793 137
6310 2206 184
6310 691 247
6310 7594 902
6310 7792 681
6311 6642 49
6311 7319 714
6312 6576 428
6312 6867 287
6312 2232 307
6313 5256 400
6313 1859 241
6313 3751 904
6314 286 230
6314 1401 634
6314 5733 855
6315 995 571
6315 7808 546
6315 2546 123
6316 1616 390
6316 2019 676
6316 4566 270
6316 3744 385
6316 1830 632
6317 211 154
6317 2291 184
6317 2923 53
6317 3613 866
6318 5212 160
6318 4368 525
6318 6899 762
6318 2580 78
6319 2157 154
6319 1134 383
6319 6835 924
6319 2084 281
6319 7099 248
6319 7215 634
6320 5969 675
6320 196 690
6320 7228 20
6320 1329 553
6321 3096 224
6321 6539 625
6321 2238 926
6322 4935 554
6322 2721 158
6322 4354 8
6322 843 339
6322 4486 44
6323 3153 430
6323 7630 972
6323 299 485
6323 7434 108
6323 2146 418
6324 1082 698
6324 6960 912
6324 5658 28
6324 3486 94
6325 5170 436
6325 5667 803
6325 3795 27
6327 3403 378
6327 421 356
6327 2039 846
6327 1552 171
6328 3773 251
6328 6877 448
6328 7931 282
6329 1915 484
6329 1381 415
6329 2868 514
6329 6474 674
6329 3500 570
6329 270 772
6330 6001 192
6330 4804 619
6330 197 479
6330 5853 556
6331 3455 951
6331 813 139
6331 7423 355
6331 6730 831
6331 2658 19
6331 1461 322
6332 6886 730
6332 5460 509
6332 2724 127
6332 612 435
6333 4962 43
6333 6224 105
6333 1885 798
6334 6995 434
6334 5267 368
6334 4334 989
6335 4288 395
6335 2849 168
6335 7482 229
6336 2246 860
6336 4262 265
6336 3725 388
6337 2427 726
6337 1496 59
6337 1914 782
6338 6577 502
6338 3025 917
6338 1201 965
6339 879 673
6339 7481 493
6339 756 844
6340 217 305
6340 1894 251
6340 3753 529
6340 6952 647
6341 940 642
6341 2324 185
6341 1627 501
6341 5063 172
6342 3260 274
6342 6818 64
6342 864 813
6343 4713 298
6343 5933 303
6343 6977 144
6343 360 169
6344 4557 461
6344 5564 55
6344 1128 775
6344 1538 699
6344 4328 306
6344 1736 233
6344 7662 415
6345 1833 59
6345 6294 277
6346 5594 299
6346 801 364
6346 4001 92
6346 7616 209
6346 7701 540
6347 3378 815
6347 5532 888
6347 6743 978
6347 118 376
6348 7336 816
6348 281 375
6349 4335 553
6349 1291 331
6349 5233 427
6350 6920 290
6350 3641 309
6350 1579 199
6350 4051 142
6351 5349 133
6351 7543 440
6351 1492 396
6351 914 214
6351 4618 368
6351 7515 429
6352 24 982
6352 2313 188
6352 102 254
6352 2059 655
6353 4894 706
6353 7998 850
6353 4727 931
6353 6328 227
6353 1755 708
6353 6408 837
6354 3162 686
6354 5286 663
6355 3599 480
6355 7955 925
6355 7351 884
6355 2797 677
6356 44 876
6356 3837 57
6356 2560 715
6356 3519 391
6356 1345 197
6356 1592 941
6356 3123 685
6356 1225 598
6357 1448 605
6357 6227 972
6357 1270 951
6357 4219 168
6357 7936 985
6357 6134 984
6358 2857 993
6359 1430 993
6359 6231 94
6359 277 445
6359 253 699
6360 3801 531
6360 4439 628
6360 2846 787
6361 7881 81
6361 4685 736
6361 6044 475
6361 807 72
6361 1218 347
6361 5310 737
6361 6132 934
6361 211 220
6362 7359 439
6362 2364 19
6362 7777 685
6362 4157 79
6363 1246 695
6363 5203 940
6363 3756 130
6363 1985 448
6363 2732 874
6363 6164 542
6363 5048 940
6364 3799 210
6364 6097 404
6364 3599 237
6364 2356 857
6364 3817 283
6364 7538 630
6364 5768 269
6364 1932 887
6364 7265 190
6366 5867 598
6366 6233 801
6366 2095 542
6366 5936 971
6366 225 784
6366 1303 129
6367 5267 990
6367 7390 872
6367 5928 827
6367 5323 329
6367 4272 122
6367 1684 700
6368 5218 789
6368 7326 815
6368 134 829
6369 5523 501
6369 6289 206
6369 7767 134
6370 699 885
6370 925 629
6370 4718 907
6370 2660 693
6370 3393 910
6371 7350 269
6371 893 317
6371 4809 434
6371 4014 821
6372 7964 940
6372 2074 564
6372 1531 122
6372 1898 986
6372 1684 481
6373 1341 534
6373 6808 816
6373 2003 259
6373 2898 807
6374 2827 729
6374 3854 947
6374 1475 153
6374 7455 281
6375 5295 142
6376 2996 154
6376 74 52
6376 1572 819
6377 2633 232
6377 7877 269
6377 3505 843
6377 6262 1
6377 3555 758
6377 1298 338
6378 2007 975
6378 6728 350
6379 4431 311
6379 2451 268
6379 2404 786
6379 3306 629
6379 5810 189
6379 2831 471
6379 3502 196
6380 4280 536
6380 3249 909
6381 7726 763
6381 7683 391
6381 3484 33
6382 1018 926
6382 3051 85
6382 698 147
6382 6377 816
6382 1752 126
6382 1262 531
6383 413 304
6383 6294 17
6383 7657 418
6383 4697 40
6383 2583 373
6384 1920 984
6385 881 973
6385 5907 182
6385 2395 395
6386 5296 493
6386 5931 577
6386 1072 964
6386 4853 341
6387 767 172
6388 7283 859
6388 5309 881
6388 3010 734
6388 924 592
6389 3129 367
6390 3991 409
6390 3102 6
6390 1028 793
6391 5471 936
6391 891 37
6391 3609 177
6391 7524 10
6391 7813 303
6391 1652 34
6392 988 157
6392 7881 360
6392 1485 404
6392 1717 562
6393 7792 997
6393 388 132
6393 2004 692
6393 7831 759
6393 1640 150
6393 5181 559
6394 1832 162
6394 3806 581
6394 6682 257
6394 7572 553
6394 208 71
6394 806 29
6394 4650 718
6395 3787 812
6395 5332 277
6396 6787 165
6396 4618 643
6397 3258 689
6397 2993 285
6397 6149 792
6398 6222 129
6398 3658 955
6398 2937 969
6398 6780 465
6398 3184 837
6398 4066 885
6398 3259 218
6399 5748 655
6400 3631 580
6400 4985 567
6401 4798 379
6401 2123 989
6402 3278 319
6402 544 641
6402 5088 501
6403 1904 263
6403 7581 869
6403 3655 27
6404 5454 147
6404 7169 594
6405 3192 509
6405 365 92
6405 6726 529
6405 7275 395
6406 7992 123
6406 5946 359
6408 1101 948
6408 216 499
6409 6338 600
6409 7689 501
6409 5479 426
6409 1758 30
6410 2268 818
6410 1194 546
6411 4823 180
6411 4225 444
6411 1840 873
6411 4021 531
6411 1948 334
6411 4950 851
6412 5286 312
6412 7884 646
6412 4226 757
6412 5882 279
6412 4701 574
6413 7237 887
6413 3227 844
6413 7650 374
6414 6892 274
6414 7526 946
6414 6313 815
6415 4007 868
6415 2289 620
6415 4961 421
6415 1229 727
6415 7934 537
6415 5246 581
6416 420 934
6416 6368 694
6416 5348 720
6416 231 411
6416 2630 24
6417 4009 42
6417 304 533
6417 6881 452
6418 1276 819
6418 6694 370
6418 6845 578
6418 4725 875
6418 5603 711
6419 6460 315
6419 2441 647
6419 3587 603
6419 2268 242
6419 6204 368
6420 5483 1000
6420 1323 368
6422 2969 546
6422 2979 48
6422 3845 229
6423 2909 343
6423 6992 875
6423 1101 211
6424 6167 445
6424 2101 728
6425 5295 457
6425 154 658
6425 4227 152
6426 3265 924
6426 6385 810
6426 697 104
6426 3070 463
6427 6091 87
6427 1059 246
6427 7964 378
6427 1150 412
6427 2177 96
6427 4177 778
6428 1620 102
6428 6177 558
6428 1645 828
6428 6357 567
6429 7037 158
6429 3660 993
6429 5682 840
6429 2177 277
6429 331 506
6430 5464 215
6430 7695 125
6430 7186 562
6430 2253 767
6431 7563 829
6431 3303 296
6431 7970 923
6432 5680 67
6432 5839 62
6432 7134 198
6432 173 910
6432 881 553
6432 851 112
6432 7246 469
6433 4073 414
6433 7522 937
6433 6924 128
6433 4353 300
6434 1639 396
6434 4458 636
6434 1878 75
6434 7477 392
6434 2197 344
6434 1209 385
6435 95 798
6435 6167 618
6436 7450 872
6436 4385 243
6437 4733 944
6437 6348 892
6437 4972 329
6437 4974 834
6437 4509 264
6437 2309 63
6438 1860 797
6438 3699 787
6438 121 189
6438 1926 616
6438 4315 976
6439 2074 832
6439 4344 582
6439 4075 742
6439 2232 535
6440 6961 32
6440 5076 29
6440 5733 384
6441 225 818
6441 2807 586
6441 6283 859
6441 683 359
6441 7177 388
6442 7378 278
6442 3457 657
6442 2098 420
6442 521 141
6442 5621 950
6442 2568 564
6443 3591 841
6443 2395 420
6444 3609 659
6444 2180 769
6444 4476 355
6444 3520 241
6445 5476 457
6445 6927 25
6445 244 201
6445 4847 486
6445 5935 568
6445 144 303
6446 7500 650
6446 1092 251
6446 7731 734
6446 3103 523
6446 2359 900
6446 7515 106
6446 2369 724
6447 5186 423
6447 302 437
6447 6680 992
6448 5299 649
6448 5151 339
6448 3084 392
6448 2091 320
6449 5687 928
6449 3169 617
6449 4083 428
6449 4366 985
6449 756 811
6449 2011 710
6449 5816 735
6450 6538 859
6450 7878 543
6450 4088 139
6451 4915 360
6451 3719 661
6451 3433 909
6451 1385 31
6451 5039 191
6451 1012 385
6451 1464 947
6451 7739 681
6451 3373 362
6452 4658 849
6452 2862 138
6452 4103 562
6452 3054 752
6452 7640 308
6452 4797 740
6452 1427 478
6452 3964 516
6452 7986 870
6452 2711 342
6454 6723 348
6454 7590 996
6455 743 244
6455 3996 30
6455 4019 639
6455 2890 412
6456 3840 439
6456 3848 719
6456 7596 774
6456 5645 72
6456 4750 564
6456 1523 165
6457 4705 159
6457 1602 66
6457 494 684
6458 3302 242
6458 564 131
6458 7937 710
6458 5307 283
6458 559 910
6458 3812 38
6459 2033 174
6459 3337 611
6459 5566 135
6459 5003 240
6459 5319 838
6459 4366 56
6460 5253 604
6460 81 290
6460 831 418
6460 7443 293
6461 5012 523
6461 1375 1
6461 1208 63
6462 1938 432
6462 2716 811
6462 3823 159
6462 61 123
6462 1845 299
6463 2746 83
6463 5578 835
6463 259 280
6463 6364 681
6464 6151 259
6464 659 524
6464 6233 732
6464 730 432
6464 7922 505
6465 2814 205
6465 4644 703
6465 829 304
6466 7284 296
6466 3795 930
6466 4619 490
6467 387 870
6467 779 317
6467 6351 975
6467 3721 490
6468 5208 684
6468 1453 896
6468 423 693
6469 6476 552
6469 5264 726
6469 3596 888
6469 5593 365
6469 525 707
6469 118 182
6470 5030 399
6471 5070 398
6471 4443 978
6471 4070 820
6472 7508 803
6472 5230 844
6472 1153 939
6472 609 443
6473 5398 936
6473 6361 801
6473 2684 186
6473 6167 88
6473 2745 712
6473 1110 948
6474 6336 190
6474 46 740
6474 7940 854
6475 4291 159
6475 5707 17
6476 3425 470
6476 2162 829
6476 7144 397
6476 5064 643
6476 3423 91
6476 5041 265
6476 4312 536
6477 1067 357
6477 4085 514
6477 636 111
6477 6845 438
6477 2703 6
6477 4814 707
6477 295 320
6478 5878 278
6478 3934 305
6479 1368 985
6479 6869 280
6479 4731 183
6479 6645 482
6479 4522 568
6479 6369 878
6479 3827 256
6480 3501 54
6480 5272 625
6480 2223 943
6481 3212 879
6481 6029 366
6481 5495 271
6481 82 983
6481 492 627
6481 5162 526
6481 6294 422
6481 6817 862
6482 4402 295
6482 5362 280
6482 7678 562
6483 7910 188
6483 1797 896
6483 2939 781
6483 7256 663
6483 1382 988
6483 7178 67
6483 842 895
6483 3877 481
6483 7195 876
6483 4146 462
6483 7183 688
6484 4521 187
6484 2873 615
6484 502 902
6484 1913 572
6485 409 389
6485 80 23
6485 3036 916
6485 1964 175
6485 4945 222
6485 6466 17
6486 6443 696
6486 5080 172
6486 5739 508
6486 4050 190
6487 774 940
6487 6313 401
6488 7044 445
6488 3935 83
6488 5696 887
6488 7357 107
6488 6932 438
6488 3982 58
6489 1576 832
6489 835 414
6489 4869 217
6489 3916 352
6489 5616 794
6489 6163 770
6490 6066 303
6490 833 816
6490 248 815
6490 1701 5
6490 747 785
6490 5654 112
6490 1364 17
6490 6387 623
6490 1678 494
6491 4593 814
6491 4819 29
6491 4400 266
6492 5351 390
6492 4976 458
6492 4563 761
6492 2863 824
6492 2602 788
6492 4053 503
6493 2033 70
6493 2783 375
6493 3870 929
6493 2527 606
6494 2671 348
6494 5 87
6494 5443 592
6494 7199 223
6494 669 928
6494 7139 168
6495 3768 675
6495 6776 576
6495 6997 776
6495 6824 98
6495 3754 97
6496 4151 580
6496 6080 931
6496 7737 259
6496 7740 453
6497 5554 96
6497 6036 798
6497 2099 550
6497 1908 160
6498 476 86
6499 3455 369
6499 5669 835
6499 6192 340
6500 235 651
6501 7937 22
6501 7380 525
6501 5628 304
6501 7634 553
6501 7605 957
6502 1576 824
6502 7196 585
6502 5171 511
6502 268 646
6502 6530 829
6502 3413 461
6502 495 611
6503 4261 185
6503 7727 969
6503 3449 84
6503 3972 424
6504 530 366
6504 1192 459
6504 183 502
6504 7167 804
6505 1214 625
6505 3810 2
6505 3393 64
6505 6118 262
6505 4625 475
6505 829 122
6506 4304 623
6506 2519 152
6506 2579 773
6506 5380 674
6506 6454 733
6506 4283 572
6507 4455 219
6507 1779 758
6507 48 936
6508 5603 277
6508 6180 920
6508 3713 306
6508 4328 269
6508 4973 943
6509 2472 424
6509 6935 589
6509 4134 814
6510 659 892
6510 554 411
6510 6881 100
6510 1269 654
6511 3296 100
6511 7078 624
6511 2877 585
6511 4062 34
6512 102 714
6512 2682 630
6513 673 399
6513 5824 559
6514 1776 426
6514 7876 409
6514 7623 212
6514 2137 639
6515 5730 683
6515 5688 751
6515 3693 919
6515 1718 317
6515 6501 674
6515 5630 515
6515 5373 714
6516 3654 184
6516 1003 758
6516 2731 857
6516 2923 699
6516 5946 843
6517 4751 951
6517 7942 752
6517 4429 265
6517 1610 277
6517 7421 782
6517 3095 508
6518 2665 721
6518 942 624
6519 4604 494
6519 7843 334
6519 303 155
6519 1973 529
6520 1672 202
6520 440 377
6520 7759 598
6520 1319 800
6520 5234 613
6520 4957 940
6520 5933 503
6521 4234 480
6521 7702 862
6521 4292 535
6521 2535 900
6522 4415 563
6522 2852 251
6522 5482 683
6522 6579 871
6523 3310 852
6523 2397 333
6523 5699 417
6524 7227 563
6524 7896 302
6524 151 902
6524 7079 616
6525 3168 39
6525 3340 791
6525 541 631
6525 4168 782
6525 5666 559
6525 4541 5
6526 1319 364
6526 7482 978
6527 3903 431
6528 7707 203
6528 5092 98
6528 5170 426
6528 4400 193
6529 5632 173
6529 2007 50
6530 5526 935
6531 797 33
6531 6244 922
6531 3355 520
6531 4117 367
6531 359 778
6532 7372 754
6532 2201 802
6533 3315 212
6533 895 624
6533 4802 707
6533 1705 265
6533 1390 359
6533 2522 340
6534 5516 557
6534 2631 119
6534 5017 397
6534 1417 798
6534 5436 586
6534 1751 217
6534 1906 547
6534 232 48
6535 3828 533
6535 7283 342
6536 5917 655
6536 6473 474
6536 2474 171
6536 38 415
6536 1613 208
6537 780 249
6537 100 528
6538 3214 907
6538 6121 542
6538 7917 238
6538 2770 469
6538 788 206
6539 6864 547
6539 3197 775
6539 1629 168
6539 5771 850
6539 4016 74
6539 4397 940
6539 3476 947
6540 7136 835
6540 5166 26
6540 780 48
6541 1321 580
6541 5316 305
6541 7293 287
6541 4998 997
6541 1396 403
6541 1829 906
6542 6658 880
6542 6290 35
6542 4741 620
6542 1907 115
6542 3175 645
6542 5219 524
6542 247 586
6542 2082 214
6543 3662 222
6543 671 394
6543 3412 539
6543 1773 110
6543 105 371
6544 4911 688
6544 2446 772
6544 6626 477
6544 5638 523
6544 185 921
6545 2766 309
6545 1124 854
6545 581 462
6546 1888 181
6546 4442 336
6546 3718 238
6546 5768 609
6546 1043 456
6546 7669 792
6546 6622 537
6547 2000 823
6547 2383 874
6547 5738 356
6547 1940 525
6547 2446 856
6547 5763 293
6548 1159 609
6548 4059 4
6548 5152 798
6548 7867 4
6548 2437 215
6548 2752 697
6549 5428 897
6549 5015 835
6549 5378 372
6549 1711 174
6549 4233 382
6550 5982 415
6550 609 852
6550 4293 674
6550 3684 873
6550 6703 142
6550 3881 736
6550 4290 380
6551 6339 640
6551 3980 523
6551 1068 510
6551 117 798
6551 5051 3
6552 5205 563
6552 6318 122
6552 708 63
6552 2931 713
6552 5270 432
6553 6511 310
6553 5716 511
6553 2209 711
6553 4896 265
6553 2995 941
6554 4188 668
6554 1365 937
6554 3460 550
6554 6774 59
6554 5631 328
6555 2488 472
6555 2247 461
6555 1414 268
6555 7738 822
6555 1871 585
6555 6842 379
6555 1708 686
6556 5574 598
6556 6134 496
6556 7115 600
6556 7041 612
6557 4439 345
6557 1409 957
6557 1653 851
6557 4700 168
6557 5492 774
6558 2081 793
6558 1412 334
6558 3722 607
6558 6815 335
6558 4096 268
6559 7138 721
6559 5653 275
6559 6939 169
6559 4578 27
6559 6314 67
6560 2686 521
6560 4256 902
6560 2846 274
6560 6166 142
6560 1714 125
6560 65 135
6560 1251 628
6561 6202 139
6561 4360 998
6561 6424 620
6561 5888 930
6561 4592 147
6561 6244 715
6562 5678 153
6562 3216 145
6562 1041 639
6563 3863 263
6563 5960 940
6564 5528 57
6564 2291 469
6564 210 86
6564 4048 863
6564 3660 267
6566 4994 376
6566 4420 527
6566 2246 717
6566 212 448
6567 5140 449
6568 4262 292
6568 2097 981
6568 5057 154
6568 4884 603
6568 3424 470
6568 7507 472
6568 7791 696
6568 1519 186
6569 4575 341
6569 7990 468
6569 6996 336
6570 3299 542
6571 7954 382
6571 5356 990
6571 3281 270
6571 5016 835
6571 60 181
6572 2988 657
6572 3847 734
6572 4317 930
6572 4943 730
6572 5263 685
6572 377 209
6572 6487 561
6573 6889 718
6573 4947 389
6573 4092 758
6573 3657 56
6573 3354 914
6573 4718 821
6574 6872 179
6575 7682 702
6575 6303 954
6575 1237 864
6575 1607 482
6576 1470 899
6576 5813 693
6576 6940 778
6576 7665 236
6576 55 798
6577 1547 193
6577 6745 799
6577 544 398
6577 588 198
6577 433 978
6578 5208 990
6578 3145 685
6578 3767 329
6579 4575 220
6579 5836 278
6579 273 518
6579 6006 753
6579 2587 310
6579 7069 928
6580 240 854
6580 764 703
6580 1373 650
6580 4449 485
6581 6458 160
6581 1939 36
6581 902 951
6581 7563 598
6582 6252 573
6582 1703 101
6582 6249 949
6582 5444 728
6583 1269 154
6583 1474 426
6583 6348 722
6583 7224 471
6584 3616 907
6584 6026 18
6585 3873 808
6585 69 315
6585 3156 850
6585 3968 277
6585 7160 190
6586 1453 931
6586 5964 149
6586 354 959
6586 3909 481
6586 5760 640
6587 4314 69
6587 7415 339
6588 4434 151
6588 1624 13
6588 4568 851
6588 6407 9
6588 2878 406
6588 4832 566
6588 5450 527
6589 835 411
6590 7658 441
6590 903 499
6590 3231 874
6590 3725 701
6590 2384 680
6592 2985 190
6592 5828 108
6592 6418 885
6592 36 395
6593 29 447
6593 4887 219
6593 6679 677
6593 6197 640
6594 4534 923
6594 1761 724
6594 7384 75
6594 7074 238
6595 3499 101
6595 1646 894
6595 7834 363
6595 5777 576
6596 2899 961
6596 6686 620
6597 3904 504
6597 1612 354
6597 6446 720
6598 7187 182
6598 6523 582
6598 5188 892
6598 210 361
6598 7191 667
6599 5634 336
6599 130 876
6599 2880 983
6600 6754 291
6600 110 824
6600 1612 267
6600 6357 721
6600 3440 453
6601 6026 639
6601 1808 501
6601 313 942
6601 6539 642
6601 3611 77
6601 7311 892
6601 6252 457
6601 5364 262
6602 3450 554
6602 1714 428
6603 1493 19
6603 6188 977
6603 4736 844
6603 5514 395
6603 3756 36
6604 5530 400
6604 4646 687
6604 2964 158
6604 7188 303
6604 5509 361
6605 7937 557
6605 3447 725
6605 2549 649
6606 2831 341
6607 3061 825
6607 5092 698
6607 441 206
6607 4286 313
6607 7712 663
6608 5222 391
6608 4043 220
6608 1976 442
6608 2952 823
6608 249 621
6609 6296 766
6609 170 27
6610 4951 200
6610 162 942
6610 6876 501
6610 5992 947
6611 2235 657
6611 372 312
6611 5422 503
6611 5286 117
6611 701 971
6611 5863 220
6612 1345 149
6612 3414 557
6612 24 483
6613 7109 929
6613 6539 229
6613 4388 145
6614 2959 62
6614 7289 209
6614 7331 732
6614 7531 512
6615 5884 125
6615 6467 251
6615 7509 47
6615 6209 504
6616 699 414
6616 6751 362
6616 634 635
6616 5930 76
6616 3649 813
6616 1731 516
6617 7274 254
6617 4347 454
6617 5029 806
6618 2389 375
6618 831 538
6619 7697 313
6619 3873 166
6619 3940 990
6619 6825 953
6619 3932 683
6619 529 205
6620 1095 359
6620 149 210
6620 5660 325
6620 3272 396
6621 4920 780
6621 6805 91
6621 5324 966
6621 6412 214
6622 6293 479
6622 5902 855
6622 5564 939
6622 7445 491
6622 5854 10
6623 2976 280
6623 2255 785
6623 997 66
6623 3837 420
6624 202 158
6625 3888 502
6626 5042 549
6626 3459 154
6626 5233 813
6626 2531 686
6626 1319 579
6627 72 199
6627 4124 731
6627 2459 62
6627 1063 335
6627 5636 839
6627 1701 293
6627 6782 326
6628 7843 837
6628 6433 914
6628 118 4
6628 5523 250
6628 3033 103
6629 3472 647
6629 831 375
6629 3866 453
6630 7751 679
6630 1385 554
6630 5348 485
6631 7086 599
6631 1662 781
6631 2452 332
6631 1180 825
6632 594 332
6632 176 753
6632 1332 990
6633 220 848
6633 4412 520
6633 7644 923
6633 4524 339
6634 5729 128
6634 290 620
6635 6857 577
6635 5659 112
6635 4722 59
6635 2367 927
6635 1802 471
6635 5749 359
6636 5390 907
6636 6208 895
6636 6360 39
6636 3818 303
6636 7311 613
6637 425 25
6637 7839 979
6637 344 356
6637 128 700
6638 1640 393
6638 7505 747
6638 1826 205
6638 4874 797
6638 5583 346
6638 7119 12
6639 7610 79
6639 4040 693
6639 4148 724
6639 3102 129
6639 7446 953
6639 3417 135
6640 1246 664
6640 3285 513
6640 7681 74
6640 1744 829
6640 7265 52
6641 1162 290
6642 7162 674
6642 5398 883
6642 2481 461
6642 1924 206
6642 6277 463
6642 1179 899
6643 3854 338
6644 7244 651
6644 4732 994
6644 580 675
6644 4441 856
6645 1459 681
6645 807 693
6645 3165 636
6645 3019 763
6646 2665 565
6646 6745 700
6647 7634 652
6647 502 699
6648 1029 384
6648 6992 832
6648 5972 346
6648 3239 333
6648 2543 326
6649 7730 342
6649 2514 642
6649 5359 489
6649 5030 532
6649 1202 348
6650 4479 51
6650 5475 608
6650 7249 366
6651 986 455
6652 2125 677
6652 3057 936
6652 4686 462
6652 1974 161
6653 6142 441
6653 6575 419
6654 2102 628
6654 3915 697
6655 7546 13
6655 4695 1000
6655 7017 534
6655 3044 301
6655 6238 409
6655 7030 817
6656 5192 884
6656 2297 917
6656 5699 262
6656 4629 45
6656 1595 717
6656 2421 698
6657 4014 664
6657 5624 278
6657 99 164
6657 1776 601
6657 1181 202
6657 6120 346
6657 3524 688
6657 3590 748
6658 4580 946
6658 5718 642
6659 6236 633
6659 7862 405
6659 7462 482
6659 136 731
6660 5559 989
6660 5167 605
6660 2801 149
6660 5265 968
6660 517 933
6660 2390 504
6661 6792 192
6661 277 42
6661 7760 1
6662 2020 797
6662 4289 167
6662 2860 911
6662 3151 323
6663 6979 402
6663 497 536
6663 158 168
6663 6169 368
6664 827 329
6664 3454 707
6664 6766 432
6665 1051 774
6665 7933 215
6665 7847 830
6666 6929 663
6666 1806 102
6666 5729 733
6666 108 466
6667 643 111
6667 3199 160
6667 7413 64
6668 5230 258
6668 5735 915
6668 6893 139
6668 5753 363
6668 66 829
6669 6138 864
6669 6394 985
6669 7312 409
6670 267 548
6670 3184 468
6670 888 464
6671 4597 188
6671 5803 272
6671 7632 346
6671 6495 612
6672 418 34
6672 1612 29
6672 2854 770
6672 1643 229
6673 1510 648
6673 6554 870
6673 138 320
6673 1376 780
6673 6930 152
6673 1986 268
6674 2509 145
6674 2425 209
6674 5142 808
6674 977 515
6675 6458 122
6675 7289 254
6675 1010 510
6675 441 432
6675 448 35
6675 162 631
6676 3770 139
6676 6436 811
6676 5129 575
6676 536 681
6676 5506 240
6676 39 186
6677 2287 9
6677 5970 494
6677 190 888
6677 2698 573
6677 5890 412
6677 5667 58
6678 2954 72
6679 2708 991
6679 160 833
6679 7075 171
6679 6028 297
6679 2671 382
6680 7557 215
6680 4979 111
6680 3731 159
6680 2859 586
6680 7578 727
6680 5272 339
6681 6074 254
6681 1080 237
6682 858 541
6682 7739 20
6682 2387 773
6682 1159 121
6683 6433 400
6683 221 935
6683 5795 279
6683 7579 54
6684 4910 394
6684 4849 380
6685 2471 427
6685 1428 918
6685 3251 890
6686 7565 659
6686 552 41
6686 7260 719
6686 1331 254
6686 1794 115
6686 2828 827
6686 6518 85
6687 5364 780
6687 2677 316
6687 7292 691
6687 2448 734
6687 4197 10
6687 1155 991
6688 3700 312
6688 5929 212
6688 7457 485
6688 3811 908
6688 7918 690
6688 6872 697
6689 7869 326
6689 6491 403
6689 5610 676
6689 186 59
6689 7456 247
6689 7938 184
6690 686 602
6690 5860 216
6690 3146 812
6690 2890 461
6691 6380 377
6691 2701 317
6692 4094 744
6692 6130 1000
6692 5350 28
6692 7795 125
6693 6196 571
6693 7295 790
6693 210 1000
6694 7809 118
6695 6650 786
6695 528 63
6695 226 129
6696 587 656
6696 3439 168
6696 6347 36
6696 6433 343
6697 6978 436
6698 143 449
6698 732 952
6698 310 387
6698 7912 927
6699 2751 794
6699 6489 812
6699 2849 426
6699 694 943
6699 7428 227
6699 6266 537
6700 2605 699
6700 235 118
6700 1678 277
6700 5525 482
6700 776 928
6700 1009 621
6700 4450 83
6700 3286 972
6701 7454 514
6701 6133 11
6701 2765 534
6702 2088 275
6702 3460 877
6702 3319 466
6702 7795 240
6702 2018 468
6702 3216 34
6703 1713 791
6703 4754 645
6703 7619 346
6703 6091 663
6703 1736 353
6703 5459 573
6704 3505 456
6704 7088 922
6704 3313 961
6704 4265 778
6704 2205 180
6704 7619 525
6704 2804 825
6704 2776 571
6705 1450 874
6705 1706 783
6705 2568 612
6706 7520 72
6706 4474 445
6706 6814 399
6707 6570 500
6707 7338 340
6707 3462 122
6707 540 484
6708 1729 788
6708 1138 649
6708 4482 31
6708 3541 178
6708 903 212
6708 4262 852
6708 4506 3
6709 6242 466
6709 478 860
6709 5791 794
6709 6178 838
6710 5112 839
6710 7412 611
6711 1397 763
6711 971 660
6711 400 936
6711 7555 255
6711 1184 51
6712 2674 786
6712 3428 402
6712 6850 732
6712 6564 218
6713 2484 769
6713 2584 599
6713 6378 968
6713 2524 64
6713 1609 655
6714 7125 502
6714 1031 812
6714 5141 287
6714 2769 557
6714 1846 566
6715 5663 602
6715 5984 389
6716 1398 42
6716 5892 250
6716 1951 31
6717 7155 779
6717 5702 436
6717 1117 84
6717 4361 925
6718 3994 427
6719 6108 491
6719 6392 867
6719 7479 384
6719 6419 64
6719 6508 145
6719 3308 907
6719 6507 699
6720 1983 347
6720 6146 881
6721 4026 438
6722 3509 506
6722 7966 694
6722 2268 397
6722 6839 980
6723 2474 400
6723 4322 361
6723 3789 211
6723 3280 84
6723 7721 714
6724 2333 961
6724 834 189
6724 7171 35
6725 7063 202
6725 992 799
6725 1593 673
6726 3175 347
6726 6141 204
6726 7998 483
6726 6503 479
6726 3354 878
6727 725 328
6727 1253 298
6727 6662 91
6727 2775 865
6728 5294 147
6728 7 716
6728 4096 186
6728 3469 22
6728 6785 822
6729 3407 231
6729 1119 947
6729 2997 237
6729 4143 908
6729 250 150
6729 159 493
6729 2460 562
6729 4814 51
6730 3947 988
6730 537 186
6730 7435 20
6730 5739 165
6730 1788 603
6731 473 633
6731 5738 123
6731 6917 813
6732 2771 248
6732 3980 929
6732 2129 987
6732 2252 994
6733 3988 377
6733 3769 566
6733 2720 93
6733 5717 461
6733 794 228
6734 7086 185
6734 2633 227
6734 1533 200
6734 3621 838
6735 6002 60
6735 2691 555
6735 3096 741
6735 4725 90
6735 2706 736
6735 2360 465
6736 1702 300
6736 6404 787
6736 1365 55
6737 4375 833
6737 6678 629
6737 5696 524
6737 5892 723
6737 2102 431
6737 4986 724
6737 5102 907
6737 7105 107
6738 1245 522
6739 5353 463
6739 4935 819
6739 6562 923
6739 7125 999
6739 2661 349
6739 2860 397
6740 1611 611
6740 3067 335
6740 5543 419
6740 7286 203
6740 4143 378
6741 7400 792
6741 888 214
6741 6613 471
6741 6497 437
6742 2386 58
6742 5143 87
6743 1426 102
6743 6205 383
6744 1113 532
6745 5185 729
6745 1184 102
6745 423 599
6746 5996 151
6746 597 346
6747 6028 303
6747 5944 783
6747 5777 409
6747 6343 284
6748 591 819
6749 5292 839
6749 5896 685
6749 3785 389
6749 2749 84
6749 2080 210
6750 7259 775
6750 1643 255
6750 6654 945
6750 2666 389
6752 7249 872
6752 1672 573
6752 2360 533
6752 7260 776
6752 3939 708
6753 4483 180
6753 7685 440
6753 6150 85
6753 3433 543
6754 5425 435
6754 7866 423
6754 2829 508
6755 3908 306
6755 5507 625
6755 2633 11
6755 2551 772
6756 5205 459
6756 5632 272
6756 6512 287
6756 6474 913
6756 5279 190
6757 1418 788
6757 3047 223
6757 2990 500
6757 3519 412
6757 7485 962
6758 2280 176
6758 5741 78
6758 6908 306
6758 889 347
6758 6802 37
6759 3137 479
6759 4203 6
6760 4360 704
6762 536 488
6762 506 982
6762 6286 825
6763 3408 588
6764 4333 490
6764 7908 475
6764 7893 801
6765 500 446
6765 3342 598
6766 6092 871
6766 665 859
6766 199 556
6766 4530 32
6766 1129 339
6766 649 561
6766 2366 305
6766 3540 265
6767 5084 5
6767 3238 549
6768 7394 698
6768 499 999
6768 1141 6
6768 1816 265
6768 3373 123
6768 578 980
6768 6793 237
6769 6756 781
6769 1479 981
6769 4130 735
6769 4325 855
6769 3174 48
6769 6108 393
6770 1958 940
6770 7367 285
6770 5545 752
6770 5227 119
6770 3028 213
6771 1445 653
6771 3777 222
6771 3021 313
6772 6015 316
6772 5585 931
6772 3987 957
6772 4098 754
6773 4825 309
6773 3169 598
6774 5949 327
6774 7427 799
6774 4628 882
6774 6811 568
6774 5870 276
6774 2694 123
6774 3506 198
6774 5548 454
6775 3581 398
6775 1390 540
6775 5065 789
6776 2809 512
6776 3975 421
6776 2167 557
6777 7942 64
6777 7732 970
6777 2730 925
6777 2437 678
6778 3588 584
6778 1310 370
6779 6732 143
6779 4102 440
6779 7542 765
6779 4950 263
6780 5221 681
6780 3666 789
6780 367 15
6781 7085 922
6781 5394 649
6781 5064 694
6782 4128 178
6782 1077 302
6783 925 650
6783 7498 611
6783 7910 365
6783 7481 494
6784 2388 267
6784 353 73
6784 4857 189
6785 5292 942
6785 4869 429
6785 7153 109
6785 4694 657
6785 1367 47
6786 7227 861
6786 818 72
6786 5411 642
6786 5431 298
6786 2265 103
6786 6321 259
6786 5031 127
6787 865 965
6787 1714 704
6787 4351 630
6787 5063 725
6787 6142 77
6788 4802 969
6788 3396 722
6788 2395 921
6788 1413 690
6789 6938 413
6789 676 283
6789 791 94
6789 4249 912
6789 5723 407
6790 3828 916
6790 1371 457
6790 2846 364
6790 7588 269
6791 2093 446
6791 2530 942
6791 4280 221
6791 2328 258
6792 7198 583
6792 7240 530
6792 7970 161
6793 2985 145
6793 4415 9
6793 6966 913
6793 6718 161
6794 5468 312
6795 5329 83
6795 7786 959
6795 7012 795
6796 6075 889
6796 3926 13
6796 3703 457
6796 4521 474
6797 172 876
6797 5134 221
6797 715 43
6797 2608 46
6797 3427 680
6797 1711 299
6798 6855 414
6798 1543 107
6798 2085 376
6798 7109 850
6798 2550 577
6798 3033 239
6798 2730 452
6798 1766 589
6799 6478 880
6799 4192 112
6799 903 696
6799 7404 613
6799 1752 871
6799 2516 896
6799 3627 764
6799 5379 552
6800 6988 530
6800 1056 738
6800 5538 488
6800 11 782
6801 5977 221
6801 4918 283
6801 513 217
6801 4102 486
6801 3052 218
6801 6358 281
6802 2818 493
6802 7244 357
6803 7395 725
6803 7684 457
6803 6765 870
6803 726 280
6803 4446 985
6803 2883 28
6803 5561 472
6803 4890 101
6803 3700 205
6803 241 281
6803 5804 97
6803 6994 115
6804 166 387
6804 7820 121
6804 2503 435
6804 380 581
6805 201 626
6805 472 402
6805 7700 485
6805 7595 948
6805 6197 323
6805 6177 309
6806 1353 980
6806 7229 186
6806 7522 928
6807 3312 543
6807 7753 95
6807 2564 955
6807 3369 55
6808 3501 74
6808 2874 879
6808 7860 983
6809 4018 927
6809 3323 588
6809 6523 315
6810 918 934
6810 6083 40
6810 6933 769
6811 2257 969
6811 5910 837
6811 7408 777
6811 7077 330
6811 7912 981
6812 5365 597
6812 6182 488
6813 312 174
6813 7173 18
6813 3157 334
6814 7057 109
6814 3256 992
6814 271 67
6814 1354 772
6814 672 934
6814 7460 286
6814 5225 363
6814 1194 237
6814 3228 537
6815 675 24
6815 7449 256
6815 1146 491
6815 382 766
6815 3629 542
6816 6031 582
6817 3389 182
6817 7351 560
6817 7066 135
6818 3523 692
6819 5968 947
6819 6222 532
6819 2213 338
6819 7793 818
6820 5001 555
6821 6481 46
6821 1833 550
6821 275 640
6821 1260 606
6821 6560 660
6822 7509 992
6822 1406 775
6822 1917 554
6822 5739 327
6823 3629 404
6823 7035 117
6823 6437 274
6823 3446 980
6824 7546 169
6824 5172 549
6824 6016 837
6824 5037 604
6824 830 750
6824 6766 258
6825 4712 559
6825 5234 549
6826 7541 307
6826 3530 968
6826 6532 164
6826 5679 887
6827 7196 738
6827 3173 530
6827 2249 806
6828 5247 338
6828 7429 994
6828 7505 317
6828 436 930
6828 375 271
6828 132 704
6828 7911 901
6829 3091 711
6829 2909 135
6829 6090 500
6829 6076 460
6829 1028 571
6829 4866 29
6830 4300 500
6830 1648 397
6830 7163 511
6830 2826 819
6830 147 762
6831 1512 923
6831 315 605
6832 423 768
6832 1674 29
6833 7980 759
6833 1579 171
6834 5554 871
6834 29 286
6835 7342 174
6836 7348 621
6836 718 912
6836 7642 200
6837 7488 326
6837 5415 148
6838 2258 644
6838 6612 315
6838 5993 114
6838 7778 497
6838 6106 567
6838 4924 148
6839 4354 786
6839 1737 8
6839 4358 335
6839 7209 445
6839 6843 147
6840 5488 577
6841 1360 480
6841 7717 684
6841 3835 34
6841 4422 917
6841 4638 495
6841 5457 768
6841 134 70
6841 3847 146
6842 6064 560
6842 3071 526
6842 7236 649
6842 6590 661
6842 4113 170
6842 5852 866
6842 4447 813
6842 2901 947
6842 3970 456
6843 3725 897
6843 5894 431
6843 3632 162
6843 3293 782
6843 769 632
6843 4945 343
6844 3605 265
6844 533 849
6844 5323 542
6844 4078 332
6844 2596 144
6844 6978 844
6845 4003 64
6845 2641 523
6846 2717 898
6846 2267 833
6846 3702 234
6846 1005 865
6847 7027 406
6847 1720 14
6848 3443 208
6848 7319 175
6848 7144 551
6848 2709 335
6849 7894 375
6849 4840 203
6849 5 179
6849 6778 168
6849 7483 113
6850 7822 788
6850 7271 173
6850 4742 780
6850 360 701
6851 3643 879
6851 6325 789
6851 7195 312
6851 2771 173
6852 6495 593
6852 291 63
6852 3278 948
6853 5770 199
6853 517 185
6853 3990 492
6853 7924 486
6853 4780 71
6854 711 185
6854 6583 568
6854 6157 209
6854 426 222
6855 6661 14
6855 5936 222
6855 390 586
6855 1074 281
6856 2235 79
6856 5206 484
6856 5129 995
6856 221 490
6856 520 495
6856 667 167
6856 2539 849
6856 7650 276
6856 6655 322
6857 7239 378
6857 3341 862
6857 5479 884
6857 801 336
6857 6813 777
6857 1649 688
6857 6478 999
6857 4970 582
6858 2047 90
6858 1229 53
6858 3118 591
6858 7260 954
6858 2061 809
6858 6352 312
6858 1782 794
6859 6890 280
6859 4476 753
6859 6116 495
6859 4369 391
6860 2894 661
6860 6811 430
6860 1171 630
6861 4831 530
6861 4319 602
6861 6924 238
6861 5702 990
6861 6793 845
6862 4351 291
6862 1137 895
6862 7553 596
6862 3343 361
6862 2009 725
6862 1871 978
6863 6008 628
6863 2800 280
6863 7048 33
6864 2533 546
6864 1363 595
6864 7550 469
6864 7385 377
6865 5115 301
6865 7314 829
6865 5060 52
6865 7182 757
6865 7030 33
6866 2189 403
6866 546 983
6866 4222 147
6866 6062 132
6866 4395 48
6866 574 250
6867 6901 578
6867 4169 801
6867 1990 271
6868 5591 846
6868 3812 67
6868 1969 508
6868 4947 446
6868 5581 156
6868 5646 749
6868 6850 813
6869 7386 678
6869 1411 322
6869 5628 66
6869 7688 217
6871 3211 567
6872 98 733
6872 1636 492
6872 3275 597
6872 4892 239
6872 2364 826
6872 1353 363
6872 2914 515
6873 920 123
6873 7207 963
6873 2516 835
6873 2014 994
6873 3706 98
6873 1466 399
6875 4123 762
6875 3227 43
6875 3314 625
6875 4958 911
6875 5743 740
6875 3072 985
6875 2308 442
6875 3095 232
6876 3511 555
6876 5376 869
6876 4978 353
6877 3902 571
6877 626 683
6877 2601 63
6877 507 319
6877 7762 124
6877 1026 434
6877 3120 862
6878 7075 96
6879 5149 235
6879 5521 540
6879 3862 438
6879 2069 625
6880 5224 471
6880 125 477
6880 5767 39
6880 4301 665
6881 3743 983
6881 2231 120
6881 4836 157
6881 3911 812
6881 66 825
6881 6854 913
6882 1247 329
6882 7253 958
6882 2637 1
6882 6944 4
6882 6551 425
6882 7104 511
6883 2003 548
6883 518 915
6883 873 771
6884 5354 488
6885 2802 740
6885 2758 539
6885 2453 249
6885 7625 622
6886 4192 94
6886 1808 945
6886 3796 482
6886 2049 443
6886 82 692
6886 7005 295
6887 809 888
6887 922 555
6887 2247 950
6887 4203 363
6887 3824 229
6888 4246 272
6888 900 408
6889 6078 943
6889 6922 866
6889 1541 436
6889 43 804
6890 6582 951
6890 715 649
6890 6475 238
6890 2129 430
6890 6649 28
6890 6207 905
6890 912 130
6891 729 865
6891 7427 372
6891 6947 341
6892 4896 363
6892 2086 943
6892 429 29
6892 4081 885
6892 4241 338
6893 5531 205
6893 5288 510
6893 4527 983
6893 3841 600
6893 6672 673
6893 4382 143
6893 659 724
6894 4809 629
6894 4530 31
6894 5900 380
6894 7540 234
6894 4230 764
6895 1895 456
6895 6792 950
6895 2135 528
6895 5225 143
6895 7475 363
6895 2936 715
6895 5249 893
6896 1439 671
6896 659 986
6896 355 641
6897 614 875
6898 7864 568
6898 4382 288
6898 1629 249
6898 3726 148
6898 5275 553
6899 1640 811
6899 3232 773
6899 6128 737
6899 3484 1000
6900 1695 878
6900 1815 555
6900 5982 728
6900 6964 788
6900 3316 885
6901 1903 199
6901 5202 545
6901 3839 778
6901 1246 603
6901 4690 589
6901 5621 661
6902 4639 201
6902 4960 55
6902 3909 131
6903 7651 753
6903 338 839
6903 251 463
6904 99 874
6904 6794 192
6904 7817 248
6904 3249 80
6904 7063 640
6904 1095 376
6904 3630 790
6904 5674 948
6904 1689 724
6905 5895 867
6905 7196 555
6906 2285 223
6906 1710 115
6906 1321 930
6906 6470 582
6906 4918 587
6907 7987 953
6907 469 399
6907 6527 516
6908 4099 610
6908 277 53
6908 4280 195
6908 4710 968
6908 95 821
6908 1622 630
6908 2386 247
6909 7864 726
6909 2709 281
6909 6889 352
6909 3201 17
6910 4915 457
6910 2661 777
6910 1191 896
6911 6426 358
6911 4972 262
6911 3930 998
6911 2521 893
6912 4859 453
6912 6092 96
6912 719 548
6912 7365 134
6912 4740 620
6912 5582 46
6913 3416 724
6913 2183 415
6913 6524 6
6915 7891 609
6915 737 200
6915 6084 58
6916 4518 332
6916 173 315
6916 117 609
6917 4352 611
6917 6489 814
6917 1664 323
6917 2921 53
6918 4822 484
6918 2385 881
6918 1535 91
6918 7348 351
6918 7459 234
6918 6673 66
6919 3618 588
6919 323 638
6919 3293 241
6919 6845 467
6919 5428 683
6920 3078 3
6920 12 409
6920 4705 878
6921 5550 481
6921 1607 929
6921 6639 752
6922 5476 285
6922 860 525
6922 7733 476
6922 7547 550
6922 6501 910
6922 495 413
6922 6430 877
6923 26 651
6923 1503 91
6923 4689 449
6923 1411 547
6923 7629 314
6924 7100 545
6924 4249 392
6924 4032 437
6924 2690 840
6924 2229 342
6925 6794 969
6925 7697 160
6925 3027 856
6925 7072 256
6925 2682 520
6926 3383 730
6926 7063 934
6926 3986 640
6926 7206 124
6927 5828 828
6927 1989 703
6927 703 479
6927 6878 132
6928 602 67
6928 4013 827
6928 5918 892
6928 6270 771
6928 6847 364
6929 6719 449
6929 7595 785
6929 7531 577
6930 2887 485
6930 3376 129
6930 845 214
6930 4805 203
6930 5557 115
6930 7753 320
6930 1273 416
6931 1927 777
6931 2598 58
6931 547 552
6931 1331 968
6931 5903 628
6931 2507 843
6931 4460 975
6931 2900 174
6932 3924 433
6932 5428 13
6933 2494 38
6933 1944 993
6933 3081 299
6934 6081 752
6935 1444 388
6935 5614 879
6935 7823 722
6935 7310 620
6936 6348 913
6936 4909 256
6936 4984 726
6936 7502 503
6936 981 981
6937 5901 428
6937 6120 982
6937 3322 340
6937 910 515
6938 7177 711
6938 2528 949
6938 3932 726
6939 4129 60
6939 5520 737
6939 4254 291
6939 2306 171
6939 5041 605
6939 2593 972
6940 6847 638
6940 5948 263
6941 5719 54
6941 4787 580
6941 4040 305
6941 7448 328
6942 796 550
6942 6393 971
6942 4142 24
6942 7480 322
6942 5575 505
6943 5051 322
6943 4355 983
6943 3718 58
6943 3049 339
6943 1615 490
6944 5832 815
6944 3590 558
6944 2570 797
6944 3662 261
6944 2196 219
6945 162 923
6945 4398 218
6945 3984 150
6945 1901 35
6945 2911 543
6945 4742 297
6945 2360 20
6945 2244 908
6946 2594 626
6946 2142 807
6946 7561 759
6946 6842 415
6947 1352 888
6947 2327 593
6947 2227 860
6947 3136 162
6948 4740 541
6948 5338 373
6948 7458 914
6948 6504 274
6948 898 187
6948 2607 895
6948 2967 526
6948 5814 964
6949 6622 155
6949 1322 389
6949 3146 269
6949 2996 925
6949 1320 619
6950 4924 724
6950 6126 847
6950 1129 78
6951 612 493
6951 1068 372
6952 6740 351
6952 6925 83
6952 6505 79
6952 5476 156
6953 2992 970
6953 4156 379
6953 5798 990
6953 1565 598
6953 2196 469
6954 4817 944
6955 2201 66
6955 4373 87
6955 2221 910
6955 4508 492
6955 1305 558
6956 5859 261
6956 7487 162
6956 6371 620
6957 1660 609
6957 4307 640
6957 1360 79
6957 6548 674
6957 4883 851
6957 1239 123
6958 4715 173
6958 801 923
6959 3446 938
6959 2936 782
6959 930 515
6959 5906 72
6959 6898 213
6959 3373 902
6960 778 663
6960 1292 847
6960 7644 197
6960 7531 942
6960 2813 967
6961 1086 965
6962 2201 938
6962 5690 283
6962 5406 396
6962 2008 778
6962 4999 634
6962 5774 932
6962 2213 287
6963 2715 570
6963 3522 171
6963 4375 740
6963 3681 393
6963 5331 734
6964 6030 243
6964 4861 52
6964 4409 729
6964 4178 23
6965 5695 451
6965 4766 527
6965 6726 645
6965 7061 581
6966 2492 587
6966 6095 424
6966 6764 163
6966 384 502
6966 5281 641
6966 4341 780
6966 3368 220
6966 3807 73
6968 5961 243
6968 5993 527
6968 1161 279
6969 1524 415
6969 4028 134
6969 3909 752
6969 1259 755
6969 5443 539
6970 5471 26
6970 507 729
6970 1106 320
6971 6008 385
6971 6663 865
6971 1575 455
6971 5416 684
6971 2288 5
6971 1024 283
6971 1768 587
6972 3700 893
6972 6341 322
6972 5909 764
6972 5972 317
6973 6021 546
6974 118 847
6974 2305 459
6974 7504 929
6974 3296 789
6975 2525 964
6975 5743 136
6975 6235 545
6975 3416 984
6975 7234 993
6975 6341 202
6976 325 393
6976 5660 277
6976 1607 899
6977 3719 228
6977 1873 535
6978 3895 442
6978 4981 578
6978 774 58
6978 1717 303
6979 379 610
6979 1640 274
6979 4849 806
6979 5960 273
6979 986 743
6980 775 212
6980 3336 692
6980 2421 880
6981 4240 733
6981 1201 27
6982 1980 41
6982 7427 27
6982 239 403
6982 123 949
6982 6131 336
6982 4500 368
6982 1824 667
6982 327 340
6982 7304 373
6982 3162 948
6982 3747 359
6983 5500 221
6983 2028 834
6983 5871 610
6984 3055 573
6985 3521 492
6985 7715 25
6985 3574 99
6985 1520 7
6985 5632 567
6986 7866 324
6987 7541 930
6987 4605 544
6987 7347 650
6987 4390 721
6987 1428 87
6987 5380 852
6988 485 257
6988 3093 95
6989 7824 782
6989 2242 645
6989 3495 948
6989 4684 16
6989 2865 865
6989 1080 397
6989 3622 388
6989 634 883
6989 173 160
6990 3036 160
6992 5958 181
6992 342 250
6992 7789 726
6992 6413 739
6993 332 882
6994 6388 567
6994 938 182
6994 4962 2
6994 5777 390
6994 4204 427
6995 6280 241
6995 1634 930
6995 7978 585
6995 768 285
6995 4931 560
6995 7486 507
6995 1416 537
6995 4739 510
6996 3023 800
6996 3930 160
6996 6655 701
6996 7278 441
6997 6707 293
6997 6777 537
6997 3827 733
6997 111 452
6997 3192 432
6997 4965 783
6997 2058 934
6997 1312 55
6998 3415 655
6998 3920 961
6998 6445 211
6998 779 393
6998 1798 270
6999 2782 681
6999 2747 740
6999 1912 354
6999 3859 222
6999 3965 422
6999 4398 74
7000 2194 534
7000 5649 645
7000 5846 268
7001 3381 52
7001 1821 67
7001 6086 801
7002 2371 876
7002 4027 78
7002 4486 957
7002 1654 566
7002 4188 863
7003 7442 508
7003 208 650
7003 3847 368
7003 2961 18
7004 5309 949
7004 7847 571
7004 2616 729
7004 5969 673
7004 428 627
7004 5200 553
7004 2529 49
7005 2057 543
7006 1681 596
7006 65 990
7006 6882 985
7006 2572 487
7007 2488 62
7007 7702 979
7007 1907 593
7007 739 361
7007 1439 449
7007 5961 935
7008 4067 879
7008 4003 664
7009 5170 832
7009 2784 480
7009 6920 131
7009 5819 921
7009 2338 998
7009 3051 883
7009 7441 428
7009 6835 476
7009 3535 517
7009 594 519
7010 5988 500
7010 580 496
7010 2027 365
7010 168 201
7011 6692 435
7011 1813 230
7012 4310 119
7012 4814 975
7012 6212 362
7012 6355 284
7012 2395 156
7013 5707 220
7013 3497 365
7014 2717 608
7014 4232 250
7016 4316 71
7016 350 932
7016 463 425
7016 7393 529
7016 1628 467
7016 2271 599
7017 6120 876
7017 322 401
7017 3333 799
7017 7713 953
7017 4283 817
7018 6123 174
7018 4420 508
7018 3863 180
7019 5563 79
7019 310 612
7020 2478 671
7020 5015 69
7020 4153 304
7020 2848 293
7020 975 723
7020 6635 417
7021 3106 568
7021 3210 426
7021 7281 714
7021 5063 578
7022 3828 676
7022 2839 219
7022 1674 402
7022 1694 19
7022 6458 240
7023 7628 488
7024 1080 476
7024 6974 858
7024 771 965
7025 7242 827
7025 2995 483
7025 5311 604
7025 5139 101
7026 6323 863
7026 4656 49
7026 7755 934
7026 6867 57
7026 3173 367
7027 3065 187
7027 7630 501
7028 6792 987
7028 4006 867
7029 325 459
7029 7447 628
7030 1074 161
7030 4125 732
7030 612 373
7030 5618 724
7031 7761 698
7031 4485 385
7031 5311 491
7031 3527 924
7031 6776 195
7031 6039 973
7032 7688 794
7032 2398 817
7032 1219 353
7032 622 759
7032 4277 81
7032 7823 497
7032 4438 101
7033 2606 970
7033 4098 252
7033 4974 110
7034 2590 346
7034 1054 615
7034 4849 896
7034 4363 108
7034 5890 376
7034 5798 333
7035 2365 401
7035 5704 329
7035 1672 501
7035 1912 144
7035 6454 697
7035 3267 449
7036 6884 870
7036 1146 58
7036 6814 863
7036 671 517
7036 6886 689
7037 2314 226
7037 4647 571
7037 3844 826
7037 1016 487
7038 6286 512
7038 3350 555
7038 7430 746
7038 466 202
7038 1539 535
7038 4144 802
7038 2044 824
7039 1813 985
7039 3061 298
7039 3477 651
7040 2932 416
7040 3797 297
7040 4504 39
7041 5791 301
7041 3513 519
7041 1146 767
7041 2598 620
7041 5159 859
7042 7936 765
7042 6199 70
7042 3279 879
7043 5149 646
7043 6980 570
7043 207 814
7043 1883 282
7043 1097 104
7043 1201 863
7044 5391 415
7044 7158 878
7044 2579 57
7044 2053 702
7045 4903 498
7045 5675 29
7045 5570 685
7046 5880 415
7046 4688 549
7046 5993 666
7046 1519 443
7046 6954 381
7046 7113 331
7047 7813 347
7048 5277 718
7048 6495 464
7048 5813 811
7048 1907 548
7050 7193 233
7050 3249 199
7050 1904 637
7050 3013 500
7050 7884 947
7050 1921 394
7050 4649 89
7051 2553 444
7051 6887 239
7051 5789 378
7052 36 566
7052 1446 928
7052 2742 340
7052 3511 642
7052 1760 820
7052 5951 235
7053 714 629
7053 3649 864
7054 2421 85
7054 2615 535
7055 5603 712
7055 4667 546
7055 3757 656
7056 1834 511
7056 5567 991
7056 5984 574
7056 6190 544
7056 5243 533
7056 5985 122
7057 6308 60
7057 3230 76
7057 4591 302
7057 4116 332
7057 6261 297
7058 6417 706
7058 1008 343
7058 7518 580
7059 425 904
7059 4914 237
7059 2003 836
7059 382 106
7059 2392 122
7059 7911 639
7059 6277 122
7060 3938 87
7060 3826 144
7061 5017 207
7061 7899 695
7061 6987 710
7061 1561 614
7062 6606 807
7062 407 265
7062 395 396
7063 446 387
7063 7353 357
7063 5622 159
7063 6261 451
7064 7452 138
7064 4489 13
7064 4382 759
7064 6883 505
7065 5591 6
7065 2501 851
7065 2766 361
7066 2632 240
7066 5634 90
7066 6867 184
7066 1188 145
7066 7860 506
7066 3961 62
7066 4396 182
7067 3639 5
7067 6002 24
7067 1453 299
7067 1629 405
7067 2560 113
7068 3330 508
7068 3411 137
7069 5200 245
7069 5930 845
7069 2594 299
7069 7750 17
7070 6704 861
7070 3476 169
7070 572 698
7070 5562 972
7071 5171 761
7071 6747 353
7071 6035 873
7071 4899 159
7072 165 898
7072 7574 894
7072 1082 160
7073 4022 415
7073 2438 780
7074 7517 885
7074 6909 141
7074 2689 518
7074 2352 795
7074 1253 849
7074 1026 668
7075 745 484
7076 3079 133
7076 845 276
7076 6069 587
7076 3982 658
7076 6601 945
7077 4384 135
7077 7859 108
7077 6655 376
7077 3650 235
7077 627 70
7078 4427 796
7078 2405 678
7078 620 148
7078 2625 975
7078 2739 245
7078 5780 210
7078 2213 614
7078 5746 5
7079 7672 123
7079 7319 997
7079 1004 501
7079 3576 930
7079 4568 111
7079 7295 611
7079 503 631
7080 2555 767
7080 7114 616
7080 4338 149
7081 1438 466
7081 3963 280
7081 6689 182
7081 7079 727
7081 6997 94
7082 7424 760
7082 4572 960
7082 7440 632
7082 6155 82
7082 692 489
7083 647 907
7083 3063 654
7083 7160 151
7083 5431 978
7084 3553 125
7084 135 340
7084 539 335
7085 4664 313
7085 6521 738
7085 6039 972
7085 2649 508
7085 6683 70
7085 6385 211
7086 3036 293
7086 2665 575
7086 30 163
7086 1178 981
7087 2909 385
7087 1653 85
7087 5723 705
7088 3849 279
7088 991 53
7088 2306 650
7089 2735 597
7089 972 416
7089 3761 15
7089 1373 192
7089 1485 653
7089 5166 240
7089 7078 373
7089 4383 611
7090 5123 502
7091 170 144
7091 145 89
7091 4087 313
7091 1945 101
7091 1649 160
7092 2645 222
7092 6417 851
7092 6197 519
7092 1350 982
7092 7767 197
7093 396 164
7094 197 546
7094 3118 559
7094 4907 556
7095 1085 918
7095 7853 502
7095 4726 444
7095 6485 918
7095 1232 314
7096 3037 830
7096 3550 923
7097 3636 264
7097 4657 923
7097 6522 852
7097 2135 151
7097 3641 585
7098 5494 531
7098 1091 642
7098 2706 394
7098 6127 310
7099 1603 521
7099 330 928
7099 6216 698
7099 2606 453
7099 582 612
7099 6082 576
7100 3766 176
7100 6055 628
7100 1439 307
7100 6696 248
7100 2021 832
7100 7765 688
7101 639 830
7101 1343 902
7101 793 205
7101 7514 23
7101 3471 474
7102 1645 16
7102 3841 658
7102 4340 92
7102 7107 128
7102 3304 631
7103 1492 710
7103 4419 457
7103 1986 927
7104 5142 958
7104 1518 210
7105 4300 454
7105 4983 668
7105 2595 397
7105 5265 891
7106 3813 155
7106 4391 398
7106 1686 148
7107 6584 838
7107 4327 770
7107 1354 99
7107 376 555
7107 7693 554
7108 2478 271
7108 7926 21
7108 1269 610
7109 4898 22
7110 1948 192
7110 2084 829
7110 7927 967
7110 4480 937
7110 4 103
7111 5366 54
7111 2140 935
7111 924 49
7111 7642 711
7111 5164 573
7111 2378 185
7112 135 571
7112 7084 327
7113 3439 337
7113 683 877
7113 5974 170
7113 4006 318
7113 6026 349
7113 7986 227
7114 5139 237
7114 3712 199
7114 4201 530
7114 5383 798
7114 3430 890
7114 6362 226
7115 1239 92
7116 2473 639
7117 1902 781
7118 4135 403
7118 6468 578
7118 1706 683
7118 6015 622
7118 1868 253
7119 5073 636
7119 5245 340
7119 4859 681
7119 4992 526
7119 7238 819
7120 3960 779
7121 154 129
7121 6883 818
7121 3122 51
7121 482 970
7122 781 754
7122 1574 557
7122 3017 71
7123 2603 114
7123 6442 930
7123 5263 771
7123 4547 748
7123 6636 267
7123 5011 854
7125 2361 26
7125 2314 980
7125 2655 741
7125 3672 683
7125 2346 586
7126 5901 734
7126 4149 554
7126 4095 340
7126 1370 868
7127 4042 30
7128 3880 75
7128 4503 182
7128 2385 843
7128 1875 265
7128 7812 238
7128 6948 271
7129 1085 896
7129 7556 318
7129 4113 904
7129 5351 689
7129 6556 324
7130 1644 939
7130 5997 580
7131 6229 806
7131 4664 529
7131 7615 716
7132 3548 139
7132 7774 833
7132 2971 360
7132 996 276
7133 20 960
7134 4311 292
7134 4879 839
7134 4316 950
7134 7380 200
7134 5646 785
7134 7541 725
7135 4821 969
7135 6761 720
7135 6999 797
7135 6953 237
7135 701 604
7136 6341 84
7136 3438 74
7137 129 622
7137 4415 211
7137 2017 846
7137 7902 374
7137 1349 827
7138 2330 119
7138 6460 842
7138 7268 175
7138 3879 328
7139 5762 853
7139 3709 651
7139 4092 77
7139 7308 958
7139 7189 46
7139 6047 348
7140 806 890
7140 644 691
7140 4562 96
7140 1073 180
7141 2391 416
7141 3488 971
7141 4458 939
7141 7612 374
7141 2382 763
7141 4577 956
7141 3720 507
7142 5798 39
7142 5458 591
7143 5237 603
7143 4953 173
7143 2724 423
7143 2983 327
7143 4377 890
7143 3367 298
7144 682 353
7144 6133 877
7144 4044 693
7144 1218 75
7144 3455 829
7144 4769 758
7145 7425 979
7145 6203 25
7146 7355 184
7147 5016 712
7147 4508 884
7147 4566 359
7147 640 107
7147 5888 117
7148 3036 891
7148 2491 7
7148 1473 239
7148 1152 768
7149 2945 560
7150 616 533
7150 5465 745
7151 6699 754
7151 7614 724
7151 2257 182
7151 7008 717
7151 1556 451
7151 5075 959
7151 6444 949
7152 700 168
7152 5927 459
7152 5034 156
7152 5780 519
7153 1109 536
7153 4733 832
7153 2052 177
7153 4500 913
7153 1059 765
7153 6578 508
7154 2781 43
7154 5536 760
7154 2217 551
7154 6268 594
7154 1463 730
7154 6378 426
7155 5344 645
7155 5638 71
7155 1688 326
7155 5472 862
7155 1397 47
7156 2430 637
7156 5469 645
7156 7353 537
7157 3178 178
7157 1279 516
7157 3216 292
7157 1942 344
7157 7885 967
7157 5614 159
7158 3597 367
7158 1413 840
7158 5527 391
7158 2207 38
7158 3302 302
7159 7265 572
7159 7424 420
7159 1778 305
7159 759 817
7159 4824 562
7159 1084 592
7159 7429 104
7160 2040 950
7160 2981 141
7160 131 619
7161 6997 556
7161 7093 637
7161 3322 423
7161 6651 684
7161 7198 145
7161 7435 718
7162 6027 546
7162 2926 442
7162 528 659
7163 7156 265
7163 3009 176
7163 787 147
7163 7489 829
7163 2531 681
7163 1204 992
7164 2574 381
7164 155 280
7164 1699 957
7164 4848 774
7164 2249 689
7164 1811 142
7164 7463 609
7164 6950 794
7164 4351 900
7165 380 416
7165 4958 954
7165 1933 896
7165 85 264
7165 112 886
7165 722 533
7166 4392 585
7167 7101 697
7167 6157 743
7167 4822 761
7167 2316 738
7168 1037 213
7169 4237 681
7169 6209 26
7170 1149 838
7170 5174 750
7170 4776 202
7170 3263 913
7170 5985 343
7170 7716 126
7171 1667 705
7171 7458 737
7171 6301 336
7171 4513 347
7172 2378 675
7172 5463 616
7172 4470 113
7173 6275 601
7173 6175 332
7173 2562 273
7174 1455 217
7174 4125 366
7174 652 290
7175 3461 990
7175 2943 214
7176 5744 383
7176 3924 570
7176 4377 895
7176 398 786
7176 7450 334
7176 5262 977
7176 1563 498
7177 5587 417
7177 6550 252
7178 5861 804
7178 5291 614
7179 205 504
7179 7767 649
7179 1685 512
7180 1595 559
7180 6082 65
7181 7022 777
7182 7303 456
7182 6037 896
7183 23 201
7183 4584 154
7183 4858 143
7183 3260 947
7184 7361 76
7184 4578 381
7184 4501 931
7184 5570 967
7185 205 924
7185 1676 519
7185 3664 36
7186 6814 653
7186 3876 435
7186 7766 567
7186 7740 931
7186 5486 673
7186 1764 85
7186 826 474
7187 3174 615
7187 4550 358
7188 1138 280
7188 6026 865
7188 4168 721
7188 7171 201
7188 7158 843
7188 4111 175
7189 488 454
7189 4641 237
7189 1047 967
7189 6607 898
7189 4325 726
7189 4564 142
7190 6157 689
7190 925 357
7190 7005 950
7190 3328 179
7190 183 295
7190 4424 942
7190 7708 75
7191 2757 586
7191 345 418
7191 2063 586
7191 2561 267
7191 7611 527
7191 188 511
7192 3981 468
7193 75 296
7193 6440 769
7193 3949 188
7193 1084 861
7193 2677 476
7193 7044 790
7194 5490 891
7194 7037 768
7194 503 295
7194 7903 777
7194 7814 857
7194 3459 320
7194 6434 120
7194 7034 306
7194 4206 395
7195 3582 796
7195 3666 824
7195 4592 191
7196 1327 170
7196 6945 760
7197 1765 294
7197 6498 973
7197 6097 234
7198 4298 634
7198 2069 326
7198 4328 757
7198 7783 656
7198 5648 872
7198 4498 466
7198 4791 76
7199 4523 350
7199 3584 20
7199 7624 467
7200 7926 202
7200 5522 639
7200 1531 849
7201 1764 263
7201 346 402
7201 2092 262
7201 7008 685
7201 2655 122
7202 838 112
7202 7022 956
7202 6547 814
7203 5098 890
7203 6941 798
7203 5997 474
7203 5558 662
7204 3397 670
7204 1408 87
7204 3563 704
7204 6478 707
7204 4041 261
7205 3714 734
7205 7470 34
7205 7392 840
7205 409 377
7206 2801 262
7206 3499 668
7206 6515 590
7207 3965 253
7207 4184 430
7207 5740 676
7207 7007 619
7207 4572 996
7207 4578 931
7207 405 391
7207 368 912
7208 4804 539
7208 2603 931
7208 6056 673
7208 2840 201
7208 3371 464
7209 7605 780
7209 3629 305
7209 6986 752
7210 2967 498
7210 2389 483
7210 5557 991
7210 2687 347
7210 185 132
7210 3387 426
7211 6354 986
7211 3949 521
7211 1353 366
7211 473 75
7211 7717 265
7211 6313 712
7212 1438 285
7212 2022 284
7212 4797 123
7212 4932 709
7212 4345 419
7212 812 639
7213 3995 49
7213 3196 892
7213 3716 529
7213 2458 25
7214 2561 86
7214 6110 383
7214 5933 49
7214 7406 628
7214 5997 110
7214 1934 3
7215 2245 64
7215 1018 524
7215 5474 127
7215 7995 825
7215 6507 627
7215 1138 430
7216 2528 390
7216 7410 490
7216 6414 315
7217 94 963
7217 6261 574
7217 402 284
7217 6686 108
7218 1809 152
7219 6299 464
7219 1255 590
7219 2607 146
7219 3728 770
7220 4904 381
7220 2723 854
7220 3088 218
7220 1257 954
7220 562 972
7220 7551 994
7220 7900 492
7221 7137 6
7221 4865 165
7221 4748 91
7221 1848 498
7221 1597 6
7222 6087 841
7222 2280 972
7222 1580 181
7222 1036 222
7223 7183 249
7223 7733 131
7223 6292 890
7224 2164 19
7224 5758 323
7224 55 655
7224 7431 308
7224 3490 553
7225 6421 223
7225 1211 308
7225 5894 501
7226 2229 36
7226 3443 118
7226 5360 330
7226 1174 81
7226 1965 270
7226 7173 676
7226 429 201
7226 4504 54
7226 1869 861
7226 3077 422
7227 2254 124
7227 810 501
7227 1213 343
7228 5661 981
7228 5292 978
7228 6568 453
7229 5012 156
7229 5378 752
7229 6669 813
7229 4467 662
7229 3857 271
7230 110 122
7230 5391 43
7230 3067 271
7230 3580 834
7230 1094 709
7230 5893 718
7231 4500 150
7231 1412 495
7231 2099 466
7231 3462 505
7232 3213 119
7232 5415 767
7232 7912 586
7232 6122 546
7232 6798 802
7233 659 142
7234 7012 45
7234 1255 820
7234 5715 258
7235 6671 167
7235 2803 903
7235 1256 247
7235 3457 520
7235 497 985
7236 5526 560
7236 557 4
7236 4861 963
7236 824 296
7237 2039 375
7237 6231 559
7237 3767 861
7238 3484 487
7238 2187 733
7238 7023 909
7238 6973 191
7238 573 335
7238 6793 772
7239 7525 839
7239 5729 910
7239 5566 198
7239 4396 746
7239 4165 327
7239 7093 377
7239 6755 779
7240 4208 815
7240 770 949
7240 3749 894
7241 3134 289
7241 2089 375
7242 200 512
7242 3104 228
7242 2924 115
7242 7809 995
7242 6790 320
7242 778 932
7242 3292 565
7243 1714 141
7243 3720 706
7243 6462 673
7243 1235 303
7243 2647 660
7243 270 622
7244 765 602
7244 4914 5
7244 4144 907
7245 976 6
7245 1100 548
7245 6573 894
7245 6177 105
7245 7168 781
7245 6333 276
7245 983 237
7246 5210 870
7246 1092 803
7246 6690 871
7246 6488 528
7246 2977 322
7246 6226 648
7246 1708 767
7246 5497 507
7247 6819 438
7247 4416 217
7248 2346 414
7248 2746 211
7248 35 770
7248 7365 707
7249 2096 458
7250 1740 27
7250 7607 839
7251 2760 958
7251 7914 178
7251 6739 264
7252 2936 233
7252 3237 818
7252 5137 900
7252 7384 890
7252 2301 621
7253 2875 484
7253 7688 261
7253 6401 704
7253 1491 779
7254 1137 632
7254 5679 202
7254 4865 139
7254 7821 933
7255 5598 360
7255 1924 872
7255 42 364
7255 3330 198
7255 3053 103
7256 3742 307
7256 4763 883
7256 7483 601
7256 6063 588
7256 5943 569
7257 721 660
7257 7691 550
7258 4338 212
7258 7907 326
7258 2386 829
7259 2439 280
7259 7947 897
7259 7336 839
7259 7276 193
7259 329 412
7259 7622 460
7260 3614 13
7260 4907 261
7260 6775 832
7260 1902 102
7260 1550 73
7260 5374 994
7260 1371 650
7260 684 262
7261 3302 196
7261 3573 456
7262 3620 760
7262 7091 508
7262 4410 352
7263 1688 85
7263 1750 303
7263 4573 132
7263 6395 91
7263 6792 660
7263 1117 219
7263 7806 786
7263 4639 349
7263 3843 40
7263 4076 244
7264 7114 59
7264 2462 568
7265 5638 312
7265 1925 548
7266 2096 962
7266 4852 150
7266 734 104
7266 5790 336
7267 2523 668
7267 5046 972
7267 2449 19
7267 1599 169
7267 2792 651
7267 1581 216
7268 3337 287
7268 3490 179
7268 4381 594
7268 5864 807
7269 599 714
7269 43 194
7269 5066 116
7269 3474 740
7269 1208 226
7269 2235 944
7270 1234 363
7270 1946 405
7271 6487 736
7271 5167 680
7271 6728 493
7271 841 285
7272 4612 553
7272 3620 918
7272 5345 253
7272 2494 263
7273 6014 798
7273 277 76
7273 1517 981
7273 3343 359
7273 3793 544
7274 880 310
7274 941 826
7274 2945 830
7274 6570 438
7274 4210 363
7274 6053 773
7275 6504 915
7275 6712 468
7276 305 109
7276 1276 15
7276 5458 830
7276 4098 899
7277 7912 677
7277 818 1
7277 1390 716
7278 5159 321
7278 500 953
7278 1213 597
7278 48 785
7278 7158 759
7279 3686 560
7279 6671 450
7280 7027 649
7281 7450 925
7281 719 167
7282 7121 116
7282 2243 795
7282 4627 478
7282 2361 273
7282 4845 327
7282 2263 316
7282 3941 867
7283 908 156
7283 7650 227
7283 1428 743
7283 4275 945
7284 1788 186
7284 354 857
7284 7136 312
7284 3258 769
7284 4846 209
7285 6234 461
7286 1310 829
7286 820 685
7286 6490 40
7286 5377 334
7287 3422 153
7287 3461 734
7287 3774 291
7289 164 120
7289 1788 886
7289 7571 411
7289 3898 227
7289 2931 713
7290 2731 772
7291 4894 392
7292 681 84
7292 7830 57
7292 2323 626
7292 6715 864
7293 4329 668
7293 1688 901
7293 6273 712
7293 3140 275
7294 6426 924
7294 7947 750
7294 2641 886
7295 1412 685
7295 7542 566
7295 5259 850
7296 2661 529
7296 1122 450
7296 6451 402
7296 2196 860
7297 296 971
7297 5435 338
7297 1819 996
7297 6956 66
7298 5265 579
7298 7915 249
7298 3983 8
7299 2944 126
7299 5533 168
7299 1066 588
7299 4744 543
7300 2711 80
7300 6313 930
7300 5078 688
7301 2899 398
7301 3902 591
7301 6557 686
7302 7991 818
7303 5780 346
7303 1830 48
7303 3479 576
7303 284 727
7304 4004 940
7304 4060 169
7304 5556 666
7305 6303 243
7305 2465 41
7305 2262 223
7305 3133 230
7305 706 524
7305 7529 621
7305 6802 80
7306 3910 464
7306 1013 684
7307 2058 95
7307 5840 155
7308 5415 452
7308 3802 738
7308 6635 765
7308 6243 361
7308 3848 16
7308 7945 278
7308 5612 893
7308 847 660
7309 6617 739
7309 3530 899
7309 3874 962
7310 2228 658
7311 7375 516
7311 1914 643
7311 7014 904
7311 3528 956
7311 1806 593
7311 253 30
7311 1429 918
7311 3508 718
7312 6030 835
7312 2959 909
7312 2500 897
7312 2567 948
7312 2182 603
7312 7874 936
7312 1853 300
7313 4269 554
7313 3571 181
7313 2323 938
7313 6501 468
7313 7383 733
7314 5405 201
7314 6641 158
7314 2646 228
7315 4251 635
7315 4418 23
7315 6039 913
7315 7918 962
7315 4047 887
7316 7933 330
7316 1959 221
7316 1179 243
7316 4200 665
7316 5651 442
7316 4876 333
7316 6346 145
7316 862 348
7317 754 833
7318 3669 43
7318 652 381
7318 7158 828
7318 4648 400
7319 5392 288
7319 7867 445
7319 128 743
7320 4571 121
7320 6584 113
7320 6817 726
7320 1841 966
7320 3286 994
7320 4472 266
7321 6126 487
7321 399 917
7321 2506 817
7321 832 170
7321 2878 344
7322 7472 301
7322 4516 102
7322 6081 864
7322 2840 381
7322 7247 834
7323 7647 843
7324 2619 123
7324 654 178
7324 582 850
7324 7075 839
7324 1393 179
7324 3025 875
7324 4225 580
7325 6109 135
7325 715 95
7325 4770 443
7325 3622 828
7326 7291 552
7326 1790 751
7326 1607 224
7326 4191 129
7328 775 818
7328 5479 645
7328 4295 565
7328 569 792
7329 1741 467
7329 7880 390
7329 7680 118
7329 241 576
7329 14 166
7329 6705 368
7329 2465 859
7329 3651 254
7329 6144 481
7329 3509 445
7330 6187 72
7330 5606 928
7330 6427 301
7330 1802 627
7330 4875 156
7331 1437 852
7331 1953 513
7331 2972 156
7332 1440 290
7332 196 743
7333 2674 43
7333 2873 101
7334 2017 653
7334 6082 615
7334 551 453
7334 1730 433
7334 6921 321
7335 2714 637
7335 6521 631
7335 2974 460
7335 3372 871
7335 5488 225
7335 7290 901
7336 7142 13
7337 1865 818
7337 6646 689
7337 2687 224
7337 2397 626
7338 2840 419
7339 5803 583
7339 806 949
7339 5351 592
7339 3093 27
7339 2725 140
7340 3969 883
7340 1844 901
7341 4239 207
7342 7743 125
7342 4656 579
7342 6604 875
7343 3373 330
7343 4582 835
7343 31 479
7343 5141 614
7343 2489 782
7343 1722 420
7343 7014 30
7344 5079 685
7344 2364 575
7344 5585 183
7344 3768 518
7345 268 900
7346 5881 751
7346 3766 49
7346 7377 306
7346 7406 944
7346 1558 379
7346 1305 372
7347 3147 329
7347 6303 531
7347 1625 136
7348 1467 958
7349 7990 807
7350 7089 500
7350 7070 8
7350 433 286
7351 7602 926
7351 1569 204
7351 5398 863
7351 6292 566
7352 3581 296
7352 3805 899
7352 7132 982
7352 6546 560
7352 7354 861
7353 798 354
7353 2543 645
7353 3389 683
7353 3708 240
7353 1504 785
7353 2899 788
7353 2907 787
7353 5549 909
7353 122 842
7354 748 365
7354 238 899
7354 4957 507
7354 3221 485
7354 4335 612
7355 772 990
7355 2348 560
7355 844 266
7355 6890 555
7355 7669 420
7355 12 384
7355 6418 568
7355 4190 513
7355 3869 807
7355 2137 88
7355 5037 701
7356 3851 265
7356 2673 929
7357 5823 419
7357 805 721
7357 1457 271
7357 6803 886
7357 6952 131
7358 1617 904
7358 3712 824
7358 2703 537
7359 10 496
7359 7125 272
7359 1539 877
7360 6362 706
7360 3382 871
7360 7192 495
7360 2403 365
7361 5315 281
7361 7544 827
7362 6309 80
7362 3559 137
7362 777 932
7362 6088 240
7363 5024 744
7363 2472 886
7363 5707 458
7363 5954 782
7363 796 765
7363 733 397
7364 5365 466
7364 1059 133
7364 1640 427
7365 507 985
7365 3718 789
7366 2637 385
7366 6361 345
7366 3704 870
7366 6104 65
7366 628 744
7366 276 918
7367 4582 787
7367 1541 252
7368 6170 687
7368 3221 901
7368 4003 205
7368 2378 35
7369 7141 969
7369 4001 446
7369 5719 522
7369 576 242
7369 5154 183
7370 5212 608
7370 7664 791
7371 2734 19
7371 6959 968
7371 3005 493
7372 7944 390
7372 5761 497
7373 921 868
7373 3546 405
7373 2722 223
7373 2879 90
7373 1723 502
7374 5348 267
7374 2781 412
7374 7132 971
7375 3892 524
7376 1738 351
7376 2416 259
7376 5596 266
7376 7538 496
7377 4652 315
7377 2306 901
7377 3491 760
7377 7520 887
7377 6802 513
7378 542 28
7378 1891 88
7378 7907 944
7378 5024 363
7379 1785 483
7379 7573 881
7379 309 411
7379 3771 141
7379 4244 753
7380 389 172
7380 7189 612
7380 964 745
7381 6929 804
7381 5625 110
7382 7092 644
7382 4935 34
7382 1157 216
7382 2649 49
7382 2965 343
7382 58 823
7382 2916 570
7382 5355 32
7383 1366 210
7384 5949 829
7384 3767 165
7384 5164 462
7384 4937 599
7384 1520 486
7384 3841 248
7385 4384 874
7385 7243 667
7386 4151 889
7386 4501 177
7386 2731 912
7386 798 147
7386 4968 479
7386 90 227
7386 472 535
7387 1358 660
7388 4897 853
7388 7357 822
7388 1957 582
7389 3198 737
7389 1615 393
7389 7364 962
7389 7463 719
7389 3957 376
7389 3771 697
7390 4996 817
7390 1022 910
7390 7335 331
7390 1547 534
7390 6128 335
7391 6384 632
7391 2398 157
7391 1737 494
7391 4307 810
7391 1416 703
7391 2052 852
7391 6748 381
7391 1134 251
7392 7704 552
7392 6242 692
7392 4267 602
7392 2228 249
7393 5892 76
7393 260 904
7393 7652 428
7393 5384 886
7393 5328 177
7393 6427 769
7393 1003 777
7393 7100 475
7394 1323 309
7394 2805 320
7395 3975 196
7395 5968 250
7395 6974 353
7395 6158 801
7396 137 636
7396 5701 686
7396 5676 414
7396 3231 540
7396 5829 274
7396 5850 852
7396 1066 479
7397 51 681
7397 6218 802
7397 2908 702
7397 6824 369
7397 7649 661
7398 1352 724
7398 4164 22
7398 7825 45
7398 5901 364
7399 6310 354
7399 3016 697
7400 5144 496
7400 2323 385
7401 3276 695
7401 7213 357
7401 6650 469
7401 4715 369
7402 7368 430
7402 1308 187
7402 2254 259
7402 7169 150
7403 4669 484
7403 3672 385
7403 7298 408
7403 5408 69
7404 1072 547
7404 130 509
7404 7592 161
7404 3924 70
7404 3876 214
7404 101 119
7405 4081 896
7405 6172 439
7406 937 28
7406 558 446
7406 460 716
7407 6731 624
7407 7858 995
7407 733 407
7409 1697 214
7409 3987 764
7409 6470 658
7409 1940 444
7409 5756 676
7410 6734 349
7410 1596 794
7411 2934 592
7411 7519 994
7411 6500 694
7411 364 715
7411 3889 891
7411 2068 962
7412 3988 388
7412 6339 111
7412 647 103
7412 1399 924
7413 6128 774
7413 4947 438
7413 612 153
7413 670 129
7414 2120 704
7414 3397 812
7414 4605 191
7415 2008 641
7415 219 579
7415 7930 917
7415 6258 518
7416 3486 593
7416 2296 418
7416 3567 449
7417 2427 751
7417 6284 898
7418 1002 428
7418 2104 331
7419 6894 254
7419 7497 463
7419 4213 582
7419 4567 876
7419 1175 995
7419 6577 945
7420 5508 535
7420 863 568
7420 3669 812
7420 181 198
7421 7392 519
7421 2696 426
7421 3334 675
7422 4623 867
7422 5456 413
7422 7354 884
7422 4681 171
7422 6685 55
7423 6135 418
7423 3280 731
7423 7838 463
7423 7217 937
7423 1815 486
7423 5352 501
7423 4074 890
7424 3109 68
7424 4058 489
7424 3579 274
7424 3192 390
7424 1731 720
7424 3232 193
7424 6276 494
7424 1462 380
7424 502 957
7425 3335 502
7425 7827 350
7425 189 939
7425 7787 748
7426 2732 679
7426 1603 354
7426 5299 134
7427 6065 763
7427 5511 80
7427 5424 623
7428 4975 303
7428 1670 612
7428 7542 452
7429 1159 446
7429 4661 359
7429 6564 244
7429 1288 491
7430 252 568
7430 6743 751
7430 1376 744
7430 2683 907
7431 6073 753
7431 3556 296
7432 6255 208
7432 367 192
7433 7350 315
7433 3454 544
7433 597 444
7433 4312 6
7433 7593 438
7433 2623 230
7433 2779 654
7434 2133 490
7434 518 804
7434 2527 759
7434 7935 988
7434 1710 136
7434 6251 323
7434 5724 787
7435 6836 484
7435 1604 845
7435 7642 911
7435 6636 814
7435 7800 969
7436 3262 450
7436 558 3
7436 1248 753
7436 4982 340
7437 2359 598
7437 6778 746
7437 1306 9
7438 1838 607
7438 3904 328
7439 6568 871
7439 2701 96
7439 1318 938
7439 4759 966
7440 4802 757
7440 3474 386
7440 6433 312
7440 3259 408
7441 6649 126
7441 3504 809
7442 2844 714
7442 2770 269
7442 6762 958
7442 2144 609
7442 387 342
7443 5095 793
7443 1121 525
7443 5577 480
7443 5718 508
7443 3850 517
7443 2441 575
7444 3718 556
7444 537 468
7444 3325 567
7444 5044 661
7446 309 126
7446 7920 594
7446 3646 407
7447 7418 35
7447 849 500
7447 3623 960
7447 6955 120
7447 2290 930
7448 5914 698
7448 2107 21
7448 2380 90
7449 1368 936
7449 1036 927
7449 2016 178
7450 4021 511
7450 519 397
7450 4554 117
7451 2622 743
7451 314 411
7451 5075 914
7451 2066 606
7452 3728 974
7452 3611 131
7452 2379 744
7452 1733 881
7452 1407 749
7452 5224 314
7453 6485 440
7453 6840 469
7454 1883 256
7454 5981 739
7454 1892 792
7454 1508 210
7454 2265 514
7454 5038 951
7454 2438 130
7455 2925 257
7455 6292 712
7456 1387 635
7456 1245 961
7456 1690 493
7456 4547 782
7456 2509 661
7457 2554 266
7458 7731 938
7458 4375 928
7458 7159 826
7459 1137 231
7459 3089 244
7460 1535 793
7460 3427 625
7460 658 820
7460 2898 822
7461 2835 169
7461 2118 915
7461 6203 636
7462 6810 441
7462 6860 698
7462 172 907
7462 3995 647
7463 3358 870
7463 4298 26
7463 4805 564
7464 6834 624
7464 3200 777
7464 1297 661
7464 5468 461
7464 5488 334
7464 534 297
7464 2581 307
7464 4041 127
7465 1881 718
7465 914 318
7465 5251 648
7466 4435 942
7467 837 280
7467 6087 179
7467 6773 180
7467 3396 975
7468 1142 52
7468 4412 872
7468 4600 905
7468 3656 979
7468 3120 275
7468 2799 874
7468 4488 856
7469 505 650
7469 2983 283
7469 1226 82
7470 7594 220
7470 3103 113
7470 917 224
7470 1484 935
7471 6633 163
7471 4044 12
7471 626 777
7471 5183 828
7471 5562 751
7471 7525 146
7472 869 908
7472 3379 305
7472 5510 634
7472 3198 852
7472 4881 493
7472 4085 180
7473 44 398
7473 1337 666
7474 149 333
7474 6835 226
7474 7765 508
7474 7703 809
7474 5460 257
7474 6370 670
7474 770 816
7474 6416 280
7474 898 616
7475 3514 90
7475 1243 164
7475 5019 15
7476 4714 747
7476 976 821
7476 5890 5
7476 1239 451
7476 2812 963
7477 1601 269
7477 4026 913
7477 786 72
7477 1406 512
7477 4894 105
7478 5755 423
7478 554 938
7478 612 492
7479 5202 547
7480 7740 837
7480 3464 744
7480 6787 470
7480 5670 865
7481 2099 647
7481 6312 312
7481 1366 936
7481 3535 288
7482 4131 345
7482 5667 303
7482 4962 773
7482 5103 782
7482 4288 820
7483 6619 103
7483 209 106
7483 1473 915
7483 6658 705
7483 3700 958
7484 704 989
7484 2224 867
7484 3937 464
7484 3060 296
7484 3915 838
7485 1407 809
7485 6865 308
7486 6140 884
7486 1029 602
7486 4969 935
7486 6103 840
7486 6675 699
7486 6918 111
7486 3512 466
7486 2272 971
7487 2075 349
7487 4584 691
7487 6777 138
7487 5422 1
7487 5857 979
7488 4549 834
7489 5108 983
7489 2644 297
7489 3842 867
7490 3735 242
7490 4244 214
7490 6419 379
7490 6278 300
7491 2381 839
7491 2544 500
7492 6777 69
7492 2661 869
7492 1173 604
7492 2907 810
7492 4716 387
7493 2361 356
7493 275 825
7493 7774 638
7493 6799 202
7493 2059 632
7494 5158 907
7494 1573 511
7495 5802 50
7495 2496 565
7495 374 821
7495 7149 62
7495 168 27
7496 7209 819
7496 152 691
7496 7767 835
7496 6624 748
7497 924 717
7497 369 64
7497 3414 539
7498 2100 622
7498 4772 429
7498 3771 268
7499 5641 576
7499 4070 722
7499 6612 261
7499 1161 765
7499 1842 449
7499 5926 399
7499 4315 159
7500 219 78
7500 2330 626
7500 701 303
7500 3666 54
7500 6714 834
7500 7052 897
7501 1341 913
7501 3372 209
7501 6398 414
7501 5181 830
7502 372 150
7502 822 573
7502 2916 328
7503 5462 563
7503 3866 412
7504 30 996
7504 6060 526
7504 6163 918
7505 7446 644
7505 5016 681
7506 2118 284
7506 5378 811
7506 4813 876
7507 4175 613
7507 3898 604
7507 6134 767
7507 4593 641
7508 946 343
7508 1106 438
7509 4533 274
7509 1884 365
7509 5419 315
7510 4764 766
7510 1361 955
7510 7684 891
7510 7991 643
7510 3760 336
7511 2354 179
7511 5184 338
7511 1649 228
7511 6621 984
7512 6472 797
7512 683 454
7512 6598 809
7512 5534 37
7513 2997 867
7513 7077 751
7514 3699 546
7514 4425 462
7514 6034 60
7514 4331 482
7514 3649 742
7514 6718 385
7514 7963 512
7515 3809 711
7515 230 296
7515 6534 295
7516 4077 360
7516 5361 589
7516 8 513
7517 6593 931
7517 4137 576
7517 889 483
7518 752 836
7518 3336 861
7518 42 150
7518 3994 20
7519 615 224
7519 1781 813
7519 2932 868
7519 2839 282
7519 6134 611
7519 7571 24
7520 4163 967
7520 3863 449
7520 566 138
7520 1300 124
7520 393 175
7520 4142 697
7520 6927 745
7521 3163 982
7521 2529 106
7521 2161 311
7521 6889 417
7522 5544 723
7522 216 725
7522 5723 724
7523 2514 788
7523 5907 27
7523 3966 11
7524 7523 525
7524 1023 294
7524 6788 594
7524 4112 571
7524 457 635
7525 1902 13
7526 2203 31
7526 4588 228
7526 2099 157
7526 5552 2
7526 1019 750
7527 3398 971
7527 7117 842
7527 2415 260
7527 6450 417
7527 1584 292
7527 4181 937
7528 4151 806
7528 3273 611
7528 2075 148
7528 4995 485
7528 6772 491
7528 4498 918
7529 2553 265
7530 6879 686
7530 1881 214
7530 2635 136
7530 6937 352
7530 4279 958
7530 1580 643
7530 1477 147
7530 4689 545
7531 3420 431
7531 7338 920
7532 7220 103
7532 4827 119
7532 4977 24
7533 5950 887
7533 3074 729
7533 4712 331
7534 1837 861
7534 1688 998
7535 7622 618
7535 6916 415
7535 2968 451
7535 1899 725
7535 7891 150
7535 621 345
7536 387 447
7536 6074 77
7536 5114 186
7537 3950 968
7537 4788 884
7538 1127 208
7538 6872 898
7538 6287 776
7538 4780 454
7538 6842 176
7539 5409 781
7539 924 582
7539 5028 735
7539 3832 229
7539 4421 649
7540 6505 421
7540 3590 958
7540 969 257
7541 2289 353
7541 7619 953
7542 2331 142
7542 1362 179
7543 5265 606
7543 5882 754
7544 4639 918
7544 4656 876
7544 7767 262
7544 6980 805
7544 4987 219
7545 6805 153
7545 7244 967
7545 1745 375
7545 2491 552
7545 2341 103
7546 844 629
7546 6877 417
7546 7072 634
7546 761 353
7546 3019 819
7546 7651 26
7546 4043 152
7546 804 804
7546 5621 277
7547 379 965
7547 3984 381
7547 3040 615
7548 2455 775
7548 2656 279
7548 1828 621
7548 5734 605
7548 4296 485
7548 1266 878
7549 2504 219
7550 1840 445
7550 3963 638
7551 5360 890
7551 2016 967
7552 282 991
7552 3403 28
7553 2860 692
7553 2206 233
7553 6410 850
7554 4569 431
7554 4069 986
7554 2181 309
7554 5871 966
7554 4333 344
7554 7951 125
7554 7597 409
7554 5336 829
7555 5094 653
7555 4805 497
7555 7381 956
7556 290 435
7556 5680 212
7556 4209 294
7556 3266 425
7556 7377 653
7556 2216 111
7557 4694 761
7557 426 17
7558 6194 520
7558 4329 271
7559 7244 972
7559 870 357
7559 3019 753
7559 5328 203
7560 2770 943
7560 1014 491
7560 3060 422
7560 4518 78
7560 7897 397
7560 92 890
7560 16 897
7560 3450 543
7562 6111 900
7562 889 415
7562 2161 363
7562 313 539
7562 7152 95
7562 3533 813
7562 6501 900
7562 3427 733
7562 4943 533
7562 6193 99
7563 4376 571
7563 823 402
7563 2023 612
7563 6227 287
7564 4445 133
7564 2448 164
7564 4705 533
7564 65 314
7567 3951 968
7567 2910 820
7568 1625 438
7568 7361 912
7568 5131 597
7568 4344 447
7569 1807 724
7569 2055 245
7569 7003 26
7570 7722 83
7570 6809 675
7571 1187 72
7571 3222 468
7572 1477 67
7573 5373 592
7573 6225 103
7573 5598 368
7573 7274 207
7573 6624 392
7573 7984 869
7574 3720 90
7574 1368 700
7574 5967 298
7574 7763 319
7574 2589 166
7574 2145 570
7574 5216 792
7574 6229 467
7574 419 833
7575 4023 391
7575 6441 324
7575 3135 606
7576 2314 408
7576 1637 944
7576 1736 811
7577 469 389
7577 1732 744
7577 6197 587
7578 226 982
7578 4328 446
7578 4007 609
7579 7582 262
7579 4432 572
7580 4577 429
7580 6686 283
7581 1775 222
7581 4206 256
7581 6788 815
7582 7658 156
7583 4092 422
7583 2468 485
7583 6220 591
7583 3550 501
7584 954 83
7585 6411 354
7585 722 305
7586 4293 394
7586 7598 711
7586 3748 523
7586 872 644
7586 2191 83
7586 5372 886
7588 6875 137
7588 6299 247
7588 3343 240
7588 7932 246
7588 5938 198
7589 3754 169
7589 7446 313
7589 6202 216
7590 7264 130
7591 2237 64
7591 5950 279
7591 7295 559
7591 2732 119
7591 2399 68
7592 4069 17
7592 1224 366
7592 5884 713
7592 5678 254
7593 4500 963
7593 5200 213
7593 4994 286
7593 2929 390
7593 7447 750
7593 4314 233
7593 5401 343
7593 116 487
7594 4873 374
7594 2668 546
7594 7842 407
7595 5762 709
7596 2542 786
7596 310 949
7596 6553 510
7596 3916 202
7596 4860 780
7596 2458 923
7597 7456 980
7597 7670 453
7597 2963 724
7598 5183 881
7598 7301 123
7598 1084 56
7599 2040 569
7599 5133 135
7599 6255 20
7599 5379 896
7599 4903 619
7600 143 870
7600 1110 914
7601 2884 554
7601 7109 362
7601 4514 126
7601 4029 513
7601 5254 778
7601 1234 879
7601 3617 892
7601 6612 823
7601 417 424
7601 1035 974
7602 2519 411
7602 3938 227
7602 7540 366
7602 1236 848
7603 1014 801
7603 5977 857
7603 6348 474
7604 910 985
7604 2438 924
7604 7140 137
7604 4679 277
7605 7894 888
7605 4540 801
7606 365 221
7606 7866 669
7606 3655 502
7607 7343 85
7607 6305 94
7607 2587 870
7607 7407 907
7607 7439 209
7608 7100 724
7608 4380 369
7608 1059 567
7609 1856 245
7609 1930 752
7609 3764 577
7609 842 219
7609 470 648
7609 1116 57
7609 3369 106
7610 7762 493
7610 4841 413
7610 4094 123
7611 2048 809
7611 2050 237
7611 7629 243
7611 7960 431
7611 234 94
7611 7050 874
7612 3977 984
7612 3284 176
7612 7599 582
7613 441 668
7613 7168 817
7613 6108 50
7613 2703 571
7613 1315 18
7613 4362 900
7613 7167 366
7613 874 367
7614 2858 430
7614 4889 495
7614 5478 659
7614 4371 848
7614 3274 336
7614 3643 123
7614 2632 452
7615 2690 103
7615 5867 664
7615 6825 705
7615 2416 676
7615 6019 342
7616 1541 765
7616 7791 36
7616 957 306
7616 27 102
7616 5990 786
7616 3721 907
7617 7385 129
7618 7138 827
7618 7709 819
7618 4080 135
7619 820 591
7620 1717 648
7621 825 65
7621 4264 671
7621 6383 51
7622 6237 221
7622 4976 129
7623 3376 450
7623 5657 522
7623 7588 465
7623 1416 375
7624 7531 308
7624 2441 523
7624 915 666
7624 2278 927
7625 4096 109
7625 305 967
7625 6762 590
7625 1177 554
7625 6571 182
7626 4183 128
7626 802 96
7626 4577 20
7626 3106 372
7626 6445 917
7626 4761 124
7626 7823 17
7627 6590 732
7627 924 745
7627 370 911
7627 6025 316
7627 4144 374
7628 6052 569
7628 3326 198
7629 7266 322
7629 2798 130
7629 7342 57
7629 5321 336
7629 1695 582
7629 5421 939
7629 2456 545
7629 3366 547
7629 2863 76
7629 2182 127
7630 4838 365
7630 4370 177
7631 7651 628
7631 616 121
7631 4621 887
7631 6880 773
7632 4366 751
7632 2261 572
7632 6325 250
7633 7362 714
7633 5520 84
7633 5669 770
7634 2559 799
7634 4908 832
7634 2791 671
7635 286 367
7635 613 613
7635 6991 947
7636 510 740
7636 1307 279
7636 3578 97
7636 5084 769
7637 3196 182
7637 6602 422
7637 5702 948
7637 5217 847
7638 3099 995
7638 5443 439
7639 1780 493
7639 1234 383
7639 6821 953
7639 3944 915
7640 4091 961
7640 6977 240
7641 6670 9
7641 442 812
7641 7157 17
7641 754 807
7641 7074 931
7642 690 792
7642 1924 807
7642 2431 489
7642 6822 828
7642 5387 973
7643 765 500
7644 228 625
7644 3198 756
7644 1207 683
7645 5802 620
7645 2537 577
7645 2532 464
7645 2456 107
7645 624 731
7645 5004 78
7645 1779 86
7646 4496 984
7646 7849 149
7646 4494 535
7646 6629 525
7646 970 847
7646 4672 366
7646 2107 491
7647 934 875
7647 4040 284
7647 536 871
7647 5382 67
7647 664 951
7648 1494 795
7648 1843 709
7648 4653 925
7649 1522 240
7649 2563 922
7649 213 439
7649 5129 928
7649 1014 854
7650 4381 444
7650 2085 887
7650 501 6
7650 7569 601
7650 3076 343
7651 6077 731
7651 3976 932
7651 7664 532
7651 3052 14
7651 360 526
7651 2865 11
7651 49 947
7651 6478 92
7651 4184 873
7652 2393 446
7652 1962 486
7652 7508 193
7652 2086 103
7652 25 789
7652 4208 500
7653 5185 784
7653 5375 779
7653 5332 254
7653 4270 292
7653 4779 28
7653 7332 483
7653 964 564
7654 4003 930
7654 7393 147
7655 7015 267
7655 2983 191
7655 1867 21
7655 2141 43
7655 3679 230
7656 4593 487
7656 4119 340
7656 7079 327
7656 3570 191
7656 408 595
7656 838 180
7657 4689 729
7657 2297 708
7657 3718 89
7657 2508 554
7657 2885 505
7657 993 160
7658 1514 571
7658 5865 625
7659 3450 571
7659 4744 800
7659 1733 184
7660 4386 516
7660 6423 862
7660 5442 297
7661 1239 250
7662 1367 207
7662 5236 555
7662 706 966
7663 7683 729
7663 351 521
7663 7444 431
7663 7684 580
7663 3766 42
7664 4949 846
7664 1364 564
7664 3954 359
7664 6735 993
7664 7368 206
7664 1386 355
7665 2683 762
7665 7240 272
7665 6475 431
7665 2703 877
7665 3052 222
7665 6233 207
7665 6660 554
7665 3759 731
7666 3420 864
7666 4084 546
7667 2380 84
7667 2694 802
7667 427 728
7667 6215 583
7667 3882 17
7667 745 115
7668 3549 976
7668 1597 759
7669 6750 374
7669 2065 376
7669 7358 18
7670 420 981
7670 300 752
7670 853 863
7671 5498 336
7672 2977 175
7672 4879 103
7672 4722 872
7673 6907 659
7673 4209 207
7673 6038 733
7673 6444 145
7673 1806 951
7674 927 109
7674 4845 191
7674 7221 398
7674 6966 211
7674 4724 909
7674 6480 963
7675 3422 763
7676 2658 649
7676 4402 545
7676 4453 410
7677 4067 358
7677 1459 617
7677 5659 937
7677 5829 42
7677 6890 161
7677 4031 953
7678 2301 951
7678 2010 13
7678 414 191
7678 7806 462
7679 4632 776
7679 3007 335
7679 6084 538
7679 6490 550
7679 5394 193
7680 476 221
7680 4959 944
7680 4664 292
7680 279 555
7680 5796 572
7681 3793 792
7681 571 692
7681 2873 671
7681 1122 957
7681 250 983
7682 5120 566
7682 2777 865
7682 2771 712
7682 4397 58
7682 3465 75
7682 5173 431
7683 4255 702
7683 4780 391
7683 7012 167
7684 5543 656
7684 4570 1
7684 447 80
7684 7632 172
7684 4884 668
7684 345 740
7685 1690 123
7686 7332 859
7686 4403 253
7686 6382 769
7686 1238 335
7686 3401 284
7686 312 408
7687 3668 814
7687 7166 25
7687 6395 339
7687 7320 692
7687 5837 629
7687 1312 796
7688 2383 221
7688 2861 753
7688 5462 121
7688 2831 759
7689 674 17
7689 1033 200
7689 5640 611
7689 6870 860
7689 2012 342
7690 7998 954
7690 7487 453
7690 6061 558
7690 1443 326
7690 3626 668
7691 6944 686
7691 5757 756
7692 473 877
7693 6049 792
7693 1611 189
7693 3824 74
7693 1951 601
7694 970 893
7694 1784 142
7694 2321 487
7695 7290 82
7695 1331 897
7697 5364 424
7697 3272 224
7697 3743 218
7697 1869 290
7697 146 493
7697 511 6
7698 818 749
7698 4261 85
7698 2676 296
7698 277 166
7698 5528 225
7698 751 831
7699 7414 737
7699 1850 551
7699 6779 403
7699 7454 156
7700 6226 921
7700 7874 214
7701 2206 92
7701 2441 239
7701 7091 273
7701 5328 915
7701 734 908
7702 6281 623
7702 4999 501
7702 4348 782
7703 3655 99
7703 7180 705
7703 1807 708
7703 6712 858
7703 4531 712
7704 4437 764
7704 1255 787
7704 2994 203
7704 6192 951
7704 1655 290
7704 4108 780
7705 6225 704
7705 7650 123
7705 6009 899
7705 51 854
7705 6490 382
7706 4230 970
7706 3590 492
7706 616 424
7706 3312 360
7707 2479 108
7708 7430 59
7708 5835 944
7708 7553 445
7709 1382 300
7709 113 170
7709 1049 660
7709 3685 527
7710 666 970
7710 3688 564
7710 6905 890
7710 3224 379
7710 2623 5
7711 5653 570
7711 5098 785
7712 3600 922
7712 5189 24
7712 622 550
7712 7591 192
7713 6539 681
7713 814 48
7713 4646 367
7713 534 470
7714 7839 402
7714 5770 403
7715 3722 137
7715 1619 770
7715 2132 937
7715 1177 131
7715 3081 677
7716 498 325
7716 2860 980
7716 6896 727
7717 3858 363
7717 3320 86
7718 7108 751
7719 6390 790
7719 132 566
7719 1799 44
7719 2671 856
7719 591 334
7720 5510 81
7720 7392 966
7720 3111 300
7720 6396 191
7720 7590 378
7720 7928 301
7721 7256 176
7721 1953 975
7722 23 282
7722 4042 298
7722 2668 887
7722 2469 742
7723 2306 850
7723 4967 878
7723 5347 353
7723 6905 272
7724 1631 191
7724 2288 99
7724 716 118
7725 494 503
7725 4186 622
7725 2043 706
7725 5076 156
7725 7456 888
7725 2831 110
7726 5444 327
7726 5505 125
7727 1765 906
7727 4898 618
7727 4832 941
7727 620 780
7727 1873 195
7727 5981 232
7727 7852 204
7728 3841 175
7728 6148 125
7728 846 571
7729 937 374
7729 2937 169
7729 3058 405
7730 5305 887
7730 2604 995
7730 796 492
7730 2777 744
7730 1877 105
7731 6375 902
7731 6546 323
7731 3908 400
7732 295 186
7732 3647 359
7732 3860 767
7733 7165 844
7733 2204 365
7733 5885 822
7733 4766 186
7734 3252 483
7734 7343 790
7734 2818 730
7734 3832 20
7735 3964 661
7735 1824 268
7735 1153 895
7735 485 171
7735 2410 212
7735 6198 443
7736 1876 586
7736 6987 821
7736 341 322
7736 4539 196
7736 2799 706
7736 4307 694
7738 3489 796
7738 5563 193
7738 6672 265
7738 1298 166
7738 6130 709
7739 5718 341
7739 6067 806
7739 3910 588
7739 4570 544
7739 4893 354
7739 4141 400
7740 1670 536
7740 4258 192
7741 5365 769
7741 5650 148
7742 2887 695
7742 6265 752
7742 6941 647
7742 3684 521
7743 6742 769
7743 5741 223
7744 1325 644
7744 5810 861
7744 5325 76
7744 1079 23
7744 2007 829
7744 1082 26
7745 6878 959
7745 3131 321
7745 1144 591
7745 788 913
7745 6678 105
7745 3655 53
7746 6012 959
7746 6529 726
7746 7354 36
7747 6823 16
7747 4522 887
7747 1521 370
7747 260 884
7748 6125 683
7748 5187 186
7748 3279 446
7748 1722 429
7749 7727 266
7749 7995 182
7749 5400 258
7750 1732 311
7750 5467 973
7750 2660 972
7750 7193 642
7750 5125 321
7751 7021 235
7752 1187 160
7752 726 134
7752 6846 864
7752 1803 717
7752 7445 234
7753 2724 992
7753 3669 642
7753 724 347
7753 5004 473
7754 1142 930
7754 3473 937
7754 4326 260
7754 6638 920
7754 2766 522
7755 3856 326
7755 7503 965
7755 4797 882
7755 6777 677
7755 6284 214
7755 3165 433
7755 434 927
7756 1868 120
7756 897 5
7757 6745 900
7757 2766 469
7757 4342 260
7758 4306 577
7758 471 3
7758 6378 29
7759 1229 741
7759 7015 598
7759 5189 395
7760 2375 21
7761 1836 641
7761 2328 13
7762 1115 549
7762 7648 888
7762 3795 220
7762 5465 288
7763 2772 56
7763 7295 252
7763 3025 29
7763 6634 282
7763 2781 474
7764 108 804
7764 5408 248
7764 7744 430
7764 3109 566
7765 5905 50
7765 1549 748
7765 10 146
7765 3975 852
7765 2197 25
7766 6577 80
7766 7082 172
7766 902 507
7766 6736 997
7767 5648 273
7768 7741 145
7769 863 379
7769 882 322
7769 913 429
7769 5270 822
7769 1575 6
7769 7193 923
7770 897 839
7770 5448 246
7770 4763 802
7770 3910 725
7770 4918 169
7770 6840 737
7770 19 474
7771 6139 978
7771 1787 325
7771 4204 884
7771 4253 837
7771 4524 394
7771 6657 448
7771 2648 638
7771 4274 765
7772 146 59
7772 7452 478
7772 6520 255
7773 3612 738
7773 3925 718
7773 5113 81
7773 392 927
7773 4411 87
7774 5849 452
7774 6955 510
7774 7656 453
7774 362 484
7775 7949 882
7775 2451 881
7775 4380 981
7776 4127 528
7776 3358 65
7777 5750 484
7777 4371 92
7777 6081 617
7777 4457 660
7778 2089 94
7778 2585 719
7778 4280 171
7778 4781 499
7778 2779 150
7778 6361 745
7779 7588 826
7779 5892 295
7779 6183 541
7779 4313 132
7780 3479 40
7780 6561 648
7780 5620 762
7780 6059 410
7780 3658 943
7780 7158 76
7780 3305 673
7780 4049 62
7781 7190 355
7781 945 828
7781 7266 754
7781 582 446
7781 2503 89
7781 5533 877
7781 7690 727
7781 2781 647
7782 6635 398
7782 4257 137
7783 756 191
7783 1177 943
7783 5460 775
7783 7059 828
7783 2171 993
7783 3686 247
7783 1228 654
7783 5549 980
7784 944 805
7784 5503 881
7785 3223 730
7786 5065 738
7786 5254 297
7786 4003 736
7786 7118 649
7787 854 889
7787 5 710
7787 7515 53
7787 3990 509
7787 1059 797
7787 5428 374
7788 6560 483
7788 5480 756
7788 6633 825
7788 1766 728
7788 5463 859
7788 4069 168
7788 2351 861
7788 699 957
7789 158 685
7789 2768 7
7789 1062 213
7790 3999 943
7790 1819 321
7790 7975 246
7790 5163 160
7790 2083 421
7791 1973 176
7791 1714 847
7791 5259 669
7791 3677 242
7792 6118 657
7792 7994 224
7793 3824 507
7793 4183 678
7793 3150 852
7793 4494 870
7793 6131 56
7793 4972 422
7793 7084 23
7793 7494 927
7793 1338 699
7794 4681 710
7794 7159 16
7794 1776 490
7794 6958 861
7795 3648 733
7795 7744 328
7796 7383 886
7796 557 187
7796 3988 55
7797 218 249
7797 4350 150
7797 3748 78
7798 1342 545
7798 6030 854
7799 5635 199
7799 4801 306
7799 500 849
7799 4004 724
7799 4037 367
7799 5709 525
7800 7676 343
7800 7054 52
7801 5952 665
7801 3757 577
7801 5428 304
7801 7583 403
7802 7360 384
7802 6085 122
7802 3139 677
7803 1180 36
7803 6850 125
7804 7681 345
7804 2638 476
7805 1256 413
7805 1761 371
7805 6424 750
7805 3024 73
7805 2274 211
7805 4266 18
7806 2025 814
7807 7049 170
7807 3547 413
7807 877 310
7807 881 387
7807 7320 705
7807 5925 915
7807 6523 93
7808 3865 751
7808 813 650
7808 6072 690
7808 2587 946
7808 531 718
7809 1281 775
7809 5335 587
7809 1695 548
7809 4827 947
7810 2974 364
7810 1013 220
7810 3746 7
7811 330 870
7811 2568 227
7811 4283 618
7811 52 831
7811 259 866
7811 2292 524
7812 7105 119
7812 4444 12
7813 7056 643
7814 7462 121
7814 5899 611
7815 1173 442
7815 7050 800
7816 1736 223
7816 6955 578
7816 7332 254
7816 6793 21
7816 4694 248
7817 6924 331
7817 4673 459
7817 6733 535
7817 6906 887
7817 7139 964
7817 4456 134
7818 2404 388
7818 3454 592
7818 2197 935
7818 4789 221
7819 436 402
7819 3097 265
7819 4652 86
7819 6958 159
7819 6431 986
7819 1185 973
7820 2057 851
7820 467 304
7820 2165 127
7820 3926 434
7820 7861 738
7820 6891 921
7821 6624 302
7821 4748 818
7822 5955 77
7822 6140 72
7822 6644 703
7822 465 191
7822 1141 178
7823 2291 689
7823 2474 462
7823 2572 648
7824 2067 916
7824 4780 102
7825 5534 937
7825 235 215
7826 3578 508
7826 4363 487
7826 2238 538
7827 5289 463
7827 896 400
7827 6566 63
7827 4429 991
7827 7899 272
7828 4983 484
7828 2918 31
7828 2519 931
7828 5443 530
7828 524 104
7828 7376 411
7828 4819 693
7829 691 440
7829 4360 144
7830 787 726
7830 2525 254
7830 4006 434
7830 5118 417
7831 728 413
7831 3869 765
7832 4467 132
7832 1544 906
7832 4357 641
7832 5594 233
7832 6048 822
7832 5304 603
7832 7743 754
7833 3335 140
7833 7007 304
7833 1949 355
7833 6514 538
7833 3555 254
7834 1375 358
7834 1613 813
7834 7908 319
7835 2703 953
7836 6180 239
7836 1675 392
7837 5549 168
7837 696 487
7838 7110 689
7838 2149 829
7838 1580 625
7838 7188 125
7839 6161 972
7839 7955 88
7839 4922 433
7839 1949 246
7839 5184 807
7839 2342 114
7839 6847 144
7839 5237 967
7839 935 612
7840 5867 225
7840 4359 821
7840 5396 297
7840 1543 994
7840 821 68
7841 5983 10
7841 4666 408
7841 436 293
7842 3314 748
7842 3375 635
7843 4564 712
7843 5854 909
7843 4554 811
7843 1169 728
7843 7641 241
7844 1938 177
7844 1718 883
7845 3465 692
7845 5225 221
7846 559 396
7846 7736 378
7846 5199 14
7846 6028 285
7846 5427 110
7847 1318 923
7847 5270 644
7848 70 822
7848 299 404
7849 7317 454
7849 7215 279
7849 3697 257
7850 766 442
7850 4695 112
7850 6970 564
7850 2255 927
7851 3957 128
7851 3150 149
7852 4035 301
7852 7111 873
7852 4644 983
7852 5254 493
7852 2321 205
7853 3004 260
7853 1139 387
7853 7569 12
7853 5259 117
7853 1217 456
7854 4369 862
7854 5656 425
7855 3622 417
7855 5625 811
7855 5560 510
7855 4718 195
7856 639 792
7856 1877 247
7856 3422 675
7857 2597 206
7857 2578 56
7857 3786 998
7857 2903 7
7857 4326 273
7858 6895 960
7858 2871 572
7858 5276 93
7858 2040 160
7858 3875 807
7858 6348 875
7859 3872 417
7859 1526 258
7859 6735 386
7859 5648 40
7859 7135 542
7860 823 668
7860 1339 850
7861 4498 524
7861 5886 648
7861 232 49
7862 6971 130
7862 3724 989
7862 7102 658
7862 7367 296
7862 261 962
7862 1990 418
7863 4297 44
7863 4942 496
7863 4929 178
7863 5147 50
7863 5459 773
7864 372 47
7864 4410 372
7864 4695 951
7864 2444 82
7864 7918 84
7864 5324 525
7865 1785 39
7865 717 605
7865 6741 744
7865 6582 32
7865 6923 178
7865 2753 181
7865 5897 385
7866 990 192
7866 7594 875
7866 7619 3
7866 4312 156
7866 6721 661
7866 708 823
7867 5926 992
7867 7146 468
7867 6209 94
7867 948 886
7868 4826 529
7868 342 635
7868 7040 928
7868 6882 56
7869 7353 337
7869 6171 454
7869 7336 384
7869 6910 595
7870 4431 653
7871 5379 595
7871 4062 710
7871 3657 782
7871 5647 560
7871 6284 757
7872 5843 613
7872 793 86
7872 5233 17
7872 4271 954
7872 525 470
7873 4536 600
7873 389 586
7873 1277 490
7874 7947 4
7874 3116 530
7874 5787 738
7875 1224 473
7875 1110 757
7875 95 544
7875 5440 647
7876 5181 398
7876 900 104
7876 7764 748
7876 565 879
7876 6816 250
7876 6894 512
7876 5135 314
7876 6339 132
7876 2198 657
7876 3359 560
7877 7266 724
7877 193 886
7877 1101 838
7877 1284 758
7878 6696 195
7878 1048 368
7878 3870 842
7878 7105 412
7878 4423 882
7878 2368 524
7879 3526 34
7879 3744 755
7879 7549 141
7879 1120 878
7879 1780 765
7879 5832 525
7880 316 246
7880 3673 613
7881 1060 551
7881 6536 400
7881 4989 453
7881 7092 98
7881 5847 527
7882 3120 692
7882 2249 269
7882 1590 368
7883 6262 262
7884 1783 426
7884 7744 600
7884 569 125
7884 2727 588
7885 7347 90
7885 568 230
7885 2081 546
7885 3883 181
7886 3392 796
7886 3333 859
7886 7879 337
7886 2319 275
7886 7439 855
7886 2671 47
7887 824 707
7887 4586 804
7887 2024 277
7887 6552 878
7887 2723 587
7887 5241 928
7888 3202 288
7888 7156 144
7889 4265 524
7889 3010 813
7890 3786 565
7890 6427 305
7890 7074 526
7890 5293 863
7890 7321 31
7890 863 654
7890 5512 369
7892 5918 754
7892 3479 975
7892 194 882
7892 2291 968
7893 7951 733
7893 6823 559
7893 3865 246
7893 4881 797
7893 3949 522
7893 6799 181
7893 7944 985
7893 3854 698
7893 1992 329
7894 599 416
7894 5531 172
7894 3736 613
7894 2993 703
7894 6742 997
7894 5290 857
7895 3248 708
7895 6907 551
7895 2602 346
7895 4476 243
7896 4446 327
7896 1409 602
7896 647 437
7897 2020 825
7897 4551 848
7897 4053 717
7898 2966 466
7898 5781 682
7898 1782 194
7898 858 596
7899 4963 585
7899 5923 740
7899 656 549
7899 77 148
7899 1514 626
7899 30 35
7899 3711 697
7899 161 392
7899 6036 525
7900 6655 943
7900 7963 863
7900 2168 144
7900 7255 790
7901 6450 496
7901 3791 71
7901 6426 661
7901 1531 160
7901 5570 906
7901 4572 640
7901 2623 193
7902 6357 215
7902 5899 832
7904 6103 243
7904 3492 406
7904 2526 991
7904 7085 676
7904 3293 938
7905 6127 182
7905 4164 470
7906 5131 826
7906 3960 301
7906 3130 57
7906 3549 308
7906 571 242
7906 2262 47
7906 5939 478
7907 3817 122
7907 7255 330
7907 4918 399
7907 3228 277
7907 2179 988
7907 5457 757
7908 6208 771
7908 6994 120
7908 5231 885
7908 4281 169
7909 523 216
7909 4199 719
7909 6011 834
7909 5340 366
7909 3656 286
7910 4561 179
7910 5075 753
7910 1629 217
7910 3249 163
7911 2860 984
7911 1559 985
7911 7278 852
7911 4618 290
7912 1196 232
7912 7929 87
7912 1896 947
7912 4882 884
7912 6475 442
7912 5495 373
7913 478 299
7913 6388 304
7913 1718 446
7913 5042 622
7914 6589 603
7915 2649 399
7915 1062 6
7915 5532 505
7916 2074 684
7916 498 293
7916 6113 912
7916 114 501
7916 4179 354
7916 4022 328
7916 3300 864
7917 6448 456
7917 2571 594
7917 7074 251
7917 6262 827
7917 770 768
7917 1123 779
7918 5698 426
7918 275 812
7918 3538 674
7918 3209 727
7918 6757 206
7918 864 281
7918 2570 619
7919 494 635
7919 6910 266
7919 412 6
7919 6320 738
7919 5426 763
7919 7721 806
7919 5109 623
7920 2081 398
7920 3160 129
7920 2125 110
7920 32 376
7921 499 883
7921 4592 12
7922 4758 424
7922 2672 243
7922 4227 845
7922 2504 23
7922 490 664
7922 6773 764
7922 6448 323
7923 4834 79
7923 2284 769
7923 7832 392
7923 6916 686
7923 3568 490
7925 5993 355
7925 4445 809
7925 1336 542
7926 2010 92
7926 2360 383
7926 1940 991
7926 466 183
7926 858 842
7927 1566 173
7927 811 357
7927 4683 785
7927 6497 585
7927 3007 936
7927 4429 713
7928 3881 555
7928 4180 433
7928 542 146
7929 6427 536
7929 6475 895
7929 2258 598
7930 6435 203
7930 4319 589
7930 1324 702
7930 1210 748
7931 5024 932
7931 1424 360
7931 6858 695
7932 4327 198
7933 4570 965
7933 3101 55
7933 6116 109
7933 3878 907
7934 4414 109
7934 2520 880
7934 5693 601
7935 1014 244
7935 5194 665
7935 5550 526
7935 2359 361
7935 6153 809
7935 1952 586
7936 3858 380
7936 1163 765
7936 5021 773
7936 6271 20
7936 2612 676
7937 5743 91
7937 1814 516
7937 2925 556
7937 500 638
7938 5561 131
7938 4994 974
7938 4607 151
7938 3429 937
7938 249 518
7938 5518 735
7939 1788 453
7940 5606 732
7940 804 980
7940 828 545
7940 2201 132
7940 5787 789
7940 1924 769
7941 3761 505
7941 4979 876
7941 5115 516
7942 5323 433
7942 5360 618
7942 4359 790
7942 6222 551
7942 2999 382
7943 7179 155
7943 5912 715
7943 6905 324
7944 6086 683
7944 1282 228
7944 1045 897
7945 5969 351
7945 3829 767
7945 1779 473
7945 2044 402
7946 7430 753
7946 1180 252
7946 839 20
7946 5039 762
7947 7033 275
7947 7544 871
7947 5160 641
7948 4273 150
7948 3064 877
7948 1897 746
7948 4988 436
7949 4014 46
7949 6387 988
7950 4839 457
7950 6708 555
7950 7317 80
7950 3846 975
7950 2952 295
7950 6531 170
7951 6534 593
7951 3792 580
7951 1458 268
7951 7521 809
7951 4182 879
7951 5181 115
7951 5376 363
7951 3899 771
7951 3604 542
7952 1167 73
7952 4540 585
7952 7695 379
7952 3622 256
7952 680 333
7952 2174 575
7953 1710 736
7953 2485 346
7953 6967 679
7953 4457 5
7954 2478 906
7955 6295 852
7955 3125 619
7955 3465 185
7955 7450 439
7955 232 24
7955 4356 587
7956 316 220
7957 7829 799
7957 6057 333
7957 4480 331
7957 1628 296
7958 265 136
7958 5071 452
7958 3006 51
7959 1049 655
7959 6308 31
7960 4316 271
7960 7402 574
7961 3739 898
7961 2353 1000
7962 1340 283
7962 3065 253
7963 4018 968
7963 1810 383
7963 5096 354
7964 1845 474
7964 4215 107
7964 2565 312
7964 3014 568
7965 5968 917
7965 7217 850
7965 7285 493
7965 4300 27
7965 3603 895
7965 1602 926
7966 4394 314
7966 2280 793
7967 7919 374
7967 3523 991
7967 4452 255
7967 66 982
7967 3687 296
7967 5317 921
7968 5582 581
7968 4429 970
7968 2557 64
7968 6615 67
7968 5315 289
7968 2706 480
7968 7516 846
7968 7122 387
7969 3191 654
7969 1797 862
7969 5565 138
7969 4787 345
7969 188 58
7969 741 468
7969 3875 694
7969 5528 70
7969 884 189
7970 6297 160
7970 6179 96
7970 4829 649
7970 7216 240
7970 1174 828
7970 4416 811
7970 5998 767
7971 66 201
7972 2447 326
7972 809 69
7972 4999 771
7972 3608 10
7973 6211 938
7974 5947 67
7974 7254 360
7974 4207 550
7974 2220 415
7975 7209 283
7975 7150 825
7975 5850 904
7976 7605 889
7976 2592 324
7976 1394 213
7976 7802 430
7977 3157 413
7977 7919 87
7977 5165 423
7977 1382 613
7977 7325 557
7977 5918 877
7977 1589 691
7977 6817 441
7978 1679 509
7978 7812 207
7978 2921 137
7979 2403 465
7979 2180 105
7981 4099 453
7981 5508 726
7981 4984 296
7982 425 94
7982 4199 504
7982 5650 83
7983 2526 448
7983 533 690
7983 7584 253
7984 2478 684
7984 3541 872
7984 3605 955
7984 1640 615
7984 3975 232
7985 4053 768
7985 7406 320
7985 6065 125
7986 1914 893
7986 7890 227
7986 6032 692
7986 6723 499
7986 1496 258
7987 5062 641
7987 7863 818
7987 6450 923
7987 1312 626
7987 1504 377
7987 3543 834
7988 2455 988
7988 7793 102
7988 2566 44
7988 6747 333
7988 4888 13
7988 4282 288
7988 7265 787
7989 2101 787
7989 1522 419
7989 743 524
7989 3774 49
7990 4505 805
7990 5029 658
7990 5769 939
7990 1858 59
7991 4873 310
7992 5707 386
7992 6452 301
7992 3329 499
7993 1035 383
7994 5218 402
7994 1662 719
7994 2851 933
7995 4351 987
7995 2316 744
7996 2370 651
7997 2504 6
7997 378 140
7997 4250 597
7997 3242 594
7997 5430 20
7998 1898 965
7998 5635 457
7998 4463 711
7998 16 863
7998 2287 889
7999 5464 801
7999 724 483
7999 4030 224
7999 3542 336
7999 7487 389
