16000
0 991 830
0 6074 570
0 11419 308
0 1257 352
0 11870 822
0 1040 988
2 14481 373
2 6612 526
2 13765 105
2 6489 927
2 13139 597
2 3767 11
3 7064 407
3 3249 531
3 3677 693
3 11312 252
4 15805 84
4 12870 137
4 14478 932
4 10528 396
4 3289 297
5 13422 87
5 2790 549
6 304 901
6 14702 419
6 8277 400
6 15914 190
6 13412 60
7 11122 317
7 13384 375
7 7290 83
7 10821 361
7 7556 351
8 110 135
8 12313 360
9 5955 742
9 12839 76
9 3157 408
9 4821 862
9 13135 541
9 13520 741
10 7337 520
10 6775 598
10 2146 459
11 15278 150
11 1445 304
12 5517 3
12 11570 804
12 11218 80
13 13613 541
14 13190 863
15 14774 709
15 189 870
15 9925 972
15 9586 640
15 9536 336
15 14099 708
16 1028 821
16 8370 690
16 2391 367
16 254 304
17 4869 410
18 2400 930
18 9459 682
18 8268 866
18 3676 103
19 11004 933
19 7809 800
20 14954 855
20 10510 228
21 8471 606
21 14627 495
21 12431 942
21 12060 759
21 5227 103
21 12977 299
21 13676 220
21 6503 14
22 6507 340
22 3461 746
22 4496 827
23 107 229
23 3894 290
23 11169 938
23 7421 858
24 1914 564
24 9931 223
24 2167 135
24 733 152
24 9400 315
24 9303 323
24 7360 847
24 1369 291
24 6750 518
25 4697 810
25 11736 5
25 3746 74
25 9780 349
25 5057 251
26 9912 348
26 9907 444
26 15069 996
26 11039 924
26 5461 281
27 948 36
27 7113 146
27 8040 449
28 1775 319
28 13998 456
28 5611 510
28 5107 688
28 12596 281
28 1300 195
28 1017 146
29 5779 763
29 13467 204
29 1975 773
30 8235 439
30 6035 479
30 8348 80
30 11352 842
31 602 761
31 13981 124
31 8113 438
31 1907 490
32 4603 833
32 15810 10
32 8930 318
32 11821 697
32 15683 98
32 2163 12
32 1736 425
32 8585 795
33 13000 789
33 13970 432
33 8737 467
33 14252 516
33 12812 615
34 13638 937
34 1420 109
35 14745 153
35 6732 127
35 6268 991
35 8104 663
36 4556 14
36 7412 919
36 5592 384
36 11202 855
36 14667 176
37 14432 353
37 9845 774
37 10031 433
37 9651 603
38 12693 60
39 11459 83
39 15125 817
39 4763 15
39 13292 106
39 14221 437
40 15814 374
40 6720 920
41 10004 555
42 15186 71
42 7154 876
42 4628 323
42 8165 562
42 13787 923
42 14676 955
43 11133 235
43 2127 147
43 12254 904
43 13970 968
43 465 257
44 12037 849
44 11874 137
44 7028 503
44 10062 741
44 13706 478
44 1918 464
44 13555 545
44 1914 478
45 13947 734
45 970 492
45 14682 815
45 15709 415
46 5941 833
46 14639 896
46 466 295
46 5243 917
46 5776 855
47 2389 569
47 2982 502
47 3681 363
48 1765 432
48 5408 750
48 76 137
48 11499 779
48 1966 947
49 15253 672
49 15858 700
49 11600 135
49 7232 985
49 11462 23
49 14207 692
50 6260 172
50 14087 475
50 6413 945
50 13358 846
50 2076 895
50 2166 270
51 4348 56
51 12658 329
52 11078 366
52 12386 61
52 7399 288
52 10131 297
53 5722 241
54 5665 387
54 9397 933
54 2152 165
54 10961 514
54 2532 455
55 9726 316
55 4636 529
55 10672 877
56 15578 809
56 11017 935
56 13169 82
56 5996 51
56 9658 3
56 2066 397
57 6129 6
57 9623 507
57 10381 847
57 8624 107
57 2543 754
57 9704 569
57 14854 758
57 14984 547
58 13102 652
58 14754 407
59 11005 272
59 10926 261
60 13240 954
61 2106 956
61 15679 92
62 5283 397
62 1734 260
62 13513 137
62 12787 30
62 3391 421
63 8335 82
63 2228 79
63 201 23
63 4200 673
63 1141 308
64 11159 107
64 5165 631
64 2772 60
64 14183 724
65 8219 961
65 7850 11
65 1643 473
66 3665 143
66 15362 981
66 9706 990
67 438 716
68 301 941
68 6481 385
68 9170 56
68 9115 656
68 12719 204
69 11884 921
69 15645 524
69 558 994
69 8172 960
69 12288 939
69 9119 748
69 6967 658
69 3828 790
70 10012 402
70 15727 996
71 864 941
71 5123 797
71 13923 287
72 8541 975
72 6785 531
72 10658 634
73 12047 771
73 6536 637
73 6461 559
73 4878 967
74 15955 806
74 1214 87
75 8903 113
75 5731 976
76 5392 865
76 4182 890
76 5611 742
76 4303 484
76 11432 179
76 14748 434
77 5980 5
77 7219 339
77 12234 95
77 10424 54
77 5607 404
78 6018 262
78 11371 252
78 13946 202
78 7168 332
78 7305 547
78 5028 293
79 9854 837
79 12512 990
79 14667 681
79 6118 433
79 5465 375
80 5599 449
80 12574 697
80 2031 186
81 7118 570
81 15874 948
81 11685 517
81 6433 161
81 1992 414
82 11490 267
82 4219 441
82 13522 647
82 13486 224
82 2391 807
83 8930 313
84 5112 226
84 14135 985
84 4879 601
84 11020 67
84 12535 510
84 8921 662
84 2215 739
85 11814 58
85 2897 835
85 1919 315
85 1225 560
85 4445 277
86 103 976
86 13886 749
86 1819 997
86 2791 944
86 116 540
87 9425 949
88 2449 951
88 14396 642
88 14310 44
89 12480 632
89 11382 566
89 8086 384
90 4983 505
91 1979 692
91 15276 557
91 7828 306
92 4864 218
92 5026 913
92 14606 211
92 5696 82
92 15535 809
92 7781 203
92 4625 157
92 5387 693
92 3344 832
93 12366 383
94 10245 903
94 10679 562
94 10059 689
95 14984 145
95 13573 610
96 14726 147
96 2460 998
96 3268 125
97 5953 697
97 15684 799
98 11690 370
98 8448 310
98 3357 807
98 13648 100
98 2394 645
98 11931 138
99 145 426
99 4800 514
99 8714 442
99 4908 510
99 8917 504
99 6003 849
100 8772 596
100 12809 847
100 6212 472
100 12813 371
100 7591 943
100 6479 977
101 3575 224
101 640 946
101 7141 835
101 14246 649
101 12960 207
102 780 269
102 13415 825
102 5484 960
102 4814 748
103 12517 101
103 9079 839
103 15479 526
104 1053 799
104 15196 786
104 4956 144
105 10246 15
105 9620 277
105 12194 292
105 10485 557
105 1924 216
105 1003 637
105 10639 390
106 1899 277
106 5512 270
106 11137 932
107 11146 769
107 12631 588
107 8712 383
108 4041 674
108 13889 520
108 14081 865
108 1614 705
109 3117 886
109 7769 687
109 8283 188
110 15106 235
110 1639 588
110 148 459
110 2661 676
111 7243 502
111 15474 932
111 15913 517
112 14929 107
112 2830 270
112 15990 698
112 11016 511
112 6594 814
113 544 886
113 5403 817
113 1339 490
113 10291 45
114 6711 989
114 15434 14
115 15457 118
115 12630 672
115 6788 776
115 6009 821
115 3317 382
115 3350 223
115 1996 881
116 8479 480
116 12415 362
117 6862 364
117 14151 50
117 15193 399
118 4666 647
118 2845 324
118 14904 412
118 555 183
118 12688 467
119 6110 659
119 4237 156
119 12303 212
119 11322 343
120 10590 419
120 4189 488
121 9384 775
121 8912 991
121 117 359
121 3437 414
121 8155 397
122 4503 322
122 14585 313
122 1569 597
122 13067 712
122 11108 335
123 10874 475
123 11791 960
123 5581 935
123 7667 795
123 11194 427
123 9510 24
123 14005 487
124 6980 833
125 12071 747
125 15760 84
125 11990 540
125 15337 506
125 3193 736
125 5480 716
126 2339 115
126 1603 52
126 11983 98
126 4342 955
127 633 568
127 10047 815
127 10178 140
127 5794 20
127 8686 851
127 10772 123
127 11323 964
127 5641 585
127 11569 250
128 13577 187
128 14613 772
129 1991 259
129 8420 448
129 14604 529
129 10771 822
130 14891 688
130 15190 942
130 5647 413
130 10387 905
130 4104 648
130 14147 328
130 5982 373
131 14180 895
131 8473 351
131 1714 155
131 8553 612
131 6769 515
132 3939 733
132 5285 932
132 5264 455
132 4059 790
132 9172 240
133 13745 748
133 6322 37
133 5297 590
133 7566 691
134 6113 60
134 2305 914
134 10035 437
134 7091 727
135 3717 448
135 1149 315
136 11555 965
136 9224 243
137 12588 857
137 10826 160
137 2969 915
138 13940 814
138 4489 822
138 7971 578
139 2535 963
139 12419 740
139 9757 735
140 370 516
140 7271 12
141 79 150
141 4862 703
141 6162 783
142 12829 960
142 6966 385
142 1607 702
143 2451 355
143 5890 855
143 4867 558
144 7729 867
144 6848 59
145 1133 377
145 1615 657
145 6799 783
145 15786 794
146 2769 909
146 14977 354
146 267 344
146 9070 59
146 5016 467
147 59 923
147 278 42
147 7047 491
147 11854 229
148 582 699
149 12095 725
151 10236 698
151 9913 100
151 7223 891
151 1431 977
151 2274 179
151 3334 753
152 9576 448
152 3613 983
152 7065 481
152 347 178
153 8675 946
153 14673 937
153 1148 43
153 7036 148
154 7295 808
154 3654 471
155 2444 550
155 3008 18
155 12656 604
155 15200 631
155 1007 622
156 10826 734
156 14741 748
156 6543 697
157 14858 95
157 3801 514
157 9948 440
157 5379 675
158 8582 311
158 1527 24
159 8818 773
159 2541 379
159 9890 649
159 12277 404
159 10480 705
160 13383 260
160 15607 812
160 14019 991
160 2012 619
160 8562 990
161 14627 438
161 8127 747
161 14331 6
161 8073 723
161 5430 763
162 11728 951
163 10172 830
163 15664 498
163 10725 49
163 3218 27
164 4544 436
164 12445 159
164 8175 968
164 6757 343
164 988 227
164 1185 769
164 6518 43
165 3584 45
166 3512 108
166 3400 869
166 2612 724
166 6422 325
167 9693 252
167 4192 632
168 3366 267
168 13452 432
168 7439 946
168 111 41
168 11114 438
168 1525 238
168 10721 312
169 9413 936
169 11279 371
169 9487 601
169 6865 583
169 6398 789
170 10621 104
170 8346 401
170 1369 495
170 7892 239
171 14001 979
171 6677 905
171 4657 249
171 6928 305
171 563 141
171 7323 267
172 2693 604
172 6962 792
172 6678 75
172 8617 771
172 7894 615
173 1305 96
173 6285 61
173 963 867
173 6283 929
174 14842 436
174 1055 14
174 3157 637
174 9307 893
175 6467 858
175 4850 171
175 9582 353
175 8794 18
175 10973 667
175 8552 212
175 6508 372
175 5169 258
175 10490 96
176 7326 999
176 6826 906
176 2384 167
176 1691 520
176 235 981
177 11867 933
177 1350 179
177 8939 606
178 2314 224
179 6447 883
179 10302 349
179 122 1
179 3724 799
179 108 840
180 742 861
180 10872 789
180 8527 649
181 134 678
182 9628 617
182 8229 151
182 2202 540
182 9350 279
183 7045 994
183 10576 493
184 12656 372
184 1076 905
185 14750 669
185 14398 703
185 13912 503
185 3655 561
186 8194 582
186 7180 597
186 6847 400
187 6648 234
187 1720 714
187 8218 550
187 8058 844
188 15998 427
188 13806 196
188 14478 578
189 12318 94
189 3164 807
189 11129 495
190 720 193
190 4363 958
190 7787 139
190 2591 288
191 10986 412
191 8344 83
191 15045 662
191 7551 739
191 6106 786
192 13089 919
192 2 608
192 2309 585
192 4975 577
193 442 223
193 3856 392
193 9902 365
193 5871 335
193 10077 151
194 7257 474
194 12573 394
194 4557 551
194 4581 427
194 6537 23
194 13941 55
194 1505 897
194 4856 66
194 1539 505
194 11921 409
194 6320 300
194 2843 995
195 6244 218
195 14974 835
195 3877 67
196 9101 534
197 233 380
197 141 278
197 4924 655
197 7426 578
197 15885 388
198 767 891
198 998 475
198 12208 108
199 5713 706
199 10017 183
199 11757 563
199 15316 243
200 11457 547
200 13287 932
201 3573 74
201 7232 974
201 4824 323
201 1209 763
201 12492 233
202 10106 860
202 11774 355
202 5854 650
202 8338 606
202 1196 414
203 6045 331
203 12480 51
204 10690 572
204 8832 887
204 2482 951
204 14730 429
205 4724 365
205 5103 498
205 15269 902
205 15322 842
206 12855 977
206 5531 65
206 14590 268
206 13061 593
207 3108 290
207 8440 239
207 14946 882
208 9529 865
208 4288 651
208 2317 217
208 677 61
208 2361 751
208 7407 659
209 9890 601
209 15417 245
209 12939 212
209 207 501
210 3675 937
210 14856 646
211 1542 173
211 520 212
211 3775 327
211 13622 383
211 8825 185
211 566 215
211 13662 752
212 499 93
212 11137 754
213 15885 309
213 14581 505
213 9404 585
213 1322 881
213 1714 854
213 3167 37
213 6013 939
213 14643 845
214 960 730
214 2742 452
214 972 577
214 3803 70
215 15188 129
215 14404 160
215 9738 150
215 7377 767
215 13802 955
215 7064 577
216 1630 388
216 6238 796
217 1623 888
217 6519 642
217 13204 439
217 8178 997
218 5154 117
218 623 486
218 8581 712
218 992 911
218 15833 400
219 8234 17
219 4131 193
219 15975 819
220 9924 84
220 9221 959
220 9173 855
220 4148 71
221 8827 547
221 4244 258
222 1503 903
222 9234 670
222 10679 90
223 213 944
223 10393 373
223 11765 844
223 11 284
223 2656 576
224 8436 678
224 14743 995
224 863 706
224 10025 534
225 5089 797
225 1828 111
225 12538 301
226 5636 949
226 11928 894
226 9214 675
226 6694 470
227 9473 608
228 804 217
228 7691 332
228 9179 168
229 7126 670
229 8756 169
230 1535 728
230 5503 556
230 9975 194
231 6847 579
231 11347 97
231 10813 808
232 2646 322
232 13064 8
232 1837 565
232 4747 550
232 5436 502
233 7256 740
233 1512 78
234 12255 85
234 4347 181
234 15401 817
234 15735 415
234 2034 824
235 3685 219
235 9482 221
235 7615 691
235 6704 518
235 9848 866
235 7257 582
235 6617 169
236 1812 866
236 14824 85
236 9162 252
236 7029 335
236 3693 794
236 6181 934
236 6254 189
237 14487 272
237 11418 431
237 6959 852
237 6423 894
238 10371 134
238 714 726
238 9949 395
239 4204 371
239 1297 231
240 642 26
240 8790 638
240 13993 442
240 8808 455
241 15001 835
241 11263 287
242 11521 839
242 9705 605
242 4476 246
243 1814 756
243 7241 542
243 1330 475
244 4678 841
244 8984 232
244 10939 320
244 11409 820
245 11671 531
246 10337 163
246 8217 478
246 10849 241
246 6097 959
247 3507 297
247 13163 646
247 90 455
247 9281 817
247 10453 237
248 14804 939
249 330 152
249 2596 580
249 7513 594
249 2573 35
249 15353 696
249 4718 772
249 5682 189
249 15760 442
249 3513 995
249 6874 881
250 1320 566
250 8237 156
250 12781 358
251 14564 951
251 11313 142
251 9201 885
251 11868 993
251 1916 224
252 10744 507
252 6773 258
252 10644 171
252 5828 193
252 9621 305
252 11627 621
252 15098 872
253 1407 494
253 6944 348
253 11147 24
254 6925 457
254 8074 105
254 954 600
255 15603 745
255 12490 454
255 15835 640
256 4325 674
256 12841 825
256 15918 332
256 2729 376
257 4940 578
257 10173 772
257 12347 107
257 5652 716
257 5686 86
257 7599 157
258 6593 516
258 10944 56
258 10562 299
258 7623 581
259 2016 429
259 6152 967
259 9252 963
259 6169 822
260 165 831
260 1157 34
260 5899 448
261 8495 477
261 1279 850
262 9988 715
263 5256 107
263 13220 952
263 9267 472
263 15893 546
263 13166 557
264 15360 700
264 3339 227
264 10365 506
265 12095 736
265 4059 95
265 4989 703
266 4069 529
267 1887 154
268 8758 992
268 393 184
268 12197 648
269 11143 235
269 9843 819
269 11681 737
270 3464 634
270 5415 406
270 9705 660
270 9056 759
271 15049 667
271 9439 624
272 2029 618
272 3 227
272 12171 561
272 12151 22
272 6211 307
273 9200 126
273 6354 316
273 460 421
273 9904 187
273 13462 703
274 11268 867
274 15689 594
274 1463 413
274 1530 419
275 7816 621
275 13727 727
275 14209 382
275 11258 339
275 8466 652
275 5779 214
275 4754 68
276 7604 60
276 11267 893
277 1293 304
277 323 831
277 15701 84
277 9 773
278 3652 799
278 612 936
278 6754 121
279 11664 930
279 1118 359
279 250 262
280 6357 958
280 2580 202
280 4702 236
280 15077 647
280 6016 336
280 8384 364
281 6961 598
282 2004 269
282 7540 331
282 13655 761
282 7042 525
282 11616 734
282 10937 840
283 8048 730
283 7484 203
283 3330 934
283 10100 971
283 10501 917
284 7120 330
284 515 280
285 15762 662
285 7109 521
285 8769 210
285 7459 75
285 14604 214
285 4265 403
286 5550 376
286 9279 428
287 4650 521
287 13949 978
287 6004 109
287 12126 16
288 15730 174
288 7236 150
289 15604 597
290 1012 748
290 840 698
290 1032 857
290 4214 190
291 9667 541
291 8089 386
291 8186 220
292 11108 608
292 3821 730
292 11811 579
293 11232 559
293 4821 165
293 2703 148
293 11469 402
293 3955 426
293 1699 533
294 9107 68
294 5554 211
294 6301 770
294 6427 323
295 9204 330
295 12128 145
295 6478 763
295 687 208
296 14078 724
296 9293 937
296 4314 523
297 5055 227
297 12400 568
298 12454 784
298 8062 676
298 15326 750
298 7562 217
298 2835 409
298 14473 297
299 3739 425
299 5547 217
299 3373 810
299 12535 443
299 15357 395
300 11894 238
300 3785 357
301 13725 456
301 14365 676
301 9692 769
302 14942 970
302 14586 248
303 5906 929
303 1254 128
303 6297 653
304 15993 411
304 2483 829
304 4337 507
305 9566 265
305 1237 249
305 9700 732
305 14510 991
306 14520 542
306 9979 366
306 12479 536
307 5359 151
307 1107 155
307 4402 589
307 8214 835
307 14014 201
308 7340 254
308 13763 927
308 6218 41
308 12878 940
309 7526 192
309 1555 464
309 11746 527
309 2717 211
310 2595 965
310 2110 964
310 3216 8
310 3948 260
311 14623 322
311 3888 962
311 1050 197
311 9134 386
311 10039 257
312 2931 846
313 5802 191
313 8387 303
313 13894 480
314 8740 573
314 14778 919
314 3773 972
314 8085 504
315 14443 966
315 13627 605
315 13492 634
315 5587 783
315 15957 983
317 8662 663
317 14708 55
318 14582 570
318 12821 113
318 516 408
319 3496 501
320 9497 825
320 8739 416
320 6776 901
321 11577 492
322 3807 600
323 9509 18
323 7380 865
323 11054 793
323 5028 386
323 6018 165
323 5132 577
324 8128 273
324 12601 152
324 12830 245
324 9699 503
324 12194 595
324 8279 65
325 2505 10
325 7187 793
325 13094 597
325 15596 275
326 763 543
327 13966 469
328 9884 739
328 1270 985
328 1186 171
328 2993 966
328 2363 760
328 8984 295
328 4080 597
329 3731 938
329 14406 691
329 8816 743
329 331 496
330 4896 922
330 10762 433
330 15645 7
330 15676 79
330 15411 528
330 12548 740
331 1971 626
332 8097 477
332 5851 155
332 15282 424
332 7539 862
332 11343 567
332 1400 528
332 2528 545
332 5921 100
333 9953 831
333 5859 121
333 14937 320
334 3286 321
334 12096 313
335 6455 271
335 6968 700
335 4678 828
335 3189 589
337 6665 41
337 11625 55
337 6312 929
337 14707 252
338 1184 752
338 2441 154
338 2529 888
338 3778 281
338 10057 519
338 3619 246
338 6443 659
339 13572 970
339 10841 69
339 4863 131
339 118 215
339 5091 883
340 14608 881
340 6608 979
340 8873 580
340 619 694
340 5348 937
341 7250 535
341 1617 949
341 4446 742
342 10625 214
342 11369 245
342 8499 39
342 3527 272
342 482 875
343 9190 449
343 3711 434
343 14995 582
344 5636 672
344 11155 510
344 498 805
344 10609 756
345 431 146
346 2455 676
346 823 478
347 13823 263
347 9863 19
347 5740 828
347 15585 377
347 723 850
348 9223 864
348 8438 761
348 5415 272
348 3121 352
348 6430 670
348 2832 565
348 6498 680
348 13665 67
349 12085 895
349 9743 223
349 7663 703
349 1746 607
350 5546 872
350 8171 741
350 4651 289
350 9112 763
350 12003 916
351 15517 629
351 5840 376
351 647 574
351 5333 993
351 1865 184
351 14807 260
351 5890 9
351 8542 309
352 8102 220
352 8859 575
352 8222 814
352 5492 840
352 14264 722
352 13972 690
352 12919 693
352 549 586
352 6572 953
352 1181 434
352 12813 428
353 1326 101
353 14782 283
353 827 279
353 292 390
354 13400 280
354 5717 304
354 12425 928
354 14661 456
355 9374 433
355 1412 709
355 7662 983
355 6815 756
355 7067 16
356 7162 18
356 13782 715
357 15 324
357 13217 193
358 5779 259
358 11314 691
358 7033 345
358 3460 254
358 11836 668
359 1085 704
359 12897 786
359 4649 81
360 6252 642
360 30 277
360 14778 579
361 8090 236
361 13350 431
361 12487 501
363 6898 535
363 1484 719
363 8514 579
364 12160 543
364 7603 701
364 13349 885
364 185 668
365 3507 701
365 13723 189
365 15527 710
365 769 234
365 14892 265
366 12166 93
366 9632 498
367 7743 420
367 5414 874
367 3481 826
367 15660 731
367 11371 77
368 1558 27
368 8009 943
368 11217 638
369 8207 459
370 14190 205
370 12628 717
370 6306 893
370 5341 14
370 9837 34
370 9141 662
370 7669 359
370 519 940
371 2674 352
371 5567 501
371 10083 187
371 1201 654
371 12468 295
371 1446 748
371 10448 731
372 1810 354
372 7346 674
373 9993 635
373 5485 694
373 4336 663
374 12611 660
374 14689 532
374 10814 804
375 4431 905
375 756 415
375 830 391
376 910 994
376 822 967
376 5365 5
376 6762 406
376 7523 717
376 15307 714
377 123 986
377 9785 787
377 6239 722
377 10838 885
378 13970 650
378 8527 665
378 6987 111
378 4584 67
378 7910 37
378 7599 730
378 12209 110
379 3719 875
379 4088 747
379 8530 83
379 5250 201
380 15755 980
380 8119 732
380 9830 848
380 2492 15
381 14112 900
381 12962 518
381 7694 454
381 12426 814
381 2921 745
381 8587 953
381 2207 86
381 587 73
381 116 737
381 6339 702
382 3220 527
382 14385 158
382 474 184
382 10665 818
383 11592 490
383 8847 511
383 3696 504
383 341 608
383 14887 409
384 5757 666
384 8691 514
384 8291 335
385 6494 210
386 2606 479
387 15749 508
388 13798 715
388 4818 317
389 2221 717
389 8185 327
389 9035 955
389 6853 477
390 12953 368
390 12408 869
390 12941 81
390 1148 905
390 7570 818
390 11446 843
390 15783 947
391 13383 578
391 13449 84
391 10806 538
392 5674 214
392 2449 819
392 9647 263
393 6066 693
393 3038 325
395 15651 71
395 5166 972
395 13710 382
395 12523 503
395 8243 239
396 9418 413
396 11234 405
396 9626 927
397 15884 552
397 6604 287
397 15219 414
398 4476 49
398 15523 508
398 15336 998
398 8772 397
398 1955 747
399 2070 936
399 913 432
399 1208 649
399 14540 160
399 2752 146
399 7559 121
399 1391 679
399 1797 554
400 12641 757
400 15747 423
400 1730 689
400 4072 868
400 9286 854
401 13409 109
402 3419 992
402 2648 960
402 11010 423
403 14768 633
403 3099 890
403 8073 196
404 3582 913
404 13247 467
405 2871 944
405 3356 513
405 8001 558
405 7623 947
406 7987 120
406 6438 205
407 3917 708
407 15823 20
407 13530 477
407 15235 663
407 12666 146
407 14536 574
407 9764 830
408 8583 745
408 10247 803
408 15242 449
408 14733 970
409 5359 946
409 11005 57
409 9866 96
409 7840 502
410 8781 66
410 10466 516
410 5476 484
411 474 373
411 13489 295
411 3075 820
411 5017 290
411 10997 974
411 4062 883
412 5924 498
412 10528 110
412 5376 437
412 8857 251
412 7861 43
413 8186 627
414 1665 703
414 9831 165
415 11064 414
415 354 350
416 7059 91
416 15743 877
416 148 639
416 8597 639
417 7442 656
418 8398 533
418 11146 868
418 3408 172
419 13065 152
419 5029 268
419 9139 356
420 15726 412
420 8983 232
420 13441 895
420 9012 613
421 13904 346
421 12615 706
421 9029 968
422 9004 872
422 9234 587
422 12763 135
422 9591 291
424 14355 901
424 15438 474
424 4665 486
424 3396 624
424 12475 519
424 5088 748
425 7439 997
426 8539 604
426 14323 911
426 1162 769
426 8343 423
426 9702 948
426 1301 775
427 5007 411
427 14683 345
427 8449 108
427 2588 116
427 14163 452
427 1793 68
427 8690 66
428 4591 650
429 14741 697
429 4291 576
429 7572 244
429 12620 519
429 13220 969
429 11127 556
429 154 287
429 3803 871
429 6700 256
430 2978 931
430 1731 891
430 14383 909
430 15579 115
431 3551 940
432 12912 982
432 10001 728
432 9449 285
432 1862 577
432 15457 27
432 12417 623
432 13538 902
433 13485 597
433 15823 266
433 12265 26
434 10632 229
434 7174 836
434 9725 459
434 5556 295
435 10535 280
436 3341 49
436 4715 446
436 11460 354
437 3249 400
438 14971 729
438 2954 570
438 10929 488
439 15842 911
439 12646 906
440 9289 808
440 12340 814
440 13938 123
441 7934 150
441 12311 993
441 14428 606
441 2394 562
441 7124 613
441 1353 71
442 10206 636
442 4880 831
442 2578 99
442 284 373
442 8771 132
442 11099 54
443 14316 931
443 3019 464
443 2048 686
443 13329 836
443 3860 296
444 1853 928
444 15645 174
444 488 353
445 2211 172
445 2930 375
445 11215 467
446 14349 419
446 14899 363
447 294 709
447 7146 269
447 14589 656
447 817 503
447 2425 75
447 6535 305
448 15122 61
449 746 933
449 4206 365
449 10050 764
449 6460 460
449 13043 68
450 4707 684
450 10777 342
450 5094 558
451 10545 394
451 15623 68
451 14839 870
451 2100 918
451 9050 659
451 3149 868
451 6826 497
452 1740 168
452 5380 873
452 14292 767
452 1427 316
452 12382 453
453 12414 236
453 3823 257
453 2225 816
453 6848 257
454 12756 39
454 3394 514
454 11311 216
454 561 20
455 15856 957
455 14023 869
455 12384 215
455 520 872
455 9733 1
455 1523 535
456 12005 140
456 15581 749
456 13139 387
456 7143 696
457 13800 719
458 6553 60
458 10136 859
458 10902 860
458 10092 284
458 6221 429
459 5916 491
459 1429 981
459 14183 352
459 2148 400
459 7864 769
460 7109 797
460 604 924
460 1706 595
461 6702 934
461 13036 281
461 5448 732
461 9623 210
461 2929 763
461 15618 927
462 5223 164
462 4697 739
462 6636 387
463 1397 482
463 15418 604
464 15131 213
464 6878 870
464 5322 768
464 11642 960
464 14598 193
464 9546 189
464 10510 265
464 15554 518
465 10575 197
465 3254 344
465 8007 131
465 9795 735
466 2235 946
466 11819 296
467 3276 667
467 1984 900
468 12860 410
468 15964 498
468 6303 545
468 13479 187
468 12028 224
468 509 842
468 10746 448
468 8698 995
468 4534 408
469 14169 336
469 14317 931
469 214 436
469 2555 402
469 3025 790
469 13094 711
469 13470 188
469 4153 265
469 8278 444
469 13981 787
469 12137 342
470 6270 648
470 10440 55
470 15679 517
471 8356 387
471 11549 882
471 790 639
472 14025 916
472 480 701
473 5226 317
473 13760 996
473 10308 193
473 6578 567
473 7229 995
474 7078 563
474 15626 583
475 14838 765
475 8678 395
475 2242 958
475 12252 882
475 13120 214
475 7324 614
475 15563 376
475 2273 278
476 2342 102
476 7067 583
476 8300 750
476 7639 716
477 14940 727
477 4148 920
478 13912 424
478 256 863
478 2188 727
478 11386 284
479 8060 459
479 10417 377
479 15928 85
479 13281 239
479 5008 999
480 4129 860
480 3546 596
481 2649 204
481 4153 283
481 13252 609
481 12861 585
481 1402 910
482 13681 177
482 15350 184
482 2036 191
482 14449 373
482 5836 760
482 9758 908
483 5737 468
483 3416 692
483 13218 243
484 7004 435
484 12698 990
484 7013 879
484 10250 898
485 1614 259
485 10511 282
485 6923 959
486 2728 384
486 3054 279
486 15384 53
487 14388 819
487 8918 777
487 15338 245
488 8288 361
488 2485 381
488 2024 557
488 7286 3
488 12214 537
489 4347 16
489 2136 432
489 1746 950
489 8570 303
489 6920 434
490 7326 728
490 13894 299
491 10800 911
491 14843 449
491 4528 109
491 13660 398
491 8807 617
491 1613 9
492 1389 353
492 10502 147
492 2516 746
492 15125 481
493 13814 698
493 9867 87
494 8024 779
494 11765 561
494 2902 633
495 4791 264
495 7459 185
495 14832 39
495 2979 353
496 7869 722
496 3743 23
496 14636 439
496 3661 489
497 9553 476
497 11295 892
498 6161 340
498 14320 306
498 2186 8
500 5393 498
500 7792 304
500 15531 371
500 13935 349
500 11609 330
501 12980 129
501 1736 354
501 13476 742
501 12556 803
501 896 818
502 5904 952
502 1062 683
502 3242 451
502 10892 789
502 15783 749
502 6355 630
503 6309 231
503 1706 842
503 3673 366
503 8264 773
504 9001 222
504 14176 536
504 11091 928
504 15909 106
504 6904 122
504 9086 198
504 11820 246
505 2756 221
505 15993 776
505 8447 892
505 13824 289
505 15343 147
505 5031 819
506 1606 640
506 6532 579
506 6294 799
506 13457 800
506 2431 375
506 1986 792
506 5898 141
507 9909 230
507 13124 224
507 6201 84
508 11467 164
508 10771 882
509 10149 479
510 7164 90
510 6930 399
510 8119 510
510 11044 457
510 11203 379
511 11933 759
511 407 207
511 859 202
512 6493 777
512 11148 596
512 8528 800
512 9767 301
512 7777 919
512 14051 219
513 11777 345
513 8108 354
514 881 96
514 1981 690
514 12978 21
514 7121 29
515 9426 139
515 969 212
515 6210 485
515 4072 466
516 7351 931
516 10292 607
517 15884 303
517 11042 757
518 9702 358
518 4546 333
519 4448 216
519 5018 130
519 2286 380
520 912 769
520 11923 102
520 7993 852
520 7418 565
520 8677 254
520 4215 234
521 6072 791
521 3597 437
522 6107 559
522 6930 829
522 6776 857
523 6384 967
523 3852 505
523 2128 599
523 10119 506
524 7333 729
524 14965 194
524 8701 357
524 7980 647
524 7266 969
526 6681 303
526 12182 471
526 3724 173
526 314 985
526 15194 723
527 14637 182
527 15560 848
527 420 165
528 8166 230
528 2957 785
528 8952 853
529 11581 863
529 6081 573
529 11392 415
529 1740 434
530 15601 377
530 11037 716
530 9180 357
530 2666 266
530 10177 97
531 222 155
531 3219 57
531 7114 232
531 1796 255
531 655 425
531 1482 59
531 12495 26
532 13872 532
533 8189 21
533 2681 511
533 3708 412
534 1764 779
534 3149 782
534 13424 279
534 10604 621
534 12630 652
534 3201 767
535 6942 864
535 13304 654
535 5491 477
535 9266 713
535 14094 907
536 6382 93
536 5430 771
536 4194 856
536 590 119
536 10595 695
536 1721 631
536 3512 934
537 13559 930
537 11724 967
537 9613 150
537 12987 724
537 2419 775
537 12076 673
538 10442 502
538 5103 166
538 3335 766
538 3263 52
539 4140 460
539 13874 598
539 15880 303
539 15860 964
539 13344 699
539 7843 729
540 8520 9
540 11932 265
540 13725 68
540 8055 731
540 5491 378
540 13372 984
540 13965 418
541 8691 795
541 14765 552
541 1438 968
541 9532 701
541 7896 801
541 299 330
541 8930 273
542 9806 197
542 3712 496
542 8920 433
542 2426 330
542 13892 273
542 9051 343
542 3488 414
543 2064 342
543 5590 169
544 12293 798
544 3163 303
545 3632 762
545 5110 254
545 12021 212
545 5233 115
545 367 439
546 9134 664
546 326 175
546 14145 439
546 11872 6
546 8288 690
546 13558 240
547 2317 901
547 8294 747
547 10029 552
547 7184 100
547 6941 867
548 6147 704
548 9927 116
548 6494 47
548 5516 527
549 5906 860
549 1233 12
549 11297 72
549 13185 75
549 14077 938
550 12012 876
550 3057 366
550 6854 503
551 15219 808
551 3289 315
551 15639 694
551 10054 486
552 14919 557
552 5306 886
552 6206 665
553 7747 356
553 7319 192
553 284 363
553 14379 571
553 11043 316
553 12732 972
553 14806 119
554 1112 257
554 5001 151
555 13627 202
555 9936 846
555 3390 469
555 13711 708
555 9350 648
555 3360 394
555 4078 810
556 11900 914
556 4603 940
556 11187 790
557 14164 906
557 6536 808
557 4419 511
557 13366 618
557 12610 120
557 15540 630
557 13908 159
557 13760 951
558 13793 316
558 14566 191
558 12157 627
558 3295 593
558 11300 646
558 406 933
558 7875 53
559 5856 283
559 6965 393
559 10513 311
560 5412 90
560 3398 999
560 5086 638
560 3838 573
561 5545 841
561 2943 351
562 14424 605
562 2137 72
562 7660 886
562 5695 747
562 1116 264
563 836 325
563 7663 882
563 1744 909
564 13737 600
564 3963 494
564 10425 404
564 3692 782
564 5905 863
564 14915 888
565 7848 609
565 8373 626
565 7724 848
565 9923 450
565 6024 51
566 11283 794
566 12624 99
566 7456 81
567 5651 997
567 15333 309
567 8332 902
568 10445 941
568 12844 828
568 9516 908
568 14894 39
569 5641 73
569 5783 752
569 15789 108
569 15142 68
570 4133 673
570 5091 871
571 731 633
571 13353 387
571 6407 879
572 672 317
572 1485 998
572 8156 106
572 9467 487
572 5323 60
573 14640 565
573 3746 105
573 7143 47
573 11214 267
573 5879 398
575 8431 707
575 6070 5
576 1497 735
576 13062 256
576 1772 755
576 12100 155
576 6161 302
576 12647 781
577 4098 6
577 5909 285
577 1145 669
577 12588 393
578 10916 715
578 14344 6
578 15298 342
578 10442 35
579 5222 295
579 9957 570
579 14922 413
579 1419 689
579 13533 373
580 2981 211
581 3952 212
581 10966 212
581 14859 832
581 4624 743
581 2162 972
582 10812 182
582 7778 853
582 8564 580
582 3974 161
582 1430 452
582 2176 636
582 3747 468
582 12655 516
582 7540 33
583 11286 653
583 5257 635
584 7633 356
585 15870 853
585 7774 430
585 3395 239
585 4827 753
586 12620 518
586 4770 325
586 8122 470
587 15247 11
587 8237 297
588 8535 380
588 7300 180
588 15834 587
588 12248 852
589 5973 537
589 11992 928
590 17 744
590 12597 456
590 9853 624
590 13385 259
590 131 878
590 1908 686
590 7552 275
590 12499 89
590 8705 444
591 11208 456
591 9908 539
591 12066 822
591 13226 65
591 14393 764
591 6033 763
592 15607 184
592 10086 56
592 14261 342
593 14179 444
593 14822 989
594 5813 425
594 13159 558
594 15917 96
594 9442 858
595 14280 679
595 1634 334
595 13233 802
596 945 702
596 4116 843
596 8393 199
597 12245 105
597 6675 606
597 1503 109
598 3961 200
598 2463 325
598 6479 923
598 6120 456
598 6591 940
599 8850 934
599 15710 972
599 14802 870
599 12722 972
600 13669 419
600 15902 417
600 15910 96
600 14889 235
601 15640 152
601 11000 38
601 8041 217
601 8199 428
602 4191 345
602 9535 36
602 566 465
602 7853 323
602 11500 977
603 14164 486
603 15859 172
603 2775 844
603 4205 56
604 9108 451
604 3606 279
604 3245 153
604 10712 876
604 4608 809
604 5440 669
605 15545 196
605 1885 707
606 58 736
606 9574 366
607 6151 123
607 12057 142
607 13472 366
607 116 992
608 15729 410
608 12998 414
608 2957 503
608 1084 779
608 15324 408
609 6580 826
609 10362 381
610 5080 746
610 7293 803
610 2425 680
610 15387 602
610 7715 996
610 10993 504
610 2212 61
611 12241 444
611 3024 588
611 8496 672
611 10159 308
612 315 551
612 15035 495
612 597 948
612 11441 362
612 9557 604
613 5423 167
613 11646 58
613 12387 41
614 14834 251
614 11974 621
614 8116 394
614 10305 395
615 12165 331
615 5289 313
615 5622 603
615 13587 609
616 9986 484
617 3293 423
617 6310 282
617 4572 670
617 15736 17
618 5203 147
618 14918 109
618 1675 235
618 14599 424
619 13001 166
619 7523 681
619 248 448
620 13879 46
620 15429 578
620 3003 426
621 1536 658
621 11208 203
621 6979 948
622 13119 183
622 10275 182
622 14989 963
622 2849 350
622 12461 376
622 2200 380
622 15470 363
622 70 528
623 6949 152
623 3470 384
624 10673 76
624 12847 64
624 7536 689
624 2305 746
624 8633 640
624 1123 724
625 15363 686
625 15438 409
625 941 666
625 4740 180
625 6809 820
625 7264 294
626 273 552
626 8030 858
626 1197 119
626 15080 872
626 9348 618
627 3466 552
627 10566 331
627 5224 921
628 168 632
628 7088 740
628 11462 463
628 3445 873
628 5009 539
629 929 365
629 13110 82
629 14043 161
629 4008 285
630 747 735
630 8841 144
631 15440 269
631 12603 392
631 7778 851
631 14389 582
632 477 303
633 12878 99
633 5712 398
633 6599 337
635 12082 312
635 6552 515
635 9086 212
635 1276 649
635 5958 371
635 4439 599
635 12995 962
636 2757 92
636 2304 330
636 14130 642
636 8031 624
636 7046 6
636 105 687
636 14915 259
637 15926 411
637 15170 576
637 14894 432
638 11910 950
638 14434 543
639 14548 222
639 3310 46
639 4542 931
639 12228 653
639 13254 844
640 52 365
640 3819 951
640 5334 994
640 3973 583
640 9867 661
641 1064 105
641 15659 533
641 8555 73
642 12871 611
642 10238 959
642 11294 699
642 1586 353
642 8621 691
642 597 792
643 3518 315
643 1355 242
644 7070 445
644 15584 720
644 7550 833
644 2143 419
644 2970 52
644 13557 597
646 4710 488
646 1116 255
646 12880 654
646 5251 314
646 12718 161
647 5193 387
647 10505 31
647 12324 58
647 13587 646
647 1432 794
647 1855 145
647 3319 542
648 15464 452
648 6551 722
648 8398 788
648 3294 531
649 7128 206
649 15668 801
649 15746 274
649 5844 659
650 665 532
650 9757 730
651 14346 597
651 5599 749
651 6743 818
651 13154 545
652 7949 279
652 6625 37
652 12903 793
653 3537 452
653 13175 487
653 9218 988
653 12397 333
653 6686 363
654 4789 675
654 200 128
654 14333 158
655 14005 517
655 9176 671
655 14937 391
655 12535 498
656 8240 991
656 8168 279
656 10352 767
657 3343 350
657 13060 945
658 4295 591
658 6107 271
658 5582 780
658 3227 969
659 11453 33
659 11992 301
659 12221 956
659 5739 751
659 3906 120
660 9079 138
660 11119 326
660 11469 207
660 3740 112
660 5955 943
660 327 353
661 599 450
661 10450 51
661 14570 352
661 5980 376
661 1693 583
661 14207 857
662 9828 136
662 3735 688
662 719 354
662 5525 986
662 5590 207
662 3392 88
662 8002 551
663 7460 467
663 10050 11
663 12489 738
663 1519 907
663 2876 176
663 13134 348
663 2271 274
663 3102 781
664 1215 407
664 15209 438
664 13660 154
664 271 640
664 15057 156
665 5113 900
665 12067 911
665 1568 248
665 10831 331
666 13658 305
666 11320 958
666 8949 177
667 15003 228
667 12282 416
667 15078 404
667 8745 630
668 5303 505
668 7954 783
668 10641 137
668 1864 743
668 10832 827
669 1164 951
669 9660 716
669 10121 568
669 302 647
669 11727 533
670 5641 324
670 3646 474
670 6271 374
671 1682 8
671 7825 810
672 6039 888
672 11287 392
672 14508 481
672 1791 161
672 1746 142
673 2341 266
673 7042 779
673 2195 162
673 7840 949
673 2386 972
673 6908 639
674 1794 265
674 690 706
674 15823 17
674 10419 785
675 10578 851
675 11898 918
675 2612 198
675 13277 872
675 2084 697
675 10024 362
676 10385 249
676 2076 337
676 12049 373
676 1792 384
676 6063 107
676 8308 133
677 11141 734
677 6948 845
677 5104 411
678 11115 368
678 12076 182
678 12102 913
678 5514 475
678 11764 217
679 12228 981
679 10789 401
679 15934 757
679 13081 289
679 9680 127
679 1282 748
680 14328 990
680 12323 179
680 15328 869
680 5157 1
680 4598 288
681 14536 761
681 5149 569
681 6531 212
681 14118 50
682 12935 225
682 6335 666
682 2473 990
682 1301 913
682 8322 228
683 5846 877
683 2853 421
683 6594 400
683 12574 516
684 2189 152
684 8285 829
684 12521 580
684 9960 911
684 11796 334
684 10937 556
684 11279 346
685 13456 475
685 8558 83
686 7304 769
686 6777 839
687 5810 922
687 47 206
687 8748 758
687 5703 276
688 7750 220
688 1988 44
688 1672 635
689 1685 102
689 11739 955
689 1710 566
690 3952 485
690 1896 777
690 1137 725
690 12601 318
690 2516 130
691 4907 946
691 12100 549
691 7024 983
691 15046 493
692 6044 975
692 1493 21
692 3183 231
692 15505 520
692 767 912
693 12409 253
693 11878 948
693 5884 835
694 8926 542
694 5002 321
694 13028 692
695 9547 182
695 13714 795
695 1459 987
695 3951 621
695 15460 325
695 15830 313
696 3923 729
696 15866 199
696 521 520
696 15789 811
696 6534 582
697 7199 382
697 2407 47
697 3149 78
697 174 42
697 13520 65
698 11042 734
698 3791 107
698 13961 892
698 15488 141
698 9931 470
699 490 544
699 4014 479
699 15947 605
700 12531 166
700 6358 682
700 11314 727
700 3928 538
700 2845 193
700 4100 133
700 265 583
702 6670 123
702 7252 996
702 15531 903
702 11483 933
702 12861 770
703 7718 386
703 699 722
703 5020 153
703 13033 992
703 864 667
703 6177 547
703 12224 871
703 1248 814
704 12355 323
704 5508 733
704 10751 854
704 12241 352
704 1007 680
705 4439 622
705 9369 704
705 13254 76
705 10104 259
705 9138 28
705 13951 795
706 13733 219
706 13944 938
706 14570 88
706 7334 207
706 2995 592
707 4129 146
707 6164 363
707 10886 662
708 4269 413
708 10083 538
708 9595 819
709 13934 399
709 14789 445
709 14463 26
709 1549 318
709 8078 447
709 12331 346
709 4102 565
709 5588 577
710 102 880
710 6534 320
710 8926 854
710 5401 425
710 10449 734
711 754 783
711 4322 640
712 7930 757
713 11006 55
713 15384 849
713 5676 758
714 4742 923
714 2667 289
714 6483 714
714 8402 335
714 13820 798
714 5954 282
714 6646 64
715 1831 50
715 1581 892
715 6096 353
716 4217 800
716 7554 837
716 13281 476
717 9334 865
718 3215 966
718 196 105
719 14716 27
719 3376 874
719 157 50
720 1003 328
720 10477 915
720 3610 724
721 9638 267
721 1547 138
722 11068 493
722 8744 570
722 6420 159
723 2885 889
723 5484 477
723 3537 310
723 1365 110
723 13356 727
723 11501 348
723 1059 925
723 10860 294
724 522 667
724 2986 612
724 11597 314
724 6615 78
724 13943 656
725 11904 925
725 4595 272
725 10683 346
725 12389 827
725 11786 977
725 13219 89
725 7704 484
726 10129 602
726 7037 883
726 1461 677
726 9265 568
726 8331 681
727 9332 760
727 8265 180
728 761 784
729 13071 324
729 560 798
729 6702 885
730 3899 475
731 131 770
731 2078 923
731 6579 679
731 6457 963
732 7254 295
732 9317 216
732 12532 268
732 11408 943
732 791 351
733 9025 720
733 15025 575
733 5872 974
733 8284 140
733 5932 937
733 15746 822
733 9929 374
733 11473 814
734 9870 524
734 12253 396
734 7080 939
734 15281 172
734 8614 342
734 7597 23
734 14898 611
734 7838 208
735 3492 922
735 14557 927
735 8650 524
736 7498 153
736 1256 387
736 9085 68
736 11787 433
737 10108 773
737 3468 125
737 8916 170
737 1681 237
738 2693 212
738 7532 417
738 4599 682
738 5188 274
739 10249 765
739 11850 800
739 12809 48
739 10691 399
739 5527 211
740 1936 369
740 11902 867
740 7690 792
741 7050 492
741 2361 640
741 15675 420
741 15061 135
741 12664 358
741 197 668
742 7734 662
742 14497 699
742 10409 907
742 4453 223
742 6049 988
742 7293 348
742 3653 874
743 1608 443
743 11277 582
743 9793 934
743 7869 854
744 5550 827
744 2119 576
744 6529 652
744 9436 803
744 6826 662
745 13004 57
745 5601 324
745 10994 180
745 7488 457
745 10028 688
745 12078 388
745 969 454
745 356 145
746 5607 575
746 9826 47
746 3651 236
746 3626 496
747 10101 742
747 8284 44
747 11919 33
747 2199 702
747 1847 849
747 1772 104
747 11211 169
748 6907 296
748 9697 370
748 15009 113
749 2733 572
749 3199 908
749 10773 750
749 4499 162
750 2697 448
751 288 911
751 6857 140
752 802 884
752 708 460
752 3558 899
752 1054 257
752 14044 570
753 15893 903
753 7900 463
753 731 602
753 1212 903
753 10112 404
753 3889 706
753 14441 40
754 6106 994
754 539 843
754 14639 767
754 3191 784
754 14048 966
754 5767 445
755 10622 534
755 5197 137
755 12589 115
756 14055 859
756 5876 249
756 7056 345
756 11441 33
756 12492 1000
756 15005 374
757 2991 760
757 15766 296
757 15338 700
757 2155 251
757 5419 166
758 893 215
758 12491 594
758 2198 172
758 1452 654
758 1559 756
759 4144 526
760 10453 767
760 12279 738
760 12159 843
760 2212 556
761 11640 58
761 14320 466
761 12853 447
761 12203 891
762 2189 469
762 9898 290
762 13677 821
762 9941 186
762 11674 373
762 3064 590
762 14282 838
763 13796 487
763 8955 483
763 11300 650
763 14438 508
764 11884 319
764 7516 36
764 3260 625
764 5543 343
765 11129 417
765 2018 336
765 8024 914
765 9232 882
765 10932 967
765 7159 221
765 9016 400
766 11994 169
766 5378 473
766 9082 694
766 13080 635
766 12609 724
766 170 99
767 1674 48
767 1871 942
767 12789 612
767 13172 928
767 14884 860
767 15741 110
767 15741 472
768 3638 131
768 3482 840
768 2213 833
769 6826 345
769 9213 32
769 15525 886
769 1625 116
769 6354 470
770 2919 618
770 5093 853
770 11401 707
770 3335 151
770 12432 900
771 8801 940
771 15203 696
771 8988 216
772 10633 846
772 7492 161
772 10392 35
772 10452 993
774 9160 442
774 11796 212
774 12224 481
775 14458 378
775 7366 62
775 3373 477
776 5868 935
776 2676 488
776 4276 283
776 12225 975
776 5621 88
777 6709 37
777 5267 354
777 1668 282
777 15265 997
777 11045 626
778 9150 749
778 11853 822
778 8319 825
779 4711 899
779 8486 151
779 14668 416
779 8791 114
779 9210 683
779 1626 541
779 13481 741
780 5913 528
780 8206 351
780 9434 638
781 3149 241
781 12018 508
781 12261 258
781 8062 131
781 10122 398
781 13018 59
781 12378 185
782 2772 902
783 8367 510
783 10283 493
783 2931 515
783 12051 932
784 13346 113
784 12910 439
784 4736 606
784 9959 671
784 1063 905
785 12203 937
786 13605 846
786 14253 964
786 14798 561
786 12067 864
787 741 682
787 13110 101
787 10108 906
787 871 41
788 7764 404
788 6490 409
788 1858 607
788 6234 435
790 3059 564
790 10399 675
790 3648 507
790 4643 521
790 8312 547
790 74 221
791 5811 167
791 12874 719
791 8476 887
792 4000 876
792 5814 463
792 4041 592
792 14720 96
792 1952 174
792 6961 429
793 10518 792
793 2199 324
793 10989 829
793 6976 798
793 7337 506
794 8289 127
794 11756 41
794 3295 598
795 7978 233
795 14785 132
795 9425 540
795 14893 616
795 15521 104
795 13848 508
796 12201 562
796 7429 54
796 4809 383
797 3936 607
797 7198 526
798 7623 826
798 8905 674
799 638 388
799 917 641
799 1081 833
799 2280 754
799 4328 7
800 6278 329
800 4248 354
800 13414 444
800 11789 83
800 12820 833
800 6688 832
800 10123 343
801 15550 602
801 11439 569
801 8943 636
802 11166 164
803 12481 755
803 9514 198
804 9287 760
804 3831 925
804 4722 679
804 11711 635
804 5687 820
805 5909 965
805 7965 410
805 4516 15
805 12693 29
805 15909 188
806 9178 446
806 8016 720
806 9447 197
807 9285 77
807 8179 411
807 14013 884
807 12117 19
808 15768 683
808 2703 246
808 6861 516
808 9960 241
809 8743 871
809 15841 263
809 325 488
810 2763 337
810 10178 598
810 11676 825
810 10726 343
810 10652 808
810 3939 374
811 4099 772
811 6326 730
812 81 676
812 12949 762
812 8494 14
813 670 88
813 10413 742
813 94 909
813 11523 458
813 10392 424
813 1468 208
814 8324 688
814 1299 184
814 2892 456
814 270 956
814 4698 891
815 3968 404
815 11228 965
815 3517 629
815 10297 160
815 10587 167
815 1036 590
816 1235 926
816 2686 361
817 4945 779
817 5700 791
817 11709 455
817 6301 534
817 1693 522
818 11454 637
818 15442 49
818 7493 887
819 2263 367
819 15862 446
819 5837 199
820 7947 160
820 2500 847
820 13285 621
820 3726 369
821 13437 8
821 2343 785
821 11160 523
821 10380 251
821 2069 980
821 820 415
821 5996 564
822 15292 3
822 13057 794
822 2923 388
822 364 38
822 12971 391
822 2491 726
822 12525 203
823 2561 449
823 13294 445
823 6181 773
823 866 783
823 6136 661
823 398 483
823 3175 929
823 9724 216
823 4630 396
824 15722 341
824 3853 930
824 9400 408
824 14044 923
824 10809 987
825 6091 982
825 1598 215
825 5727 76
825 6622 526
825 9662 720
826 14752 823
826 8818 963
826 4509 861
826 7637 200
827 5523 514
827 11140 84
827 14221 703
827 4431 468
828 2367 263
828 4576 216
828 2255 768
828 7748 5
828 6591 74
829 11842 993
829 10939 521
829 4375 448
829 9972 366
829 3406 132
829 10080 995
829 9906 808
829 13494 573
830 8417 88
830 4265 32
830 4777 475
830 8983 491
830 7519 975
830 4378 830
830 7208 772
831 7173 855
831 10989 802
831 13428 167
831 15676 764
831 3924 698
831 436 516
832 5362 822
833 7860 259
833 2844 287
833 2991 256
833 1975 504
834 2935 260
834 3210 559
834 632 21
835 1246 83
835 12103 212
836 11999 257
836 10516 366
836 5918 816
836 9307 970
837 265 928
837 9826 354
837 2766 239
837 221 285
838 10781 167
838 11695 913
838 11587 912
838 3386 784
838 11263 574
838 8018 648
838 6622 291
839 4126 432
839 5511 759
839 251 187
839 2749 529
839 14670 810
840 772 285
840 8748 554
840 2201 240
841 7004 541
841 1745 206
841 12153 712
842 10356 619
842 10112 267
843 6316 443
843 474 948
843 15794 481
843 9011 864
844 4281 189
844 13839 456
844 12453 279
845 3397 151
845 6892 271
845 13312 531
846 8895 758
846 5906 919
847 874 676
847 954 659
847 6229 478
847 7549 173
847 947 763
847 10962 326
848 5417 394
848 2320 605
849 9618 706
849 6233 698
849 5946 942
850 4526 208
850 13273 463
850 11915 197
850 4617 318
850 13648 27
851 11372 794
851 7617 532
851 3450 644
852 2404 542
852 8218 680
852 12037 42
852 14528 233
852 8815 865
852 2762 180
852 4542 950
853 4951 502
853 2266 221
853 4529 606
853 2889 448
853 862 327
854 4363 29
854 7776 446
855 14630 194
856 12508 300
856 9924 929
856 12181 652
857 14596 714
857 15734 411
857 2482 684
857 9227 755
858 306 256
858 14527 551
858 6937 990
859 14590 999
859 8773 328
859 235 71
859 4196 181
860 5771 701
860 6456 639
860 12825 246
861 6660 490
861 6953 618
861 7167 328
861 13365 742
862 14195 416
862 1338 297
862 1850 826
862 13245 862
862 7519 317
862 3603 611
862 8371 345
863 8561 430
864 1331 506
864 15097 278
864 10227 289
864 5240 442
864 7003 308
865 2380 564
865 6430 76
865 10510 697
865 11661 873
865 2069 327
865 3495 989
865 15717 590
865 6847 465
866 2476 740
866 12897 605
867 1031 760
867 6235 692
867 9346 221
867 6438 655
868 13349 493
868 7040 225
868 3285 542
869 6424 409
870 5828 607
871 8119 142
872 2960 265
872 10807 950
872 15890 696
872 12278 264
872 3710 52
872 3776 985
872 3772 599
873 9063 846
873 12864 629
873 2527 925
874 12576 457
874 4274 91
875 9769 884
875 1891 43
875 10017 51
875 15280 391
875 14917 557
875 7213 218
875 8950 20
875 13236 202
875 5044 664
876 2719 479
877 8714 190
877 13080 699
877 8360 441
877 8281 39
877 7197 930
877 9620 112
877 14864 771
877 9328 428
878 8566 924
878 4926 878
878 3956 584
879 14317 762
879 3852 469
879 14274 694
880 13333 34
880 5702 89
880 13688 406
881 1319 826
881 6961 904
882 2948 533
882 12396 885
883 9294 383
883 739 517
883 8762 712
885 10433 308
885 7032 754
886 2822 743
886 1127 74
886 4972 314
886 11263 196
886 15804 809
886 13061 461
887 10967 903
887 13792 300
887 9342 681
887 10820 305
888 7126 273
888 6101 830
888 104 824
888 10082 176
888 12221 597
888 1175 687
888 9966 973
889 6959 934
889 11211 650
889 9938 964
889 5794 672
890 2072 130
890 2321 948
891 14571 802
891 12962 30
891 1745 10
891 14774 1
891 12543 49
891 13224 345
891 15398 578
892 13609 503
892 3073 998
892 13491 323
892 9227 804
892 972 50
892 3240 918
893 1405 227
893 7166 506
893 1824 614
893 8182 937
893 2837 404
894 8360 47
894 9875 990
894 423 734
894 12387 416
894 3663 34
895 1630 410
895 5172 197
895 14932 27
895 6586 837
895 11511 447
895 12511 674
895 9032 434
895 9893 103
896 7911 986
896 927 941
896 8483 476
897 14037 235
897 5799 780
897 15506 890
898 8543 671
898 7677 334
899 7871 376
899 15331 589
899 1437 836
900 2841 47
900 13391 160
900 4429 495
900 9067 334
901 11845 184
901 14699 659
901 15181 136
902 4319 867
902 12612 64
902 10933 554
902 13364 535
902 5918 638
903 3437 946
903 15733 46
903 7263 187
904 5586 962
904 11986 22
904 371 496
904 15721 865
904 3178 187
905 5960 118
905 372 769
905 12125 282
906 4182 566
906 14764 23
906 1982 934
907 11241 243
907 117 935
907 10297 16
908 11904 6
908 12477 941
908 15780 439
908 3112 209
908 12504 162
908 684 587
909 6284 93
909 10350 815
909 398 541
909 3583 525
910 10211 261
910 14084 78
911 7920 674
911 28 266
911 3079 909
911 6780 47
911 5955 90
912 8965 290
912 14816 728
912 5086 969
912 8856 94
912 7537 810
912 4327 802
912 5603 614
913 2148 56
913 1754 319
913 13320 999
913 14670 722
913 8700 745
913 9711 564
913 4817 785
914 4968 997
914 8137 548
914 1828 490
915 6829 947
915 4957 575
916 7924 343
916 11819 109
917 14383 17
917 1564 741
918 15975 645
918 533 721
918 15682 714
918 2763 251
919 12064 927
919 13616 966
920 10566 899
920 5500 795
920 12124 952
920 13768 537
920 578 543
921 2957 96
921 14612 771
921 12951 902
921 5456 232
921 4268 86
921 1423 541
921 3586 906
921 13642 584
923 231 15
923 125 987
923 9922 992
924 1991 318
924 7469 818
924 12131 620
924 7665 883
925 6039 489
925 8587 589
925 1210 447
927 15778 924
927 14755 85
927 10642 390
927 11951 708
927 15324 966
928 11891 798
928 6968 463
928 13155 689
928 12041 621
929 6541 321
929 12940 122
930 10068 990
930 6357 360
931 7218 775
931 7816 68
931 11481 154
931 9333 496
931 8110 110
932 6364 505
932 7917 931
932 10181 761
932 280 44
933 6538 299
933 14463 764
933 704 940
933 7605 476
934 15232 376
934 5440 859
934 13319 662
934 14149 587
935 2584 665
935 3606 816
935 7903 738
935 15893 371
937 597 191
937 1571 716
937 6161 531
938 7758 655
938 2613 216
938 14673 799
938 12994 428
938 8703 973
938 11136 221
938 3943 704
938 9073 284
938 4318 60
939 4349 237
939 5639 283
939 14841 663
940 4144 67
940 13558 816
940 1875 415
940 6253 126
940 11220 388
940 3768 357
941 13003 833
941 14210 342
941 13396 306
941 341 75
941 9108 361
941 13718 895
941 4396 679
941 8530 431
942 12402 225
942 1328 792
942 14489 941
942 14199 679
943 15057 842
943 12393 223
943 3509 420
943 9014 201
943 15576 640
943 9923 365
943 928 634
944 5736 48
944 13900 412
944 2457 103
944 5390 851
944 9029 720
944 6625 653
945 9784 379
945 1476 531
946 15677 121
947 3173 877
947 6638 951
947 8022 596
947 13284 567
948 1517 959
948 13091 915
948 1147 438
948 3453 668
948 12984 876
949 6297 418
949 4489 341
950 7751 637
950 7952 802
950 6559 745
950 13620 669
951 9789 511
951 8224 186
951 2748 595
951 10041 798
952 2381 340
952 2518 490
952 6746 436
952 2049 192
952 12259 554
953 5710 890
953 10326 595
953 12002 378
953 15886 196
954 21 7
954 5368 758
954 4566 347
955 13389 206
955 1069 461
955 5282 987
955 3147 25
955 7089 300
955 1134 621
955 4456 348
955 15317 283
956 5320 54
956 4849 8
956 10447 220
956 9363 336
956 271 325
957 9931 649
957 10742 141
957 9455 782
958 6853 643
958 3049 765
960 9178 223
960 10586 993
960 1081 573
961 14984 358
961 15604 292
961 3648 606
961 14807 858
961 9711 917
961 13121 334
962 5476 742
962 15772 288
962 3067 74
963 10060 33
964 8936 366
965 8925 406
965 14758 839
966 8703 871
966 10304 860
966 9589 636
967 3370 443
967 12728 532
967 10637 214
967 249 227
967 2726 266
967 7220 448
967 11757 416
967 5012 56
967 9730 180
968 1226 746
968 13754 898
968 11360 501
968 9173 492
968 1556 690
969 2455 935
969 15254 862
969 15292 406
969 5295 946
970 5096 821
970 1886 188
970 1095 551
970 1893 465
970 1442 466
971 3031 90
971 9337 33
971 572 373
971 804 513
972 12074 782
972 3622 847
973 6623 647
973 15564 253
973 5684 959
973 11437 275
973 766 54
974 6698 254
975 4905 698
975 8573 471
975 8648 55
976 13969 429
976 15602 902
976 13507 669
976 15647 282
977 9741 482
977 9517 597
977 12393 44
977 3255 780
977 8404 288
978 7694 43
978 10658 814
979 6253 165
979 958 279
979 802 917
979 3807 4
979 8485 919
980 10959 718
980 2120 962
980 3406 352
981 13041 688
981 2607 76
981 519 952
981 10518 467
981 8029 503
981 6961 712
982 8338 512
982 8158 230
982 12659 167
982 460 514
982 15773 976
983 176 295
983 6689 940
984 11941 284
984 43 855
984 7213 186
985 12520 823
985 14796 870
985 2581 9
985 7226 302
985 10221 925
986 4150 27
986 2184 491
986 3140 449
987 7095 746
987 13578 427
987 2811 799
988 4629 490
988 10564 595
988 14338 725
988 8494 332
988 6773 746
988 10621 714
989 11006 538
989 14786 947
989 2663 353
990 4129 433
990 3230 710
990 1078 366
991 6931 356
991 1848 421
991 15075 215
991 7701 157
992 4576 912
992 13536 452
992 12580 349
993 13908 765
993 1715 419
993 3207 207
993 768 279
993 2168 986
993 10592 654
994 8733 764
994 3203 900
994 5389 379
994 13702 620
995 161 863
995 1082 121
995 7819 456
995 1164 652
996 4474 450
996 15460 838
996 11509 171
996 14939 310
996 9225 865
996 13593 966
996 7624 323
997 12750 454
997 5259 533
997 11246 399
997 2824 662
997 14765 393
998 13440 793
998 8612 860
998 12643 534
998 2402 13
998 14012 908
998 917 278
999 1021 731
999 11270 825
999 3247 61
999 8623 324
999 14528 865
1000 14189 818
1000 14427 463
1000 3463 721
1000 10327 889
1001 7086 618
1001 14253 681
1001 11319 265
1001 7553 233
1002 10282 829
1002 7727 971
1002 5991 262
1002 100 878
1002 12036 399
1002 2861 576
1002 4858 875
1002 2590 455
1004 10304 775
1004 11374 509
1005 873 303
1005 1558 559
1005 942 970
1006 6669 659
1006 2314 354
1006 6963 870
1006 4766 853
1006 15026 849
1006 10024 61
1007 2806 561
1007 1706 295
1007 2094 683
1007 7494 959
1007 6486 351
1007 15508 305
1007 8725 601
1007 11123 742
1008 9029 445
1008 2683 358
1008 8268 708
1009 7235 495
1009 7877 50
1009 15831 893
1009 940 737
1009 2385 100
1009 5109 262
1010 8474 975
1010 3911 208
1011 10923 542
1011 5793 810
1011 4614 113
1011 10078 716
1011 1871 643
1011 12176 834
1012 11673 924
1012 10292 378
1012 3343 469
1013 11819 449
1013 7222 365
1013 170 288
1013 14547 146
1013 7158 9
1013 2357 652
1014 5732 650
1014 11357 113
1014 2658 831
1014 10258 246
1014 12733 896
1014 3143 732
1015 14922 673
1015 2028 302
1015 14063 79
1016 897 309
1016 5642 202
1016 11685 610
1016 3144 636
1017 7060 684
1017 5088 660
1017 12687 287
1017 3088 363
1017 4067 432
1018 14146 629
1018 6589 860
1018 5083 96
1018 15419 67
1018 9239 760
1018 87 732
1018 13403 703
1019 2974 700
1019 13231 933
1019 3014 97
1020 3370 467
1020 9118 129
1020 11997 518
1020 10416 574
1021 1262 782
1021 8855 303
1021 8314 713
1022 7232 454
1022 13224 566
1025 7803 210
1025 3406 463
1025 8870 540
1025 11501 843
1025 4375 832
1026 8529 187
1026 700 430
1026 2183 601
1026 4128 286
1027 11929 206
1027 13600 653
1027 13993 63
1027 1585 252
1028 12965 811
1028 14000 935
1028 1502 359
1028 5321 272
1029 663 608
1029 11282 109
1030 15027 751
1030 13565 499
1030 630 932
1030 12082 985
1030 11827 23
1031 13610 763
1031 12677 380
1031 1478 230
1031 5205 397
1031 12309 353
1032 6947 651
1032 15180 984
1032 12337 72
1032 6447 941
1032 3819 380
1032 2270 702
1033 5254 500
1033 15169 320
1034 14319 481
1034 9836 872
1034 3267 569
1034 14444 901
1034 13402 491
1035 5240 205
1035 10790 911
1035 4305 588
1035 315 537
1035 11832 160
1036 21 329
1036 5076 243
1036 4767 212
1036 14740 519
1037 7802 85
1037 2808 737
1037 5117 619
1037 405 542
1037 3450 14
1037 1350 684
1038 10017 777
1038 12887 584
1039 6825 889
1039 8363 536
1040 7946 598
1040 9949 420
1040 10141 62
1040 6305 894
1041 8533 914
1041 10773 729
1041 8029 244
1041 6 503
1043 15972 179
1043 4067 404
1043 7963 796
1043 14796 457
1043 5815 865
1044 766 601
1044 8049 885
1044 7317 584
1044 9875 386
1045 14373 150
1045 9525 985
1045 12734 943
1046 7777 57
1046 13901 399
1046 8048 472
1046 14384 675
1047 9211 975
1047 5450 241
1047 14049 710
1047 2710 295
1047 13926 911
1047 6582 77
1047 6021 810
1048 2047 297
1048 14457 828
1048 14863 994
1049 10228 15
1049 11027 499
1050 2320 901
1050 5811 949
1050 2602 587
1050 870 187
1051 8063 590
1051 5264 677
1052 11300 946
1052 15253 81
1052 1105 891
1052 1146 814
1052 14456 861
1053 15100 427
1054 1080 285
1054 13353 750
1054 2717 40
1054 8016 936
1054 15975 6
1056 10989 445
1056 9441 903
1056 11435 843
1056 3744 783
1056 13317 325
1057 3596 680
1057 10697 233
1058 8924 13
1058 11746 912
1058 12289 241
1059 7477 629
1059 10042 831
1060 6384 582
1060 2154 468
1061 15006 990
1061 13340 385
1061 1165 480
1061 10772 182
1062 10706 927
1062 11944 146
1062 654 660
1062 3970 314
1062 14578 663
1062 8283 292
1062 14955 41
1062 2808 320
1063 479 91
1063 4084 750
1063 3819 153
1063 2658 217
1063 12177 506
1064 4546 985
1064 5795 273
1064 1545 653
1064 11076 969
1064 3385 894
1064 9070 966
1064 6050 146
1065 13953 202
1065 15033 401
1066 13621 875
1066 7500 371
1066 3213 288
1066 3626 58
1067 2889 844
1067 2961 543
1067 11890 324
1068 8708 526
1068 10721 636
1068 14714 476
1069 7075 730
1069 3275 920
1069 356 101
1069 1946 367
1070 3445 287
1070 11313 520
1070 11695 883
1070 14494 94
1071 9999 80
1071 3843 242
1071 14293 963
1071 11061 40
1071 10121 859
1071 3815 890
1072 10591 183
1072 3690 670
1072 3690 253
1072 11400 72
1072 9148 859
1073 1868 948
1073 5873 13
1075 7943 825
1075 15416 887
1076 9626 928
1076 1265 26
1077 15634 878
1077 12054 575
1077 12742 92
1078 11403 17
1078 3788 745
1078 709 358
1079 9989 557
1079 7988 122
1079 11694 72
1079 6437 235
1079 1616 49
1079 997 663
1079 5380 949
1080 15709 172
1080 14942 594
1081 7073 362
1081 7910 880
1081 11162 413
1081 5691 642
1081 12406 138
1082 7756 488
1082 2173 352
1082 351 352
1082 4265 251
1082 15144 919
1082 8565 229
1082 11772 34
1083 543 789
1083 13144 923
1084 14066 870
1084 8768 29
1084 2885 161
1085 11340 319
1086 9759 822
1086 3451 931
1086 11667 806
1086 10986 219
1086 4231 63
1087 3413 906
1088 119 323
1088 7803 25
1088 14554 162
1088 10165 394
1088 7893 307
1088 1318 253
1089 14127 380
1089 11874 355
1089 7664 990
1089 1429 387
1090 6636 488
1090 2938 853
1090 1581 8
1090 6804 863
1090 11897 761
1091 4112 526
1091 6720 663
1091 8194 433
1091 3571 165
1091 9555 354
1091 9919 657
1091 14269 526
1091 2442 573
1092 10058 709
1092 530 147
1092 6020 187
1092 9293 132
1092 3196 841
1093 6258 295
1093 13044 42
1093 15978 225
1094 13877 298
1094 15732 542
1094 6136 832
1094 553 458
1094 15364 408
1094 14854 746
1095 8520 951
1095 5430 480
1095 15803 386
1096 5106 20
1096 15988 463
1096 6095 892
1096 10046 140
1096 2317 282
1097 8379 189
1097 5212 753
1097 4051 941
1097 15953 663
1097 8864 539
1097 11413 195
1098 665 370
1098 1941 259
1098 8254 886
1098 11572 639
1098 3679 220
1098 6993 878
1099 1618 65
1099 13560 629
1099 13388 112
1099 2286 436
1100 11038 561
1100 9462 369
1101 5986 933
1102 1744 954
1102 12814 121
1102 7029 591
1103 6994 596
1103 13737 176
1103 4050 841
1103 9904 846
1103 1848 217
1104 13135 346
1104 14556 257
1104 9587 304
1104 10359 812
1104 10124 495
1105 13282 414
1105 14904 494
1105 9844 383
1106 3809 350
1106 548 668
1106 6931 382
1106 1087 470
1106 2979 223
1106 13410 999
1106 1392 328
1106 10520 519
1107 13135 910
1107 10354 955
1107 6015 123
1107 15462 370
1107 15067 697
1107 7547 804
1107 7064 310
1108 11075 384
1108 12045 942
1108 12607 42
1109 3186 312
1109 9331 701
1109 2534 223
1109 10017 85
1110 5608 237
1110 11360 999
1110 4700 795
1110 13369 793
1110 1156 909
1110 1052 189
1110 3614 379
1111 7490 693
1111 7875 898
1111 11323 529
1111 5783 529
1111 1621 368
1111 8420 155
1111 8723 431
1112 8233 987
1112 5848 445
1112 2031 561
1112 11220 590
1112 6956 760
1113 11887 999
1113 9734 197
1113 7892 991
1113 437 978
1113 13692 743
1113 2300 776
1114 7103 72
1114 1597 675
1114 187 225
1114 7665 614
1114 14701 701
1115 12244 364
1115 10061 69
1116 14092 463
1117 1401 898
1117 6150 428
1117 12053 364
1117 3115 609
1118 14240 108
1118 11046 359
1118 12978 834
1118 12113 918
1118 6930 419
1118 1899 903
1118 13847 463
1118 9877 1000
1119 2716 831
1119 8847 704
1119 8050 309
1120 10105 871
1120 11255 377
1120 802 779
1120 8677 104
1120 10638 630
1120 12106 950
1121 2211 174
1121 2914 209
1121 6175 388
1121 13475 636
1121 6124 491
1122 12886 191
1122 2534 54
1122 4115 306
1122 13510 750
1123 7056 242
1123 2526 936
1123 12871 928
1123 1316 459
1123 15941 697
1124 11297 572
1124 4305 655
1124 9324 615
1125 5771 616
1125 9678 55
1125 2452 152
1126 7275 852
1126 11884 654
1126 7395 527
1126 7122 913
1126 12549 7
1126 2538 686
1126 5604 672
1127 1969 323
1127 3436 867
1127 8088 587
1127 2922 219
1128 4845 756
1128 8768 822
1128 12316 721
1128 3127 95
1129 5268 553
1129 2481 270
1129 14064 15
1129 4066 437
1130 9070 552
1130 13207 634
1131 8831 204
1131 4832 540
1131 11512 421
1132 6732 395
1132 755 421
1132 7048 766
1133 4127 691
1133 11019 853
1133 2480 842
1134 11929 341
1134 15043 567
1134 3103 231
1134 4 196
1134 3054 642
1135 1662 857
1135 3992 2
1135 4605 143
1135 16 323
1135 14215 218
1135 10271 484
1136 7915 844
1136 14213 634
1136 15445 481
1137 4831 634
1137 4543 26
1137 706 902
1137 8441 613
1137 9703 173
1137 9643 111
1137 3203 977
1137 9230 432
1138 8694 166
1138 4119 837
1138 9520 838
1139 14582 912
1139 15371 876
1139 13487 935
1139 10187 981
1139 1123 31
1139 14152 60
1139 7461 773
1140 680 315
1140 15960 498
1140 13285 341
1141 510 471
1141 11290 409
1141 15427 473
1142 6969 100
1142 1180 590
1143 6756 562
1143 3104 981
1143 13323 747
1143 12052 701
1143 2443 147
1143 14677 782
1143 15627 606
1143 11112 605
1144 9602 622
1144 8045 390
1144 11503 609
1144 11899 310
1145 208 922
1145 9748 251
1145 14461 493
1145 7536 227
1145 5329 216
1145 663 341
1145 7761 259
1146 11593 160
1147 2965 978
1147 11052 658
1148 7531 615
1148 9147 968
1148 12357 63
1149 11566 461
1149 3054 955
1149 3455 563
1150 9136 199
1150 9318 33
1150 8482 263
1150 15595 14
1151 14650 889
1151 5997 255
1151 11537 757
1151 3511 384
1152 50 253
1152 6748 872
1152 1472 115
1153 7281 806
1153 7780 476
1153 7784 837
1154 306 203
1154 5800 645
1154 4279 463
1154 3299 665
1155 15259 314
1155 14540 43
1155 4587 609
1155 7033 967
1155 11660 360
1155 771 940
1155 6873 41
1155 12076 848
1155 15 263
1156 11128 691
1156 15613 966
1156 6711 361
1156 467 635
1157 1210 323
1157 12992 417
1157 9869 260
1157 11000 279
1157 5499 428
1158 4918 296
1159 14968 247
1159 15586 111
1159 11245 121
1159 10248 411
1159 1343 423
1159 3199 659
1159 71 361
1159 6068 71
1160 6236 41
1160 13040 409
1161 14438 954
1161 3435 57
1161 10599 776
1162 13643 892
1162 14887 986
1162 11179 706
1162 231 178
1163 2709 651
1163 5444 387
1164 7215 755
1164 14550 470
1165 15948 675
1165 5570 869
1165 2367 270
1165 12573 437
1166 5756 365
1166 13581 738
1166 832 41
1166 965 555
1166 14712 879
1167 14748 80
1167 10030 717
1168 7368 841
1168 1574 117
1168 4881 419
1168 11960 809
1168 14116 366
1168 13500 674
1169 5957 970
1169 3728 569
1169 5993 746
1170 2473 19
1170 5481 420
1170 11547 25
1170 6495 443
1171 11994 848
1171 1008 412
1173 9391 712
1173 11524 862
1173 15212 633
1174 2576 570
1174 5486 522
1174 6729 124
1175 1143 75
1175 3673 154
1175 1024 336
1175 12970 700
1176 3445 639
1176 10157 42
1176 4018 558
1176 15144 597
1176 5262 100
1176 577 72
1176 336 715
1176 11664 556
1177 6720 353
1177 3317 67
1178 5434 817
1178 2959 201
1178 9273 809
1178 736 549
1178 13379 106
1178 13047 130
1178 13339 413
1178 3666 419
1179 373 159
1180 6133 620
1180 14818 621
1180 15237 690
1180 14598 758
1180 2421 684
1180 3614 206
1180 15534 550
1181 11180 248
1181 7563 60
1181 6304 612
1181 9875 295
1181 12256 628
1181 5692 605
1182 9293 888
1182 8521 630
1183 14047 976
1183 10385 890
1183 14351 427
1183 6815 210
1183 9389 735
1184 5101 468
1184 11097 900
1185 14016 699
1185 3284 745
1185 9767 336
1185 15156 322
1185 1725 389
1185 2970 484
1186 1151 846
1186 14597 1000
1186 14459 685
1186 1168 597
1186 10306 923
1186 5811 690
1187 2768 602
1187 2122 113
1187 6583 980
1187 8559 800
1187 9677 192
1188 12580 165
1188 11607 85
1188 11135 22
1188 1427 758
1188 11020 374
1189 12610 151
1189 1790 268
1190 2063 996
1190 10753 63
1190 9594 491
1190 2397 709
1190 13828 412
1190 12424 711
1190 6054 255
1190 3579 418
1190 7833 96
1191 14602 844
1191 6022 534
1192 10651 168
1192 4817 532
1192 291 727
1192 2488 967
1192 91 157
1193 13874 961
1193 5567 867
1193 8369 994
1193 4395 221
1194 2953 358
1194 9202 468
1194 2939 723
1194 3489 920
1194 10645 335
1194 1411 796
1195 6217 520
1195 15099 639
1195 12779 871
1196 8813 98
1196 13842 542
1196 15991 447
1197 13351 443
1197 11 37
1197 6785 949
1198 9140 920
1198 1580 78
1198 12204 649
1198 9861 168
1198 15129 116
1198 9205 289
1198 15383 61
1198 1041 809
1198 15762 248
1199 2536 858
1199 3477 361
1200 9319 964
1200 892 434
1200 15851 448
1201 14332 470
1202 13883 375
1202 5472 182
1202 597 684
1202 11091 341
1202 110 800
1202 8488 228
1203 6393 629
1204 1173 384
1204 7425 664
1204 10598 346
1205 15700 249
1205 8175 931
1205 7794 752
1206 934 202
1206 14443 381
1206 4457 440
1206 8799 637
1206 14711 738
1207 2682 363
1208 5689 753
1208 15472 719
1208 7869 366
1209 15254 940
1209 10311 281
1209 5505 471
1209 381 547
1209 6241 908
1210 14944 360
1210 9742 505
1210 10751 627
1211 4299 316
1211 8748 75
1211 8315 396
1211 13346 534
1212 14756 195
1212 5522 291
1212 15808 926
1212 11853 609
1213 10366 404
1213 15180 988
1213 15084 933
1213 7184 5
1214 4950 91
1214 6494 491
1215 10636 583
1215 5649 229
1215 4057 277
1216 13862 285
1216 15076 965
1216 5723 555
1216 14535 69
1217 12143 46
1217 11483 264
1217 10227 99
1217 11511 863
1217 723 116
1218 2335 465
1218 5249 330
1218 10633 4
1219 3603 82
1219 11922 24
1220 12856 641
1220 15841 158
1220 8266 426
1220 3762 60
1220 14414 183
1221 4198 455
1221 3265 89
1222 4853 191
1222 1182 329
1222 259 883
1223 3319 704
1223 5598 690
1223 13677 824
1223 15597 471
1224 10956 708
1224 10578 372
1224 7464 827
1225 12965 69
1225 8911 257
1225 8671 226
1225 3186 409
1225 7401 885
1225 1616 96
1225 3710 650
1225 4027 239
1225 13078 495
1225 5538 200
1225 12161 113
1226 2738 393
1226 9855 55
1226 7654 156
1226 4856 919
1226 14403 845
1226 2058 60
1226 6279 15
1226 15922 21
1227 13611 675
1228 6663 779
1228 5688 822
1228 15364 342
1229 5532 137
1229 2116 686
1229 11241 895
1229 6814 278
1229 5926 875
1229 9956 383
1230 9543 590
1230 8434 651
1231 11884 88
1231 15941 338
1231 1339 356
1231 3532 586
1231 14653 975
1231 773 300
1231 397 712
1231 12605 392
1231 5091 673
1232 7198 545
1232 7948 755
1232 7073 725
1233 3010 200
1233 5301 383
1233 8506 697
1233 11352 800
1233 5242 204
1233 596 375
1234 14810 839
1234 14461 159
1234 3679 714
1234 15905 816
1235 5992 802
1235 755 17
1235 11034 736
1236 1659 969
1236 12225 361
1236 11997 469
1237 4975 175
1237 4101 805
1237 3708 963
1237 2965 75
1237 3847 646
1238 12478 141
1238 15106 290
1238 9082 419
1238 11520 334
1238 14412 119
1238 6068 938
1239 7925 76
1239 5237 837
1239 15079 331
1239 5725 303
1239 5291 493
1239 8910 294
1240 15610 802
1240 10986 151
1240 13898 534
1240 3659 288
1240 14786 763
1240 4365 546
1240 5380 194
1240 934 631
1241 5661 405
1241 11846 192
1242 14943 825
1242 4346 266
1242 12887 953
1242 14425 697
1243 7396 993
1243 2247 465
1243 14932 708
1243 11192 175
1244 8046 416
1245 13619 166
1245 3157 70
1245 6074 211
1245 9131 159
1245 15153 560
1245 352 964
1246 13520 725
1246 11538 504
1247 10576 640
1247 8258 856
1247 2540 33
1247 11598 405
1247 2503 30
1248 3264 169
1248 2671 290
1248 2089 126
1248 6259 481
1248 13414 887
1248 2291 752
1248 6490 677
1249 14161 807
1249 3995 560
1249 5226 582
1249 12162 444
1249 8788 189
1250 753 530
1250 2436 436
1250 12387 529
1250 859 723
1251 4636 124
1251 9302 567
1251 15244 992
1251 1887 931
1252 12409 547
1252 2232 36
1252 10492 156
1252 13466 278
1252 1519 720
1252 6282 458
1252 85 124
1252 6030 98
1252 3871 750
1253 10760 17
1253 10303 533
1253 4728 50
1253 2846 252
1254 1178 78
1254 6022 355
1254 1069 650
1255 439 397
1256 15505 887
1257 10669 796
1257 8267 697
1257 12436 213
1258 6798 239
1259 10959 11
1259 8022 493
1259 14107 329
1259 5910 692
1259 14143 804
1260 1151 791
1260 3382 247
1261 15302 827
1261 14801 1
1261 6966 205
1261 3915 765
1262 6251 775
1262 8929 833
1262 10217 101
1262 2438 550
1262 13214 39
1262 11055 683
1263 12111 373
1264 5620 999
1264 10855 106
1264 8876 870
1265 1326 189
1265 8729 380
1265 15779 164
1266 3347 390
1266 14763 974
1266 12899 285
1266 13269 612
1266 7389 835
1267 15971 665
1267 3959 589
1267 10919 183
1267 12471 407
1267 8251 43
1267 10995 301
1267 6016 950
1267 3697 962
1268 10513 742
1268 6909 683
1268 2046 446
1268 11271 204
1268 11126 417
1269 11826 814
1269 6746 626
1269 872 522
1269 1752 218
1269 2075 845
1270 12828 711
1270 1649 596
1270 6671 156
1270 4932 674
1270 1402 33
1271 6374 688
1271 461 63
1272 547 763
1272 13503 292
1272 10875 402
1272 4671 27
1272 8647 265
1273 12555 193
1273 14940 886
1274 4558 219
1274 11483 5
1274 15866 596
1275 11031 41
1275 4647 478
1275 5823 558
1275 15531 451
1275 1764 270
1276 11792 440
1276 12214 93
1277 10977 784
1277 7391 236
1278 11578 965
1278 6642 447
1279 2527 154
1279 5448 802
1279 12438 330
1279 3318 341
1279 1348 944
1279 15263 90
1280 12181 57
1280 2341 543
1280 7693 749
1280 431 295
1281 5301 999
1281 3171 937
1281 1152 297
1282 4425 840
1282 6097 24
1282 3098 514
1282 6636 375
1282 2362 398
1282 9057 536
1282 12386 502
1283 7815 102
1283 2994 619
1283 14462 437
1283 12434 549
1284 10095 751
1284 5996 929
1284 14203 631
1284 648 35
1284 10183 909
1285 8554 793
1285 13258 394
1286 5537 418
1286 13173 515
1286 786 496
1286 7332 660
1287 13327 134
1287 2991 298
1287 1507 733
1287 630 763
1288 13909 599
1288 12358 323
1288 4021 416
1288 9521 667
1289 8352 930
1290 5216 712
1290 9602 828
1290 9312 779
1290 9375 860
1290 13588 385
1291 3934 145
1292 3246 434
1292 10041 112
1292 13943 559
1292 15529 58
1293 12838 223
1294 1814 700
1294 8746 698
1294 8370 969
1294 13274 809
1295 15839 706
1295 206 583
1295 12611 827
1295 7019 263
1295 11054 20
1296 12493 602
1296 15662 453
1296 2116 927
1296 14081 814
1296 5573 313
1296 3218 853
1297 13811 505
1297 12956 105
1297 3607 56
1297 145 905
1297 112 472
1298 4344 6
1298 10252 51
1298 7919 205
1299 3117 637
1299 3342 808
1299 2128 521
1299 8511 13
1299 9361 635
1299 12498 30
1299 7410 424
1299 2556 223
1300 13435 678
1300 6447 419
1300 5134 219
1300 9307 278
1301 12977 279
1301 13731 355
1301 8589 591
1301 2014 698
1301 6701 931
1302 6293 86
1305 10038 401
1305 9553 12
1305 3312 909
1305 7485 117
1306 7962 557
1306 15077 379
1307 3866 612
1307 6603 422
1307 16 718
1307 8782 548
1307 8682 675
1309 3172 665
1309 10783 649
1309 6380 550
1309 8948 678
1309 6978 661
1309 2332 958
1310 11299 293
1310 1171 290
1310 2581 658
1310 7468 925
1310 3550 161
1310 64 21
1311 7569 228
1311 3371 685
1311 5822 35
1311 12165 602
1311 15780 379
1311 2187 340
1311 5163 335
1312 12403 889
1312 10207 559
1313 13890 305
1313 3644 981
1314 14804 215
1314 7271 838
1314 80 762
1314 8260 221
1314 11151 913
1315 1848 516
1316 5282 867
1316 1622 655
1317 1668 829
1317 5858 448
1318 15383 354
1318 13478 110
1318 9935 636
1318 4563 819
1318 8299 766
1318 681 610
1319 2753 639
1319 14363 696
1319 6389 139
1320 4895 320
1320 2446 425
1320 13244 444
1320 8805 673
1320 5482 608
1320 10601 813
1320 9132 490
1320 7595 964
1320 13860 767
1321 7776 118
1321 1804 47
1321 4906 582
1321 13252 463
1321 9995 367
1322 194 623
1322 12444 48
1322 57 448
1322 5492 358
1322 1478 971
1322 7401 887
1323 1833 272
1323 13516 230
1323 3529 839
1323 8190 608
1323 2389 29
1324 958 61
1324 6537 574
1324 6478 568
1324 374 867
1325 4520 701
1325 15718 809
1325 4887 547
1325 12595 823
1326 11735 927
1326 8228 754
1326 9640 261
1327 12187 991
1327 12425 628
1327 9463 306
1327 5646 507
1328 15823 139
1329 13300 375
1329 4119 262
1329 8139 455
1329 3184 153
1329 15302 638
1330 9435 926
1330 3004 293
1330 1324 624
1331 9427 112
1331 7466 76
1331 13234 304
1331 10115 234
1332 3528 496
1332 6649 365
1332 2525 932
1333 3975 476
1333 10433 41
1333 2280 479
1334 5555 464
1334 13066 948
1334 8223 160
1334 7864 609
1335 15529 859
1335 488 545
1335 5133 971
1335 13105 320
1335 7242 708
1335 9293 570
1336 9526 288
1336 4101 771
1336 13395 464
1336 9878 693
1336 6154 731
1336 9070 195
1336 8522 221
1336 8049 662
1337 14244 706
1337 15617 970
1337 14940 290
1337 3164 376
1337 8023 992
1338 15092 988
1338 6498 211
1338 11022 149
1339 479 468
1339 13096 980
1339 6527 59
1339 5186 800
1340 2795 655
1340 1941 833
1341 11830 220
1341 10633 585
1341 4541 578
1341 2891 3
1342 1520 508
1342 12591 647
1342 1506 441
1342 13214 241
1343 4473 724
1343 5625 753
1343 10452 480
1344 6888 266
1344 10564 877
1344 10512 593
1345 12780 55
1345 13214 599
1345 4898 373
1345 1113 141
1345 15589 437
1346 6264 414
1346 14349 485
1346 4660 26
1346 13833 49
1346 11375 727
1346 6820 651
1347 15296 201
1347 1908 248
1347 9447 840
1347 1701 906
1347 13057 978
1347 13076 998
1347 7069 634
1347 12693 536
1347 946 672
1348 12389 59
1348 14 221
1349 7528 398
1349 6599 894
1349 954 637
1350 8840 994
1350 6744 812
1350 3777 941
1350 450 642
1350 11542 874
1351 14384 497
1351 3629 828
1352 9867 175
1352 3120 491
1353 887 754
1354 1086 766
1354 5575 968
1354 3668 894
1354 9371 880
1354 12151 673
1355 8003 899
1355 8964 113
1355 7604 269
1355 1731 588
1355 11646 470
1355 3874 712
1355 10905 41
1356 13933 514
1356 14553 700
1356 15881 234
1356 333 815
1356 11876 765
1357 10372 918
1357 9861 343
1357 8210 797
1358 7874 510
1358 8548 5
1359 7822 581
1359 10589 586
1359 5904 159
1360 9817 455
1360 12695 111
1360 105 273
1361 12723 995
1361 9197 948
1361 6799 321
1362 7007 412
1362 3379 999
1363 8448 145
1363 8371 856
1363 6275 451
1363 12465 717
1364 15884 272
1364 12839 366
1364 4543 928
1364 8433 967
1364 188 170
1364 4867 272
1365 1510 960
1365 10368 630
1365 3007 875
1365 2885 742
1365 7168 858
1366 7392 44
1366 10667 654
1366 14188 743
1366 6821 673
1367 13450 833
1367 12524 879
1367 1689 293
1367 15781 722
1367 6061 964
1367 13590 7
1368 1602 351
1368 12513 526
1368 5940 718
1369 57 932
1369 15451 291
1369 9848 783
1369 11349 7
1369 12490 621
1369 4284 922
1370 12217 421
1370 13294 320
1370 15873 683
1370 15094 715
1370 9199 274
1370 9331 424
1371 15977 498
1371 3574 417
1371 10761 802
1371 8260 316
1371 11436 419
1371 9912 719
1372 14145 841
1372 6662 467
1373 3002 481
1373 3063 999
1374 8950 229
1374 5546 53
1374 12046 818
1374 8533 334
1374 15187 782
1374 14911 430
1374 1647 599
1374 7822 498
1375 12196 28
1375 11418 899
1376 2005 532
1376 11477 585
1376 12820 149
1376 2353 81
1376 7301 637
1377 2491 525
1377 13077 739
1377 1783 193
1378 608 427
1378 9957 540
1378 437 308
1378 13150 829
1379 14481 906
1379 2649 305
1380 4718 773
1380 3178 158
1380 6154 880
1380 12973 77
1380 12438 390
1380 11234 817
1380 4062 465
1381 1539 912
1381 350 441
1381 6434 986
1381 14908 233
1381 5264 168
1381 2626 879
1381 2508 415
1381 5918 599
1382 15273 215
1382 12996 376
1382 11647 55
1383 4552 277
1383 9783 358
1383 14752 929
1383 11940 627
1383 8951 253
1384 11841 84
1384 14323 907
1384 1371 209
1384 1362 954
1385 8025 443
1385 4752 77
1385 750 812
1385 4840 883
1385 5307 159
1385 15658 689
1386 3893 752
1386 3308 692
1386 9304 156
1386 7102 435
1386 11462 96
1386 2324 26
1387 8906 553
1387 11847 976
1388 13460 254
1388 14454 95
1388 7079 975
1388 3915 6
1389 3473 178
1389 2870 561
1390 11347 924
1390 125 405
1391 15067 637
1391 13572 576
1391 14917 880
1391 15304 983
1391 2559 704
1392 12291 150
1392 10020 738
1392 13547 508
1392 7278 551
1392 3015 454
1392 562 955
1393 12598 594
1394 4147 445
1394 2714 671
1395 14778 470
1395 5706 480
1395 12110 907
1395 14125 147
1395 6288 848
1396 12651 720
1397 8030 358
1397 14342 719
1397 15505 325
1397 8252 444
1398 14196 707
1398 8616 160
1398 6428 602
1398 3222 405
1398 981 690
1399 11006 579
1399 14638 431
1399 3679 655
1399 1366 571
1399 14789 608
1399 13020 4
1399 10487 595
1399 5831 712
1400 507 933
1400 12898 493
1400 6264 31
1400 2412 350
1401 7640 657
1401 4383 880
1401 13459 47
1401 3933 474
1401 15159 560
1402 6833 163
1403 5972 958
1403 9250 37
1403 1134 69
1404 15927 622
1404 15055 531
1404 12892 250
1404 11991 610
1405 653 591
1405 4535 12
1405 4966 944
1405 9561 739
1405 10835 368
1405 11976 396
1406 660 112
1406 13352 117
1406 1797 879
1407 4686 950
1407 5015 145
1407 13543 130
1407 7633 746
1407 8852 985
1407 9786 2
1408 8743 857
1408 14220 877
1408 544 262
1409 683 622
1409 3651 235
1409 3483 137
1409 2812 847
1409 1676 246
1410 7910 530
1410 7968 115
1410 2895 349
1410 5240 683
1410 11236 813
1410 11522 569
1410 8433 773
1410 3259 125
1411 14371 281
1411 5829 568
1411 13638 895
1411 7726 37
1411 4044 65
1412 13614 171
1412 2259 743
1412 9650 783
1412 13175 77
1413 2502 685
1413 11433 602
1413 12222 903
1413 11588 498
1413 6966 630
1413 4722 541
1414 5876 953
1414 14462 626
1414 8372 352
1414 2238 60
1415 6101 384
1415 6389 584
1416 9654 385
1416 2620 863
1416 9385 365
1416 6658 819
1417 6722 344
1418 12483 832
1418 810 559
1418 6547 835
1419 512 932
1419 418 335
1419 13410 486
1419 12445 848
1420 4990 260
1420 14093 400
1420 5471 725
1420 107 314
1421 7506 795
1421 2809 569
1421 13790 31
1421 2443 402
1421 6434 770
1422 2528 978
1422 5641 772
1422 10953 908
1422 9134 328
1422 143 341
1422 11392 807
1423 14691 290
1423 1948 34
1423 5876 131
1423 10919 274
1424 7880 906
1424 4354 196
1424 11395 560
1424 13381 177
1425 2334 398
1425 1756 739
1425 11337 176
1425 1968 429
1425 14252 920
1425 15602 50
1426 2941 228
1426 10604 320
1426 1582 574
1426 7534 520
1426 7619 761
1427 7076 711
1427 14187 551
1427 802 939
1427 5686 964
1427 5184 986
1428 801 257
1428 14642 587
1429 9157 163
1429 11613 129
1429 15383 264
1429 9247 838
1429 11880 295
1430 2773 66
1430 7129 603
1430 5176 176
1431 4641 176
1431 12107 590
1432 11785 236
1432 1555 334
1432 7896 180
1432 6567 911
1432 12140 38
1433 11292 236
1433 5469 503
1433 1391 134
1433 1503 983
1433 7814 776
1434 10731 241
1434 13352 105
1434 14282 174
1434 4394 531
1434 13905 765
1434 2462 197
1434 7258 801
1435 4858 694
1435 8821 526
1435 1608 61
1435 11188 276
1436 3367 70
1436 8306 772
1436 15343 767
1436 7066 700
1436 1821 593
1437 3242 912
1437 15984 346
1438 11487 528
1438 11798 434
1438 15453 950
1438 3799 541
1438 8754 927
1439 10317 699
1439 8847 502
1439 7416 219
1439 5295 787
1439 11072 100
1440 604 325
1440 2355 115
1440 5781 360
1440 6281 84
1440 7602 69
1441 4695 805
1442 1237 431
1442 4030 211
1442 10717 499
1443 12139 865
1443 12128 881
1443 14013 777
1443 8229 37
1444 4744 295
1444 6978 551
1444 7333 21
1444 1944 975
1444 874 967
1444 7520 218
1445 14535 421
1445 9287 393
1446 3461 922
1446 6231 837
1446 2610 818
1447 3551 49
1447 6631 47
1447 1537 898
1447 15196 258
1447 4686 645
1447 6549 191
1447 7554 252
1448 9326 81
1448 8513 448
1448 7327 523
1448 11567 413
1448 5903 511
1448 14257 323
1448 5246 995
1449 5653 772
1449 4827 454
1449 14783 817
1449 14106 921
1450 980 11
1450 7477 934
1450 3262 339
1451 15737 533
1451 3546 644
1453 10476 670
1453 269 92
1453 12114 736
1453 12531 27
1454 15054 248
1454 832 227
1454 15560 804
1455 11773 857
1455 12811 196
1455 4431 305
1455 8178 863
1455 4848 484
1456 8433 576
1457 13906 719
1457 2788 150
1457 5284 228
1457 5994 866
1457 3893 606
1457 11097 443
1457 5741 714
1458 4126 980
1458 7961 202
1458 3856 280
1458 4376 888
1458 13445 240
1458 3980 623
1459 13141 673
1459 7454 78
1459 8892 313
1459 14866 299
1460 7820 308
1460 3584 372
1461 7139 721
1461 6497 381
1461 8711 985
1462 807 142
1462 10910 986
1462 1049 471
1463 3204 941
1463 15264 695
1464 11624 299
1465 9986 711
1465 7876 270
1465 4026 461
1465 2631 106
1466 6350 211
1466 15737 642
1466 11553 757
1466 2882 26
1466 3273 467
1466 15463 317
1466 4938 33
1466 3671 626
1466 4604 160
1467 14122 22
1467 13630 598
1467 3299 493
1468 7249 800
1468 460 962
1468 13873 488
1468 3866 423
1468 3375 282
1469 11513 912
1469 8823 839
1469 4138 403
1469 6145 948
1469 13044 20
1469 15472 979
1469 6329 790
1470 13747 701
1470 2651 39
1470 1792 817
1470 516 168
1471 13005 559
1471 1028 774
1471 15061 373
1471 8839 417
1471 987 649
1472 10504 827
1472 4811 479
1473 5784 373
1473 3813 85
1473 10693 962
1473 11744 664
1473 5548 383
1473 9397 845
1474 437 637
1474 10651 164
1474 530 722
1474 12429 494
1475 15185 270
1475 6715 992
1475 13048 53
1475 9972 300
1475 11763 724
1475 961 829
1475 7399 21
1476 15858 626
1476 9885 29
1476 13434 745
1477 12879 995
1477 8636 22
1477 14971 134
1478 5225 857
1478 7091 333
1479 1993 242
1479 3884 739
1479 13198 789
1479 4391 781
1479 8504 747
1480 7605 388
1480 12567 486
1480 7335 385
1480 14209 563
1480 8761 546
1481 9855 567
1481 5423 600
1481 3550 410
1481 11844 343
1481 10687 222
1482 1939 560
1482 6078 147
1482 3096 798
1483 5019 227
1483 10042 604
1483 6127 370
1483 2530 518
1483 7733 24
1484 12336 68
1485 6057 782
1485 2237 732
1485 6189 737
1485 13572 348
1485 4948 402
1485 4083 17
1486 2964 664
1486 9417 395
1487 52 400
1487 5542 209
1487 847 495
1487 6487 988
1488 76 346
1488 14922 189
1489 59 82
1489 14601 677
1489 14211 524
1489 4784 709
1489 3796 802
1490 5958 724
1490 9073 324
1491 9509 645
1491 2974 323
1491 14642 782
1491 12981 431
1491 11624 524
1491 3459 63
1492 9689 639
1492 5077 427
1492 1525 248
1492 3890 941
1492 12847 525
1492 735 935
1492 4751 299
1492 12659 386
1492 819 714
1493 5191 341
1493 11708 502
1493 15568 565
1493 2579 411
1493 1251 109
1493 8979 70
1494 1650 272
1494 1460 281
1494 1360 463
1494 3584 990
1494 12397 720
1494 15521 495
1495 4415 935
1495 11015 440
1495 4151 252
1495 15854 233
1495 4488 95
1495 846 203
1496 12706 330
1496 11768 931
1496 4370 941
1496 5824 597
1496 6533 549
1496 14399 547
1496 7888 678
1497 7572 887
1497 2392 263
1497 4590 271
1498 4319 770
1498 7487 844
1498 11155 552
1498 8970 705
1499 7691 402
1499 10178 665
1499 9624 424
1499 360 986
1499 1724 878
1499 7815 590
1500 7346 824
1500 3672 597
1500 7213 850
1500 3987 60
1500 11436 180
1500 8131 701
1500 5844 499
1500 8654 242
1500 11199 590
1501 8719 995
1501 7359 619
1501 1461 648
1501 14787 606
1501 3391 811
1501 11412 380
1501 1543 998
1502 1449 243
1502 11787 676
1502 530 44
1502 1672 946
1502 3453 71
1503 4634 503
1503 13567 358
1504 14766 765
1504 4843 292
1504 4614 933
1505 3856 607
1505 13882 544
1506 14530 994
1506 9384 385
1506 4257 265
1507 10994 39
1507 2419 797
1507 14018 227
1507 104 108
1507 878 853
1507 10759 912
1508 12781 191
1508 3053 52
1508 8181 577
1508 9948 535
1508 9211 367
1508 8064 424
1509 6837 424
1509 15292 12
1510 6600 472
1510 5181 880
1510 3747 559
1510 11375 894
1510 11453 531
1511 5296 608
1511 12131 783
1511 3854 96
1511 9885 877
1511 8255 544
1512 9689 492
1512 11522 169
1512 1146 854
1513 4042 164
1513 10873 140
1514 3397 697
1514 7813 442
1515 14720 11
1515 11197 177
1515 63 827
1515 12849 250
1516 12281 235
1516 14942 809
1517 887 396
1517 4585 347
1517 13095 459
1517 2086 450
1517 220 123
1517 3145 239
1517 9416 146
1518 10154 72
1518 6390 596
1518 5445 448
1518 2836 232
1518 14225 269
1519 8453 693
1519 12170 632
1519 11205 821
1519 2249 486
1519 11616 838
1519 15152 60
1519 3688 148
1519 11000 123
1519 14488 647
1519 5868 22
1520 13774 635
1520 924 694
1520 14325 855
1520 14201 238
1521 3177 751
1521 11928 806
1521 5556 452
1521 9965 460
1521 14561 429
1522 3414 378
1523 3084 534
1523 14749 582
1523 2915 500
1523 5130 812
1523 5908 574
1523 11299 279
1523 4024 349
1524 8641 191
1524 1170 462
1524 14984 409
1524 11468 784
1524 15748 853
1525 2665 324
1525 8119 237
1525 2281 885
1525 11864 146
1526 1103 907
1526 9477 323
1526 2668 15
1527 11255 661
1527 9221 673
1527 1908 212
1528 5362 655
1528 12769 755
1528 4830 391
1528 836 110
1528 14615 30
1528 14979 164
1528 6167 997
1528 9325 538
1529 2246 984
1529 7645 445
1529 13399 163
1529 9490 460
1530 8990 948
1530 5720 874
1530 14601 832
1531 1843 950
1531 8659 417
1531 14571 931
1531 6100 346
1531 2275 916
1532 552 683
1532 8580 880
1533 9682 919
1533 6075 392
1534 345 146
1534 2569 865
1534 10112 385
1534 11826 145
1534 4846 440
1535 10676 915
1536 10557 847
1536 7070 847
1536 13780 166
1536 4836 733
1536 7172 871
1537 1503 774
1537 11581 62
1537 12671 16
1537 11260 821
1537 4431 511
1537 4720 581
1538 14491 741
1538 6282 969
1538 9014 159
1538 11371 987
1538 2084 350
1539 15375 269
1539 11911 167
1539 604 66
1539 2281 482
1540 4864 738
1540 3604 198
1540 14796 172
1540 1589 226
1541 4877 351
1541 3575 169
1541 8308 269
1542 13621 697
1542 15078 812
1542 232 600
1542 13824 294
1542 11985 17
1543 7553 26
1543 13581 690
1543 13069 438
1543 8759 971
1544 7070 673
1544 14547 832
1546 12367 357
1546 10550 1000
1546 2193 659
1546 1539 890
1547 7675 975
1548 7329 674
1548 4648 117
1548 14115 957
1549 8913 380
1549 7339 446
1549 9387 140
1549 8192 799
1549 3720 993
1549 8435 345
1550 809 241
1550 12852 168
1550 8394 869
1550 14419 88
1550 15307 756
1550 6932 935
1550 3737 468
1551 14612 441
1551 14836 770
1551 2760 455
1552 8428 847
1552 63 243
1552 9797 603
1552 4750 606
1552 5222 590
1553 5764 599
1553 7340 359
1553 9436 474
1553 10802 155
1553 7782 259
1553 11920 379
1553 4884 928
1554 15836 795
1554 4296 120
1554 14298 558
1554 6288 788
1554 15499 943
1554 4899 68
1554 736 582
1555 6068 136
1555 10135 387
1556 5703 470
1556 7580 171
1556 7514 751
1558 4618 910
1558 1542 411
1558 7586 487
1558 8221 43
1558 9663 829
1558 4724 60
1558 7457 277
1558 15092 481
1558 6060 946
1558 10079 477
1558 5322 629
1559 2783 550
1560 14628 11
1560 14837 488
1560 2718 597
1560 7119 914
1560 5533 336
1562 13979 774
1562 15122 229
1562 8342 848
1562 3446 98
1562 3442 149
1562 7719 185
1562 1949 86
1563 4951 269
1563 12638 60
1563 4042 557
1563 10986 183
1563 14233 137
1563 4618 922
1564 7668 61
1564 6795 419
1564 10880 986
1565 2386 901
1565 10105 479
1566 7156 635
1566 13951 200
1566 15794 239
1567 2201 834
1567 15354 277
1567 8112 303
1567 837 775
1567 1908 609
1568 6504 581
1568 14344 414
1569 5102 874
1569 15438 447
1569 15844 669
1569 6428 861
1569 688 566
1569 7665 37
1569 13438 726
1570 7000 169
1570 14061 246
1570 11876 973
1570 13298 348
1570 7360 873
1570 10706 22
1570 15649 283
1570 14658 482
1571 14334 884
1571 10890 714
1572 5986 264
1572 10365 726
1572 7942 464
1572 5806 345
1572 6553 837
1572 1839 762
1572 15408 803
1572 12281 528
1572 173 885
1572 5632 443
1572 9386 657
1572 1908 998
1573 1541 457
1573 12943 441
1573 4908 817
1573 13664 968
1573 2045 557
1573 603 118
1574 14372 998
1574 11244 764
1574 8637 378
1574 4546 680
1575 5239 280
1575 1927 787
1576 2737 825
1576 9673 548
1576 5674 371
1576 12694 972
1576 3162 910
1576 13882 463
1577 5257 719
1577 5083 137
1577 12525 789
1577 9165 748
1578 5188 775
1578 11392 582
1578 14234 285
1579 11926 427
1579 15142 670
1579 13004 502
1579 2589 41
1580 11204 205
1580 10048 279
1580 6339 71
1581 2488 462
1582 10033 709
1582 1913 638
1582 6695 176
1582 8539 495
1582 3143 197
1582 5806 350
1583 4467 791
1583 9689 746
1583 11714 717
1583 13132 951
1583 11430 240
1583 14341 303
1584 6172 200
1584 11965 671
1584 5598 469
1584 7936 410
1585 11334 105
1585 2151 440
1585 7027 788
1585 10800 829
1586 10562 338
1586 7203 925
1586 3787 477
1587 2122 245
1587 14435 949
1588 14375 717
1589 237 388
1589 806 451
1589 8383 864
1589 14824 247
1589 14283 744
1589 8104 854
1589 8616 366
1589 11870 955
1590 4388 566
1590 6270 320
1590 15404 476
1590 6778 214
1590 14541 851
1591 957 177
1591 12899 487
1591 5680 309
1591 1777 601
1591 6987 560
1592 6112 106
1592 4739 5
1592 13954 278
1592 14526 554
1593 6656 563
1593 15490 141
1593 6434 380
1594 8261 604
1594 5304 365
1594 2833 875
1594 4555 41
1594 11801 155
1594 15367 596
1594 2041 806
1594 15352 191
1594 5897 996
1594 5233 625
1594 7368 610
1595 11066 280
1595 0 172
1595 11365 855
1595 11329 965
1597 11562 642
1597 6648 50
1598 466 788
1598 5428 565
1598 9337 535
1598 6352 357
1598 9573 425
1599 12786 644
1599 7091 408
1599 4875 110
1599 12358 453
1600 13195 147
1600 5490 508
1601 4662 87
1602 13324 302
1602 12003 378
1602 3788 856
1602 569 207
1602 2511 949
1602 12902 415
1602 1224 963
1603 3895 387
1604 8194 720
1604 11581 358
1604 6379 509
1604 5112 837
1604 2113 351
1605 13810 805
1605 14148 60
1606 6950 269
1607 8337 918
1607 4094 591
1607 10284 29
1607 12249 483
1608 14588 40
1609 9138 269
1609 1733 773
1609 2202 601
1609 10459 1
1609 13713 695
1609 13582 16
1609 14200 531
1610 12179 457
1610 15822 609
1610 4931 614
1610 1893 557
1610 12683 785
1611 15563 609
1611 13730 733
1611 3555 310
1611 1637 593
1611 9840 553
1611 5259 11
1612 13244 301
1612 13863 979
1612 157 221
1613 4365 298
1613 12920 192
1613 7776 525
1613 15891 294
1613 1245 278
1614 12874 684
1614 7240 888
1614 4159 549
1614 15214 959
1614 12946 630
1614 9954 465
1614 13608 450
1615 13892 935
1615 8476 546
1615 1552 393
1615 383 391
1615 8436 552
1615 8572 961
1616 8854 928
1616 10105 496
1616 3005 268
1616 12110 538
1616 108 344
1616 302 10
1617 9028 539
1617 6273 680
1617 14610 559
1617 3192 482
1617 6784 994
1618 13429 223
1618 5362 817
1618 1564 509
1619 5543 257
1619 6626 7
1619 13999 440
1619 526 341
1620 10003 728
1620 235 153
1621 9413 237
1621 8591 575
1621 15441 163
1621 7040 179
1622 14756 577
1622 5594 540
1622 6881 163
1622 6876 685
1623 13730 982
1623 286 87
1623 6624 845
1623 12599 62
1623 5816 489
1624 9846 820
1624 13634 529
1624 5827 896
1624 3075 221
1625 448 142
1625 15873 822
1625 12217 702
1625 7281 579
1626 3397 247
1626 4243 63
1626 7692 545
1626 15317 293
1626 7951 991
1626 638 92
1626 3084 542
1627 15610 419
1627 15784 382
1627 8014 49
1628 2904 431
1628 3870 454
1628 1343 209
1629 3506 393
1629 4037 103
1629 4992 698
1629 4583 458
1630 7630 638
1630 11690 230
1630 1939 978
1630 7920 374
1630 9272 113
1630 528 19
1631 9252 991
1631 15319 936
1631 2521 448
1632 4711 420
1632 1496 109
1632 12632 25
1632 2015 520
1633 10740 4
1633 12919 896
1633 9343 797
1633 15000 633
1634 10556 288
1635 13792 563
1635 715 3
1635 5628 710
1635 14823 404
1636 11636 667
1636 10716 933
1637 9987 415
1637 10061 765
1637 8822 657
1637 1968 531
1637 15083 899
1637 947 201
1637 14360 756
1638 1895 72
1638 3545 328
1638 15470 728
1639 10852 659
1639 15487 913
1639 2881 908
1639 12991 602
1639 13900 318
1640 7349 112
1640 4405 13
1640 3108 936
1641 11519 35
1641 8215 74
1642 7888 398
1642 8224 483
1642 2353 777
1643 14873 385
1643 14345 98
1643 2981 216
1644 2711 547
1644 9460 924
1645 2982 227
1646 15712 828
1646 14627 558
1646 12978 112
1647 11639 109
1647 15050 392
1647 8311 43
1648 3388 969
1648 1799 740
1648 9340 92
1648 3450 28
1649 265 729
1650 392 389
1650 902 994
1650 14747 122
1650 4650 616
1650 5175 327
1651 4605 744
1651 15863 282
1651 1002 75
1651 8005 871
1652 4217 274
1652 1396 609
1652 790 808
1652 8174 706
1652 3353 450
1652 769 287
1653 6004 683
1653 931 698
1654 13712 352
1654 7887 995
1655 11554 502
1655 8900 332
1655 14798 908
1655 11533 383
1655 6545 145
1656 575 425
1656 12046 473
1657 9663 338
1657 1023 386
1657 8923 819
1657 614 277
1658 11845 322
1658 4693 30
1658 1720 993
1659 1062 971
1659 2248 595
1659 11008 159
1660 9291 374
1660 1762 991
1660 610 962
1660 133 360
1661 944 115
1661 15975 441
1661 13368 614
1661 12023 52
1661 2122 469
1661 14798 742
1662 1619 870
1662 10989 264
1662 3016 299
1662 4769 103
1662 9048 584
1663 3033 845
1663 4334 914
1664 7171 245
1664 1662 226
1665 3667 532
1665 7661 499
1665 9714 638
1666 10220 800
1666 5872 251
1666 2619 578
1666 4421 183
1667 3889 423
1667 14860 146
1668 1481 32
1668 3830 980
1669 13312 491
1669 3156 4
1669 9190 101
1669 11957 860
1669 14750 322
1669 931 293
1669 12401 290
1669 6251 449
1670 6526 423
1670 5488 397
1670 8439 485
1670 2369 865
1670 2701 819
1670 6178 810
1670 14756 576
1670 6954 274
1670 12047 436
1670 11658 135
1671 9619 276
1671 2764 573
1671 4300 622
1671 11869 733
1671 13444 834
1671 5671 710
1672 4324 580
1673 3243 56
1673 3712 855
1673 14507 772
1673 15202 841
1673 15529 472
1673 12008 795
1673 10742 302
1673 7013 242
1673 5592 43
1674 6340 17
1674 13196 930
1674 2968 846
1675 5759 585
1675 2152 572
1675 12485 949
1675 10569 852
1675 15176 481
1676 7048 583
1676 11861 407
1676 3983 631
1676 4148 397
1676 11494 146
1677 14885 855
1677 1923 646
1677 9260 668
1677 14984 51
1677 7553 195
1678 10437 756
1678 1316 668
1678 9553 341
1678 2111 679
1678 13750 920
1678 15794 410
1678 12763 600
1679 11701 126
1679 6881 507
1679 15216 761
1679 9787 549
1680 4679 81
1680 2210 405
1680 14033 944
1680 12814 833
1680 1047 378
1680 14475 843
1681 9144 878
1681 11047 551
1681 4695 276
1682 7051 113
1682 15967 766
1683 14761 620
1683 15453 654
1683 1540 401
1683 4126 729
1683 648 819
1684 11246 384
1684 4865 41
1685 8936 136
1685 4580 795
1685 2736 35
1685 4306 220
1685 8895 782
1685 9441 826
1686 7452 513
1686 7326 807
1686 377 210
1686 15107 783
1687 14532 999
1687 7090 823
1687 384 415
1687 2939 487
1687 13899 16
1688 9257 426
1689 9349 810
1690 1099 634
1690 884 722
1690 9685 137
1690 11018 905
1691 8330 529
1691 7620 39
1691 15756 602
1691 126 173
1692 7038 313
1692 6993 545
1694 9998 900
1694 310 839
1694 5674 340
1694 14785 947
1695 12970 110
1695 14487 379
1695 12485 733
1695 7357 756
1695 11208 761
1696 3610 560
1696 8580 661
1697 3249 178
1697 1043 538
1698 11685 535
1698 5634 705
1698 12524 241
1698 4182 826
1698 9640 142
1698 1598 112
1698 5470 765
1699 12179 53
1699 1245 934
1699 8828 446
1699 7931 825
1700 10147 763
1700 1966 900
1700 4142 873
1700 11158 307
1700 10267 472
1701 8932 840
1701 12967 634
1701 10670 63
1702 14742 893
1702 4804 58
1703 11928 274
1703 8054 726
1703 11121 430
1704 14642 760
1704 2771 588
1704 6706 135
1704 15500 939
1705 6981 406
1705 8705 156
1705 15022 490
1705 15242 371
1705 4210 147
1705 3427 472
1705 13837 335
1706 15563 437
1707 14702 776
1707 3807 5
1707 856 660
1708 13556 511
1708 10927 439
1708 4809 494
1708 4591 520
1709 13395 533
1709 1740 952
1710 7762 159
1710 15421 436
1711 6379 315
1711 4507 26
1712 7708 280
1712 15918 26
1712 5955 420
1712 2090 884
1713 13139 678
1713 5799 42
1714 6700 114
1714 7988 838
1714 13065 126
1714 9158 730
1714 13971 520
1715 11548 82
1715 1119 870
1715 8888 703
1715 3621 651
1715 5680 644
1716 9746 370
1716 15118 273
1717 534 90
1717 9202 651
1717 15117 858
1717 11926 262
1718 2875 352
1718 8973 828
1718 15686 78
1718 6188 300
1718 10396 737
1718 2551 548
1718 8736 412
1719 10436 304
1719 4788 503
1719 63 700
1719 12539 48
1720 10307 198
1720 10329 82
1721 1078 979
1721 5796 932
1721 3286 476
1722 8088 797
1722 15064 344
1722 6537 832
1723 8878 685
1723 10037 794
1724 4780 453
1724 2694 442
1724 14159 369
1724 3018 238
1725 13593 570
1725 13126 777
1725 8370 150
1725 478 499
1726 14183 956
1727 1644 367
1727 3763 772
1727 4447 445
1727 5723 524
1727 1993 380
1727 12920 566
1727 15172 243
1727 4074 417
1727 10232 889
1728 7728 102
1728 8688 748
1728 6870 124
1728 124 617
1728 1226 449
1728 4554 30
1728 3678 619
1728 544 674
1729 4380 829
1729 14772 418
1730 9395 258
1730 4615 487
1730 398 386
1731 14069 418
1731 138 57
1732 12247 848
1732 3227 391
1732 5282 886
1733 13257 767
1733 7886 453
1733 8513 798
1733 4641 552
1733 6011 555
1733 14259 928
1733 13491 14
1733 13947 969
1733 15462 186
1734 15385 444
1734 14388 278
1734 4193 172
1735 10555 5
1735 8700 436
1735 5546 561
1736 10521 637
1736 3061 896
1736 9860 64
1736 8662 882
1737 7009 200
1737 3499 732
1737 13836 813
1737 3223 728
1737 117 812
1737 12138 374
1738 10537 731
1738 6473 543
1739 5163 594
1739 14379 987
1739 10526 261
1739 8833 739
1739 4666 882
1739 15297 934
1740 10515 281
1740 14110 209
1740 9736 823
1740 5868 364
1741 9759 437
1741 15782 999
1741 8886 404
1742 15871 945
1742 2356 257
1742 14793 768
1742 14858 132
1743 2441 503
1743 3903 229
1743 2173 154
1744 2399 491
1744 2628 915
1744 2088 581
1745 4620 188
1745 9105 407
1745 608 774
1745 14724 830
1746 895 30
1746 14444 187
1746 6708 565
1747 15268 841
1747 5175 898
1747 6823 224
1747 4162 22
1748 10237 814
1748 2769 188
1748 9156 178
1748 8302 250
1748 3773 678
1748 1742 425
1748 14644 724
1748 14976 531
1748 11821 845
1748 6406 978
1749 6144 295
1749 14964 207
1749 6328 479
1749 2064 344
1749 9689 815
1749 9392 879
1750 11464 163
1750 12933 630
1750 3563 384
1750 7468 730
1750 2834 675
1751 284 513
1752 2974 91
1753 8556 4
1753 1144 172
1753 14917 368
1753 3675 6
1753 1030 370
1753 5387 111
1753 8126 839
1754 6220 843
1754 8104 306
1754 12575 684
1754 1377 662
1754 9635 735
1754 15414 268
1755 1251 232
1756 8869 67
1756 1632 476
1756 15503 696
1756 12288 82
1757 12690 816
1757 15822 212
1757 3534 826
1758 12151 746
1758 7457 208
1758 12401 195
1759 7851 622
1759 9667 613
1759 2141 79
1759 7970 590
1759 10443 958
1759 9862 241
1759 10476 578
1759 6679 681
1760 10334 458
1761 8903 649
1761 13493 220
1762 11275 745
1762 607 713
1762 8380 709
1762 7032 937
1762 6555 901
1762 3883 343
1763 10887 13
1763 8746 114
1763 3733 286
1763 9052 114
1763 3601 452
1764 1519 71
1764 6996 765
1764 8049 345
1764 15320 819
1764 8104 985
1765 82 594
1765 10098 902
1765 6073 518
1765 6133 656
1765 9756 533
1765 14723 279
1765 1557 762
1766 4090 12
1766 5743 81
1766 10594 195
1767 553 64
1767 102 548
1767 15077 456
1767 6266 555
1767 12377 98
1767 8205 302
1768 2691 916
1768 9256 92
1768 280 139
1768 3527 405
1768 1753 568
1769 1538 133
1769 3883 698
1769 9318 417
1769 13240 746
1769 11179 234
1770 15703 697
1770 234 966
1770 2405 995
1771 4985 445
1771 7488 856
1771 7343 371
1771 3956 745
1771 5155 271
1771 3616 717
1772 15020 924
1772 155 831
1772 6157 313
1772 14961 918
1772 14323 444
1772 4412 619
1773 4912 6
1773 5035 865
1773 3652 879
1773 4184 821
1773 6296 306
1773 12794 379
1773 4666 502
1774 2305 544
1774 7538 976
1774 4681 412
1774 13222 700
1775 7523 926
1775 13982 774
1775 484 10
1775 7920 536
1776 12537 428
1776 8282 647
1776 1200 391
1776 8655 338
1776 1554 376
1777 12377 363
1777 10228 826
1777 4662 843
1777 1575 933
1778 1313 287
1779 8020 692
1779 7520 714
1779 8073 575
1779 13202 51
1779 14124 206
1780 838 321
1780 9958 893
1780 14846 101
1780 7233 71
1781 918 736
1781 10536 215
1781 1805 449
1782 257 551
1782 165 664
1782 12098 785
1783 14676 287
1783 13203 384
1784 15278 618
1784 10107 470
1785 10504 227
1785 6579 680
1785 3688 601
1785 9694 152
1785 9734 624
1785 12943 221
1785 15903 106
1785 14490 2
1786 10577 21
1786 5512 706
1786 4138 647
1786 10988 60
1786 14240 527
1787 2852 16
1787 3484 576
1787 534 949
1787 5433 23
1787 533 927
1788 5463 45
1788 3713 102
1788 7173 294
1788 5744 195
1788 3305 342
1789 3567 868
1789 7969 420
1789 12108 641
1789 6481 866
1789 3817 45
1789 3487 420
1789 8050 316
1789 11186 63
1790 2974 915
1790 5987 914
1791 6411 453
1791 1550 201
1791 683 179
1791 3899 441
1791 2511 559
1791 13201 304
1792 2070 851
1792 12616 284
1793 477 179
1793 4416 131
1793 8706 705
1793 12863 286
1793 12141 817
1793 7513 184
1793 274 733
1794 739 214
1794 4605 922
1794 5451 177
1794 14253 215
1794 15359 409
1794 14090 976
1795 4763 69
1795 11524 518
1795 5881 916
1796 4142 134
1796 14528 410
1796 10140 951
1796 1896 498
1796 1935 671
1797 3979 721
1797 6812 364
1798 1673 562
1798 8335 933
1799 15028 855
1799 9131 729
1799 4079 2
1799 1181 782
1799 5933 701
1800 12758 472
1800 3968 267
1800 7498 197
1800 3258 522
1801 6084 826
1801 10375 694
1802 9134 874
1802 6239 757
1802 9172 776
1803 662 141
1803 14725 99
1804 10414 522
1805 2439 512
1805 41 557
1805 7067 709
1806 12467 506
1806 7558 836
1806 8158 768
1806 1687 869
1806 12801 89
1807 14183 586
1807 15820 641
1807 9310 264
1807 10225 507
1807 4235 881
1808 44 789
1808 11565 379
1808 11846 256
1808 1643 407
1808 12792 42
1809 13742 987
1809 9652 743
1809 11468 526
1809 348 442
1810 10496 335
1810 14781 107
1810 11119 858
1811 12591 939
1811 15442 779
1811 12534 53
1811 9423 742
1811 4903 875
1811 10165 592
1812 15027 401
1812 6745 194
1812 15337 201
1812 8538 560
1812 8103 443
1813 8481 275
1813 3751 157
1813 7034 44
1813 5520 860
1813 805 238
1813 14786 444
1814 5217 362
1814 14361 14
1814 14393 754
1815 15287 688
1815 13869 695
1815 15368 674
1815 8302 777
1816 14544 766
1816 7427 523
1817 14808 408
1817 3953 56
1817 4495 498
1817 7621 162
1817 14345 805
1818 3625 423
1819 15205 832
1819 23 1
1820 3090 595
1820 13979 933
1820 3519 961
1820 7474 692
1820 1456 441
1821 4524 839
1821 8253 171
1822 4997 434
1822 3142 762
1822 11969 672
1822 7995 263
1823 3996 392
1823 163 948
1823 15594 968
1824 10721 318
1824 9502 753
1824 5084 851
1825 8742 976
1825 8096 953
1825 11484 660
1825 15787 775
1826 12773 597
1826 4149 746
1826 8978 123
1826 1441 670
1826 11948 745
1826 9663 147
1826 2745 57
1826 315 975
1826 3956 324
1827 6454 386
1827 12797 374
1827 11440 248
1827 1881 391
1828 9642 713
1828 937 97
1828 3521 959
1828 3424 708
1829 1230 288
1829 13861 680
1829 11399 618
1829 11742 923
1829 3233 886
1829 12318 121
1830 13022 842
1830 8444 435
1830 10288 128
1831 3146 903
1831 9495 897
1831 7453 51
1832 11961 429
1832 14974 789
1832 6239 387
1833 12140 973
1833 13274 332
1833 5677 508
1833 8008 318
1834 12587 100
1834 15598 795
1834 3698 851
1835 11257 789
1835 8781 881
1835 5145 376
1835 6570 357
1836 12405 702
1836 13539 917
1837 12686 913
1837 712 1000
1837 10430 458
1838 11366 564
1839 13463 906
1839 5510 484
1839 11855 72
1839 10377 799
1839 15677 524
1839 5506 102
1839 9881 694
1840 15029 479
1840 10319 152
1841 9952 268
1841 3777 99
1841 14732 459
1841 12081 37
1841 1811 283
1842 6353 959
1842 8319 578
1842 11280 334
1842 12480 122
1842 10226 748
1842 3516 627
1842 10937 815
1843 9217 924
1844 2394 949
1844 2352 682
1844 15092 711
1844 194 526
1845 1204 603
1845 13133 888
1845 4786 403
1845 14709 73
1845 9276 208
1846 4767 424
1846 3523 135
1846 1943 96
1846 14579 280
1846 14909 624
1846 12040 534
1847 7704 994
1847 9160 968
1848 14347 543
1848 2742 906
1848 15260 186
1848 1952 355
1848 3164 142
1849 2843 389
1849 3639 535
1850 1482 976
1851 5902 869
1851 11158 278
1851 5070 743
1852 15292 973
1852 2812 892
1852 15230 347
1852 7734 898
1853 12108 502
1853 2851 52
1853 4733 70
1853 6896 1000
1853 2188 317
1854 13522 977
1855 12477 178
1855 6126 638
1855 10967 457
1855 2585 381
1856 7813 101
1857 10994 426
1857 9662 854
1857 438 553
1857 7118 637
1857 2862 178
1857 1982 681
1857 15442 252
1857 4940 570
1858 7337 319
1858 15759 672
1858 4279 609
1858 9612 233
1858 6851 314
1858 1347 534
1858 15724 51
1859 7124 762
1859 7320 299
1859 14150 462
1860 13640 835
1860 11868 934
1860 11591 204
1860 7821 261
1860 6153 306
1860 9301 103
1861 7952 289
1861 15095 520
1861 11303 398
1862 10435 390
1862 2929 206
1862 10796 732
1862 12878 296
1863 13992 892
1863 11807 76
1863 13150 700
1863 2183 437
1864 1037 456
1865 5665 542
1865 4004 104
1865 5265 174
1865 5108 620
1866 15548 182
1866 11603 54
1866 14422 934
1866 2112 864
1867 4227 393
1867 3021 569
1867 14927 820
1867 10768 811
1867 6027 867
1867 15867 425
1868 15147 968
1868 10331 188
1868 15358 819
1868 15403 83
1869 14453 872
1869 5123 770
1869 5375 451
1869 7707 513
1869 616 146
1870 14961 824
1871 873 337
1871 6993 227
1871 1187 518
1871 12048 870
1871 12980 998
1871 8522 943
1872 13433 520
1872 10906 752
1872 4883 667
1872 10190 886
1872 15962 850
1873 10002 870
1873 3764 177
1873 3410 265
1873 15578 32
1874 8094 577
1874 6042 286
1874 2789 538
1874 1911 48
1875 8208 54
1875 9106 575
1876 4908 989
1876 14705 433
1876 9802 555
1876 687 749
1876 13027 223
1876 10239 684
1876 14624 531
1877 1627 89
1877 3101 151
1877 9989 543
1877 5016 640
1877 5826 832
1878 15806 372
1878 13669 309
1878 8083 57
1878 8009 120
1879 2587 921
1879 2144 155
1879 4341 119
1879 15970 359
1879 4298 198
1880 12526 657
1880 14567 908
1880 6813 643
1880 10489 802
1880 12283 735
1880 686 456
1881 15597 937
1881 1529 43
1881 8728 147
1881 10409 517
1882 781 6
1882 14492 703
1882 9077 315
1883 11369 754
1883 7795 750
1883 15077 965
1883 10352 682
1883 5098 235
1884 15533 997
1884 3728 675
1884 6183 689
1884 5448 35
1884 13418 35
1885 2581 369
1885 8756 124
1885 6929 312
1886 8936 115
1886 1988 986
1886 13753 24
1886 6925 539
1886 8874 956
1887 132 959
1887 11206 440
1887 9092 783
1888 7396 886
1888 15593 379
1888 12388 788
1888 5160 226
1889 14635 762
1889 14676 497
1889 9567 513
1889 10851 312
1889 1238 136
1889 9245 658
1890 12757 863
1890 12941 814
1891 10292 99
1891 807 318
1891 14481 453
1891 2532 668
1892 7527 808
1892 11232 610
1892 5798 716
1893 13639 226
1893 2598 717
1893 5892 944
1893 932 929
1893 5253 440
1893 15718 195
1893 3474 563
1894 12310 682
1894 10149 536
1894 6697 530
1894 6107 560
1895 8053 25
1896 9199 386
1896 5347 293
1896 10180 129
1897 9351 273
1897 2014 135
1897 782 848
1897 10487 791
1897 5922 521
1898 9743 352
1898 15028 844
1898 5883 684
1899 12749 98
1899 8525 369
1899 2530 753
1899 15923 718
1899 12806 235
1899 14174 657
1900 8266 591
1900 6409 534
1900 13331 240
1900 13298 492
1900 13710 915
1900 8659 892
1901 6659 461
1901 10592 258
1901 1778 66
1902 4790 119
1903 5920 640
1903 14007 822
1903 1145 780
1903 3252 400
1903 12447 559
1904 2278 36
1904 12636 754
1905 10675 412
1905 10492 184
1905 1209 334
1905 7708 539
1906 4981 259
1906 10696 158
1906 8809 677
1906 11316 719
1906 9689 341
1907 6337 545
1907 9550 875
1907 7105 325
1907 15835 981
1907 7574 639
1907 2726 611
1908 2765 585
1908 10015 430
1908 6535 768
1909 15821 696
1909 7511 569
1909 13086 136
1910 3529 422
1910 10269 429
1911 7369 358
1911 7325 465
1911 7551 221
1911 11958 723
1911 3912 560
1911 14403 603
1911 13431 283
1911 1289 193
1912 12044 829
1912 7504 886
1913 6446 140
1913 2941 386
1913 10556 576
1914 8711 421
1914 8667 755
1915 3817 909
1915 15994 939
1916 14459 578
1916 7880 206
1916 8499 750
1916 11022 339
1916 1683 902
1916 12621 984
1916 15834 434
1917 6428 961
1917 11837 359
1917 206 247
1917 2409 815
1917 3006 74
1918 6772 543
1918 915 856
1918 6569 813
1919 11496 520
1919 12364 55
1919 10376 961
1919 11819 610
1920 8220 105
1920 3565 165
1920 3130 197
1920 12175 440
1920 10019 948
1920 10757 632
1920 14410 162
1921 8850 148
1921 2282 710
1921 11971 270
1921 15695 800
1921 8960 845
1921 5131 638
1921 15569 389
1922 11371 237
1922 9453 885
1922 10498 641
1923 14647 703
1923 4699 241
1923 7196 291
1924 7003 704
1925 14915 177
1925 3195 832
1925 2430 510
1926 3249 212
1926 12348 166
1926 8001 410
1926 11044 472
1926 12811 631
1926 3290 483
1927 8732 683
1927 10538 586
1927 2201 17
1927 10002 476
1927 4787 842
1928 8531 921
1928 13185 678
1928 9299 204
1928 726 211
1928 11667 365
1928 3819 658
1929 10074 605
1929 2243 970
1929 14696 615
1929 12551 913
1929 2831 222
1929 591 607
1930 8909 442
1930 1237 194
1931 6825 689
1931 10984 585
1931 12160 789
1932 6172 393
1932 15580 718
1932 2654 688
1933 4570 202
1933 11265 613
1933 11729 969
1933 10977 862
1934 6881 69
1934 11600 258
1934 4126 422
1934 606 477
1935 8930 560
1935 12753 661
1935 1381 200
1936 13239 460
1936 1338 500
1936 12473 394
1937 5407 340
1937 10903 706
1938 13924 568
1938 7138 820
1938 7935 503
1938 6008 23
1939 7058 355
1939 15422 365
1939 9855 136
1939 3532 80
1939 6410 57
1940 2010 861
1940 10153 386
1940 10283 370
1940 7264 566
1941 1213 171
1941 9130 574
1941 14942 533
1941 448 429
1941 6001 874
1942 7863 738
1942 15996 556
1942 861 208
1943 9903 646
1943 7890 716
1943 11287 393
1943 10895 349
1943 2974 719
1944 8069 837
1944 15804 480
1944 4966 120
1944 9182 617
1945 5743 736
1945 9403 645
1945 5221 150
1945 9218 485
1945 15348 221
1945 4667 725
1945 9356 978
1946 6686 426
1946 6883 753
1946 45 897
1947 7128 403
1947 14318 312
1947 1441 364
1947 7982 859
1947 8826 998
1947 14763 305
1947 13218 819
1948 8694 137
1948 3223 808
1948 8341 16
1948 10022 709
1948 3804 963
1949 12358 590
1949 5347 107
1949 14654 131
1949 10532 718
1949 8496 129
1949 13545 791
1950 12166 337
1950 1911 345
1950 3893 909
1950 4375 937
1950 1711 422
1951 15124 621
1951 11919 376
1951 3437 962
1951 4027 617
1951 1709 1
1951 14268 41
1952 9921 69
1953 12887 436
1953 7431 545
1953 10951 81
1953 13886 524
1953 10097 998
1953 4273 233
1954 584 99
1954 12801 194
1955 830 866
1956 689 753
1956 15431 411
1956 10439 195
1957 5604 594
1957 13325 736
1957 1211 19
1957 10190 127
1958 12583 821
1958 7505 646
1958 14369 224
1958 8401 155
1958 9548 814
1958 9965 40
1958 6251 610
1959 10178 95
1959 9057 804
1959 7414 110
1959 13237 191
1960 14033 322
1960 7281 558
1960 10549 591
1961 2335 203
1961 9221 656
1961 5111 295
1961 813 952
1961 5050 129
1962 10959 970
1962 1668 200
1962 5253 4
1963 2951 657
1963 15798 39
1963 13739 596
1963 1822 988
1964 10953 255
1964 2157 697
1965 8468 711
1965 15766 795
1965 6767 109
1966 6995 469
1967 8449 439
1968 2167 835
1968 11110 5
1968 4019 681
1968 5604 199
1969 8288 860
1969 4727 560
1969 9002 889
1970 7785 576
1970 6222 55
1970 2916 988
1970 3637 918
1970 15790 1000
1970 12000 634
1971 3497 852
1971 9674 48
1971 8621 701
1971 12947 966
1971 4308 19
1971 15134 277
1972 1969 278
1972 1711 14
1972 1488 140
1973 6038 245
1973 7626 498
1973 14254 747
1973 9560 183
1973 15054 560
1973 14552 421
1973 6362 96
1974 3312 193
1974 4017 799
1974 11350 113
1975 4936 593
1975 6625 776
1976 15704 184
1976 14595 229
1977 2755 645
1978 10072 535
1978 7436 177
1979 1471 558
1979 9836 464
1979 15833 693
1979 9606 158
1979 8736 80
1979 10959 430
1980 14754 423
1980 3920 331
1980 14545 502
1980 10703 879
1981 9846 599
1981 11203 12
1981 1732 991
1981 11884 839
1982 4937 673
1982 2074 399
1982 7164 995
1982 14663 96
1982 7356 426
1983 11552 889
1983 9811 203
1983 13759 814
1983 1498 47
1984 10835 489
1984 5055 358
1984 12507 603
1985 4152 13
1985 9651 534
1986 6951 196
1986 8057 845
1986 12576 439
1987 11478 254
1987 5756 12
1987 640 713
1987 3791 918
1987 2522 487
1987 12979 539
1988 10887 425
1989 4735 276
1989 10368 906
1989 6845 28
1990 5236 985
1990 6300 728
1990 12282 71
1991 10487 611
1991 5176 936
1991 14928 424
1992 13473 838
1992 2274 827
1992 13331 28
1992 2485 698
1992 14177 104
1993 1151 371
1993 10726 121
1993 4667 547
1993 2344 598
1994 11452 922
1994 9070 95
1994 1190 824
1995 8878 680
1995 6495 55
1995 12021 363
1996 9438 229
1996 3458 478
1998 2785 121
1998 8161 111
1998 257 778
1998 14368 686
1999 501 663
1999 3025 15
1999 277 948
1999 3324 530
1999 5054 250
1999 999 324
2000 15842 805
2000 9511 207
2000 6087 998
2000 10347 141
2001 3816 707
2001 4008 636
2001 9789 890
2002 2831 963
2002 10087 572
2002 11890 987
2002 528 585
2002 516 192
2002 1910 195
2002 6091 540
2003 3394 247
2003 12085 203
2003 9119 900
2003 15211 136
2003 13168 2
2003 14305 718
2003 13061 999
2004 7871 944
2004 2310 938
2005 1540 883
2005 12765 492
2006 14108 911
2007 14387 321
2007 1168 425
2007 5176 857
2007 6965 298
2007 14647 159
2008 7503 368
2008 1189 785
2008 13755 429
2008 3630 628
2008 2341 55
2008 12574 69
2009 6505 937
2009 6130 987
2009 14576 396
2009 11838 295
2010 8404 223
2011 12479 202
2011 4683 59
2011 11561 63
2011 11885 317
2012 7141 114
2012 8994 961
2013 14120 261
2013 3478 268
2013 901 484
2013 14726 98
2013 1694 549
2013 1985 336
2013 3055 870
2013 8860 515
2014 11895 695
2014 10301 629
2015 8807 729
2015 8985 476
2016 1536 381
2016 10565 167
2016 15028 857
2016 1418 326
2016 13337 749
2016 4595 71
2017 3662 630
2017 11411 322
2017 14433 898
2018 13810 312
2018 13664 760
2018 2481 579
2018 15873 753
2018 14529 66
2018 14991 466
2019 9762 883
2019 6774 786
2019 13713 974
2019 15579 21
2019 3985 322
2019 4375 160
2019 8164 607
2020 14309 686
2020 11492 141
2020 14868 186
2020 8677 388
2020 2782 267
2020 7411 154
2020 12316 974
2020 7339 929
2021 6192 207
2021 1821 519
2021 1208 344
2021 1461 588
2021 5429 415
2021 15225 109
2021 9898 713
2021 12282 336
2022 8085 80
2022 9258 915
2022 5562 424
2022 5129 544
2022 2755 373
2022 10486 4
2023 363 189
2023 5466 606
2024 9653 892
2024 835 217
2025 1791 111
2025 7928 345
2025 3058 619
2025 6412 7
2025 250 676
2025 3778 826
2025 4364 110
2025 5017 704
2025 7215 321
2025 10539 798
2026 2501 938
2026 11 481
2027 9827 895
2027 3767 224
2027 6740 873
2027 15033 81
2028 1688 910
2028 14934 900
2028 1395 897
2028 3237 215
2028 6097 610
2029 33 18
2029 10819 51
2030 1675 456
2030 5664 69
2030 64 852
2030 8287 270
2031 13745 280
2031 941 700
2031 10777 124
2032 463 369
2032 1263 467
2032 10049 802
2032 1018 776
2032 11928 91
2032 8528 735
2033 12537 4
2033 8150 634
2034 4003 43
2034 12766 528
2034 11937 983
2034 3495 992
2034 15399 4
2034 10985 392
2034 594 668
2035 3971 869
2035 5251 226
2036 418 963
2036 7041 48
2036 1930 810
2036 3535 577
2037 12988 456
2037 1703 858
2037 3273 21
2037 5330 555
2037 4597 437
2038 14438 429
2038 14134 443
2039 4155 932
2039 15683 572
2039 6208 564
2040 7321 938
2040 192 563
2041 9248 619
2041 13298 23
2041 14938 889
2041 15774 305
2041 7249 16
2042 2976 358
2042 2518 622
2042 7551 198
2042 42 118
2042 9600 419
2043 12422 934
2043 7625 258
2043 12299 149
2043 12251 380
2043 10412 59
2043 6170 4
2043 7946 845
2044 5288 478
2044 12255 605
2044 6064 864
2044 15966 385
2044 12041 416
2044 6270 326
2045 14732 134
2045 14603 944
2045 7807 620
2045 5831 774
2045 13973 239
2045 4166 747
2045 4047 356
2045 11511 379
2046 11085 59
2046 5549 162
2046 6399 971
2046 7908 934
2046 8955 566
2047 14789 587
2047 12303 489
2047 7512 749
2048 7061 979
2048 898 100
2048 8079 504
2049 1537 387
2049 14015 371
2049 4989 378
2049 3803 713
2050 2603 208
2050 11160 902
2052 1779 709
2052 8429 512
2052 4872 936
2052 3893 959
2052 6495 972
2053 1147 240
2053 14204 857
2054 3122 846
2054 538 187
2054 7504 652
2055 12265 646
2055 11656 954
2055 4263 234
2055 5055 843
2055 9524 255
2056 7156 788
2056 5642 809
2056 2573 151
2057 15795 724
2057 13578 309
2057 6943 537
2057 2467 333
2057 13805 825
2058 372 621
2058 14436 517
2059 9982 178
2059 8772 125
2059 4479 731
2059 4317 644
2059 8162 285
2060 7648 311
2060 10894 432
2060 3658 96
2060 4173 715
2061 9215 192
2061 9720 508
2061 15596 970
2061 11218 35
2062 3488 701
2062 11818 714
2062 4694 22
2062 6057 332
2062 4040 922
2063 9239 290
2063 9713 305
2063 15639 283
2064 14025 926
2064 8914 245
2064 15367 465
2064 6417 329
2065 6920 287
2065 13751 170
2065 11172 407
2065 12144 764
2066 9475 810
2066 12844 58
2066 14838 707
2066 12034 303
2067 466 590
2067 15011 560
2068 7998 958
2068 5790 112
2068 10142 450
2068 1702 631
2069 1173 340
2070 13685 480
2070 14263 885
2070 13808 290
2070 8313 455
2071 5005 977
2072 15904 110
2072 5778 407
2072 4338 760
2073 6454 156
2073 482 385
2073 7662 360
2073 748 679
2074 6292 435
2074 10813 465
2074 4926 187
2074 9119 604
2074 12239 171
2074 10230 829
2074 12955 341
2075 9080 1
2076 13074 568
2076 7781 591
2076 610 235
2076 6195 282
2077 11807 73
2077 9729 185
2077 9795 394
2077 4152 801
2077 6527 820
2077 1591 886
2077 14821 801
2078 14724 110
2078 1846 985
2078 14244 902
2078 5713 307
2079 7613 572
2079 853 752
2080 12098 479
2080 10442 906
2081 11997 260
2081 5790 608
2081 13868 570
2082 1987 18
2082 7497 837
2082 14493 694
2082 2039 139
2082 5152 62
2082 10271 458
2083 6911 387
2083 7774 711
2083 12762 220
2083 7920 743
2084 12361 568
2084 14464 958
2085 8773 681
2085 2720 356
2085 14789 134
2085 5873 876
2085 2649 619
2085 12573 354
2086 3613 48
2086 15684 242
2086 4802 898
2086 14585 677
2086 14251 672
2087 3615 301
2087 9550 728
2087 7617 700
2088 1000 496
2088 8491 724
2088 13240 95
2089 10508 606
2089 15396 476
2089 8351 977
2089 1212 246
2090 33 987
2090 11217 238
2090 14339 370
2091 1509 299
2091 13084 453
2091 10443 599
2091 2557 28
2091 11697 947
2091 3642 92
2091 7718 827
2091 1367 704
2092 3296 688
2093 8876 819
2093 11789 187
2094 14118 479
2094 14401 170
2095 6307 243
2095 5941 703
2095 15496 251
2095 9999 673
2095 2448 437
2096 1068 173
2096 6792 4
2096 12074 357
2097 12668 868
2097 10435 5
2097 14821 284
2097 14267 720
2097 7661 587
2097 6749 289
2098 2929 984
2098 12871 681
2098 13478 647
2098 9761 691
2099 5639 134
2099 6472 390
2100 14440 373
2100 6945 41
2100 9556 363
2100 12938 969
2100 1983 812
2100 10462 81
2100 1819 130
2101 1064 554
2102 10263 491
2103 8693 119
2103 13181 444
2103 11298 481
2103 7881 529
2104 3319 24
2104 3326 58
2104 15810 296
2105 7089 868
2105 2384 555
2105 2170 357
2105 13793 733
2106 13435 122
2106 94 879
2106 15626 288
2106 12323 112
2106 5788 656
2107 5102 470
2107 2731 584
2107 3897 80
2107 15082 468
2107 4265 807
2107 15702 441
2107 1815 126
2108 10744 317
2108 3701 727
2109 9657 41
2109 11176 38
2109 3250 64
2109 7940 557
2110 11520 417
2110 10735 61
2110 15808 65
2110 9456 756
2111 2278 662
2111 11779 124
2111 4457 195
2112 7984 259
2112 13794 46
2113 9724 501
2113 14103 981
2113 15492 79
2113 13849 565
2113 15617 740
2113 14823 469
2114 12804 91
2114 6903 472
2114 3214 639
2114 9201 883
2115 3384 570
2115 456 282
2115 15413 354
2116 13342 889
2116 10297 877
2116 1564 395
2116 13453 448
2116 2465 822
2116 9949 175
2116 8114 933
2116 12398 827
2116 5385 383
2116 3017 430
2116 11901 248
2116 5584 883
2117 15036 972
2117 149 694
2118 14042 561
2118 313 627
2118 339 240
2118 989 685
2118 13300 656
2118 4258 798
2119 15088 483
2119 13653 355
2119 5977 416
2120 12440 980
2120 2218 10
2120 10981 357
2120 459 508
2121 2645 734
2121 3460 758
2121 6179 825
2121 9740 210
2121 5811 136
2122 7028 6
2122 1749 43
2122 8385 172
2123 5538 307
2123 8580 735
2123 10697 440
2124 8301 894
2124 14419 492
2124 4520 520
2125 11882 544
2125 2399 503
2125 13217 490
2127 1965 851
2127 2195 618
2127 86 200
2127 6103 950
2128 15487 137
2129 9769 834
2129 4049 133
2129 10863 812
2129 5381 576
2129 10890 992
2129 1858 435
2130 7958 34
2130 9504 445
2130 6121 581
2130 13417 692
2131 9765 696
2132 8348 191
2132 9653 816
2132 7108 312
2132 13904 591
2132 14443 369
2133 1178 332
2133 5280 204
2133 14965 455
2133 11419 516
2133 13972 204
2134 8474 191
2134 2410 803
2134 8833 573
2134 524 309
2135 15192 179
2135 14578 756
2135 8253 266
2136 1749 794
2136 6444 611
2136 11753 87
2136 14291 450
2136 10478 385
2137 4570 548
2137 11525 88
2137 169 92
2137 14123 854
2137 11480 670
2138 2377 245
2138 4071 157
2138 4596 864
2138 4818 260
2138 10411 377
2138 13481 376
2139 7812 191
2139 15471 103
2140 11008 638
2140 8122 327
2140 1431 556
2140 14183 730
2140 3132 158
2141 6812 941
2141 9602 965
2142 15357 294
2142 15215 393
2143 4081 773
2144 9016 563
2144 6425 576
2144 8617 54
2145 14307 43
2145 7693 286
2145 3732 500
2146 7261 993
2146 6226 30
2146 5982 118
2147 7767 937
2147 14393 476
2147 4167 939
2147 2298 978
2147 3389 575
2148 10595 799
2148 4209 901
2149 4667 760
2149 4996 772
2149 14951 327
2149 2635 966
2149 6739 916
2150 15104 945
2150 7113 276
2150 8959 45
2150 2226 771
2150 6641 368
2151 8058 589
2151 6164 144
2151 9065 766
2151 12265 716
2151 13169 279
2151 11427 142
2152 13009 167
2152 13162 591
2152 3083 962
2152 7665 942
2152 14141 983
2153 6649 410
2153 14773 422
2154 12228 19
2154 14650 44
2154 8452 87
2154 11766 176
2155 14781 574
2155 14190 957
2156 15240 887
2156 7512 316
2157 1059 300
2157 14413 690
2157 11818 772
2157 14853 449
2158 2738 909
2158 11656 736
2158 1029 278
2158 9353 455
2159 13069 115
2159 14432 867
2159 11641 22
2160 7677 5
2160 6958 535
2161 6973 730
2162 10913 421
2162 10789 975
2162 10058 234
2163 493 822
2163 3077 350
2163 6792 913
2163 7469 740
2163 15114 540
2163 10159 907
2163 438 151
2163 2987 925
2164 1685 254
2164 15037 250
2164 8722 581
2164 2786 804
2164 11283 425
2164 2721 649
2165 15952 241
2165 4994 418
2165 14999 446
2165 4522 936
2166 8211 955
2166 9358 918
2166 7178 512
2166 4701 609
2167 9312 21
2168 14681 450
2168 5314 684
2168 129 888
2168 15759 874
2168 4710 334
2168 7358 714
2170 11511 645
2170 9939 590
2170 8648 393
2170 7364 325
2171 15877 592
2171 7069 588
2172 11846 772
2173 1633 965
2173 15619 488
2173 3358 993
2174 6223 812
2175 2884 751
2176 1472 241
2176 3913 566
2176 5236 22
2176 11019 175
2176 9427 745
2177 5685 845
2178 7358 447
2178 8316 872
2178 5260 393
2178 9945 42
2178 13397 229
2178 3749 719
2179 14672 245
2179 11264 516
2179 4297 513
2179 9161 350
2179 7959 920
2179 4344 497
2179 6688 828
2179 8294 502
2180 3107 598
2180 1994 495
2180 10978 366
2180 11900 397
2180 13977 123
2180 8246 422
2181 11038 381
2181 23 277
2181 15242 528
2181 1900 453
2181 15474 285
2182 9502 217
2182 2795 927
2182 13245 641
2183 1918 1
2183 9596 337
2184 8201 584
2184 11583 748
2185 6910 935
2185 6766 80
2185 1299 433
2185 6932 478
2186 10314 236
2186 3364 474
2186 1221 90
2186 9938 910
2186 1712 234
2186 1309 442
2186 7304 621
2186 13428 687
2187 5987 218
2187 7670 326
2187 2265 671
2187 2437 979
2187 3348 483
2187 3952 916
2187 9928 946
2188 12834 413
2188 12426 508
2190 4584 34
2190 13597 669
2191 11123 981
2191 12068 354
2191 14584 192
2192 936 823
2192 14103 302
2192 15331 688
2192 2460 808
2193 9489 221
2193 4694 752
2193 2486 600
2193 9777 857
2193 1542 729
2193 11562 875
2193 9327 651
2194 6324 883
2194 9470 108
2194 2938 400
2195 13406 193
2195 4857 891
2195 5797 342
2195 12531 991
2196 4173 655
2196 12464 422
2197 253 676
2197 13016 317
2197 9207 625
2197 10016 246
2198 3356 537
2199 13140 397
2199 1940 121
2199 2463 214
2200 13669 781
2200 12754 197
2200 7950 821
2200 6776 863
2200 4803 66
2201 4606 167
2201 3452 787
2201 3994 163
2201 4562 507
2202 6632 151
2202 10579 505
2203 14318 124
2203 15500 748
2203 8281 308
2204 1212 180
2204 12164 22
2204 669 840
2204 9884 523
2204 8226 739
2204 5368 443
2204 2921 996
2204 14310 75
2204 8778 497
2205 13510 448
2205 13629 784
2206 1479 25
2206 5841 409
2206 1471 584
2206 10430 430
2207 1003 243
2207 7126 701
2207 15446 359
2207 8204 141
2207 2878 581
2207 1136 668
2207 11022 143
2207 10656 539
2208 8246 364
2208 15151 682
2209 12610 928
2210 9419 637
2210 9211 731
2210 13026 971
2210 5556 870
2210 5145 603
2211 1052 701
2211 1871 939
2211 7124 36
2211 7906 143
2212 6250 583
2212 14658 464
2212 13796 662
2213 12890 651
2213 6898 773
2213 11811 762
2214 14672 996
2214 7925 838
2214 7176 621
2214 12651 163
2214 375 598
2215 15339 978
2215 7188 278
2215 3318 506
2215 8717 288
2215 6670 968
2215 7458 951
2216 11660 635
2216 6777 47
2216 263 734
2216 10638 779
2217 668 514
2217 2206 977
2218 8116 755
2219 3510 397
2219 8819 368
2219 9625 49
2219 1369 164
2220 10891 918
2220 1665 531
2221 808 229
2221 10531 69
2221 4943 87
2222 3288 52
2222 14822 480
2222 14598 170
2222 3428 108
2223 9264 660
2223 15540 812
2223 13567 149
2223 14333 447
2225 9755 243
2225 6273 658
2225 4610 28
2226 13955 700
2226 2620 226
2227 12265 801
2228 9218 253
2228 8957 495
2228 5451 985
2229 9145 204
2229 7062 26
2229 169 545
2230 9616 148
2230 13297 818
2230 10681 471
2230 5109 908
2231 2030 822
2231 13340 537
2231 11958 664
2232 11610 132
2232 14526 929
2232 3287 930
2232 14814 741
2232 5516 573
2232 3417 172
2232 12600 301
2233 6506 938
2233 14860 391
2233 13935 566
2234 13065 268
2234 4010 297
2234 1881 959
2234 7445 44
2234 860 581
2234 1620 941
2235 10070 612
2235 6021 552
2235 2815 124
2236 1546 733
2236 2872 64
2236 12913 575
2236 6343 293
2236 13611 975
2236 4212 435
2236 379 867
2236 12154 451
2236 2944 994
2236 7760 88
2237 6213 347
2237 2970 136
2237 5854 12
2238 13258 528
2238 3258 113
2239 4437 255
2239 9997 155
2239 1192 237
2240 12456 857
2240 6214 125
2240 5802 879
2240 6490 96
2241 2677 582
2241 8520 353
2241 4070 62
2241 744 376
2242 13886 750
2242 8421 915
2243 14164 641
2243 7266 251
2243 15537 682
2243 4057 100
2244 8411 986
2244 5075 889
2244 2093 524
2244 873 702
2244 10935 304
2244 5434 626
2245 15223 626
2245 8674 1
2245 11266 466
2245 3668 553
2245 14377 107
2246 15884 67
2246 6305 195
2246 1994 819
2246 7288 161
2246 11834 965
2246 8515 668
2247 2086 375
2247 4516 523
2248 7878 331
2248 12100 223
2248 13771 509
2248 1995 900
2248 12941 52
2249 5354 310
2249 14875 589
2249 10593 644
2249 5985 246
2249 6224 793
2249 9515 764
2250 773 732
2250 15807 15
2250 3590 360
2250 13323 34
2250 4083 682
2250 14208 883
2251 15988 26
2251 7421 956
2251 8411 50
2251 6175 664
2251 14671 858
2252 7431 607
2252 9164 92
2252 11978 975
2252 11834 699
2252 12735 465
2252 8672 866
2253 4645 118
2253 15136 191
2253 9470 165
2253 6518 607
2253 4 11
2253 9722 208
2254 7678 744
2254 877 524
2254 8736 570
2254 1421 16
2254 9742 456
2254 980 841
2256 7751 226
2256 8435 236
2256 6433 76
2256 3088 156
2256 13026 534
2256 9783 205
2256 7033 229
2256 1880 867
2256 2281 172
2256 4410 9
2256 14417 37
2257 13650 491
2257 4203 777
2257 3122 503
2257 3152 327
2258 13953 225
2258 8690 942
2258 5738 316
2258 13715 280
2259 11870 947
2259 2714 156
2259 6679 341
2259 5420 204
2259 13760 973
2259 1789 870
2260 7380 333
2260 12701 388
2261 10598 798
2261 10366 684
2261 11515 940
2261 5319 155
2261 6330 284
2261 365 596
2262 3599 832
2262 6250 197
2262 4591 124
2262 3063 679
2262 4399 980
2262 12531 2
2262 12915 785
2263 4065 798
2264 7209 898
2264 3663 961
2264 14171 443
2265 8325 311
2265 13908 158
2265 3431 162
2265 13765 284
2265 14652 567
2265 14276 44
2265 5868 444
2265 98 855
2265 2675 64
2265 12680 401
2266 2545 172
2266 7137 276
2266 7257 198
2266 5917 906
2266 472 724
2266 6227 812
2266 2123 27
2266 3519 275
2266 6562 265
2267 5392 996
2268 14161 749
2268 9505 964
2268 14153 642
2268 11534 404
2268 10341 974
2268 2937 462
2269 811 475
2269 3087 484
2269 15467 52
2270 12982 18
2270 9276 345
2270 6235 631
2270 7288 608
2270 8800 473
2271 11091 143
2271 4791 690
2271 11653 590
2271 8696 417
2271 3310 5
2271 10116 341
2271 8110 923
2271 1124 668
2272 6917 739
2272 4901 529
2272 1698 75
2272 8603 953
2272 8433 15
2272 2750 825
2273 12914 892
2273 15932 958
2273 15806 2
2273 800 849
2274 12913 323
2275 10896 487
2275 650 563
2275 13468 519
2275 1681 38
2275 12117 379
2276 8733 50
2276 6843 552
2276 3262 76
2277 5838 398
2277 12539 937
2277 13827 946
2277 11455 453
2277 7644 401
2278 8314 837
2278 4220 508
2279 12907 140
2279 14063 114
2280 10944 689
2280 9194 244
2280 322 563
2281 3814 377
2281 14266 291
2281 4999 197
2281 5830 653
2282 11195 355
2282 8553 511
2283 5628 909
2283 2085 950
2283 2733 95
2283 11487 184
2283 10348 229
2283 194 670
2284 13768 117
2284 7956 759
2284 2261 154
2284 1238 360
2284 11134 404
2284 2174 100
2284 1552 877
2285 11062 846
2285 3841 582
2286 10721 159
2286 1241 8
2286 10381 254
2287 12785 434
2287 2534 427
2287 10730 715
2287 460 689
2287 1225 270
2287 2754 406
2289 9804 267
2289 15869 734
2289 6440 376
2290 8549 722
2290 6173 320
2290 12483 318
2290 13677 387
2290 2233 232
2290 4699 22
2290 5434 44
2290 697 85
2291 9258 191
2291 812 466
2291 11317 916
2291 14248 722
2291 2142 217
2291 9519 703
2291 2721 563
2291 1907 19
2292 12976 715
2292 11283 745
2292 15916 357
2293 8954 842
2293 15318 806
2293 12682 907
2294 4454 844
2294 7473 641
2294 13271 451
2294 14519 786
2294 13099 165
2294 8714 605
2294 8652 117
2294 5365 665
2295 10693 984
2295 12822 674
2295 2851 959
2295 6728 381
2295 2755 198
2295 15460 25
2295 14607 552
2295 4565 381
2295 4783 504
2296 12544 427
2296 8890 418
2296 10546 877
2296 14772 13
2297 440 230
2297 9134 312
2299 1280 256
2299 14308 201
2299 6416 522
2300 3707 871
2300 9019 421
2300 7894 844
2300 14356 900
2300 8076 463
2300 5039 998
2301 8574 285
2301 14423 689
2301 13977 684
2301 2250 897
2301 13106 603
2301 636 380
2302 486 963
2303 14417 859
2303 450 41
2303 15508 562
2303 10682 99
2304 12325 304
2304 9454 755
2304 764 703
2304 8277 364
2305 1743 22
2305 9553 375
2305 14314 531
2305 10882 614
2306 2764 721
2306 13830 310
2306 13864 835
2307 5581 815
2307 15778 831
2307 9478 131
2307 3411 467
2308 13877 489
2308 1746 910
2308 3356 394
2308 9806 751
2308 11765 210
2308 13984 617
2309 10062 332
2309 3393 16
2309 4817 840
2309 10201 301
2310 10667 333
2310 7850 912
2311 680 588
2312 10398 65
2312 10868 623
2312 5962 78
2312 2963 803
2313 4294 473
2313 6296 165
2313 6011 503
2313 12430 140
2313 8139 418
2313 1389 226
2313 7076 618
2314 13851 412
2314 11370 785
2314 4807 404
2314 3697 707
2314 15614 388
2315 15749 38
2315 12871 525
2315 2650 17
2315 97 615
2316 360 915
2316 10038 944
2316 6384 157
2316 658 930
2316 9349 654
2316 5584 495
2317 9734 888
2317 10500 32
2317 13265 593
2317 8070 309
2317 6022 638
2317 15258 430
2317 6105 61
2317 10882 938
2318 7246 92
2318 12285 763
2318 5238 441
2318 10821 314
2318 3055 137
2318 3424 96
2319 2236 95
2319 5027 209
2320 486 443
2320 7238 781
2320 9671 814
2321 15283 244
2321 3995 129
2322 3428 733
2323 2483 117
2323 221 757
2323 392 777
2323 14876 821
2323 15814 748
2324 5886 464
2324 12785 88
2324 5331 604
2324 3186 568
2324 11028 448
2324 7842 349
2325 10260 475
2325 3263 224
2325 833 311
2325 15520 102
2326 3256 774
2326 6641 365
2326 1061 971
2327 982 565
2327 15616 973
2327 2697 526
2327 4220 446
2327 4232 838
2327 14520 221
2327 11984 52
2327 9096 855
2327 9537 781
2328 5783 230
2328 14528 783
2328 14446 297
2328 10001 453
2329 10569 431
2329 6670 886
2329 14345 519
2329 3537 88
2329 5187 897
2329 12683 87
2329 15132 604
2331 7860 861
2331 4500 680
2331 12243 495
2331 1874 916
2331 5166 579
2331 11095 144
2331 1789 811
2332 15641 949
2332 9796 918
2332 3410 615
2332 14771 356
2332 2999 775
2332 3489 570
2333 12737 216
2333 10305 131
2333 809 409
2334 4637 707
2334 13587 486
2334 1264 806
2334 1046 47
2334 15576 48
2334 11631 625
2335 4667 447
2335 12302 909
2335 13842 228
2335 13725 468
2335 12439 456
2335 15963 49
2336 4449 131
2336 354 962
2336 10747 281
2336 8941 380
2336 14982 30
2336 1145 887
2336 8089 396
2337 3781 742
2337 362 56
2337 9640 843
2337 1509 213
2337 6931 57
2337 8841 352
2338 10109 615
2338 7013 56
2338 15551 422
2338 13914 229
2338 8068 319
2338 9314 895
2339 8316 307
2339 1346 910
2339 3549 793
2339 13777 673
2339 4261 310
2339 13571 278
2339 14252 208
2339 14445 127
2340 5910 759
2340 8629 963
2340 8903 932
2340 7137 342
2340 10418 567
2341 4146 842
2341 11761 891
2341 7753 813
2341 2192 860
2342 11946 423
2342 11295 684
2342 8762 240
2342 14968 460
2343 10949 387
2343 4368 535
2343 9866 248
2343 14773 179
2344 4718 652
2344 8242 577
2344 6019 61
2345 7094 434
2345 6312 295
2345 1925 835
2345 10564 715
2346 7633 97
2346 8829 292
2346 14858 250
2346 11023 294
2346 14795 8
2346 3974 894
2346 11400 947
2346 8255 738
2347 15878 6
2347 11990 805
2347 13230 595
2347 9283 769
2349 5712 17
2349 338 449
2349 2887 308
2350 1367 41
2350 3406 206
2350 11713 271
2350 2407 551
2350 14367 136
2350 5098 993
2351 7814 876
2351 13025 372
2351 984 292
2351 14478 532
2351 2433 694
2352 8297 160
2353 8157 170
2353 4559 863
2353 14339 950
2353 2708 637
2353 15259 384
2353 4689 923
2354 10034 678
2354 6100 310
2355 14897 261
2355 7966 222
2355 1744 373
2355 4228 692
2355 8427 600
2355 9889 431
2355 3313 824
2355 10765 644
2356 5199 136
2356 14369 926
2356 12081 179
2356 15493 363
2356 9691 22
2357 4796 174
2357 13793 504
2357 4253 913
2357 7955 453
2357 4891 769
2358 14806 556
2358 8637 359
2358 15502 844
2358 12427 632
2358 10366 14
2358 14311 271
2358 9467 257
2359 10472 174
2359 12222 477
2359 15679 683
2359 10499 441
2359 8541 940
2359 13793 419
2360 695 556
2360 8133 773
2360 5570 674
2360 3585 633
2360 5709 418
2360 1534 665
2360 3555 822
2360 9615 765
2360 6733 465
2360 10929 447
2361 9778 670
2361 13991 154
2362 1180 363
2362 7371 680
2362 15722 746
2363 10630 985
2363 7725 445
2363 3405 583
2363 8873 757
2363 964 289
2363 1133 30
2363 10302 812
2364 9161 126
2364 7918 770
2364 6551 961
2364 10602 220
2364 8732 384
2364 15714 414
2364 9527 695
2364 3376 738
2364 10963 695
2365 11228 62
2365 10854 366
2365 14240 291
2366 2213 230
2367 9444 940
2367 1678 7
2367 6579 779
2367 1340 241
2367 7381 575
2367 7163 153
2368 15747 649
2368 3353 651
2368 3264 964
2368 6099 496
2368 11125 763
2368 4857 3
2368 11773 367
2368 5139 703
2368 12231 165
2368 4794 796
2369 2866 780
2369 10345 71
2369 5272 959
2369 798 264
2369 9611 233
2369 5752 959
2370 7490 660
2370 15044 272
2371 12459 158
2371 2497 523
2372 5415 542
2372 12771 203
2372 8731 178
2372 4910 247
2372 11655 667
2373 1451 719
2373 2156 789
2373 3511 9
2373 13857 468
2373 15210 531
2373 3865 306
2374 3704 414
2374 9860 290
2375 2805 163
2375 1712 837
2375 4832 88
2375 595 286
2375 12490 283
2376 10288 758
2376 11427 736
2376 6901 48
2376 15008 413
2376 9302 206
2376 4526 200
2376 3486 432
2377 14431 485
2377 4385 767
2377 3225 396
2377 13832 114
2377 6261 889
2378 10070 561
2379 13364 165
2379 3334 202
2379 9311 86
2379 4331 115
2379 8077 715
2379 14243 109
2380 8896 128
2380 7888 915
2380 10409 14
2380 6832 638
2380 2983 857
2380 7989 613
2381 2852 10
2381 419 937
2381 14502 307
2381 9127 207
2381 5855 165
2381 15451 685
2382 13680 924
2382 12005 746
2382 6510 257
2382 5178 436
2382 631 442
2382 14275 718
2382 2725 561
2382 4506 708
2382 10014 992
2383 5740 94
2383 7891 250
2383 4436 34
2383 955 305
2384 2850 26
2384 4587 729
2384 1791 627
2384 5326 262
2385 11959 438
2385 3413 142
2385 13529 299
2385 6134 754
2385 2614 864
2385 2899 125
2386 1183 646
2386 4571 99
2386 1424 5
2386 6178 1
2387 6989 122
2387 14374 558
2387 9863 794
2388 12888 865
2388 13111 452
2389 11312 105
2389 1474 26
2389 5569 188
2389 5496 403
2389 1990 819
2389 8206 7
2389 7152 606
2390 14121 808
2391 1437 802
2392 4692 336
2392 14949 470
2392 4951 710
2392 12471 93
2392 14019 800
2392 7357 26
2392 9843 275
2392 13604 931
2393 9125 850
2393 660 991
2393 1038 441
2393 12982 42
2393 12740 727
2394 3752 937
2394 14624 243
2394 14536 478
2394 1320 910
2394 11833 146
2394 1596 115
2394 10288 758
2394 2946 6
2394 14175 74
2395 6881 788
2395 915 972
2396 8325 241
2396 1885 723
2396 12116 943
2396 976 335
2397 11345 659
2397 4116 857
2398 8054 336
2398 9170 999
2399 9406 391
2399 11992 240
2399 6582 881
2399 10261 465
2399 9730 671
2399 3072 747
2399 6423 359
2399 12547 68
2399 10923 143
2400 14497 592
2401 8368 974
2401 14155 591
2401 5323 657
2402 10099 868
2402 8458 406
2402 1861 174
2403 8252 612
2403 14769 828
2403 174 343
2403 7234 994
2403 9328 396
2404 15963 925
2404 5443 152
2404 5717 496
2404 11341 119
2404 1549 556
2404 11119 544
2405 15423 885
2405 7517 183
2406 1814 67
2406 8242 850
2406 565 148
2407 11181 174
2407 193 663
2407 6524 128
2407 6380 270
2407 794 326
2407 11883 402
2407 8789 772
2408 3718 470
2408 5237 275
2408 12456 465
2408 4515 371
2408 13246 463
2409 7185 795
2409 13261 886
2409 11599 84
2409 951 12
2410 489 918
2411 7015 835
2411 1183 445
2411 5114 281
2412 9506 807
2412 9026 607
2412 6170 939
2412 2426 263
2412 4475 18
2412 8007 30
2413 8189 408
2413 7239 614
2413 3627 498
2413 3817 914
2413 3348 41
2413 2830 658
2414 1338 819
2414 6641 560
2414 3422 699
2414 10313 767
2414 5644 752
2415 12602 78
2415 9992 685
2415 9091 152
2416 288 955
2416 173 741
2416 1671 762
2417 3089 547
2417 12370 178
2417 3191 813
2417 7175 718
2417 14202 768
2417 14403 56
2417 8549 427
2418 14244 440
2418 14351 731
2418 8039 974
2418 14400 311
2419 3489 568
2419 7175 882
2419 4913 444
2419 5919 984
2420 8621 190
2420 12101 10
2420 4085 683
2421 13858 307
2421 13342 791
2422 12411 702
2422 3696 384
2422 10258 246
2422 6992 760
2422 8840 125
2422 13602 405
2424 607 447
2424 5574 975
2424 12615 618
2424 8242 795
2424 359 376
2424 3491 758
2424 11388 841
2425 12214 355
2425 9609 835
2425 12970 873
2425 7145 235
2425 9561 42
2426 10028 694
2427 7987 39
2427 14297 560
2427 841 897
2428 12888 144
2428 13756 716
2428 11829 729
2429 3098 742
2429 9512 684
2429 13741 165
2429 8595 121
2429 5305 67
2429 11115 975
2430 8136 438
2430 10907 562
2431 13695 348
2431 12144 910
2432 13183 334
2432 7656 13
2432 2275 551
2433 15097 38
2433 611 43
2433 4414 382
2434 13807 723
2434 12924 114
2434 12424 853
2435 13020 976
2436 10763 2
2437 1090 216
2438 9087 364
2439 1639 717
2439 4855 105
2440 9659 588
2440 2173 679
2440 10666 692
2440 2694 462
2441 6474 601
2441 2493 857
2441 13007 53
2441 8685 287
2441 6998 306
2441 1542 672
2442 10332 615
2443 2401 633
2443 9692 769
2443 7673 808
2443 13739 247
2443 11163 914
2443 7789 166
2443 12301 688
2443 10113 973
2444 15466 125
2444 4453 330
2444 4070 588
2445 8710 222
2445 9116 562
2445 759 225
2445 10776 15
2446 10869 587
2446 11710 502
2446 1889 106
2446 13676 224
2446 271 894
2446 14286 507
2447 506 799
2447 15977 631
2448 2034 121
2448 10969 573
2448 8640 896
2448 6959 284
2448 957 482
2449 1262 420
2449 2394 988
2449 9206 589
2449 2322 347
2449 10296 454
2449 15875 449
2449 3452 948
2449 13576 209
2450 14521 22
2451 10531 235
2451 15886 1000
2451 656 422
2451 3288 552
2452 9219 13
2452 1041 916
2452 7705 641
2452 7068 508
2452 12413 65
2452 6413 34
2452 12300 689
2452 10353 128
2453 923 362
2453 6453 793
2454 9016 871
2454 8529 827
2454 9850 992
2454 14495 47
2454 5975 990
2454 3196 706
2454 13135 377
2455 8935 897
2455 12435 845
2455 11839 325
2455 1352 80
2455 1656 139
2455 2689 74
2455 9534 261
2455 12940 356
2456 5012 811
2457 4506 889
2457 473 816
2457 9894 877
2457 2582 970
2457 13968 850
2458 15338 723
2458 9367 523
2458 1708 137
2458 10687 743
2458 599 277
2459 280 436
2459 1332 480
2459 5214 518
2460 843 809
2460 8117 659
2460 6301 704
2461 7989 661
2461 6474 219
2461 8544 982
2461 6780 941
2461 6047 271
2462 4194 448
2462 7543 864
2462 4340 262
2463 11371 533
2463 14157 583
2463 7833 410
2463 12812 799
2464 9538 713
2464 814 244
2464 5457 319
2464 607 286
2464 6107 355
2464 4092 431
2464 4495 543
2464 8587 643
2465 1477 61
2465 9858 935
2465 9709 236
2465 15237 674
2466 14658 708
2466 7822 988
2466 12459 631
2466 5679 865
2466 10271 840
2467 8735 926
2467 2542 688
2467 8962 774
2467 12572 176
2467 15256 30
2467 12769 364
2467 13894 190
2468 8929 905
2468 13940 802
2468 1158 509
2468 6407 302
2468 11375 662
2468 13049 768
2469 12499 371
2469 3808 969
2469 995 837
2470 7697 101
2470 12546 265
2470 10692 876
2471 10053 568
2471 4009 30
2471 10668 476
2471 240 73
2471 10295 114
2471 12220 381
2471 8821 534
2471 13140 988
2472 4536 463
2472 13498 917
2472 10620 495
2472 14277 87
2473 9948 72
2473 1600 114
2473 3896 117
2473 2450 776
2473 14026 412
2474 14738 735
2474 7668 21
2474 8132 283
2474 6801 350
2474 4822 152
2475 11987 534
2475 2462 448
2475 1493 627
2476 1919 977
2476 15699 713
2476 2616 194
2476 14112 321
2477 8745 806
2477 6248 336
2477 10047 812
2477 11825 857
2477 5496 463
2477 10156 158
2477 269 916
2477 322 283
2478 8956 549
2478 14701 358
2479 5716 924
2479 11054 508
2479 3341 958
2480 10378 170
2480 10495 973
2480 15792 541
2480 5372 486
2480 9321 210
2481 11694 943
2481 6849 771
2481 13688 756
2482 14183 399
2482 9607 909
2482 11423 359
2483 4436 384
2483 6313 377
2483 8306 378
2483 11978 819
2484 4330 73
2484 11162 961
2484 1127 32
2484 10502 487
2484 10649 149
2484 14946 398
2484 2580 334
2484 4950 58
2484 14325 96
2485 12400 137
2485 11379 738
2486 3107 644
2486 10523 833
2486 14949 422
2486 9310 616
2487 1834 885
2487 5006 293
2487 12222 521
2487 15039 745
2487 1760 592
2487 4875 824
2487 9410 539
2488 11164 276
2488 5615 212
2489 8355 290
2490 351 597
2490 2829 493
2490 13420 992
2490 7684 474
2491 8904 433
2491 13030 756
2491 12707 931
2492 2083 227
2492 14694 267
2492 9984 879
2492 11125 931
2492 15468 16
2493 4587 880
2493 560 3
2493 11506 155
2493 9974 161
2494 2309 892
2494 1816 757
2494 8313 659
2494 9826 828
2494 13773 821
2494 2764 659
2495 12538 976
2495 4179 910
2495 14558 897
2496 7727 445
2496 13564 695
2497 12987 41
2498 8396 66
2498 5605 156
2498 1616 639
2498 14464 304
2499 4994 652
2499 14606 555
2499 8965 850
2499 1921 895
2499 3581 982
2500 1108 450
2500 5521 5
2500 9418 608
2501 13280 981
2501 15537 388
2501 10174 487
2501 13887 308
2501 2360 602
2501 15140 682
2502 11955 893
2502 12948 256
2502 4905 634
2502 9046 85
2502 3840 430
2502 15778 951
2502 8378 873
2503 6103 678
2503 15290 760
2503 7896 846
2503 757 878
2503 12063 364
2504 3269 290
2504 13855 371
2504 8325 378
2504 14890 67
2504 5996 523
2504 3879 396
2505 3759 154
2505 2659 179
2505 9355 762
2506 11733 681
2506 15156 920
2506 2252 566
2506 1087 58
2507 2329 108
2507 2423 237
2507 12945 134
2507 14461 662
2508 1945 355
2508 13063 364
2508 1314 500
2508 9657 429
2509 12644 781
2509 3872 43
2509 884 312
2509 5821 323
2509 1285 206
2510 10066 243
2510 1509 987
2510 8185 683
2510 11136 435
2510 5825 973
2511 15656 195
2511 4209 53
2512 1814 687
2512 7115 703
2512 8106 734
2513 8646 69
2513 9979 982
2513 13280 963
2513 7996 49
2514 8285 239
2514 9266 7
2514 6957 745
2514 2793 875
2514 11308 560
2514 1781 34
2515 2074 227
2515 12689 797
2515 5441 720
2515 6394 575
2516 261 739
2516 9140 580
2516 5092 514
2516 6434 286
2516 2043 896
2516 15763 628
2516 15338 92
2517 2380 520
2517 9288 475
2517 160 39
2517 12753 741
2517 4064 309
2518 12891 640
2518 13329 929
2518 7813 883
2518 4386 562
2518 4873 772
2520 4558 316
2520 5092 238
2520 10963 578
2520 13657 335
2520 3615 308
2520 11445 318
2521 13107 544
2521 6682 99
2521 5560 950
2521 10022 75
2521 11848 648
2521 10152 621
2522 13140 22
2522 15193 540
2522 10820 743
2522 6878 600
2522 52 84
2523 847 546
2523 12257 423
2524 9486 919
2524 2727 182
2524 3679 649
2524 5212 747
2524 3063 223
2525 14163 41
2526 15982 311
2526 10300 568
2526 3036 944
2526 10149 535
2526 956 896
2527 15510 171
2527 10178 233
2527 8135 34
2528 10957 778
2528 5119 56
2528 4362 691
2528 11175 81
2528 13541 208
2528 5547 734
2528 15881 135
2528 7255 975
2529 7740 617
2529 10980 729
2530 15781 325
2530 8246 729
2530 5507 430
2530 12593 436
2530 11004 700
2531 7459 582
2531 9400 897
2532 14158 884
2532 8997 384
2532 6127 519
2532 11095 162
2532 15893 310
2532 13141 393
2533 14493 399
2533 13768 427
2533 11718 372
2533 12004 858
2534 11427 751
2534 11445 407
2534 15020 776
2534 1727 241
2535 634 86
2535 11320 382
2536 4623 58
2536 9085 950
2536 10265 108
2536 12855 388
2536 3153 263
2537 3532 834
2537 10902 158
2537 8149 135
2537 6396 967
2538 3782 465
2538 2824 532
2538 8677 214
2539 6496 989
2540 655 620
2540 10152 476
2540 9280 705
2540 10009 926
2541 15281 401
2542 12152 233
2542 9523 180
2542 3191 576
2542 15846 173
2542 7820 85
2542 7994 864
2543 5122 370
2543 13683 961
2543 8676 937
2543 8159 736
2544 12145 419
2544 4003 409
2544 4186 993
2544 11867 224
2545 7343 996
2545 9366 9
2545 14006 241
2546 10225 562
2546 9395 130
2546 7501 683
2546 12285 274
2547 3994 926
2547 5402 471
2547 12356 122
2547 7111 839
2547 14631 408
2547 15644 127
2547 3039 997
2548 119 179
2548 7406 345
2548 10534 321
2549 5532 750
2550 6222 689
2550 11095 953
2550 13528 195
2550 9863 839
2550 7793 841
2551 5212 501
2551 1909 702
2551 13839 104
2551 12942 526
2552 14827 519
2552 9 377
2552 1971 263
2552 11767 958
2553 3100 359
2553 11365 950
2554 15044 111
2554 293 304
2554 1634 455
2554 15759 878
2555 10699 872
2557 8731 607
2557 6157 131
2557 3300 282
2557 15831 961
2557 9014 199
2557 8787 439
2557 65 622
2557 9412 140
2557 7532 157
2557 7463 633
2558 9870 875
2559 13957 639
2559 5580 461
2559 5278 10
2559 5695 548
2560 13759 849
2560 13389 511
2560 553 987
2560 5700 405
2560 15447 614
2560 266 759
2561 15475 776
2562 2478 921
2563 2294 201
2563 14051 150
2564 2803 821
2564 11328 561
2564 8993 249
2564 6603 418
2564 1381 44
2565 5318 315
2565 8201 629
2566 11957 362
2566 6752 673
2566 7614 108
2566 9131 212
2567 13744 606
2567 8524 829
2568 6388 580
2568 6442 420
2569 14403 233
2569 2860 649
2569 7444 760
2569 10929 288
2570 12325 534
2570 11427 208
2570 3359 661
2572 8413 289
2572 12747 262
2572 15150 530
2572 3845 207
2572 15466 568
2572 12187 199
2572 2835 430
2573 12660 927
2573 3320 89
2573 4132 966
2574 9800 561
2575 6880 583
2575 10923 715
2575 3268 692
2576 6318 140
2577 5195 856
2577 6271 533
2577 10993 375
2577 10987 755
2577 7135 323
2578 9848 788
2578 1805 863
2578 14581 576
2579 13359 885
2579 4276 699
2579 3654 170
2579 12368 499
2580 2361 27
2581 6648 891
2581 3564 365
2581 11423 746
2581 13982 510
2581 1123 766
2582 2169 712
2582 12475 77
2582 4811 214
2582 14224 924
2582 7888 136
2583 11962 770
2583 1977 531
2583 12217 260
2583 13538 980
2583 4809 28
2584 5857 484
2585 10525 533
2585 5826 79
2585 8813 210
2586 6564 493
2586 13342 446
2586 9090 792
2586 1314 683
2587 15843 239
2587 860 526
2587 4789 429
2588 11770 873
2589 6980 654
2589 12032 254
2589 6607 5
2589 14286 129
2589 10508 983
2590 8358 18
2591 8978 25
2591 3427 144
2591 15720 658
2591 1983 589
2591 10060 156
2591 5633 257
2592 3490 500
2592 4543 301
2592 8727 828
2592 11729 6
2592 12511 656
2592 14883 183
2593 13665 415
2593 4175 779
2594 7628 977
2594 2160 707
2594 11486 267
2594 11756 966
2595 12807 875
2595 3984 529
2596 1746 759
2596 5670 138
2596 10787 857
2596 12970 449
2596 6554 860
2596 14502 255
2596 3694 813
2597 12303 655
2597 6254 165
2597 12308 913
2598 8416 15
2598 4486 214
2598 13729 940
2599 4524 302
2599 7962 320
2599 7067 948
2600 14076 878
2600 5536 303
2600 2687 717
2601 13724 952
2601 6443 420
2601 105 578
2601 284 64
2602 3057 417
2602 8319 131
2602 14941 100
2602 672 292
2602 10872 885
2602 8175 163
2603 2942 453
2603 3969 195
2603 13369 613
2603 3414 697
2603 4245 888
2604 1724 699
2604 4245 119
2604 6016 530
2604 8093 724
2604 8700 351
2605 1358 314
2605 14860 800
2605 12479 376
2605 5816 470
2606 1388 974
2606 8769 150
2606 8562 463
2606 640 591
2606 3775 927
2606 5002 606
2607 13762 635
2607 3721 184
2607 4510 566
2607 2620 40
2607 6335 200
2607 10366 853
2608 3174 371
2608 13066 683
2609 7515 96
2609 3702 195
2609 6129 758
2610 5167 841
2610 9644 42
2610 14185 236
2610 12728 272
2610 592 90
2610 11439 247
2610 7649 45
2611 10472 910
2611 12683 402
2611 14539 76
2611 12615 461
2611 5790 512
2612 10435 464
2612 585 971
2612 3860 381
2612 1151 936
2612 2298 986
2613 1570 463
2613 111 800
2613 14493 677
2614 15903 486
2615 13176 550
2616 7950 202
2616 14567 668
2616 65 840
2616 5585 97
2616 5818 316
2617 2681 176
2617 7055 164
2617 2392 367
2617 14149 896
2618 14318 983
2618 7087 233
2618 14696 31
2619 5148 328
2619 9906 390
2619 898 677
2619 11740 471
2619 287 289
2619 15084 324
2620 11878 380
2620 2321 350
2620 1760 168
2620 3145 331
2621 1588 10
2621 2783 141
2621 41 253
2621 12187 622
2621 328 428
2621 1335 839
2622 3375 439
2622 14104 930
2622 3191 476
2622 10874 257
2622 8142 226
2622 1023 565
2623 4204 212
2623 4313 728
2623 7601 712
2623 12751 945
2623 6969 860
2624 12891 474
2624 7862 43
2624 13568 713
2624 5488 372
2625 13006 765
2625 9541 259
2625 7280 236
2625 2873 452
2626 13931 802
2626 4017 314
2627 15225 722
2627 3717 610
2627 13519 932
2628 1786 181
2628 10696 16
2629 10609 780
2629 2540 248
2630 12693 891
2630 10891 653
2631 4326 952
2631 12947 339
2631 13243 812
2632 5726 165
2632 6031 996
2632 10077 958
2633 14575 623
2633 11914 388
2633 6837 987
2633 9644 541
2633 3345 102
2633 3951 745
2634 14610 386
2634 3646 259
2634 8841 786
2634 6226 349
2634 288 587
2635 9315 402
2635 8733 66
2635 11602 933
2636 6544 421
2636 15030 861
2636 6779 156
2637 2157 335
2637 14247 53
2637 2942 186
2637 6261 417
2638 15499 451
2638 4891 622
2638 5894 227
2639 1485 427
2639 7751 551
2639 2450 188
2639 10919 986
2640 11045 589
2640 157 855
2640 3671 363
2640 8967 117
2640 6867 667
2641 3308 159
2641 10966 486
2641 4408 347
2641 11570 553
2641 2404 848
2642 15282 730
2642 6258 417
2642 12674 673
2642 357 211
2643 5762 420
2644 11358 299
2644 1332 698
2644 5337 184
2645 9418 752
2645 13602 667
2645 7712 201
2645 13887 450
2645 6119 31
2645 15204 728
2646 3309 66
2646 14512 4
2646 4153 960
2647 14928 191
2647 12701 323
2647 10380 372
2649 10184 307
2649 6854 182
2649 8794 116
2650 4 766
2650 15860 548
2650 13581 249
2650 1535 896
2650 2035 726
2650 10972 737
2650 9039 689
2650 15259 804
2650 13965 746
2651 13486 231
2651 11988 93
2652 9896 643
2652 10698 815
2652 6046 255
2652 6774 509
2652 1835 612
2652 2734 387
2652 2318 200
2653 7230 783
2653 7739 153
2654 13695 724
2654 508 884
2654 3614 947
2654 10843 688
2654 10850 26
2654 9078 250
2654 7762 964
2655 6290 55
2655 9845 591
2655 5285 219
2656 7628 658
2656 13798 846
2656 8604 644
2657 5551 87
2657 9646 314
2657 4880 933
2658 7751 459
2658 2122 777
2658 13274 514
2658 7367 195
2659 3446 972
2659 13081 298
2659 7500 362
2659 15054 603
2660 1134 510
2660 15203 168
2660 12110 531
2660 11518 699
2660 3843 48
2660 3157 948
2661 11590 892
2661 2095 185
2661 15678 469
2662 11190 902
2662 11887 641
2662 2797 623
2662 2635 888
2664 2397 800
2664 12332 985
2664 5384 185
2665 12251 341
2665 12069 50
2665 9357 366
2665 735 433
2665 10438 17
2666 13241 195
2666 6994 446
2666 11520 465
2666 8269 938
2666 14225 119
2666 7990 468
2666 14111 80
2667 14399 718
2667 14472 88
2668 8835 3
2668 8332 519
2668 12483 837
2668 15523 727
2668 15679 102
2669 11920 653
2669 3525 935
2669 774 431
2669 11441 363
2670 10751 99
2670 73 703
2670 7068 292
2670 13018 135
2670 6545 854
2671 15206 631
2671 14593 114
2671 3271 183
2671 5959 577
2672 1180 966
2672 10307 458
2672 6590 518
2673 7461 795
2673 2347 215
2673 13732 39
2673 11079 204
2674 15313 132
2674 12228 4
2674 9658 912
2675 11321 574
2675 4184 654
2676 7343 830
2676 11414 261
2676 4831 469
2676 8194 139
2676 13390 285
2676 12665 703
2677 1775 300
2677 4512 748
2677 15598 716
2678 4127 80
2678 10278 218
2679 8334 909
2679 3743 755
2679 162 427
2679 12775 907
2680 14894 221
2680 15543 407
2680 12952 236
2681 13871 128
2681 11990 1
2682 3864 476
2682 14420 160
2682 12518 532
2683 338 550
2683 11867 294
2684 3684 875
2684 6474 886
2685 8900 492
2685 7654 442
2685 14111 337
2685 4601 825
2685 14115 787
2686 9921 1000
2686 4465 383
2687 14898 888
2687 6159 676
2687 10657 221
2687 15257 959
2687 1909 521
2688 14333 902
2688 13799 356
2688 2040 575
2688 8552 987
2688 2066 960
2688 8848 958
2688 4021 95
2688 4806 256
2688 14779 538
2688 15871 892
2689 15622 95
2689 4004 218
2689 9123 557
2689 8084 912
2689 4229 829
2689 2531 371
2689 2320 656
2691 6013 817
2691 5177 263
2691 14154 254
2691 9402 773
2691 5444 83
2692 5881 717
2692 3520 591
2692 4 557
2692 9293 574
2692 10873 516
2692 378 903
2693 7908 300
2693 5834 616
2693 2885 361
2693 10505 926
2694 1257 572
2694 6356 456
2694 9225 991
2694 6087 42
2695 4676 770
2695 15580 288
2695 14829 328
2695 5073 737
2696 7050 991
2696 15686 678
2696 12941 617
2696 7499 305
2697 10239 462
2698 2800 882
2698 10608 115
2698 4799 87
2698 15358 334
2699 714 920
2699 7941 863
2699 503 46
2699 5946 560
2699 14186 799
2700 2202 260
2700 5681 918
2700 14710 641
2701 11574 280
2701 12494 376
2701 5943 951
2702 3456 831
2702 14812 344
2702 15422 735
2702 2193 598
2702 3051 34
2702 1798 421
2703 10008 695
2703 13637 872
2703 13245 750
2705 4856 555
2705 3433 660
2705 14750 503
2706 4641 1
2706 3843 395
2706 11062 801
2706 13275 866
2706 10270 159
2707 15218 10
2707 717 750
2707 5476 425
2707 15028 701
2707 12141 191
2708 9410 230
2708 3803 685
2708 3087 418
2709 14458 816
2710 10325 793
2710 9608 961
2710 3485 927
2710 11348 754
2710 93 614
2711 2926 124
2711 7622 348
2711 2421 377
2711 4629 229
2711 9279 651
2711 5651 578
2711 13681 164
2711 7788 97
2711 1101 44
2711 301 924
2711 8450 126
2712 11573 431
2712 13465 679
2712 5771 518
2713 14837 743
2713 2676 731
2713 9584 97
2713 11686 318
2713 5585 180
2713 11353 7
2713 11035 567
2714 7951 500
2716 8394 220
2716 5209 942
2716 10455 203
2716 12747 30
2716 15481 291
2717 7222 929
2717 1729 606
2717 14813 748
2717 14867 419
2718 6555 501
2718 1904 455
2718 12518 516
2718 5621 41
2718 15631 260
2718 6213 419
2718 3196 272
2719 2143 189
2719 12119 488
2719 14394 796
2720 7628 457
2720 11185 437
2720 7696 546
2720 1354 633
2720 407 313
2720 902 631
2720 6675 999
2720 6981 25
2720 5593 462
2720 5680 422
2721 12230 621
2721 12461 891
2721 10568 116
2721 8776 784
2721 7514 752
2721 14540 919
2722 13485 484
2722 8999 393
2722 13045 156
2723 14834 582
2723 15988 585
2723 13292 677
2723 15770 220
2723 15169 662
2724 6637 167
2724 7690 948
2724 5400 138
2724 7977 2
2724 10210 668
2724 5073 162
2725 10540 617
2725 11992 966
2725 13487 522
2725 11967 411
2726 9561 223
2726 15969 769
2726 14320 116
2726 8137 884
2727 14155 139
2727 14383 497
2727 3340 702
2728 6630 119
2728 14593 804
2728 15637 632
2728 898 701
2728 6707 84
2728 269 162
2728 2494 187
2729 224 645
2729 8496 340
2729 8759 851
2729 10546 420
2729 4907 368
2730 14019 607
2730 9364 46
2730 3539 955
2730 4551 759
2730 13060 296
2730 14044 883
2731 4269 359
2731 13741 890
2732 3978 856
2732 10633 817
2732 1375 359
2733 10646 499
2733 7034 795
2733 4132 428
2734 3788 762
2734 9887 893
2734 3503 708
2734 14064 5
2734 10032 695
2735 13134 277
2735 13791 768
2735 11587 532
2736 13663 579
2736 12677 975
2736 4402 933
2736 5155 757
2736 14355 520
2736 5107 869
2737 6685 123
2737 5778 494
2737 5446 99
2737 6053 353
2737 5116 865
2737 2977 338
2738 909 320
2738 14281 472
2738 1414 874
2738 13762 13
2738 4319 906
2738 8038 407
2738 9603 87
2739 2715 454
2739 1238 798
2739 5297 94
2739 14642 399
2739 15268 716
2739 15597 942
2739 15181 536
2739 232 562
2740 8062 673
2740 5786 508
2740 15120 834
2740 8811 672
2741 816 535
2741 12172 332
2741 12927 649
2741 13971 840
2741 7734 376
2741 15963 784
2742 9896 198
2742 7733 118
2742 3143 429
2742 8692 60
2743 13161 903
2743 12728 898
2743 11164 793
2743 13753 312
2743 1366 381
2743 12505 708
2744 5004 126
2744 15236 362
2744 11802 99
2745 2085 415
2745 7580 8
2745 4148 453
2745 2869 452
2745 14888 157
2745 11519 209
2745 13553 324
2745 3750 881
2746 7474 300
2746 3475 633
2746 7897 802
2747 6028 701
2747 15896 308
2748 2114 13
2748 4050 641
2748 4700 555
2748 7486 945
2749 89 269
2749 12091 614
2749 7014 440
2749 14213 435
2749 131 780
2749 9858 799
2750 2300 260
2750 13073 238
2750 4942 191
2751 699 867
2751 5483 725
2751 2811 159
2751 2778 12
2751 13144 735
2751 4716 874
2751 7670 305
2752 10722 727
2752 14639 338
2752 11674 246
2753 6687 214
2753 2295 432
2753 3653 417
2753 352 249
2754 10419 863
2754 10776 217
2754 10321 358
2754 11050 275
2755 11120 589
2755 15397 831
2755 12641 244
2755 13728 450
2756 11659 128
2756 4976 900
2756 13146 475
2756 15221 24
2756 7641 919
2757 14352 638
2757 3175 640
2757 15781 720
2757 8987 872
2758 5930 937
2758 13091 337
2759 3825 368
2759 10636 638
2759 2575 992
2759 13228 886
2760 12093 252
2760 13029 596
2760 13942 477
2760 3482 671
2760 14156 887
2760 11586 113
2761 12296 120
2761 5861 451
2761 15232 156
2761 6587 157
2761 1199 54
2762 3736 879
2762 14393 271
2763 7785 834
2764 13025 459
2764 5871 749
2764 787 613
2764 7108 955
2765 5651 393
2765 15328 969
2766 11577 745
2766 10973 489
2766 3698 648
2766 15977 859
2766 13690 659
2767 7501 762
2767 15289 215
2767 1503 575
2768 6898 825
2768 2317 856
2768 10665 774
2768 1870 442
2768 7328 403
2768 7040 753
2768 665 66
2769 11156 73
2769 11579 560
2769 4169 849
2770 6477 955
2771 7493 590
2771 5195 423
2771 9281 219
2771 8642 343
2771 9082 59
2771 13531 160
2771 11118 944
2771 15175 108
2772 1667 206
2772 5055 283
2772 10109 45
2772 9485 21
2773 11034 260
2774 9297 884
2774 2039 596
2774 12932 7
2774 13138 480
2775 10287 271
2775 1870 118
2776 8861 628
2777 2284 857
2777 7417 158
2777 5752 971
2777 9590 5
2777 2343 759
2778 4740 452
2778 9623 977
2778 6588 318
2779 15936 528
2779 1184 701
2780 7801 811
2780 7132 375
2780 1790 607
2780 10042 869
2780 10654 13
2781 15746 329
2781 5924 29
2781 14342 774
2781 7040 952
2782 7069 564
2782 13897 6
2782 5591 995
2782 9633 531
2782 14483 375
2782 1372 987
2783 7739 366
2783 13550 964
2783 2270 267
2784 2922 65
2784 4868 515
2784 9084 139
2784 13522 376
2785 4434 507
2785 8841 859
2785 3520 887
2785 10830 151
2786 4099 296
2786 7236 268
2786 10708 836
2786 13258 346
2786 14696 535
2787 14084 688
2787 6799 867
2787 9294 60
2788 3913 404
2788 195 554
2789 4023 442
2789 11361 10
2791 12129 32
2791 2079 70
2792 3173 220
2792 2296 650
2792 15689 218
2793 1220 778
2794 1906 706
2794 15366 11
2794 6332 23
2795 14414 794
2795 2373 896
2795 5578 514
2795 7946 216
2795 8691 154
2795 12447 868
2795 12569 229
2796 5785 253
2796 8130 272
2796 9328 503
2796 7053 332
2796 13981 783
2796 9583 400
2796 8159 536
2796 3181 543
2797 6698 253
2798 8133 700
2798 13279 100
2798 7304 658
2799 473 925
2799 1227 300
2799 7547 199
2799 10739 978
2800 6561 565
2800 11753 987
2800 1847 301
2801 11473 97
2801 2068 41
2801 13175 215
2801 8298 640
2802 2324 658
2802 11346 202
2802 9181 127
2802 2209 503
2803 14047 781
2803 11762 70
2803 12555 150
2804 14316 865
2804 14336 213
2804 15433 720
2804 12621 409
2804 2846 592
2804 907 794
2805 5890 159
2805 6318 66
2805 1602 558
2805 3060 112
2806 4327 106
2806 8124 676
2807 15325 408
2807 12808 288
2807 7409 746
2807 8932 641
2807 14137 1000
2807 13531 7
2808 2400 9
2808 3910 593
2808 15947 311
2808 6036 511
2808 4923 264
2809 12037 765
2809 5915 238
2809 12667 898
2809 10011 488
2809 13549 872
2809 9082 428
2809 13907 580
2810 2999 270
2810 1784 751
2810 11882 771
2810 14598 862
2810 14098 687
2811 4906 115
2811 3922 790
2811 11723 355
2811 14912 678
2811 10842 190
2811 3357 703
2812 4786 242
2812 8433 419
2812 3514 69
2812 13105 942
2813 13843 12
2813 15163 674
2813 9049 556
2814 14950 951
2814 10053 884
2814 2647 670
2814 717 725
2814 10337 737
2815 12525 427
2815 1419 396
2816 11037 147
2816 12303 456
2816 15647 162
2816 3722 879
2817 5298 527
2817 1233 217
2818 5864 562
2818 3696 486
2819 11998 351
2820 8813 18
2820 3207 352
2820 15051 205
2821 10501 378
2821 2075 844
2822 13660 816
2822 6022 335
2822 4056 368
2822 13529 924
2823 12009 171
2823 11767 660
2823 2054 986
2823 6693 709
2824 6380 838
2824 3530 75
2824 9878 39
2825 54 662
2825 65 600
2825 8981 181
2825 2549 15
2825 8197 76
2825 8914 907
2826 409 987
2827 3605 545
2827 1739 629
2827 14946 501
2828 11097 82
2828 14757 927
2828 2627 14
2828 10581 95
2828 14843 943
2829 1715 718
2829 6892 766
2829 15831 52
2830 15925 982
2830 7182 951
2830 7925 492
2830 12752 866
2831 2478 636
2832 2456 66
2832 7456 56
2832 8293 823
2833 2381 817
2833 12745 794
2833 10042 979
2833 11780 195
2834 12395 291
2834 14302 73
2834 9299 26
2834 5588 67
2835 11625 294
2835 2850 160
2835 1428 923
2835 9299 123
2836 11635 619
2836 10636 69
2837 1079 626
2837 9602 184
2838 5818 314
2838 1216 471
2838 11471 223
2838 3047 809
2839 7266 444
2839 6253 38
2840 4170 248
2840 10473 66
2840 1968 559
2840 14277 154
2840 15771 59
2840 9656 419
2841 886 165
2841 10127 470
2841 7628 694
2841 10342 341
2841 6967 148
2842 5051 390
2842 1298 478
2842 1690 409
2843 7965 529
2843 4561 673
2843 1297 398
2844 14271 398
2844 5347 940
2844 2336 93
2845 9424 95
2845 13328 909
2846 5127 921
2846 1155 29
2846 7641 406
2846 8541 529
2846 14400 242
2847 7865 862
2847 12241 827
2848 5485 317
2848 12427 683
2848 3784 605
2849 13163 587
2849 5273 149
2849 10370 568
2849 14148 449
2849 14024 240
2850 13292 387
2850 10205 921
2850 2412 127
2850 5183 987
2850 4791 371
2851 6357 174
2851 1819 763
2851 13055 446
2851 5159 93
2851 5329 576
2852 12399 918
2852 347 947
2853 2686 196
2853 2813 982
2853 2159 668
2854 1435 181
2854 788 287
2854 2373 122
2854 15579 866
2855 7832 821
2855 930 14
2855 11625 652
2855 15387 877
2855 7246 256
2855 1315 239
2855 5958 755
2856 9840 850
2856 4762 943
2856 6507 882
2857 335 226
2857 14821 560
2857 15218 527
2858 14447 243
2858 9940 955
2858 2412 646
2858 2393 897
2858 3109 383
2858 14018 40
2859 8997 193
2859 1802 460
2859 12281 204
2859 15366 544
2860 7347 947
2860 3928 544
2860 2844 36
2860 9645 773
2861 15781 197
2861 6243 341
2861 8552 172
2862 2095 29
2862 903 436
2862 169 242
2862 13976 858
2863 11354 949
2863 9119 973
2863 13488 280
2864 12574 383
2864 15335 304
2864 12899 72
2865 1973 962
2865 2976 162
2865 9256 787
2865 15238 518
2866 7882 167
2866 12891 654
2866 5001 634
2866 8088 841
2866 15544 668
2866 10183 314
2867 14354 785
2867 13196 487
2867 7045 473
2867 9860 602
2867 13576 687
2867 1477 908
2867 3246 145
2868 6571 674
2868 4348 131
2868 9564 1
2869 9625 471
2869 5913 914
2869 10121 122
2869 9466 25
2870 1034 775
2871 11494 646
2871 3186 503
2871 14711 37
2872 13629 943
2872 2998 864
2872 15344 689
2872 6549 724
2872 3604 144
2873 15531 647
2873 2120 345
2873 3458 372
2873 7248 284
2873 2989 522
2873 8687 938
2874 3382 734
2874 2118 108
2874 8934 266
2874 15306 610
2874 11942 905
2875 4460 799
2875 5676 509
2875 13480 627
2876 15646 461
2876 8904 237
2876 12859 274
2876 10856 969
2876 3781 131
2876 11463 44
2876 13685 288
2876 14470 321
2877 15413 210
2877 7007 218
2877 6298 808
2877 12937 81
2878 936 392
2878 14581 292
2878 11140 226
2879 11388 210
2879 6838 250
2879 8948 412
2879 2189 846
2880 10536 126
2880 14649 221
2880 439 196
2880 14818 497
2880 12980 888
2880 3376 60
2881 10826 582
2881 13151 284
2881 8827 764
2881 12142 543
2882 11196 727
2882 3179 531
2882 10492 133
2882 12821 415
2883 13107 873
2883 2106 264
2883 520 497
2883 751 426
2884 9568 163
2884 6650 120
2884 1440 841
2884 12620 486
2885 3706 288
2885 14226 741
2885 9126 497
2885 4208 194
2885 1843 970
2886 13836 781
2886 6 490
2886 9169 961
2886 15510 520
2887 8438 506
2887 5951 512
2887 8875 108
2887 10166 548
2887 9178 230
2887 13193 965
2887 4205 719
2888 10879 890
2888 10585 858
2889 11851 869
2889 7479 275
2889 577 316
2890 13761 289
2890 12876 537
2890 1576 698
2890 10581 526
2890 9307 803
2891 7850 404
2891 2083 949
2891 2899 948
2892 10942 507
2892 9761 468
2892 129 852
2892 3699 728
2893 55 944
2893 2494 50
2893 15115 610
2893 11163 853
2893 4439 54
2893 12967 602
2893 1132 411
2894 13041 186
2894 6917 875
2894 2028 329
2894 13542 94
2894 10893 31
2895 9136 770
2895 5966 187
2896 13183 22
2896 12418 333
2896 11846 433
2896 3066 122
2896 494 186
2896 4354 868
2896 6572 653
2896 4339 734
2896 5577 949
2897 11259 542
2897 2541 501
2897 13422 555
2897 3744 509
2897 1931 986
2898 2564 517
2898 12217 545
2898 15740 673
2898 9407 259
2898 2258 189
2898 12562 565
2898 12949 301
2899 5802 328
2899 4907 771
2899 14913 533
2899 15243 222
2899 1571 298
2899 5333 685
2899 1473 227
2900 14460 764
2901 7432 632
2901 13516 577
2901 13116 57
2901 1263 218
2901 5530 843
2902 9684 339
2902 11677 204
2903 1852 693
2903 1981 279
2903 1079 146
2903 12994 382
2903 15134 879
2903 14909 845
2904 6495 583
2904 14295 2
2905 15336 909
2905 3469 19
2905 5328 791
2905 11766 7
2905 1097 83
2906 2988 582
2906 4596 392
2906 120 814
2906 68 361
2906 14533 835
2907 9185 756
2907 2901 61
2907 8598 615
2907 10221 494
2908 10669 205
2908 3981 220
2908 1010 23
2908 15808 110
2908 15597 538
2909 8461 973
2909 11074 852
2909 7835 233
2910 922 503
2910 186 179
2910 12128 628
2910 10967 584
2911 13428 492
2911 15051 662
2911 3507 970
2911 8132 818
2912 5282 283
2912 1759 557
2913 13535 881
2913 670 903
2913 13700 734
2913 6212 360
2913 7475 237
2914 8302 749
2914 10888 191
2914 14736 170
2914 216 985
2914 6859 801
2914 14025 436
2914 11999 402
2915 8028 936
2915 7033 53
2915 12753 100
2915 6707 53
2915 5043 400
2916 1919 538
2916 9549 359
2916 3910 404
2916 7414 267
2917 10590 841
2917 6940 370
2917 8167 870
2917 14532 911
2917 8966 723
2918 1672 216
2919 4129 511
2919 9829 620
2920 9795 889
2920 5000 95
2921 12779 431
2921 4629 379
2921 9725 403
2921 662 860
2921 8870 293
2922 11482 808
2922 6648 38
2922 5495 586
2923 3916 885
2923 10407 457
2924 11770 402
2924 4292 607
2924 2929 530
2925 1089 154
2925 1860 179
2925 7258 898
2925 6622 884
2925 12679 948
2925 6279 703
2926 1660 249
2926 4786 658
2926 2958 944
2926 6947 69
2926 1539 548
2926 9683 596
2926 15565 197
2927 11643 100
2927 4422 264
2927 2360 717
2927 6000 908
2928 15297 347
2929 9201 31
2929 9695 293
2929 12330 311
2929 13269 357
2930 13701 980
2930 5039 659
2930 350 510
2931 2109 795
2931 2090 678
2931 8188 717
2932 1852 365
2932 7450 223
2933 6151 755
2933 5276 319
2933 3828 573
2933 14001 743
2933 2731 596
2934 4334 153
2934 2991 112
2934 8256 664
2934 11925 971
2935 10082 436
2935 3180 289
2935 15450 396
2935 8274 258
2936 6069 858
2937 4522 988
2937 12223 317
2937 3119 582
2937 15450 828
2937 14963 428
2938 9941 437
2938 3414 872
2938 1264 618
2938 12906 366
2939 13255 71
2939 3177 417
2939 4011 928
2940 7475 362
2940 6312 636
2940 11507 612
2940 10481 989
2941 4632 431
2941 12034 628
2942 887 527
2942 1560 940
2942 11588 92
2942 8497 177
2942 12249 473
2942 1009 996
2943 6901 108
2943 14945 580
2944 13108 894
2944 6262 517
2944 9286 986
2945 7049 970
2945 1335 179
2945 14610 983
2945 15853 32
2946 4781 732
2946 7484 689
2946 5436 147
2946 3379 664
2946 10075 581
2947 2960 506
2947 10869 549
2947 14380 968
2947 8213 541
2947 5877 557
2948 1044 177
2949 15511 149
2949 4096 618
2949 8236 227
2950 2738 158
2950 15929 494
2950 4675 772
2950 8290 706
2951 10253 722
2951 11804 622
2951 15954 574
2952 498 117
2952 6045 368
2952 14635 689
2952 12194 838
2952 12735 620
2952 12087 202
2952 3058 346
2953 12136 416
2953 8048 747
2953 4888 881
2953 2245 998
2953 228 601
2954 3052 96
2954 8269 787
2954 10951 554
2955 9153 344
2955 11344 376
2955 5223 2
2955 10663 846
2955 5023 365
2956 15898 845
2956 6231 149
2956 13847 211
2956 4215 309
2956 6261 481
2956 11038 705
2956 5460 806
2957 3775 738
2957 47 484
2957 5962 102
2957 2297 931
2958 4928 685
2958 4379 326
2958 815 57
2958 7081 258
2959 5577 156
2959 12187 598
2959 4480 239
2959 14016 618
2959 5382 715
2959 3293 416
2959 7972 633
2959 5212 237
2959 10524 320
2959 12576 537
2960 708 643
2961 12803 983
2961 10097 965
2961 1782 490
2961 4913 624
2961 10418 313
2962 4859 911
2962 15288 621
2962 3804 587
2962 3110 61
2963 12973 51
2963 10462 712
2963 7631 221
2963 2370 360
2963 6494 973
2963 5915 592
2964 2957 729
2964 3913 204
2965 15137 183
2966 1783 669
2966 3933 578
2966 3965 220
2967 12690 748
2967 1256 826
2967 5040 50
2968 2074 763
2968 7299 528
2969 14163 412
2969 6680 456
2969 9014 632
2969 15826 588
2970 2084 747
2970 15070 292
2970 11134 189
2970 9162 458
2970 6229 978
2970 13718 165
2971 5924 985
2971 15381 392
2971 15534 787
2971 5902 260
2971 1733 552
2971 8225 323
2972 14503 493
2972 10954 990
2972 12502 872
2972 14965 502
2972 6167 551
2972 15717 62
2972 2834 553
2972 13482 60
2972 10190 630
2973 2013 627
2973 15171 752
2973 9412 240
2973 15121 896
2975 1785 860
2975 3783 537
2976 1596 656
2976 2319 553
2976 2810 115
2977 1474 369
2977 15858 149
2978 3079 5
2978 10523 729
2978 6820 151
2979 11483 598
2979 5952 136
2979 5765 892
2979 5677 61
2979 8388 956
2979 11775 481
2979 12801 754
2979 10970 491
2979 3644 937
2979 11597 42
2980 5406 948
2980 14234 475
2981 15601 365
2981 2450 525
2981 7810 845
2981 12919 610
2981 321 483
2981 14874 656
2981 3120 936
2981 2723 542
2981 5441 946
2982 15343 854
2982 11204 821
2982 6260 346
2983 1385 4
2983 9410 653
2983 4514 270
2983 14350 75
2983 10836 767
2983 1446 764
2984 2109 775
2984 8879 954
2984 8663 539
2985 11973 931
2985 11272 991
2985 10495 92
2985 15940 963
2986 6667 985
2986 15466 25
2986 15808 148
2987 6984 294
2987 13023 188
2987 2163 338
2988 5655 810
2988 3162 976
2988 6266 802
2988 5532 802
2988 8245 480
2988 7191 512
2988 6664 301
2989 12425 73
2989 12612 668
2989 15687 127
2990 7443 586
2990 10036 702
2991 15311 19
2991 4386 575
2991 1891 661
2991 11385 206
2992 8247 451
2992 6355 39
2992 11557 235
2993 15124 684
2993 3933 514
2993 943 361
2993 15951 836
2993 8022 701
2993 2011 402
2994 12903 366
2994 7224 411
2994 9953 666
2995 8494 942
2995 6240 706
2995 11475 185
2996 2413 729
2996 12845 234
2996 5533 202
2996 13412 329
2996 9366 857
2996 12716 89
2996 15233 481
2996 6983 435
2997 9335 474
2997 10236 985
2998 3701 533
2998 15423 546
2998 15434 782
2998 14119 114
2998 4058 123
2998 9963 790
2999 9168 401
2999 8407 444
2999 11870 459
2999 1225 223
3000 8315 3
3000 782 957
3000 13395 968
3000 10619 756
3001 11473 439
3001 11573 684
3001 4396 497
3002 8606 782
3002 11527 765
3003 10078 67
3003 6172 343
3003 10475 961
3003 14215 107
3004 3939 876
3004 11912 88
3004 5673 150
3004 11065 752
3005 4794 203
3005 13098 354
3005 1005 752
3006 11987 410
3006 197 937
3006 10817 714
3006 12629 93
3007 13810 920
3007 3054 999
3007 14603 590
3007 13261 184
3007 9908 973
3008 12047 739
3008 9807 63
3008 9945 17
3008 10564 24
3009 1705 343
3009 6402 474
3009 14204 139
3010 4603 935
3010 7512 751
3010 11710 752
3010 10614 283
3011 7116 809
3011 11638 720
3011 12664 739
3011 2231 335
3011 6420 386
3012 2710 256
3012 12414 586
3012 12880 509
3012 10859 378
3012 13565 422
3012 3796 152
3013 15493 338
3013 2681 585
3013 13093 406
3014 3970 631
3014 15225 398
3014 10662 474
3015 12619 558
3015 13434 823
3015 5992 991
3015 8877 185
3016 10827 451
3016 9438 208
3016 8211 108
3016 13041 432
3017 3576 157
3017 4336 797
3017 5947 566
3018 5392 725
3018 4300 658
3018 1 247
3019 11902 529
3019 6765 513
3019 10433 679
3019 13288 486
3020 3966 612
3021 9499 782
3021 5760 482
3021 13983 332
3021 15431 522
3021 4447 238
3021 4123 187
3022 6875 871
3022 11719 105
3022 4048 984
3022 10846 802
3023 4719 517
3024 13771 191
3024 14915 77
3024 9252 977
3025 10286 600
3025 2508 241
3025 12867 703
3025 855 626
3026 8692 6
3026 5880 972
3026 15718 899
3026 1156 36
3026 13481 504
3027 5257 84
3027 14490 186
3027 10970 733
3027 4998 796
3027 7643 446
3027 11272 595
3028 5785 633
3028 9436 776
3028 3702 225
3029 3813 454
3029 700 566
3029 15946 638
3029 14779 616
3030 4953 781
3031 6234 795
3031 15527 58
3031 8835 817
3031 14793 352
3031 7692 503
3032 14203 977
3032 6432 425
3032 7543 838
3033 8385 909
3033 11757 377
3033 8255 752
3034 1712 697
3035 11565 142
3035 15491 139
3035 14169 112
3035 6170 447
3035 4068 52
3035 1503 969
3036 15958 714
3036 4799 637
3036 1462 729
3037 5709 909
3037 2299 758
3037 13134 530
3038 14614 387
3038 11815 229
3038 10693 772
3038 7234 886
3038 4150 623
3038 13337 754
3038 8154 370
3039 2838 149
3039 12907 420
3039 6187 725
3039 1298 186
3039 6547 209
3039 10054 52
3040 742 207
3040 5111 249
3040 7990 200
3040 11474 19
3040 10237 426
3040 9791 520
3041 8753 764
3041 9990 530
3041 6783 482
3042 1203 208
3042 8147 11
3042 5940 493
3042 10454 190
3042 14453 384
3043 1170 841
3044 10670 122
3044 11677 409
3044 7466 211
3044 1793 943
3045 11780 1000
3045 11428 175
3045 12219 201
3045 9592 690
3045 14366 888
3045 1564 408
3046 670 591
3046 4927 313
3046 14039 705
3047 2130 758
3047 13149 747
3047 15678 131
3047 7655 799
3047 14968 938
3048 9853 293
3048 4638 160
3049 7447 455
3049 6834 434
3050 2586 974
3050 6463 693
3050 1017 636
3050 6453 416
3050 6902 903
3050 134 617
3051 4945 984
3051 12607 243
3051 11564 931
3051 12460 685
3051 11163 342
3052 9380 953
3052 5149 439
3052 5633 216
3053 12488 45
3053 283 404
3053 7691 968
3054 12147 486
3055 632 210
3055 9025 975
3055 3824 830
3055 12281 963
3056 2858 600
3056 536 549
3057 3226 282
3057 1077 284
3057 5986 49
3057 7945 611
3057 11479 380
3057 11769 230
3058 6159 389
3058 13551 519
3058 3521 759
3058 12030 41
3058 3406 619
3059 3761 750
3059 11631 149
3059 2636 296
3059 4421 749
3059 8297 850
3060 7535 70
3060 5012 303
3061 4254 726
3061 5652 342
3061 8018 254
3061 7871 106
3061 10584 764
3062 1708 228
3062 12334 544
3062 1703 537
3062 11708 576
3062 10312 323
3063 7646 853
3063 12951 970
3063 1105 430
3063 11719 351
3064 8381 156
3064 3384 368
3064 11682 843
3064 2790 260
3064 8614 238
3064 11501 677
3064 1684 88
3065 2641 633
3065 14504 68
3065 8699 500
3065 6234 166
3066 11597 367
3066 13045 682
3066 3550 545
3066 15075 622
3067 13329 609
3067 874 38
3067 13523 43
3067 8946 171
3067 8375 46
3067 8203 797
3067 6777 825
3068 15773 415
3068 9606 311
3068 863 490
3068 4053 394
3068 11588 635
3068 9304 544
3068 2328 381
3068 4578 845
3068 152 325
3068 1707 928
3069 5252 350
3069 5424 437
3069 3346 756
3069 15177 720
3069 6721 115
3069 10929 704
3070 4459 189
3070 13556 611
3070 2232 369
3070 1476 661
3071 893 119
3071 15247 915
3071 13527 214
3071 6623 803
3071 13186 421
3071 3557 943
3071 5149 959
3072 5876 361
3072 7014 739
3072 10883 26
3072 8929 87
3072 13730 883
3072 8202 214
3074 5006 738
3074 952 974
3074 15697 905
3074 9547 516
3074 5915 168
3074 3094 761
3074 1530 596
3074 8145 830
3076 979 673
3076 11025 129
3076 5634 383
3077 12104 310
3077 14453 309
3077 11566 35
3077 15221 192
3078 13016 486
3078 3400 567
3078 13012 584
3078 14667 177
3079 698 663
3079 11930 800
3079 14632 462
3079 11326 829
3080 5649 972
3080 8550 297
3081 14650 893
3081 15618 664
3081 13865 498
3082 14279 778
3082 12847 96
3082 12854 209
3082 8793 738
3083 8469 81
3083 6994 469
3083 1454 535
3083 8872 743
3083 7545 930
3083 5858 732
3084 469 164
3084 15427 943
3084 2261 758
3084 13238 809
3084 11057 168
3084 6741 749
3084 15695 651
3085 12978 295
3085 5076 592
3085 1455 886
3085 4486 226
3086 9185 649
3086 2648 179
3086 12902 680
3087 15027 82
3087 13639 192
3088 2435 545
3088 7541 318
3088 4607 943
3088 11212 211
3089 14804 8
3089 6380 437
3090 12565 27
3090 13232 180
3090 7930 179
3091 4481 594
3091 3278 499
3091 513 427
3092 14827 632
3092 8531 396
3092 12290 451
3092 3429 490
3092 15960 788
3093 8752 215
3093 6999 575
3093 7369 55
3093 2725 970
3093 15938 911
3094 7724 814
3094 2443 909
3094 432 952
3094 8591 599
3094 15480 587
3095 12702 925
3095 2076 161
3095 8665 15
3095 15547 845
3095 300 277
3095 782 556
3096 6712 421
3096 10192 228
3096 1868 96
3096 7042 600
3096 2814 264
3097 7224 277
3097 9312 252
3097 15776 862
3097 2970 400
3098 14101 401
3098 774 386
3098 6245 517
3098 3600 241
3098 14954 66
3098 9763 847
3099 860 687
3099 227 38
3099 11187 250
3099 8008 137
3100 14538 407
3100 11865 533
3100 12900 159
3101 7954 881
3101 13209 286
3101 12688 950
3102 8947 554
3102 8586 700
3102 8428 70
3102 4309 200
3102 168 678
3103 9050 572
3103 13479 964
3103 2468 19
3103 5435 389
3103 13855 721
3103 7915 976
3104 6970 755
3104 583 991
3104 15660 14
3104 1960 418
3105 4739 432
3105 10264 343
3105 14576 951
3105 15243 922
3105 5998 800
3106 6920 716
3106 5006 675
3106 14442 252
3106 11268 810
3106 15897 581
3106 1814 25
3106 14695 798
3107 618 195
3107 15833 907
3107 2681 441
3108 12090 427
3108 5868 270
3108 5377 351
3109 9866 703
3109 11567 144
3109 5940 649
3109 1635 400
3109 1523 287
3109 3420 98
3110 3093 304
3110 3454 330
3110 6356 755
3110 2816 944
3110 3116 411
3110 5808 251
3110 3487 842
3110 3035 688
3111 13745 430
3111 11618 463
3111 8737 741
3112 14422 193
3112 14994 829
3112 9960 741
3113 463 583
3113 13842 923
3113 15796 788
3113 9818 182
3113 6426 593
3113 734 99
3114 8122 626
3114 4957 66
3114 5993 399
3114 8105 144
3114 11255 583
3114 9580 649
3114 14123 481
3115 8661 924
3115 3703 208
3115 14587 543
3116 5804 506
3116 176 550
3116 11680 618
3116 635 612
3117 5967 94
3117 5314 689
3117 9562 379
3117 11790 814
3117 11166 498
3117 6515 877
3118 12074 809
3118 11579 436
3118 6363 960
3118 9792 873
3119 1726 758
3119 6699 754
3119 2151 160
3119 5382 373
3120 2639 678
3120 8435 54
3121 14212 1000
3121 5036 931
3121 5000 981
3122 4362 358
3122 12978 632
3122 7347 813
3123 13270 265
3123 1747 722
3123 8384 207
3123 10914 20
3124 8198 198
3124 5219 276
3124 5647 386
3124 734 269
3125 11712 821
3125 2575 856
3125 6625 965
3125 4971 187
3125 2294 294
3125 36 647
3125 3 714
3125 7490 844
3126 7202 101
3126 11122 285
3127 9700 648
3127 15962 232
3127 11418 137
3127 3002 880
3128 9829 961
3129 9002 597
3129 12839 984
3129 857 447
3129 11946 285
3129 8002 275
3129 718 277
3129 9613 740
3129 5296 659
3130 13932 334
3130 4315 98
3130 15032 910
3131 12383 384
3131 7607 642
3131 5001 45
3132 6670 111
3132 14161 844
3132 1722 995
3132 10497 331
3132 412 951
3132 7390 278
3133 10217 78
3134 6639 390
3134 3232 952
3134 4878 588
3134 433 917
3135 3425 162
3135 15443 960
3135 1638 611
3136 13577 491
3136 10493 855
3136 13223 4
3137 3843 376
3137 15413 523
3137 1604 355
3137 14376 779
3137 13809 245
3138 2911 782
3138 4074 759
3138 12866 511
3138 14443 400
3139 6141 992
3139 12290 329
3139 5338 703
3140 11704 887
3140 8989 210
3140 8776 466
3141 1592 69
3141 6003 207
3142 4447 442
3143 9548 802
3143 6754 598
3143 10978 797
3143 13743 948
3144 3545 226
3144 2075 649
3145 12014 424
3145 11940 131
3145 12952 127
3146 6104 993
3146 14739 868
3146 2422 462
3146 5045 827
3147 6863 863
3147 12840 895
3148 11820 602
3148 7822 99
3148 1804 131
3148 7298 238
3148 11999 307
3148 13949 843
3148 4282 665
3148 6642 994
3149 11569 557
3149 15647 274
3149 2702 44
3150 7455 947
3150 7164 414
3150 11278 954
3150 2134 967
3150 10149 120
3151 8277 522
3151 5070 283
3151 224 671
3151 15798 586
3153 13948 327
3153 11825 959
3153 10003 597
3154 12431 649
3154 6212 378
3155 11479 958
3155 13980 711
3155 1965 228
3155 2825 158
3155 10203 705
3156 15303 807
3156 14658 129
3156 11778 505
3157 9661 385
3158 12227 298
3158 8354 334
3158 10716 373
3158 11491 824
3159 2174 628
3159 6387 283
3159 408 419
3159 5134 123
3160 15338 438
3161 6281 298
3161 13424 828
3161 12085 892
3161 15722 561
3162 15054 103
3162 9655 888
3162 7080 219
3163 3182 444
3164 3249 808
3164 12693 414
3164 7295 952
3164 6539 991
3165 10783 352
3165 10737 474
3165 15353 575
3165 11703 148
3165 2633 763
3166 15124 198
3167 1566 401
3167 9730 954
3167 121 142
3167 8881 631
3167 9784 252
3168 12484 385
3168 5330 183
3168 4741 784
3168 7499 543
3169 10288 245
3169 7034 161
3169 8253 759
3169 256 586
3169 13627 512
3169 11543 847
3169 2883 457
3169 5875 898
3170 11393 361
3170 5960 194
3170 9266 907
3170 2647 440
3170 6579 547
3170 13625 332
3171 13209 768
3172 10123 694
3173 9113 371
3173 15564 765
3173 11736 62
3174 1553 408
3174 6793 826
3174 14632 651
3174 11102 256
3175 10649 18
3175 12449 838
3176 13813 403
3176 11330 811
3177 5224 412
3177 11541 835
3177 4077 130
3177 14115 790
3177 4370 548
3178 11063 507
3178 3186 796
3179 1786 45
3179 1141 515
3179 9397 243
3179 2214 137
3179 10369 115
3180 5006 37
3180 6882 103
3180 2783 939
3180 13945 933
3181 1488 492
3181 2396 325
3181 5679 471
3182 9433 957
3182 14996 21
3183 10485 235
3183 9391 114
3183 11230 34
3183 6451 447
3183 12323 106
3183 9003 270
3184 15452 550
3184 1249 852
3184 1808 394
3185 4077 168
3185 6567 69
3185 982 22
3185 4521 651
3185 6769 6
3186 15892 936
3186 11137 821
3186 2246 233
3186 489 704
3186 4164 327
3187 5093 474
3187 6253 28
3187 14361 430
3187 3926 936
3188 8319 454
3188 15623 390
3188 8661 273
3188 10142 532
3188 8696 121
3188 13729 107
3189 7426 468
3189 7272 111
3189 7589 702
3189 1374 563
3190 9783 356
3190 11149 152
3190 15077 966
3190 1482 36
3190 3095 292
3191 969 868
3191 5373 168
3191 15030 66
3191 13988 176
3191 9649 838
3192 3843 217
3192 10435 467
3193 6919 363
3193 8047 561
3193 6067 832
3193 8743 824
3194 2534 90
3194 8429 231
3194 872 289
3194 2017 535
3194 14086 474
3195 5604 107
3195 15231 435
3195 10645 268
3195 7106 624
3196 6109 729
3196 10838 560
3196 10928 277
3196 11827 771
3197 8043 112
3197 9932 394
3198 5568 826
3199 15217 658
3200 4343 680
3200 610 450
3201 3891 607
3201 4385 802
3201 14940 226
3201 8283 419
3202 12547 680
3202 15527 563
3203 10076 636
3203 9135 871
3203 6838 491
3203 2700 750
3204 194 90
3204 14339 172
3204 14581 529
3205 2395 81
3205 14119 623
3205 15806 857
3205 1919 936
3205 15680 708
3206 3115 671
3206 1946 68
3206 9731 519
3206 10807 490
3207 15155 925
3207 3077 119
3207 7097 208
3207 10494 878
3208 8361 502
3208 10776 235
3208 9596 114
3209 7801 274
3209 12003 896
3210 10987 973
3211 4562 994
3211 12500 436
3211 9649 283
3212 10057 122
3212 12871 431
3212 11529 694
3212 2551 684
3212 13127 701
3212 1899 696
3213 14473 661
3213 4378 589
3213 11233 929
3213 12712 74
3213 2824 558
3214 6066 263
3214 6611 837
3214 436 55
3214 3542 682
3214 795 159
3215 10969 598
3215 12029 738
3215 6839 303
3216 12300 535
3216 13193 544
3217 1078 181
3217 4564 238
3217 7889 880
3217 13295 227
3217 9986 12
3218 438 318
3218 13035 402
3219 10754 376
3219 7453 932
3219 3623 462
3220 4251 788
3220 1814 15
3221 6116 207
3221 2426 271
3222 1190 180
3222 1229 656
3222 8242 867
3223 334 836
3224 8957 474
3224 14963 141
3224 8574 918
3224 7442 204
3225 915 639
3226 9034 227
3226 14709 599
3226 1838 117
3226 15966 629
3227 5495 69
3227 4430 414
3227 5574 268
3227 1932 517
3228 5051 729
3228 760 730
3228 5275 785
3229 14546 644
3229 13904 491
3229 4800 129
3229 3388 856
3229 15169 252
3229 1889 704
3229 2539 898
3230 10029 219
3230 761 766
3230 12332 743
3230 15637 588
3230 9859 391
3230 8100 734
3231 2294 12
3231 13199 928
3231 10084 486
3231 9692 238
3232 11876 245
3232 15817 741
3232 5768 38
3232 3051 67
3232 10320 912
3232 14404 873
3232 12796 303
3232 6643 906
3232 1769 752
3232 290 966
3232 14264 2
3232 3371 788
3233 3893 396
3233 6001 936
3233 2075 379
3233 11051 823
3234 2042 545
3234 12225 902
3234 8147 382
3234 14318 747
3234 1014 946
3235 4125 772
3235 15015 52
3236 9380 773
3236 12037 613
3236 14868 91
3237 4399 706
3237 9462 39
3238 9040 82
3238 2438 308
3239 12125 24
3239 15269 450
3239 13569 696
3239 2262 902
3239 13999 596
3240 5817 81
3240 15560 309
3240 6319 518
3240 450 860
3240 1339 881
3241 2470 400
3241 13798 15
3241 3030 709
3241 7182 655
3241 13823 809
3241 9795 310
3242 14949 556
3242 12361 879
3242 14430 125
3242 6266 404
3242 4074 804
3243 10581 731
3243 1896 26
3243 1614 915
3244 24 338
3245 5062 604
3245 14479 807
3245 10385 893
3245 11288 212
3245 991 105
3245 15045 737
3245 14215 359
3246 14326 348
3246 14898 248
3246 11761 250
3246 15369 881
3246 5794 727
3247 13632 348
3247 3906 395
3247 14871 692
3248 7628 71
3248 3181 669
3248 2981 224
3248 2237 685
3249 3086 920
3249 10898 9
3249 12848 123
3249 7725 212
3249 9136 635
3249 7545 129
3249 12362 9
3250 1587 66
3250 10613 415
3250 14637 209
3251 7548 323
3251 651 218
3251 8803 361
3251 10456 83
3252 4053 839
3252 4723 169
3252 1577 630
3253 8981 628
3253 4970 595
3253 9771 860
3253 829 460
3253 1786 38
3254 11124 623
3255 12432 425
3255 15318 286
3255 15372 665
3255 2757 230
3256 3947 145
3256 2328 590
3256 14616 210
3257 11084 161
3257 1021 372
3257 8406 541
3257 6915 632
3257 8199 540
3258 2918 18
3259 5916 33
3259 1938 954
3259 8512 970
3260 8839 944
3260 661 571
3260 14821 996
3260 6118 496
3260 13126 729
3260 15219 855
3260 6252 763
3260 15779 622
3260 7651 992
3261 11877 287
3261 3704 989
3261 7953 104
3261 9338 876
3262 78 251
3262 11270 693
3262 5567 733
3262 11845 371
3262 1929 730
3262 3368 593
3262 14262 936
3262 5494 963
3263 1973 434
3263 8788 337
3263 13905 357
3264 10613 626
3264 9932 392
3264 10386 792
3265 14650 849
3266 14076 226
3266 7656 84
3266 3475 481
3267 14321 323
3267 1986 591
3268 4686 889
3268 6788 150
3268 3671 782
3268 9198 349
3268 14107 229
3269 6073 821
3269 12637 174
3269 8024 666
3269 13590 393
3269 9389 762
3270 15687 717
3270 14711 42
3270 1345 530
3270 1424 104
3270 7144 305
3270 6537 793
3271 1485 739
3271 14877 15
3271 14385 919
3271 952 247
3272 14942 973
3272 10356 240
3272 3 220
3272 9557 991
3273 11599 468
3273 13206 980
3273 15764 759
3273 14453 789
3273 13222 665
3273 15175 933
3274 4751 177
3274 8937 442
3275 7051 421
3275 2422 954
3275 14100 155
3276 1483 925
3276 510 932
3277 4861 148
3277 5891 677
3277 1313 736
3277 14158 214
3278 5007 962
3278 15168 753
3279 7247 56
3279 15088 351
3280 12618 62
3280 10799 915
3280 2548 320
3280 1041 578
3280 6880 899
3280 3069 869
3280 8248 432
3280 12844 567
3280 4925 911
3281 15816 309
3281 7809 416
3282 14361 77
3282 174 115
3283 7933 653
3283 1462 880
3283 14233 201
3283 5271 884
3283 6753 530
3284 8679 753
3284 11846 363
3285 3752 237
3285 6987 388
3286 6484 588
3286 10017 235
3286 4258 504
3286 9546 920
3287 13955 824
3287 2833 679
3287 7836 585
3288 8114 608
3288 13822 856
3288 14697 255
3288 15129 63
3288 14063 982
3288 7566 424
3289 13799 590
3290 4471 689
3291 11886 22
3291 15615 297
3291 1075 493
3291 2582 730
3291 10892 781
3291 10688 666
3291 8560 881
3291 3243 636
3292 12836 468
3292 1719 358
3292 8339 303
3292 15632 418
3292 7947 166
3292 1403 904
3293 2210 675
3293 883 490
3293 13127 267
3293 5098 622
3293 9788 407
3294 13826 658
3294 8369 917
3294 591 755
3294 14890 694
3295 1896 545
3295 108 412
3295 5279 22
3295 2930 412
3296 6596 985
3296 8371 827
3296 5184 735
3297 12038 277
3297 6959 99
3297 5368 494
3297 12769 153
3297 714 215
3297 3224 365
3297 1176 987
3298 12648 923
3299 15707 812
3299 6890 980
3299 5704 838
3300 13270 717
3300 9249 421
3300 5497 328
3300 6089 381
3301 9447 151
3301 14488 232
3301 5593 749
3302 11140 325
3302 8250 563
3302 15432 98
3302 13432 150
3302 1770 337
3302 14870 129
3302 1087 438
3302 4136 898
3302 3726 337
3303 2028 850
3303 15392 881
3303 10912 776
3303 4949 759
3303 5565 293
3304 8259 860
3304 2326 602
3304 7057 184
3304 14786 568
3304 1548 974
3304 10542 150
3305 4624 809
3305 805 593
3305 10728 343
3305 1055 778
3305 15531 97
3305 7029 45
3305 222 347
3306 9413 119
3306 7110 841
3306 1606 112
3306 7294 218
3306 1641 830
3306 8424 729
3306 5800 782
3307 10446 319
3307 178 456
3307 1131 184
3307 2250 7
3308 10485 364
3308 9124 171
3308 9134 515
3309 8134 920
3309 6819 935
3310 13635 888
3310 2003 853
3310 3093 185
3311 14101 455
3311 1348 345
3311 7816 197
3311 9658 930
3312 9047 724
3312 12808 983
3313 8695 252
3313 5156 881
3313 14395 432
3314 4875 494
3314 7950 793
3314 14963 643
3314 4989 77
3314 6347 554
3315 12954 319
3315 3280 489
3315 2646 553
3316 7306 520
3316 4279 876
3316 14110 427
3316 15495 975
3316 12319 482
3316 14250 510
3317 888 260
3317 7669 143
3317 6659 802
3317 3779 891
3317 13002 297
3317 8317 289
3318 14771 771
3318 11478 400
3318 1411 355
3318 3387 56
3318 2018 901
3319 6131 1000
3319 1919 895
3319 5869 967
3319 2798 581
3319 15154 156
3320 927 946
3320 7599 832
3320 9043 712
3320 15668 126
3321 2424 839
3321 15359 412
3321 10040 912
3321 15617 854
3321 1943 279
3321 9164 364
3322 312 269
3322 9195 580
3322 8240 973
3323 2370 187
3323 9632 546
3324 4092 916
3324 14156 210
3324 3751 532
3324 8280 589
3325 7834 968
3325 7085 715
3325 15044 971
3325 3429 279
3325 2037 720
3326 15226 272
3326 14651 702
3326 6264 907
3327 5618 773
3327 7603 26
3327 1505 582
3328 14525 769
3328 5556 200
3328 2560 655
3329 14543 551
3329 13958 669
3330 11739 103
3330 12328 202
3330 10312 648
3331 948 613
3331 1792 949
3331 1873 842
3332 4656 978
3332 10645 545
3332 5469 211
3333 1863 396
3333 14539 385
3333 9382 199
3333 6707 591
3333 8727 935
3333 10911 640
3334 11775 969
3334 2759 419
3334 13909 374
3335 6337 559
3336 4052 882
3336 1200 215
3336 7700 103
3336 1235 342
3336 9183 545
3337 5513 35
3337 12744 661
3339 11708 282
3339 2781 48
3339 7625 583
3339 13967 40
3339 2414 172
3339 3350 129
3340 10689 147
3340 9023 934
3340 8891 751
3340 9597 999
3340 12573 660
3342 8527 768
3342 10292 691
3342 247 241
3342 2663 449
3342 11464 337
3342 4563 350
3343 4865 55
3343 2513 437
3343 14822 81
3343 2140 748
3343 5000 285
3344 3308 865
3344 14158 797
3344 11472 741
3345 12390 660
3345 7766 322
3345 2776 561
3345 12545 34
3346 3641 432
3346 10101 378
3346 5133 706
3347 8751 183
3347 15681 678
3347 15958 622
3348 11002 781
3348 11546 161
3348 15404 908
3349 6040 777
3349 15033 856
3349 10881 32
3349 10210 202
3349 2261 702
3350 4837 476
3350 3466 899
3350 7184 210
3351 13886 556
3351 13173 269
3351 13855 912
3352 14031 39
3352 4422 176
3352 3943 977
3353 8772 675
3353 6785 401
3353 11144 983
3353 9843 220
3353 14675 70
3353 3454 314
3353 6193 941
3353 5175 54
3353 6450 940
3353 8042 219
3354 6030 369
3354 7855 50
3354 4227 574
3354 14839 733
3354 773 92
3355 10256 673
3355 13217 516
3355 2605 803
3356 8936 774
3356 10613 83
3356 14518 372
3356 13053 447
3356 6519 821
3356 8340 764
3356 10036 266
3357 326 954
3357 9039 400
3357 2373 593
3358 2710 456
3358 8450 367
3358 11932 65
3358 11235 428
3359 3504 596
3359 13557 452
3359 3662 124
3359 10760 124
3359 188 469
3360 8875 885
3360 1509 462
3360 2770 814
3360 3818 362
3361 11092 410
3361 4044 842
3361 13274 714
3361 14541 132
3361 10381 695
3362 11709 652
3363 11444 539
3363 444 545
3363 2463 787
3364 8544 837
3364 4537 102
3364 4210 413
3364 3520 534
3364 14287 33
3364 1728 86
3364 13095 27
3365 12115 803
3365 6436 320
3365 14887 993
3366 5084 829
3366 2654 641
3366 5546 719
3366 8288 753
3366 3821 142
3366 999 681
3366 4097 586
3367 8618 567
3367 8626 748
3367 11081 904
3367 1801 993
3368 13158 802
3368 9677 621
3368 9936 180
3368 4400 996
3368 328 698
3368 493 537
3368 689 711
3369 9908 788
3369 2672 76
3369 1674 103
3369 14319 386
3370 3788 597
3370 14359 940
3371 14247 390
3371 10407 947
3371 10963 600
3372 7312 971
3372 8811 104
3372 3822 65
3372 11609 185
3372 873 805
3372 455 893
3373 694 707
3373 11792 411
3374 1310 871
3374 8302 842
3375 630 985
3375 1562 706
3376 7000 848
3376 6713 618
3376 9294 340
3376 8426 255
3376 12014 436
3377 6386 162
3377 9514 109
3377 14493 383
3377 4169 512
3377 1490 214
3377 10709 397
3377 4309 410
3378 8532 191
3378 5254 189
3379 6250 129
3379 10375 402
3379 15319 385
3380 5734 410
3380 93 820
3380 348 602
3381 1240 575
3381 13155 812
3382 7255 172
3382 9612 453
3382 5237 621
3383 2404 338
3383 9504 454
3383 3994 848
3383 14562 166
3383 7423 567
3383 8340 183
3383 2976 23
3383 1626 29
3384 7220 716
3384 2738 82
3384 2502 345
3384 6783 754
3384 9555 432
3385 1211 234
3385 15744 689
3385 11271 574
3385 11481 213
3385 7470 104
3385 10455 611
3386 2650 942
3386 6488 421
3386 7299 9
3387 13289 556
3387 939 526
3388 7319 373
3388 14037 105
3388 953 267
3388 186 735
3388 14382 937
3388 12965 820
3388 3008 631
3388 9932 648
3389 4143 683
3389 15430 19
3389 3958 693
3389 3654 642
3390 6606 168
3390 10147 974
3391 12914 963
3391 10810 940
3391 4779 621
3391 13107 254
3391 101 465
3391 4743 381
3392 2782 2
3392 3895 119
3392 15175 691
3392 15605 661
3392 338 849
3392 5022 252
3392 4517 873
3392 10918 222
3392 12807 88
3392 9675 526
3392 8076 412
3393 9816 97
3393 7347 188
3393 4197 444
3393 14598 151
3393 2287 669
3393 13457 561
3394 3927 639
3394 4865 767
3394 2480 268
3394 3378 485
3394 13941 901
3396 7584 178
3396 954 366
3396 15756 816
3396 5671 24
3396 11384 451
3397 8950 366
3397 1966 304
3397 6227 532
3397 10670 401
3397 15421 367
3398 14552 424
3398 10675 193
3398 2344 906
3398 13658 34
3398 11445 860
3399 15431 376
3399 6206 330
3399 790 500
3400 4463 857
3400 14264 190
3400 15708 677
3400 8174 74
3400 12642 733
3400 1568 288
3400 14128 314
3401 15593 926
3401 2641 916
3401 3704 489
3401 7665 530
3401 11177 668
3401 2792 962
3401 6715 713
3402 8999 908
3402 8466 164
3402 3863 821
3402 11570 647
3402 1115 831
3403 14262 82
3403 4317 445
3403 3571 458
3403 6364 323
3403 5639 457
3403 124 509
3403 14590 47
3404 14645 255
3404 2353 843
3404 7140 970
3404 14205 215
3405 8196 954
3405 13873 610
3406 10006 464
3406 2054 347
3406 8664 88
3406 2521 937
3406 5774 851
3406 14873 912
3407 12833 521
3407 14667 488
3408 1284 102
3408 2539 400
3409 5154 166
3409 6669 117
3409 13576 75
3409 5210 169
3409 9800 627
3409 6318 671
3410 7982 737
3410 9299 725
3410 5594 322
3410 5656 305
3410 5121 319
3411 15664 735
3411 2825 643
3411 10591 607
3411 10177 361
3411 7724 63
3411 3128 150
3411 15613 605
3412 428 467
3412 2115 418
3413 3691 325
3413 7461 677
3413 6088 102
3413 15927 516
3413 7986 145
3414 3946 138
3414 3029 420
3414 8929 929
3414 15261 194
3414 6085 671
3414 7314 761
3414 12107 997
3415 15440 24
3415 13632 863
3415 480 913
3415 9677 683
3416 7150 423
3416 3077 137
3416 12046 777
3416 8986 234
3416 101 401
3417 8660 690
3417 14711 723
3417 6538 558
3417 10050 255
3418 11237 467
3418 5465 183
3418 7241 568
3419 8192 157
3419 4897 154
3419 1398 999
3420 5078 88
3420 104 595
3420 9482 461
3420 12158 661
3420 5010 145
3420 5707 694
3420 4295 413
3421 4881 751
3421 729 387
3421 12615 859
3421 10654 885
3421 9075 648
3421 15829 961
3422 181 475
3422 11635 464
3422 1630 701
3423 9357 203
3423 2184 244
3423 9317 295
3423 1234 356
3424 10618 42
3424 8677 32
3424 5253 726
3425 11485 783
3425 13775 359
3425 12891 116
3425 15088 546
3425 8329 752
3425 4719 332
3426 14832 654
3426 4432 836
3427 1825 214
3427 10394 183
3427 4300 353
3427 10811 971
3428 9849 670
3428 319 707
3428 12001 141
3429 8923 865
3429 14144 20
3429 5850 356
3430 15709 236
3430 12471 884
3430 6006 944
3430 10527 602
3430 12826 820
3431 3826 338
3431 6281 907
3431 14483 760
3431 12820 623
3431 12500 42
3432 7026 645
3432 9477 236
3432 13322 441
3432 3925 876
3432 1474 172
3432 13630 925
3433 152 805
3433 517 995
3433 8096 257
3433 1608 944
3434 382 313
3434 4009 269
3434 7970 411
3434 5218 127
3434 5416 560
3435 5157 313
3435 1825 808
3435 10401 776
3435 10727 599
3436 2716 169
3436 13012 570
3436 7437 971
3436 14427 254
3436 1787 527
3437 9952 162
3437 4423 87
3437 4605 150
3438 8005 235
3438 8829 469
3438 6688 923
3439 2007 229
3439 9063 79
3439 9481 281
3439 15448 691
3440 1859 827
3440 14637 860
3440 2313 665
3440 11466 37
3440 12518 287
3440 13708 766
3441 7272 16
3441 15451 621
3441 11874 284
3441 2575 942
3441 2308 496
3442 9429 433
3442 4268 440
3442 11469 188
3442 15653 365
3443 255 32
3443 8702 72
3443 10820 388
3443 7793 854
3444 1550 503
3444 3387 712
3444 2153 480
3444 3524 973
3444 2236 764
3444 14088 763
3444 4525 662
3445 3309 130
3445 12082 734
3445 14042 478
3445 8466 579
3445 5788 757
3445 15715 477
3445 10522 369
3445 4083 356
3445 11147 585
3446 12764 881
3446 14161 213
3446 12497 656
3447 4405 845
3447 2098 380
3447 13107 300
3448 705 715
3448 12249 103
3448 14954 622
3448 12999 272
3449 10094 786
3449 14697 248
3449 14458 67
3449 5334 545
3450 4975 978
3450 6888 941
3450 11975 846
3451 11641 344
3451 1966 151
3451 11355 6
3451 681 429
3451 8850 597
3452 2611 455
3452 2228 686
3452 13314 583
3452 14202 354
3452 15414 643
3452 14394 592
3453 15261 390
3454 4029 21
3454 4267 516
3454 14863 331
3454 13249 742
3454 5672 6
3455 1928 13
3455 5089 86
3456 5805 404
3456 3332 199
3456 3891 642
3456 11782 579
3456 13851 728
3456 5341 864
3457 7218 262
3457 8457 774
3457 14962 154
3457 12007 145
3457 7000 491
3457 8642 145
3457 6911 818
3458 4552 724
3458 9702 88
3459 13978 986
3459 11458 577
3459 10799 749
3460 15274 17
3460 13560 597
3460 3096 366
3460 4930 150
3460 15404 833
3461 6460 757
3461 3688 979
3461 11915 529
3461 11360 970
3462 2047 685
3462 11283 358
3463 10606 467
3463 13216 8
3463 3289 462
3463 14220 828
3463 7311 76
3464 922 115
3465 10153 877
3465 1202 427
3465 6796 348
3465 4738 484
3466 939 124
3467 967 516
3467 8560 603
3467 15615 606
3467 8409 918
3467 12815 213
3468 7593 992
3468 6885 614
3468 1056 820
3468 12784 199
3468 7329 346
3468 13644 168
3468 4225 9
3468 1899 560
3469 5490 482
3469 1761 385
3469 171 459
3469 2556 410
3469 2453 326
3470 11591 654
3470 193 912
3470 3269 781
3471 5594 910
3471 4387 24
3472 8265 960
3472 2274 788
3472 15532 524
3472 9213 142
3472 10199 275
3472 11753 773
3472 2681 303
3472 13842 335
3473 5860 153
3473 15181 820
3473 1829 124
3473 9306 29
3473 15677 341
3474 15638 161
3474 109 177
3474 7080 958
3474 15016 819
3474 4694 243
3474 4002 259
3474 13701 960
3475 9618 682
3475 5816 389
3476 11133 342
3476 14267 529
3477 12817 528
3477 10782 671
3477 14560 31
3477 11759 418
3477 12221 364
3478 6615 308
3478 1758 865
3478 13859 604
3478 2667 543
3478 1506 488
3478 5695 138
3478 13044 857
3478 4776 675
3478 6662 958
3478 13889 869
3479 10332 935
3479 8931 634
3479 6688 648
3480 7994 854
3480 7415 552
3480 8069 55
3480 3272 114
3480 2492 753
3481 649 313
3481 9024 523
3481 14287 11
3481 7453 420
3482 390 298
3482 1379 460
3482 10824 648
3482 15657 797
3482 8958 42
3482 10714 933
3482 6045 809
3483 11874 997
3483 4859 717
3483 1273 535
3483 5100 701
3483 14004 537
3483 12874 458
3483 1628 159
3484 1134 638
3484 8672 815
3485 2315 74
3485 5256 738
3485 4227 534
3486 90 520
3486 363 353
3486 13951 917
3487 1326 290
3487 9333 499
3487 10884 67
3487 2072 888
3487 4106 70
3487 15414 303
3488 4557 90
3488 14811 606
3488 12499 243
3488 12827 261
3489 15357 525
3489 15834 896
3489 15644 486
3489 566 136
3490 10668 195
3490 9470 198
3490 15554 832
3491 15617 407
3491 9175 641
3491 474 45
3491 420 992
3492 5293 179
3493 14688 676
3493 12415 792
3493 9137 71
3494 1664 256
3494 4909 292
3494 10411 444
3494 5092 888
3494 11624 977
3494 5512 16
3494 2271 491
3495 11160 729
3495 11164 915
3495 182 349
3495 4587 251
3496 7606 747
3497 3771 352
3497 5696 681
3497 5993 250
3498 3623 48
3498 9191 806
3498 95 871
3498 9420 280
3498 12330 705
3498 8585 17
3498 1961 349
3499 12818 820
3499 9801 561
3499 10256 720
3500 15103 15
3500 4778 969
3500 3689 815
3500 4565 664
3501 271 670
3501 11257 785
3501 8502 436
3501 9991 997
3502 12431 242
3502 15906 89
3502 4667 703
3502 11234 360
3503 6178 210
3503 1752 400
3503 9364 900
3503 7614 602
3503 12724 907
3503 6053 694
3503 11408 902
3504 9736 73
3504 9475 8
3505 14481 281
3505 635 62
3505 10963 440
3505 1630 777
3505 3376 69
3505 5765 180
3505 1042 920
3506 8178 58
3506 4116 703
3506 12450 57
3506 2605 889
3507 4718 796
3507 4128 89
3507 8142 549
3507 6539 522
3508 7163 860
3508 13909 197
3509 11028 142
3509 9825 641
3509 8427 802
3509 8163 65
3509 5644 438
3509 11434 62
3510 918 947
3510 9042 648
3510 2819 554
3510 12929 379
3510 7106 401
3510 10674 383
3510 340 106
3510 12283 990
3511 3335 866
3511 3073 957
3511 1784 922
3511 11706 709
3511 1103 534
3512 12155 227
3512 5378 353
3512 4089 370
3512 11430 850
3513 4294 573
3513 10069 169
3514 13693 921
3515 1051 663
3515 2669 272
3515 4451 667
3515 11798 685
3516 9649 715
3517 13582 122
3517 2747 19
3517 11720 643
3518 13678 526
3518 2837 731
3518 13910 713
3518 13318 505
3518 15427 852
3518 10799 277
3518 559 431
3518 11257 704
3519 10496 113
3519 6420 892
3519 4808 58
3519 11885 850
3519 291 700
3519 2475 696
3519 6632 885
3520 6897 883
3520 14685 865
3520 15458 965
3520 1556 508
3521 8607 446
3521 9598 971
3521 2212 806
3521 12859 762
3521 4556 627
3522 14171 790
3522 113 373
3522 4829 397
3522 3366 964
3522 1326 412
3523 1057 499
3523 12040 729
3524 14506 292
3524 1652 400
3524 7865 416
3524 367 348
3525 13018 931
3525 4948 315
3525 12502 259
3525 12880 78
3525 372 457
3525 14903 511
3526 4542 767
3526 2785 384
3526 3062 269
3526 4996 560
3526 14896 488
3526 15924 659
3527 4567 533
3527 2316 617
3527 1164 187
3527 14477 109
3527 6507 9
3527 2423 980
3528 481 335
3528 13556 464
3528 12545 784
3528 13849 320
3529 9732 61
3529 13082 490
3530 7322 115
3530 14350 619
3530 7862 850
3531 5570 693
3531 3551 349
3531 3266 365
3531 267 908
3531 10895 29
3531 8062 673
3532 2991 230
3532 15157 202
3533 15902 352
3533 1511 948
3533 12390 428
3533 11880 336
3534 13351 134
3534 9509 432
3534 4506 518
3534 801 924
3535 8709 81
3535 12132 564
3535 86 69
3535 13410 471
3535 11178 373
3535 9847 989
3535 244 857
3535 4557 295
3536 6069 20
3538 14816 116
3538 12929 483
3539 2865 555
3539 12888 803
3539 3488 723
3539 2403 870
3540 14201 162
3540 1890 508
3540 8901 671
3541 2901 109
3541 5679 500
3541 8182 86
3541 9806 200
3541 2093 849
3541 3731 34
3542 13522 956
3542 8853 185
3542 6125 134
3542 2313 15
3543 8063 739
3543 7751 452
3544 2421 423
3544 4740 72
3544 8448 552
3544 4720 825
3544 4951 764
3545 14949 211
3545 4693 227
3545 11082 985
3545 13296 147
3545 999 543
3546 725 35
3546 14285 915
3546 11780 940
3546 6159 595
3547 14721 592
3547 2387 625
3547 2228 88
3547 14036 465
3547 15490 751
3548 4190 881
3548 11886 107
3548 3256 768
3548 3170 167
3548 14022 442
3549 110 599
3549 14199 877
3549 2528 396
3549 6377 275
3549 9550 374
3549 854 317
3550 7502 110
3550 11502 931
3550 12870 365
3551 1279 863
3551 7109 422
3551 13993 750
3552 10061 175
3552 10800 457
3552 8683 824
3552 3140 415
3552 6069 191
3552 14188 358
3552 9000 375
3552 10817 822
3553 1759 129
3553 5462 695
3553 13733 561
3554 6842 830
3554 303 793
3555 3483 708
3555 9577 181
3555 2800 990
3555 9650 334
3555 3331 361
3555 7691 501
3555 3357 204
3556 10321 251
3556 6032 640
3556 5821 974
3557 12305 736
3557 10468 749
3558 7004 368
3559 1356 321
3560 9760 136
3560 3393 578
3560 7614 417
3561 4333 834
3561 14065 71
3561 8917 425
3561 15766 844
3561 2450 682
3562 4310 826
3562 13864 72
3562 15485 760
3563 4580 563
3563 10338 877
3563 8392 123
3563 14651 504
3563 9860 934
3563 3184 178
3564 9911 964
3564 8311 354
3564 7070 932
3564 7287 67
3564 6811 976
3564 13604 914
3564 12727 135
3565 13471 585
3565 5314 124
3566 6119 262
3566 7984 831
3566 14014 471
3566 5804 397
3566 12361 180
3566 9414 236
3566 5196 493
3567 6587 92
3567 11655 749
3567 7789 539
3568 1714 106
3568 3124 570
3569 1382 10
3569 4275 246
3569 2887 153
3570 8213 765
3570 12581 368
3570 6705 334
3571 14939 890
3572 6226 994
3572 8942 76
3572 9293 607
3572 14206 498
3572 100 551
3572 10899 261
3573 6326 334
3573 4062 60
3573 1974 102
3573 93 525
3574 7399 923
3574 14751 495
3574 2885 191
3574 12406 868
3574 8639 560
3575 3356 297
3575 10572 142
3575 3566 607
3575 7604 113
3576 10393 9
3576 10667 246
3576 1156 968
3576 6985 545
3577 5036 265
3577 5880 966
3577 517 218
3577 15952 65
3577 4269 483
3578 10534 535
3578 15517 776
3579 14146 174
3579 6248 87
3579 2044 162
3579 7972 941
3579 3479 453
3580 9443 622
3580 15816 846
3580 1579 834
3580 15122 110
3581 7159 444
3581 9453 589
3581 15265 203
3581 1147 315
3581 8906 209
3582 3669 577
3582 7248 536
3583 1022 451
3583 10742 716
3583 9336 159
3583 11036 322
3584 11402 25
3584 14564 33
3584 5657 538
3584 13251 708
3584 13449 304
3584 5639 45
3585 8207 769
3585 9735 826
3585 3913 593
3585 684 823
3586 6774 40
3586 573 595
3586 12654 388
3586 3112 165
3586 10908 646
3586 14916 920
3587 6304 331
3587 13092 942
3587 13710 830
3587 6332 303
3587 1038 247
3587 4077 834
3588 15580 150
3588 11612 781
3588 2742 317
3588 4617 345
3588 14849 199
3588 6568 507
3588 11413 524
3588 35 541
3588 11830 541
3589 2529 651
3589 9993 419
3589 5534 451
3590 5184 448
3590 12027 632
3590 10577 50
3590 1425 488
3590 9815 126
3590 2121 981
3591 13656 571
3591 15459 225
3591 14950 372
3591 1932 913
3591 5116 423
3591 557 573
3592 8227 547
3592 13529 677
3593 507 356
3593 14368 64
3593 1681 416
3593 15836 803
3594 12147 112
3594 1564 94
3594 10034 993
3594 5005 512
3594 9801 48
3594 11888 153
3595 12575 77
3595 8988 913
3595 3479 196
3595 6273 648
3595 12727 909
3595 2867 190
3596 6920 542
3596 11431 855
3596 3059 79
3596 10768 208
3596 9963 743
3596 2718 912
3597 10392 995
3597 11878 873
3597 2402 716
3597 11618 784
3597 4786 379
3598 10726 519
3598 14908 804
3598 8445 9
3598 15701 429
3598 8303 482
3598 1353 247
3598 5590 973
3598 11411 620
3599 6498 369
3599 998 255
3599 8568 788
3599 15532 163
3601 211 368
3601 12581 265
3601 3478 916
3601 852 792
3602 10877 637
3602 15252 796
3602 10129 515
3602 669 747
3603 10100 293
3604 6405 505
3605 1684 729
3605 7500 302
3605 7670 973
3605 9995 89
3605 1274 444
3606 253 15
3606 69 574
3606 12551 595
3607 13270 388
3609 10103 779
3610 1130 763
3610 5709 95
3610 2389 724
3610 6863 452
3611 4740 428
3611 15849 646
3611 5884 706
3611 1908 772
3611 181 487
3611 12356 191
3611 15569 55
3611 3840 904
3612 14367 381
3612 15485 635
3612 3414 761
3613 14886 323
3613 1510 235
3614 8475 292
3614 10714 668
3614 14014 473
3614 3553 84
3615 9866 498
3616 12314 934
3617 8173 155
3617 1577 523
3617 12188 491
3618 1412 640
3618 15492 671
3618 3907 410
3620 11885 221
3621 8013 415
3621 11696 515
3621 744 967
3621 3612 213
3621 2698 8
3622 15332 46
3622 8636 286
3623 1460 969
3623 7297 618
3623 12364 580
3623 202 707
3624 13384 462
3625 4325 191
3625 15481 291
3625 15736 679
3625 13092 724
3626 157 911
3626 4597 931
3626 1970 381
3626 1960 452
3626 7464 740
3626 9224 502
3627 800 40
3628 5641 744
3628 7021 661
3628 2050 42
3628 8985 638
3628 5194 998
3628 7459 735
3629 1948 729
3629 8140 292
3629 7589 493
3629 11701 652
3630 7324 319
3630 2473 546
3630 9825 784
3630 2919 531
3630 5521 380
3631 4859 881
3631 5281 354
3631 9843 299
3631 3787 1000
3631 2890 631
3632 5230 460
3632 14063 57
3632 12299 508
3633 10180 232
3633 6943 916
3633 6519 478
3634 14885 126
3634 3839 944
3634 14444 118
3634 5923 743
3635 9970 629
3635 11801 747
3636 9821 201
3636 10155 412
3637 10373 164
3638 6082 200
3638 6741 78
3638 3972 848
3638 891 355
3639 4110 621
3639 10988 33
3639 8895 734
3640 14961 777
3640 6708 361
3641 3200 840
3641 3083 143
3643 6305 773
3643 6230 583
3644 7548 312
3644 6189 218
3644 5599 358
3644 13047 82
3644 4181 585
3645 10692 132
3645 214 102
3645 9165 202
3645 5986 468
3645 10045 991
3646 15139 539
3646 13708 246
3646 12389 623
3646 6155 302
3646 11769 522
3646 12665 93
3646 8502 330
3646 7035 148
3647 7464 95
3647 12301 641
3647 11432 120
3647 12559 656
3648 10655 582
3648 6529 88
3649 4060 161
3649 11505 245
3649 5754 715
3649 506 290
3649 8937 178
3649 10640 511
3650 2189 359
3650 15230 478
3650 8307 555
3651 6540 993
3651 4198 384
3651 15919 637
3651 13895 286
3652 8684 235
3652 9399 903
3652 6966 610
3653 7311 891
3653 6465 168
3653 7478 227
3653 6532 797
3653 13875 344
3654 9240 748
3655 14430 185
3655 11669 263
3655 14151 635
3655 10248 418
3656 1039 926
3656 11317 682
3656 15521 921
3656 6617 181
3657 4032 943
3657 9447 158
3657 4725 234
3657 13204 544
3657 11685 274
3657 4980 129
3658 5635 182
3658 7410 130
3658 12063 372
3658 10204 605
3658 11796 944
3658 4682 575
3659 9272 99
3659 14416 800
3660 12278 656
3661 14375 790
3661 4405 242
3661 7074 849
3661 9603 699
3661 82 419
3661 12132 445
3662 3887 895
3662 11457 492
3663 2779 396
3663 5182 600
3663 620 644
3663 8551 680
3663 536 354
3663 1974 114
3663 7018 938
3664 5292 852
3664 13009 322
3665 10014 143
3665 11322 602
3665 10730 226
3666 3973 616
3666 12 819
3666 5483 201
3666 3810 500
3667 14777 327
3667 6106 648
3667 6453 975
3667 13948 897
3667 7095 913
3668 2248 525
3668 1142 556
3668 4500 637
3668 12563 322
3669 7993 582
3669 5925 874
3670 1010 18
3670 8527 711
3670 13422 63
3671 1825 193
3671 8101 46
3671 13306 719
3671 15918 550
3671 8116 661
3671 10478 844
3671 11487 612
3671 6331 645
3672 8343 864
3672 6704 103
3672 3144 403
3673 3772 545
3673 3724 1
3673 7965 688
3674 2413 199
3674 14488 82
3674 10653 83
3674 7373 827
3674 2352 581
3675 9069 35
3675 1967 14
3675 1721 484
3676 13005 401
3676 14139 983
3676 7998 476
3676 8312 552
3676 11536 727
3677 4657 651
3677 5953 213
3678 12622 820
3678 2531 476
3678 8040 481
3679 13074 196
3679 11045 136
3679 8578 75
3679 2867 56
3679 14177 410
3679 11488 929
3680 8197 792
3680 5850 719
3680 13860 127
3680 7334 696
3680 8034 803
3681 529 694
3681 3968 992
3681 127 651
3681 7056 333
3681 12092 629
3682 9482 334
3682 7837 705
3682 7254 817
3683 9227 5
3683 15804 286
3683 15416 770
3683 10825 673
3683 2075 106
3684 3305 697
3684 581 289
3684 14344 605
3684 6194 456
3685 8819 597
3685 15315 493
3686 10124 382
3687 7268 515
3687 11946 760
3688 14398 500
3688 10403 117
3688 1106 695
3689 9397 825
3689 11641 388
3689 4346 100
3690 11740 991
3690 10675 124
3690 12793 840
3690 2552 778
3690 5834 765
3691 3778 504
3692 6363 472
3692 13745 147
3692 6910 972
3693 12478 711
3693 6130 379
3693 12848 652
3693 12144 953
3694 13685 541
3694 892 282
3694 9170 638
3694 3725 110
3694 13424 318
3694 15771 119
3695 2051 519
3695 5219 778
3695 10838 477
3696 5863 97
3696 9804 411
3696 5170 687
3696 4802 148
3696 9933 183
3697 10666 672
3697 8615 859
3697 212 728
3697 5405 818
3697 9162 330
3697 15465 899
3697 9373 826
3697 408 836
3697 11933 638
3697 14097 512
3698 5036 814
3698 13168 12
3698 3549 739
3698 15435 671
3699 10162 531
3699 2884 161
3699 6508 135
3699 10441 495
3700 4679 464
3700 6102 735
3700 10007 688
3701 9185 936
3702 9757 647
3702 789 525
3702 2488 239
3702 1147 601
3702 4242 187
3703 15972 765
3703 1523 113
3703 10252 689
3703 13691 748
3703 4125 910
3703 3486 822
3704 10746 419
3705 4702 201
3705 3613 343
3706 4623 192
3706 4472 485
3706 1657 300
3706 11185 964
3706 12548 729
3706 4305 572
3706 9805 701
3706 14184 797
3707 3552 811
3707 12842 668
3707 4107 102
3707 2241 260
3708 1877 796
3708 8683 39
3708 6753 465
3708 6128 940
3709 14568 245
3709 2442 397
3710 3234 393
3711 15112 838
3711 12099 584
3711 6866 691
3711 13465 994
3712 785 512
3712 14564 697
3712 14807 411
3712 1563 984
3712 7912 808
3713 4357 741
3713 7743 408
3713 4318 396
3714 2515 874
3714 6078 697
3714 7454 396
3715 4716 673
3715 12381 336
3715 7682 465
3715 9410 617
3716 4335 911
3716 6572 854
3716 1356 166
3716 6367 795
3717 14755 714
3717 12888 714
3717 1703 783
3718 7807 637
3718 15688 116
3718 7835 139
3718 9865 594
3719 7878 392
3719 12715 162
3719 3342 614
3719 11379 41
3719 180 134
3719 13548 120
3719 2782 442
3720 3749 357
3720 2372 277
3720 12306 60
3720 2648 89
3721 8581 981
3721 12018 243
3721 4926 787
3721 9957 203
3721 8637 646
3721 11257 583
3721 12468 450
3721 13191 944
3722 7496 900
3722 13510 365
3722 11851 695
3722 15761 48
3722 10529 568
3723 7145 863
3723 6655 428
3724 3606 44
3724 10667 379
3725 11560 344
3725 15300 794
3725 6229 661
3725 15134 570
3725 11668 332
3726 877 637
3726 2427 479
3726 11938 620
3727 10044 480
3728 11461 342
3728 106 629
3728 13772 366
3728 13033 256
3728 10055 3
3729 3908 789
3729 1773 753
3729 11613 167
3730 14046 288
3730 6376 130
3730 1779 142
3730 1632 584
3730 15577 730
3731 13307 644
3731 15213 98
3731 11163 461
3731 9976 9
3731 5221 516
3732 4925 400
3732 7765 544
3732 9537 536
3732 6999 252
3732 3200 644
3732 10078 929
3732 7737 463
3732 14925 559
3732 9822 387
3732 6250 690
3733 2004 604
3733 3783 32
3733 6782 989
3733 5918 214
3734 3237 310
3734 7836 767
3734 15121 171
3734 11971 581
3735 7738 316
3735 631 435
3735 14474 336
3735 4123 152
3736 3841 392
3736 13960 729
3736 1354 730
3736 11562 389
3737 15666 173
3737 4267 641
3737 10411 292
3737 7603 913
3737 9700 546
3739 12669 867
3739 4976 5
3739 6562 169
3739 2778 607
3740 9366 191
3740 10211 955
3740 15807 933
3740 5621 962
3740 10623 579
3741 1479 60
3741 8996 764
3741 15193 543
3741 2049 822
3741 11942 504
3742 4414 843
3743 3664 828
3743 13237 742
3743 3666 339
3743 5194 319
3743 7119 624
3743 4325 727
3743 4369 3
3744 6982 769
3744 15975 820
3744 3893 105
3744 11586 664
3744 8695 960
3745 10174 598
3745 9548 831
3745 8952 818
3746 10662 747
3746 746 758
3746 606 651
3747 15233 252
3747 2297 477
3747 2561 360
3747 3571 563
3747 12662 301
3748 4329 286
3748 14511 322
3748 14990 673
3748 14876 764
3748 478 973
3749 13353 771
3749 6775 130
3749 603 566
3749 13630 620
3750 8804 551
3750 15316 854
3750 12032 536
3750 8662 935
3751 3738 987
3751 7046 390
3751 4557 849
3751 2366 576
3752 12992 180
3753 1959 524
3753 10404 118
3753 6283 513
3753 11387 706
3753 9626 791
3753 11651 917
3754 6768 608
3754 15743 486
3754 15014 456
3754 13508 389
3754 2537 2
3755 2540 642
3755 11972 177
3755 4377 690
3756 7312 888
3756 13332 384
3756 13654 332
3756 91 908
3756 618 963
3756 11405 995
3757 14911 448
3757 11157 649
3757 14219 700
3757 1111 966
3757 11161 238
3758 54 765
3758 10849 804
3758 12592 990
3758 8928 736
3758 12242 730
3759 7623 254
3759 5304 5
3759 8328 568
3759 7599 786
3759 5266 75
3759 3353 150
3760 10808 227
3760 7811 132
3761 10372 161
3761 7931 640
3761 1876 952
3761 1275 91
3761 14921 462
3761 15815 205
3762 5215 353
3762 4746 949
3762 13898 392
3762 6124 869
3763 13541 222
3763 5795 561
3764 8107 844
3765 7114 841
3765 8293 376
3765 14796 45
3766 5063 680
3766 5187 265
3766 13799 523
3767 9801 93
3767 13618 63
3768 1468 447
3768 1418 944
3768 4250 380
3768 637 758
3768 12758 167
3768 5003 403
3768 2449 304
3768 1604 849
3768 1577 803
3769 7616 834
3769 531 733
3769 6920 263
3770 9253 900
3770 2918 75
3770 15976 542
3770 15385 779
3770 7541 396
3770 2755 52
3771 13290 893
3771 1042 541
3772 14941 488
3773 22 924
3773 9267 640
3773 6 543
3773 10816 491
3773 9682 858
3773 5585 553
3773 56 594
3773 7910 605
3773 11233 592
3774 10328 836
3774 4559 460
3775 12803 811
3775 8187 423
3775 6870 805
3775 3605 297
3775 1384 956
3776 15656 339
3776 7505 969
3777 11001 800
3777 11755 684
3777 15764 24
3778 1608 367
3778 12468 906
3778 4169 707
3779 1560 809
3779 3145 379
3779 3441 44
3779 11931 688
3780 6584 773
3780 3094 22
3780 5916 931
3781 5849 593
3781 2046 871
3781 671 518
3781 8137 850
3781 13046 294
3782 8334 359
3782 2895 568
3783 1582 856
3784 7261 904
3784 10270 678
3784 13311 12
3784 1140 827
3785 629 690
3785 13999 158
3785 11972 947
3785 4662 78
3785 3072 759
3785 12522 782
3785 14348 884
3786 1918 821
3786 15354 834
3787 10127 765
3787 7874 782
3787 6720 887
3787 14793 796
3787 7244 823
3787 8002 578
3787 14877 392
3788 14308 406
3788 13254 300
3789 474 712
3789 7244 199
3790 13454 655
3790 1880 486
3791 12788 726
3791 5998 308
3791 3794 930
3791 2484 784
3792 4383 856
3792 9338 900
3793 5199 195
3793 6458 130
3793 11603 111
3793 4387 26
3794 4511 140
3794 6948 861
3794 9752 85
3794 489 379
3795 6354 323
3795 231 391
3796 10083 9
3796 5863 542
3796 8730 238
3796 9887 762
3796 11135 742
3797 2910 35
3797 14926 800
3797 8196 449
3797 711 341
3797 9258 861
3797 5227 580
3798 12462 811
3798 6003 653
3798 11448 835
3798 3234 389
3799 14681 746
3799 4914 771
3800 1056 573
3800 4961 744
3801 1430 217
3801 3026 904
3801 5625 303
3801 7951 28
3801 3857 988
3801 2981 403
3802 7154 624
3802 2050 87
3802 2865 680
3802 14616 905
3802 2541 557
3802 9205 631
3803 795 113
3803 5784 514
3804 1342 988
3804 5160 707
3804 2366 9
3804 4400 301
3805 3841 807
3805 12500 611
3806 14152 813
3806 9634 685
3807 14426 571
3807 4131 995
3807 11327 997
3807 10050 82
3808 7460 197
3808 13145 378
3808 7596 177
3809 14019 368
3809 9447 377
3809 12509 451
3809 8375 9
3810 7954 832
3810 9393 339
3810 7491 444
3810 9405 707
3811 12056 917
3811 14910 862
3811 13080 933
3812 11694 622
3812 1372 260
3812 3751 126
3813 11510 741
3813 1774 447
3813 12367 93
3814 3308 906
3814 13127 185
3814 2399 716
3815 13178 864
3815 497 647
3815 9399 939
3816 2880 428
3816 13619 138
3816 2353 960
3816 2243 663
3816 1356 531
3817 36 46
3818 11606 857
3818 3902 310
3818 15313 644
3818 9336 599
3818 1853 791
3818 8321 590
3819 11997 314
3819 15729 246
3819 1340 204
3820 11990 661
3820 7095 630
3821 2588 958
3822 5354 705
3822 10173 337
3822 9481 749
3822 7740 16
3823 1898 307
3823 10268 973
3823 2821 991
3823 10080 777
3823 562 566
3823 13938 664
3823 5031 320
3823 1188 218
3824 10102 4
3824 14842 493
3824 8494 520
3825 14040 155
3825 1924 839
3825 13770 12
3825 14805 405
3825 7100 832
3825 5442 473
3825 15611 732
3825 5051 307
3826 6274 748
3826 8708 857
3826 6500 812
3827 13695 804
3827 3263 339
3827 8698 528
3828 830 159
3828 14369 861
3828 8978 416
3828 225 496
3828 12561 742
3828 11265 470
3828 314 187
3829 15222 762
3830 3954 521
3830 8967 724
3830 4462 455
3830 11440 384
3830 11755 387
3830 14001 927
3830 2304 552
3831 9375 785
3831 6642 840
3831 13846 182
3832 6177 914
3833 7921 47
3833 5029 519
3833 13381 606
3833 15453 200
3834 15763 961
3835 316 63
3835 4753 917
3836 2475 763
3836 6083 861
3836 2690 17
3836 15418 947
3837 12086 892
3837 13034 600
3837 15319 51
3837 4959 944
3838 12696 239
3838 6190 264
3838 2509 289
3839 906 418
3839 13211 303
3839 4256 138
3839 10893 898
3840 13114 790
3840 2701 892
3840 9646 773
3840 969 624
3840 2560 242
3840 833 942
3840 13814 983
3841 1412 783
3841 1155 810
3841 4701 751
3842 6432 127
3842 6774 281
3842 11434 626
3842 11190 771
3842 6370 784
3843 12061 169
3843 13852 204
3843 4019 520
3843 964 954
3844 6282 500
3844 1665 626
3844 2056 462
3844 12431 338
3845 12725 928
3845 3332 44
3845 12048 186
3845 1731 892
3846 15513 450
3846 1369 296
3846 4464 27
3846 8383 89
3847 8994 486
3847 10565 462
3847 1735 679
3847 7524 789
3847 8307 140
3847 6611 667
3848 4096 727
3849 7250 44
3849 8848 430
3849 6892 106
3849 5043 110
3850 8285 909
3850 8657 815
3850 7970 405
3850 332 467
3851 11301 780
3851 11268 783
3852 9338 31
3853 8770 777
3854 9269 501
3854 13193 66
3854 7839 673
3854 13547 434
3854 8968 382
3855 8479 859
3855 9295 506
3855 5641 356
3855 6759 126
3855 2622 349
3855 14207 106
3855 11664 7
3856 14168 741
3856 12182 587
3856 844 242
3856 15976 588
3856 9727 237
3857 8165 261
3857 1870 971
3857 8489 16
3857 5470 442
3858 4833 574
3858 6251 424
3858 13402 29
3858 13683 744
3858 9131 481
3858 4802 944
3858 419 351
3859 5017 195
3859 160 293
3860 8650 553
3860 11133 4
3860 8164 73
3861 11519 496
3861 10440 946
3861 12622 503
3861 2857 901
3862 12184 313
3862 9838 766
3862 14865 61
3862 6619 460
3863 3426 244
3863 10158 966
3863 10942 726
3863 956 995
3864 10529 947
3864 13088 721
3864 1521 602
3864 828 286
3864 9363 301
3864 4820 652
3864 9484 479
3865 5463 706
3865 7867 231
3865 4626 302
3865 7432 973
3865 15671 165
3865 6050 560
3866 15097 284
3866 7762 178
3866 12328 760
3866 2584 743
3866 6389 825
3866 14272 797
3866 10171 422
3867 3805 830
3867 9600 877
3867 10082 337
3867 7236 326
3868 1856 836
3868 11470 530
3868 2518 876
3869 13595 578
3869 14267 290
3869 2020 315
3869 1324 225
3869 1168 477
3869 11574 14
3870 11237 957
3870 14112 96
3870 11801 301
3870 11122 474
3870 12748 650
3870 14116 449
3871 538 4
3871 7613 40
3871 5806 205
3871 8925 406
3871 11820 131
3871 11970 183
3871 9710 289
3872 14134 643
3873 845 643
3873 8024 207
3873 1811 493
3873 1578 711
3873 7967 209
3873 1052 925
3874 10221 16
3874 10126 286
3874 3836 643
3874 9011 730
3874 8232 689
3874 4593 611
3874 8600 626
3875 13874 115
3875 886 524
3875 15249 821
3875 14395 787
3875 2432 279
3875 3606 956
3875 15609 605
3875 15838 774
3875 13088 617
3876 859 959
3876 13509 459
3876 14359 7
3877 6136 373
3877 8132 776
3878 11295 278
3878 6223 911
3878 4573 148
3878 11057 730
3878 7242 40
3878 14615 997
3879 178 974
3880 1204 604
3880 557 502
3880 13591 50
3880 7165 836
3881 4033 98
3882 4383 395
3883 5679 576
3883 5428 56
3883 13817 513
3883 15884 744
3883 12958 163
3883 17 87
3884 9322 675
3884 7190 201
3885 14732 743
3885 715 659
3885 5712 895
3885 15370 83
3885 10044 521
3885 4434 742
3885 12739 863
3886 13667 685
3886 9587 134
3886 14829 494
3887 381 747
3887 15070 179
3887 1166 195
3887 14584 758
3887 15277 244
3888 15812 420
3888 3288 965
3888 14164 663
3889 13977 968
3889 15872 121
3890 1224 304
3890 4616 833
3890 8202 937
3890 6004 329
3890 14130 17
3890 10267 668
3890 3019 375
3890 10811 880
3891 14025 206
3891 10850 497
3891 4105 507
3892 1685 514
3892 11252 756
3892 12731 891
3892 5297 822
3892 9266 109
3892 3849 123
3893 13674 401
3893 6335 870
3893 6127 671
3894 8049 259
3894 5497 979
3894 2619 897
3895 3713 929
3895 1547 276
3896 12525 604
3896 4173 86
3896 9355 316
3896 8823 418
3897 1551 772
3897 9887 443
3897 11078 939
3897 8648 895
3898 2977 273
3898 4554 266
3898 3564 53
3899 6253 317
3899 360 853
3899 11375 56
3900 6987 288
3901 7434 141
3901 1604 268
3901 8561 273
3901 9510 677
3901 9396 326
3901 11955 268
3901 13292 135
3901 9854 730
3902 5116 500
3902 14113 531
3902 7941 92
3902 6161 169
3902 2871 615
3902 8059 878
3902 9686 177
3902 6416 951
3902 1598 479
3903 15072 521
3903 11724 506
3903 2027 311
3903 4602 877
3904 12911 919
3904 13463 353
3904 3633 398
3905 5034 953
3905 7984 773
3906 15565 326
3906 4933 51
3906 9152 741
3906 8006 883
3906 9885 989
3906 13159 953
3907 9033 82
3907 1993 459
3908 5138 683
3908 15660 198
3908 5739 392
3908 15537 398
3908 1584 6
3909 3212 958
3909 6834 876
3909 15265 787
3909 7683 660
3909 10011 169
3909 10802 206
3910 9280 668
3910 13432 461
3910 5916 499
3911 13979 827
3911 12420 274
3911 769 392
3911 9263 755
3911 6253 6
3912 370 87
3912 1514 778
3912 8303 28
3912 11315 539
3912 5545 14
3912 2716 765
3912 11590 258
3913 8107 392
3913 13039 288
3914 15419 376
3914 8400 687
3914 13802 156
3914 12896 277
3915 570 119
3915 8712 787
3915 5825 509
3915 13947 165
3916 13999 580
3916 4731 500
3917 15733 784
3917 9413 778
3917 7055 199
3918 15653 637
3918 2808 699
3918 11805 890
3918 3377 413
3918 4271 471
3918 1326 211
3919 7087 523
3919 14839 700
3919 6640 676
3919 457 619
3919 12922 225
3919 780 265
3920 9368 265
3920 9366 116
3920 10626 648
3920 2636 546
3921 5088 501
3921 8893 942
3921 11478 427
3921 238 145
3922 1616 427
3923 953 638
3923 9879 978
3923 6404 650
3923 9234 629
3923 123 700
3923 7080 404
3923 1240 152
3923 6567 252
3924 4115 722
3924 3490 639
3924 6816 520
3925 9904 334
3925 12618 686
3925 5293 807
3925 583 2
3925 750 582
3925 1163 741
3925 6072 570
3925 5455 613
3925 5850 595
3926 13190 973
3926 10952 939
3926 13238 582
3926 9130 497
3926 797 142
3926 9780 278
3927 8153 90
3927 7717 556
3927 8193 691
3928 14680 763
3928 2047 784
3928 1090 227
3928 14138 354
3928 15328 698
3929 12814 333
3929 3889 123
3929 1340 894
3929 15545 551
3929 821 14
3929 3046 26
3930 4695 663
3930 15872 853
3930 250 957
3930 15320 975
3930 961 614
3930 7933 65
3931 9237 799
3931 14720 622
3931 6724 724
3931 820 390
3931 9023 773
3931 6438 393
3931 7911 298
3931 12849 779
3932 10985 211
3932 15516 915
3932 10236 396
3933 8000 187
3933 136 362
3933 12513 289
3933 14691 1000
3934 14450 181
3934 10453 601
3934 4267 51
3935 5429 182
3935 582 455
3936 7777 167
3936 9036 2
3936 14233 547
3936 5330 667
3937 5706 404
3937 7274 795
3937 521 347
3937 448 367
3937 8728 153
3937 10288 800
3937 7956 989
3937 14654 447
3937 12922 501
3938 12922 170
3938 2329 188
3939 14900 47
3939 10059 31
3939 1185 917
3939 13448 161
3940 14887 403
3940 10005 878
3940 8231 74
3940 9364 644
3940 11438 815
3941 7252 688
3941 10048 859
3941 9641 170
3941 12324 645
3942 7369 741
3942 7225 587
3942 6965 718
3942 5731 316
3942 2292 344
3942 1503 74
3943 13798 439
3943 5831 691
3944 8099 327
3944 2610 215
3945 7942 501
3946 5523 1
3946 8881 344
3946 423 51
3946 2437 361
3947 10259 338
3947 2510 678
3947 10309 984
3948 3439 636
3948 10550 256
3948 8034 897
3948 4186 829
3949 8982 286
3949 861 311
3949 1401 335
3949 14289 343
3949 7134 150
3949 708 957
3950 14100 280
3950 2183 413
3951 12411 121
3951 8956 36
3951 9763 567
3951 9066 239
3952 15959 754
3952 8982 792
3952 9832 144
3952 11776 80
3953 8884 766
3953 1746 408
3954 3460 313
3954 5974 703
3954 11883 653
3954 10187 843
3954 11034 335
3955 12539 715
3955 7933 92
3955 13197 356
3956 15430 233
3956 12784 832
3956 4617 671
3956 10754 164
3956 13250 343
3956 11306 872
3958 5314 302
3958 3656 762
3958 15514 863
3958 11791 265
3959 14589 900
3959 15580 57
3959 7566 157
3959 5855 568
3960 6507 832
3960 9403 689
3960 2494 293
3961 10858 307
3961 12450 189
3961 9965 521
3962 326 722
3962 13515 589
3962 15055 744
3963 11434 73
3963 11357 983
3963 10524 988
3964 12236 777
3964 3699 397
3965 7548 101
3965 14278 603
3965 3406 927
3965 1891 928
3965 8241 209
3965 1466 328
3965 2045 3
3966 13854 206
3966 3852 967
3966 9573 773
3967 8890 819
3967 548 864
3967 10039 899
3967 5144 686
3967 10333 236
3967 6381 778
3968 11566 963
3968 1785 455
3968 3778 598
3968 1391 163
3968 5782 848
3968 8664 453
3968 5361 548
3969 12896 496
3969 5869 626
3969 8686 763
3970 13942 669
3970 9120 26
3970 13578 730
3971 9690 859
3972 9879 162
3972 7900 289
3972 13958 518
3972 8665 425
3972 11581 797
3973 2431 979
3973 2055 179
3973 7140 604
3973 6771 466
3974 15701 947
3974 13450 304
3975 10092 834
3975 9844 555
3975 9122 881
3975 12558 145
3976 15572 512
3976 12078 989
3977 12547 289
3977 3953 726
3977 422 681
3977 10341 621
3977 14455 716
3977 4658 331
3977 2808 799
3977 11726 92
3977 13694 286
3978 7143 988
3979 5722 364
3979 8045 423
3979 13988 804
3979 15190 809
3980 9577 576
3980 4419 235
3980 4405 612
3980 4962 565
3980 11197 750
3980 2730 794
3980 13664 250
3981 3845 179
3981 6532 441
3981 11165 928
3981 14955 892
3981 3619 864
3981 11211 839
3981 8881 714
3981 7494 131
3981 9093 122
3982 10896 563
3982 3962 940
3982 5892 310
3983 9844 857
3983 6440 7
3983 1176 1000
3983 1191 100
3984 11309 59
3984 9787 513
3984 11756 649
3984 10759 98
3984 14700 374
3984 7201 676
3985 13793 934
3985 13882 430
3985 94 75
3985 15869 954
3985 5856 235
3986 7371 516
3986 3209 440
3986 3402 615
3986 4069 636
3987 14185 710
3987 361 7
3988 7978 196
3988 14137 247
3988 5655 511
3988 14769 160
3989 186 726
3989 6651 191
3989 14151 511
3989 11503 703
3989 12294 18
3990 4054 859
3990 12957 38
3990 2747 409
3991 3402 766
3991 943 262
3991 2301 553
3992 13842 1000
3992 13599 314
3993 6696 848
3993 12474 68
3993 12318 614
3994 11368 993
3994 7309 916
3994 1738 756
3994 10019 214
3994 13323 198
3995 8395 944
3995 10972 946
3995 4087 721
3995 468 437
3995 2523 616
3996 3485 767
3996 15454 601
3996 10011 907
3996 818 106
3996 2707 620
3996 12038 819
3997 1154 363
3997 8898 147
3997 3523 471
3997 15476 393
3997 12196 889
3998 11668 156
3998 8585 797
3998 5422 743
3999 7472 837
3999 9186 17
3999 7767 920
3999 10047 58
4000 15084 856
4000 3877 930
4000 9020 543
4001 2573 954
4001 13967 431
4001 2853 166
4001 4011 564
4001 14447 169
4001 5764 600
4002 10074 131
4002 12257 509
4002 10707 1
4002 5214 725
4003 2533 254
4003 1458 251
4004 11623 615
4004 10615 128
4004 1245 338
4004 4299 201
4005 12609 166
4005 10956 798
4005 1955 468
4005 368 630
4006 3040 654
4006 3574 91
4006 4870 822
4006 9285 55
4006 4952 952
4007 10077 696
4007 14961 516
4008 7648 574
4008 11784 385
4008 3856 929
4008 724 875
4009 466 660
4009 14021 719
4009 13066 396
4009 1708 191
4010 7452 596
4010 14592 256
4010 9589 704
4010 348 92
4010 13347 348
4011 7886 532
4011 2097 816
4011 7632 913
4011 3937 620
4011 15820 40
4012 10443 613
4012 10618 67
4012 3095 76
4012 825 776
4013 712 607
4013 1249 571
4014 8317 489
4014 3932 368
4014 8680 650
4014 13976 269
4014 1044 675
4015 15849 793
4015 9812 538
4016 6782 861
4016 14983 130
4016 10887 511
4016 11338 92
4016 1114 999
4016 15261 860
4017 9353 771
4017 8293 179
4017 10337 252
4017 2422 475
4018 11940 561
4018 10059 488
4018 1556 937
4018 835 190
4019 4683 374
4019 8843 527
4019 5494 543
4019 7025 30
4019 2555 906
4020 6973 334
4020 7766 626
4020 10212 835
4020 7993 722
4020 9765 54
4021 1276 220
4021 3045 435
4021 2051 150
4021 757 355
4021 15371 562
4021 2831 493
4021 12677 384
4022 10442 413
4022 5234 88
4022 12822 567
4022 11962 283
4022 13902 738
4023 14242 51
4023 225 935
4023 2114 860
4023 13244 381
4024 4629 292
4024 3143 390
4024 1203 557
4024 3045 473
4024 9281 851
4025 15120 961
4025 12792 247
4025 6361 828
4025 3733 246
4025 1537 627
4025 1961 992
4025 8049 8
4025 15017 393
4025 348 288
4026 6256 221
4026 3822 390
4026 8752 109
4027 9281 421
4027 14784 902
4027 12625 457
4028 6556 940
4028 1463 340
4028 11775 838
4028 10549 592
4028 5110 933
4028 7151 148
4029 8977 625
4029 11014 971
4029 9100 219
4029 14829 303
4029 13829 427
4029 3568 921
4030 8507 354
4030 13618 139
4030 10433 970
4031 7260 670
4031 11278 26
4031 12026 341
4031 13728 566
4032 537 619
4032 12767 913
4032 8616 930
4033 12741 825
4033 4884 981
4033 11219 181
4033 10606 349
4034 3427 60
4034 4949 906
4034 14585 272
4034 8699 621
4035 13368 400
4035 14533 294
4036 7994 575
4036 7969 986
4036 9191 896
4036 1720 84
4036 13525 46
4037 15322 572
4037 2656 354
4037 3064 23
4037 12269 413
4038 15954 702
4038 13741 809
4038 5535 294
4038 10464 956
4039 13024 412
4039 4676 401
4039 8872 850
4039 277 120
4039 5764 929
4039 9627 231
4040 12108 225
4040 15841 787
4040 6122 598
4040 11269 897
4041 9421 658
4041 13748 298
4041 5729 840
4041 11400 41
4042 14233 16
4042 7951 684
4043 9544 464
4043 6231 126
4043 13729 864
4043 7615 593
4043 4317 564
4043 332 813
4044 6177 366
4044 13374 575
4044 9518 150
4044 9725 239
4044 4862 273
4045 8362 880
4045 7983 733
4045 299 344
4045 3675 147
4046 10473 617
4046 4022 605
4046 15253 743
4046 8822 702
4046 11044 577
4046 13484 437
4047 4326 439
4047 15146 342
4047 10517 456
4048 5626 407
4048 6306 888
4048 11939 138
4048 15665 998
4048 3833 514
4048 13395 1
4048 6751 940
4049 6522 155
4049 9222 12
4049 6662 58
4049 8885 553
4049 3529 763
4049 8864 517
4049 1740 491
4050 7688 324
4050 6439 985
4050 4184 180
4051 5216 747
4051 11416 311
4052 9250 312
4053 14599 348
4054 14455 208
4054 8179 20
4054 10331 886
4055 12816 66
4056 9010 312
4056 1900 516
4057 15474 915
4057 14949 714
4057 15749 448
4057 13253 782
4058 13580 40
4058 14189 262
4058 12503 990
4058 9276 609
4058 6417 83
4059 5278 34
4059 11548 919
4059 15940 121
4059 4818 852
4059 9738 809
4060 5959 767
4060 9113 785
4060 13631 266
4060 12871 412
4060 4264 172
4060 12651 449
4060 10426 875
4061 228 134
4062 193 874
4062 37 553
4063 10767 260
4063 12655 324
4063 12118 108
4064 3363 372
4064 11829 566
4064 13790 33
4064 14546 10
4064 7887 142
4064 12858 937
4064 15600 102
4065 13443 316
4065 1434 526
4065 5073 914
4065 3424 285
4066 7739 350
4066 15994 109
4066 4411 554
4066 14239 441
4066 8048 963
4066 8382 248
4066 7369 91
4067 4510 867
4067 991 236
4067 6036 746
4068 11385 959
4068 11303 846
4068 2295 207
4068 9545 653
4068 11982 978
4068 8345 333
4069 5304 296
4069 1855 220
4069 12212 559
4069 524 69
4069 12704 867
4070 4486 388
4070 15771 424
4070 9882 396
4070 2101 879
4071 8835 985
4071 8619 111
4071 1349 738
4071 1938 913
4071 13757 375
4072 4725 672
4072 12954 790
4072 10395 792
4072 11515 412
4072 3187 161
4073 11848 832
4073 10236 127
4073 12570 899
4073 577 499
4073 14648 261
4074 15512 981
4074 10558 516
4075 1631 25
4075 15605 919
4075 4542 473
4075 1571 734
4076 15862 570
4076 2996 333
4076 3789 158
4076 11736 390
4077 4473 966
4077 15813 268
4077 15545 728
4078 2597 400
4078 6524 948
4078 13872 736
4078 11957 896
4078 12095 435
4079 1555 93
4079 5186 377
4079 4832 195
4080 10165 590
4080 4591 135
4080 5714 287
4080 5347 365
4080 1223 544
4080 11084 393
4080 3513 911
4080 9865 281
4081 10693 212
4081 308 73
4081 8169 743
4081 6045 221
4081 3235 929
4081 8660 824
4082 15279 285
4082 15042 737
4082 4902 827
4083 7019 374
4083 495 672
4084 4623 900
4084 1747 720
4084 10057 801
4085 6206 884
4085 2943 412
4085 14740 168
4086 6900 699
4086 14213 558
4086 10984 599
4086 6867 748
4086 4634 805
4087 12796 539
4087 14067 663
4087 12620 597
4087 5184 514
4088 15796 579
4088 375 827
4088 253 159
4088 13117 843
4089 9535 772
4089 15105 260
4089 2764 905
4089 12056 419
4089 1170 140
4089 9644 348
4090 15404 1000
4090 5588 725
4090 3048 656
4090 4529 289
4091 11785 676
4091 8552 926
4092 10581 170
4092 1090 481
4092 12996 394
4092 5939 622
4092 13084 832
4093 14584 38
4093 2514 515
4093 533 395
4094 15975 764
4094 5717 492
4095 5941 435
4095 11767 716
4095 1596 294
4095 10820 945
4095 3887 616
4095 12051 984
4095 15254 267
4095 4596 966
4096 6947 653
4096 7565 572
4096 3012 681
4096 4636 825
4096 8949 836
4097 6040 750
4097 8885 905
4097 14811 638
4097 10187 94
4097 13115 250
4098 8123 483
4098 15936 864
4098 7026 512
4098 15915 324
4099 1669 39
4099 2457 246
4099 5384 128
4100 1514 273
4100 2926 934
4101 8434 286
4101 10651 840
4101 13419 382
4101 15165 652
4101 9774 249
4101 15450 21
4102 3929 81
4102 12230 685
4103 4937 419
4103 12755 82
4103 1386 325
4103 2594 166
4103 1157 944
4104 4128 615
4104 2275 872
4104 8771 309
4104 3886 234
4105 791 361
4105 6718 606
4105 1227 996
4105 7085 459
4105 1982 500
4105 5309 625
4106 7214 337
4106 1529 164
4106 321 824
4106 15677 732
4106 14853 91
4106 15066 148
4106 10097 150
4106 11901 400
4107 9765 69
4108 1325 556
4108 5324 349
4108 13530 63
4109 14321 432
4109 14546 999
4109 8492 836
4109 5800 179
4109 11328 225
4110 2672 58
4110 6924 883
4110 3099 512
4110 4770 664
4111 2072 291
4111 8208 294
4111 1826 183
4111 11370 866
4111 4390 944
4111 11775 319
4111 15037 826
4112 12611 634
4112 15438 536
4113 4962 628
4113 11473 536
4113 3375 898
4114 11876 163
4114 6780 388
4115 5954 642
4115 3367 626
4115 13475 476
4115 4749 854
4115 11895 765
4116 1035 831
4116 3799 366
4116 7462 44
4116 6972 737
4117 13628 723
4117 15047 87
4117 9902 279
4117 6525 407
4117 11842 92
4117 1168 328
4118 511 85
4118 8547 390
4119 7023 390
4119 6466 570
4119 15466 434
4119 7566 372
4119 9970 53
4120 12839 859
4120 10434 140
4120 3243 746
4120 7275 732
4120 13479 536
4120 8043 838
4121 6632 541
4121 11484 792
4122 3612 109
4122 9047 187
4122 5090 171
4123 14173 98
4123 9743 898
4123 9838 842
4123 13986 817
4124 1080 226
4124 7453 493
4124 5623 717
4124 10135 28
4124 3054 216
4125 9128 634
4125 13994 849
4125 6108 570
4125 1798 194
4125 5586 208
4126 4565 2
4126 4859 53
4126 15838 6
4126 11803 900
4127 9974 574
4127 9687 359
4127 3915 258
4128 1576 817
4128 2652 816
4129 2202 780
4129 10033 620
4129 13004 915
4129 6429 498
4130 15625 11
4130 1994 740
4130 2244 308
4130 3677 520
4130 3850 130
4130 11088 17
4130 12309 881
4131 1681 107
4131 6334 242
4132 13126 888
4132 13388 198
4133 1232 576
4133 5182 351
4133 4460 613
4133 10675 696
4133 15578 149
4134 12967 741
4134 1744 829
4134 15541 886
4135 6435 294
4135 7660 379
4135 10777 634
4135 5212 60
4136 13981 523
4136 8513 645
4136 4675 654
4137 316 693
4137 3374 962
4137 2108 555
4137 6112 725
4137 11308 120
4138 7906 895
4138 9770 508
4139 5154 235
4139 9485 61
4139 8841 652
4139 10127 674
4140 198 948
4140 13464 334
4140 8832 232
4141 10858 947
4141 13268 923
4142 13410 777
4142 5145 221
4142 8309 477
4142 10245 712
4142 6989 490
4142 6384 468
4143 13084 815
4143 9894 282
4143 6801 357
4144 15346 399
4144 1635 990
4145 10234 46
4145 8918 802
4145 15567 885
4146 1399 98
4146 4051 355
4146 761 9
4146 3730 646
4146 4310 894
4147 6250 138
4147 11316 994
4147 7563 353
4147 7545 460
4147 1533 43
4148 6729 73
4148 1292 368
4148 4963 516
4148 9941 225
4149 1461 392
4149 9843 56
4149 13218 975
4149 942 817
4149 872 357
4149 7941 241
4150 5499 592
4150 2602 865
4150 14337 86
4150 10887 79
4150 4587 864
4151 1865 266
4152 13065 642
4152 10308 422
4152 6241 170
4152 5939 480
4152 3689 835
4152 3473 728
4152 757 231
4152 2507 76
4153 15472 819
4153 10766 758
4153 8116 157
4153 7345 524
4153 11403 760
4154 14297 101
4154 8337 634
4155 4520 500
4155 3405 511
4155 10729 175
4155 2827 199
4156 1426 620
4156 7844 561
4156 14268 439
4156 4490 152
4156 14743 966
4156 10502 373
4157 6475 831
4157 15861 692
4157 13599 819
4157 2298 8
4158 7970 771
4158 15358 942
4159 13551 575
4159 5723 52
4159 14647 521
4160 2784 716
4160 5686 675
4161 6476 718
4161 6261 533
4161 6452 988
4161 1835 266
4162 6161 605
4162 4353 201
4163 2013 507
4163 4083 884
4163 2133 933
4163 7476 630
4163 2639 882
4164 6178 367
4164 3564 996
4164 14514 806
4165 10068 741
4165 14097 83
4165 14045 368
4165 12863 140
4165 7407 125
4166 5523 887
4166 5852 500
4166 10707 377
4167 9524 472
4167 3735 64
4167 863 229
4167 2451 144
4168 14770 339
4168 7268 374
4168 13660 158
4168 4631 183
4168 6447 987
4168 10570 367
4169 6364 905
4169 1835 418
4169 8137 750
4170 8683 241
4170 13482 478
4170 8726 585
4170 1968 161
4170 11827 778
4170 4619 627
4170 12993 903
4171 11834 267
4171 14761 314
4171 15807 130
4171 7656 871
4171 2459 666
4171 6415 181
4171 11313 27
4171 13622 253
4171 3631 29
4172 1433 928
4172 861 12
4172 1531 43
4172 28 517
4172 11857 850
4173 8903 661
4173 5724 105
4173 6791 793
4174 9267 529
4174 12260 369
4174 4033 698
4174 9742 873
4174 64 388
4175 4796 643
4175 14945 92
4175 3837 172
4175 14263 842
4176 13064 818
4176 2130 996
4176 7584 998
4176 1209 862
4176 10395 871
4177 6183 617
4177 6853 464
4177 11832 603
4177 5096 163
4177 14182 439
4177 12909 808
4177 15964 444
4178 11418 828
4178 3504 1
4178 15659 936
4178 9897 359
4179 3740 589
4179 11052 706
4179 3905 393
4179 5457 912
4179 7715 81
4180 10394 843
4180 9147 721
4180 10838 442
4180 14270 233
4180 5127 579
4180 9105 305
4180 3536 910
4181 15131 446
4181 3806 539
4182 13148 883
4182 970 747
4182 9370 930
4182 9306 717
4183 516 806
4183 7347 7
4184 6817 228
4184 4904 670
4184 15486 280
4184 10487 353
4184 2837 424
4184 11657 657
4184 13433 742
4184 11653 159
4185 12036 397
4185 5211 464
4185 8720 947
4186 2976 424
4186 10236 570
4186 15203 643
4186 4461 843
4188 1949 700
4188 11845 864
4188 1409 176
4189 8361 99
4189 14215 71
4189 5883 514
4189 13286 144
4189 11345 872
4189 864 342
4190 308 968
4190 7233 10
4190 12012 184
4190 1609 258
4190 9532 672
4190 129 1000
4190 15563 730
4190 3833 742
4190 15130 862
4190 10653 369
4191 7335 89
4191 10094 98
4191 2600 810
4191 1128 671
4191 12615 500
4191 14290 24
4192 9125 993
4192 8179 805
4192 9068 456
4193 9994 584
4193 4985 359
4193 14342 739
4194 15006 812
4194 14588 395
4194 13266 745
4194 3848 621
4194 8910 210
4194 13417 970
4194 303 68
4195 10926 633
4195 3381 937
4195 10149 580
4195 8314 48
4195 12103 560
4195 14796 270
4195 4124 560
4195 15160 248
4196 9490 727
4196 2107 364
4196 5950 446
4196 1859 104
4197 8599 414
4197 13021 22
4197 12428 159
4197 550 878
4197 5451 313
4198 12463 306
4199 3920 702
4199 14692 339
4199 9019 569
4200 13775 504
4200 7673 957
4200 12772 20
4200 15544 380
4201 699 508
4201 8219 436
4201 10149 244
4201 10928 309
4201 15508 553
4202 10362 674
4202 13243 334
4202 15397 413
4202 8940 491
4202 11426 517
4203 6613 405
4203 7223 539
4203 13606 258
4204 14459 794
4204 2878 362
4204 10915 628
4204 4419 665
4204 8201 222
4205 13794 422
4205 8919 992
4205 12446 354
4205 3239 254
4205 8166 57
4205 6101 27
4205 3543 527
4206 2708 831
4206 517 212
4206 666 171
4206 1867 199
4206 9869 770
4206 10472 944
4206 8009 763
4208 11772 161
4208 3237 150
4208 11995 947
4208 7143 950
4209 7819 210
4209 11441 885
4209 11874 394
4209 539 171
4209 11004 540
4210 2665 541
4210 11326 842
4210 4215 274
4211 15706 168
4211 8314 520
4211 1153 318
4211 9568 850
4211 4635 158
4211 12961 420
4211 2313 266
4211 12977 824
4212 5317 464
4212 2192 220
4212 11353 987
4212 4368 822
4212 10952 614
4213 1999 931
4213 3883 886
4213 8840 90
4213 8672 793
4214 8771 125
4214 11288 381
4214 15071 887
4214 15952 601
4214 4671 947
4215 3649 564
4215 15656 315
4215 14359 289
4216 4714 166
4217 8589 507
4217 14217 630
4217 15233 970
4217 10554 815
4218 14668 442
4218 9642 871
4218 612 78
4219 8611 155
4219 14943 211
4219 5940 348
4219 8356 415
4220 12079 535
4220 1965 727
4220 1626 485
4221 1934 508
4221 304 413
4221 11360 13
4221 12092 912
4221 149 863
4222 15980 953
4222 7358 457
4222 4109 68
4222 673 592
4222 1836 340
4222 9667 955
4223 1646 824
4223 12860 780
4223 9436 248
4223 3873 341
4224 10442 895
4224 3742 928
4224 3208 215
4225 6602 505
4225 10004 861
4226 13316 703
4226 6670 627
4227 14671 53
4227 1123 348
4227 7300 964
4227 14312 125
4227 13453 709
4228 2332 108
4228 2250 860
4228 14597 199
4229 12163 504
4229 11626 927
4230 13374 26
4231 13878 99
4231 8571 993
4231 3175 351
4231 4069 582
4232 15776 249
4232 4262 173
4232 8787 934
4232 2615 836
4232 14554 301
4232 7279 236
4233 2885 34
4233 10698 366
4233 6941 473
4233 13969 952
4233 8268 313
4233 4979 367
4233 9737 174
4234 14255 552
4234 9336 343
4235 12167 834
4235 3597 270
4235 14104 674
4236 3927 668
4236 1626 629
4236 14786 382
4237 9523 793
4237 9143 554
4237 8286 600
4237 1975 691
4238 737 96
4238 10458 853
4238 9757 359
4238 8656 377
4238 11333 267
4238 13757 974
4238 9783 579
4238 13388 107
4239 15641 841
4239 15297 162
4239 512 840
4239 14841 835
4239 4667 988
4239 486 471
4240 10720 312
4241 11141 579
4242 13344 676
4242 3905 497
4244 12003 764
4244 9568 702
4245 4212 998
4245 5444 260
4245 2074 963
4245 8153 193
4246 1837 956
4246 5770 514
4247 3857 434
4247 1884 214
4247 8294 306
4248 607 314
4248 14280 165
4248 3164 691
4248 1059 726
4249 3222 800
4249 682 292
4249 15094 40
4249 11257 75
4249 1366 599
4250 4311 563
4250 14452 69
4250 3224 557
4250 4199 242
4251 7420 143
4251 2372 761
4251 14854 359
4251 14677 248
4252 7156 222
4252 7518 206
4253 11718 885
4253 3421 555
4253 9215 184
4253 2970 702
4253 10441 782
4253 7896 785
4253 13496 465
4253 7170 911
4254 11883 543
4254 3752 105
4254 9726 884
4255 6757 322
4255 10959 826
4255 6970 888
4255 6230 995
4255 14508 931
4255 12240 750
4256 11417 488
4256 3616 825
4256 12616 873
4256 1527 738
4257 9110 567
4257 8530 779
4257 8392 178
4257 1703 892
4257 8169 156
4257 6975 762
4258 4165 343
4258 5183 297
4258 15687 819
4259 9210 174
4259 8485 405
4259 9564 736
4259 75 26
4259 13198 956
4259 4987 566
4259 14289 662
4260 4489 964
4260 5560 640
4260 12403 195
4260 1142 962
4261 12332 999
4261 9401 597
4261 13470 457
4262 6829 548
4262 8174 449
4262 4189 589
4262 9944 520
4262 1452 34
4263 14966 40
4263 4931 686
4263 4812 491
4263 4356 862
4263 3498 414
4263 9198 406
4264 6897 398
4265 15313 292
4265 13778 436
4265 12793 309
4265 10355 452
4265 8889 577
4266 3963 346
4266 2617 896
4266 13332 668
4266 423 160
4266 4174 35
4266 7184 313
4267 8159 475
4267 10478 411
4267 4672 932
4267 585 620
4268 7333 518
4268 6877 688
4268 13571 785
4269 13589 662
4269 9156 94
4269 4136 119
4269 7792 357
4269 11750 316
4269 15253 739
4270 2459 729
4270 2136 194
4271 8247 413
4271 12499 761
4271 1240 991
4272 8516 16
4272 15464 406
4273 8875 671
4274 3852 187
4275 13870 669
4275 11600 584
4276 3803 449
4276 2316 672
4276 8611 666
4276 7330 954
4276 3822 999
4276 156 308
4277 15758 81
4277 8096 159
4278 13066 872
4278 1230 159
4278 3243 89
4279 6054 161
4279 6397 316
4279 6929 894
4279 13909 350
4280 7151 782
4280 6847 639
4281 10350 543
4281 8004 749
4281 220 285
4281 8575 134
4281 5082 407
4281 12424 769
4281 13907 605
4282 7349 767
4282 3609 525
4282 2279 480
4282 9083 654
4283 8339 715
4283 1625 499
4283 12361 765
4283 14166 80
4285 69 851
4285 14465 29
4285 181 452
4285 1246 903
4285 5047 624
4285 12506 394
4285 2737 778
4286 2880 749
4286 923 754
4286 11053 963
4286 7744 202
4286 11276 585
4286 5080 89
4287 14415 987
4287 11261 486
4287 15093 67
4288 9730 697
4288 8991 771
4288 8038 474
4288 10179 169
4288 3954 463
4289 2044 232
4289 820 515
4290 2117 99
4290 10991 418
4290 9465 503
4290 10173 391
4290 6857 852
4291 3312 170
4291 2561 694
4291 12677 568
4291 12730 97
4291 6132 239
4292 774 608
4293 3006 584
4293 15456 343
4293 4346 473
4294 5364 849
4294 8697 139
4295 14774 778
4295 12201 353
4295 8069 398
4295 11075 305
4296 10021 335
4296 2842 788
4296 1121 885
4297 365 331
4299 1742 718
4299 228 665
4300 10898 456
4300 9378 736
4301 7068 138
4301 3771 647
4301 7267 927
4301 374 912
4301 1505 883
4302 4475 893
4302 10781 862
4302 12698 10
4302 15732 466
4303 7791 684
4303 11763 186
4303 6237 903
4304 1588 877
4304 2117 488
4304 7729 144
4304 1830 776
4305 9906 737
4305 10865 82
4305 10323 73
4305 15041 324
4306 4420 309
4306 5087 584
4306 4419 313
4306 9747 634
4306 889 484
4307 1233 371
4307 4493 813
4307 10074 715
4307 9999 834
4307 11317 611
4307 1764 441
4307 7342 16
4307 13467 76
4308 10108 684
4308 14204 717
4308 4140 36
4308 6410 268
4309 6454 748
4309 5827 634
4309 3269 756
4310 10881 11
4310 7957 460
4310 14692 259
4310 4863 889
4310 9289 760
4311 5864 81
4311 5927 399
4311 12686 96
4311 10353 346
4312 10345 980
4313 8465 238
4313 13015 935
4313 4746 527
4313 492 970
4314 10076 586
4314 3379 62
4314 4688 936
4314 795 136
4315 6725 164
4315 7763 105
4315 9984 845
4315 9636 225
4316 7724 498
4317 9473 407
4317 15027 909
4318 1688 433
4318 3206 469
4318 248 879
4318 5509 280
4319 9076 611
4319 1832 592
4319 7807 394
4319 4251 506
4319 13305 288
4320 15376 53
4320 1445 322
4320 4544 976
4320 12607 20
4320 10490 984
4320 15351 502
4321 13201 116
4321 12413 83
4321 14116 871
4321 1516 271
4321 4690 584
4321 7074 425
4322 1929 64
4322 8525 414
4322 8698 560
4322 12195 329
4322 8508 624
4323 2235 716
4324 473 93
4325 15062 586
4325 13352 3
4325 10427 191
4325 4640 50
4326 4828 340
4326 882 476
4326 310 327
4326 5417 659
4326 5305 359
4327 10784 524
4327 9871 476
4327 8044 786
4328 15200 121
4328 10092 45
4328 12258 212
4328 12654 730
4328 7114 827
4329 9361 481
4329 7069 5
4329 9533 328
4329 2673 382
4330 10248 876
4330 3555 986
4331 7003 716
4332 9969 21
4332 9448 871
4332 11659 822
4333 8077 888
4333 6820 338
4333 6120 440
4333 3156 899
4333 9179 463
4334 7487 506
4334 15024 672
4334 343 735
4334 9944 2
4335 11514 335
4335 3122 759
4335 7073 607
4335 433 269
4336 8959 638
4336 13392 285
4336 11657 114
4337 3677 627
4337 1131 900
4338 6283 348
4338 2329 126
4338 11156 548
4338 11388 503
4338 7183 140
4338 4951 633
4339 15847 740
4339 8732 699
4339 5233 989
4340 4127 274
4340 3509 548
4340 11157 351
4340 9449 751
4340 567 536
4340 6612 107
4341 5551 658
4341 350 350
4342 12597 478
4342 10260 192
4342 3679 641
4342 8361 415
4342 10263 692
4343 11283 799
4343 7864 462
4343 4842 780
4343 10420 279
4343 1399 78
4343 9028 2
4344 9330 899
4344 1035 149
4346 15410 930
4346 4311 869
4346 11413 857
4346 1676 245
4348 5925 957
4348 350 277
4348 5258 25
4348 1784 308
4348 10841 965
4348 9664 651
4348 3078 491
4348 3814 931
4349 1393 906
4349 6175 456
4349 12729 585
4350 15943 160
4350 14085 135
4350 7866 529
4350 5400 141
4350 7654 835
4351 7890 253
4351 836 20
4351 4112 85
4351 13892 302
4352 1980 358
4352 14972 999
4352 12825 928
4352 7435 422
4352 4886 659
4352 3107 951
4354 11169 130
4354 1440 524
4354 9781 916
4355 13902 719
4355 12840 381
4356 10768 517
4356 1907 554
4356 11522 347
4356 5428 11
4357 11513 113
4357 9509 509
4357 11632 847
4357 4373 704
4357 10398 232
4358 2928 7
4358 10772 949
4358 9281 107
4358 12329 422
4358 14691 575
4358 10532 585
4358 7132 199
4359 10333 770
4359 6285 476
4359 12616 790
4360 3607 198
4360 2613 539
4360 5113 530
4361 8589 427
4361 15081 643
4361 9996 1000
4361 11051 366
4361 1550 430
4361 9408 261
4362 3352 824
4362 11884 238
4362 15648 411
4362 15902 669
4363 12434 838
4363 15777 683
4363 3044 160
4364 2824 16
4365 6572 602
4365 75 921
4365 2321 859
4366 424 507
4366 7598 699
4367 10546 590
4368 15683 730
4368 11809 571
4368 7357 461
4368 3791 727
4368 8577 721
4369 1045 751
4369 3532 83
4369 6448 248
4369 13625 330
4370 640 637
4370 12329 635
4370 14902 594
4370 7945 29
4370 4195 515
4371 7845 461
4371 3521 430
4372 15656 406
4372 14790 783
4373 13928 111
4373 15069 782
4373 11629 36
4373 5128 308
4374 8774 89
4374 12114 651
4374 1518 696
4374 4364 673
4375 2084 672
4376 12041 931
4376 3247 828
4376 7816 905
4376 1202 980
4377 1503 17
4377 4977 307
4377 7788 16
4377 8993 329
4377 6953 825
4377 5907 489
4377 6826 701
4377 14944 196
4378 6031 642
4378 12288 921
4378 175 531
4378 5239 461
4378 2962 342
4379 9662 873
4380 14746 804
4380 10452 152
4380 7316 463
4380 7866 873
4381 7715 728
4381 6765 519
4381 5761 655
4382 10232 188
4382 10178 477
4382 11836 775
4382 4738 968
4382 10716 868
4382 8061 23
4383 4887 156
4383 13620 584
4383 14958 764
4383 2101 605
4383 3113 961
4384 1676 798
4384 14344 749
4384 4701 449
4385 2761 951
4385 13302 457
4385 14379 473
4385 2711 566
4386 15078 826
4386 14295 53
4386 10886 558
4386 4367 700
4387 11972 877
4388 584 596
4388 10207 107
4388 14890 336
4389 4573 591
4389 4269 125
4389 2153 943
4390 12318 837
4391 15978 381
4391 4102 894
4391 1360 926
4391 13228 55
4392 2720 226
4392 5467 784
4393 2020 539
4393 13092 779
4393 13843 103
4394 6545 143
4394 3470 242
4394 3453 639
4394 15966 546
4394 1528 381
4394 14774 634
4395 3967 654
4395 15071 297
4395 4200 552
4395 4821 18
4396 5526 456
4397 7379 204
4397 3815 79
4397 853 201
4397 11075 68
4397 11466 592
4398 3876 143
4398 11510 608
4398 12377 935
4398 2205 243
4399 7455 139
4399 12595 250
4400 2740 468
4400 2378 25
4401 10769 764
4401 13465 14
4401 7768 696
4402 1439 507
4402 12604 977
4402 11596 925
4403 1184 948
4403 15091 221
4403 2279 219
4403 15597 684
4404 15082 30
4404 14344 683
4404 5346 301
4405 563 49
4406 9984 929
4406 8979 81
4406 2731 355
4407 13706 546
4407 10493 873
4408 13874 982
4408 4623 491
4408 11900 888
4408 12271 460
4409 8187 234
4409 12111 301
4409 5042 576
4409 11509 722
4410 780 407
4410 12164 81
4410 5848 88
4410 4924 801
4411 5106 282
4411 7819 324
4411 2589 194
4411 11796 611
4412 9893 795
4412 14677 997
4413 8637 485
4413 8231 741
4413 3471 547
4413 15355 542
4413 12905 104
4413 7458 643
4413 764 761
4413 8145 206
4414 9542 881
4414 6993 340
4414 13423 560
4415 380 325
4415 6054 991
4415 9261 843
4415 3967 72
4415 14436 511
4415 13806 220
4415 14669 730
4416 8759 335
4416 15541 208
4416 1940 804
4416 13845 79
4417 3721 113
4417 13218 230
4418 11627 288
4418 8463 414
4418 6873 259
4418 13174 300
4419 5311 807
4420 9055 772
4420 5842 283
4421 4360 50
4421 6833 12
4421 13271 899
4422 14011 111
4422 4266 549
4422 9062 965
4422 3935 573
4423 164 43
4424 15133 827
4424 250 683
4424 13667 370
4424 10439 249
4424 7859 611
4424 6621 454
4424 12176 173
4425 6817 249
4425 2664 258
4425 8672 754
4425 2129 126
4425 3505 945
4425 9399 789
4425 14088 300
4426 14748 772
4426 9415 988
4426 5897 140
4426 81 52
4427 8950 603
4427 15447 75
4427 9713 741
4427 2745 663
4427 261 146
4428 3553 65
4428 10778 100
4428 4967 431
4428 10560 505
4428 11554 731
4428 13238 303
4429 9839 546
4429 13306 54
4429 1859 16
4429 8897 930
4430 9331 822
4430 3921 237
4430 20 72
4430 5000 360
4430 11305 301
4430 14291 580
4431 1313 50
4431 13717 954
4432 8068 589
4432 5291 628
4432 1005 429
4432 1241 310
4433 8772 197
4433 15781 535
4434 8447 283
4434 12674 809
4434 5893 69
4434 11325 991
4435 9036 82
4435 4145 984
4436 2474 13
4436 5850 595
4436 5948 363
4436 15116 376
4437 8255 732
4437 8638 98
4437 14446 646
4437 11214 806
4437 2555 977
4438 6581 57
4438 9253 452
4438 5554 237
4439 12791 695
4439 5415 236
4439 557 664
4440 8468 464
4440 3777 526
4441 14897 958
4441 8245 744
4441 13679 422
4441 14298 863
4441 7010 320
4442 3862 291
4442 6856 773
4442 12140 221
4442 11243 186
4443 5054 91
4443 369 240
4443 12254 431
4444 15790 15
4444 10686 926
4444 974 772
4444 6218 121
4444 2682 431
4445 11637 954
4445 7622 222
4446 4383 407
4446 8777 563
4446 3602 906
4446 14370 755
4446 5401 473
4446 5562 947
4447 5173 517
4448 13380 320
4448 10712 552
4448 4642 794
4448 9906 277
4448 12276 610
4448 13203 548
4448 11652 455
4449 15734 150
4449 9147 299
4449 4284 253
4450 944 47
4450 14431 25
4450 10259 965
4450 8668 717
4450 11501 899
4450 1777 918
4450 12567 460
4451 2743 198
4451 9698 929
4452 12530 547
4452 12517 899
4453 5865 300
4453 14546 783
4453 14577 8
4453 14574 814
4453 9723 778
4453 3034 83
4454 14044 663
4454 9218 343
4454 9354 513
4454 15743 50
4455 8340 83
4455 13147 20
4455 2698 914
4455 4342 875
4455 8728 244
4455 6125 801
4455 2236 355
4455 15889 323
4456 13194 636
4457 1332 186
4457 3051 949
4457 8362 274
4457 5039 3
4458 4394 469
4458 3550 810
4458 6984 838
4459 7214 830
4459 6009 948
4460 11939 954
4460 7354 428
4460 3841 708
4460 9530 953
4460 4906 497
4460 12743 385
4460 8537 505
4461 6039 806
4461 9382 157
4461 8156 655
4461 7453 219
4461 682 718
4461 11371 258
4461 7538 108
4462 9181 891
4462 1143 558
4462 10771 674
4462 4237 259
4462 256 597
4462 1468 418
4462 11694 116
4462 1050 79
4463 9676 622
4463 9143 205
4464 15971 555
4464 6747 950
4464 1459 68
4464 2506 404
4464 10813 953
4465 12202 140
4465 13762 834
4465 15427 658
4465 7732 962
4465 5642 348
4465 7402 796
4465 2901 528
4465 637 118
4465 3968 203
4465 7266 237
4466 3466 866
4466 2912 817
4466 4051 920
4466 4128 353
4467 8699 266
4467 3013 901
4467 59 615
4467 1674 993
4468 11939 321
4468 94 150
4468 5783 877
4469 554 601
4469 9746 751
4469 5715 524
4469 14853 971
4469 2544 881
4470 1114 179
4470 8731 152
4470 13352 293
4470 9460 953
4470 3204 114
4471 3083 161
4471 451 207
4471 5081 914
4472 6643 952
4472 8101 962
4472 15628 285
4473 10371 109
4473 2410 260
4473 11030 267
4473 11926 816
4473 10076 39
4473 15495 527
4473 2782 366
4473 15861 642
4474 14246 83
4474 11265 989
4474 12044 979
4474 8777 26
4474 3637 171
4475 13587 934
4475 7332 52
4475 1949 967
4475 3038 575
4475 4380 972
4475 1217 195
4476 7867 637
4477 11268 942
4477 3077 566
4477 3446 770
4477 15332 617
4478 5602 379
4478 12267 402
4478 4553 259
4478 313 719
4478 11208 551
4479 6234 569
4479 2302 52
4480 7839 85
4480 3602 523
4481 10063 551
4481 1750 674
4481 12261 354
4481 13853 55
4481 13272 811
4481 11206 695
4482 2488 839
4482 3486 835
4483 11285 861
4483 6516 826
4483 1251 631
4483 13189 209
4483 2798 86
4483 3099 158
4484 15034 328
4484 15569 800
4484 4518 757
4484 12689 419
4484 4313 723
4484 234 302
4484 6910 572
4484 13016 501
4484 3402 675
4484 13325 890
4484 13383 639
4484 12184 227
4485 3662 820
4485 12001 911
4486 6687 529
4486 1021 865
4486 4523 202
4486 2410 841
4486 15509 936
4487 15030 861
4487 13883 783
4487 4552 420
4487 5982 575
4488 1336 267
4488 9967 447
4489 11462 319
4489 14114 199
4489 6200 223
4489 370 468
4489 14216 75
4490 3873 773
4490 3089 588
4490 12599 41
4490 2148 795
4490 5086 729
4490 13347 464
4491 5807 183
4491 6308 841
4491 13544 824
4492 7544 901
4492 12496 731
4492 2030 488
4492 8589 27
4492 3826 13
4493 4121 403
4493 2463 657
4493 11575 672
4493 6898 222
4494 2289 390
4494 11652 557
4494 15873 771
4494 14036 170
4494 1942 819
4494 9174 428
4494 9636 290
4495 4563 456
4495 8472 704
4496 4290 251
4496 5427 880
4497 7518 822
4497 7087 311
4497 10272 469
4498 8898 608
4498 3062 358
4498 9061 152
4498 1409 569
4498 1665 565
4498 2568 377
4498 6195 689
4499 9418 139
4499 9435 304
4499 13811 414
4499 12449 235
4499 3088 821
4500 4784 176
4500 13720 613
4501 8190 215
4501 11887 251
4502 10989 532
4502 6705 45
4502 4888 358
4502 7583 742
4503 10106 662
4503 13330 914
4503 5452 628
4504 14552 699
4504 11886 63
4504 3995 570
4504 12874 625
4504 15136 5
4504 464 490
4504 14453 276
4504 12444 491
4505 15953 861
4505 12415 878
4505 3652 201
4505 1887 540
4505 4664 414
4506 14210 448
4507 1308 447
4507 7842 577
4507 3648 94
4507 5795 391
4507 106 101
4508 4655 1000
4508 4589 143
4508 5832 415
4508 185 553
4508 5158 315
4509 13852 660
4509 10560 360
4509 12970 514
4509 10647 77
4510 10568 544
4511 11635 834
4511 11114 424
4512 11468 877
4512 2097 604
4512 1610 259
4512 2917 624
4512 15883 305
4513 1485 666
4513 12174 504
4513 1574 33
4513 3733 201
4514 3337 502
4515 3012 981
4515 10931 359
4515 13524 842
4515 2714 845
4515 2448 448
4516 1694 813
4516 3189 992
4517 13212 171
4517 14244 663
4518 3973 977
4518 2349 394
4518 1843 565
4518 8695 964
4518 15281 962
4519 10224 212
4519 15193 274
4519 15766 201
4519 9726 138
4519 5615 784
4520 8141 618
4520 14751 935
4520 5670 82
4520 986 317
4521 24 650
4522 12536 302
4522 7423 3
4522 3951 297
4522 6894 353
4522 5411 22
4522 734 408
4522 5604 973
4524 10034 74
4524 1175 973
4524 12164 446
4525 7712 682
4526 2581 561
4526 6508 802
4526 15514 376
4527 7629 371
4527 3553 488
4527 4040 545
4527 15022 109
4528 11780 478
4528 5785 642
4528 3548 734
4529 7692 236
4529 15834 852
4529 14734 803
4530 10786 258
4530 13016 880
4530 5428 824
4530 886 133
4530 5895 313
4530 12444 86
4530 8159 146
4530 5785 290
4531 534 843
4531 4505 969
4531 15193 838
4532 6405 464
4532 3443 547
4532 1984 387
4534 7788 738
4534 8827 760
4535 12930 457
4535 6446 533
4535 1597 846
4535 15340 26
4535 11765 823
4535 1896 156
4535 14518 899
4536 1372 624
4536 10812 973
4536 11081 941
4536 5971 306
4536 4427 347
4537 2741 104
4537 8203 201
4537 4324 699
4537 3398 632
4538 6321 162
4538 8511 89
4538 6170 30
4538 6692 878
4539 6408 649
4539 11869 379
4539 1946 961
4540 343 11
4540 8988 939
4540 251 718
4540 12402 454
4540 11132 372
4540 1741 758
4540 2963 565
4541 3700 688
4541 7533 695
4541 7898 506
4541 9693 315
4541 5606 416
4541 14520 526
4541 8865 102
4541 126 747
4542 13079 129
4542 1162 302
4542 13213 379
4542 8145 773
4542 7208 837
4543 5099 300
4543 5205 674
4543 10961 866
4543 7307 788
4544 11616 941
4544 4419 789
4544 2426 585
4545 9868 172
4545 15570 844
4545 12572 549
4545 13261 194
4545 10944 584
4545 4172 981
4545 11441 742
4546 3088 274
4546 14980 648
4547 2766 225
4547 5603 461
4547 13742 958
4547 4872 92
4547 5001 969
4547 13456 970
4547 6204 2
4548 14396 428
4548 9979 189
4548 12065 817
4548 14917 519
4549 9301 71
4549 12606 924
4549 4902 956
4549 2801 586
4549 3803 409
4550 144 984
4550 6761 197
4551 14537 323
4551 2336 117
4552 9122 385
4552 15929 97
4553 11157 774
4553 1488 461
4554 9816 953
4554 4572 819
4554 14452 678
4554 8321 480
4555 8065 548
4555 10528 102
4555 12718 832
4555 11957 294
4555 9178 45
4555 9571 731
4556 9877 286
4556 10870 795
4556 8280 339
4556 11289 583
4557 2293 243
4557 890 560
4557 651 646
4557 9806 225
4557 5767 76
4557 4157 444
4558 768 242
4558 2442 752
4559 2519 452
4559 1566 891
4560 11111 862
4560 11148 47
4560 1320 382
4560 5058 771
4561 13013 249
4561 71 747
4562 10533 369
4562 638 751
4563 15746 265
4563 4500 773
4563 3602 95
4563 8804 60
4563 3008 457
4564 7957 14
4564 15133 658
4564 9767 116
4565 7099 71
4565 15552 940
4565 11868 69
4566 8853 284
4566 10084 262
4566 12249 1000
4566 12582 920
4567 728 581
4567 9073 397
4567 8484 217
4567 10556 584
4567 7531 36
4567 10449 790
4567 13750 40
4568 6651 144
4568 9860 744
4568 12959 771
4568 12981 997
4568 10479 324
4568 3704 606
4568 7134 854
4569 903 400
4569 11423 11
4569 1197 158
4569 15804 815
4569 13115 339
4569 14456 409
4569 2896 476
4571 9372 732
4571 15499 491
4572 831 471
4572 4373 183
4573 1588 45
4573 3453 542
4574 12357 588
4574 15412 911
4574 3092 831
4574 4879 693
4574 14637 535
4575 2970 651
4575 370 213
4575 9324 768
4575 9066 618
4575 53 596
4575 467 619
4576 7353 910
4576 9508 151
4576 5587 490
4576 2908 458
4576 12571 802
4576 10918 40
4576 1447 667
4577 13787 90
4577 14513 677
4577 5998 633
4578 13023 787
4578 8621 85
4578 6702 139
4578 14387 490
4578 6279 619
4578 5550 407
4578 11525 663
4579 6173 155
4579 3128 701
4579 10561 706
4580 15797 678
4580 6590 171
4580 11379 372
4581 556 65
4581 13619 905
4581 3578 659
4581 10513 129
4581 15379 672
4582 11778 755
4582 13938 972
4582 1683 603
4582 1352 851
4582 11749 123
4582 6641 557
4583 1695 710
4583 9323 727
4583 6743 808
4583 4540 384
4584 5120 733
4584 12172 773
4584 8227 800
4585 10123 660
4585 10828 896
4585 9972 416
4585 7387 439
4586 12707 25
4586 12146 803
4586 12639 125
4586 8926 747
4587 8075 932
4587 4588 136
4587 8842 760
4588 12852 406
4589 5274 377
4589 1400 932
4589 3533 59
4589 15580 416
4589 10419 276
4590 8063 632
4590 3908 102
4590 6021 382
4590 9647 379
4590 15956 523
4590 1655 10
4590 9597 753
4590 13635 496
4591 12258 399
4591 14996 61
4591 15581 403
4592 4834 891
4592 11544 448
4592 9712 679
4592 9895 695
4592 10707 391
4592 11626 4
4593 754 621
4593 6240 785
4593 8827 198
4593 7817 476
4593 8945 10
4593 15315 273
4594 15144 835
4595 8885 38
4595 2714 237
4596 1956 531
4597 3242 652
4597 5084 378
4597 6955 359
4597 6490 644
4597 13300 959
4598 6796 16
4599 10199 44
4599 1436 67
4600 3792 859
4600 5709 441
4600 1194 267
4600 7047 91
4600 5157 604
4601 14363 110
4601 13542 480
4601 15190 910
4601 9517 894
4601 12398 708
4602 11220 207
4602 6844 987
4602 6541 30
4602 7693 982
4602 13021 684
4602 9415 334
4602 13762 497
4602 9097 892
4603 10940 782
4603 1983 730
4603 15966 508
4603 1570 318
4603 6867 806
4604 10972 377
4604 13422 576
4604 2284 138
4604 7082 755
4605 1764 519
4605 6545 498
4605 8806 763
4605 14001 745
4605 2108 119
4605 3722 652
4605 5570 603
4606 3110 885
4606 2584 51
4606 4476 174
4607 11009 188
4608 12981 813
4608 15281 524
4608 14686 176
4609 3002 926
4609 6377 246
4610 7734 319
4610 10276 562
4610 13290 530
4610 12338 601
4610 101 152
4610 13834 522
4611 5570 344
4611 2623 709
4611 9767 29
4611 8158 519
4611 11553 684
4611 6273 48
4611 11740 446
4612 2058 946
4612 1191 508
4612 1628 68
4612 1245 364
4612 4312 455
4613 8768 326
4613 8115 678
4613 3132 366
4613 6609 708
4614 9742 974
4614 13162 434
4614 11526 712
4614 9867 336
4614 853 667
4615 4267 428
4615 6822 701
4615 5463 669
4616 9101 859
4616 6432 308
4616 13618 460
4617 14963 388
4617 11986 763
4618 1139 556
4618 4960 798
4618 7656 39
4619 1776 231
4619 9610 436
4619 7610 823
4619 8862 33
4619 8391 133
4620 2502 421
4620 11751 441
4620 15845 866
4620 9041 578
4620 9971 320
4620 7219 679
4620 14522 400
4621 3954 522
4621 15660 878
4621 2948 483
4621 11092 256
4621 3517 302
4622 11096 657
4623 12497 728
4623 710 331
4623 15616 756
4624 6230 604
4625 13867 93
4625 2842 644
4625 14297 905
4625 13111 785
4626 15701 689
4626 8061 711
4626 1474 587
4626 390 797
4626 13687 157
4627 9438 343
4628 3372 480
4628 11739 506
4628 3732 275
4628 1749 737
4629 2624 227
4629 15116 269
4629 10377 750
4630 989 414
4630 15943 980
4630 12853 164
4630 14317 733
4630 8731 324
4631 13015 130
4631 6337 57
4631 869 404
4631 8239 349
4631 1753 467
4631 13562 896
4632 10418 195
4632 6117 441
4633 12874 900
4633 13501 490
4633 1194 167
4634 6153 752
4634 10039 852
4634 15962 516
4635 15074 994
4635 9953 611
4636 10616 879
4636 14395 326
4636 14668 975
4636 9346 613
4636 13189 803
4637 10323 642
4637 8620 288
4638 13229 665
4638 9102 122
4638 12071 421
4638 830 643
4640 13391 485
4640 7818 540
4640 9055 105
4640 13004 916
4640 6231 187
4640 6556 233
4641 3416 836
4641 3834 623
4641 13620 911
4641 6198 605
4642 11697 649
4642 3076 721
4642 8162 600
4642 10450 38
4642 10273 526
4642 2265 832
4642 1824 384
4642 1910 745
4643 9860 283
4643 12013 706
4643 14462 901
4643 11393 773
4644 349 562
4644 2524 866
4645 7875 66
4645 14835 16
4645 9013 7
4646 12523 865
4646 15182 60
4646 4847 491
4647 12164 16
4647 3483 330
4647 9206 639
4647 794 103
4647 13611 9
4647 3962 219
4647 488 684
4648 3955 533
4648 2140 408
4648 1081 622
4649 11635 671
4649 6471 604
4649 8858 237
4649 13723 115
4650 5817 171
4650 15829 751
4650 974 564
4650 6841 1
4651 7345 516
4651 12905 277
4651 5024 329
4651 7800 238
4651 9953 49
4651 10043 472
4652 9938 373
4652 4869 769
4653 13841 484
4653 6041 686
4653 1694 720
4653 11733 508
4653 469 381
4654 13354 246
4654 12854 690
4654 11405 660
4655 15467 785
4656 14494 85
4656 15473 151
4656 5232 700
4656 4421 448
4656 13780 739
4656 15314 682
4656 5229 606
4656 3639 397
4657 9415 381
4657 6306 896
4658 13080 120
4658 429 819
4658 14365 629
4659 2665 871
4659 6833 129
4659 14324 177
4660 6559 323
4660 1632 825
4660 15828 229
4661 1555 570
4661 12699 413
4662 14482 409
4662 1486 625
4662 8882 618
4662 1272 415
4662 7123 827
4663 6862 373
4663 6197 994
4663 8097 359
4663 1964 473
4664 6639 595
4664 15832 226
4664 5620 559
4665 12123 995
4666 14177 512
4666 10220 89
4666 10179 183
4666 10608 390
4666 6141 784
4666 1394 662
4666 11890 591
4666 5259 926
4667 3622 546
4667 12481 51
4667 5005 732
4667 246 15
4668 7313 137
4668 12898 134
4668 8655 857
4668 12469 420
4668 9161 341
4668 9950 85
4668 14076 200
4668 2822 923
4669 12817 562
4669 4097 100
4669 10328 168
4670 13569 344
4670 4031 519
4670 10603 842
4671 701 262
4671 3522 985
4672 1826 655
4672 12967 724
4672 13662 836
4672 15970 265
4672 4360 285
4673 12089 923
4674 2357 211
4674 6640 355
4674 918 919
4676 7224 845
4677 6177 901
4677 9203 278
4677 3154 270
4677 11963 531
4677 7136 135
4678 4424 190
4678 2374 608
4678 10964 242
4678 10726 37
4678 7490 979
4678 15310 987
4679 12137 768
4679 2726 953
4679 7571 160
4680 4313 260
4680 11954 379
4680 13360 231
4680 7286 861
4680 12362 615
4681 3201 742
4681 6991 651
4681 12375 508
4681 3433 517
4681 1654 481
4682 4125 273
4682 12481 861
4683 11747 60
4684 8066 497
4684 5684 201
4685 15872 459
4685 14891 3
4685 13481 723
4685 8671 688
4685 5109 963
4685 12328 126
4686 15594 214
4686 10333 931
4686 8371 544
4687 2372 707
4687 5777 160
4688 11899 547
4688 1194 103
4688 10048 87
4689 9512 668
4689 2443 314
4689 15417 255
4689 3465 308
4689 6804 533
4689 11645 173
4689 9858 69
4690 12161 140
4690 2876 631
4690 13828 602
4690 13151 259
4690 13182 687
4690 12232 483
4690 5883 728
4690 11616 954
4691 13523 463
4691 9347 105
4691 3651 482
4691 13335 160
4692 2202 172
4692 12776 258
4692 15937 662
4692 14540 586
4692 10302 61
4692 12837 210
4692 860 982
4692 12378 308
4693 442 531
4693 11484 557
4693 3136 172
4694 2088 291
4694 5550 221
4694 5209 890
4694 6918 94
4694 6660 61
4695 7318 26
4695 11716 540
4695 12534 279
4695 5175 445
4696 14390 723
4696 7130 962
4696 8336 35
4696 11589 862
4696 6538 958
4696 2332 292
4696 184 622
4696 11227 939
4697 10624 576
4697 4990 817
4697 11287 13
4697 5745 885
4697 12001 810
4698 8700 205
4698 2667 824
4698 15029 268
4699 7313 465
4699 5681 240
4699 15576 856
4699 6499 400
4700 9091 735
4700 10180 800
4700 5785 365
4700 13967 664
4700 13397 283
4701 2918 161
4701 7472 486
4701 2527 269
4701 750 519
4702 2404 999
4703 7345 976
4703 15676 183
4703 12424 115
4703 7893 613
4704 7159 980
4704 390 596
4704 15680 920
4705 9235 7
4705 15474 264
4705 6767 517
4705 2354 273
4705 4979 188
4705 12687 876
4705 2453 73
4706 7618 83
4706 9540 388
4707 2886 679
4707 3797 249
4707 7838 592
4707 15944 125
4708 10677 564
4708 4126 682
4708 6785 882
4708 6899 346
4708 3678 112
4708 5350 805
4708 13292 608
4709 9021 340
4709 5663 487
4709 11131 318
4710 12213 691
4710 5475 414
4710 6108 187
4710 7939 932
4710 151 30
4710 5908 375
4710 12125 546
4711 4072 185
4712 10105 171
4712 4644 853
4712 12174 593
4712 13717 350
4712 13757 471
4713 6331 180
4713 11310 106
4713 2028 399
4713 4624 657
4713 1597 390
4714 7441 910
4714 12117 50
4714 2986 710
4715 10418 180
4715 9567 213
4715 2224 376
4715 1232 13
4715 15394 523
4715 15285 392
4715 6815 411
4716 14877 798
4717 5260 680
4717 7497 130
4717 7785 377
4717 3522 115
4718 10162 738
4718 11833 381
4718 11328 471
4718 3830 79
4719 1550 484
4719 15981 332
4720 10800 798
4720 689 316
4720 15240 44
4721 4991 767
4721 6825 683
4721 11770 693
4721 3519 632
4721 10796 826
4721 8861 34
4721 10123 367
4722 6224 177
4723 11108 505
4723 12659 64
4724 15863 735
4724 4728 960
4724 3102 164
4725 10198 398
4725 835 492
4725 12573 784
4725 6761 134
4726 1396 808
4726 4865 777
4726 6791 844
4727 1408 812
4727 7070 563
4727 11560 7
4727 4959 882
4727 10495 351
4727 15713 661
4727 7062 346
4727 12229 36
4727 4711 168
4727 10465 502
4728 10266 314
4729 1344 391
4729 7912 400
4729 4169 660
4729 7125 633
4730 15403 998
4730 15403 621
4730 9147 558
4730 4114 21
4731 13888 556
4731 1180 182
4731 1003 899
4731 1929 541
4731 1256 9
4732 8037 204
4732 5865 752
4732 12348 892
4732 4202 959
4733 11261 429
4733 4140 771
4733 5211 64
4733 15918 895
4733 145 58
4734 14430 644
4734 7944 424
4734 6486 300
4734 14810 868
4735 2197 470
4735 2367 978
4735 2808 799
4735 8953 714
4736 10835 769
4737 12713 19
4737 2280 150
4737 11176 930
4737 8591 486
4737 1565 165
4737 6005 738
4738 12335 769
4738 13729 545
4738 15257 790
4739 14143 500
4739 14056 143
4739 15630 5
4739 4854 546
4740 1883 518
4740 2899 173
4740 7423 363
4740 12717 863
4740 180 122
4740 9718 331
4741 3631 516
4741 3874 886
4741 6087 631
4741 12161 632
4742 11998 410
4742 9421 15
4742 7785 197
4743 3466 309
4744 13124 538
4744 12997 778
4744 5028 244
4744 2150 104
4745 1927 917
4745 6711 733
4745 10075 463
4746 12615 95
4746 10684 583
4746 5026 691
4746 5611 515
4746 8242 262
4747 14569 110
4747 422 801
4748 7305 336
4748 6858 922
4748 9863 249
4748 10044 791
4748 15647 409
4748 13479 772
4748 5712 726
4749 13127 225
4749 1803 443
4749 12313 269
4749 5441 101
4749 3616 787
4749 11946 338
4750 3249 37
4750 5396 782
4751 2485 25
4751 6752 336
4751 5743 342
4751 6848 100
4751 5920 160
4752 9415 762
4752 2128 803
4752 4825 984
4752 12027 624
4752 14761 372
4752 12198 784
4753 4665 614
4753 14094 481
4753 1132 122
4753 3225 992
4753 2026 519
4753 15046 116
4753 12540 628
4754 7053 621
4754 5308 736
4754 4744 40
4755 8493 649
4755 10572 126
4755 3248 847
4755 8146 552
4755 12828 184
4756 3808 278
4756 307 615
4757 8601 870
4757 12487 801
4757 7136 368
4757 1302 768
4757 10577 711
4758 13516 427
4758 3354 914
4758 14739 59
4758 9572 711
4758 12127 337
4759 9404 649
4759 4834 121
4759 4124 812
4759 9168 63
4760 13419 812
4760 6197 648
4760 14910 359
4761 104 915
4761 6390 720
4762 7646 109
4762 12994 534
4762 9813 4
4762 278 262
4763 11015 607
4763 13755 222
4763 1263 942
4763 1975 532
4763 11644 960
4763 7230 907
4764 15493 579
4764 8163 187
4764 11958 294
4764 10441 702
4765 15192 920
4765 13653 60
4765 13162 151
4765 4308 45
4766 1408 903
4766 15546 336
4766 3200 293
4766 9439 641
4766 15331 483
4768 7375 961
4768 4432 373
4768 8496 595
4768 3671 618
4769 11334 293
4769 1554 987
4769 15783 402
4769 7665 50
4769 14443 63
4769 797 474
4769 2679 505
4770 11291 954
4770 5858 893
4770 9241 267
4770 2598 389
4771 8963 500
4771 9985 844
4771 2011 318
4771 3234 403
4771 11799 208
4771 9995 685
4771 5193 560
4772 10329 459
4772 8912 289
4772 13341 899
4772 13058 965
4773 9147 607
4774 12391 213
4774 577 199
4775 5457 100
4775 1252 975
4775 9143 227
4775 10143 669
4775 1865 958
4775 11431 934
4776 10990 55
4776 7187 277
4776 15659 693
4776 8426 58
4777 4597 428
4777 12802 772
4777 6331 852
4777 15183 24
4777 8627 954
4777 11373 784
4777 12304 896
4778 4033 839
4779 9054 150
4779 4523 726
4780 15304 501
4780 9590 465
4780 6216 82
4781 4033 94
4781 8319 857
4781 3690 958
4781 13074 324
4781 12744 366
4781 14818 198
4781 8165 177
4781 2136 658
4781 5980 618
4782 113 782
4782 3192 299
4783 14962 266
4783 2053 524
4783 910 572
4783 14561 119
4784 15616 145
4784 5167 164
4784 13569 600
4784 3400 184
4784 15787 880
4784 7542 226
4785 12468 198
4785 3956 226
4785 7017 886
4786 6324 157
4786 2157 173
4786 5017 708
4786 2338 438
4786 9291 32
4786 4088 193
4787 11427 926
4787 12246 109
4788 9846 163
4789 10777 208
4789 6628 785
4789 12801 326
4789 10683 801
4790 14247 577
4790 11824 431
4790 6105 256
4790 13158 8
4790 4454 245
4791 1411 819
4791 1800 647
4791 8242 235
4791 11142 318
4791 15529 16
4791 10232 675
4791 1649 797
4791 12967 941
4791 5581 391
4792 6418 502
4792 11159 340
4792 11805 661
4792 9522 675
4793 1033 839
4793 2956 846
4793 5332 259
4793 7807 826
4793 10322 355
4793 11049 523
4794 1292 328
4795 8789 399
4795 5937 183
4796 3941 840
4796 15269 172
4796 11647 39
4796 14673 544
4796 9592 213
4796 1037 571
4797 5281 710
4797 2747 756
4797 2801 410
4797 5541 519
4797 8208 544
4797 1867 430
4797 11016 999
4798 13042 984
4798 10551 113
4798 7035 265
4798 14956 483
4799 8671 584
4799 14942 635
4800 4737 55
4800 3812 892
4800 11808 545
4800 15270 395
4801 10541 196
4801 15894 390
4801 12116 538
4801 8559 394
4801 5937 202
4802 1730 802
4802 6397 11
4802 14985 868
4803 7910 893
4803 5030 262
4803 15845 662
4804 12742 844
4804 8776 353
4805 6295 596
4805 13179 828
4805 8505 311
4806 15682 360
4806 8131 27
4806 1161 327
4806 12442 186
4807 6561 314
4807 8176 66
4808 8255 586
4808 5817 739
4808 5607 625
4808 6757 711
4808 12787 620
4809 1505 759
4809 2133 77
4809 14183 40
4809 8292 654
4809 2041 360
4810 8659 118
4811 9215 799
4811 8605 359
4811 12458 36
4811 2180 696
4811 8926 375
4812 1265 424
4812 6863 106
4812 14508 926
4813 3640 451
4813 1640 918
4813 10239 420
4814 14432 268
4815 12490 692
4815 5284 116
4816 10118 921
4816 5467 397
4816 9544 775
4816 13942 249
4817 5078 704
4817 6067 151
4818 1570 669
4818 1205 809
4818 3557 453
4818 14443 30
4818 12746 402
4818 1014 230
4818 7074 556
4818 9097 514
4818 5920 125
4818 13928 963
4819 11247 89
4819 1968 806
4819 7278 926
4819 2793 922
4819 7638 999
4819 10076 242
4819 12353 264
4819 1362 564
4819 14466 494
4819 2957 539
4820 10748 532
4820 7697 581
4820 13247 237
4820 9655 571
4821 1233 357
4821 14819 288
4821 10340 119
4821 13124 4
4821 13915 242
4822 4819 805
4822 3002 228
4822 7613 872
4822 7485 503
4822 2519 404
4822 6396 305
4823 14622 243
4823 13671 694
4824 7478 26
4824 3492 740
4824 4601 159
4824 12656 341
4824 5441 316
4825 5993 220
4825 12727 620
4826 9690 29
4826 4893 688
4826 13301 552
4826 7217 883
4826 308 238
4826 14890 730
4827 15184 466
4827 4616 850
4828 14510 434
4828 8865 991
4828 3460 931
4828 2263 718
4828 6593 290
4829 116 685
4829 9078 65
4829 8393 531
4829 1799 742
4829 15773 423
4829 627 629
4829 9120 955
4830 821 718
4830 13992 181
4830 9060 855
4830 3484 838
4831 9141 438
4831 4573 179
4831 9461 519
4832 6502 575
4832 14949 499
4832 14129 18
4832 5216 4
4832 3021 676
4833 9848 382
4833 10213 303
4833 14007 370
4834 8497 257
4834 6080 42
4834 5566 608
4835 12894 715
4835 12112 452
4835 4732 111
4835 15487 369
4836 9889 5
4836 5051 684
4836 3593 96
4837 3671 962
4837 12353 682
4837 7900 453
4837 9257 278
4838 3733 93
4838 2790 71
4839 9203 854
4839 9692 224
4839 10163 695
4839 1485 788
4839 14835 451
4840 914 248
4840 14045 281
4840 11226 350
4841 7412 265
4841 577 151
4841 11224 164
4841 5244 587
4841 4995 656
4842 8864 371
4842 12477 775
4842 11622 927
4842 496 220
4842 5010 110
4842 4623 685
4842 4838 650
4843 11457 526
4844 7083 839
4844 1822 906
4844 9314 359
4844 13683 662
4844 1658 885
4844 8421 921
4844 4202 9
4846 10489 741
4846 14574 323
4846 9251 981
4847 4158 321
4847 11041 507
4847 10765 212
4847 3049 183
4847 6194 823
4848 1609 865
4849 10144 308
4849 2414 31
4849 14239 959
4849 14391 800
4849 615 827
4849 14989 107
4849 1466 845
4850 4084 888
4850 4600 691
4850 4890 169
4850 15948 607
4851 1498 631
4851 13944 154
4852 34 660
4852 15244 318
4852 14428 781
4852 6466 412
4853 14979 276
4854 15675 836
4855 1 710
4855 3464 371
4855 9790 64
4855 7558 635
4855 10347 730
4855 3763 235
4855 7327 229
4856 13252 860
4856 4681 866
4856 4811 929
4857 9194 807
4857 14979 753
4858 6 798
4858 14967 280
4858 4085 737
4858 1001 828
4858 10949 60
4858 501 372
4858 15157 187
4858 12037 551
4859 1153 436
4859 11398 320
4859 1317 256
4859 14138 77
4859 74 255
4859 7172 764
4859 9010 765
4860 14519 770
4860 1195 895
4860 12261 802
4860 4020 853
4860 222 583
4860 316 985
4860 15596 260
4861 12688 499
4861 1526 156
4861 11335 381
4861 9546 466
4861 1651 168
4861 2993 863
4862 15769 345
4862 11794 734
4863 2489 17
4863 11709 630
4863 9542 639
4864 12875 620
4864 6959 951
4864 2007 607
4864 15494 570
4864 13463 262
4864 3876 535
4865 11973 348
4865 15755 736
4865 643 547
4865 5847 389
4866 10590 522
4866 2962 411
4866 6433 806
4866 4202 205
4866 11024 361
4866 5769 968
4867 9401 256
4867 5299 674
4867 4651 124
4867 3330 243
4867 5068 379
4868 12619 711
4868 5942 342
4868 14931 971
4868 12831 353
4869 4893 311
4869 15961 912
4869 12892 56
4869 9701 464
4869 10486 835
4869 7064 766
4869 11698 98
4869 167 952
4870 9797 620
4870 6096 171
4870 15951 287
4870 1342 664
4870 13695 109
4870 9060 630
4870 12593 530
4871 10656 329
4872 4745 357
4873 1375 599
4873 7712 651
4873 14775 178
4873 1125 434
4873 8178 612
4873 15245 951
4873 4712 707
4873 15870 657
4873 9439 735
4874 12844 979
4875 5294 770
4875 179 279
4875 14949 976
4876 10391 445
4876 7562 1
4876 14186 998
4877 13300 712
4877 4662 170
4877 3002 980
4877 4177 665
4877 9953 184
4877 9673 78
4877 11719 324
4878 13935 954
4878 8023 179
4878 10122 479
4878 11213 493
4879 4356 140
4879 9852 920
4879 15169 87
4879 13709 583
4879 1631 977
4880 3141 547
4880 9292 913
4881 1416 260
4881 14802 435
4881 1432 346
4881 13493 288
4881 8679 408
4882 1291 912
4882 15972 95
4882 5915 244
4883 11548 462
4883 10807 133
4883 13497 714
4883 1781 997
4884 3105 692
4884 3745 575
4884 5104 353
4884 3252 553
4884 8934 324
4885 3660 753
4885 9562 27
4886 6789 788
4886 2701 757
4886 9233 130
4886 10983 79
4886 7819 223
4886 12142 626
4886 13491 815
4887 7510 873
4887 281 925
4887 10889 58
4887 12291 985
4888 12602 864
4888 2868 516
4888 1718 397
4888 7906 697
4888 6347 648
4888 9827 349
4889 7831 456
4889 5267 37
4889 5895 600
4889 13438 221
4889 9051 913
4889 10117 163
4890 4065 630
4890 12440 816
4890 6073 794
4890 7795 583
4890 6794 349
4891 5955 405
4892 10469 221
4892 4781 956
4892 9620 48
4892 2582 180
4892 8202 264
4892 14566 568
4893 1244 746
4893 3888 599
4893 0 816
4893 3297 38
4894 7441 190
4894 2547 494
4894 10180 211
4894 3014 597
4895 12550 525
4895 10373 76
4895 5157 783
4895 13873 941
4895 3373 174
4896 3683 921
4896 4868 498
4896 10683 95
4896 11011 288
4896 15665 920
4896 108 487
4896 12573 798
4896 7639 251
4897 4524 756
4897 9374 448
4897 10193 313
4897 11916 665
4897 9957 114
4898 3402 876
4899 1179 169
4899 41 717
4899 14232 754
4900 10524 748
4900 3800 789
4900 6456 744
4901 6475 197
4901 2473 489
4902 9098 501
4902 6277 366
4902 9032 766
4902 756 403
4902 3897 238
4902 5191 404
4902 4212 532
4902 5236 987
4903 7677 123
4903 12374 396
4903 15429 865
4903 14740 881
4903 9690 94
4904 1417 363
4905 733 598
4905 9966 849
4905 15105 755
4905 5368 26
4905 12224 814
4906 15301 1000
4906 11831 542
4906 4148 404
4906 2645 967
4907 8084 762
4907 801 970
4907 7012 613
4907 11140 643
4907 6860 136
4907 14463 425
4908 10459 656
4908 1807 916
4908 4225 124
4908 8700 300
4908 3772 932
4909 334 908
4909 338 451
4910 5508 203
4910 14444 736
4910 888 995
4911 2820 520
4911 14051 604
4911 6933 890
4912 5902 997
4912 9331 663
4912 2557 207
4913 3477 839
4913 10192 207
4913 4799 746
4913 9507 709
4913 4423 129
4913 9926 599
4913 8780 349
4914 13576 560
4914 9627 257
4914 4647 745
4914 12255 248
4915 1558 577
4915 5443 915
4916 14191 791
4916 5194 948
4917 15160 243
4917 5655 458
4917 15175 375
4917 14458 540
4917 3095 892
4918 2134 900
4918 9318 456
4918 500 890
4918 15937 937
4918 3676 773
4918 13319 881
4919 15067 843
4919 439 402
4919 7565 364
4919 12002 854
4919 9022 195
4920 1548 492
4920 9334 451
4921 15589 259
4921 11040 372
4922 11468 656
4922 2227 575
4922 8816 821
4923 9462 313
4923 3863 367
4923 15226 396
4924 10752 441
4924 11115 234
4924 15006 874
4924 13079 485
4924 7703 526
4924 7395 397
4925 3211 754
4925 2181 60
4925 7173 562
4925 192 988
4925 6197 489
4925 5750 220
4926 12749 987
4926 3195 366
4926 2081 136
4926 14442 500
4927 351 539
4927 11227 306
4927 9430 627
4927 9584 393
4927 15960 703
4928 271 391
4928 9998 770
4928 8225 879
4929 15447 133
4929 13393 305
4929 1047 701
4929 5086 439
4929 14654 552
4929 13392 303
4929 8235 839
4929 3455 556
4930 3486 598
4930 7096 725
4930 6673 30
4930 8063 456
4931 2857 358
4931 13983 475
4931 2592 959
4931 10472 574
4931 13753 375
4931 9188 673
4931 1326 860
4932 10625 590
4932 9085 546
4932 9715 576
4932 14358 769
4932 9821 876
4933 6286 113
4933 4278 463
4934 11460 679
4934 4530 210
4935 8137 676
4935 12482 568
4935 1487 792
4935 1442 139
4935 13903 314
4936 9795 422
4936 3355 889
4936 10713 690
4936 5319 330
4936 4886 712
4936 696 988
4936 13551 376
4936 4553 557
4937 12543 858
4938 8361 907
4938 14863 381
4938 10181 280
4939 15302 224
4939 2186 584
4940 10281 197
4941 937 128
4941 3869 883
4941 769 922
4942 15613 442
4942 5215 836
4942 1831 588
4942 8550 256
4943 11596 975
4943 2856 372
4943 13628 653
4943 15016 295
4944 21 78
4944 4077 794
4944 14256 687
4944 15396 852
4944 15478 196
4944 3605 357
4945 9458 248
4945 14786 435
4945 13476 146
4946 5260 101
4946 10550 818
4946 5768 228
4946 9550 928
4947 11624 93
4947 216 365
4947 1681 3
4947 11210 612
4947 4988 561
4947 13337 85
4948 8643 229
4948 2969 884
4948 2117 520
4949 6208 397
4949 4474 379
4950 1447 186
4950 12665 400
4950 12499 633
4950 5263 527
4951 12066 786
4951 14722 30
4951 9880 588
4951 9041 916
4951 9364 426
4952 15499 862
4952 3230 737
4952 5082 502
4953 832 143
4953 9345 829
4953 14699 678
4953 12017 802
4953 12461 80
4954 14010 252
4954 15625 84
4954 4250 567
4954 13208 285
4955 6856 995
4955 8235 38
4955 3709 669
4955 13827 69
4956 8050 745
4956 15982 420
4956 8840 781
4956 13714 281
4956 3215 563
4957 1261 767
4957 8820 606
4957 14364 8
4958 4832 809
4958 11250 682
4958 5646 825
4959 5432 743
4959 15454 848
4959 12711 767
4959 13036 216
4960 1467 431
4960 179 776
4960 14995 898
4961 13642 833
4961 8799 387
4961 12444 734
4961 4686 657
4961 1863 201
4961 1198 193
4961 12082 231
4961 6845 660
4961 13109 303
4962 437 48
4962 15233 576
4963 4625 455
4963 13456 586
4963 5939 567
4963 8122 759
4963 13888 498
4964 2222 624
4964 6967 232
4964 11470 33
4964 12295 951
4964 15288 824
4964 3039 182
4964 7739 68
4964 13895 724
4965 13569 447
4965 9496 881
4965 311 259
4965 4096 153
4966 935 454
4966 8741 174
4966 4575 415
4966 11943 148
4966 5433 798
4967 3528 392
4967 1489 343
4967 5799 346
4968 7941 22
4969 5861 600
4969 11776 729
4969 343 960
4970 7969 615
4970 4546 105
4970 5223 679
4970 8547 36
4970 14622 643
4970 1524 248
4971 6031 817
4971 3114 469
4971 15581 273
4972 1105 248
4972 8757 964
4972 5962 448
4973 5802 720
4973 9009 482
4973 13751 146
4973 3762 399
4974 14349 581
4974 13831 558
4974 7916 776
4975 1946 964
4975 152 271
4975 11047 980
4975 7484 142
4976 8025 565
4977 14197 23
4977 1010 195
4977 15499 335
4978 7433 371
4978 5511 257
4978 12912 197
4978 9641 291
4979 12307 962
4979 4876 543
4979 11202 781
4979 1304 740
4979 2617 716
4979 7764 156
4980 1425 725
4980 13932 896
4981 9618 736
4981 9123 942
4982 12977 832
4982 60 362
4982 6681 876
4982 14283 806
4982 7808 541
4983 11753 528
4983 12597 2
4983 13020 532
4984 6107 990
4984 8153 495
4984 6103 641
4984 889 660
4984 481 360
4984 10630 573
4984 5793 176
4986 2743 395
4986 9667 999
4986 5498 10
4986 15265 716
4986 6935 128
4987 12760 529
4987 7678 395
4987 1812 232
4987 8345 613
4988 1636 530
4988 6247 246
4988 8836 789
4988 2669 415
4988 12045 444
4988 6581 646
4988 13029 637
4989 15121 200
4989 4976 135
4989 10338 266
4989 851 462
4990 6039 188
4990 1871 362
4990 2521 939
4990 15193 864
4990 10484 354
4992 1633 532
4992 12560 537
4992 4001 167
4993 8399 866
4993 7705 724
4994 2012 938
4994 14050 144
4994 9775 826
4994 2821 705
4994 1800 176
4994 15411 704
4995 11020 330
4995 3000 558
4996 11060 469
4996 7055 39
4996 11274 455
4997 7263 741
4997 456 868
4997 7758 786
4997 13925 949
4998 6401 429
4998 6787 836
4998 11295 524
4998 6701 714
4999 10254 551
5000 12085 751
5000 8843 87
5001 14895 310
5001 5092 399
5001 8950 906
5001 12446 97
5002 10758 214
5002 1402 200
5002 2563 530
5003 4859 580
5003 4937 507
5004 1598 685
5004 4425 492
5005 2470 40
5005 3828 841
5005 1800 508
5005 15917 583
5005 12342 262
5005 9354 242
5006 2409 624
5006 9746 532
5006 253 473
5006 11429 476
5006 15296 41
5006 14795 825
5006 12769 762
5007 2424 132
5007 1958 121
5007 15712 94
5007 14705 649
5007 8092 220
5007 12000 247
5007 11238 73
5007 8182 719
5007 15987 512
5008 4214 844
5008 13185 209
5008 9603 497
5008 6053 63
5008 7752 992
5008 6385 679
5008 12272 765
5009 1916 660
5009 1297 802
5009 361 795
5009 15216 560
5009 34 307
5009 8679 855
5010 13614 540
5010 13079 306
5010 5574 588
5010 8613 930
5012 8699 53
5012 590 816
5012 4323 106
5012 10652 817
5013 4008 759
5013 2643 463
5013 3721 360
5013 13569 980
5013 8123 89
5014 7321 562
5014 15004 350
5014 14097 811
5014 10992 497
5015 9047 599
5015 12618 286
5015 5343 785
5015 2242 870
5015 6232 800
5015 13464 424
5016 8827 489
5016 12975 745
5016 11390 354
5017 2697 295
5017 2233 872
5017 2512 776
5017 9683 549
5017 9210 234
5018 3413 311
5018 10269 771
5018 5212 161
5018 12607 972
5018 7833 135
5019 10213 114
5020 15287 65
5020 12252 121
5021 1210 109
5021 14747 485
5021 10424 828
5021 4240 207
5022 6881 940
5022 15693 305
5022 10775 124
5023 11666 980
5023 317 218
5023 8707 620
5023 2001 743
5023 6806 169
5023 3275 81
5024 8454 249
5024 2935 606
5025 11171 324
5025 3839 507
5025 11618 361
5026 5059 885
5026 7425 920
5026 12284 242
5026 9664 910
5027 5062 992
5027 8162 705
5027 9226 568
5027 9518 23
5028 14318 516
5028 8764 443
5028 2399 696
5029 5118 173
5029 4262 77
5029 1376 589
5030 7082 122
5030 2444 545
5030 10838 755
5031 11547 362
5032 2731 466
5032 1958 164
5032 11069 686
5032 10411 50
5033 5701 967
5033 13832 46
5033 4214 67
5034 9546 145
5034 180 706
5034 3376 32
5034 8793 215
5034 6839 159
5034 9777 382
5034 6294 753
5034 15422 321
5034 7553 83
5035 10276 649
5036 981 657
5036 272 764
5036 4401 619
5036 3671 588
5036 13931 709
5036 6652 329
5036 15278 483
5036 12181 48
5036 8343 510
5036 12119 679
5037 2710 586
5037 11732 845
5037 5861 85
5037 7048 730
5037 5200 821
5037 3230 827
5038 8106 784
5038 15827 837
5039 10864 541
5039 11138 134
5039 3749 562
5040 7534 890
5040 15698 991
5040 4342 221
5040 7728 268
5041 7615 481
5041 11484 934
5041 8591 945
5042 3402 52
5042 15864 784
5042 15306 62
5042 5919 388
5043 2681 415
5043 6139 343
5044 5690 821
5044 11524 923
5044 5474 604
5044 3133 211
5044 15394 299
5045 2981 462
5045 6407 270
5045 6924 654
5045 11875 981
5046 8164 72
5046 13722 6
5046 7570 269
5046 2388 400
5046 4196 996
5046 2655 748
5047 2490 512
5047 6536 730
5048 9692 712
5048 4411 223
5048 14976 204
5049 15751 235
5049 520 278
5050 3646 868
5050 3413 715
5051 11729 546
5051 1067 283
5051 7458 219
5051 213 542
5051 11011 428
5052 13404 904
5052 66 130
5052 5348 111
5052 3145 519
5052 8788 21
5052 6594 331
5053 12754 325
5054 11171 799
5054 8736 50
5055 14546 255
5055 14442 565
5056 5897 419
5056 11610 171
5057 5224 462
5057 15396 545
5057 12743 359
5057 7612 77
5057 3895 500
5057 2910 875
5057 9449 261
5058 3122 346
5058 9709 906
5058 2987 717
5058 5895 492
5058 14949 185
5059 6285 276
5059 6952 829
5059 14660 752
5059 10143 639
5060 8652 643
5060 9113 806
5061 13124 603
5061 10405 285
5061 5698 569
5061 8889 312
5061 1536 853
5061 12245 224
5061 8829 60
5062 863 905
5062 9065 524
5062 13767 186
5062 1809 63
5062 10818 327
5062 15757 266
5062 7577 971
5062 5865 133
5062 13790 841
5063 8329 669
5064 12623 234
5064 5025 153
5064 5066 611
5064 7148 281
5064 3192 698
5065 5942 235
5065 11039 377
5065 7937 445
5066 5565 125
5066 2641 241
5066 15328 15
5066 238 575
5067 9238 503
5067 11878 691
5068 3886 412
5068 9219 607
5068 11544 341
5068 3106 257
5069 11780 430
5069 11736 150
5069 15678 2
5069 9436 604
5069 12887 884
5070 11705 555
5070 2732 251
5071 10316 87
5071 3208 859
5071 169 589
5071 15607 458
5071 10896 341
5072 7829 993
5072 3763 477
5072 7474 812
5072 8778 155
5073 11615 527
5073 8007 53
5073 740 993
5073 5243 624
5074 7077 319
5074 8282 478
5074 4812 286
5074 621 377
5074 8183 135
5074 13127 622
5074 70 696
5074 2048 784
5075 5358 796
5075 15280 508
5075 2177 434
5075 7565 286
5076 14437 672
5076 14497 195
5076 235 488
5076 8022 251
5076 13151 108
5077 8252 460
5077 10238 839
5077 2311 34
5077 11908 231
5077 5033 809
5078 3775 494
5078 5403 668
5078 479 503
5079 14114 782
5079 9334 599
5079 12649 398
5079 3068 759
5079 7635 266
5079 10319 263
5079 3993 761
5079 11502 842
5080 3071 958
5081 15290 497
5081 8629 449
5081 583 191
5081 11270 207
5081 5401 927
5081 13342 53
5081 15698 874
5081 14007 693
5082 971 903
5082 1227 726
5082 3389 936
5082 6592 556
5083 15766 144
5084 11943 456
5084 14192 99
5084 3742 962
5084 1840 409
5084 2255 58
5085 10363 695
5085 14206 228
5085 12092 245
5085 3186 165
5086 6182 469
5086 6806 899
5086 15681 400
5087 6710 497
5087 4232 85
5087 5445 209
5087 4056 294
5088 12443 589
5088 2480 248
5088 2461 700
5088 4848 15
5088 11571 881
5089 11770 695
5089 8241 905
5089 528 590
5089 10326 279
5090 1100 518
5090 12971 407
5090 5133 440
5090 4406 928
5091 1357 627
5091 6884 26
5091 13509 689
5091 141 318
5091 6576 261
5091 1501 512
5092 321 369
5092 6957 635
5092 13309 314
5092 11092 664
5092 12499 343
5092 12219 779
5092 1698 464
5093 13197 747
5093 13829 291
5094 8340 916
5094 4100 155
5094 6699 760
5094 3263 89
5094 6619 329
5095 3529 962
5095 12228 724
5095 14531 298
5095 13967 16
5095 10597 643
5095 11571 479
5096 6847 151
5096 11053 17
5096 10023 602
5097 163 354
5097 11222 546
5097 11506 989
5097 11491 858
5098 14556 556
5098 5140 406
5098 7410 166
5098 3960 186
5098 2111 204
5098 1464 509
5098 11913 162
5098 8169 954
5098 5552 514
5099 4918 240
5099 5785 579
5099 4335 464
5100 4826 785
5100 7768 407
5100 12251 40
5100 1638 806
5100 12574 595
5100 12397 707
5101 4077 18
5101 1581 704
5101 3629 545
5101 5646 65
5101 12578 232
5102 950 332
5102 15782 985
5102 14994 315
5103 2578 612
5103 14476 554
5103 4778 804
5103 12276 817
5103 15342 593
5103 9698 797
5104 2332 401
5104 12564 351
5104 13814 44
5105 6391 442
5105 11372 289
5105 14100 481
5105 15902 703
5105 4231 786
5106 1751 862
5106 3414 941
5106 15726 757
5106 10520 56
5106 8694 877
5107 11987 716
5107 9123 985
5107 1654 253
5107 4770 82
5108 6172 546
5108 1096 929
5108 8526 818
5108 3441 2
5109 9525 674
5109 276 281
5109 13234 353
5109 4201 280
5110 7662 743
5110 400 153
5110 7238 379
5111 12192 680
5111 7495 525
5112 14749 102
5112 9949 428
5113 3137 657
5113 9622 115
5113 7188 120
5113 15552 326
5113 10502 304
5114 11816 321
5114 9104 35
5114 8224 484
5114 11727 255
5114 11225 265
5115 10252 588
5115 13176 4
5115 12885 397
5115 9574 535
5115 14029 134
5115 1909 688
5115 11661 884
5116 7312 687
5116 9946 891
5116 14577 848
5116 4908 414
5116 2162 485
5117 13708 647
5117 10420 892
5117 7735 81
5117 14727 820
5118 8464 916
5118 1496 869
5118 12218 665
5119 1717 689
5119 8990 111
5119 11716 53
5119 3536 854
5119 5381 868
5119 3415 27
5119 2937 620
5120 9774 313
5120 966 404
5121 12736 776
5122 15034 521
5122 14274 703
5123 14702 244
5123 5199 362
5123 10647 406
5124 7728 482
5124 10467 192
5124 1509 766
5124 11454 371
5125 11893 978
5125 6816 603
5125 7045 354
5125 5481 632
5125 14376 180
5125 10921 354
5125 9068 337
5125 4814 513
5125 6606 478
5125 8536 869
5126 8721 827
5126 7774 879
5126 2907 848
5126 15467 265
5127 9704 10
5128 6718 167
5128 12326 460
5128 3053 973
5128 2459 484
5128 6895 917
5129 10314 160
5129 5991 971
5129 4363 179
5129 15890 303
5129 1670 685
5130 1380 990
5130 5258 646
5130 12001 843
5130 11551 697
5130 1938 50
5130 12990 599
5130 8523 864
5131 7214 45
5131 2711 390
5131 15612 579
5131 858 900
5131 3123 676
5131 10558 806
5131 10662 971
5131 6560 94
5132 11617 759
5132 12978 221
5132 10512 819
5132 6305 209
5133 4573 513
5133 2896 949
5133 14355 330
5133 3079 863
5134 15546 224
5134 15767 930
5134 8274 505
5134 13035 30
5134 540 715
5134 5310 808
5134 524 377
5135 3697 892
5135 9519 658
5135 12906 431
5135 6964 747
5135 10212 975
5136 11012 896
5136 9234 118
5136 5339 280
5136 12474 420
5136 13326 723
5136 3281 311
5136 13286 92
5136 8401 563
5136 2315 958
5137 13080 28
5137 12981 937
5137 14570 446
5137 15615 333
5137 9615 751
5137 2835 117
5137 12271 399
5138 11276 732
5138 11058 198
5138 3572 936
5138 4284 527
5138 12181 694
5138 15442 336
5138 3681 174
5139 10314 188
5139 12067 387
5139 8810 845
5139 8195 383
5139 12535 56
5139 15495 491
5139 11487 381
5140 5803 748
5140 14196 642
5140 6692 563
5140 12058 776
5140 1871 837
5140 5138 642
5141 9525 282
5141 14255 852
5141 1578 107
5141 6243 917
5142 4923 103
5142 8844 724
5142 7073 335
5143 8082 860
5143 14787 469
5143 4976 192
5143 1213 4
5144 3938 964
5144 8169 478
5144 6289 693
5144 14683 776
5144 11097 107
5144 12032 570
5144 10543 577
5144 13919 207
5144 14371 289
5145 12020 767
5145 9649 90
5146 3688 303
5146 12346 520
5146 7756 72
5146 6431 565
5147 6851 181
5147 8340 740
5147 2517 276
5147 8301 523
5147 11176 201
5148 13298 74
5148 517 898
5148 8954 274
5148 15650 33
5149 2917 766
5149 2408 134
5149 4191 255
5150 6350 315
5151 15789 390
5151 3684 314
5152 1423 227
5152 2670 657
5152 9009 84
5152 3807 595
5152 4736 868
5153 8977 998
5153 9173 274
5153 4043 750
5154 4998 740
5154 10134 37
5154 1663 532
5154 15695 828
5154 1489 581
5155 8749 617
5155 673 611
5155 6713 29
5155 2788 793
5155 4090 969
5156 1150 517
5156 8540 723
5156 9048 904
5156 12728 194
5156 8514 168
5156 4799 890
5156 7271 999
5157 13489 978
5158 4092 954
5158 6275 749
5158 14032 840
5158 7512 799
5158 2113 195
5159 10720 451
5159 9643 555
5159 24 283
5160 9447 939
5160 2801 569
5160 9949 228
5160 3762 844
5161 4967 586
5161 5258 877
5161 5370 960
5161 12452 921
5161 6212 53
5161 2975 549
5161 14258 882
5162 11917 705
5162 5616 283
5163 10797 37
5163 13368 386
5164 6973 142
5164 2809 891
5164 11169 829
5164 12435 380
5164 14090 221
5165 13172 40
5165 3476 36
5165 5363 753
5165 7975 733
5166 7164 654
5166 6668 987
5166 12976 170
5166 6254 730
5166 4337 138
5166 6803 443
5166 6152 237
5166 6839 443
5167 5885 558
5167 1579 569
5167 10215 416
5167 8358 397
5167 9992 621
5167 6025 53
5167 11773 212
5167 1911 956
5168 10421 21
5168 12615 324
5168 11010 975
5169 7221 339
5169 7586 428
5169 12804 150
5169 15677 332
5169 8443 906
5169 336 480
5170 284 356
5170 7783 88
5170 889 309
5170 2478 336
5171 5773 553
5171 9205 178
5171 13304 689
5171 6670 735
5171 9858 894
5171 13573 982
5172 4194 945
5172 766 404
5172 13554 507
5173 2149 842
5173 10694 882
5173 9458 780
5173 6056 772
5173 11455 787
5173 14709 139
5173 9997 280
5174 7115 122
5174 3001 867
5174 12110 178
5174 1137 906
5174 2875 923
5175 9188 802
5175 13596 133
5176 2531 138
5176 3626 936
5177 4156 171
5177 4191 270
5177 7606 506
5177 15905 867
5177 12877 25
5177 8920 184
5178 4730 319
5178 1727 442
5179 3237 29
5179 1432 128
5179 388 322
5179 12602 574
5179 7684 879
5179 12219 87
5180 13082 533
5180 7097 504
5180 15475 560
5180 12000 393
5180 9275 986
5180 2559 808
5180 13265 134
5181 15397 331
5181 7120 333
5181 15535 305
5181 5574 105
5181 6828 413
5181 15097 590
5181 14089 631
5182 14691 262
5182 15424 813
5182 3848 292
5182 12142 805
5182 11783 86
5183 14441 648
5183 12883 562
5184 476 612
5184 1525 24
5184 3257 571
5184 12054 627
5184 2925 968
5184 14698 199
5185 12574 961
5185 7765 228
5185 2022 143
5185 13861 47
5186 9034 81
5186 15877 972
5186 8808 441
5186 10172 717
5186 5240 243
5187 15682 560
5187 9134 901
5188 14095 151
5188 1746 48
5189 7400 586
5189 10770 521
5189 1682 250
5190 7600 857
5190 2019 295
5190 14103 986
5191 14794 212
5191 9309 629
5191 15389 652
5191 10062 850
5192 9015 941
5192 13386 210
5192 14186 286
5192 11316 452
5193 13245 940
5193 15907 390
5193 4959 581
5193 12593 304
5193 556 486
5193 4705 636
5193 15515 899
5194 3722 406
5194 5760 846
5194 1780 575
5195 14753 627
5195 2693 613
5195 9675 576
5195 10272 29
5196 385 232
5196 11269 200
5197 174 88
5197 6288 213
5197 10610 832
5197 9616 534
5197 2060 37
5197 4644 379
5198 2527 853
5198 6758 971
5198 3502 898
5198 10915 409
5199 1631 116
5199 8944 960
5199 5328 245
5199 744 168
5199 8575 568
5199 741 297
5200 7515 766
5200 1264 112
5200 14012 44
5200 7114 425
5201 331 512
5201 6444 189
5201 6315 218
5201 862 838
5201 11172 808
5201 14925 104
5202 1436 588
5202 8720 805
5202 12197 524
5202 14278 435
5203 7017 480
5203 6213 480
5203 4588 637
5203 983 113
5204 10684 880
5204 379 480
5204 10096 356
5204 7701 957
5205 13318 666
5205 5091 385
5206 469 160
5206 14687 66
5206 12051 601
5206 1645 969
5206 10637 346
5206 9141 896
5207 1303 935
5207 2685 671
5207 5222 554
5207 11981 634
5208 9768 819
5208 3244 784
5208 7474 133
5209 950 99
5209 13486 674
5209 1744 240
5209 15602 748
5210 12118 360
5210 4200 581
5212 6178 315
5212 6123 819
5212 1365 26
5212 10652 201
5212 12917 236
5212 14978 363
5212 10656 245
5212 12581 598
5213 1156 44
5213 11630 703
5213 7786 876
5213 11817 420
5213 8932 400
5214 4545 62
5214 4626 342
5214 14678 551
5215 12367 688
5215 65 742
5215 10974 608
5215 15962 881
5215 3768 693
5216 4580 913
5216 5338 942
5216 13876 135
5216 9284 104
5216 3934 544
5216 7780 760
5216 3110 776
5216 10433 642
5216 7743 855
5217 15540 164
5217 8274 24
5218 13609 754
5218 6945 238
5219 14895 658
5219 6830 411
5219 3072 578
5219 113 874
5220 6217 778
5220 404 214
5220 12088 779
5220 4531 990
5221 5762 990
5221 10046 989
5221 1204 660
5221 10515 145
5222 8864 149
5222 4364 852
5222 14488 340
5222 11382 134
5223 6924 538
5223 3167 195
5223 3223 592
5223 5406 923
5223 11943 397
5223 12190 239
5223 8310 10
5223 12949 211
5223 9469 163
5223 4497 811
5224 8984 985
5224 2923 358
5224 12217 415
5224 46 833
5224 3585 376
5225 11170 481
5225 6033 694
5225 13107 661
5225 10934 90
5225 9541 737
5225 7287 837
5225 1523 859
5226 12344 366
5226 13896 320
5226 1233 56
5227 2918 11
5227 9235 813
5227 5463 202
5228 14450 47
5228 6026 128
5228 7071 793
5228 2627 731
5228 3599 305
5228 7837 696
5228 357 318
5229 2388 885
5229 6145 177
5229 13000 226
5230 3467 74
5230 1172 611
5231 7090 328
5231 12699 61
5232 11528 378
5232 3189 195
5232 14449 49
5232 15819 684
5232 4357 113
5233 6656 515
5233 7638 426
5233 948 531
5234 14807 757
5234 226 720
5235 10488 755
5235 3774 419
5235 5748 790
5236 3392 610
5236 14639 204
5236 7045 358
5236 13821 900
5237 12518 862
5237 6330 702
5237 979 46
5237 8054 51
5237 4196 230
5237 7892 926
5237 2828 328
5238 12445 588
5238 5926 593
5238 980 945
5238 8978 925
5239 13526 46
5239 2312 719
5239 7037 437
5240 11662 569
5240 7668 22
5240 13043 919
5240 1535 505
5240 12895 618
5241 6431 495
5241 4135 762
5241 2927 556
5241 3855 155
5241 54 174
5242 6441 448
5242 13078 573
5242 3755 240
5242 11054 900
5243 2019 308
5243 7917 193
5244 3929 850
5244 14741 2
5244 9370 966
5244 625 994
5244 5621 787
5244 15771 676
5244 8189 153
5244 11450 426
5244 15244 97
5245 5767 313
5245 3834 261
5245 8546 186
5245 11035 659
5246 3679 682
5246 2159 650
5246 9023 404
5247 15681 500
5248 14072 600
5248 909 45
5248 12431 767
5248 1160 615
5249 8938 742
5249 7125 481
5249 13125 435
5249 5971 237
5249 14827 43
5250 4942 806
5250 13036 978
5250 5740 884
5250 7922 93
5250 1103 449
5251 12506 420
5251 14421 48
5251 7106 470
5251 10472 403
5251 11865 285
5251 4340 721
5251 7645 983
5253 10037 996
5253 4129 824
5253 1522 587
5253 1189 271
5254 4112 357
5254 7241 383
5254 11963 605
5255 7481 12
5256 6052 218
5256 8633 288
5256 1406 921
5257 1163 181
5257 6748 48
5258 4238 901
5258 3490 938
5258 11735 357
5259 1102 204
5260 13062 285
5260 9885 858
5260 9594 153
5260 6373 274
5260 5370 594
5261 15781 730
5261 8610 821
5261 9785 313
5261 2882 172
5261 5906 873
5262 11927 596
5262 4845 415
5262 14180 57
5262 3704 953
5263 13063 102
5264 1741 739
5264 10058 214
5264 8323 680
5264 12403 27
5264 15181 128
5265 2243 451
5265 15875 304
5265 15757 156
5265 13768 176
5265 1981 976
5265 3366 475
5266 3400 164
5266 1940 975
5266 1521 445
5266 8685 584
5267 7671 504
5267 14919 310
5268 12928 186
5268 8023 671
5268 5729 524
5269 12266 169
5269 5023 827
5269 1755 545
5269 4777 212
5269 5412 2
5270 12317 502
5270 11451 888
5270 5575 65
5270 7187 978
5270 2571 902
5270 9008 493
5271 10829 956
5271 3928 16
5271 8811 747
5272 5413 795
5272 7205 151
5272 1915 306
5272 3439 139
5272 3684 661
5273 7500 175
5273 723 502
5273 2107 634
5273 8809 540
5273 8454 422
5274 6376 383
5274 12573 685
5274 13024 447
5275 614 925
5275 13891 965
5275 2850 230
5275 4560 271
5275 5629 185
5275 1283 945
5276 2931 987
5276 1094 601
5276 3430 90
5276 15788 767
5276 4881 676
5277 13332 757
5277 751 506
5278 11704 843
5279 3306 101
5279 12145 639
5279 6431 258
5279 9308 638
5279 11453 873
5279 1842 711
5280 2627 541
5280 8845 142
5280 10861 670
5280 6005 895
5280 7581 33
5281 12543 830
5281 11015 786
5281 399 799
5282 2893 226
5282 8819 157
5282 7320 287
5282 6900 276
5283 9788 291
5283 15408 833
5283 4587 290
5284 13384 854
5284 7589 911
5284 2213 521
5284 3684 736
5284 2860 709
5284 9565 298
5285 5438 196
5285 4680 608
5285 7508 890
5285 13543 595
5286 10629 155
5286 55 792
5286 1376 269
5286 7774 197
5287 5835 838
5287 9248 225
5287 3034 159
5287 4264 918
5288 8930 465
5288 4788 242
5288 4036 303
5289 11441 343
5289 12095 301
5290 2683 922
5290 2502 874
5290 10040 196
5290 11544 550
5290 14498 851
5290 14190 784
5290 2870 783
5291 12174 351
5292 15800 413
5292 2345 56
5292 11834 449
5293 3156 960
5293 6805 128
5293 6612 490
5293 15607 276
5293 8886 514
5293 12292 930
5293 3640 514
5293 1254 799
5293 6565 255
5294 226 875
5294 11910 238
5294 1215 884
5294 4480 987
5294 1317 72
5295 10777 471
5295 7481 750
5295 12127 567
5296 1301 611
5296 6311 517
5296 7103 316
5296 9745 682
5296 5966 313
5297 10675 675
5297 84 563
5298 209 342
5298 10745 709
5298 3145 6
5298 15383 825
5299 13858 768
5299 10428 567
5299 4005 849
5299 15506 23
5299 12214 152
5300 2568 119
5301 3748 838
5301 4748 643
5301 4745 870
5301 6729 746
5301 9153 487
5301 12839 327
5302 10106 581
5302 7621 362
5302 15916 544
5303 14600 889
5303 10054 713
5303 2052 874
5303 10470 855
5303 8376 471
5304 9019 18
5304 9650 246
5304 7424 415
5305 3492 394
5305 9883 727
5305 6189 349
5305 5136 670
5306 6768 511
5306 15010 922
5306 6222 487
5306 3214 487
5306 13961 468
5307 1481 396
5307 850 923
5307 6872 878
5308 7861 588
5308 15897 768
5309 4275 259
5309 1522 77
5309 1310 345
5310 9143 425
5310 9952 774
5310 1766 409
5310 4049 945
5311 12403 386
5312 12865 908
5312 9874 980
5312 4055 529
5313 1206 873
5313 5540 607
5313 1447 740
5313 6927 254
5313 9574 658
5313 14476 215
5313 4233 950
5313 4805 658
5314 8261 76
5314 2568 847
5315 5047 777
5315 15493 315
5315 6235 323
5316 2594 314
5316 12608 713
5316 12031 608
5316 5785 451
5316 4620 594
5316 12363 666
5317 7478 153
5317 13580 440
5317 12811 355
5317 10980 523
5317 9268 126
5317 15010 680
5318 3914 983
5318 4016 665
5318 4370 650
5318 5378 604
5319 13678 743
5319 10881 88
5319 9283 895
5320 11500 244
5320 3352 214
5320 5941 492
5321 6831 273
5321 10797 49
5321 14239 419
5321 2650 908
5322 12910 419
5322 12841 476
5322 10685 921
5322 12588 43
5322 3183 748
5323 9939 662
5323 9205 785
5323 9906 515
5323 4544 116
5324 8913 92
5324 7375 732
5324 6998 539
5325 15098 653
5325 12171 983
5325 12098 329
5325 4142 976
5325 5380 65
5325 15360 87
5326 10710 458
5326 8645 531
5326 4311 270
5327 520 798
5327 6111 396
5327 11488 161
5327 6492 968
5328 14293 714
5329 14884 515
5329 13452 528
5329 10866 889
5330 5986 276
5330 10851 850
5330 7969 906
5331 11103 638
5331 5941 668
5331 4127 805
5331 9474 213
5332 9845 870
5332 13480 225
5332 2051 148
5332 10567 449
5332 13887 617
5332 15533 618
5333 15379 787
5334 4683 161
5334 2164 43
5334 14839 615
5335 10423 134
5335 15128 36
5336 3271 461
5336 9219 863
5336 980 938
5336 11726 720
5337 13341 775
5337 1572 988
5337 12765 136
5337 9404 286
5338 11554 172
5338 14400 144
5338 10470 183
5338 5019 299
5338 7171 363
5338 13232 703
5339 10065 295
5339 3688 822
5339 15881 510
5340 4535 881
5340 8225 422
5340 15161 701
5340 8479 175
5340 12108 217
5341 4501 121
5341 10528 361
5341 11188 346
5341 8313 901
5341 3470 470
5341 47 953
5341 3987 545
5342 4853 73
5342 6399 271
5342 58 365
5342 13086 2
5342 5070 619
5342 3418 55
5343 15697 235
5343 10158 666
5344 15484 962
5344 4660 944
5344 6293 830
5344 9800 745
5344 4209 690
5345 604 367
5345 2204 312
5345 8764 904
5345 6104 647
5345 13293 235
5345 13418 394
5345 5324 107
5346 12467 954
5346 5434 650
5347 10930 152
5347 8254 526
5347 15027 861
5348 1348 784
5348 6588 916
5349 9862 425
5349 15332 128
5349 7893 624
5349 15097 850
5349 4006 946
5350 11978 192
5350 11427 780
5350 8953 876
5350 11508 476
5351 13281 697
5351 974 389
5352 8416 79
5353 15041 795
5353 15456 727
5353 5552 104
5353 11088 275
5354 10476 691
5354 3209 502
5355 7212 785
5355 1160 855
5356 13136 533
5356 11263 626
5356 1553 828
5356 15812 274
5356 15432 608
5357 5774 914
5357 3858 361
5357 10102 493
5357 3445 168
5357 7598 749
5358 12436 610
5358 7364 207
5358 2705 878
5358 2481 988
5358 10393 530
5359 7924 47
5359 11332 803
5359 12726 157
5359 14199 849
5360 14037 917
5360 11645 902
5360 8766 874
5360 10081 872
5360 15998 439
5361 2511 323
5361 13155 47
5361 250 993
5361 2806 515
5361 12655 965
5362 7504 5
5362 1172 487
5362 11027 447
5363 15365 839
5363 14467 701
5363 14402 43
5364 5007 35
5364 4357 793
5364 10197 975
5364 5874 205
5364 12462 844
5365 12461 906
5365 13533 154
5365 945 921
5365 14430 538
5366 5335 625
5366 9115 456
5367 11503 264
5367 6582 348
5368 11840 668
5368 12599 260
5368 9550 123
5368 5479 730
5369 12012 421
5370 3754 154
5370 8161 28
5371 2934 919
5371 6257 596
5371 7627 366
5372 8539 660
5372 9363 83
5372 2033 432
5373 15896 252
5373 5435 603
5373 14577 373
5373 5744 445
5374 7800 460
5375 13364 562
5375 4465 79
5375 9180 56
5375 3114 154
5375 7184 183
5375 11383 655
5376 11759 613
5376 1509 622
5376 9437 910
5376 13312 116
5376 3359 179
5377 1581 724
5377 6613 194
5377 14283 489
5377 4262 418
5377 2581 343
5378 8235 364
5378 4360 647
5378 2902 581
5378 10413 574
5379 4529 355
5379 3175 298
5379 15109 770
5379 10294 701
5379 3931 226
5379 8842 224
5379 7160 527
5380 12234 168
5380 11920 278
5380 8466 69
5380 5636 913
5381 37 866
5381 8652 667
5381 4350 665
5382 6876 920
5382 14860 253
5383 13349 698
5383 4233 159
5383 12117 56
5384 14666 453
5384 7573 257
5384 5812 44
5384 14776 742
5385 11806 247
5385 1788 988
5385 9139 770
5386 13355 187
5386 3187 44
5387 1697 774
5387 14985 771
5387 14604 333
5388 5394 133
5388 13832 804
5388 8899 823
5388 40 932
5388 116 53
5388 10362 843
5389 7404 78
5390 4138 581
5390 14391 58
5390 1178 612
5391 11261 745
5392 13637 986
5392 9279 525
5392 1592 265
5392 12918 514
5393 2713 921
5393 14352 861
5393 483 304
5393 12295 800
5393 8164 724
5394 1319 872
5394 1575 269
5394 9016 901
5394 951 88
5395 12676 176
5395 6530 851
5395 8157 657
5396 12040 296
5396 13390 115
5396 12223 800
5396 13238 210
5397 172 172
5397 875 972
5397 12396 643
5397 8101 246
5397 3048 694
5398 5914 610
5398 5225 505
5398 15870 515
5398 394 415
5399 5148 850
5399 9615 224
5399 11210 206
5399 4392 308
5400 2849 660
5400 10919 720
5401 7614 860
5402 15089 679
5402 2932 260
5402 4718 438
5403 7111 340
5403 1602 571
5403 13605 649
5403 5230 644
5404 12851 414
5404 15689 676
5405 15898 146
5405 4484 320
5406 8925 40
5406 13585 139
5407 3828 461
5407 9013 838
5407 3858 722
5407 3962 228
5407 12798 347
5408 12642 410
5408 1607 228
5408 15667 308
5408 5688 919
5408 2188 724
5409 9595 210
5409 3300 197
5409 7004 433
5409 1475 345
5409 3251 22
5410 4839 945
5411 11646 217
5411 4345 850
5411 9261 303
5412 12541 11
5412 3307 162
5412 13799 284
5413 5426 879
5413 4948 536
5413 13228 228
5414 6015 614
5414 8608 846
5414 11281 409
5414 8144 591
5414 8306 193
5414 14901 667
5414 7546 397
5414 12453 359
5415 1316 736
5415 14070 158
5415 11822 764
5415 8050 794
5415 731 865
5415 9276 854
5415 14403 989
5416 1678 425
5416 1159 946
5416 7111 955
5416 7928 245
5416 7309 413
5416 9114 343
5416 8825 626
5416 2518 974
5417 4254 838
5417 533 864
5417 9310 586
5417 1971 435
5418 9407 552
5418 11316 501
5418 453 272
5418 6033 392
5418 11296 516
5418 12181 100
5419 13273 179
5419 9487 55
5419 9278 281
5419 2551 193
5419 14917 326
5420 386 632
5420 5455 201
5420 11617 372
5421 12327 901
5421 15931 821
5422 3126 41
5422 14062 240
5422 8045 124
5422 10055 342
5422 6820 856
5422 8491 608
5423 14175 52
5423 13341 658
5424 586 496
5424 7025 459
5424 13244 364
5424 3134 456
5425 12440 802
5425 9299 86
5425 10495 2
5426 541 360
5426 13987 711
5426 5983 480
5426 5159 876
5426 8275 509
5426 4090 517
5426 13694 243
5426 2960 947
5426 12372 4
5427 5713 559
5427 6009 701
5427 15540 407
5427 13239 829
5427 4254 159
5427 6365 835
5428 5492 470
5428 2037 545
5428 15033 334
5428 1016 469
5428 4038 34
5428 4446 534
5429 9609 274
5429 537 100
5429 8928 500
5430 701 911
5430 11123 303
5431 11386 738
5431 4839 270
5431 2765 897
5431 3706 532
5431 10917 265
5431 1992 28
5432 2791 72
5432 10041 841
5432 11293 114
5432 1473 764
5432 4010 832
5432 13061 834
5432 364 473
5433 6839 880
5434 7944 848
5434 9978 944
5434 14806 520
5434 5679 337
5435 14779 53
5436 157 202
5437 12694 160
5437 14451 691
5437 887 549
5437 1900 323
5437 9167 779
5438 4772 123
5438 13442 322
5439 11748 296
5440 12254 586
5440 11259 19
5440 14009 893
5441 6842 392
5442 6599 470
5442 11191 498
5442 5225 167
5442 787 843
5443 13891 33
5443 8367 910
5443 6828 330
5444 14035 40
5444 9707 417
5444 1360 21
5445 13139 727
5445 13233 541
5445 9410 976
5445 3723 39
5445 11747 259
5446 1365 376
5446 9755 22
5446 1610 877
5446 6827 314
5446 864 196
5446 7524 156
5446 11653 576
5447 2975 804
5447 5471 965
5447 6624 848
5447 4569 711
5448 10327 697
5448 12032 955
5448 5626 381
5449 9273 587
5449 7630 925
5449 13508 57
5450 1980 314
5450 8248 123
5450 11703 581
5450 13054 156
5450 14223 565
5450 15179 368
5451 188 510
5451 7110 408
5451 292 961
5451 10895 364
5451 7759 903
5451 12149 366
5451 166 636
5451 3620 523
5452 8228 974
5452 1724 133
5452 3683 513
5452 14759 170
5453 5132 594
5453 11733 763
5454 490 424
5454 9947 265
5455 5423 465
5456 8534 505
5456 4635 873
5456 723 193
5456 6350 863
5456 4315 496
5456 1858 909
5456 12157 206
5456 2553 554
5457 8333 526
5457 802 244
5457 6952 305
5457 14722 713
5457 15325 666
5458 7797 34
5458 6820 522
5458 14018 603
5458 3697 675
5458 15287 887
5458 12296 622
5459 12400 913
5459 10295 43
5459 12205 171
5459 1672 829
5459 3777 944
5459 15512 183
5459 13131 928
5460 11449 5
5460 2931 668
5460 9438 49
5460 10866 657
5460 2029 79
5460 1319 710
5460 1909 241
5461 5847 541
5461 8290 650
5461 5984 324
5462 5437 127
5462 9558 56
5462 9266 968
5463 255 139
5463 7453 598
5463 9745 744
5463 8486 752
5463 8520 860
5464 7514 142
5464 8450 983
5464 9826 201
5464 6245 156
5465 11014 47
5465 9785 535
5465 941 921
5466 1528 489
5466 8288 428
5466 13842 81
5467 1310 32
5467 9131 140
5467 12383 851
5468 4281 274
5468 1652 867
5468 11510 711
5468 1628 936
5468 141 544
5469 6829 533
5469 4420 105
5469 8292 213
5469 4925 416
5469 10374 182
5470 5372 10
5470 12343 844
5470 14647 681
5470 7867 947
5471 13171 599
5471 12442 883
5471 3557 884
5471 5988 481
5471 7685 949
5471 10895 608
5471 7089 429
5472 1330 796
5472 5963 763
5472 4700 670
5472 6260 747
5472 10741 259
5472 1505 840
5472 14508 688
5473 1271 728
5474 7147 376
5475 4217 818
5475 12076 285
5475 15880 236
5475 12879 228
5476 15444 245
5476 2131 857
5476 10067 278
5477 7219 868
5477 5517 215
5477 10965 591
5478 1972 154
5478 12238 168
5478 7136 662
5478 14309 22
5479 15316 760
5479 9730 767
5480 7281 613
5480 7545 314
5480 9377 900
5480 10169 280
5480 6231 382
5481 4228 653
5481 117 19
5481 10018 370
5482 2227 841
5482 14606 498
5482 1356 145
5482 12911 906
5483 3132 437
5483 13943 134
5483 7201 529
5483 9151 640
5484 5499 67
5484 15083 745
5484 4615 39
5484 12921 915
5485 239 396
5485 14587 154
5485 1474 949
5485 8355 210
5486 14362 589
5486 6038 787
5486 1978 46
5486 13431 528
5486 2664 785
5487 8408 472
5487 11205 589
5487 14623 989
5487 4488 891
5487 3296 531
5487 2730 444
5488 4307 488
5488 10203 12
5488 5177 857
5488 14697 536
5488 5439 839
5488 3314 490
5488 5283 962
5488 3506 624
5489 9570 53
5489 5908 58
5489 6290 942
5489 12081 643
5489 8569 281
5490 13515 213
5490 11461 842
5490 15432 343
5491 10153 619
5491 14652 835
5491 12340 169
5491 8493 290
5491 13462 470
5492 12897 33
5492 5917 73
5493 6829 513
5493 12206 198
5494 5329 941
5494 834 332
5495 8433 353
5495 868 137
5495 7910 87
5496 4852 6
5497 1633 462
5497 12485 934
5497 3045 228
5498 6020 531
5498 2201 92
5498 15861 933
5498 12062 203
5499 7344 874
5499 10200 450
5499 15576 952
5499 4118 367
5499 8810 257
5500 13287 498
5500 13178 538
5500 10598 88
5500 10615 165
5500 10729 483
5500 14004 333
5500 12459 660
5500 8487 311
5500 15400 326
5501 7401 391
5501 14009 325
5501 1584 627
5501 861 147
5501 13770 316
5501 9256 100
5501 3606 713
5502 13839 496
5502 119 60
5502 6317 528
5502 10488 654
5503 7033 910
5504 13523 74
5504 11776 367
5504 13499 635
5504 14369 955
5504 9136 16
5504 7550 925
5505 5882 739
5505 14400 971
5505 2724 126
5505 3752 637
5506 10820 580
5506 13146 330
5506 4287 441
5506 429 342
5507 5817 803
5508 108 148
5508 7547 60
5508 7738 940
5508 9341 8
5508 3214 732
5509 13823 979
5509 1304 425
5509 5409 253
5509 7862 668
5509 10295 414
5509 6865 710
5510 9901 60
5510 6228 60
5511 14670 142
5511 5368 198
5511 10661 243
5511 12862 819
5511 13352 898
5511 3401 255
5512 15903 244
5513 10280 617
5513 9304 675
5513 1740 624
5514 14340 156
5514 9737 551
5514 7645 527
5514 7622 359
5514 12777 955
5514 236 232
5514 11423 282
5514 8273 972
5514 5008 211
5514 3987 513
5515 12765 832
5515 2587 429
5515 12924 627
5515 8167 330
5515 11655 410
5515 11692 587
5516 2779 484
5516 2829 309
5517 15094 429
5517 13024 981
5518 13357 221
5518 6414 581
5518 1222 293
5518 12185 660
5519 13668 247
5519 7538 319
5519 4248 411
5519 11887 710
5519 2760 414
5519 12926 521
5519 10930 140
5519 15100 63
5520 9594 693
5520 3037 412
5520 9568 315
5520 2506 974
5520 15758 979
5521 7190 947
5521 8298 670
5521 1160 372
5521 13581 24
5521 2243 223
5522 7580 517
5522 3808 550
5523 12161 554
5523 4652 42
5523 4256 348
5523 5676 629
5524 15666 923
5524 14253 111
5524 28 304
5524 11029 130
5525 2564 749
5525 9251 608
5525 15228 385
5526 10011 223
5526 15676 81
5526 11365 400
5527 12882 256
5527 10387 548
5528 15245 998
5528 6874 449
5529 1958 640
5529 809 24
5529 9388 226
5530 8740 471
5530 13492 72
5530 15088 718
5530 7556 131
5531 9267 243
5531 13403 254
5531 8137 967
5531 4899 949
5532 3537 122
5532 9278 735
5532 11496 928
5532 4262 191
5532 9705 253
5533 8299 166
5533 1931 728
5533 3566 655
5533 8703 818
5533 3328 491
5533 12370 18
5533 7710 278
5534 6308 334
5534 4550 891
5534 11172 250
5535 9417 49
5537 10453 468
5537 13283 355
5537 8887 998
5537 13445 38
5538 6850 940
5538 837 49
5538 5907 54
5538 5712 695
5538 469 63
5538 3681 139
5539 9 388
5539 104 728
5539 14903 879
5539 9673 709
5540 14123 573
5540 752 466
5541 11097 470
5541 14497 209
5541 2492 427
5541 8823 580
5541 14197 534
5541 12380 651
5542 4457 461
5542 10640 273
5542 15242 803
5543 8320 459
5543 6734 227
5543 14194 814
5543 2943 98
5544 6406 820
5545 12161 566
5545 325 681
5545 5598 392
5545 12561 846
5546 611 603
5546 2966 347
5546 14858 966
5546 12632 420
5546 12384 838
5546 14058 50
5546 9515 722
5546 6112 39
5547 4940 611
5547 3070 261
5547 1783 397
5547 9131 65
5547 1546 283
5547 6611 720
5547 3688 414
5548 8161 300
5548 9306 600
5548 11304 616
5548 13027 466
5549 7756 437
5549 12315 148
5550 7613 535
5550 14294 497
5550 14658 72
5550 9721 44
5551 15887 865
5551 6696 880
5551 10157 481
5551 8596 538
5551 2618 421
5552 11943 308
5552 8089 408
5552 1915 6
5553 6756 106
5553 2558 51
5553 7236 358
5553 7729 236
5553 12615 935
5554 1057 140
5554 10788 121
5554 14876 24
5555 10869 356
5555 4602 863
5555 273 728
5556 15494 557
5556 3368 205
5556 8486 477
5556 15101 928
5556 10278 608
5556 7688 588
5556 2846 685
5556 9726 171
5557 3655 941
5557 11444 532
5557 8164 43
5557 13114 999
5557 3574 159
5558 9222 425
5558 11515 812
5558 7373 291
5558 440 146
5558 3336 611
5559 15123 846
5559 1507 582
5559 14337 718
5559 6943 369
5560 14392 657
5560 6648 710
5561 10429 614
5561 3010 480
5561 14872 452
5561 12505 753
5561 15107 973
5562 1242 117
5562 14716 495
5562 8573 818
5562 6232 497
5563 10104 707
5564 13818 950
5564 817 615
5564 3758 744
5565 2839 835
5565 11434 800
5565 5754 703
5566 13005 894
5566 996 241
5567 8434 701
5567 12617 646
5567 14301 327
5567 13006 688
5567 15969 556
5568 11574 549
5569 15470 991
5569 6658 379
5569 13221 373
5570 8948 388
5570 11210 360
5570 3421 213
5570 1756 395
5571 4107 845
5571 8042 920
5571 10205 825
5571 3309 805
5572 5834 632
5572 287 274
5572 3241 870
5572 4410 397
5572 11097 988
5573 8455 255
5573 6582 571
5573 8529 901
5573 11782 312
5574 10207 553
5574 6973 116
5575 14764 730
5575 3019 714
5575 9103 210
5575 15546 143
5575 8821 670
5575 15230 410
5575 14538 515
5576 11362 178
5576 8282 569
5576 2523 569
5576 10284 588
5576 5749 301
5576 707 665
5577 11064 815
5577 1742 16
5577 15514 449
5577 2624 994
5577 2328 968
5577 8198 459
5578 6683 37
5578 2823 433
5578 10752 968
5579 15539 86
5579 8726 649
5579 12117 479
5580 9314 310
5580 12604 276
5580 54 703
5580 12967 920
5580 15432 227
5580 4587 787
5581 8880 556
5581 4447 256
5581 11197 457
5581 13923 685
5581 13558 332
5582 8219 393
5583 9472 708
5583 4909 682
5584 7119 67
5584 2168 624
5584 15795 470
5584 3714 862
5584 12424 78
5585 15248 58
5585 10364 98
5585 4274 203
5586 7049 631
5586 10626 136
5587 3599 124
5587 14868 343
5587 11310 295
5588 1553 760
5588 3010 323
5588 1170 698
5588 7904 921
5588 15805 497
5589 7773 213
5589 5234 315
5589 7406 53
5589 14822 331
5589 15821 718
5590 4744 555
5590 11776 65
5590 10834 453
5590 14582 420
5590 6127 955
5591 12037 978
5591 12935 774
5591 10853 574
5591 8810 797
5592 5540 445
5592 13000 823
5592 7591 695
5592 4943 443
5593 3121 227
5593 6902 176
5594 5867 340
5594 14544 621
5594 5688 228
5595 10467 287
5595 8102 781
5595 8090 461
5595 9072 513
5596 10511 959
5596 6685 276
5596 11439 108
5596 6387 319
5596 420 507
5596 9327 485
5596 7038 316
5597 7847 373
5597 5027 701
5597 14016 904
5597 3379 815
5598 13069 301
5598 7819 546
5598 9493 424
5598 7572 578
5598 13730 503
5598 13726 391
5598 2086 571
5599 3944 421
5599 9247 569
5599 3447 796
5599 5938 950
5600 4538 697
5600 849 418
5600 9580 742
5601 11718 423
5601 12283 889
5602 4919 347
5602 7448 118
5602 6185 176
5602 6691 568
5602 12317 360
5603 14325 568
5603 12426 921
5603 11130 826
5604 10587 518
5604 2763 365
5604 6562 550
5604 9794 743
5604 6644 283
5604 3131 788
5605 14887 328
5605 10885 2
5605 13848 800
5605 11804 820
5605 15325 943
5605 9407 768
5606 2224 761
5606 1903 507
5606 13085 632
5606 14154 758
5606 10064 362
5606 9168 276
5606 9295 249
5607 15400 240
5607 833 345
5608 14965 508
5608 13729 873
5608 12392 548
5608 8343 18
5609 15580 87
5609 14881 521
5610 15728 502
5610 11741 291
5610 8562 117
5610 1251 98
5610 12760 811
5610 1356 442
5611 10117 394
5611 1554 878
5612 259 685
5613 15402 571
5613 801 169
5613 37 330
5614 367 212
5614 5525 508
5614 12295 577
5614 4137 600
5615 9753 209
5615 11401 30
5615 7403 285
5615 7457 444
5615 1075 547
5616 13116 494
5616 2737 223
5616 4789 867
5616 5609 743
5616 14329 876
5617 14604 361
5617 11386 41
5617 9552 536
5617 14970 376
5617 11750 461
5618 11115 892
5618 841 985
5618 6712 456
5619 13789 504
5620 1574 161
5621 4892 943
5621 6835 422
5621 11258 78
5622 7044 899
5622 12036 738
5622 12868 662
5622 8387 733
5622 15557 733
5623 3495 259
5623 12379 179
5624 12476 870
5624 15301 254
5624 10881 108
5625 7950 199
5625 14362 408
5625 6089 242
5625 3044 181
5626 7728 250
5626 8930 163
5626 2811 427
5627 12676 256
5627 10522 23
5627 3755 222
5627 13781 671
5628 14153 9
5628 13727 5
5628 13315 133
5628 1020 522
5628 5144 188
5629 11697 838
5629 9850 960
5629 5892 585
5629 1433 692
5629 14625 320
5630 9003 737
5630 6043 74
5630 5614 312
5630 14062 620
5630 12398 228
5630 8057 773
5630 3496 119
5631 15276 377
5631 2563 340
5632 8546 520
5632 14510 105
5632 3943 202
5632 11087 497
5632 12255 930
5633 5724 468
5633 8683 335
5633 13479 320
5633 3659 211
5633 2666 296
5633 361 679
5634 11908 19
5635 15437 854
5636 15187 294
5636 12025 590
5636 8564 262
5636 14014 440
5636 7810 757
5637 9838 475
5637 2731 595
5637 11428 237
5637 13692 887
5637 6415 360
5638 13796 237
5638 10329 744
5638 1853 131
5638 6914 973
5638 14511 679
5639 8033 824
5639 942 56
5639 11881 968
5639 9962 614
5639 14967 369
5639 2209 18
5639 9485 274
5639 12026 994
5639 10912 490
5640 14628 905
5640 2873 170
5640 6400 457
5641 5837 12
5641 2000 102
5641 3799 733
5641 8092 23
5642 10104 531
5642 1135 428
5642 13948 212
5643 1716 56
5643 5706 164
5643 14273 792
5644 5679 67
5644 15794 231
5644 9067 564
5645 224 818
5645 1548 342
5646 13938 693
5646 13709 95
5646 15935 548
5646 2226 925
5647 9694 23
5647 15448 686
5647 2475 918
5647 11400 112
5647 12094 895
5648 191 46
5649 4115 891
5649 2246 67
5649 3911 852
5649 9433 710
5650 15408 344
5650 5448 812
5651 15363 913
5651 14359 114
5651 8627 228
5651 4011 640
5652 2672 695
5652 3084 204
5652 3758 425
5652 11656 100
5652 4650 353
5652 11385 841
5653 4828 939
5653 12622 592
5653 12101 824
5654 10938 29
5654 7547 302
5654 15741 704
5654 15100 350
5654 493 851
5654 14727 870
5654 15728 611
5655 8217 745
5655 12269 593
5655 313 518
5655 885 42
5655 1665 569
5655 2943 994
5656 12033 759
5656 7706 36
5657 15818 640
5657 2542 205
5657 8331 280
5658 1400 313
5658 9834 461
5658 15330 36
5658 10448 239
5658 7640 738
5659 11836 735
5659 13272 380
5659 1629 288
5659 3430 437
5660 5371 820
5660 6619 673
5660 4375 12
5660 2264 237
5661 13539 608
5661 74 12
5661 11148 481
5661 3572 82
5661 1986 135
5661 12867 683
5662 5478 25
5662 10880 155
5663 15248 371
5663 9965 579
5664 6837 836
5664 335 144
5664 5660 371
5664 15933 979
5664 9128 297
5666 11806 425
5666 1533 185
5666 116 933
5666 10864 422
5666 7237 822
5666 13890 55
5667 6989 597
5667 15525 961
5667 12470 519
5668 15230 197
5668 14259 346
5668 1971 381
5669 15158 439
5669 14707 242
5670 12523 973
5670 4687 785
5671 5857 572
5671 338 459
5671 957 230
5671 304 734
5671 3256 68
5672 5427 975
5672 13263 645
5672 11778 172
5672 4340 949
5672 13924 2
5672 11309 654
5672 8392 95
5672 14217 660
5673 11562 255
5673 15822 59
5673 3297 619
5673 11242 95
5673 5688 156
5673 12045 754
5674 15856 653
5674 3366 581
5674 13597 317
5674 11483 922
5674 8034 836
5674 963 573
5675 12946 513
5675 8152 520
5675 4684 976
5675 4610 951
5675 12146 346
5676 7765 751
5676 7434 77
5676 14724 303
5676 8139 111
5677 11556 44
5677 11857 87
5677 14290 954
5677 11596 6
5677 7309 136
5678 12814 517
5678 4334 18
5678 2581 97
5678 557 53
5678 10736 404
5679 12724 477
5679 12881 302
5679 4150 96
5679 13923 40
5679 9316 685
5679 13514 926
5680 11668 977
5680 1536 967
5681 11133 37
5681 1825 866
5681 2710 949
5681 2958 501
5681 15658 619
5681 7368 905
5681 1580 17
5681 12200 323
5682 10371 445
5682 962 552
5682 9377 710
5682 12293 835
5682 13564 390
5683 12126 41
5683 9436 809
5683 3690 191
5683 415 493
5683 8818 505
5684 4646 296
5684 9939 181
5684 15095 620
5685 13124 362
5685 7593 890
5685 15992 658
5686 7710 827
5686 13158 487
5686 12922 146
5687 8885 611
5687 15716 594
5687 5152 499
5688 12207 808
5688 3312 118
5688 12278 345
5688 6791 429
5689 3449 658
5689 3743 352
5689 6891 848
5689 1141 181
5689 1358 618
5689 11015 56
5689 14574 672
5690 7368 667
5690 1498 860
5690 15811 809
5690 10518 309
5690 6297 194
5691 15998 911
5691 15319 328
5691 11088 310
5691 6013 578
5691 2552 586
5691 8507 112
5691 15227 615
5691 15921 825
5691 5152 797
5691 15187 657
5691 15740 698
5691 15909 209
5692 450 585
5692 11021 327
5692 22 21
5692 1236 66
5693 15827 709
5694 11448 806
5694 3678 89
5695 8365 672
5695 5518 356
5695 14717 66
5695 9920 35
5695 5693 248
5695 12040 547
5696 7658 807
5696 8396 335
5696 13613 751
5697 9467 879
5697 8785 605
5697 13751 492
5697 6125 159
5698 14246 553
5699 6915 650
5699 3432 251
5700 12508 395
5700 13302 83
5700 13364 23
5700 5686 808
5700 11825 74
5700 5804 260
5700 9507 414
5700 15292 298
5700 5411 167
5700 14009 12
5701 2512 654
5701 14010 615
5701 14132 786
5702 8283 831
5702 9377 847
5702 14678 562
5703 4475 568
5703 5407 836
5704 12331 85
5704 5631 112
5705 14278 666
5705 15284 397
5706 11846 748
5706 10452 310
5706 5886 74
5706 4420 503
5706 3046 779
5706 1215 316
5706 43 570
5707 8142 100
5707 12077 407
5707 4062 654
5708 3749 201
5709 9337 972
5709 12096 719
5709 3896 212
5709 2346 153
5709 14100 429
5710 2947 959
5710 9337 853
5710 8559 6
5711 894 257
5711 3246 581
5711 688 529
5712 6866 542
5712 14798 814
5712 11603 654
5713 3668 133
5713 14217 178
5713 5112 110
5713 8960 192
5713 2151 264
5714 1401 994
5714 11028 305
5714 783 595
5714 5174 116
5714 14386 695
5714 1612 484
5714 5110 547
5714 6929 545
5715 1897 621
5715 2625 299
5715 378 211
5715 7559 301
5715 12800 934
5716 327 921
5716 13211 849
5716 12471 840
5716 3689 160
5716 2334 975
5716 301 697
5717 7809 984
5717 13834 122
5718 13942 676
5718 3068 47
5718 457 411
5719 3961 285
5719 7327 763
5719 11602 217
5719 11268 850
5719 5419 289
5719 2252 602
5719 11714 555
5720 578 918
5720 8311 192
5720 11235 701
5720 3006 412
5720 13671 398
5721 6525 784
5721 8619 921
5721 13210 31
5722 39 274
5722 3948 330
5723 4124 917
5723 10461 555
5723 8206 466
5723 6219 160
5723 9515 64
5724 10050 276
5724 11045 517
5724 9119 883
5724 30 920
5724 1593 355
5725 3405 233
5725 10139 677
5725 11367 174
5725 15595 241
5726 10684 643
5726 3071 110
5726 15060 858
5727 2248 246
5727 10847 990
5727 1966 737
5727 13861 645
5728 8674 739
5728 3179 349
5728 1453 235
5728 506 454
5728 7706 606
5729 10735 245
5729 9760 48
5729 10148 668
5729 725 290
5729 8459 948
5730 12903 273
5730 3374 750
5730 5050 928
5730 854 862
5730 6675 572
5731 547 319
5731 14655 472
5731 9021 285
5731 979 421
5731 734 587
5731 15143 807
5733 13560 515
5733 9296 295
5733 11825 670
5733 15805 505
5733 10450 225
5734 2553 554
5734 6813 274
5734 10854 451
5734 1205 568
5734 13565 975
5734 1446 802
5735 13881 735
5735 13159 36
5736 11850 50
5736 11583 922
5736 15574 805
5736 8683 463
5737 12503 205
5737 11698 586
5737 2162 742
5737 15708 430
5738 5375 490
5738 10496 480
5738 11430 62
5738 12988 20
5738 1912 61
5739 15713 11
5739 646 947
5739 3442 495
5739 10006 959
5739 8179 782
5739 12190 526
5739 15318 37
5740 7880 330
5740 309 846
5740 13180 404
5740 14389 723
5741 3688 707
5741 9321 417
5741 8734 795
5741 12234 687
5742 8481 210
5742 1904 788
5742 9646 336
5742 4521 632
5742 3939 512
5742 5733 852
5743 12511 766
5743 13536 667
5743 11652 741
5743 320 628
5743 3029 969
5743 3486 292
5743 12694 516
5743 12124 224
5743 4889 591
5744 8679 86
5744 12999 165
5744 5586 203
5744 1245 619
5744 6899 200
5744 10242 480
5744 2508 608
5744 13037 239
5744 7896 778
5744 2212 359
5745 1224 199
5745 2753 702
5745 2887 428
5745 3427 958
5745 11525 964
5745 3654 617
5745 7019 76
5746 10771 597
5746 10072 363
5746 9532 789
5746 5349 465
5746 7259 575
5746 11905 963
5747 11471 987
5747 13902 468
5747 11150 865
5748 11671 616
5749 2720 404
5749 979 720
5749 2429 285
5749 12591 945
5749 1443 787
5750 10014 209
5750 2374 124
5750 4859 493
5751 15944 347
5751 3083 530
5751 12175 755
5751 14716 466
5752 11811 532
5752 1470 348
5752 2085 294
5752 11262 259
5753 7056 200
5754 14501 426
5755 1962 847
5755 2467 747
5755 2169 714
5755 6724 906
5756 9545 439
5756 3051 258
5757 14599 528
5757 608 814
5757 15668 515
5758 11205 104
5758 12697 530
5758 9336 36
5758 9539 772
5758 14801 463
5758 562 980
5759 4178 991
5760 1932 804
5760 7699 569
5761 14568 252
5761 4347 165
5761 11635 432
5761 2353 51
5761 1088 684
5762 11336 51
5762 4743 419
5762 14178 164
5763 15219 157
5763 4743 254
5763 6236 939
5763 13505 115
5763 5898 292
5763 7668 26
5764 8385 218
5764 15233 525
5764 3973 431
5764 10383 571
5765 8378 814
5765 10016 258
5765 15545 103
5765 6185 428
5765 13058 63
5765 941 137
5766 8714 175
5766 8081 917
5766 5664 160
5766 10055 654
5766 3425 948
5766 12262 792
5767 14281 954
5767 3085 670
5767 10996 200
5767 3711 982
5767 9439 417
5767 14382 101
5767 1342 899
5768 8910 646
5769 10839 525
5769 11286 879
5770 4814 311
5770 10332 225
5770 3945 970
5770 14846 61
5770 1377 796
5771 7707 142
5771 12476 56
5771 12529 914
5771 7803 465
5771 14208 888
5772 8852 577
5772 11523 123
5772 2324 833
5772 546 523
5773 848 718
5773 12514 839
5773 11210 895
5773 5700 747
5773 9355 839
5773 5347 285
5773 7569 638
5773 7456 661
5773 14085 516
5773 2041 194
5774 8194 123
5774 7200 381
5774 4105 921
5776 6271 208
5776 3582 821
5776 3829 729
5776 13039 843
5776 14158 669
5777 4562 751
5777 4032 840
5777 3847 257
5777 15694 653
5777 5201 192
5777 2245 724
5778 6529 62
5778 14719 143
5778 4504 978
5778 14239 963
5779 13319 785
5779 338 254
5779 11305 247
5779 549 797
5780 6741 335
5780 8915 436
5780 7158 237
5780 5556 281
5781 3189 385
5781 12566 145
5781 12340 374
5782 12919 952
5782 13774 215
5782 12316 518
5782 2329 658
5783 10454 848
5783 4167 571
5783 8398 337
5783 13073 692
5783 8398 449
5784 11191 301
5784 12343 358
5784 11288 524
5784 12448 996
5785 259 839
5785 1000 92
5785 5327 891
5785 12488 960
5785 15930 799
5786 5679 359
5786 14708 244
5786 4461 508
5786 15301 757
5787 3466 456
5787 4873 16
5787 2979 729
5788 10652 499
5788 2608 912
5788 2392 382
5788 1120 711
5788 7346 572
5789 13122 366
5789 7129 292
5789 8126 529
5790 11392 686
5790 2741 366
5790 14290 429
5790 9301 293
5791 12482 555
5791 9129 959
5791 1845 494
5791 12386 74
5791 1254 919
5791 5045 498
5792 3355 52
5792 5153 574
5792 3980 262
5792 118 544
5792 8647 847
5792 13861 962
5793 7195 430
5793 8265 848
5794 9992 858
5794 628 940
5794 7518 209
5794 3236 658
5794 5619 300
5795 7847 881
5795 4573 131
5796 5266 219
5796 10367 910
5796 6395 942
5797 4484 633
5797 13040 994
5797 3073 460
5797 12350 703
5798 8805 781
5799 4705 41
5799 6719 743
5800 5901 976
5800 15953 938
5800 285 720
5801 15496 81
5801 7635 638
5801 1457 816
5801 3288 401
5801 1245 787
5801 1728 366
5801 7597 437
5802 1634 764
5802 13562 348
5802 875 748
5802 4160 362
5802 13856 111
5803 7082 318
5803 13495 788
5803 601 457
5804 6942 762
5804 9655 372
5805 9187 856
5805 6072 974
5805 10106 729
5805 13190 520
5805 14176 871
5806 8930 25
5806 3153 622
5806 7431 605
5806 5072 353
5806 12242 411
5806 7357 815
5807 13642 611
5807 11211 953
5807 7145 491
5808 2498 157
5808 6495 101
5808 6978 697
5808 7998 501
5808 12134 32
5808 10004 37
5808 6535 776
5809 15984 693
5809 15142 445
5809 10239 853
5810 11624 558
5810 12679 195
5810 6629 893
5810 11453 531
5810 15551 980
5811 13040 458
5811 712 10
5811 15569 961
5811 12039 921
5811 10685 878
5811 2193 636
5811 12306 958
5812 15602 46
5812 8080 654
5812 6422 935
5812 10074 906
5812 15414 298
5813 11101 845
5813 14555 211
5813 9614 664
5813 9434 140
5814 2128 64
5814 5257 875
5814 13317 854
5814 319 580
5815 14771 879
5815 6796 125
5816 9478 690
5816 15055 31
5816 5451 990
5816 6662 229
5817 13639 135
5817 8674 560
5817 13770 519
5817 4748 77
5817 10001 541
5818 5841 911
5818 1285 814
5818 4661 65
5818 11551 351
5818 9870 305
5819 13044 915
5819 3891 844
5819 4052 185
5819 10939 930
5820 1699 169
5820 6200 609
5821 12554 115
5821 14119 426
5822 12571 249
5822 3479 854
5822 13705 577
5823 13569 18
5823 3152 257
5823 7788 656
5824 15801 975
5824 1429 859
5824 10536 871
5825 13502 838
5825 13630 625
5825 9899 317
5825 2869 816
5825 5088 203
5825 11525 614
5825 4211 661
5825 2371 123
5826 9221 13
5826 721 935
5828 13280 444
5828 7620 284
5828 3403 67
5828 10647 151
5829 14006 61
5829 11069 324
5829 5062 276
5829 4820 643
5831 12360 350
5831 3378 755
5831 5374 654
5831 15149 474
5831 12094 425
5832 14784 214
5832 9636 851
5832 10620 981
5832 4734 40
5832 15476 325
5833 6648 630
5833 3793 138
5833 6281 727
5833 6221 277
5833 1378 990
5834 2608 28
5834 307 28
5835 1006 659
5835 10827 64
5835 8004 191
5835 14842 920
5836 3940 536
5836 14943 291
5836 7586 30
5836 12223 437
5836 12456 857
5837 10504 53
5837 14305 189
5838 11721 2
5838 15787 886
5839 10249 56
5839 998 770
5839 15732 886
5839 15537 930
5840 1472 984
5840 15520 474
5840 5141 178
5841 6127 113
5842 13213 49
5842 9798 565
5843 3960 660
5843 14316 359
5843 13443 648
5845 14912 822
5845 13124 268
5845 6576 959
5845 1393 699
5845 12671 228
5846 11033 7
5846 12440 753
5846 9786 738
5846 2724 730
5846 7234 978
5846 10551 163
5846 7750 336
5847 9536 849
5847 2575 623
5847 12042 841
5847 13564 112
5848 15234 742
5848 14864 396
5848 1027 910
5848 10571 476
5848 6673 686
5848 10211 175
5849 3667 683
5849 12543 947
5849 833 557
5849 1287 487
5849 11360 258
5849 14168 878
5849 8322 989
5849 1946 619
5849 3636 383
5850 1198 750
5850 7133 470
5850 13848 208
5850 5705 887
5851 14977 886
5851 15765 611
5851 6740 450
5851 14149 224
5851 7244 73
5852 15713 29
5852 7600 286
5852 660 321
5852 4747 354
5852 7479 352
5852 1911 13
5853 10307 478
5853 9926 858
5854 10334 105
5854 9021 752
5855 8232 691
5855 4367 989
5855 1207 418
5856 9734 768
5856 6507 835
5856 13130 668
5857 2069 605
5857 5739 620
5857 6787 606
5857 3438 467
5857 15817 732
5858 3906 652
5858 1119 316
5858 548 289
5858 8927 584
5858 13714 595
5859 1015 923
5859 7290 824
5860 10843 168
5860 10007 564
5860 11591 877
5860 2427 59
5860 9804 498
5860 3207 381
5861 14885 794
5861 10812 714
5862 3504 280
5862 10339 221
5863 15939 416
5863 7494 823
5863 15065 694
5863 14919 491
5863 2246 88
5863 7133 849
5864 307 495
5865 2791 740
5865 15037 374
5865 8689 728
5865 601 704
5865 7498 43
5866 7611 545
5866 11660 591
5866 617 622
5866 4910 374
5866 4886 25
5866 11933 386
5866 313 771
5866 14846 765
5867 4340 799
5867 11710 728
5868 10092 427
5868 10838 116
5868 9682 938
5868 2663 984
5869 6979 505
5869 7955 132
5869 9910 320
5869 8768 914
5870 12240 455
5870 8450 723
5870 4137 766
5870 6018 883
5870 1081 501
5870 711 756
5870 5500 938
5871 1535 139
5871 12120 92
5872 995 79
5872 13653 495
5872 11750 101
5872 13267 940
5872 2876 289
5873 10857 647
5873 11209 413
5873 6598 701
5873 1810 112
5874 3741 147
5874 4450 408
5874 14594 658
5875 14837 175
5875 10226 566
5876 14879 727
5876 5830 705
5876 8375 966
5876 8217 218
5877 3613 516
5877 3468 785
5877 12668 483
5877 4696 691
5878 5418 104
5878 11648 794
5879 12406 492
5879 11825 999
5879 218 697
5879 883 806
5879 1227 251
5880 15565 57
5881 12986 828
5881 13506 127
5882 5909 442
5882 11221 431
5882 3199 893
5882 8783 578
5883 6600 741
5883 8688 85
5883 10179 397
5883 3384 163
5883 8219 89
5884 831 925
5884 15932 264
5884 4450 105
5885 5067 98
5885 3825 956
5885 8211 157
5885 6417 347
5885 4401 772
5886 8002 756
5886 4201 424
5886 13339 690
5886 633 170
5887 1145 227
5887 9759 756
5887 11016 121
5887 14433 85
5888 6450 284
5888 6015 282
5889 4104 609
5889 2906 26
5890 4673 748
5890 2928 307
5890 14580 714
5891 5797 969
5891 12371 350
5891 11174 950
5891 9555 70
5891 6139 677
5891 12604 266
5892 365 531
5892 1539 558
5892 7514 753
5893 2084 968
5893 6167 786
5894 14910 811
5894 1612 636
5894 11071 333
5894 5444 68
5894 9678 427
5894 241 452
5895 15309 48
5895 15608 894
5895 7086 757
5895 3571 451
5895 14125 98
5896 2047 984
5896 10366 223
5896 1572 307
5896 13021 156
5897 8737 526
5897 9107 420
5897 4442 377
5897 10269 503
5897 8899 195
5897 4532 708
5897 15792 42
5898 4908 537
5898 12237 72
5899 4103 605
5899 4099 778
5899 15038 559
5899 6891 749
5900 7166 619
5900 13527 555
5900 13129 87
5900 7142 958
5900 14630 714
5901 6934 239
5901 10071 707
5902 13102 911
5902 4746 457
5902 9127 304
5902 10441 783
5903 10606 990
5903 12890 961
5903 13296 399
5904 12902 939
5904 10482 866
5904 8990 855
5905 4145 288
5905 4242 759
5906 10685 874
5906 1672 799
5906 6286 852
5907 5044 309
5907 10403 402
5907 6092 192
5907 7283 212
5907 10932 436
5907 5616 982
5908 10289 654
5908 12010 18
5908 15666 268
5909 5090 370
5909 3308 457
5909 4098 857
5909 6278 329
5909 4157 544
5910 2840 456
5910 1718 517
5910 14097 28
5910 3881 565
5910 1889 394
5911 2988 899
5911 11933 806
5911 3370 73
5911 1433 544
5912 12366 34
5912 15657 902
5912 2436 916
5912 10630 398
5913 6867 808
5913 7697 577
5913 11540 96
5913 14987 996
5913 15822 227
5913 15193 28
5913 14453 561
5914 13768 643
5914 6946 223
5914 15205 870
5914 1363 736
5915 9833 504
5915 1411 751
5915 5288 430
5916 6306 953
5916 11646 248
5917 9198 790
5917 5142 671
5917 9131 861
5917 11555 713
5917 4142 674
5917 13960 298
5918 11763 328
5918 12644 931
5919 5422 356
5919 2330 383
5919 301 52
5919 8691 934
5920 3341 515
5921 8482 91
5921 7565 164
5921 13682 419
5922 5228 53
5922 7228 618
5922 7141 243
5922 4891 721
5922 6726 448
5922 899 578
5922 1769 905
5922 2413 565
5922 12137 606
5922 7035 951
5922 14842 355
5922 14666 854
5923 4946 762
5924 12485 699
5924 10495 835
5924 11544 363
5924 12486 480
5924 5433 214
5924 7533 856
5924 10559 184
5924 9340 659
5925 2631 455
5925 7104 330
5925 13526 630
5926 14837 788
5926 5670 978
5926 14763 437
5926 3702 611
5927 8379 363
5927 6359 484
5927 3999 315
5927 5576 930
5927 14425 171
5928 15074 706
5928 11244 78
5928 7401 342
5928 1801 566
5929 4193 423
5930 15433 63
5930 2881 427
5930 1868 830
5930 3442 708
5931 399 526
5931 7882 651
5931 1401 848
5931 6283 724
5931 13013 5
5932 13950 555
5932 10330 248
5932 13433 959
5932 5201 518
5933 3315 243
5933 2598 144
5933 9106 763
5933 15737 479
5933 5033 983
5934 15144 280
5934 13614 300
5934 14931 345
5935 13321 380
5935 14520 995
5935 7001 165
5936 960 63
5937 900 844
5937 6745 266
5937 6783 83
5937 11087 174
5938 9619 614
5938 10024 306
5938 9693 522
5938 3648 554
5939 1952 728
5939 7540 842
5939 15638 488
5940 3001 603
5940 15031 688
5941 14135 351
5941 880 356
5941 7739 206
5941 3894 794
5941 8918 774
5941 1603 804
5941 11365 106
5941 12365 78
5942 11054 141
5942 943 166
5942 4550 5
5943 15699 332
5943 5873 65
5943 1722 276
5943 13334 947
5943 5197 626
5944 8162 695
5944 8393 513
5944 6840 880
5944 15325 716
5944 2697 27
5944 8173 930
5945 11180 964
5945 13179 409
5945 15824 24
5945 7762 975
5945 8139 950
5946 915 232
5946 5872 233
5946 9026 47
5946 10840 637
5946 3846 346
5947 11416 496
5947 15615 492
5947 10077 115
5947 5244 555
5948 8876 818
5948 3789 645
5948 10286 343
5949 13143 102
5949 10727 573
5949 2635 803
5949 1685 28
5949 15072 613
5950 12844 625
5950 10127 820
5950 15864 921
5950 2543 168
5951 15201 162
5951 5953 467
5952 15445 215
5952 12652 247
5952 15551 375
5952 3857 501
5952 3834 630
5953 13924 83
5953 721 705
5953 13417 174
5953 4026 184
5954 1588 593
5954 9389 217
5954 10869 989
5954 2921 856
5955 11431 616
5955 14904 564
5955 7040 101
5956 12802 892
5956 2587 787
5957 3554 143
5958 4881 852
5958 5080 190
5958 14343 759
5958 13075 890
5958 15215 411
5958 4893 431
5958 5104 32
5959 12246 802
5959 4525 907
5959 1811 700
5959 13183 128
5960 15907 675
5960 12269 66
5960 11133 502
5961 4084 379
5961 3894 956
5961 15141 377
5961 5418 732
5961 15067 601
5961 10190 549
5961 14902 208
5962 12818 740
5962 2366 793
5962 12243 318
5962 1444 866
5962 10553 540
5963 11919 37
5963 3382 929
5964 9869 123
5964 11610 544
5964 2685 412
5965 15112 822
5965 8167 768
5966 1898 465
5966 819 576
5966 3538 652
5966 9354 28
5966 8441 722
5966 6998 747
5966 12054 82
5966 6996 283
5966 142 664
5966 13040 605
5966 4203 84
5967 11716 978
5967 10813 711
5967 4510 924
5967 5096 14
5967 4355 164
5968 10855 906
5968 8164 141
5968 14243 266
5968 7711 591
5969 11341 904
5969 12434 865
5969 5029 481
5970 3989 841
5970 15852 185
5970 1485 576
5971 8098 812
5971 11141 452
5971 15067 628
5971 14557 927
5972 9779 363
5972 8713 237
5973 14058 934
5973 15159 740
5974 15056 335
5974 4560 866
5974 12649 671
5975 640 470
5975 15340 565
5975 5755 305
5975 4083 435
5975 6385 957
5976 8483 13
5976 14639 299
5976 7872 349
5977 3956 320
5977 5723 946
5977 1802 180
5977 6537 138
5977 13495 287
5977 12855 863
5977 8604 822
5977 13093 496
5978 1974 709
5978 9716 175
5978 12947 945
5979 15116 666
5979 3297 155
5979 9021 101
5979 704 472
5980 299 466
5981 7381 488
5981 15319 410
5981 7395 788
5982 4827 85
5982 14903 439
5982 7369 901
5982 3407 775
5982 6119 471
5982 4138 818
5983 6348 714
5984 11101 663
5984 9956 247
5984 9351 473
5984 9303 273
5984 15481 677
5985 9875 323
5985 8287 465
5985 872 961
5985 7521 695
5986 676 62
5986 3053 802
5986 6247 736
5986 12616 124
5986 1078 742
5987 15859 951
5987 5858 572
5987 3831 632
5987 14174 829
5987 13087 670
5987 3056 498
5988 5585 213
5988 8283 622
5989 5164 737
5989 815 311
5989 12808 598
5989 8102 480
5990 3643 908
5991 9105 633
5991 14349 341
5991 12977 717
5991 1113 174
5992 14274 590
5992 1980 246
5992 3868 48
5992 10250 293
5993 8152 251
5994 8071 191
5994 6037 543
5994 10013 4
5994 482 257
5995 11301 307
5995 15748 601
5995 14934 501
5995 5786 966
5995 4406 425
5996 6207 599
5997 1525 592
5997 8487 313
5997 4735 423
5997 12265 885
5998 10882 157
5998 942 192
5998 12872 368
5998 13385 204
5999 9514 444
5999 4496 480
5999 2612 356
5999 6189 318
5999 8473 442
5999 2435 925
5999 10281 238
6000 7366 942
6000 7935 778
6000 12477 784
6000 7939 140
6001 7788 200
6002 11589 635
6002 7360 969
6002 14377 788
6002 10863 404
6002 9845 373
6002 3097 361
6003 8015 590
6003 2725 908
6003 8473 605
6003 7637 771
6003 103 806
6003 4939 94
6003 1418 384
6004 3485 114
6004 681 317
6005 3158 151
6006 15933 319
6006 698 405
6006 8966 680
6006 7511 578
6006 6754 820
6006 4495 339
6006 7406 929
6007 15598 920
6007 4374 630
6007 14255 653
6007 6828 917
6008 2878 476
6008 11929 970
6008 5570 75
6008 10095 646
6009 3721 579
6009 9456 701
6009 1758 780
6009 9170 82
6009 10602 2
6010 9828 393
6011 14508 885
6011 11026 395
6011 472 914
6012 9790 67
6012 12524 365
6012 14053 877
6012 15527 963
6012 5878 325
6012 15065 885
6013 891 52
6013 13597 227
6013 7144 896
6013 10293 439
6013 9666 370
6013 15109 342
6013 10605 574
6014 15052 272
6014 204 338
6014 6263 437
6014 12299 809
6014 2210 440
6014 2723 185
6014 10650 920
6015 4658 516
6015 14932 788
6015 6061 233
6016 7196 957
6016 15801 900
6016 11810 371
6017 14678 240
6017 9731 673
6018 3610 887
6018 14164 650
6018 12975 957
6018 13360 365
6018 6849 31
6019 12636 533
6019 1522 15
6019 8727 894
6020 14455 538
6021 14913 817
6021 1578 530
6021 141 333
6022 11721 579
6022 10044 295
6022 3085 387
6023 9551 168
6023 1180 606
6024 8129 982
6024 14247 260
6024 5832 529
6024 2042 34
6024 11366 696
6025 8089 689
6025 3044 505
6025 7709 275
6025 13928 279
6025 14770 824
6026 13263 144
6026 13866 846
6027 11210 439
6028 15743 730
6028 9193 781
6028 6142 11
6028 15237 328
6029 2514 897
6029 19 402
6029 14975 967
6029 11913 621
6029 3225 510
6030 340 42
6031 9439 827
6032 2754 432
6032 15810 344
6032 13707 882
6032 8657 289
6033 11490 731
6033 5530 93
6033 1482 464
6033 7794 863
6033 9143 455
6033 4809 707
6034 1721 804
6034 1591 484
6034 2975 841
6034 10547 857
6034 15979 762
6034 13100 152
6034 13112 496
6034 7244 530
6034 4551 492
6035 5159 697
6035 4078 659
6035 14170 269
6035 5839 339
6035 11385 62
6035 11438 774
6035 8688 566
6036 15424 780
6036 10499 727
6037 15135 747
6037 2621 592
6037 3115 263
6037 10330 975
6038 8149 933
6038 6180 527
6038 2874 685
6039 7601 727
6039 4380 358
6039 4300 990
6039 11382 652
6039 4357 927
6040 12886 476
6040 5038 397
6041 6088 813
6041 749 448
6041 13400 206
6042 1702 980
6042 4711 794
6042 4030 309
6042 6672 294
6042 11852 953
6043 10367 883
6043 4899 557
6043 11319 124
6043 14429 640
6043 1664 294
6044 8718 445
6044 13961 907
6044 8190 898
6045 922 817
6045 5076 742
6045 3990 722
6045 15399 735
6045 15266 927
6046 1805 223
6046 3464 420
6046 12758 903
6046 13475 18
6047 15157 223
6048 1814 895
6048 10354 818
6049 9884 847
6049 9626 829
6049 8548 808
6050 8238 354
6050 5654 146
6050 3543 855
6050 14807 76
6050 1487 77
6050 9098 113
6050 6214 335
6050 9907 992
6050 1224 551
6051 12102 997
6052 15846 708
6052 1953 723
6053 1600 53
6053 7695 720
6053 14539 767
6053 9864 892
6053 3238 839
6054 13348 887
6054 1728 143
6054 5013 213
6054 2873 959
6054 1705 131
6054 753 823
6055 6137 55
6055 6189 424
6055 15232 2
6056 8589 778
6056 14544 330
6056 4426 743
6056 8216 761
6057 924 145
6057 4753 154
6058 4897 726
6058 14531 869
6058 1326 889
6058 555 537
6058 1958 810
6059 11245 238
6059 8089 377
6059 15960 949
6060 4455 850
6060 5288 997
6060 11488 897
6060 9998 768
6060 7740 145
6060 15207 338
6061 8225 187
6062 6223 147
6062 10178 421
6063 9636 251
6063 15402 698
6063 7567 490
6063 11336 514
6063 5730 257
6063 9147 204
6064 3137 811
6065 7149 29
6065 11183 364
6065 8939 978
6065 11094 157
6066 15177 347
6066 5902 164
6067 1086 86
6067 12221 690
6067 8549 154
6067 15706 748
6067 9347 96
6068 3722 503
6068 12422 44
6068 5299 585
6068 15998 482
6068 7322 687
6068 13329 50
6068 4887 916
6069 12929 287
6069 12872 371
6069 15028 635
6069 9961 918
6070 2714 727
6070 12425 176
6070 9191 903
6071 12822 242
6071 11205 966
6071 232 897
6071 14344 332
6072 5820 266
6072 13938 207
6072 186 424
6072 12522 212
6072 4097 416
6073 348 904
6073 14668 776
6073 15057 371
6074 13289 851
6074 1049 142
6074 13850 364
6074 10481 239
6074 4526 607
6074 1329 209
6075 13665 41
6075 12025 505
6076 11034 157
6076 9879 769
6076 6845 42
6076 844 215
6076 2161 388
6076 973 84
6077 8804 465
6077 6737 238
6077 12603 777
6077 8209 605
6077 994 852
6078 7163 782
6078 1211 32
6078 12219 427
6078 7373 320
6079 8782 208
6079 13411 640
6080 4168 55
6080 12119 66
6080 10939 392
6080 1552 224
6080 12183 483
6080 5175 864
6081 6714 367
6081 13155 350
6082 1447 447
6083 8641 320
6083 9086 456
6083 3474 94
6083 2311 458
6084 3800 724
6085 6597 202
6085 11579 431
6085 3395 132
6085 13064 661
6086 10944 620
6086 4528 964
6086 4880 593
6086 15361 639
6086 152 494
6086 5684 669
6087 12117 569
6087 12033 62
6087 2953 70
6088 11272 351
6088 8360 542
6089 13739 747
6090 4923 232
6090 9787 248
6090 11670 487
6090 6943 706
6090 1920 209
6091 8160 424
6091 2296 837
6091 10946 318
6091 5212 714
6091 4732 33
6091 5678 223
6091 4486 671
6091 6299 417
6092 4327 155
6092 12947 669
6092 12347 911
6092 2925 906
6092 14736 940
6092 4981 243
6093 3261 663
6093 13411 83
6094 1131 596
6094 12989 213
6094 14650 5
6094 908 552
6095 9002 30
6095 7952 826
6095 14602 696
6095 548 312
6095 5585 878
6096 2999 312
6096 12943 592
6096 11258 949
6097 3082 356
6097 4878 852
6097 15390 340
6098 7252 143
6099 1392 467
6100 4465 283
6100 5622 193
6100 3687 118
6100 15389 212
6101 2613 116
6101 5481 280
6101 14882 860
6101 4056 351
6102 15448 153
6102 9616 101
6102 757 514
6102 3065 97
6102 9007 732
6103 10462 133
6103 14626 63
6103 5745 720
6104 988 720
6104 3633 805
6104 4244 22
6104 11845 975
6105 14437 528
6106 10785 755
6106 5158 411
6106 8648 952
6107 1901 929
6107 11556 373
6107 15425 325
6108 4629 16
6108 6758 470
6108 11513 282
6108 4440 967
6108 11265 348
6108 11748 589
6108 1215 261
6108 15853 819
6109 476 275
6109 11367 753
6110 7205 708
6110 14881 219
6111 12328 401
6111 11234 14
6111 15878 430
6111 1362 429
6112 1328 540
6112 13323 737
6113 6121 177
6113 255 608
6114 2631 280
6114 3893 450
6114 11073 466
6115 9408 655
6115 4144 823
6115 9344 801
6115 381 176
6115 1846 299
6116 5460 148
6116 4433 702
6116 15650 545
6116 4325 93
6117 5195 898
6117 10050 871
6117 15739 761
6118 8322 912
6118 6069 308
6118 11588 144
6118 13773 716
6119 198 650
6119 9176 634
6119 2320 344
6119 8454 157
6119 9161 360
6119 2186 945
6119 9050 429
6119 4126 60
6120 5147 639
6120 3022 722
6121 9910 263
6121 14465 44
6122 3772 500
6122 3310 326
6122 15824 811
6122 9000 330
6123 12409 906
6124 9027 63
6124 9703 951
6124 7687 115
6124 13212 166
6125 3547 569
6126 10193 328
6126 8855 935
6126 3961 412
6126 6339 287
6127 924 241
6127 10924 931
6127 1106 658
6127 12015 959
6127 15576 517
6128 5827 113
6128 11493 828
6130 2876 652
6131 10513 872
6131 7432 686
6131 3008 28
6132 13339 723
6132 15600 451
6132 2797 466
6132 9764 515
6132 3911 899
6133 11342 784
6133 12868 67
6133 15843 320
6133 1479 61
6133 4933 210
6134 6872 720
6134 197 51
6134 4487 217
6134 3177 324
6134 7341 469
6134 1061 829
6135 9155 169
6135 15544 757
6135 10317 223
6135 9401 576
6136 8545 409
6136 12441 528
6136 3138 285
6136 5252 842
6136 4776 721
6136 14252 167
6137 7690 907
6137 445 94
6137 15110 771
6137 4301 447
6137 3107 45
6138 13045 298
6138 3114 361
6138 14338 900
6139 2029 694
6139 3047 36
6140 4835 583
6140 352 664
6140 12226 17
6140 11831 535
6140 3936 119
6140 7486 400
6141 5545 579
6141 8362 182
6141 10419 963
6141 12088 835
6141 2333 463
6141 9288 500
6142 3613 876
6142 14404 534
6142 7673 571
6142 4896 905
6142 2530 569
6142 15914 642
6142 12719 981
6143 443 563
6143 6736 591
6143 534 551
6143 14019 244
6144 9720 318
6144 5993 345
6145 6151 906
6145 4597 603
6145 4314 272
6145 10656 511
6145 12732 47
6145 546 745
6146 14322 572
6146 5049 622
6146 2037 752
6146 8743 352
6146 13881 118
6147 3215 1000
6148 9514 716
6148 702 561
6148 3541 272
6148 10339 272
6148 8214 890
6148 91 766
6148 1739 975
6149 12475 889
6149 15400 259
6149 6852 660
6149 3446 470
6149 12169 199
6149 13841 370
6149 5605 165
6149 8015 220
6149 13877 680
6149 1560 653
6150 11746 902
6150 7970 16
6150 6613 136
6150 10953 708
6151 879 27
6151 4291 950
6151 11053 659
6151 15675 938
6152 15383 710
6152 3729 670
6152 5686 669
6153 10034 989
6153 5469 788
6154 14774 991
6154 15420 15
6154 7690 194
6154 1000 194
6154 6227 516
6154 670 132
6154 3673 767
6154 6631 772
6155 9561 82
6155 2436 468
6155 12938 126
6155 6974 698
6156 10759 854
6156 315 908
6156 3325 78
6156 112 972
6156 6454 518
6156 5917 218
6156 9933 849
6157 13635 397
6157 1143 612
6157 9853 190
6158 6438 415
6158 7126 930
6158 13008 107
6159 10655 370
6159 11036 480
6159 338 645
6160 1433 332
6160 4655 411
6160 3085 461
6161 5228 437
6161 10789 912
6162 13045 898
6162 3936 904
6162 13224 36
6163 5189 489
6163 10979 970
6163 6049 154
6164 4424 14
6164 121 637
6164 9302 816
6164 4791 358
6164 5401 607
6164 1897 55
6165 954 391
6166 1516 199
6166 13253 621
6166 11472 104
6166 1852 450
6166 9101 221
6166 7479 573
6166 9610 908
6166 6386 71
6166 15259 355
6166 605 772
6166 321 85
6167 2367 633
6167 5585 465
6168 7683 471
6168 563 904
6168 3760 526
6168 13342 651
6169 2155 445
6169 6955 245
6169 10556 862
6170 7539 373
6170 9215 98
6170 5334 436
6170 14025 438
6171 8398 102
6172 9368 590
6173 6243 15
6173 5438 73
6173 2914 65
6174 14514 113
6174 658 260
6175 11814 594
6175 13707 148
6175 2067 396
6176 429 480
6176 5504 722
6176 7404 529
6177 15425 973
6178 4984 612
6178 6617 385
6178 12014 981
6179 1931 61
6179 546 14
6179 2346 457
6180 3584 253
6180 10419 353
6180 1235 479
6181 11381 382
6181 1028 467
6181 7309 356
6181 2059 629
6182 3929 70
6182 15699 324
6183 15698 915
6183 14941 362
6183 13581 199
6184 1480 683
6184 7221 550
6184 9441 937
6184 12997 895
6184 5977 594
6184 5343 783
6185 832 895
6185 6683 978
6186 631 572
6186 1639 903
6187 6780 448
6187 7677 765
6187 13491 435
6188 10630 723
6188 8885 647
6188 5352 414
6188 15220 755
6189 6904 14
6189 13740 37
6189 6623 644
6189 3917 372
6190 649 526
6190 5430 974
6190 8427 731
6190 15769 54
6191 9197 654
6191 10997 20
6191 2541 514
6191 1040 394
6192 3198 679
6192 15286 77
6192 4192 915
6193 4774 522
6193 10539 995
6193 14818 562
6193 15970 572
6193 1291 895
6193 9962 690
6194 9895 527
6194 1030 732
6194 8287 18
6195 1105 832
6195 13087 355
6195 5609 8
6195 1287 301
6195 12871 734
6195 15465 164
6196 4352 982
6197 9084 109
6197 11104 919
6197 15272 917
6197 14784 328
6197 1995 868
6198 3375 720
6198 10428 620
6198 13526 409
6198 14954 696
6198 13145 442
6199 10329 124
6199 6306 975
6199 4038 70
6200 5294 223
6200 2654 340
6200 7241 149
6200 11353 980
6201 14325 650
6201 7264 723
6201 6985 921
6201 13102 495
6201 5024 306
6201 15253 385
6202 6291 852
6202 10460 67
6202 2565 518
6202 3286 307
6202 5872 813
6202 14489 698
6203 110 768
6203 7142 978
6203 6776 660
6203 14826 608
6204 8321 904
6204 1781 448
6205 6950 329
6205 12047 63
6205 11478 647
6206 5176 210
6206 2114 191
6206 5250 317
6207 1541 731
6208 5737 649
6208 10400 966
6208 10182 323
6209 1266 657
6209 2977 459
6209 4947 664
6209 11575 812
6209 13445 107
6209 101 760
6210 4413 984
6210 9867 326
6210 491 342
6210 7098 322
6210 9885 458
6210 13800 613
6211 10786 192
6211 10584 293
6211 7082 794
6211 10269 405
6211 11074 514
6211 1588 350
6212 7210 56
6212 6076 545
6212 6859 216
6212 2738 152
6213 11426 596
6213 12105 283
6213 12812 174
6213 15946 955
6213 2949 437
6214 15954 241
6214 12140 589
6214 4109 942
6214 6349 73
6215 12252 989
6215 2925 94
6215 13958 216
6215 1291 166
6215 15257 293
6215 682 179
6216 11688 214
6216 15680 389
6216 3010 480
6216 14655 646
6216 10482 304
6216 1171 208
6217 7122 250
6217 4936 792
6217 15067 730
6218 15886 864
6218 10059 755
6218 15742 851
6219 3775 563
6219 15936 228
6219 1805 462
6219 14692 387
6219 4608 756
6220 6178 611
6220 12160 829
6220 10884 423
6220 4305 355
6220 11766 902
6220 10716 715
6221 9164 122
6221 5760 235
6221 8808 66
6221 855 233
6221 7588 424
6221 15336 382
6221 11332 778
6221 15304 785
6221 5269 414
6221 4946 365
6221 3173 463
6222 15451 455
6222 9996 621
6222 8359 913
6222 2515 517
6222 15663 576
6222 5053 324
6223 2124 694
6223 3047 184
6223 5465 547
6223 5318 76
6224 6525 718
6224 15292 205
6226 11536 719
6227 12817 936
6227 3837 571
6228 4581 503
6228 10157 207
6228 12017 233
6228 15623 601
6228 12913 848
6228 7296 439
6228 9999 338
6228 12661 921
6228 10548 548
6229 85 295
6229 8934 38
6229 14286 575
6230 286 51
6230 12250 522
6230 11689 378
6230 6858 331
6230 2775 214
6230 6072 853
6231 6898 18
6231 9924 535
6231 7618 176
6231 13466 305
6231 15166 973
6231 15038 511
6231 13647 533
6231 6491 96
6231 11911 953
6232 14582 331
6234 4946 11
6234 775 913
6234 2418 875
6234 9004 58
6235 13580 72
6235 3062 486
6236 14305 752
6236 10391 648
6236 10584 434
6236 1956 126
6236 3520 956
6237 2243 439
6237 2420 380
6237 9915 1
6238 348 581
6238 10996 100
6238 5096 517
6238 1236 643
6238 14050 746
6239 7065 207
6239 8878 224
6239 15718 713
6240 4770 188
6240 4727 866
6240 10372 361
6240 4225 882
6240 8620 455
6241 1392 172
6241 1677 720
6242 124 469
6242 3546 492
6242 13383 372
6243 6324 663
6243 8548 132
6243 6859 623
6243 6866 234
6243 12631 411
6243 7398 743
6243 10550 599
6243 2693 216
6244 6707 549
6244 7419 142
6244 11142 571
6244 3919 371
6244 15431 942
6245 601 53
6245 4869 137
6245 4598 849
6245 11985 110
6245 410 389
6245 10607 868
6246 14603 567
6246 456 951
6246 12512 78
6246 8639 252
6246 15856 231
6247 134 321
6247 6949 109
6247 1284 389
6247 15206 506
6248 2268 906
6248 2090 656
6248 14618 102
6249 3201 916
6249 10250 127
6249 4973 799
6249 13547 425
6250 14920 588
6250 11216 444
6250 1782 58
6250 11420 230
6250 8071 573
6251 14810 6
6251 5570 707
6251 2848 11
6252 3757 126
6252 2383 83
6254 7790 9
6254 12269 548
6254 3192 732
6254 12958 721
6254 13338 272
6255 8103 71
6255 4134 232
6256 1488 916
6256 14224 23
6256 12652 605
6256 7653 209
6257 2595 949
6257 2610 185
6257 14436 339
6257 2082 668
6258 10788 814
6258 7402 94
6258 11814 522
6258 5415 141
6258 3006 613
6259 3011 942
6259 4816 218
6260 6925 269
6260 3048 289
6261 9198 638
6262 3618 924
6262 7711 758
6262 5867 770
6262 6228 924
6263 1338 143
6263 11604 464
6263 5565 227
6263 9070 974
6263 14530 160
6263 6904 951
6264 252 304
6264 1979 664
6264 2544 407
6264 6130 992
6265 9382 969
6265 11561 254
6265 15457 443
6265 7863 19
6266 11950 288
6266 927 816
6266 443 384
6266 92 312
6266 12814 711
6267 445 394
6267 9921 171
6267 7747 161
6267 14570 772
6268 4209 377
6268 5871 161
6268 7620 69
6268 6327 795
6268 6784 850
6269 894 960
6269 12588 765
6269 3344 641
6269 986 673
6269 8758 460
6269 1742 553
6269 6043 92
6269 2526 179
6270 3051 795
6270 14541 396
6270 3732 947
6271 12258 655
6271 8825 784
6271 5852 875
6271 3341 792
6272 9194 273
6272 7254 789
6272 13629 163
6272 10192 930
6273 8930 825
6274 15522 792
6275 2935 469
6275 1120 802
6275 12234 142
6275 13621 603
6275 10797 678
6275 1250 431
6275 5423 606
6276 4733 267
6276 11928 884
6277 9818 52
6277 7670 931
6278 463 380
6278 8046 207
6278 762 385
6278 5504 632
6278 14639 568
6279 13669 319
6279 14136 15
6279 3859 897
6279 7997 655
6280 14748 871
6280 3548 344
6281 10213 358
6281 3354 486
6281 11177 543
6282 4274 496
6282 3114 23
6282 7346 27
6283 7015 106
6283 4301 575
6283 675 233
6283 1240 135
6283 5852 370
6284 9852 163
6284 7140 653
6285 13680 132
6285 14122 917
6285 1108 302
6285 11318 393
6285 14587 775
6285 3966 75
6285 11786 541
6285 14495 81
6286 2560 855
6286 14531 516
6286 6338 755
6286 541 265
6286 8956 8
6286 5233 277
6287 15656 11
6287 15080 31
6287 15435 687
6287 6625 701
6289 14818 938
6289 13554 425
6289 1074 976
6289 8880 779
6290 4002 156
6290 12361 332
6291 998 162
6291 532 477
6291 14771 772
6292 8665 301
6292 15539 835
6292 4415 525
6292 607 237
6292 10573 131
6293 13519 730
6293 15640 685
6293 6581 408
6294 655 463
6294 11752 965
6294 5538 874
6294 11025 942
6295 1701 174
6295 5720 553
6295 12066 141
6296 1231 444
6296 7986 276
6297 12409 955
6297 1068 886
6298 7202 376
6298 13642 85
6298 14174 199
6298 15284 591
6298 6048 79
6298 14738 379
6299 2404 545
6299 1815 318
6299 6903 256
6299 1842 520
6299 10492 890
6299 15896 696
6300 14020 929
6300 15378 689
6300 4061 374
6300 692 907
6301 12470 575
6301 8028 296
6302 12712 245
6302 6680 221
6302 2223 603
6303 1907 827
6303 338 967
6303 8393 874
6303 15951 834
6303 6204 788
6304 13628 2
6304 3003 295
6304 10215 447
6304 11967 57
6304 9225 381
6305 13565 529
6305 1665 157
6305 1235 355
6305 11065 888
6305 2338 149
6306 5179 692
6306 1935 668
6306 1397 975
6306 13710 824
6306 9940 321
6306 529 925
6307 14641 210
6307 988 130
6308 2683 325
6308 13735 22
6308 412 968
6308 3412 412
6309 9243 490
6309 15319 915
6309 15549 370
6309 9813 690
6309 889 752
6310 6729 383
6310 5168 2
6311 12448 892
6311 15256 721
6311 8922 73
6311 1638 108
6311 4330 41
6311 14317 612
6311 15336 912
6311 10971 713
6312 2702 950
6312 15278 871
6312 12960 818
6313 6067 1
6313 11381 165
6313 711 568
6313 850 479
6313 15357 705
6314 12155 228
6314 7730 276
6315 9797 915
6315 9604 718
6315 15658 294
6316 10931 422
6316 13934 18
6316 6547 898
6316 179 170
6316 730 69
6317 7493 248
6317 1363 992
6317 6798 591
6317 2851 281
6317 1640 468
6318 2410 997
6319 9735 699
6319 189 634
6319 4191 58
6319 15156 783
6319 15291 969
6319 343 15
6320 2165 758
6320 5772 319
6320 875 675
6320 679 888
6320 14739 548
6320 5716 492
6320 10525 29
6320 14924 525
6321 6740 926
6321 3968 868
6321 2288 437
6322 2994 958
6323 12652 884
6323 13115 471
6323 9638 382
6323 4111 741
6323 9574 213
6323 4251 719
6323 15826 526
6324 9075 593
6324 1681 368
6324 15982 495
6324 2569 63
6324 2382 259
6325 9590 493
6325 11334 794
6325 11150 723
6325 7981 662
6325 15235 816
6325 15801 385
6325 10833 884
6326 6392 713
6326 13005 15
6326 4729 789
6326 14407 487
6326 9740 289
6326 13377 462
6327 779 136
6327 3455 738
6327 272 414
6327 660 7
6327 13794 321
6327 46 942
6327 12786 564
6328 3055 147
6328 1306 186
6328 10814 746
6328 14849 705
6328 10402 516
6329 6192 901
6329 2853 286
6329 9594 816
6330 6354 357
6330 196 88
6330 1494 968
6330 4233 265
6330 967 522
6331 15746 678
6331 11089 716
6331 15153 456
6331 5013 542
6332 2051 599
6332 3823 557
6332 3084 379
6332 3038 227
6332 10955 825
6333 13005 49
6333 3439 9
6333 6892 323
6333 11986 598
6334 4349 986
6335 7778 142
6335 1693 670
6335 3573 272
6336 12222 338
6336 14569 16
6337 639 264
6337 2979 91
6338 2150 192
6338 12281 947
6339 7793 556
6339 149 724
6339 260 108
6339 13487 284
6339 12529 121
6339 9628 165
6340 11439 930
6340 11800 27
6340 10602 841
6340 764 338
6341 6846 484
6341 7235 374
6341 2165 606
6341 715 590
6342 14671 542
6342 13631 360
6343 9998 294
6343 14530 542
6343 3613 784
6344 5364 993
6344 10506 126
6344 162 250
6345 11237 988
6345 7993 947
6346 7526 564
6346 1659 236
6347 14554 480
6347 13360 50
6348 7502 137
6348 6126 804
6348 1326 619
6348 8540 169
6348 8315 425
6348 11051 815
6349 7249 421
6349 11892 172
6349 13334 639
6349 5101 840
6349 14226 322
6349 13979 284
6349 2948 600
6349 1525 912
6350 3591 576
6350 6734 390
6351 3415 945
6351 5318 133
6351 7370 71
6351 6534 953
6351 3362 896
6352 489 642
6352 15849 155
6353 11297 891
6353 7936 207
6353 15994 975
6354 8769 482
6354 8837 404
6354 10841 649
6354 15528 474
6354 12011 634
6355 14619 236
6355 7005 549
6355 13955 934
6356 1319 997
6356 5001 370
6356 1624 904
6356 12436 362
6356 2584 535
6356 9065 463
6356 11430 415
6357 8966 990
6357 13841 392
6357 13042 959
6357 6319 64
6357 2780 840
6358 8451 711
6359 7327 940
6359 15813 197
6359 11785 929
6359 9968 777
6360 7597 568
6360 5798 631
6360 12251 628
6360 7788 170
6361 14073 319
6361 7495 439
6361 3498 688
6362 10846 529
6362 3770 638
6362 8013 990
6362 7820 851
6362 12390 15
6362 9481 637
6363 12941 747
6363 14067 692
6363 1751 705
6363 3119 823
6363 3908 541
6363 13007 720
6364 13528 537
6364 15236 208
6364 9354 295
6364 11538 192
6364 5348 240
6364 5087 402
6365 2413 513
6365 10612 218
6365 3005 727
6365 14085 891
6366 8081 630
6366 15368 474
6366 7193 439
6367 3833 747
6367 8544 843
6368 11823 378
6368 4086 282
6368 7626 667
6369 13473 420
6369 11062 582
6369 1986 386
6369 9402 519
6370 4424 723
6370 5600 190
6370 3325 55
6370 12010 756
6370 5884 911
6371 6398 815
6371 14835 832
6371 1093 903
6372 11024 775
6372 2825 53
6372 11091 823
6372 1135 450
6373 13563 351
6373 12811 551
6373 4216 806
6373 7382 529
6374 15907 908
6374 13786 98
6374 7784 293
6374 13329 865
6374 7180 95
6375 285 475
6375 11810 746
6375 5471 757
6376 2978 947
6376 2214 785
6376 5890 6
6377 350 854
6377 8078 862
6377 1232 781
6377 14113 294
6378 6517 863
6378 7853 353
6378 5525 478
6378 3967 517
6378 13037 643
6379 2349 165
6379 1264 978
6379 11043 612
6379 3081 211
6379 7100 851
6379 5032 689
6379 8877 656
6379 1502 996
6380 8960 427
6380 14887 810
6380 10491 644
6380 6514 169
6380 9897 699
6381 11623 310
6381 8914 841
6381 13402 189
6381 4692 728
6382 15495 262
6382 8273 860
6382 12598 626
6382 4650 594
6383 12785 715
6383 1046 303
6384 5890 388
6384 13632 574
6385 13247 665
6385 11895 801
6385 12788 131
6386 12019 659
6386 15086 458
6386 11209 95
6386 4 603
6386 1739 686
6386 1094 558
6386 12869 733
6386 4446 834
6387 6700 919
6387 6110 765
6387 7951 915
6388 11678 233
6388 519 613
6388 4330 642
6388 11808 825
6388 15682 999
6388 1729 787
6389 8986 965
6389 9914 664
6389 4678 391
6390 6132 666
6390 12039 64
6391 6967 414
6391 12150 679
6391 13324 692
6391 12910 843
6391 12241 645
6391 12859 858
6391 14612 778
6391 14962 578
6391 8152 469
6391 3118 666
6391 11006 209
6392 5357 31
6392 4427 10
6392 7422 507
6392 10832 867
6392 15167 944
6393 15799 307
6395 13940 697
6395 6075 204
6395 13595 419
6395 11541 510
6396 11613 897
6396 5944 974
6397 2193 877
6397 1572 860
6397 15731 181
6397 6383 677
6397 6300 336
6397 2964 876
6399 12619 245
6399 391 594
6400 9401 623
6401 9231 701
6401 2000 372
6401 1491 952
6401 12313 203
6402 7560 923
6402 3544 117
6402 13071 260
6402 1781 433
6403 6687 191
6403 8864 621
6403 4381 536
6403 261 634
6403 12371 164
6403 7902 168
6403 11160 795
6403 6390 793
6404 13184 613
6404 9336 551
6404 7524 621
6404 14358 721
6405 7962 862
6406 7461 25
6406 1392 308
6407 12811 99
6407 10561 896
6408 1939 721
6408 9089 307
6408 1976 113
6408 6949 133
6409 4265 763
6409 8154 63
6409 11978 337
6410 15536 24
6410 6930 748
6410 12159 736
6411 5141 342
6411 9992 470
6411 14172 170
6411 13189 984
6411 9661 506
6412 8892 496
6412 14461 39
6412 8594 447
6412 1701 361
6412 6265 288
6413 1134 114
6413 10881 387
6414 8902 861
6414 14586 453
6414 12371 347
6415 7887 831
6415 14599 371
6416 9279 660
6416 1205 423
6416 1046 631
6416 13847 275
6416 9928 899
6416 5635 911
6417 4131 516
6417 2897 468
6417 4181 646
6417 5411 453
6417 794 809
6417 1662 338
6417 15898 759
6417 8865 229
6417 13537 437
6417 9883 655
6417 2353 521
6418 1162 461
6419 10866 140
6419 7424 953
6419 15737 599
6420 2403 144
6420 13830 239
6420 4678 105
6420 13568 971
6421 3899 986
6421 6513 753
6421 2292 828
6421 9371 781
6421 15487 296
6421 4320 548
6422 7942 523
6422 14155 466
6422 14702 444
6422 14148 643
6422 9334 822
6423 563 41
6423 14374 181
6423 7225 523
6423 15870 16
6423 3968 209
6424 1414 390
6424 9400 518
6424 14978 45
6425 10333 307
6425 961 186
6425 8586 776
6425 14276 559
6425 138 12
6426 13659 113
6426 987 207
6426 5131 693
6427 6351 304
6428 1639 454
6428 4393 445
6428 12203 176
6428 9270 921
6428 11252 10
6428 525 778
6428 7141 64
6428 995 45
6429 13734 33
6429 1910 828
6429 5780 51
6429 15306 248
6429 305 873
6429 12070 991
6430 531 919
6430 1203 530
6430 9479 761
6431 7851 965
6431 5251 862
6431 369 942
6431 5202 720
6431 4608 702
6432 15493 873
6432 6829 926
6432 7428 528
6432 7370 510
6433 10120 295
6433 12297 985
6433 5357 512
6433 12656 187
6433 12101 645
6434 14213 318
6434 5120 577
6434 4667 314
6435 10814 415
6435 7834 494
6435 695 342
6436 3315 219
6436 7129 965
6436 11828 14
6436 4824 736
6437 8108 126
6437 9777 364
6437 5768 829
6437 14998 421
6438 2343 477
6438 3725 540
6438 10477 675
6439 635 281
6439 13252 834
6439 4356 606
6439 14713 527
6440 478 782
6440 245 186
6440 5001 545
6440 9379 988
6441 3283 634
6441 2621 614
6441 13304 146
6442 14490 844
6442 5188 560
6442 9343 326
6442 3911 81
6443 7228 219
6443 11581 537
6443 15418 524
6443 8529 937
6443 11744 957
6443 13118 910
6444 4432 781
6444 10904 703
6444 758 466
6444 11324 264
6445 12889 892
6445 1414 697
6445 1665 318
6445 4842 615
6446 4595 71
6446 11091 507
6446 10610 380
6447 2247 514
6447 6121 403
6447 445 321
6447 3975 786
6447 2683 973
6447 2356 848
6448 6892 641
6448 2041 982
6448 6463 221
6448 15359 525
6448 3513 379
6448 15332 140
6448 10941 615
6449 12665 283
6449 9579 309
6450 2349 284
6450 3429 15
6450 6357 868
6451 10400 986
6451 13114 683
6451 8336 689
6451 8737 488
6451 15768 38
6452 14407 128
6452 7590 611
6452 12347 400
6452 10696 209
6452 7410 1
6453 15232 482
6453 1431 538
6453 14882 574
6453 3063 284
6453 5471 332
6454 2911 732
6454 6972 601
6454 11182 966
6454 2523 231
6455 6029 162
6455 11856 421
6455 8275 271
6455 15650 929
6456 4016 495
6456 4113 756
6456 6375 203
6456 2088 705
6456 3957 506
6457 5237 443
6457 4982 885
6457 12297 60
6457 3313 410
6458 11141 560
6458 7961 358
6458 14028 657
6458 9239 319
6459 258 352
6459 13625 73
6459 9811 50
6459 4398 657
6460 5997 788
6460 7563 500
6460 14492 684
6460 12875 982
6461 9677 98
6461 13319 809
6461 46 758
6461 8541 442
6461 14369 892
6461 6772 342
6462 12623 88
6462 8639 267
6462 4547 316
6463 3351 103
6464 7346 885
6464 3407 830
6464 15465 725
6466 7849 242
6466 7444 438
6466 8452 684
6466 7947 710
6466 4295 22
6467 8746 573
6467 9443 439
6467 9537 6
6467 3300 257
6467 9920 585
6468 8869 165
6468 10692 193
6468 10388 180
6468 2773 930
6469 6868 167
6469 7933 75
6469 8820 764
6469 2313 642
6469 10746 665
6470 15155 946
6470 13080 50
6470 5252 371
6470 10141 126
6470 225 86
6471 4216 619
6471 14287 455
6472 9380 693
6472 10179 884
6473 3960 596
6473 13468 809
6473 11544 850
6473 3500 956
6473 7998 209
6473 6346 67
6474 14085 669
6474 9485 632
6474 5213 202
6474 13072 363
6474 3019 521
6475 8520 1
6475 14923 230
6475 11600 442
6475 2939 244
6475 360 426
6476 5789 639
6476 10178 68
6476 12727 59
6477 7524 611
6477 13395 135
6477 11754 529
6477 3903 682
6477 15386 463
6477 5332 584
6477 7633 247
6478 12655 618
6478 14571 810
6479 14454 9
6479 8418 628
6479 1100 487
6480 9189 121
6480 10558 125
6480 15965 579
6480 12764 576
6481 726 733
6481 718 882
6481 5929 637
6481 15187 246
6481 3583 822
6481 9914 593
6482 2885 320
6482 1643 6
6482 3286 678
6482 861 312
6483 653 914
6483 8085 877
6483 15977 268
6483 6735 618
6483 13274 45
6483 15741 365
6483 6928 626
6484 4012 715
6485 12038 242
6485 11027 278
6485 15961 654
6485 1289 424
6485 6313 579
6486 9879 476
6486 3367 807
6486 15173 809
6487 10837 495
6487 772 464
6487 12414 34
6487 8043 449
6488 8412 263
6488 11382 114
6488 5359 26
6488 9868 859
6488 6741 600
6488 5844 522
6488 6666 660
6489 11561 447
6489 5685 237
6489 2230 401
6490 222 545
6490 2674 461
6491 8125 785
6491 7720 785
6491 15113 214
6491 13001 622
6491 8110 327
6491 5405 324
6491 4697 548
6492 2090 789
6492 1069 796
6492 6683 142
6492 14067 548
6492 6251 54
6493 72 142
6493 2888 474
6493 1251 787
6494 13828 702
6494 2104 943
6494 2082 838
6495 11162 601
6495 7917 959
6496 15623 521
6496 8899 148
6496 12286 115
6496 8528 196
6496 1847 369
6496 1428 767
6497 5752 806
6497 2814 113
6497 10213 203
6497 14492 973
6497 1776 876
6497 15709 672
6498 8165 678
6499 13424 92
6499 2845 41
6499 14887 112
6499 6533 824
6499 14501 296
6500 1271 930
6500 7663 239
6500 1697 6
6500 6213 782
6501 1982 278
6501 13228 852
6501 14323 798
6501 10310 58
6501 4318 359
6501 7915 917
6501 14227 678
6501 309 184
6501 6340 649
6501 15449 396
6502 10320 816
6502 7082 516
6502 11423 426
6502 12522 996
6502 3491 116
6503 9186 286
6503 3257 98
6503 3125 523
6503 4305 732
6503 2529 166
6504 375 34
6504 1273 888
6505 15059 423
6505 6633 266
6505 1739 44
6505 2965 284
6505 1491 721
6505 11306 876
6506 13853 761
6506 13571 600
6506 14576 454
6506 6671 1
6506 1227 349
6507 13858 535
6507 4862 651
6507 5640 513
6507 14721 477
6508 8429 513
6508 8959 945
6508 3634 322
6508 406 140
6508 5696 306
6509 3773 464
6509 2380 270
6509 8722 629
6509 6642 717
6509 302 108
6509 9683 565
6510 10062 789
6510 3440 150
6510 6672 619
6510 2786 324
6510 12804 706
6511 15067 784
6511 6801 884
6511 15895 659
6511 2549 36
6512 899 451
6512 781 12
6512 11223 898
6512 1595 344
6512 5757 576
6513 9689 956
6513 3048 679
6513 14231 240
6514 8231 771
6514 9797 598
6514 6943 186
6514 15660 812
6514 4391 147
6515 1072 759
6515 8374 296
6515 682 233
6515 6148 685
6515 10941 194
6515 6056 67
6515 8003 973
6515 11546 748
6515 9945 467
6515 6243 887
6515 11904 449
6516 8019 946
6516 3059 118
6516 6671 115
6517 2704 949
6517 13113 607
6517 10334 727
6517 13569 447
6517 8318 11
6517 1200 677
6517 6693 699
6517 1787 476
6518 13824 52
6518 5093 408
6518 13343 575
6518 6511 471
6519 2920 422
6519 5035 130
6519 5870 625
6519 12602 3
6519 1660 130
6519 3776 547
6519 443 451
6519 9558 443
6519 9290 865
6519 14895 417
6519 6502 890
6520 8500 494
6520 689 270
6520 11389 382
6520 5789 752
6520 5797 642
6521 6365 38
6521 8445 855
6521 10403 804
6521 10622 860
6521 9074 320
6522 11892 136
6522 2183 750
6522 8029 882
6522 3517 280
6523 4700 142
6524 9949 827
6524 3155 409
6524 1076 619
6525 9057 727
6525 9080 96
6525 12205 595
6525 7249 891
6526 15863 501
6526 14725 744
6527 2590 820
6527 15208 511
6527 7114 562
6528 1570 491
6528 14598 877
6528 6568 789
6529 7490 181
6529 7151 474
6530 13175 352
6530 2268 959
6530 11552 417
6530 5073 84
6530 15176 670
6531 15130 76
6531 15765 398
6532 11484 587
6532 5344 123
6532 13256 641
6533 10034 855
6533 10843 811
6533 5177 993
6533 5122 673
6533 11743 868
6533 10619 675
6534 3195 146
6534 12633 679
6535 10565 700
6535 9733 715
6535 2540 780
6535 13471 163
6535 3387 586
6535 14375 309
6536 14154 862
6536 5291 466
6536 2978 702
6536 3214 374
6537 11372 599
6537 9281 157
6537 13551 384
6537 11161 996
6538 212 19
6538 657 858
6538 11679 310
6539 15256 157
6539 4099 966
6539 3674 310
6539 385 317
6540 5232 184
6540 175 873
6540 14871 981
6540 6187 435
6540 3837 218
6541 13262 687
6541 9627 223
6541 12004 877
6541 9467 374
6541 15075 57
6542 12088 595
6542 1934 454
6543 193 999
6543 11013 286
6543 4475 775
6544 1566 885
6544 1587 996
6544 7716 625
6544 8379 523
6545 5094 743
6545 6416 428
6545 12582 6
6545 9550 560
6545 6767 603
6545 7004 967
6547 882 197
6547 10175 367
6548 14396 337
6548 6022 634
6549 397 58
6549 6240 9
6549 509 13
6550 4423 649
6550 591 771
6551 7157 322
6552 5722 691
6552 11087 893
6552 11711 195
6552 9969 352
6552 12799 905
6552 14973 432
6553 6354 624
6553 13762 543
6553 4069 274
6553 5057 813
6553 12361 683
6554 12152 419
6554 15863 241
6554 249 977
6554 8624 151
6555 5595 127
6555 10363 840
6555 1832 332
6555 15010 824
6555 9512 885
6555 3701 60
6555 14532 215
6556 5333 275
6556 9177 436
6558 2315 363
6559 944 752
6559 1726 466
6559 2718 137
6559 9996 756
6559 9615 263
6559 2100 186
6559 842 927
6560 1597 897
6560 173 842
6560 7854 361
6560 2067 584
6561 13334 108
6561 12798 174
6561 2869 302
6561 8978 163
6562 15181 312
6562 6203 910
6562 7340 487
6562 9572 19
6562 10688 809
6562 14122 865
6562 12832 301
6562 3403 292
6563 5680 342
6563 6296 76
6564 9997 955
6564 10510 160
6564 7091 215
6564 1936 791
6565 5011 742
6565 6767 622
6565 12112 175
6565 7383 917
6565 15717 306
6565 399 603
6565 5258 700
6566 8498 254
6566 12177 148
6566 11527 646
6566 10078 250
6566 8904 639
6567 11152 529
6567 11160 443
6568 11402 574
6568 13496 854
6569 12797 205
6569 3486 957
6569 6135 925
6570 9073 541
6570 10257 406
6571 8188 753
6571 13394 785
6571 8354 905
6571 2478 676
6572 9031 841
6572 15312 570
6572 7630 513
6572 6053 467
6573 1709 427
6573 15388 626
6574 4965 122
6574 1569 622
6574 434 432
6574 7274 588
6575 6710 720
6575 13812 844
6575 2205 66
6575 10358 974
6575 4832 692
6576 6038 78
6576 10891 156
6576 2358 558
6576 14639 318
6576 4609 977
6577 287 267
6577 9967 750
6577 1550 854
6577 10 477
6578 3156 165
6578 7240 263
6578 2560 163
6578 3459 223
6578 6243 788
6579 1240 526
6579 3049 970
6580 12159 794
6580 14882 740
6580 6637 577
6580 15909 884
6580 7173 948
6581 8107 549
6581 13690 818
6581 52 944
6581 10251 231
6583 3550 63
6584 1650 813
6584 11813 223
6584 2768 498
6584 13117 520
6585 10276 394
6586 15623 902
6586 7571 893
6586 7213 966
6586 10524 296
6586 11530 349
6587 2668 259
6587 5514 676
6587 7234 536
6587 14017 136
6587 11079 395
6587 9799 298
6587 4831 10
6587 8150 458
6588 1429 587
6588 10225 173
6588 5093 235
6588 11909 444
6589 2794 950
6589 7049 546
6589 1794 953
6589 8850 844
6589 9719 342
6589 9387 263
6590 15179 973
6590 13867 554
6591 15330 849
6591 8446 417
6591 15053 839
6592 14158 355
6592 1574 423
6593 12628 805
6593 8853 129
6593 11406 655
6593 10322 652
6594 12206 287
6594 8330 145
6594 3283 324
6594 5797 467
6594 763 990
6595 9383 232
6595 13397 771
6595 11888 230
6595 3540 876
6595 14854 892
6596 13944 655
6596 9741 768
6596 5509 60
6596 4570 264
6596 10840 192
6596 8981 762
6596 3905 782
6596 4870 347
6597 9517 634
6597 644 501
6598 7956 337
6598 14374 408
6598 1818 248
6598 7303 747
6598 268 397
6598 14391 966
6598 5616 796
6599 3559 273
6599 2763 45
6599 10671 46
6599 3922 963
6600 2204 831
6600 12548 36
6600 1257 608
6600 8044 785
6600 4571 291
6601 11468 380
6601 10943 717
6602 7039 371
6603 10012 258
6603 1557 539
6604 2732 49
6604 10274 100
6604 15571 588
6605 14371 251
6605 3005 15
6605 7970 494
6606 1059 787
6606 3623 935
6607 8000 381
6607 11699 232
6607 2439 368
6607 8991 634
6607 14398 159
6607 12373 903
6607 5237 893
6607 8604 830
6608 2478 945
6608 5 202
6608 12790 106
6608 12609 391
6608 4601 417
6609 8648 691
6609 14665 749
6609 8850 765
6610 5111 863
6610 6833 715
6610 2587 585
6611 14500 410
6611 10534 286
6611 15620 770
6611 15161 419
6612 122 582
6612 15952 572
6613 4261 686
6613 8931 197
6613 8492 89
6613 6779 987
6613 13901 853
6613 10904 688
6614 761 245
6614 8367 657
6614 9117 963
6614 13883 454
6614 13175 346
6614 13267 120
6615 13456 512
6615 2400 844
6615 2199 664
6615 598 45
6615 9758 152
6615 9490 600
6615 3824 395
6616 10320 963
6616 5761 505
6616 96 435
6616 10512 403
6616 9270 135
6617 11848 712
6617 12962 872
6617 4202 580
6617 13444 512
6618 6671 986
6618 9724 971
6618 12084 194
6618 1166 422
6618 2443 12
6618 3789 442
6619 12554 495
6619 959 560
6620 718 584
6620 5623 796
6620 12558 328
6621 2370 702
6621 6033 416
6622 11951 785
6622 5538 173
6622 30 56
6622 7059 679
6623 2408 708
6623 7872 248
6624 7489 985
6624 12300 126
6624 4501 870
6624 11109 662
6625 5115 172
6626 2986 169
6627 2362 526
6628 14662 395
6628 7993 39
6628 10432 950
6628 13908 16
6629 2351 351
6629 13992 625
6629 1778 228
6629 4099 275
6629 2148 657
6629 9684 960
6630 11906 383
6630 4066 546
6630 12325 817
6631 15109 993
6631 12804 864
6631 9065 929
6631 10114 77
6631 10818 812
6631 15659 102
6631 5061 354
6631 13714 321
6632 13676 565
6632 12995 41
6633 1287 464
6633 1151 195
6633 5103 694
6633 11958 516
6633 11545 482
6634 9782 274
6634 1981 333
6634 15131 526
6634 14013 406
6634 7856 769
6635 1456 520
6635 2424 551
6635 13144 256
6636 3843 286
6636 3822 875
6636 7624 907
6637 12804 578
6637 11526 448
6637 11215 750
6637 4542 801
6637 906 771
6638 7390 490
6638 12434 144
6638 7847 35
6638 7357 137
6638 14189 870
6639 15328 137
6639 6662 633
6639 12970 262
6640 1464 829
6640 15545 832
6641 10097 105
6641 3438 315
6642 9800 352
6642 9527 297
6642 8194 632
6642 1181 567
6642 14570 622
6643 4504 843
6643 9697 392
6643 6676 767
6644 8684 627
6644 1070 355
6644 14493 211
6644 10660 119
6644 11491 162
6644 14297 285
6644 13951 885
6644 14207 37
6645 7745 159
6645 1465 305
6645 6226 508
6646 929 308
6646 4409 947
6646 2807 65
6646 6443 153
6646 5787 250
6646 9174 207
6646 1613 990
6646 6999 73
6646 10613 890
6647 4426 730
6647 11971 511
6647 13534 65
6647 14495 798
6647 14797 567
6647 2835 513
6648 3691 430
6648 9848 433
6648 3068 961
6649 9507 248
6650 2579 43
6650 7200 186
6650 9682 487
6650 1840 180
6650 7531 578
6650 7026 788
6651 15322 961
6651 14142 48
6651 13371 651
6651 5591 561
6652 5039 347
6652 1184 173
6652 15618 878
6653 9197 147
6653 8924 37
6654 1653 135
6654 2708 632
6654 9176 79
6654 8718 245
6654 15227 691
6654 15914 522
6655 2639 548
6655 8795 989
6655 5933 857
6655 3011 708
6655 10042 1
6655 14092 151
6655 6100 589
6656 14331 477
6656 2423 129
6656 8600 131
6656 12101 59
6656 5520 472
6656 7850 718
6657 13193 422
6657 921 363
6658 8623 990
6658 11479 887
6658 8098 307
6658 12789 128
6658 4820 704
6659 12358 967
6659 14781 320
6659 9866 629
6659 12298 74
6659 1700 996
6659 15978 757
6660 9524 250
6660 8147 703
6660 2933 329
6661 2113 828
6661 13432 939
6661 14542 865
6662 15198 809
6662 15017 787
6662 15046 917
6662 591 212
6662 4253 946
6663 7632 194
6663 5024 957
6663 12798 817
6663 318 128
6664 6547 493
6664 11097 856
6664 14956 693
6665 11893 311
6665 9522 694
6665 6574 979
6665 7485 752
6665 5685 911
6665 5630 595
6666 14582 650
6666 11408 528
6667 13284 544
6667 11708 552
6668 15850 901
6668 2916 687
6668 11594 169
6668 1488 716
6669 8718 236
6669 384 500
6671 14668 86
6671 9453 322
6671 9441 758
6671 9823 898
6672 2100 822
6672 399 792
6672 9382 686
6673 5406 374
6673 4386 792
6673 8219 833
6674 13810 462
6674 353 848
6674 5299 475
6674 15720 347
6674 7978 993
6675 5983 22
6675 7523 729
6675 9493 132
6675 15751 706
6676 2084 437
6676 11479 786
6676 6886 70
6677 3440 222
6677 32 383
6677 3218 576
6677 1910 461
6677 8330 798
6678 6824 71
6678 8032 81
6678 4269 265
6678 9344 432
6678 14377 202
6680 9931 867
6680 13696 566
6680 1013 147
6680 843 561
6680 7236 140
6680 2866 56
6680 4522 523
6680 507 279
6681 13189 118
6681 8757 383
6681 3928 746
6681 8359 573
6681 6416 280
6681 8647 324
6681 13834 426
6682 10398 788
6682 12789 773
6682 2450 608
6682 909 21
6682 2294 716
6682 7583 920
6683 5806 225
6684 7959 450
6684 9058 484
6684 1687 75
6685 5019 455
6685 12438 770
6685 7508 545
6685 11802 816
6686 2939 99
6686 670 536
6686 5849 41
6686 5397 595
6687 11988 953
6687 12910 633
6687 5690 877
6687 10625 782
6687 15516 626
6687 13308 585
6688 6373 972
6689 4604 943
6689 3921 177
6689 2464 215
6689 1969 691
6690 1756 835
6690 10925 798
6690 8146 348
6690 1757 700
6691 5040 856
6691 8053 59
6691 9095 489
6691 12146 830
6691 10988 327
6691 15285 527
6691 11077 951
6691 11981 566
6692 9495 427
6692 5100 235
6692 13740 731
6693 14984 294
6694 720 10
6694 13495 167
6694 11542 172
6694 3000 999
6695 3614 617
6695 6264 207
6695 14208 310
6696 10509 104
6696 49 612
6696 2803 609
6696 5845 1
6696 3236 673
6696 9175 548
6697 1749 824
6697 13007 801
6697 1171 263
6698 12976 888
6698 11919 755
6699 7515 968
6699 387 384
6701 8044 324
6701 1511 468
6701 4396 233
6701 3954 839
6702 12315 39
6703 4875 274
6703 8338 318
6703 15009 901
6703 13661 442
6703 4555 340
6703 2361 430
6703 12123 255
6704 12291 153
6704 1572 430
6704 13642 77
6704 15076 146
6705 7720 786
6706 2297 626
6706 8130 572
6707 5137 770
6707 11147 739
6707 11854 673
6707 9368 57
6707 968 454
6708 8977 238
6709 3021 128
6709 15816 811
6709 10403 153
6709 9043 636
6709 7544 952
6709 15653 980
6709 8074 154
6710 9845 930
6710 5217 807
6710 12217 311
6711 4590 102
6711 10194 99
6711 14893 421
6711 154 416
6711 6341 124
6712 9272 459
6712 3799 10
6712 1022 663
6712 5795 291
6712 145 843
6712 7841 576
6712 4314 490
6712 13161 245
6713 4354 592
6713 8672 382
6713 1337 799
6713 4250 599
6713 6416 186
6714 14346 721
6714 691 66
6714 8746 862
6714 5838 426
6714 6046 861
6714 2594 664
6714 11677 109
6715 6889 850
6715 3666 987
6716 13649 803
6716 12299 517
6716 15894 107
6716 14424 171
6716 4020 870
6716 16 670
6717 10251 426
6717 13765 20
6717 15807 770
6718 4968 859
6718 1824 145
6718 12229 781
6719 8336 362
6719 10250 804
6719 13726 491
6719 12298 627
6719 1416 429
6719 10561 681
6720 8955 451
6720 7631 547
6720 9150 892
6720 8006 669
6720 6901 710
6720 6161 377
6721 1750 591
6722 1829 423
6722 3421 294
6723 2672 432
6723 9312 491
6723 9307 197
6723 9104 600
6724 6650 522
6724 9605 876
6724 15253 49
6724 15167 441
6725 2305 880
6725 7243 368
6725 3273 978
6726 12896 121
6726 3263 435
6726 3899 651
6726 14296 971
6726 10083 319
6726 14147 36
6727 8098 928
6727 14210 21
6728 5448 320
6728 11888 894
6728 10437 821
6728 1376 393
6728 13659 642
6729 8443 222
6729 5629 128
6730 4537 839
6731 12469 835
6731 8130 176
6732 2256 876
6732 3078 783
6732 12357 467
6732 5668 13
6732 12739 618
6732 1816 93
6733 11377 484
6733 6969 98
6733 6361 820
6734 6861 670
6734 2704 132
6734 1432 685
6734 3276 949
6734 6000 934
6734 13711 844
6734 8127 96
6735 11870 365
6735 15948 792
6735 2155 306
6735 9256 486
6735 12351 749
6736 6209 812
6736 2561 597
6736 14685 166
6737 12136 455
6737 910 744
6738 11936 366
6738 12639 456
6738 7829 119
6738 4892 928
6739 1559 702
6739 8676 910
6739 15454 124
6739 937 588
6739 13608 916
6739 6556 109
6740 15114 280
6740 14524 627
6740 13344 868
6740 708 642
6741 4971 423
6741 2813 548
6741 8692 648
6741 8043 324
6742 13310 128
6742 15100 592
6742 15091 459
6742 13914 75
6742 824 697
6743 9740 724
6743 11642 45
6744 8772 802
6744 5925 228
6745 681 823
6745 4305 690
6745 1138 133
6745 11365 81
6745 9220 909
6746 671 796
6746 5574 413
6746 13857 612
6746 5837 558
6747 13689 347
6747 492 568
6748 1889 115
6748 2358 291
6748 6761 530
6748 8345 539
6749 9349 396
6749 1226 845
6749 10231 601
6750 3166 52
6750 12942 813
6750 3754 928
6751 14609 566
6751 4550 374
6751 15179 419
6751 14624 638
6751 6128 702
6751 1952 294
6752 10254 643
6753 11000 276
6754 1486 850
6754 4172 535
6755 5460 541
6755 15884 522
6755 4245 999
6755 12361 83
6755 10994 288
6755 14478 808
6755 10354 276
6756 13572 428
6756 4555 524
6756 12374 457
6757 8811 191
6757 10738 600
6757 2579 219
6757 5585 165
6757 15593 599
6757 12462 6
6757 10184 919
6758 189 468
6758 12407 802
6758 6927 706
6758 5778 166
6758 2703 813
6759 14290 627
6759 3479 149
6760 8161 959
6760 5728 627
6760 13699 91
6760 9774 450
6760 3440 116
6760 5048 448
6761 10085 164
6761 7980 276
6761 13576 484
6761 13480 17
6761 7270 696
6761 6470 783
6762 6152 661
6762 13197 54
6762 14679 913
6762 7607 860
6762 4591 891
6762 5324 92
6763 10226 265
6763 14114 582
6763 14240 831
6763 5605 787
6764 15977 221
6764 8149 766
6765 10075 317
6765 14130 480
6765 8741 301
6765 6214 926
6765 7785 756
6765 8294 104
6765 12957 369
6765 13643 92
6766 9470 634
6766 8463 368
6767 1244 325
6767 3025 472
6767 237 881
6768 5832 310
6768 14763 147
6768 967 295
6769 12378 613
6769 2954 179
6769 9364 560
6769 12105 266
6769 8216 704
6769 11037 228
6770 6741 465
6770 11590 506
6770 11228 880
6771 9115 804
6771 6469 362
6772 13350 689
6772 12802 295
6772 11856 200
6772 4147 777
6772 13574 753
6772 6905 842
6772 9067 383
6773 1917 979
6773 6583 142
6773 404 631
6774 7233 952
6774 15391 347
6774 13678 260
6774 9522 180
6775 526 673
6775 4495 991
6776 1899 414
6776 5396 723
6776 6421 905
6777 4487 484
6777 1305 336
6778 13269 358
6778 14126 759
6778 12571 585
6778 10850 251
6778 5476 251
6779 5155 104
6779 952 833
6779 3150 99
6779 14480 987
6780 10446 58
6780 363 216
6780 1511 183
6780 15023 149
6780 10080 757
6781 9330 950
6781 4828 916
6781 5964 716
6783 475 851
6783 13193 181
6783 15194 584
6783 2111 609
6784 4228 677
6784 3053 481
6785 6364 972
6785 8677 138
6786 1730 477
6786 2379 417
6786 4017 151
6786 1529 617
6786 12483 885
6786 1274 147
6787 4298 838
6787 3128 139
6788 4261 873
6788 2770 410
6788 13875 624
6789 13975 952
6789 7785 759
6790 9698 973
6790 7353 21
6790 2393 237
6790 2164 767
6790 978 969
6790 12724 435
6790 8612 424
6791 883 721
6791 14772 145
6791 13353 953
6792 4323 978
6792 10351 127
6792 279 666
6792 1635 675
6793 4661 39
6793 2272 683
6793 12256 714
6794 13954 936
6794 15992 636
6794 7200 281
6794 8693 119
6794 3751 46
6795 14154 880
6795 5997 606
6795 10329 940
6795 8379 380
6795 1794 542
6796 11322 494
6796 5842 699
6796 15415 112
6796 10244 777
6796 14882 996
6797 10508 248
6797 9339 400
6797 1173 554
6797 6808 703
6797 4564 676
6797 954 805
6797 10630 135
6797 9940 523
6798 3488 459
6798 11468 409
6798 4357 663
6799 10537 852
6799 4547 667
6799 12691 313
6799 13944 604
6800 15358 391
6800 5836 659
6800 14342 467
6801 15646 684
6801 10332 459
6801 703 785
6802 14576 828
6802 14693 725
6802 11164 694
6803 8351 300
6803 1083 237
6803 1024 769
6803 10027 391
6804 1354 915
6804 12460 618
6805 2496 943
6805 12831 100
6805 1458 900
6805 6519 498
6806 5536 142
6806 9719 384
6806 4438 354
6806 969 144
6806 12497 532
6806 11363 359
6806 4729 120
6806 10051 89
6808 12442 638
6808 4191 2
6809 5850 809
6809 11836 458
6809 12027 725
6810 13132 549
6811 15201 587
6811 3740 100
6811 13075 707
6811 2228 708
6811 7674 670
6811 3068 197
6812 5839 626
6812 8810 60
6812 9911 342
6813 5187 59
6813 1415 530
6813 896 801
6814 6487 846
6814 6138 813
6815 2158 533
6815 13888 486
6816 6116 125
6816 15577 271
6816 10085 330
6817 13299 974
6817 13164 199
6817 12418 410
6817 13842 417
6817 12233 208
6818 11516 720
6818 12993 221
6818 7133 444
6818 7242 973
6819 4745 191
6819 11233 306
6819 10021 392
6819 8698 76
6819 1937 127
6820 2421 256
6820 1741 1000
6820 12749 28
6820 11997 615
6821 2692 869
6821 7772 249
6821 5123 977
6822 10416 142
6823 11631 317
6823 8155 149
6823 12139 2
6823 1363 589
6823 9796 773
6824 10500 911
6824 12551 803
6824 10523 926
6824 6550 231
6824 13178 464
6825 1938 209
6825 3173 750
6825 5638 30
6826 7075 261
6826 9574 758
6827 11783 826
6827 13403 760
6827 10712 105
6827 1721 112
6827 2828 44
6828 8460 31
6828 11116 90
6828 14685 221
6829 628 241
6829 13741 846
6829 5497 654
6830 12485 837
6830 531 251
6830 11911 273
6830 14743 56
6831 14304 45
6831 9821 858
6831 15777 449
6831 14870 606
6831 9558 154
6831 10744 838
6832 10394 731
6832 10932 280
6832 7751 418
6832 9427 713
6833 9877 160
6833 5764 674
6834 12292 858
6834 5680 807
6834 13654 203
6834 6209 469
6835 1834 402
6835 13331 586
6835 10320 152
6836 4215 438
6836 1538 802
6837 5661 333
6837 15023 940
6837 15746 453
6838 6254 200
6838 3611 412
6838 13093 502
6839 11511 873
6839 10170 611
6839 1471 814
6839 11575 343
6839 3331 236
6840 13822 340
6840 3188 840
6840 443 706
6841 6628 225
6841 3533 389
6841 3439 309
6841 8035 381
6841 6864 479
6842 3166 188
6842 97 307
6842 14193 380
6843 5493 837
6843 1805 8
6843 2836 985
6844 3453 15
6845 12015 187
6845 15023 659
6845 11292 398
6845 12479 2
6845 8824 451
6845 4568 257
6845 8269 344
6845 12195 199
6845 1854 591
6846 809 765
6846 8344 756
6846 8672 935
6846 3623 353
6846 15499 499
6846 7521 850
6846 724 24
6846 4334 450
6847 9027 451
6847 6532 409
6847 2711 550
6848 9296 747
6848 1522 127
6848 14656 413
6848 9712 144
6849 9628 352
6850 3972 510
6850 2776 218
6850 7399 972
6850 3170 340
6851 6532 899
6851 6915 681
6851 7077 307
6851 11271 890
6851 2708 989
6851 15057 626
6852 15836 661
6852 3736 554
6853 11557 622
6853 12155 90
6853 2904 24
6853 15613 874
6855 11073 547
6855 15523 126
6855 1652 566
6855 14647 860
6855 1405 261
6855 6315 367
6855 4275 335
6856 557 860
6856 14007 918
6856 8810 89
6856 32 976
6856 12310 211
6857 13591 140
6857 6176 538
6857 6677 273
6857 6043 413
6858 8844 646
6858 8429 384
6858 14269 554
6858 774 70
6858 13561 927
6859 9798 7
6859 7741 980
6860 3310 822
6860 6522 339
6860 15026 915
6860 5877 712
6861 15910 225
6861 4390 292
6861 15902 20
6862 7886 649
6862 3978 716
6862 7466 658
6862 15320 429
6862 14540 635
6862 2965 597
6863 5162 301
6863 14554 478
6863 11229 898
6863 4505 409
6864 945 837
6865 11889 958
6865 10086 946
6865 14790 502
6866 13829 283
6866 5384 658
6866 7551 137
6867 3426 255
6867 3735 815
6867 7970 395
6867 2880 649
6867 11655 387
6868 197 445
6868 7296 879
6868 903 898
6868 8107 743
6868 6668 740
6868 14120 651
6869 12936 938
6869 3576 377
6869 9091 371
6869 8156 283
6869 955 819
6869 4153 618
6870 1626 28
6870 805 973
6871 211 976
6871 15311 174
6871 5021 95
6871 2789 533
6871 13405 998
6871 10446 21
6871 9288 817
6872 2480 155
6872 5565 820
6872 14611 670
6873 10271 778
6873 11103 64
6873 4368 225
6873 14245 5
6873 10422 130
6874 15621 774
6874 2282 96
6875 8985 20
6875 2854 276
6876 14280 71
6876 10527 553
6876 1954 999
6876 10914 497
6876 14546 270
6876 4250 567
6877 4703 662
6877 2981 982
6877 15820 615
6877 14099 84
6877 2949 76
6877 11954 178
6877 9355 152
6877 15540 90
6878 5806 838
6878 8686 359
6878 1740 145
6878 12864 784
6878 412 227
6879 8060 221
6879 5669 976
6880 12508 225
6880 8130 308
6880 10768 625
6880 7787 734
6880 4804 763
6881 7777 327
6881 4471 948
6881 11311 836
6881 4653 798
6882 9228 344
6882 15117 476
6882 8568 888
6883 11768 421
6883 12173 95
6884 4039 872
6884 7182 48
6884 7986 469
6884 208 184
6884 1524 574
6884 5733 984
6884 2700 292
6885 12165 71
6885 12556 29
6885 2946 6
6885 15879 728
6885 10592 669
6885 4736 422
6886 3206 350
6886 4213 288
6886 3089 154
6886 2733 772
6886 7758 606
6886 4507 161
6886 3054 469
6887 3939 240
6887 668 277
6888 12711 53
6888 10218 269
6888 1579 695
6888 10547 887
6889 14783 322
6889 6130 320
6889 1705 166
6889 3197 776
6889 9092 519
6889 6162 748
6889 680 64
6890 10529 789
6890 13246 148
6890 10149 811
6890 10661 839
6890 14868 839
6890 1533 967
6891 13156 325
6891 13695 800
6891 4718 208
6892 13387 932
6892 937 485
6892 14361 988
6892 2475 145
6892 4749 528
6892 5521 11
6893 8317 761
6893 14022 961
6893 7090 40
6893 14778 407
6893 4775 561
6893 10732 520
6894 15099 302
6894 2808 981
6894 558 391
6895 6836 869
6895 11290 653
6895 10509 148
6895 9925 503
6896 1938 841
6896 464 197
6897 7534 802
6897 8613 985
6898 8527 784
6898 3433 358
6899 2412 162
6899 14480 609
6899 1535 417
6899 10318 685
6900 7191 421
6900 4454 638
6900 9598 659
6900 9048 927
6900 14993 310
6900 1155 249
6901 10346 193
6901 10053 465
6901 7694 600
6902 15778 111
6902 6069 318
6902 6627 446
6903 6471 134
6904 7231 130
6904 15000 557
6905 9495 783
6905 10950 805
6905 7854 630
6905 1318 655
6905 6494 514
6906 10825 206
6906 9100 229
6906 7194 104
6906 7266 163
6907 5164 718
6907 9975 384
6907 8660 118
6907 4726 976
6907 6285 351
6907 5048 23
6907 15025 658
6907 9325 533
6907 1798 435
6908 9770 421
6908 7837 8
6908 1497 262
6908 11157 441
6908 3370 317
6908 10598 904
6908 2782 284
6908 4319 13
6909 92 976
6909 12668 385
6910 15730 842
6910 4932 827
6910 12755 75
6910 10146 228
6911 2198 982
6911 9639 325
6912 11147 714
6912 9815 51
6912 15305 617
6912 5142 71
6912 11730 910
6912 14946 709
6912 4883 264
6912 7310 34
6913 4074 371
6913 4923 162
6913 8699 998
6913 13599 36
6913 10707 924
6914 2393 74
6914 8987 384
6915 5568 494
6916 1720 476
6916 12117 300
6916 13737 726
6916 9067 868
6916 1236 99
6916 10360 830
6917 15314 135
6917 5401 116
6917 10030 835
6917 3903 522
6917 13332 290
6917 12810 180
6917 11883 621
6918 122 911
6918 2812 729
6918 447 617
6918 932 747
6918 10851 927
6918 9378 939
6918 12873 763
6918 1476 815
6918 14784 195
6919 12668 507
6920 5432 627
6920 10071 307
6921 8069 887
6921 4136 332
6921 14987 541
6921 10671 118
6922 6613 85
6922 14391 251
6922 14520 696
6923 14691 189
6923 1547 106
6923 15845 633
6923 13468 136
6923 8060 195
6923 13379 510
6924 1066 394
6924 6971 145
6924 10926 302
6924 1682 786
6924 11968 931
6924 647 701
6924 10832 135
6924 5980 272
6924 8799 628
6925 9679 708
6925 3900 19
6925 11848 538
6925 4784 917
6925 6650 614
6925 15383 798
6926 2318 409
6927 10497 682
6927 2132 331
6927 11412 451
6927 15505 629
6927 7870 164
6927 8910 268
6927 12250 703
6927 1548 276
6928 6678 842
6928 8261 964
6928 8877 969
6928 9532 913
6929 14483 661
6929 2161 173
6929 12728 866
6930 7358 701
6930 8421 578
6930 7183 712
6930 13657 149
6930 1595 478
6931 6680 722
6931 2207 733
6932 14652 201
6932 9837 720
6932 13936 408
6932 7059 541
6933 13494 508
6933 15079 853
6934 8809 323
6934 4478 309
6934 2339 179
6934 2566 987
6934 1479 271
6935 10641 424
6935 12130 545
6935 5596 861
6936 11836 199
6936 9949 703
6936 7321 200
6936 8104 265
6937 8572 785
6937 13497 81
6937 5040 281
6937 8873 910
6938 11836 317
6938 13219 262
6939 1183 87
6939 787 122
6939 1018 383
6939 15577 860
6940 887 682
6940 4951 367
6940 593 891
6940 10101 668
6940 11348 641
6940 12796 140
6940 12587 124
6941 10250 403
6941 15415 354
6941 8694 820
6941 8169 248
6941 1318 575
6942 7748 548
6942 6069 697
6942 4184 860
6943 10394 921
6943 1226 925
6943 7689 843
6943 4896 897
6943 10272 442
6944 6533 646
6944 10666 191
6944 8066 952
6945 3861 89
6945 3100 111
6945 7922 597
6945 14848 945
6945 3563 953
6946 5809 754
6946 1720 406
6946 3174 131
6947 12367 96
6947 13662 376
6947 9889 746
6947 282 658
6947 1681 739
6948 8304 995
6949 8630 901
6949 14334 341
6949 14736 41
6949 4570 345
6950 1095 778
6950 3197 514
6950 9063 158
6950 6605 694
6951 10887 76
6951 9129 457
6952 10179 614
6952 2630 828
6952 2534 652
6952 5387 369
6952 8020 943
6952 1287 421
6952 4128 473
6952 11634 683
6952 577 523
6953 12005 904
6953 366 552
6954 374 401
6954 4604 175
6954 10789 833
6954 784 77
6954 15622 27
6955 14018 121
6955 1637 987
6955 3323 646
6955 15919 32
6955 8366 974
6955 6640 974
6955 13485 546
6955 9407 854
6955 11924 159
6956 8316 21
6956 8636 976
6957 3249 15
6957 2921 302
6957 12065 141
6958 11784 955
6958 2302 549
6958 14336 839
6959 9812 977
6960 1502 767
6960 15090 970
6960 13319 370
6960 3006 332
6960 6835 944
6960 10491 72
6961 14159 133
6961 10721 727
6961 12032 592
6961 5928 28
6962 14976 440
6962 15679 670
6962 10341 973
6962 5918 782
6962 13665 562
6963 8450 713
6963 10837 606
6964 11103 205
6964 10511 679
6964 7001 34
6964 9201 182
6964 2302 726
6964 3150 58
6965 850 423
6965 15644 8
6965 15488 371
6966 14519 513
6966 15577 488
6966 13381 770
6966 1875 999
6966 66 532
6967 7624 944
6967 5189 965
6967 5626 46
6967 3948 403
6968 3097 527
6968 4819 122
6968 14608 18
6968 10372 805
6969 10158 880
6969 5311 677
6969 13457 633
6969 3978 537
6969 4610 431
6970 14517 597
6970 3890 186
6970 13441 77
6971 2211 42
6971 6733 139
6971 10489 353
6971 2263 140
6971 6625 938
6971 1649 228
6972 14850 180
6972 4547 614
6973 13758 19
6973 8689 755
6973 6843 657
6973 1266 664
6973 7711 400
6973 920 934
6973 10815 762
6974 6433 582
6974 11968 593
6974 7308 695
6975 3202 978
6975 8563 799
6975 868 510
6975 9604 569
6975 6661 874
6976 9097 226
6976 8739 465
6976 10715 112
6976 7834 257
6976 4835 777
6976 8204 943
6977 7953 18
6977 13268 997
6977 4177 301
6977 10644 360
6977 673 430
6977 2438 907
6977 9375 642
6977 12714 678
6978 14831 506
6978 4228 697
6979 9661 873
6979 15563 293
6980 8 263
6980 13500 418
6980 2082 785
6980 5425 896
6980 3663 893
6981 8211 115
6981 10153 200
6981 1064 265
6981 8515 677
6981 14979 915
6981 6339 200
6981 13659 241
6982 11732 944
6982 12412 242
6982 14590 485
6982 7692 840
6982 5454 4
6982 3765 129
6983 2319 863
6983 11972 806
6983 5539 642
6984 12644 260
6984 777 789
6985 12776 539
6986 15861 420
6986 13181 894
6986 7412 336
6986 11857 124
6986 966 560
6986 865 375
6987 11931 852
6987 11504 357
6987 5971 41
6987 5794 476
6987 8079 31
6989 10357 701
6989 15173 477
6989 15554 248
6989 8932 245
6989 14821 518
6989 6029 394
6991 588 458
6991 12175 817
6991 5448 754
6991 15996 218
6991 10812 250
6992 11218 355
6992 10378 720
6992 6751 505
6992 8353 591
6992 14805 981
6993 11007 96
6993 1152 714
6993 12847 764
6994 1991 848
6994 3003 231
6994 8056 493
6994 8840 975
6995 11971 329
6995 10543 415
6995 13379 727
6995 11293 892
6995 7083 632
6996 3081 627
6996 6541 476
6997 202 133
6997 558 723
6997 12967 520
6997 8140 304
6997 7337 681
6997 2531 722
6998 3590 646
6998 11537 317
6998 1278 216
6998 15461 255
6998 10956 207
6999 11580 61
6999 8586 258
7000 8132 297
7000 14855 634
7001 11621 254
7001 366 843
7001 8157 123
7001 11150 49
7002 5815 205
7002 12509 69
7002 15020 46
7002 7536 806
7002 13580 765
7003 918 172
7003 10546 170
7003 14716 694
7003 11830 955
7003 4086 802
7003 13362 388
7004 7370 95
7004 4568 438
7004 1931 573
7004 9943 566
7004 1685 94
7005 14533 140
7005 3433 63
7005 6978 8
7005 15128 865
7005 2640 492
7005 13549 395
7006 10879 720
7006 11700 509
7006 9463 198
7007 5494 926
7008 2782 534
7009 11476 949
7009 13095 832
7009 13817 500
7009 9266 308
7009 12582 214
7010 15457 789
7010 8831 234
7010 3962 652
7010 4748 406
7010 13253 979
7011 12744 990
7011 1875 183
7011 3844 91
7012 5 956
7012 12986 598
7012 9443 856
7012 14636 696
7012 14680 910
7012 2189 286
7013 4428 672
7013 2747 937
7013 5744 398
7013 11221 297
7014 252 109
7014 9065 182
7014 11038 408
7014 15326 904
7014 10349 360
7014 10274 349
7014 7175 407
7014 5671 853
7014 15619 940
7014 15737 684
7015 13364 633
7015 11540 560
7016 14311 44
7016 13995 794
7016 186 785
7016 5112 413
7017 2502 379
7018 6616 543
7018 7006 106
7018 7430 97
7018 1666 96
7019 12302 331
7019 11235 834
7019 1314 672
7020 13065 597
7020 1963 821
7020 11734 616
7020 7622 541
7020 8169 915
7021 6109 508
7021 11055 202
7021 4094 871
7021 14392 997
7021 1285 442
7022 1650 833
7022 15190 583
7022 771 252
7022 7818 624
7022 11628 343
7022 14651 938
7023 5429 151
7023 1921 751
7023 2663 25
7023 14234 944
7023 2292 882
7023 13774 217
7023 2543 329
7023 10014 504
7024 12124 769
7024 14636 296
7024 15131 959
7024 5735 486
7024 928 81
7024 13651 920
7024 7013 236
7025 2570 733
7025 14661 404
7025 14205 531
7025 7889 459
7026 14620 243
7026 7432 738
7026 6461 742
7026 3201 571
7026 8116 10
7026 7046 757
7026 1196 544
7027 10071 431
7027 6143 418
7027 13387 207
7027 10597 54
7028 13409 733
7028 12224 174
7028 10551 736
7029 9559 940
7029 14360 639
7029 4027 402
7029 10642 852
7030 2600 516
7030 110 153
7031 9879 876
7031 14341 908
7031 2469 19
7031 4519 967
7032 2739 240
7032 3033 259
7032 4932 375
7033 3201 834
7033 1675 90
7033 6454 107
7033 11774 142
7033 12025 263
7033 8566 223
7033 3886 70
7034 6395 958
7034 5164 478
7034 4042 978
7035 407 451
7035 11288 451
7035 6071 311
7036 7774 864
7036 10201 468
7036 4976 488
7036 1665 838
7036 9743 679
7037 2594 748
7037 14695 739
7037 6693 726
7037 3674 431
7037 1626 116
7038 1275 394
7038 6949 702
7039 10729 338
7039 3287 656
7039 14447 839
7039 12348 404
7040 9601 209
7040 1068 423
7040 8954 277
7041 49 698
7041 14999 513
7041 10332 105
7041 12968 819
7041 9522 591
7041 11174 304
7041 1007 638
7042 12060 58
7042 121 664
7042 4642 403
7042 1932 473
7042 756 202
7043 8804 754
7044 12268 932
7044 3758 714
7044 15240 815
7044 14828 471
7044 12711 756
7045 568 607
7045 11094 297
7045 11643 598
7045 4334 415
7045 8200 95
7045 9164 973
7045 15539 501
7046 4557 282
7046 1362 45
7046 1664 414
7046 5131 394
7047 10499 865
7047 6620 74
7047 36 899
7047 935 812
7047 3440 562
7048 6991 387
7048 7239 195
7048 9814 124
7048 10114 659
7048 6740 993
7049 15176 676
7049 705 195
7050 8855 634
7050 8185 80
7051 12824 909
7051 9216 145
7051 2586 68
7051 4836 457
7051 8494 562
7052 7226 511
7052 13536 978
7052 571 256
7053 15597 904
7053 5145 520
7054 15696 982
7055 13620 6
7055 12970 823
7055 4361 588
7055 14914 251
7055 4508 675
7056 11270 800
7056 11539 776
7056 9791 412
7057 3444 452
7057 11077 485
7057 12000 625
7057 3290 753
7057 2119 589
7057 3863 637
7058 7366 949
7058 3749 114
7058 6749 208
7058 11619 157
7058 7424 970
7058 2965 771
7058 12448 586
7058 12282 584
7059 7408 497
7059 12561 538
7059 5583 771
7060 12191 778
7060 7701 141
7060 4043 404
7060 3114 422
7060 3774 711
7060 10251 76
7061 1891 927
7061 8417 738
7062 3649 971
7062 1442 198
7062 1388 688
7063 4271 346
7063 2601 847
7063 4959 735
7063 15626 687
7063 1668 557
7063 1617 175
7064 2168 276
7064 8762 46
7064 7616 957
7064 1725 283
7064 12483 328
7065 6928 352
7065 7279 460
7065 11100 1
7066 15993 548
7066 9611 822
7066 4349 472
7066 6220 797
7066 13992 801
7066 3290 650
7066 9507 471
7066 2293 512
7067 8114 398
7067 9830 622
7067 7536 958
7067 3201 482
7067 6173 25
7068 8655 825
7068 1951 719
7069 5926 289
7069 981 525
7069 2546 469
7069 3013 155
7069 7907 914
7069 10610 31
7070 11021 205
7070 7580 58
7070 15091 189
7070 3091 804
7071 6055 954
7071 12058 778
7072 10634 560
7072 2295 174
7072 8913 609
7072 5152 278
7072 9251 304
7072 12273 81
7072 8597 983
7072 9996 416
7073 14091 786
7073 5184 67
7073 10062 538
7073 4823 596
7073 12692 307
7073 4591 538
7074 13451 961
7074 15556 561
7074 4276 843
7074 3625 474
7074 788 717
7074 6415 55
7074 7685 191
7074 1691 455
7074 10038 237
7075 1555 214
7075 5764 592
7075 755 655
7075 1274 657
7075 1232 547
7075 14371 152
7075 2595 314
7076 11086 733
7077 13218 804
7077 991 292
7077 5742 133
7077 11066 156
7077 6200 13
7077 9059 379
7078 2954 287
7078 11897 759
7078 5721 996
7078 13300 992
7079 2971 217
7079 6221 476
7079 3152 788
7080 7626 549
7081 13031 933
7081 2862 406
7081 14505 917
7081 10613 709
7081 12285 630
7082 5644 878
7082 15294 255
7083 4717 562
7083 9175 952
7084 8222 631
7084 6210 876
7085 13631 453
7085 7801 178
7085 12956 291
7085 3890 43
7085 4065 640
7086 1549 716
7086 910 351
7086 11149 876
7086 6773 210
7087 504 906
7087 8498 914
7088 10688 903
7088 10740 947
7088 8498 35
7088 15795 478
7088 6582 631
7088 7615 59
7089 10055 784
7089 5087 754
7089 9069 264
7090 703 934
7090 290 380
7092 15927 955
7092 1664 312
7092 8552 599
7092 11584 328
7093 5608 4
7093 13080 413
7093 12385 104
7093 389 444
7093 10189 248
7094 10081 895
7094 11094 97
7094 14591 964
7095 15265 655
7095 13411 801
7095 8768 337
7096 13713 852
7096 10206 934
7096 6938 348
7096 2501 923
7097 6900 804
7097 6893 527
7097 3963 534
7097 2691 942
7098 5297 513
7098 5628 377
7098 14794 776
7098 1829 779
7098 13935 550
7098 8307 182
7098 6045 788
7099 3333 669
7100 12349 817
7100 15344 20
7100 12559 849
7101 945 876
7101 12159 359
7101 9363 379
7101 8358 541
7102 15946 541
7102 7165 564
7102 12022 618
7102 13091 832
7102 5808 298
7103 8643 496
7103 8891 155
7104 8316 884
7104 13666 466
7104 4441 689
7104 11520 631
7105 266 641
7105 13290 519
7105 12915 728
7105 13873 353
7105 13182 71
7105 10137 48
7105 3922 582
7105 2289 64
7106 12370 405
7106 6909 248
7106 9461 603
7106 4609 975
7106 9135 470
7106 234 158
7107 11459 571
7107 1157 846
7107 15815 473
7107 11527 392
7107 7629 811
7107 10840 465
7108 8748 630
7108 14302 44
7108 5415 403
7108 13694 885
7109 12591 504
7109 12295 174
7110 8662 400
7110 11234 964
7110 755 478
7110 11861 529
7110 212 463
7110 3491 149
7110 9055 124
7110 4273 846
7111 12009 888
7111 15778 872
7111 2333 251
7112 5306 656
7112 480 674
7112 11201 546
7112 9214 248
7113 8277 702
7113 15835 282
7113 13789 146
7113 393 156
7113 15994 340
7113 11500 520
7113 12495 836
7114 9514 17
7114 6900 323
7114 14952 874
7114 1650 943
7114 13010 708
7114 8352 886
7114 8659 162
7114 13342 66
7114 2039 216
7114 14305 401
7115 4722 2
7115 3705 840
7116 1283 686
7116 3154 623
7116 2544 929
7116 8839 893
7116 14266 919
7116 3706 79
7117 587 883
7117 10027 592
7118 387 699
7119 3746 212
7119 1225 354
7120 11482 501
7120 4851 457
7120 13602 939
7120 6176 926
7120 1402 506
7120 15169 175
7120 15494 494
7120 8176 339
7121 9540 902
7121 7637 81
7122 2065 19
7122 12967 116
7122 14821 232
7122 5476 970
7123 9938 184
7123 10957 744
7123 9005 373
7123 11318 567
7123 4978 43
7124 4175 680
7124 2100 868
7125 6577 470
7125 625 386
7125 4743 680
7126 2916 672
7126 6340 490
7126 12634 758
7126 6296 532
7127 10126 844
7127 5751 114
7127 13631 19
7127 1480 142
7127 1451 431
7127 4511 176
7128 13086 783
7128 3337 628
7128 9330 606
7128 15370 890
7128 16 570
7128 5547 336
7129 13579 274
7129 655 189
7129 8735 187
7129 10454 609
7130 3586 652
7130 1903 873
7130 1593 191
7130 14865 716
7131 7657 548
7131 15495 247
7131 2073 985
7131 14225 640
7132 3821 393
7132 858 925
7132 7516 603
7132 5493 210
7133 1944 483
7133 5727 271
7133 1413 419
7133 3039 700
7134 11536 594
7134 11177 980
7134 15874 438
7134 9729 206
7134 1685 331
7135 12333 49
7135 13300 678
7135 10154 78
7135 4374 340
7135 416 122
7136 9631 338
7136 13634 654
7136 1687 697
7137 1416 625
7137 7567 762
7137 2573 550
7138 10131 27
7138 10423 687
7138 6081 178
7138 10793 186
7138 2767 515
7139 1838 183
7139 12032 641
7139 7225 62
7140 5762 363
7140 12068 613
7140 15038 421
7140 6290 421
7141 2851 236
7141 4994 435
7141 313 562
7141 14286 279
7141 14676 154
7141 7513 540
7142 5200 220
7142 4105 248
7142 11551 975
7142 4508 574
7143 15633 797
7143 8926 461
7143 8130 838
7143 2361 718
7143 3356 891
7143 1186 89
7143 10303 720
7143 10212 253
7143 2579 407
7144 4808 107
7144 10926 431
7144 12772 143
7144 7173 186
7144 10718 282
7144 4914 150
7145 10395 1
7145 3081 427
7145 14054 110
7145 10163 246
7146 8832 10
7146 6960 716
7146 2718 340
7146 7788 286
7146 11243 208
7146 1635 402
7147 8284 952
7147 1625 405
7148 15843 46
7148 14979 949
7148 485 298
7148 10612 29
7148 4899 949
7148 14816 221
7148 15965 66
7149 8037 653
7149 8477 333
7149 7908 185
7149 1774 269
7150 6802 786
7150 14463 765
7150 9886 487
7150 18 944
7150 3265 642
7150 1799 885
7150 14036 821
7150 7867 747
7151 4091 964
7151 10143 16
7151 8060 454
7151 10929 812
7151 2219 103
7152 12643 663
7152 14574 647
7152 12861 817
7152 8900 621
7153 8468 608
7153 11753 539
7153 15628 239
7153 2151 896
7153 11288 836
7154 1395 971
7154 4185 625
7154 7077 460
7155 10427 191
7155 371 561
7155 8456 415
7155 2051 780
7156 8454 280
7156 3209 58
7156 9451 801
7156 12385 83
7157 4127 598
7158 5208 144
7158 15946 590
7159 8129 518
7159 14209 204
7159 2622 981
7159 541 547
7159 12800 420
7160 15402 266
7160 9460 693
7160 2054 831
7160 13240 62
7160 10190 354
7160 7985 595
7160 902 423
7160 8643 780
7161 14955 68
7161 15960 324
7162 12665 478
7162 10016 925
7162 2182 622
7162 11655 913
7162 8163 671
7162 7967 240
7162 13029 67
7163 3690 741
7163 12250 433
7164 7961 181
7164 11220 368
7164 9327 237
7164 8906 255
7164 635 72
7164 12829 271
7165 11598 460
7165 2496 213
7165 8118 508
7165 13168 517
7166 14151 872
7166 3660 583
7167 14760 698
7167 7966 100
7167 15091 438
7167 8094 412
7167 3416 626
7168 10069 562
7168 11150 439
7168 14563 381
7169 923 342
7169 4519 331
7169 12943 876
7169 4724 367
7169 1917 753
7169 14003 245
7170 2634 846
7170 5058 477
7170 9551 908
7170 9666 635
7170 12731 161
7170 11410 400
7171 6658 926
7171 4209 391
7171 10753 336
7171 11094 281
7172 9848 113
7172 3220 332
7172 13843 483
7172 10915 541
7172 2057 671
7172 8128 562
7172 4266 659
7172 3160 272
7172 14488 662
7172 12195 867
7172 12586 540
7173 10927 238
7173 8702 29
7173 10859 684
7173 7097 358
7173 11569 678
7173 4959 514
7173 6173 758
7173 14014 554
7173 5657 733
7173 5567 623
7173 14784 10
7174 13997 867
7174 12499 129
7174 7793 936
7174 506 445
7174 2366 955
7174 13329 253
7174 5636 127
7175 6617 808
7175 13454 631
7175 6152 927
7175 8780 887
7175 3864 419
7176 8108 460
7176 12269 459
7176 8612 506
7176 2539 686
7176 4313 909
7176 1376 170
7177 6552 298
7177 9243 730
7178 2141 203
7178 5958 563
7178 1742 992
7179 9920 517
7179 1499 687
7179 4805 914
7179 4670 161
7179 15130 96
7179 8308 249
7180 8232 82
7180 8940 433
7181 5503 863
7181 8695 356
7181 1257 431
7181 9927 925
7182 9407 507
7182 5508 174
7182 1613 661
7183 11513 829
7183 1446 246
7183 13401 347
7183 13104 16
7184 10450 978
7185 15484 15
7185 2755 150
7186 8529 413
7186 10572 848
7186 14677 215
7186 6749 303
7186 1595 43
7187 6613 474
7187 8723 925
7187 5583 545
7187 3222 759
7188 13008 172
7188 15722 269
7188 10616 433
7188 13499 26
7188 11000 494
7189 14077 80
7189 8568 43
7189 7992 515
7189 454 209
7189 12845 331
7189 3238 523
7189 15909 435
7190 3248 630
7190 6354 37
7190 8547 357
7190 2606 544
7191 9307 74
7191 12234 234
7191 509 231
7192 11314 33
7192 12702 709
7192 2837 454
7192 14231 684
7192 6834 983
7192 11051 8
7193 7188 311
7193 6151 56
7193 5793 217
7193 2396 74
7194 2881 833
7194 6037 344
7195 9262 614
7195 13403 965
7195 7497 705
7195 1401 282
7195 15086 695
7195 8448 653
7195 6416 649
7195 11631 589
7196 4212 536
7196 12627 903
7196 6001 253
7197 1350 737
7197 4139 107
7197 6071 421
7197 7588 297
7198 2985 215
7198 13569 851
7198 2942 614
7199 123 245
7199 13356 804
7201 1979 370
7201 10529 290
7201 4673 419
7201 3336 163
7201 12951 970
7202 1749 408
7202 571 567
7202 1932 235
7202 12565 788
7203 1250 307
7203 8354 2
7203 15636 733
7203 14663 999
7203 3098 514
7203 840 582
7203 2958 100
7203 14926 497
7203 8438 921
7203 8675 712
7204 3470 837
7204 4936 430
7204 2645 234
7205 9925 415
7205 2189 994
7206 2795 892
7206 13107 69
7206 8498 625
7206 4620 394
7206 1917 868
7206 1432 129
7206 8905 75
7207 7502 236
7207 2590 996
7207 14677 376
7208 4846 480
7208 3349 137
7208 5186 988
7208 763 799
7208 14420 749
7209 10739 284
7210 2107 574
7210 7480 430
7210 10062 624
7210 6869 970
7210 4910 466
7211 1259 568
7211 12605 620
7211 4787 489
7212 13555 174
7212 6398 596
7212 12181 944
7212 9097 578
7213 9740 567
7213 8741 738
7213 14253 166
7213 8050 9
7214 4343 819
7214 1507 880
7214 14682 560
7214 12399 147
7214 4507 976
7214 119 303
7215 11532 19
7215 4264 637
7215 2017 372
7215 5609 916
7216 15231 185
7216 707 856
7216 6950 235
7216 9529 845
7217 9135 660
7217 6330 901
7217 3476 942
7218 9783 772
7218 14531 643
7218 7040 424
7218 2208 465
7219 5108 747
7219 13338 731
7220 14632 572
7220 4104 859
7220 6286 302
7220 4000 517
7220 13408 422
7221 8929 186
7221 5510 161
7221 3940 398
7221 2724 837
7221 11356 142
7221 5004 253
7222 11159 20
7223 11812 544
7223 2693 323
7223 9786 380
7223 9461 200
7223 4042 207
7223 13625 582
7223 8573 121
7223 10311 893
7223 1961 308
7224 31 735
7224 11360 36
7224 14336 216
7224 11431 321
7225 799 449
7226 388 30
7226 9904 501
7227 3115 286
7227 15009 53
7227 5319 600
7228 5247 486
7228 10252 863
7229 13901 511
7229 7252 436
7230 1781 726
7230 7256 862
7230 5302 951
7230 11405 952
7230 11157 127
7231 1218 352
7231 3263 390
7231 153 400
7232 5085 882
7232 14931 619
7232 13767 734
7232 14928 315
7233 10015 360
7233 8467 416
7234 10062 404
7234 15137 446
7235 2721 17
7235 12566 469
7235 15303 744
7235 2883 281
7236 11501 858
7236 2811 72
7236 4605 691
7236 11620 688
7236 2361 535
7237 3275 158
7237 13016 161
7237 6576 836
7237 14717 106
7237 2712 277
7237 5662 934
7238 11387 439
7238 13209 314
7238 8074 203
7238 11054 626
7239 5941 546
7239 10827 728
7239 6153 908
7239 11572 951
7239 3506 806
7239 6236 352
7241 1436 131
7241 1234 559
7241 15921 796
7241 1907 310
7241 1786 789
7241 5381 712
7241 6903 497
7242 6160 931
7243 868 151
7243 662 472
7243 10063 386
7243 10917 967
7244 12915 460
7244 7758 763
7244 5638 474
7244 5830 496
7246 6577 816
7246 1960 952
7246 15165 338
7246 11347 303
7247 13535 42
7247 13683 619
7247 3847 695
7248 9966 171
7250 12243 371
7250 15732 376
7250 8042 904
7251 7066 410
7251 4967 251
7251 12180 688
7252 9669 875
7252 12730 667
7252 12079 960
7254 996 269
7254 12000 254
7254 506 42
7254 13886 442
7254 7520 75
7255 5671 102
7255 12014 754
7255 10308 869
7255 2361 399
7256 14999 307
7256 15619 263
7256 9366 699
7257 2467 529
7257 13513 794
7258 2312 950
7258 15136 40
7258 10749 141
7258 4080 283
7258 5745 799
7259 12312 573
7259 2166 469
7259 11916 807
7259 267 883
7260 15992 769
7260 644 418
7260 9396 476
7260 13975 366
7260 14482 514
7260 12265 1000
7260 1824 824
7260 14679 212
7260 5688 638
7260 2433 42
7261 15701 141
7261 7610 743
7261 2600 222
7261 14875 640
7261 15568 177
7261 1246 789
7261 7821 360
7261 7528 953
7261 15116 909
7262 4187 415
7262 9313 117
7262 6166 668
7263 7408 779
7264 916 887
7265 9373 342
7265 3324 535
7265 7146 633
7265 15867 883
7265 7903 439
7265 3682 451
7266 8706 794
7267 13140 94
7267 1170 177
7268 7110 183
7268 8363 994
7268 12101 765
7269 294 422
7270 986 261
7270 10823 922
7270 14411 402
7271 1881 708
7271 15091 472
7271 657 109
7271 13817 477
7271 8933 658
7272 10851 792
7272 490 737
7272 15611 645
7272 4043 699
7273 12583 98
7273 11965 310
7273 13735 928
7273 748 837
7273 10030 998
7274 14836 179
7274 5166 275
7274 14063 249
7275 13701 89
7275 12889 148
7275 1065 110
7275 12166 636
7276 4021 312
7276 10214 815
7276 6624 875
7276 15089 799
7277 15652 580
7278 365 707
7278 8428 214
7278 4962 84
7278 5715 91
7278 10844 182
7278 12419 856
7278 9897 847
7279 2963 298
7279 3732 655
7279 10543 683
7280 964 325
7280 13319 226
7280 6858 368
7281 10655 187
7282 6986 220
7282 1441 63
7282 2048 945
7282 195 686
7282 1173 240
7282 11269 455
7282 10490 462
7283 13020 790
7284 6594 299
7284 6808 40
7284 4589 741
7284 11956 775
7285 7517 945
7286 7539 444
7287 5358 2
7287 9000 792
7287 9419 210
7287 4189 257
7287 13016 462
7287 1516 93
7288 11038 984
7289 5844 524
7289 555 171
7289 5074 344
7289 13532 427
7289 1861 417
7290 12779 584
7290 6359 679
7290 369 174
7291 4030 827
7291 2503 792
7291 2572 875
7292 8509 554
7292 2927 925
7292 1797 770
7292 1189 624
7293 11771 482
7293 5751 221
7293 12297 562
7293 15581 602
7294 5595 190
7294 9405 891
7294 2285 818
7294 5629 654
7294 3108 195
7295 14304 845
7295 8520 851
7295 12272 111
7295 296 887
7295 12599 783
7295 1783 730
7296 266 171
7296 14047 297
7296 13239 153
7296 118 566
7296 13002 506
7297 5623 101
7297 9299 895
7297 499 485
7297 2698 498
7298 11183 561
7298 10416 639
7298 3474 236
7298 5492 52
7298 10957 133
7298 5944 495
7299 14092 343
7299 11376 124
7299 10955 789
7299 15085 350
7299 9365 340
7299 266 521
7300 13652 59
7300 12646 834
7300 7742 191
7300 10361 576
7301 4624 815
7301 12320 243
7301 7210 988
7301 732 118
7302 12811 64
7302 8302 601
7302 3250 45
7302 3755 695
7302 2910 555
7302 12287 498
7303 12930 538
7303 6504 984
7303 9574 32
7303 1085 308
7303 14110 104
7303 11165 664
7304 11214 143
7304 6159 27
7304 2057 241
7304 338 574
7304 13772 198
7304 11173 575
7304 13491 557
7305 6918 588
7305 6045 173
7305 11230 857
7306 9672 639
7306 5273 27
7306 7797 152
7306 11074 70
7306 6086 45
7307 947 139
7307 9156 833
7307 10077 397
7307 9508 761
7307 10313 505
7307 821 516
7307 14214 809
7308 9304 508
7308 4102 209
7308 61 63
7308 11727 795
7308 11975 175
7309 7896 435
7309 7660 424
7309 13925 614
7309 3027 684
7310 2841 415
7310 2566 240
7310 10789 648
7310 12002 915
7310 5610 352
7310 4408 485
7310 2628 828
7311 15969 543
7311 8989 44
7312 15481 985
7312 2628 888
7312 4367 211
7312 3282 220
7313 9905 556
7313 5657 54
7313 2734 869
7314 2943 6
7314 44 897
7314 3667 443
7314 7287 10
7314 11749 638
7315 7267 65
7315 8515 328
7315 8509 207
7315 15700 996
7315 619 662
7315 14249 378
7315 13964 698
7315 4508 665
7316 7419 949
7316 12858 963
7317 12761 676
7318 8669 420
7318 10221 241
7318 6364 908
7319 8706 29
7319 14876 396
7319 4581 691
7319 297 398
7320 5217 267
7320 6423 618
7320 8748 747
7320 4669 509
7320 90 168
7321 8572 59
7321 8456 974
7322 1758 620
7322 11191 644
7323 7322 828
7323 14629 704
7323 4040 37
7324 9157 223
7324 8692 522
7324 13779 32
7325 10155 848
7325 4348 995
7325 6109 80
7325 11449 127
7325 8604 993
7325 5300 358
7325 2294 338
7325 11709 544
7326 3302 252
7326 4538 182
7326 6245 346
7326 10183 493
7327 2842 846
7327 5262 184
7327 6180 933
7327 10750 754
7328 14080 750
7328 14120 570
7328 9688 426
7328 7147 347
7329 1405 995
7329 5396 900
7329 12019 526
7330 2569 884
7330 4092 450
7331 15366 552
7331 5980 639
7331 4091 81
7331 7062 63
7331 8870 819
7332 1749 482
7332 7279 815
7332 7957 173
7333 7010 220
7333 13847 42
7333 14437 243
7334 10786 135
7334 5807 148
7334 11257 829
7334 2075 506
7334 9612 874
7334 11797 681
7334 13281 702
7335 2067 102
7335 11311 828
7336 3051 90
7336 10847 268
7336 5209 633
7336 6761 170
7336 4298 428
7337 983 186
7337 15644 860
7337 1435 508
7337 148 16
7338 4844 306
7338 14470 292
7338 11382 772
7338 11038 586
7339 4400 28
7339 8409 571
7339 14674 740
7340 8222 553
7340 9673 404
7340 12742 41
7340 10093 650
7340 15879 829
7341 15099 729
7341 7227 694
7341 3279 121
7342 9348 788
7342 3529 711
7342 8250 860
7342 7877 821
7343 11185 32
7343 468 660
7343 9914 349
7343 15658 712
7344 7294 771
7344 2518 762
7344 11632 810
7344 12996 847
7345 8764 314
7345 1154 572
7345 15458 705
7345 10280 975
7345 14289 900
7346 10746 963
7346 13127 22
7346 7826 360
7346 14156 579
7347 11919 349
7347 2314 508
7347 5389 528
7347 15964 544
7347 10364 386
7347 13916 783
7348 13301 470
7348 1733 514
7348 13585 524
7348 3200 845
7349 4782 696
7349 9214 183
7349 5088 878
7349 13785 744
7350 3464 603
7350 10028 449
7350 15604 861
7350 3222 876
7351 6582 254
7351 13091 4
7351 344 513
7351 11335 3
7351 8248 743
7351 10564 809
7351 4824 361
7351 13457 828
7352 13871 599
7352 6952 294
7352 107 639
7352 174 786
7352 8598 896
7353 1193 867
7353 15332 293
7353 3567 446
7353 10079 941
7353 9603 477
7354 5034 630
7354 4425 418
7355 15857 177
7356 15096 876
7356 4688 194
7356 2519 150
7356 8939 951
7357 709 846
7357 623 60
7357 6221 484
7357 11293 811
7358 6525 711
7358 11938 827
7358 2140 806
7359 2971 921
7359 14166 867
7359 6359 839
7360 3802 535
7360 8371 726
7361 5099 228
7361 6086 345
7361 9594 166
7361 4538 548
7361 7522 700
7361 1477 483
7362 6194 630
7362 11844 15
7362 2999 481
7362 7964 989
7362 6380 880
7363 11555 24
7363 8632 478
7363 14016 531
7363 12344 761
7363 10999 514
7364 3759 223
7364 10836 890
7364 6867 346
7364 4261 88
7364 249 355
7365 11680 500
7365 11995 527
7365 11410 803
7365 5164 183
7366 13698 490
7366 14182 761
7366 1395 372
7366 2896 366
7367 3721 309
7367 2152 544
7368 1895 7
7368 6887 999
7368 4425 818
7368 3158 198
7369 5899 350
7369 3448 667
7369 6249 426
7369 7804 709
7369 14809 912
7370 10218 81
7370 5814 541
7370 2970 320
7370 3691 683
7370 5678 261
7370 11507 866
7371 11831 706
7371 9149 656
7371 7290 86
7372 3590 225
7372 1553 727
7372 8955 330
7372 5102 193
7373 8418 475
7373 8858 192
7375 6139 949
7375 579 319
7375 7326 630
7375 4997 26
7375 8922 382
7376 12843 432
7376 14515 831
7376 9313 654
7376 5476 461
7377 2568 996
7377 9696 61
7378 1244 50
7378 15132 800
7378 5573 859
7378 5896 577
7378 2891 53
7379 3331 426
7380 2910 588
7380 7340 100
7380 13664 943
7380 3609 25
7381 9621 603
7381 12869 493
7381 9276 346
7381 12956 238
7381 5875 973
7382 15449 822
7382 1368 153
7382 4115 402
7383 14213 717
7384 1278 527
7384 3410 250
7384 94 898
7384 15592 1000
7384 11525 275
7384 1645 204
7384 5470 46
7385 9114 942
7386 7378 337
7386 7992 184
7386 5351 615
7387 646 79
7387 1471 150
7387 13176 972
7388 13750 568
7388 13631 436
7389 15449 684
7389 15919 798
7389 10704 712
7389 9103 669
7389 3759 524
7389 15042 842
7390 9067 710
7390 5020 322
7391 3823 375
7391 3068 126
7391 10848 550
7391 231 656
7391 14432 861
7391 11581 320
7392 5157 697
7392 14877 510
7392 15901 836
7392 7030 832
7392 12371 433
7392 9440 540
7393 11888 846
7393 12343 6
7393 8475 869
7393 517 692
7393 2636 672
7393 3823 414
7394 5187 638
7394 11735 628
7394 8660 280
7394 6255 462
7394 11550 604
7395 8742 240
7395 14630 979
7395 258 302
7395 14697 550
7395 5220 386
7396 9322 259
7396 9437 286
7396 15309 422
7396 4726 786
7396 10168 988
7397 10157 173
7397 15056 83
7397 3471 877
7397 675 227
7398 2433 136
7398 10253 747
7399 15590 270
7399 7829 335
7399 10984 645
7399 2922 749
7399 9487 493
7399 2513 964
7399 6549 17
7399 7323 998
7400 4118 158
7400 6829 290
7401 15800 873
7401 15141 265
7401 4877 736
7401 7480 912
7401 13334 210
7402 15891 755
7402 3894 336
7402 15531 689
7403 9304 68
7403 1466 530
7403 14626 128
7403 6417 560
7403 4907 793
7404 13733 23
7404 14401 970
7404 11739 858
7405 14809 978
7405 7562 224
7405 6885 449
7405 10440 415
7406 14605 175
7406 6212 793
7406 5426 178
7407 830 13
7408 15899 245
7408 1358 522
7408 14326 931
7408 9006 596
7409 3556 668
7410 8937 420
7410 1157 438
7411 12558 273
7411 2437 427
7411 13088 799
7411 1336 291
7411 5484 405
7411 10204 337
7412 12506 709
7412 11112 286
7412 7045 965
7412 8705 505
7412 13780 205
7412 8897 293
7412 14433 954
7412 14175 229
7413 5276 158
7413 7039 811
7413 5186 24
7413 10398 141
7414 14630 82
7414 13023 305
7414 10146 544
7415 10490 381
7415 11246 957
7415 5000 547
7415 2397 181
7415 14784 782
7415 15547 320
7416 5009 741
7416 13381 84
7416 15157 247
7416 9975 172
7416 4174 479
7416 1195 893
7417 10093 430
7417 10836 305
7417 2732 19
7417 11031 274
7418 13899 342
7418 12059 719
7418 335 336
7418 14685 205
7418 11640 520
7419 13025 470
7419 6465 765
7419 5509 393
7419 6720 982
7420 1477 143
7420 4576 755
7421 3534 855
7421 10136 551
7421 8550 602
7422 8868 422
7422 7542 165
7423 1822 635
7423 10411 376
7423 8903 637
7424 3136 481
7424 14255 1000
7424 9568 165
7424 9492 893
7424 12325 680
7424 13986 131
7424 14580 680
7424 14993 210
7425 6909 186
7425 13703 486
7426 4655 711
7426 5930 749
7426 781 160
7426 3537 568
7426 12953 160
7426 1950 372
7426 95 924
7427 6736 346
7427 6881 608
7427 7767 567
7427 5456 456
7427 4130 990
7427 4159 506
7427 5499 904
7428 994 163
7428 13594 361
7428 9069 424
7428 3974 517
7428 13603 999
7429 5772 357
7429 2640 211
7429 3931 556
7429 3362 757
7429 8076 664
7429 11983 986
7430 10537 369
7431 4613 513
7431 5951 342
7431 2956 433
7431 13105 834
7431 3378 796
7432 4471 26
7432 4926 299
7432 15675 509
7432 11569 750
7433 2024 40
7433 7243 844
7433 8687 292
7433 8341 219
7434 7832 508
7435 14299 277
7435 917 913
7435 1868 473
7437 9897 505
7437 4473 416
7437 11196 572
7437 5574 378
7437 307 765
7437 10684 392
7438 10538 551
7438 10188 469
7438 11335 850
7439 7768 86
7439 6563 112
7440 11803 817
7440 7291 250
7440 3997 187
7440 14172 652
7440 7570 260
7441 2222 504
7441 2112 246
7441 10454 288
7441 2258 57
7441 4577 446
7442 2244 106
7442 1089 66
7442 15608 734
7442 4621 877
7443 4198 594
7443 11118 119
7443 10975 943
7443 1210 403
7444 9170 738
7444 5537 988
7444 13768 550
7445 15368 103
7445 737 147
7445 7685 278
7445 7050 966
7445 6842 962
7446 7732 90
7446 239 314
7446 443 328
7446 11691 801
7447 4875 418
7447 225 9
7447 7497 112
7447 14041 53
7447 14269 5
7447 7260 253
7448 9527 948
7448 8015 561
7448 2588 372
7448 11215 741
7448 10536 668
7448 742 662
7448 4568 810
7448 14053 911
7448 10901 216
7449 7850 667
7449 11509 399
7449 11734 868
7449 14144 121
7449 8391 498
7449 9688 677
7450 1725 7
7450 14899 137
7450 9876 709
7450 7860 154
7450 8232 915
7451 2426 908
7451 10098 869
7451 7009 545
7451 5456 736
7452 11569 310
7452 13615 684
7452 5892 43
7452 9048 724
7452 2885 995
7452 7580 118
7452 3927 558
7453 10411 711
7453 4349 748
7453 12838 989
7453 11566 556
7454 4136 1000
7454 8358 814
7454 4262 230
7454 6635 884
7454 348 977
7455 14970 780
7455 4136 530
7455 9178 75
7455 10019 116
7456 7838 215
7456 2480 205
7456 8491 776
7456 5343 639
7457 9248 545
7457 14139 817
7458 12576 594
7458 15535 485
7458 12230 18
7458 3713 524
7459 12337 70
7459 7806 398
7459 10695 623
7459 10903 256
7459 3839 344
7460 11488 973
7460 13819 810
7460 10765 913
7460 13067 803
7460 4020 543
7460 1288 246
7461 10032 371
7461 2344 955
7461 7470 342
7461 4179 336
7462 14832 517
7462 12301 754
7462 4060 570
7463 14922 996
7463 14528 353
7463 13260 510
7464 14672 984
7464 11788 20
7464 15641 531
7465 14137 712
7465 12516 839
7465 7264 401
7466 807 517
7466 9370 488
7467 5747 229
7467 13713 60
7467 14288 845
7468 6589 382
7468 13567 308
7468 15421 234
7468 2075 648
7468 2948 1000
7469 7681 593
7469 10100 13
7470 1428 626
7470 3039 50
7470 10837 875
7470 4199 689
7470 379 245
7471 3523 404
7471 12171 278
7471 4606 479
7472 442 294
7472 12966 877
7472 15981 787
7472 13032 399
7472 13695 9
7472 13610 867
7473 12842 368
7473 13090 354
7473 7677 952
7473 7774 728
7474 191 316
7474 3828 513
7474 11175 217
7475 13730 657
7475 305 174
7475 11979 463
7475 10644 226
7475 15794 900
7475 2265 963
7476 573 41
7476 6616 359
7477 3064 900
7477 8597 121
7477 13920 641
7477 14903 192
7477 10973 94
7478 3103 171
7478 1822 731
7478 1299 531
7478 12528 202
7479 12163 906
7479 9801 751
7480 8575 212
7480 5247 842
7481 1994 689
7481 11078 121
7481 8162 943
7481 7934 389
7481 14581 2
7482 8228 333
7482 3455 172
7482 6306 594
7483 9779 784
7483 8752 697
7483 8552 707
7483 647 295
7483 5565 236
7484 4082 384
7484 10994 772
7484 15730 311
7484 6147 936
7485 831 549
7485 3334 598
7485 13470 219
7485 9695 389
7485 4865 322
7485 14318 668
7485 15234 762
7485 11866 855
7485 7527 388
7485 4922 309
7485 7410 995
7486 4497 43
7486 7731 771
7486 2854 662
7486 13076 542
7487 12100 393
7487 5417 910
7487 12683 295
7488 12034 33
7488 179 122
7488 8305 498
7489 13006 214
7489 7833 593
7489 8851 695
7489 5340 754
7489 11616 756
7489 8708 735
7489 9711 827
7490 8603 270
7490 1209 215
7490 14139 142
7490 3871 82
7490 875 696
7490 12546 909
7490 17 828
7491 3517 88
7491 13340 842
7491 14901 502
7491 9537 524
7492 14935 975
7492 1857 465
7492 15935 604
7492 9434 710
7492 1060 25
7492 4967 372
7493 8435 784
7493 42 660
7493 14337 238
7493 8768 539
7493 15078 371
7493 15503 195
7493 14039 243
7493 8732 926
7493 3929 339
7493 445 444
7494 15304 123
7494 907 112
7494 8267 872
7494 8670 6
7495 2854 759
7495 14589 683
7495 5813 74
7496 14188 593
7496 596 551
7496 4279 615
7496 7525 404
7496 11082 81
7496 5054 185
7498 12332 746
7499 10094 931
7499 5592 234
7499 12754 155
7499 1783 592
7499 5930 280
7499 1020 679
7500 15341 904
7500 701 253
7500 2150 793
7500 12482 144
7501 7644 306
7501 5081 146
7501 11548 415
7501 13693 561
7502 3697 47
7502 5525 434
7502 11991 11
7502 646 395
7502 15653 20
7503 14899 223
7503 4987 742
7503 2340 373
7504 2825 292
7504 1261 960
7505 7018 347
7505 5327 163
7506 14592 872
7506 7714 64
7506 1021 867
7506 13692 73
7507 11579 87
7507 9239 395
7507 15489 215
7507 7197 34
7507 7013 511
7507 7940 652
7507 3108 127
7507 9716 4
7507 8431 939
7508 1161 162
7508 4043 475
7508 2397 582
7508 181 415
7508 4968 949
7508 9742 640
7508 12827 533
7509 11372 159
7509 2140 717
7509 7131 647
7509 12244 473
7510 1034 42
7510 6880 779
7510 5018 958
7512 10022 511
7512 5157 540
7512 919 149
7512 13265 252
7512 5693 184
7513 8245 400
7513 7735 845
7513 14273 660
7514 13482 945
7514 9643 164
7515 15659 235
7515 1339 968
7515 8414 361
7515 12014 905
7516 11436 627
7516 123 748
7516 8023 608
7516 7372 201
7516 12164 514
7516 1950 576
7517 4285 735
7517 5895 555
7517 12258 262
7517 1421 468
7518 12030 43
7518 2379 489
7518 71 688
7519 4449 742
7519 12239 171
7519 2591 843
7519 8475 156
7519 6713 478
7519 5105 153
7519 6853 466
7520 14087 428
7520 3625 635
7520 8623 609
7520 1508 785
7520 11706 98
7521 3559 371
7521 7175 117
7521 12285 86
7521 10407 149
7521 4129 883
7521 5347 12
7521 7387 13
7521 8593 53
7522 1607 838
7522 8807 804
7522 15704 349
7523 8655 238
7523 2519 383
7524 2613 691
7524 2707 152
7524 14871 506
7524 3398 291
7524 8519 592
7524 15424 619
7524 6469 674
7525 13057 897
7525 15999 318
7525 7645 404
7525 15344 787
7525 11430 115
7526 1743 762
7526 9560 372
7526 935 754
7526 8619 407
7526 3296 158
7527 10907 713
7527 2460 741
7528 273 722
7528 5441 958
7528 10402 368
7528 9920 863
7529 11246 106
7529 6265 805
7529 12313 320
7529 15035 408
7529 3586 463
7529 5174 336
7530 7823 882
7530 327 703
7531 1880 135
7531 7050 49
7531 5276 360
7531 8526 473
7533 1849 794
7534 1599 555
7534 9470 96
7534 10497 235
7535 318 599
7535 15756 567
7535 11276 221
7535 6007 4
7536 4117 279
7538 11680 426
7538 7621 966
7538 4095 687
7538 13775 623
7538 2700 199
7539 8054 524
7539 7977 646
7539 8292 951
7539 2833 370
7540 7657 392
7540 7577 23
7540 12033 329
7540 14988 330
7540 7031 696
7541 6632 558
7541 1361 484
7541 15260 166
7541 13386 408
7542 4157 339
7542 4674 807
7542 10110 413
7542 10630 63
7542 5152 834
7542 2071 913
7542 372 220
7542 11668 748
7542 14698 54
7543 8847 699
7543 1497 874
7543 6456 831
7543 9504 343
7544 7255 388
7545 8147 13
7545 15300 588
7546 12503 268
7546 13264 272
7546 11022 947
7547 1316 260
7547 2184 232
7547 10437 729
7547 5325 256
7547 652 247
7547 14319 877
7547 1439 149
7547 9363 256
7548 8606 882
7548 5310 653
7548 15479 709
7549 11310 1
7549 6290 50
7549 9845 345
7549 3352 37
7550 4411 603
7550 8316 258
7550 13501 381
7550 15090 736
7550 11521 86
7550 7221 368
7550 7721 974
7551 6153 589
7552 6694 529
7552 5407 234
7552 9939 678
7552 11179 990
7552 4068 611
7552 9646 862
7553 13700 70
7553 9072 721
7553 1360 35
7553 11216 36
7553 12010 94
7553 6210 554
7553 5611 382
7554 12265 244
7554 6455 500
7554 15075 581
7554 11552 15
7555 1927 804
7555 6130 748
7555 10021 668
7555 14315 195
7556 13692 259
7556 10694 1000
7556 479 86
7557 105 16
7557 3021 348
7558 4665 551
7560 3914 69
7560 1794 584
7560 457 293
7560 10133 805
7561 565 299
7561 4522 64
7561 7484 49
7562 9443 792
7563 12401 503
7563 11685 138
7563 10797 188
7564 14616 572
7564 11881 471
7564 9430 604
7565 15823 667
7565 4533 512
7565 4249 19
7565 646 18
7566 10304 858
7566 2174 587
7566 6587 927
7566 11794 570
7566 5877 511
7566 2749 536
7567 4181 746
7567 2751 442
7567 7963 653
7568 6056 885
7568 6873 759
7568 12029 961
7569 5880 923
7569 12628 903
7569 4325 406
7569 11409 838
7569 4595 854
7569 14110 540
7569 13304 163
7569 9494 242
7570 5693 417
7571 11511 116
7571 12813 648
7571 3036 171
7572 10087 779
7572 2838 787
7572 4397 44
7572 13327 129
7572 10754 500
7572 13798 313
7573 14954 374
7573 7890 713
7573 14993 95
7573 14933 138
7573 13678 761
7573 5239 33
7574 664 133
7574 11823 632
7574 12164 711
7574 11659 466
7575 5198 536
7575 11940 942
7575 5668 561
7576 5163 600
7577 8208 741
7577 178 147
7577 8483 711
7577 4821 158
7578 6809 96
7578 14848 563
7578 13671 990
7578 14444 533
7578 8694 494
7578 9163 802
7579 911 362
7579 13272 601
7579 12849 443
7579 15869 206
7579 9565 317
7580 11179 793
7580 14408 286
7581 3699 515
7581 6001 280
7581 3102 332
7581 4312 596
7581 6332 19
7581 6788 454
7581 13350 768
7581 9613 352
7581 9479 268
7582 13714 789
7582 12261 658
7582 1282 430
7583 6612 816
7583 13314 49
7583 6574 726
7583 3398 990
7584 12046 863
7584 2406 522
7584 10133 943
7584 9805 482
7585 1419 413
7585 8609 219
7585 14706 273
7585 9653 634
7586 135 937
7586 1759 874
7586 11028 605
7586 12849 161
7586 6185 994
7587 4795 10
7587 4174 848
7587 4827 768
7587 924 77
7587 4444 462
7587 10888 776
7587 2378 430
7587 11916 670
7587 432 152
7588 231 582
7588 11703 414
7588 9274 487
7588 10078 873
7589 7171 509
7589 5648 756
7589 6399 56
7589 11462 20
7589 67 471
7589 8025 814
7589 10426 714
7589 7113 988
7589 15467 813
7590 10284 156
7590 387 732
7590 4721 930
7590 2009 159
7590 1537 884
7590 6871 336
7590 1236 280
7590 4424 938
7590 8974 879
7590 12795 558
7591 14095 723
7591 10334 345
7591 15185 457
7591 2000 187
7591 75 604
7591 6592 655
7591 6745 722
7591 9189 930
7592 7332 855
7592 9862 454
7592 2005 459
7592 9013 502
7593 10570 355
7593 7563 248
7593 3990 70
7593 6282 658
7594 11008 574
7594 233 318
7594 6098 588
7594 12196 946
7594 13537 545
7595 9796 727
7595 8276 358
7595 9603 286
7595 2262 820
7596 12615 837
7597 11588 129
7597 9511 939
7598 636 905
7598 1657 448
7598 15839 208
7598 5081 667
7598 11714 815
7598 5507 464
7599 3588 901
7600 7956 913
7600 5910 945
7600 14598 689
7600 8938 307
7600 4677 910
7601 15036 187
7601 13465 591
7601 6787 561
7601 3746 297
7602 2004 918
7602 6664 387
7602 8478 149
7602 1257 686
7603 8810 407
7603 12948 552
7603 7648 24
7603 5605 493
7603 11680 673
7603 7895 673
7603 6801 647
7603 10192 97
7604 1046 279
7604 952 917
7604 2785 679
7604 5253 10
7604 70 450
7605 12493 740
7605 9871 735
7605 9276 302
7605 7827 797
7606 13777 361
7606 8697 182
7606 7686 6
7607 15687 337
7607 5025 771
7607 14283 903
7607 4405 690
7607 4604 603
7607 10111 845
7607 10408 309
7607 4886 659
7607 5113 725
7608 11319 841
7608 5760 851
7608 5717 990
7608 4228 452
7609 2906 647
7609 5785 261
7609 3682 35
7609 11920 438
7609 4352 311
7610 2963 926
7610 5474 588
7610 8548 430
7610 4869 374
7610 2360 376
7611 6569 86
7611 6008 220
7612 10290 336
7612 7893 696
7612 8757 460
7612 15045 322
7613 5731 904
7613 5960 266
7613 9931 541
7613 10151 708
7614 11107 526
7614 3824 142
7615 12971 761
7615 13099 863
7615 14491 490
7615 8898 709
7615 13813 916
7615 12318 777
7616 8657 860
7616 8195 336
7616 4823 952
7616 4088 900
7617 11159 763
7617 6915 169
7618 1817 867
7618 5184 450
7619 13654 178
7619 8881 150
7619 14318 580
7619 13636 6
7619 3629 626
7620 2055 474
7621 7406 552
7621 5505 461
7621 14493 387
7622 15339 628
7622 5077 818
7622 7396 938
7622 14219 146
7622 15701 587
7622 10669 795
7622 3474 702
7623 14804 446
7623 2201 819
7623 314 612
7623 5318 406
7623 1710 329
7624 2304 792
7624 1945 744
7624 5802 87
7624 11722 243
7624 14156 940
7626 11916 388
7626 3171 749
7626 14920 50
7626 3205 174
7627 4141 165
7627 6425 75
7627 11970 995
7627 1474 284
7627 9875 714
7627 3639 443
7627 6441 552
7627 11562 822
7628 10951 542
7628 7976 35
7629 12261 898
7629 7215 229
7629 2578 202
7630 6315 137
7630 14086 223
7630 1542 466
7630 6941 826
7630 8246 718
7630 1549 940
7630 12678 693
7631 5863 619
7632 13045 740
7632 8568 813
7632 15797 932
7633 1285 631
7633 15436 532
7633 8756 521
7633 13688 226
7634 14815 314
7634 10546 462
7634 3454 281
7634 9884 417
7634 10835 343
7634 7649 275
7634 15414 818
7634 3269 729
7634 8514 157
7634 6778 974
7635 13868 644
7635 12368 679
7635 14188 958
7635 9846 704
7636 12761 79
7637 1472 856
7637 7013 978
7637 15492 49
7637 1403 953
7637 2343 25
7637 7140 639
7638 14263 799
7638 8636 475
7638 1155 127
7638 10268 353
7638 6449 340
7638 2902 758
7639 2675 182
7639 4010 302
7639 9901 104
7639 375 855
7639 8882 363
7640 2568 838
7640 14189 167
7640 869 119
7640 8212 91
7640 13692 484
7640 935 664
7641 8973 266
7641 1817 875
7641 2816 864
7641 7738 249
7642 8769 891
7643 1527 579
7643 13088 853
7644 1735 205
7644 15170 543
7644 15965 631
7644 2324 562
7645 6746 599
7645 15141 48
7645 3568 831
7646 9571 423
7646 11588 490
7646 9740 43
7646 9685 740
7646 7548 746
7647 6775 922
7647 13430 869
7647 8696 436
7647 10647 652
7647 12903 936
7648 7941 982
7648 2432 375
7648 11425 721
7648 2779 684
7648 3736 564
7648 2946 743
7648 14640 848
7649 4769 89
7649 7642 746
7649 1468 775
7649 8211 441
7649 13141 193
7649 14060 819
7650 14035 604
7650 6206 845
7651 4710 468
7651 13570 432
7651 2429 161
7651 14127 87
7652 13860 939
7652 6615 455
7652 10311 571
7652 10919 25
7653 8720 805
7653 4723 659
7653 292 987
7653 1660 556
7653 6484 259
7655 1164 323
7655 8042 526
7655 6735 866
7655 5459 584
7655 13179 209
7655 15402 691
7656 13175 205
7656 2855 539
7656 6280 879
7657 9202 70
7657 4357 505
7657 7050 193
7657 6955 510
7657 13194 476
7657 8126 825
7657 6085 874
7658 12826 937
7658 3801 471
7658 1207 790
7658 15067 537
7659 1127 245
7660 7402 231
7660 6170 658
7661 13372 200
7661 3312 76
7661 1540 596
7661 5570 262
7662 15059 472
7662 8482 337
7662 2246 550
7662 1649 206
7662 623 781
7663 15702 360
7663 6780 636
7663 3061 600
7663 6171 840
7665 12068 474
7665 6742 618
7665 9836 352
7665 3833 257
7666 5161 551
7666 7660 157
7666 7141 536
7666 7977 346
7666 775 696
7666 14012 890
7667 9868 784
7667 14395 641
7667 3750 294
7667 14379 273
7667 9837 296
7667 8931 360
7668 12585 39
7668 6349 587
7669 14603 843
7669 7 954
7670 14607 614
7670 1201 588
7670 523 157
7670 5431 620
7671 15030 790
7671 13754 199
7671 14597 846
7672 13281 49
7672 6505 119
7672 2872 852
7673 10315 803
7673 7163 895
7673 1999 43
7673 15844 486
7674 9838 779
7674 5988 625
7674 10086 4
7674 6279 38
7674 13852 941
7675 11812 164
7675 14063 829
7675 8318 6
7676 7651 235
7676 10362 554
7676 9362 398
7677 10321 555
7677 6519 652
7677 5739 378
7677 4355 827
7677 12911 919
7677 10955 99
7678 6393 445
7678 3136 762
7678 10677 54
7678 3755 969
7678 5421 179
7678 15092 15
7679 6487 383
7679 13905 795
7679 15940 328
7679 3082 818
7679 12505 726
7679 8530 275
7679 11083 900
7680 15831 966
7681 2698 581
7681 9369 505
7682 10734 365
7683 5406 659
7683 12803 857
7683 4437 72
7684 14505 933
7685 6840 849
7685 3434 668
7685 5400 692
7685 11098 997
7686 3666 976
7686 1169 419
7687 2636 475
7687 10266 10
7687 1861 927
7687 1886 806
7687 5280 126
7688 11197 895
7688 10898 351
7689 3175 986
7689 11279 703
7689 2787 918
7690 2680 539
7690 12072 790
7690 1050 474
7690 1195 928
7690 13762 708
7690 6157 664
7691 7439 57
7691 7319 286
7691 1388 48
7691 8982 665
7691 15882 445
7691 2392 865
7692 9597 346
7692 11718 989
7692 1119 85
7692 14136 523
7693 7674 830
7693 7952 161
7693 7408 802
7693 7730 280
7693 360 245
7693 5287 649
7693 2239 104
7693 7836 485
7694 9827 936
7694 3459 979
7694 6353 875
7694 566 699
7695 9049 108
7695 6828 384
7695 542 69
7695 8710 865
7695 2740 947
7695 12725 724
7696 10061 622
7696 4550 714
7696 11734 805
7697 1919 799
7697 4922 181
7698 2634 481
7698 8168 390
7698 1917 295
7699 4242 194
7699 8788 680
7699 11684 644
7699 11611 915
7699 11266 131
7699 7594 286
7700 2252 608
7700 15351 762
7700 13696 1000
7700 2200 94
7700 7066 629
7700 15073 529
7700 688 723
7701 14206 91
7701 9991 717
7701 15947 992
7701 7923 166
7701 190 16
7701 8705 800
7701 8394 302
7701 5602 520
7702 4868 137
7702 4016 319
7703 8221 694
7703 14168 256
7704 10749 907
7704 15597 339
7704 13810 796
7704 2663 361
7705 9791 286
7705 14753 854
7705 15678 743
7705 5229 895
7705 3770 27
7705 6274 131
7706 10833 451
7706 361 591
7706 11030 492
7707 11077 558
7707 12935 969
7708 3766 253
7708 7725 45
7708 5435 824
7709 7980 69
7709 8632 480
7709 6583 756
7709 558 75
7710 8509 519
7710 275 83
7710 5304 850
7711 497 911
7711 5263 41
7711 10636 259
7711 5870 395
7711 12033 608
7711 9690 519
7712 6019 357
7712 5794 450
7713 14853 395
7713 2395 186
7713 11827 662
7713 62 949
7714 3863 846
7714 15505 197
7714 12761 95
7715 12476 931
7715 12223 671
7715 8357 581
7716 3880 716
7716 11856 160
7717 14078 706
7717 11166 306
7717 12928 567
7717 874 734
7717 12100 95
7718 14776 727
7718 4695 312
7718 6067 985
7718 10328 922
7718 3970 671
7719 7035 643
7719 10886 477
7719 6904 838
7719 10439 147
7719 9794 982
7720 12611 798
7720 14208 283
7721 7855 247
7721 11841 894
7721 8851 886
7721 3414 197
7721 10416 197
7722 15213 16
7722 5765 895
7722 5941 509
7723 1632 557
7723 5115 86
7724 10621 891
7725 9549 593
7725 1456 596
7725 3819 176
7726 6111 553
7726 10828 103
7727 3292 251
7727 14329 128
7727 15772 450
7727 7817 90
7727 13900 7
7728 11655 249
7728 11182 901
7729 8435 830
7729 15265 555
7729 459 266
7730 20 900
7730 10242 831
7730 910 469
7730 11437 782
7730 10001 702
7731 13430 816
7731 14896 700
7731 9584 114
7731 5551 762
7731 13737 111
7732 207 884
7732 7481 579
7732 651 569
7732 298 754
7732 3031 206
7733 13649 668
7733 13935 400
7733 983 467
7733 6519 191
7733 8074 730
7733 161 727
7734 2529 839
7734 15534 365
7735 5236 77
7735 11718 660
7735 15625 512
7735 13178 404
7735 10831 609
7735 7893 573
7736 2250 757
7736 11901 538
7736 6703 467
7736 10127 699
7736 8199 463
7736 13247 817
7737 12840 195
7737 997 195
7737 8271 920
7737 3042 491
7738 10904 771
7738 9387 855
7738 8675 751
7738 2117 691
7739 10773 57
7739 15174 122
7740 5605 273
7740 11115 614
7740 10597 243
7740 8382 569
7740 9739 125
7740 424 712
7740 15067 957
7740 3523 969
7741 5059 472
7741 10571 244
7741 645 706
7741 15067 773
7741 1216 770
7742 239 474
7742 6751 820
7742 5832 661
7742 1676 547
7742 9303 747
7742 645 63
7743 9228 899
7743 8753 354
7744 13239 319
7744 15762 917
7744 15071 872
7744 12136 497
7745 3391 643
7745 6888 398
7745 4211 752
7745 1361 850
7745 5734 701
7745 13143 299
7745 6858 264
7745 9927 92
7746 5037 956
7746 9388 325
7747 3024 568
7747 15361 838
7747 8720 944
7747 3623 807
7747 13431 405
7748 3738 965
7748 90 931
7748 7558 850
7749 5171 13
7749 3567 319
7749 8895 861
7749 5048 797
7749 11331 444
7750 3396 565
7750 15903 843
7750 3728 899
7750 6537 627
7750 11349 228
7751 2259 357
7751 11840 783
7751 6360 198
7751 12293 434
7751 6264 202
7752 4685 745
7752 2458 854
7752 10697 140
7752 1132 449
7752 8785 44
7752 7591 297
7752 4168 366
7753 14866 642
7753 401 144
7753 14846 708
7754 4741 973
7754 13664 383
7754 230 920
7754 10309 101
7755 3610 125
7755 4542 84
7755 6379 606
7755 4794 712
7756 7989 554
7756 9427 933
7756 6648 608
7756 2048 331
7756 1635 597
7756 61 468
7757 8421 440
7757 4986 442
7757 13168 302
7757 15222 900
7757 13838 207
7758 13306 472
7758 7288 925
7758 8043 839
7758 5817 758
7759 8353 908
7759 3590 831
7759 887 971
7759 6386 555
7760 8855 3
7760 12051 499
7760 15164 506
7760 3783 708
7761 12588 222
7761 1927 57
7761 11428 108
7761 3551 475
7761 5054 219
7762 8075 924
7762 13728 783
7762 1150 503
7762 9220 936
7762 4179 506
7763 7213 100
7763 10055 191
7763 9633 55
7763 1727 680
7763 3520 576
7764 14463 227
7764 6740 254
7764 10785 934
7764 9120 596
7764 8944 987
7764 3795 823
7765 12223 973
7765 12337 834
7765 3396 7
7765 13239 836
7765 10167 970
7766 9477 529
7766 15007 429
7766 350 189
7766 2985 124
7767 2993 994
7767 14573 894
7767 7633 935
7767 7373 688
7767 8349 376
7768 2689 230
7768 11708 758
7768 13072 612
7768 13399 51
7768 6627 410
7768 5423 637
7769 2848 953
7769 4902 617
7769 4270 176
7769 12 167
7769 1510 383
7769 14753 539
7769 8386 924
7769 6639 140
7769 10339 703
7769 8718 756
7770 8446 203
7770 2021 608
7770 14444 434
7771 1009 603
7771 12145 58
7772 8985 123
7772 15813 350
7772 10541 385
7772 4309 929
7773 939 352
7773 5834 734
7773 1783 430
7773 8708 410
7774 8588 37
7774 5834 774
7774 2153 842
7775 5051 883
7775 13351 370
7775 7291 951
7776 8224 34
7776 10929 260
7776 15048 312
7776 3732 540
7776 1167 135
7777 15119 807
7777 6680 769
7777 8968 575
7777 6694 74
7778 8659 830
7778 1437 503
7778 3080 686
7779 7718 709
7779 10970 517
7779 9963 384
7779 4010 718
7779 9127 155
7779 12852 64
7779 13619 873
7779 14280 473
7779 11673 322
7779 4431 863
7780 12568 324
7780 5140 888
7781 14242 821
7781 2333 900
7781 12061 785
7781 14908 237
7781 14850 77
7781 5001 234
7781 6593 983
7781 9832 20
7782 12986 498
7782 112 624
7782 12474 611
7782 15764 318
7782 882 759
7783 7138 778
7783 7857 856
7783 15281 951
7784 13634 973
7784 10135 193
7785 7342 908
7785 9482 544
7786 9229 629
7786 9713 276
7786 3853 947
7786 6236 869
7787 8046 73
7787 10356 810
7787 8342 628
7787 11399 660
7787 13705 971
7787 7064 227
7788 13064 626
7788 4911 577
7788 6973 808
7788 6318 952
7788 13863 40
7788 7229 59
7788 11725 331
7788 7037 309
7788 9489 921
7788 10356 814
7788 14711 565
7789 8330 818
7789 478 766
7789 10009 179
7790 2132 562
7790 13605 447
7790 12150 390
7790 10397 155
7790 12106 917
7791 8607 874
7791 2238 317
7791 6519 678
7791 13518 274
7793 5970 738
7793 10553 148
7793 35 286
7794 4543 979
7794 3148 514
7794 1050 302
7794 6325 592
7794 6107 120
7794 1518 826
7794 4741 976
7794 15561 31
7795 11405 538
7795 10374 692
7795 9473 12
7795 3095 517
7795 238 249
7795 15896 319
7796 6044 513
7796 3808 197
7796 14533 849
7796 14009 679
7796 1030 240
7796 5421 82
7797 13077 926
7797 11447 428
7797 8623 488
7797 15117 247
7797 14975 831
7798 10960 229
7798 6016 772
7798 11786 995
7798 14428 750
7798 9017 805
7798 1430 157
7799 14866 959
7799 9383 52
7799 14839 359
7799 4788 48
7800 13813 487
7800 9004 417
7801 9863 835
7801 15980 141
7801 8744 61
7802 11935 725
7802 5701 277
7802 15983 798
7802 7692 462
7802 8753 906
7803 9084 364
7803 3996 966
7803 5439 215
7803 8698 817
7804 14121 831
7804 11181 354
7804 7821 663
7804 11270 923
7804 386 764
7804 10158 880
7805 4321 357
7805 4082 568
7805 1888 909
7805 5717 304
7805 9292 64
7805 15909 13
7805 11645 374
7806 5488 172
7806 4142 640
7807 11292 666
7807 2639 502
7807 1415 611
7807 10982 97
7807 14399 850
7807 6673 576
7807 3523 69
7807 422 428
7807 13102 140
7808 1709 608
7808 15669 611
7808 13240 959
7808 11350 946
7809 4008 199
7809 6138 220
7809 14555 74
7809 15165 741
7810 3228 315
7810 2992 731
7810 3014 452
7810 7508 279
7811 8307 995
7811 10073 650
7811 4378 278
7811 8722 137
7811 8148 570
7812 6182 876
7812 6019 679
7812 8357 860
7812 7467 76
7812 10376 489
7813 5799 149
7813 8646 273
7813 998 400
7813 8920 95
7813 638 368
7814 15821 267
7814 15977 608
7814 11643 893
7814 5511 871
7814 11945 785
7815 2213 938
7815 9958 776
7815 1724 581
7815 6986 586
7815 5193 423
7816 9049 758
7817 4126 539
7817 14923 214
7817 2976 403
7817 7518 305
7818 12651 148
7818 2857 426
7818 10939 587
7818 7732 246
7819 1059 780
7819 3099 461
7819 10538 655
7819 8596 84
7819 3960 719
7819 5224 523
7820 12486 644
7820 5024 237
7820 1450 126
7821 2998 512
7821 9212 2
7822 6661 944
7822 5243 821
7823 8725 490
7824 9812 27
7824 7527 372
7825 11548 618
7825 6049 953
7825 15924 558
7825 4128 184
7825 5015 767
7826 3718 870
7826 15276 299
7826 6721 208
7827 7061 149
7827 13363 850
7827 11344 289
7827 7312 600
7827 11458 850
7828 5778 239
7828 5750 141
7828 5323 815
7828 15270 303
7828 1309 514
7829 12876 127
7829 12394 209
7829 7848 46
7829 12851 862
7829 15892 321
7829 163 524
7830 4783 337
7830 3230 430
7830 13237 665
7830 11734 273
7831 5143 931
7831 13590 59
7831 10670 585
7831 1417 802
7831 8869 736
7831 6394 747
7831 5947 349
7832 3032 188
7832 12916 993
7832 4430 153
7833 9050 678
7833 11214 654
7833 14655 175
7833 1245 817
7833 14238 936
7834 225 452
7835 13237 73
7835 2060 461
7835 511 158
7835 15689 976
7835 6815 835
7836 9704 427
7836 9547 811
7836 10471 115
7836 8611 10
7836 12263 986
7836 3349 523
7837 14448 330
7837 2773 792
7838 9551 626
7838 13765 481
7838 1672 731
7838 14146 838
7839 12323 602
7839 4954 887
7841 91 849
7841 10418 673
7841 3051 702
7842 4035 952
7842 4288 701
7842 5438 599
7842 13216 314
7843 12802 326
7844 7919 12
7844 2868 756
7844 14297 871
7844 3708 844
7844 5000 980
7844 11884 321
7845 11529 952
7846 13524 717
7846 10375 490
7846 9430 493
7847 11503 97
7847 11612 687
7848 12607 659
7848 14554 266
7849 5793 898
7849 2497 982
7849 2148 380
7850 3540 973
7850 14217 29
7850 1192 872
7851 10985 622
7851 4374 456
7851 15807 238
7851 6401 688
7851 13996 124
7852 8045 959
7852 7209 262
7852 12133 998
7853 769 83
7853 8811 575
7853 5390 69
7853 4003 375
7854 13125 956
7854 11545 896
7854 2988 815
7855 14571 797
7855 4348 69
7855 14487 268
7855 671 956
7855 899 639
7856 11482 497
7856 10713 103
7856 14641 850
7856 502 844
7857 10688 781
7857 4615 887
7857 1751 62
7857 2232 809
7858 2927 312
7858 10554 224
7859 7753 813
7859 3036 799
7859 10110 61
7859 5517 645
7860 8120 425
7860 11547 7
7860 4128 699
7860 10302 70
7861 2547 499
7861 9886 384
7862 10712 5
7862 151 915
7862 15561 202
7862 2105 1000
7863 756 737
7863 943 388
7863 12612 86
7863 8468 655
7864 6521 84
7864 11 911
7864 11513 531
7864 12355 748
7865 4269 990
7865 8391 84
7865 14895 676
7865 13716 824
7865 2287 805
7866 1221 698
7866 8250 595
7867 947 37
7867 6045 630
7867 12871 160
7868 11811 755
7868 11564 427
7869 4787 777
7869 13737 904
7869 2854 737
7870 6179 126
7871 6621 796
7872 227 830
7872 15385 654
7872 9857 196
7872 7539 925
7872 7586 117
7872 2096 759
7872 9663 764
7872 3042 464
7873 12421 833
7873 13210 767
7874 9537 957
7875 969 641
7875 14491 667
7875 6074 544
7875 4331 284
7875 2575 615
7875 2978 650
7875 6957 80
7875 13241 960
7876 7208 922
7876 13748 603
7876 15400 507
7877 15641 90
7877 5082 12
7878 10307 624
7878 12900 987
7879 963 836
7879 8012 286
7879 11061 376
7879 5365 232
7880 6526 343
7880 7624 935
7880 4088 958
7880 13647 804
7880 12414 507
7881 5163 35
7881 4142 209
7881 10100 867
7881 4824 767
7881 2518 415
7881 2001 386
7882 7622 773
7882 12111 408
7882 6630 413
7883 3103 742
7883 8538 425
7883 5284 823
7883 7454 918
7883 2237 479
7883 11811 485
7884 10112 726
7884 60 875
7884 191 124
7884 7429 939
7885 14843 156
7885 3015 168
7885 10121 688
7886 5702 189
7886 8498 634
7887 12690 321
7887 7175 247
7887 14054 86
7887 12740 762
7888 12512 548
7888 10893 789
7889 6373 646
7889 319 636
7889 2749 151
7889 3700 147
7890 3209 291
7890 10425 876
7890 10138 412
7890 3974 161
7890 3934 628
7891 9247 622
7891 6143 402
7891 14886 638
7892 2218 726
7892 10191 907
7892 10341 822
7892 11602 182
7892 8218 216
7892 2514 189
7893 10851 814
7894 3619 711
7894 15045 653
7895 13143 392
7895 5308 60
7895 9048 891
7895 5112 475
7896 15925 541
7897 3833 897
7897 2498 296
7897 6774 895
7897 11705 196
7898 4954 23
7898 10394 451
7898 4135 778
7898 6836 828
7898 8501 158
7898 15082 458
7899 3705 425
7899 3854 296
7899 73 176
7899 4443 809
7900 14390 878
7900 7288 981
7900 4619 458
7900 9207 781
7901 5734 127
7901 12448 128
7901 1128 162
7901 14604 994
7901 10592 953
7901 76 1000
7901 14506 794
7902 3609 858
7902 13604 161
7902 10258 742
7902 10739 328
7902 15468 156
7902 4788 769
7902 12083 367
7903 9374 449
7903 12482 111
7903 4573 358
7903 10367 425
7903 14868 155
7903 7032 140
7903 9660 367
7903 2241 581
7904 12277 121
7904 6000 737
7905 12226 164
7905 15639 928
7905 12277 350
7905 11199 293
7906 10949 128
7906 1045 327
7906 15440 881
7906 1906 724
7907 6803 105
7907 1557 476
7907 9427 756
7907 117 451
7907 12512 977
7908 8624 304
7909 5046 176
7909 12440 3
7909 961 834
7910 10937 160
7910 14880 340
7911 11803 213
7911 2312 941
7912 14413 855
7912 674 390
7912 3809 235
7912 1038 537
7912 12113 864
7913 7292 996
7913 2821 585
7913 8808 738
7914 1548 473
7914 15343 774
7914 10935 224
7914 1172 535
7914 13483 914
7914 13890 732
7914 9321 343
7915 9083 374
7915 15858 505
7915 9337 114
7915 9761 296
7915 7531 732
7915 8580 326
7916 9266 624
7916 10554 710
7916 7716 186
7916 15718 843
7917 1868 60
7917 7104 893
7918 5578 225
7918 10962 242
7919 7762 209
7919 4914 128
7919 242 986
7919 12827 394
7920 4191 455
7920 13324 36
7920 10658 964
7920 1032 794
7920 10774 612
7921 2932 760
7921 8605 826
7921 8095 98
7921 5719 125
7922 7516 465
7922 5302 326
7922 12803 134
7922 10934 353
7923 2401 32
7923 10781 517
7923 3074 980
7923 2975 323
7924 9713 857
7924 9573 158
7924 821 791
7925 8000 549
7925 4613 933
7925 13157 673
7925 4652 873
7926 14377 424
7927 8144 913
7927 6120 704
7927 7608 971
7927 4429 4
7927 11487 831
7927 5421 970
7927 14154 420
7928 6886 309
7928 7419 525
7928 6568 390
7928 8303 665
7928 6956 770
7928 5684 454
7928 13133 898
7929 10225 489
7929 8454 738
7929 1819 977
7929 5868 762
7930 10567 981
7930 10135 231
7930 9246 418
7930 15157 584
7930 14823 992
7930 10453 230
7931 1688 220
7931 10301 68
7931 7285 908
7931 12035 535
7932 10458 538
7932 15616 664
7932 2306 786
7932 4860 463
7932 15338 432
7933 8208 825
7934 14514 291
7934 6424 724
7934 4964 317
7935 12746 119
7935 5558 431
7935 10148 717
7935 9228 425
7935 3355 437
7935 5895 413
7935 10362 329
7935 10261 951
7936 1117 571
7936 1852 309
7936 3123 872
7936 8326 837
7936 3631 17
7936 2353 842
7937 6944 702
7937 8488 345
7937 13757 291
7937 4416 775
7938 15522 941
7938 12632 927
7938 12126 986
7938 14104 8
7939 118 528
7939 8881 231
7940 1446 161
7940 9377 961
7940 5302 713
7940 15016 811
7941 5264 257
7941 11499 838
7941 4662 1
7941 7500 855
7941 15549 178
7941 3466 109
7941 8345 884
7941 2883 822
7941 13076 137
7942 2546 10
7942 7247 928
7942 2821 141
7943 1118 230
7943 11378 664
7943 12230 84
7943 5520 525
7944 8252 887
7944 10302 667
7944 4110 187
7944 7815 390
7944 9574 888
7944 6169 908
7944 15698 905
7944 8861 761
7945 13645 400
7945 7246 829
7945 7479 975
7945 10734 866
7945 9832 86
7945 5491 953
7945 9630 962
7946 3602 509
7946 14724 488
7946 7480 564
7947 11397 44
7947 7904 264
7947 412 222
7947 15594 259
7947 1536 401
7948 13287 459
7948 8553 306
7948 11611 84
7948 7331 584
7948 11265 986
7948 5596 528
7948 3513 98
7949 8122 12
7949 1151 59
7949 8372 938
7949 13175 725
7950 9338 932
7950 6954 376
7950 8226 874
7950 6834 717
7950 8879 558
7950 7190 684
7951 5776 165
7951 14674 458
7951 12874 735
7951 12734 319
7952 4998 622
7952 15001 984
7952 15967 577
7952 5129 50
7953 297 448
7953 13290 222
7953 13168 698
7953 15942 338
7953 13609 566
7954 11003 818
7954 15448 12
7954 1444 102
7954 5868 134
7954 11655 956
7955 4710 459
7955 9845 210
7955 2928 316
7955 8431 232
7955 12073 398
7955 15182 25
7955 7586 428
7955 4023 147
7956 10736 689
7956 6355 412
7956 13146 856
7956 3172 134
7956 12957 90
7957 1293 143
7957 14410 685
7957 5483 218
7957 14328 957
7957 7969 956
7958 2843 435
7959 7650 270
7959 15183 749
7959 12843 693
7959 2500 566
7959 13742 528
7959 4418 82
7959 11868 801
7960 11949 753
7960 4443 510
7960 7838 759
7961 12294 40
7961 2870 600
7961 1148 907
7962 6635 719
7962 3766 25
7962 12928 303
7962 3929 583
7963 12576 924
7963 1892 642
7963 11194 124
7963 3159 210
7964 4977 968
7964 985 127
7964 3123 416
7964 3181 174
7964 15296 474
7964 9463 54
7964 10701 561
7965 3964 594
7965 2336 895
7965 6931 942
7965 9943 683
7966 11220 488
7966 986 749
7966 11280 870
7967 4612 97
7967 15169 802
7967 3999 712
7967 15454 995
7967 6346 38
7968 13031 717
7968 2139 391
7968 12000 855
7968 8443 6
7969 5556 26
7969 15512 630
7970 9798 979
7970 11752 306
7970 13413 952
7970 13922 759
7970 12770 684
7970 4527 954
7971 11884 703
7971 11966 86
7972 2404 416
7973 7582 256
7973 10241 4
7973 14025 829
7973 9119 453
7973 6631 163
7973 9450 72
7973 8836 996
7973 15846 445
7973 9740 918
7974 2839 327
7974 10605 382
7974 15724 3
7974 8009 942
7975 1104 337
7975 15543 953
7975 5359 886
7975 4273 734
7975 2171 698
7976 6256 488
7976 6447 579
7977 13943 717
7977 9624 709
7977 14260 752
7977 15634 191
7978 2728 322
7978 4746 14
7978 14232 841
7978 8215 193
7978 13589 265
7978 8660 367
7978 14310 993
7978 3247 674
7979 7575 318
7979 6750 768
7979 12908 140
7980 14486 679
7980 11055 421
7981 12625 781
7981 15830 599
7981 15468 344
7981 5241 911
7982 15178 346
7982 3465 142
7982 8550 426
7982 15936 175
7983 4894 70
7983 12168 128
7983 3539 328
7984 5119 679
7984 13925 426
7984 625 37
7984 10865 786
7984 11828 970
7984 5919 267
7985 560 808
7985 10310 144
7986 13060 354
7986 6269 626
7986 11771 553
7987 10163 50
7987 9464 551
7987 4488 440
7987 12159 512
7987 7380 206
7988 11024 17
7988 2402 416
7989 6403 231
7989 14580 801
7989 11854 795
7989 3041 99
7990 14692 529
7990 7096 258
7990 12274 99
7990 7612 85
7990 8036 961
7991 6135 522
7991 7593 958
7991 7718 60
7992 7223 904
7992 11104 765
7992 15222 775
7992 11667 290
7992 14993 739
7993 12245 879
7993 7733 293
7993 7499 169
7994 186 144
7994 7007 391
7995 4726 676
7995 8305 411
7995 15056 197
7995 3889 338
7996 203 288
7996 10611 889
7996 13416 129
7997 8069 755
7997 15097 2
7997 8128 110
7997 10292 47
7998 5447 67
7998 6594 345
7999 14019 878
7999 7417 883
7999 5869 944
8000 7461 932
8000 2226 590
8000 15082 743
8000 6303 844
8000 8803 388
8001 1938 72
8001 13988 890
8001 456 836
8001 2875 728
8002 7188 379
8002 8183 570
8002 14065 470
8003 2692 367
8003 15149 361
8003 1247 356
8003 7987 602
8003 2210 17
8004 6844 614
8005 3832 972
8005 5037 448
8005 14623 356
8005 13964 779
8005 8365 107
8006 9690 561
8006 9287 951
8006 2925 898
8006 4849 837
8006 4379 307
8007 10290 458
8007 4176 508
8007 513 288
8007 7003 568
8007 12190 923
8007 682 46
8008 673 912
8008 216 45
8008 826 786
8008 9890 252
8009 2628 107
8009 15131 939
8009 1507 473
8009 3742 472
8009 14159 185
8010 6879 855
8010 8610 688
8010 2797 959
8011 12289 147
8011 8640 672
8011 12148 200
8011 1224 873
8011 3420 248
8011 7852 319
8011 2584 120
8011 13077 39
8012 9656 177
8012 11033 713
8013 1568 666
8013 10323 217
8014 1892 895
8014 11736 251
8014 10957 203
8014 12747 27
8015 13355 725
8015 4706 156
8016 10637 737
8016 575 878
8016 227 280
8017 4962 744
8017 7912 681
8017 1999 219
8017 1178 294
8017 5861 710
8017 9632 68
8017 9885 82
8017 14810 353
8018 3618 854
8018 12825 32
8019 4102 585
8020 813 235
8020 8272 589
8020 2981 603
8021 11101 613
8021 7272 249
8021 2098 895
8022 611 807
8022 3955 139
8022 13124 528
8022 8630 411
8022 14014 655
8022 11099 50
8022 4210 343
8022 4149 911
8022 15817 443
8022 9634 751
8023 4223 573
8023 1156 501
8023 15795 587
8023 13308 847
8023 15614 440
8023 9545 916
8023 7789 689
8024 65 870
8024 15253 34
8025 15722 601
8025 2817 902
8026 3552 619
8026 9932 773
8027 2732 467
8027 10037 171
8028 14082 731
8028 11403 392
8029 9510 983
8029 4366 918
8029 15729 484
8030 3477 395
8030 13758 351
8030 5432 770
8030 15194 922
8030 7213 272
8030 14716 491
8030 5826 838
8030 5289 337
8030 12150 317
8030 4333 181
8031 7624 374
8031 1229 861
8032 11939 836
8032 2351 214
8033 7409 329
8033 10584 499
8035 3443 706
8035 6277 988
8035 7917 756
8035 9385 63
8036 14821 975
8036 3847 135
8036 8931 206
8036 4968 741
8036 10284 378
8036 13838 258
8037 13290 946
8037 10726 178
8037 3874 850
8037 15057 716
8038 4395 424
8038 7987 542
8039 4622 665
8039 9053 882
8039 13743 726
8040 392 62
8040 8896 248
8040 7792 635
8040 8122 899
8040 7865 481
8040 5989 941
8041 10705 959
8041 7836 206
8042 6751 528
8042 10428 477
8042 9532 949
8042 2113 501
8043 6656 580
8043 12870 761
8043 14516 484
8044 11874 104
8044 5560 352
8044 9921 753
8044 12682 176
8044 3427 644
8044 8400 539
8045 6658 604
8045 646 462
8045 10633 285
8045 12479 930
8045 14982 924
8045 7560 708
8046 5309 850
8046 14623 243
8047 9480 697
8047 13779 249
8047 4062 38
8048 7184 462
8048 15267 359
8048 11834 691
8048 4520 668
8049 11302 370
8049 1056 116
8049 7876 328
8049 3308 441
8050 740 62
8050 11102 837
8050 14501 666
8050 11055 606
8051 10962 291
8052 4342 880
8052 13333 69
8052 12484 617
8053 3937 411
8053 4206 129
8053 15891 983
8053 9343 364
8053 14354 549
8054 10412 35
8054 13877 95
8055 11106 243
8055 5469 207
8055 13149 879
8055 13804 942
8056 268 360
8056 13353 529
8057 10438 84
8057 15843 864
8057 7644 246
8057 3619 641
8058 339 788
8058 4920 790
8059 13191 261
8059 9099 133
8059 4777 273
8059 8582 29
8059 10533 225
8059 1826 788
8060 647 270
8060 3420 468
8060 8110 879
8060 15973 798
8062 8618 990
8062 4071 124
8063 592 494
8063 6757 232
8063 675 816
8063 4246 67
8063 4722 158
8064 3090 722
8064 9755 767
8064 5638 761
8064 7345 961
8064 6461 140
8064 7280 351
8064 7786 633
8065 4332 161
8065 12405 801
8065 4149 965
8065 11055 721
8065 8493 613
8065 14798 486
8066 2906 22
8066 4618 483
8066 6600 971
8066 15450 154
8067 11018 673
8068 13614 901
8068 9843 901
8068 9639 6
8068 12040 40
8069 15848 457
8069 13249 576
8069 12935 734
8069 1107 132
8070 8365 508
8070 478 794
8070 4565 565
8071 10721 207
8071 4671 654
8071 12627 892
8071 6763 125
8071 7740 563
8072 11662 306
8072 10411 571
8072 15456 269
8072 1217 372
8073 1030 572
8073 7509 399
8073 7655 539
8073 9867 718
8073 7479 518
8073 5950 612
8074 1309 834
8074 4072 374
8074 2856 893
8074 7900 3
8075 7588 850
8076 11041 981
8076 11254 795
8076 14538 962
8076 3707 600
8076 2104 401
8076 357 315
8077 14716 591
8078 4927 678
8078 6130 493
8078 3159 428
8079 11885 983
8079 10278 260
8079 5671 104
8079 7180 878
8080 13350 70
8080 14680 285
8081 421 168
8081 1238 466
8081 14794 650
8081 8112 120
8082 9341 978
8082 6041 975
8082 6934 986
8082 11895 185
8082 2217 119
8082 10217 325
8082 12413 702
8082 1738 240
8083 4024 191
8083 5068 133
8083 6323 740
8083 2045 775
8084 1822 290
8084 15256 400
8084 201 399
8084 4936 947
8084 10921 947
8084 11827 964
8084 7078 260
8084 2934 836
8084 2017 409
8084 10518 294
8084 14145 609
8085 6889 189
8085 1226 786
8086 8531 935
8086 4465 37
8086 9049 674
8086 12903 569
8086 567 737
8086 11845 160
8087 14625 121
8087 2607 967
8087 2823 315
8087 8505 918
8087 14968 78
8088 12973 372
8088 14727 859
8088 4424 341
8088 3445 841
8088 13418 665
8089 12089 882
8089 10694 603
8090 9213 712
8090 760 439
8090 15879 935
8090 11511 465
8091 11618 871
8091 2570 936
8091 9765 220
8091 453 434
8092 8453 59
8092 1787 795
8092 2046 639
8093 15324 122
8093 12637 850
8093 2107 388
8094 15915 547
8094 15136 278
8094 12016 879
8094 10296 775
8095 121 329
8095 7108 816
8096 8524 134
8096 4641 255
8096 6057 602
8096 5377 250
8097 1344 735
8097 15089 283
8097 5363 97
8097 1117 609
8098 3530 219
8098 164 699
8098 737 284
8098 2130 453
8098 6277 905
8098 629 623
8098 8593 978
8098 4978 629
8098 11869 650
8098 13786 187
8099 5286 316
8099 11346 774
8099 9746 514
8099 968 944
8099 13399 980
8100 12093 641
8100 10420 278
8100 8690 477
8101 7659 202
8101 15769 691
8101 10136 79
8101 6401 851
8101 6315 952
8102 14053 199
8103 11548 693
8103 2731 406
8103 5625 372
8103 15035 976
8104 4645 165
8104 59 963
8104 14310 81
8104 7025 466
8105 11012 548
8105 15281 134
8105 3583 443
8106 15625 7
8106 3195 799
8106 15813 525
8106 11745 82
8106 15266 547
8107 11328 158
8107 15121 413
8107 3038 881
8107 892 616
8108 8204 65
8108 11638 187
8108 5226 436
8109 15187 204
8109 9209 908
8109 2575 896
8109 1151 81
8110 3133 320
8110 10248 16
8110 7071 75
8110 2301 89
8110 3387 968
8111 6889 122
8111 3610 796
8111 5067 407
8111 7594 792
8111 9902 162
8111 630 475
8111 11366 117
8112 13475 861
8112 10724 470
8112 14233 362
8112 1393 869
8112 2029 752
8113 7232 712
8113 12085 34
8113 12631 471
8113 3832 705
8114 475 587
8114 1663 662
8114 5243 330
8115 4799 854
8115 13855 168
8115 7194 817
8115 12754 856
8116 3484 366
8116 10693 417
8116 3252 846
8116 4019 60
8117 12766 276
8117 2612 766
8117 4899 656
8117 2201 271
8118 14882 854
8118 7950 373
8118 11078 687
8118 12474 174
8118 15997 732
8119 8861 336
8119 379 692
8119 4514 204
8119 3170 336
8120 769 452
8120 9716 924
8120 13534 253
8121 989 212
8121 7136 759
8121 12806 715
8121 5102 614
8121 10117 115
8122 1010 568
8122 8791 543
8123 2713 368
8123 1565 441
8123 8185 68
8123 10704 849
8123 7933 614
8124 456 97
8124 10917 975
8125 6583 18
8125 2462 517
8125 11421 600
8125 7775 228
8125 11832 818
8126 1758 948
8126 2384 853
8126 1486 426
8126 4185 116
8127 5183 249
8127 4161 307
8128 6987 580
8128 11945 557
8128 14950 381
8128 9371 453
8128 6795 904
8128 3616 756
8128 10040 135
8128 3322 178
8129 965 713
8129 14744 334
8129 10103 197
8129 7905 84
8130 12427 956
8130 12911 802
8132 2775 688
8132 15453 646
8132 766 33
8132 7122 449
8133 8634 178
8133 5592 333
8134 9220 528
8134 1340 346
8134 11726 1000
8134 6449 779
8134 801 24
8135 12278 869
8135 11031 467
8136 2329 206
8136 1910 41
8136 15176 733
8136 10864 725
8136 3038 226
8138 64 299
8138 9687 77
8138 14956 649
8139 8478 596
8139 9685 935
8139 14276 616
8139 7761 585
8139 7188 649
8139 15126 133
8140 13630 307
8140 1433 526
8140 1893 250
8140 13719 970
8141 10166 759
8141 1669 59
8142 13450 32
8142 8462 36
8142 4708 435
8142 5395 596
8143 10981 568
8143 4508 822
8143 6127 341
8143 4161 480
8144 11700 363
8144 9315 897
8144 647 331
8144 8118 784
8144 4743 859
8144 5417 833
8145 13215 654
8145 13588 654
8145 4872 288
8145 7522 244
8145 2366 199
8145 15873 176
8145 5022 495
8146 149 464
8146 13404 588
8146 10755 487
8146 9414 850
8146 12379 74
8146 14483 935
8147 9688 426
8147 12061 247
8147 7445 163
8147 9888 515
8148 12961 293
8148 3281 261
8148 4175 658
8148 14883 461
8148 3535 836
8149 15819 800
8149 9837 766
8149 5436 888
8149 8726 15
8149 14439 531
8150 964 575
8150 11943 24
8150 644 449
8150 14695 462
8151 13727 152
8151 7676 597
8151 11261 134
8151 14255 858
8151 128 209
8152 15573 464
8153 1662 827
8153 15223 209
8154 7907 523
8154 5427 816
8154 5264 369
8155 11482 28
8155 12553 337
8155 15029 995
8156 6556 13
8156 5868 529
8156 270 382
8156 11697 571
8157 14538 876
8157 3400 650
8158 11782 969
8158 15194 230
8158 10096 343
8158 7825 606
8158 9728 235
8158 1598 728
8158 12386 252
8159 3611 785
8159 5675 804
8159 14558 307
8159 15955 86
8159 8668 17
8159 15146 311
8160 3658 151
8160 10814 679
8160 14499 22
8160 4332 748
8160 9696 472
8160 9765 311
8160 5737 702
8161 21 163
8161 11831 196
8161 15063 833
8161 2867 78
8161 11327 369
8162 10431 503
8162 11916 429
8162 7302 432
8162 13169 443
8163 14283 865
8163 4846 686
8163 7528 979
8163 10361 381
8163 3028 11
8164 14158 179
8164 8176 662
8164 2073 130
8164 4615 341
8165 13101 940
8165 1935 423
8165 6676 909
8165 15488 349
8165 11903 792
8166 8581 807
8166 2151 68
8166 1761 393
8167 4128 56
8167 7204 896
8167 3228 584
8167 5215 952
8167 552 839
8167 8171 175
8168 4042 602
8168 1504 267
8168 9526 597
8168 5324 509
8168 507 102
8168 11352 124
8169 859 478
8169 6506 368
8169 8236 66
8169 4748 662
8170 2630 919
8170 11719 168
8170 3512 98
8170 7031 557
8171 8108 691
8171 15779 54
8171 3241 220
8171 15610 736
8172 5464 165
8172 1000 407
8173 9214 704
8173 10944 441
8173 4189 798
8173 14030 632
8174 4984 422
8174 14950 551
8174 9444 209
8174 5065 235
8174 5149 532
8175 2797 729
8175 12766 339
8175 6790 743
8175 13901 623
8175 5987 29
8175 4634 305
8176 9840 436
8176 8264 993
8176 7463 659
8176 7695 872
8176 15641 128
8176 12105 869
8176 2360 619
8176 12970 592
8176 4667 894
8177 14875 95
8177 4706 276
8177 7336 758
8177 2434 510
8178 10359 486
8178 3605 381
8178 2239 746
8179 4290 405
8179 1194 488
8179 13891 349
8180 6392 691
8180 7864 93
8180 14515 140
8181 7722 972
8181 297 758
8181 9740 839
8181 6180 939
8182 14352 1
8182 6591 177
8182 4779 198
8183 14348 539
8183 1023 351
8183 7458 741
8183 4471 763
8184 6782 884
8184 1291 342
8184 13831 335
8184 13982 757
8185 1644 226
8185 6180 915
8186 7622 753
8186 1240 999
8186 7913 80
8186 7641 996
8186 5968 880
8187 1542 403
8187 12735 869
8187 3968 475
8188 2308 751
8188 3256 438
8189 7922 342
8189 321 65
8189 1440 305
8189 8622 593
8189 1949 220
8190 11895 322
8190 15847 430
8191 5789 681
8191 15351 962
8191 4022 21
8191 12172 66
8192 4407 638
8192 11517 17
8192 10635 597
8193 203 981
8193 4782 449
8193 1474 154
8194 12868 678
8194 13080 649
8194 8102 646
8194 8427 814
8194 8571 540
8194 10267 730
8196 11912 513
8196 4964 38
8196 8815 214
8197 15139 825
8197 4215 285
8197 8611 27
8198 9992 479
8198 9909 540
8198 9111 106
8198 2949 261
8198 7826 716
8199 7919 240
8199 9051 613
8199 10893 140
8200 3058 489
8200 4070 606
8200 10210 904
8201 6232 915
8201 25 576
8201 12699 431
8201 2839 330
8201 6648 236
8202 11442 812
8202 12508 934
8202 10152 698
8202 6109 498
8202 7996 211
8202 15371 939
8203 5270 503
8203 11028 612
8203 1563 817
8203 11284 882
8203 13675 682
8203 10931 135
8203 15353 699
8204 4224 196
8204 15645 46
8204 6117 111
8205 8959 618
8205 3643 858
8205 11310 985
8205 13566 363
8205 170 668
8205 2642 161
8205 2134 580
8206 4863 151
8206 15859 260
8206 5172 675
8207 14283 215
8207 14634 990
8207 7301 830
8208 15204 799
8208 6697 581
8208 15713 756
8208 5847 283
8209 10844 783
8209 655 515
8209 9501 671
8210 5361 111
8210 12607 873
8211 1979 304
8211 14947 679
8211 15213 880
8212 8999 837
8212 13549 860
8214 697 913
8214 7291 816
8214 14257 575
8214 2484 778
8214 14820 8
8214 6396 144
8214 6717 118
8215 14004 753
8215 6448 314
8215 4336 486
8215 4255 326
8215 8629 677
8216 13420 838
8216 12739 464
8216 4528 318
8217 6728 426
8217 5614 344
8217 14212 195
8217 5508 495
8217 11397 402
8217 13532 322
8218 2418 530
8218 117 710
8218 10545 969
8219 4313 438
8219 13250 217
8219 12135 460
8219 10186 88
8219 15118 630
8219 13941 815
8219 6372 856
8220 11068 50
8220 11573 542
8220 1061 55
8221 6204 396
8221 10725 710
8222 588 424
8222 8487 929
8222 3558 608
8222 2228 1000
8222 14532 750
8223 2657 53
8223 8734 956
8223 15861 109
8223 13833 237
8223 8470 736
8224 14568 950
8224 6793 257
8224 15916 968
8225 15955 160
8225 13652 754
8225 6805 581
8225 11799 748
8225 14000 880
8225 2728 943
8225 7684 722
8226 13719 790
8226 1329 175
8226 896 642
8226 15680 283
8226 8446 608
8227 9682 652
8227 8704 870
8227 3740 564
8227 4180 466
8227 5886 841
8227 3370 746
8228 11524 858
8228 8694 11
8228 6058 8
8228 11515 719
8228 607 877
8228 5192 1000
8228 6144 163
8229 13632 947
8229 3708 588
8229 6938 884
8229 11253 127
8229 11928 413
8229 7792 900
8230 3746 718
8230 13022 447
8230 441 477
8230 2670 750
8230 13661 165
8230 5780 369
8231 353 442
8231 10476 465
8231 11352 839
8231 11611 794
8232 6798 334
8232 15684 415
8234 2517 1
8234 7518 182
8235 3258 866
8236 9962 394
8236 428 318
8236 2000 715
8236 7678 466
8236 4134 536
8236 13894 170
8237 9298 649
8237 6916 620
8237 13497 914
8237 4560 966
8237 6069 862
8238 13154 514
8238 5576 270
8238 5215 960
8238 13195 120
8238 11888 775
8239 5549 304
8239 6143 937
8239 3092 835
8239 6025 300
8239 2873 708
8239 2061 840
8239 15945 415
8240 6756 434
8240 11074 402
8240 2512 312
8240 45 913
8240 8335 431
8241 7658 367
8241 14106 214
8241 3696 282
8241 10404 290
8242 2316 832
8242 201 139
8242 5788 308
8242 10284 517
8242 14051 53
8243 3250 450
8243 3548 162
8244 1936 928
8244 11473 526
8244 4824 829
8244 2544 905
8245 10456 804
8245 1103 161
8245 14925 874
8245 7583 565
8245 11971 329
8245 1566 932
8245 12376 814
8246 2096 369
8246 468 190
8246 7520 2
8246 5473 343
8246 168 834
8246 12685 262
8247 6856 641
8247 8945 4
8247 12274 365
8248 1826 667
8248 13127 481
8248 15091 600
8249 2020 806
8249 14614 702
8249 15873 951
8249 13926 662
8249 1140 766
8249 5040 974
8250 4888 365
8250 14981 950
8250 5667 387
8250 13626 394
8251 14755 689
8251 3373 402
8251 1897 576
8251 10264 175
8251 1264 29
8251 13676 458
8252 2479 724
8252 10999 619
8252 12596 362
8252 7112 738
8252 3245 351
8252 2695 164
8252 15279 180
8253 10806 263
8253 11896 785
8253 14715 728
8253 15471 971
8254 11283 821
8254 5334 21
8254 5963 909
8254 2952 943
8254 10219 411
8255 14985 776
8255 13687 876
8256 7309 466
8256 11048 16
8256 4867 199
8256 9856 68
8256 7877 846
8256 11144 159
8256 14370 205
8257 10694 50
8257 2404 754
8257 1621 950
8257 10237 684
8257 9446 263
8258 15469 678
8258 2766 711
8259 1763 501
8259 754 190
8259 14713 210
8259 7485 548
8259 10189 399
8260 15029 309
8260 10831 497
8260 10006 962
8260 15593 307
8260 3187 46
8261 6811 638
8261 5065 927
8262 14074 880
8262 9425 872
8262 9630 87
8263 6778 259
8263 15620 203
8263 7595 624
8263 11449 808
8263 4343 411
8263 15378 33
8263 8013 246
8263 1716 917
8264 6262 196
8264 3571 77
8264 12263 668
8265 242 576
8265 4194 795
8265 4958 81
8265 5294 146
8265 8130 598
8265 15428 621
8266 6505 593
8266 13934 811
8266 9577 267
8267 1480 242
8268 15837 514
8268 6888 371
8269 14986 740
8269 14957 680
8269 11743 391
8270 4552 768
8270 11916 941
8270 11605 535
8270 8858 699
8271 15201 880
8271 3022 446
8272 8720 212
8272 2898 129
8272 3077 666
8272 5810 148
8272 6767 678
8273 6208 97
8273 10629 379
8273 5519 771
8274 6138 777
8274 13547 42
8274 11961 710
8274 8184 114
8275 6618 25
8276 4570 883
8276 5115 79
8276 3423 891
8276 1749 535
8276 3004 288
8277 385 371
8277 8931 80
8277 4388 690
8277 8995 33
8277 345 102
8277 14145 168
8277 4409 263
8278 6563 992
8278 3670 308
8279 604 421
8279 5970 199
8279 12392 41
8279 12781 906
8279 12036 703
8280 3735 331
8280 14783 71
8280 6364 850
8280 8108 543
8280 1173 696
8280 9724 336
8280 6327 319
8281 990 642
8281 5428 181
8281 14256 226
8281 4678 163
8281 9509 413
8282 10825 519
8282 8430 820
8282 5757 249
8282 13203 114
8282 996 900
8283 14465 381
8283 1389 216
8283 1459 270
8283 8982 629
8285 11361 781
8285 15587 945
8285 1307 678
8285 7242 68
8285 9375 696
8285 10700 667
8286 9150 769
8286 12777 647
8286 13844 45
8287 15839 178
8287 103 702
8287 13487 892
8287 14489 723
8288 12540 311
8289 14395 946
8289 13376 4
8290 11696 531
8290 757 779
8291 6843 290
8291 12363 634
8291 6526 564
8291 13902 965
8291 5025 876
8292 10055 647
8292 13812 238
8292 9997 352
8293 11322 722
8293 11847 457
8294 9317 380
8294 7946 437
8294 6002 904
8295 559 233
8295 8536 33
8295 4830 581
8295 866 132
8295 10415 316
8295 2932 917
8295 7360 942
8296 2113 221
8296 9873 472
8296 7958 105
8296 7066 262
8296 15523 683
8296 10966 113
8296 3262 588
8296 3923 213
8296 13598 444
8297 29 250
8297 4418 865
8298 933 329
8298 10117 367
8298 2186 996
8299 8681 736
8299 10800 139
8299 10081 56
8299 12177 94
8300 2879 423
8300 4498 436
8300 13517 822
8301 12633 119
8301 15988 34
8301 8540 381
8301 9523 973
8302 10036 679
8302 2097 425
8303 12921 74
8303 6472 287
8303 7669 291
8303 14725 825
8303 3231 185
8304 12622 240
8304 15472 995
8304 1903 161
8304 2602 998
8305 12308 835
8305 6306 912
8305 8563 635
8305 10365 711
8305 1870 63
8306 15097 765
8306 7495 22
8306 14560 945
8307 2929 126
8307 7498 512
8307 4112 76
8308 10776 354
8308 241 20
8308 11525 577
8309 4851 12
8310 6961 747
8310 4831 922
8310 13770 344
8310 5975 392
8310 5612 811
8310 1133 285
8310 11792 315
8310 15977 627
8311 6727 841
8311 4803 483
8311 11125 842
8311 13047 651
8311 9355 884
8311 15408 316
8312 15016 533
8312 2339 771
8312 5450 136
8313 2659 475
8313 4735 631
8313 7266 685
8314 1232 217
8314 8062 265
8314 12129 534
8314 15913 62
8314 1269 152
8314 2568 460
8314 2951 880
8314 8357 690
8314 11651 497
8315 10293 496
8315 8752 719
8315 12549 57
8315 1193 317
8315 9380 588
8316 9278 123
8316 10575 262
8316 6651 980
8317 9937 647
8317 7920 756
8317 12107 699
8317 7789 584
8317 8166 328
8317 6975 209
8318 2438 132
8318 6498 346
8318 8965 330
8319 3328 126
8319 1115 995
8319 7847 408
8319 2143 718
8319 11241 471
8319 6724 569
8319 5263 301
8319 6925 174
8320 11991 855
8320 15440 157
8320 10233 931
8320 3143 557
8320 4029 431
8320 13069 521
8321 1318 345
8321 15970 562
8321 11286 964
8322 2518 245
8322 12392 441
8322 3964 285
8322 1250 318
8322 2432 742
8322 8079 508
8323 8913 734
8323 6263 819
8323 8089 740
8323 15612 823
8323 5780 813
8324 2539 80
8324 3910 311
8324 2188 905
8324 2424 720
8324 2172 429
8325 15802 268
8325 3497 519
8325 2062 888
8325 11763 849
8325 12039 445
8326 1099 202
8326 9001 35
8326 13774 59
8326 2033 528
8326 4678 805
8326 15957 316
8326 3019 623
8327 11950 846
8327 79 853
8327 2710 762
8327 788 478
8327 7063 243
8327 13448 667
8328 5307 450
8328 7650 347
8328 7986 609
8328 13390 920
8329 9844 83
8329 9605 222
8329 13974 516
8329 7056 661
8329 14249 503
8329 8752 576
8330 2584 604
8330 11236 321
8330 46 684
8330 3738 733
8330 9122 38
8331 8493 486
8331 6866 553
8331 15737 413
8332 2750 826
8332 2770 884
8332 6620 57
8333 8316 689
8333 12500 928
8333 8624 114
8334 327 305
8334 15962 255
8334 14401 700
8334 3184 245
8334 1035 35
8335 9180 337
8336 12607 773
8336 6019 260
8336 11762 126
8336 1419 946
8336 1201 57
8337 3237 685
8337 6734 54
8337 13787 637
8337 14025 687
8338 7010 242
8338 9410 464
8339 875 123
8340 4874 743
8340 9097 575
8340 15781 465
8340 11028 599
8340 10783 417
8341 2991 174
8342 6598 605
8343 12242 107
8343 543 527
8343 9059 601
8343 5231 922
8344 11579 858
8344 10342 161
8344 5212 375
8344 11535 784
8344 9680 753
8345 11021 202
8345 8289 577
8345 13303 88
8345 1538 367
8346 13138 487
8346 4309 732
8346 10404 894
8346 3761 97
8346 13191 311
8346 8253 228
8347 1866 401
8348 14711 353
8348 15156 87
8349 3824 199
8349 11410 116
8349 12353 688
8349 4686 895
8349 1951 131
8349 14359 989
8349 14923 481
8350 3934 746
8350 9861 347
8350 8253 658
8350 5349 456
8351 2510 934
8351 15299 1
8351 3597 839
8351 71 672
8351 12679 743
8351 1327 525
8351 1959 296
8351 1589 439
8352 5217 600
8352 6232 137
8352 7002 200
8352 2138 492
8352 14243 38
8352 12768 826
8353 15892 526
8353 9296 296
8353 1715 132
8354 10852 932
8354 9529 511
8354 13801 567
8355 2894 855
8355 9648 923
8355 14338 464
8355 10649 147
8355 12733 263
8355 582 518
8355 2113 288
8356 275 69
8356 15319 783
8357 1916 400
8357 1988 112
8357 9546 335
8357 4178 485
8357 6394 30
8357 12372 723
8357 11774 36
8358 7244 680
8358 2898 82
8358 5283 132
8358 10480 827
8358 8324 779
8358 14445 424
8358 5755 466
8358 6821 628
8358 14553 452
8359 4135 772
8359 1397 500
8359 2360 481
8359 15265 784
8359 12263 645
8359 1037 551
8359 14264 626
8359 9878 235
8360 1830 5
8360 13425 593
8361 3211 226
8362 5948 196
8362 7099 705
8362 7306 571
8363 5092 73
8363 5707 607
8363 1265 924
8363 8003 540
8363 14443 450
8363 11652 347
8363 12923 362
8363 12112 197
8364 4046 711
8364 586 549
8364 1318 544
8364 3025 980
8365 6320 685
8366 14100 155
8366 13288 870
8366 2886 47
8366 5852 491
8366 2045 219
8366 14931 501
8367 10195 557
8367 4633 682
8367 15704 418
8367 4441 387
8368 4958 344
8368 11384 988
8368 12183 847
8368 4340 407
8368 8506 628
8368 2199 439
8370 9213 499
8370 12406 886
8370 10610 928
8370 15590 818
8370 13201 811
8371 153 840
8371 15689 96
8371 34 994
8371 12982 660
8371 6043 13
8371 3591 569
8371 3672 250
8371 4556 809
8371 6437 27
8372 9797 942
8372 9166 55
8372 15789 112
8372 7574 577
8372 14084 16
8372 4798 586
8373 5626 206
8373 724 536
8373 1326 356
8374 8814 743
8374 14959 698
8374 11109 251
8374 3968 806
8374 4351 851
8374 6797 728
8374 3522 438
8375 13304 732
8375 9497 976
8375 11133 307
8375 12578 473
8376 8356 874
8376 14227 80
8376 1076 413
8376 4984 936
8376 6066 510
8376 7088 803
8376 7514 658
8377 2113 298
8377 607 145
8377 2653 69
8377 7945 270
8377 1982 688
8378 9437 409
8378 2158 168
8378 8828 33
8378 10089 470
8378 13785 833
8378 15989 992
8379 2847 298
8379 9118 435
8379 10812 515
8379 6133 153
8380 6604 578
8380 9818 633
8381 980 726
8381 15978 631
8381 7864 52
8382 11298 591
8383 6873 558
8383 1732 584
8383 7795 979
8383 796 756
8383 1335 465
8383 3540 383
8383 6866 574
8384 8707 278
8384 2693 546
8384 2839 338
8384 9239 740
8384 164 128
8384 1058 942
8385 12617 961
8385 2657 595
8386 10132 469
8386 1019 862
8387 5208 633
8387 15371 659
8387 3909 306
8387 6406 14
8387 13979 815
8387 9838 322
8388 9714 433
8388 12590 489
8388 10550 719
8388 1156 498
8388 4465 553
8388 2384 616
8388 7738 331
8388 845 38
8389 6627 903
8389 3366 212
8389 14959 368
8389 15603 115
8389 14975 435
8389 12268 952
8390 5315 813
8390 8076 484
8391 4888 875
8391 12923 514
8391 10626 567
8392 14344 209
8392 14949 483
8392 7877 553
8393 13669 556
8393 3460 490
8393 4118 13
8394 14983 278
8394 11657 848
8394 5600 732
8395 7587 141
8395 14448 569
8395 12320 647
8395 5318 612
8395 5885 451
8396 15216 173
8396 9748 862
8397 13549 1000
8397 10587 285
8397 2178 832
8397 5596 798
8397 8537 368
8397 6129 19
8397 12637 933
8397 15041 937
8398 3033 916
8398 11984 999
8398 15277 797
8398 6293 679
8398 9913 374
8398 3598 194
8398 308 802
8399 13097 737
8399 2102 469
8399 798 169
8400 9601 731
8400 8230 387
8400 3202 671
8400 6769 946
8400 3337 660
8401 11626 889
8402 6740 541
8402 10712 688
8402 1910 19
8402 13225 861
8402 13633 357
8403 3804 378
8403 7236 701
8403 2941 319
8403 2371 264
8403 15417 648
8403 12706 792
8403 11509 526
8404 14766 635
8404 8538 928
8404 6757 972
8404 15941 961
8404 15749 182
8405 10545 31
8405 9323 771
8405 4386 913
8405 11664 806
8405 7897 923
8405 167 624
8406 6126 816
8406 9109 966
8406 1317 706
8406 5136 319
8406 11557 146
8406 4638 762
8407 1584 536
8407 11467 251
8407 3478 427
8407 15394 412
8407 13709 424
8407 1718 283
8409 10888 113
8409 15483 374
8409 10502 435
8409 7249 180
8410 13885 912
8410 4307 627
8410 7014 850
8410 10675 318
8410 8656 659
8410 10427 494
8410 14212 786
8410 1444 228
8411 5116 786
8411 14659 965
8411 5439 42
8411 14949 636
8411 13322 81
8412 15393 180
8412 9289 975
8413 11403 536
8414 11853 458
8414 10659 798
8414 2984 639
8414 14791 137
8415 11483 526
8415 1908 620
8415 4391 741
8415 9681 493
8415 5659 356
8415 3077 864
8416 11083 680
8416 9099 116
8416 1637 657
8416 2856 962
8417 10595 316
8417 1628 96
8417 10431 249
8418 7919 643
8418 14456 476
8419 11066 391
8419 10914 266
8419 1203 979
8419 8584 558
8420 3209 665
8420 5189 166
8420 6211 137
8420 6495 955
8420 2195 271
8421 9950 175
8421 2448 258
8421 10608 717
8421 13644 243
8421 9821 91
8421 3821 78
8421 1577 136
8421 7064 679
8421 1765 172
8422 14011 727
8422 13324 426
8422 3734 598
8423 1647 98
8424 10014 837
8425 4580 913
8425 2196 944
8426 5624 524
8426 9447 145
8426 4074 213
8426 8367 523
8426 3612 347
8427 7054 782
8427 9003 353
8427 774 748
8427 5776 480
8429 15716 652
8429 5961 262
8429 5244 478
8430 11677 166
8430 5286 411
8431 6592 214
8431 14046 287
8431 5495 838
8432 9915 259
8432 13206 580
8432 11983 368
8432 15376 271
8432 12788 865
8433 7620 395
8433 50 167
8433 4147 703
8433 6521 187
8434 10309 80
8434 3684 517
8435 11791 428
8435 7833 106
8435 3136 850
8436 5542 913
8436 14397 532
8436 11905 160
8436 3008 631
8437 13283 199
8437 2408 370
8438 567 617
8438 9330 446
8438 10234 12
8438 14772 734
8438 7049 238
8438 13652 938
8438 5460 782
8438 7806 868
8439 9496 309
8439 14533 869
8440 5395 396
8440 2041 696
8441 422 784
8441 8007 162
8441 6082 713
8441 11114 68
8441 822 368
8441 14800 327
8441 2950 571
8442 338 323
8442 5796 903
8442 2103 446
8443 11286 391
8443 14604 358
8443 10228 834
8443 14652 676
8444 11025 823
8444 1828 249
8444 13713 388
8445 4574 968
8446 15010 52
8446 13042 45
8446 9664 552
8446 9571 847
8447 7920 231
8447 3514 753
8448 14684 37
8449 1558 900
8449 3259 174
8449 2971 800
8450 4554 848
8450 13262 782
8450 6080 95
8450 3389 845
8450 15343 875
8452 1169 214
8452 15375 565
8452 7868 470
8452 8541 977
8453 10283 398
8453 5102 448
8453 5180 163
8453 7455 866
8453 11889 318
8453 2665 569
8453 3481 33
8453 2332 975
8453 2932 989
8454 3022 772
8454 15662 419
8455 11091 568
8455 10339 633
8455 6632 34
8455 12014 937
8455 11228 41
8455 6724 576
8455 9991 193
8456 5826 595
8456 4151 27
8456 3673 12
8456 15783 983
8457 10176 71
8457 5231 345
8457 13604 420
8458 4440 261
8458 15566 427
8458 5513 388
8459 8568 502
8459 5824 830
8460 13274 605
8460 9676 736
8460 1451 372
8460 10333 654
8460 13372 343
8461 9180 364
8461 13122 379
8461 15086 535
8461 8251 649
8461 11702 653
8462 10555 840
8462 11798 882
8462 5526 542
8463 10466 256
8463 349 36
8464 5300 462
8464 15658 278
8464 12061 43
8464 14725 826
8464 6208 348
8464 14869 901
8464 11872 780
8465 10438 410
8465 1508 407
8465 12522 533
8465 7402 10
8466 12273 125
8466 14714 667
8466 12457 261
8466 13516 528
8467 8615 254
8467 9343 432
8467 1879 338
8467 2699 152
8468 1182 534
8468 11302 231
8468 9211 368
8468 13402 766
8469 11787 741
8470 11836 792
8470 4241 123
8470 14685 544
8470 7156 925
8470 256 214
8470 1329 256
8471 14331 747
8471 11911 503
8471 4499 883
8472 14138 536
8472 10315 259
8472 12434 121
8473 4436 538
8473 3737 986
8473 6357 345
8474 2611 632
8474 4988 853
8474 7998 879
8475 5083 220
8475 12728 481
8475 8053 836
8476 8993 327
8476 7376 834
8476 14651 18
8476 11752 342
8477 1873 662
8477 15424 845
8477 15564 335
8478 6367 907
8478 4243 362
8479 1872 417
8479 12184 765
8479 2457 730
8479 5411 628
8480 7741 868
8480 7547 631
8480 5763 475
8480 239 523
8480 3531 481
8481 9484 744
8481 5320 226
8481 734 236
8481 3116 808
8482 13531 260
8482 4728 481
8482 6488 439
8482 14838 402
8482 4502 711
8482 2882 743
8482 10640 713
8482 10277 567
8482 9359 247
8482 7191 374
8483 8342 888
8483 370 460
8483 5018 105
8484 9521 305
8484 6061 281
8485 12007 114
8485 9758 630
8485 3478 420
8485 4636 311
8486 15944 36
8486 1623 467
8486 15059 518
8486 14168 181
8487 1878 354
8487 8571 586
8487 8702 757
8488 8550 220
8488 13718 926
8488 2872 396
8488 14416 89
8489 6628 837
8489 7179 477
8490 1731 370
8490 1771 411
8491 13139 359
8491 6086 941
8491 11326 118
8491 14825 674
8492 3833 110
8492 8512 181
8493 3017 926
8493 3702 528
8493 10611 69
8493 6784 17
8494 6146 849
8494 8391 582
8495 12832 461
8495 15980 135
8495 946 142
8496 12874 955
8496 1293 778
8497 9942 823
8497 14461 773
8498 679 853
8498 8136 624
8498 7661 42
8498 14850 170
8498 8203 867
8498 4407 154
8499 10892 152
8499 9169 57
8499 14710 267
8499 5773 836
8499 311 489
8499 6715 3
8499 11323 209
8500 10678 151
8500 15083 181
8500 12738 806
8501 4781 984
8501 316 573
8501 14893 820
8502 15271 72
8502 14378 442
8503 7825 720
8503 1065 678
8503 730 895
8504 9999 352
8504 14455 817
8505 8302 58
8505 13553 368
8505 3513 300
8505 10524 975
8506 529 30
8506 6991 808
8506 1786 583
8506 9902 240
8507 7261 899
8507 4067 469
8507 7326 410
8508 3778 802
8508 3770 841
8508 8202 500
8508 8009 10
8508 327 438
8508 10985 555
8508 6793 113
8508 2045 28
8508 15254 511
8509 1797 317
8509 3541 404
8509 15398 800
8509 7163 743
8510 13122 478
8510 13522 747
8510 8081 307
8510 6514 127
8511 6022 358
8511 14311 743
8512 8648 716
8512 2047 661
8512 11114 770
8512 9425 43
8512 6468 203
8512 6899 228
8513 13751 97
8513 11938 86
8513 10628 511
8513 8772 119
8513 15651 586
8513 11146 628
8513 11758 684
8514 15539 548
8514 854 797
8514 7973 222
8514 1560 598
8514 6122 406
8514 11746 530
8514 8996 329
8516 15076 672
8516 1084 865
8517 10645 740
8517 4146 5
8517 15937 383
8517 14672 218
8518 5610 54
8518 10638 144
8518 13360 855
8518 13709 695
8518 8666 425
8519 11817 474
8519 624 584
8519 14896 785
8519 11020 940
8519 13533 553
8519 11797 157
8519 2046 385
8519 11491 34
8520 12198 757
8520 11543 773
8520 10923 77
8520 2605 740
8521 13952 619
8521 278 830
8521 6332 347
8522 10309 567
8522 12832 407
8522 7974 791
8522 3698 620
8522 3024 30
8523 5784 594
8523 9267 916
8523 12386 608
8523 5231 906
8524 6633 326
8524 15628 905
8524 6247 965
8524 1127 323
8524 10664 322
8524 6833 844
8525 12910 365
8525 10908 660
8525 14667 304
8525 13397 125
8526 10149 241
8526 5022 51
8526 2120 368
8526 13428 727
8526 1695 238
8527 1016 236
8527 1724 695
8527 14097 99
8528 11393 62
8529 5508 333
8529 10759 590
8530 5245 359
8530 7546 628
8530 956 50
8530 10160 138
8531 14286 540
8531 7126 567
8531 8 833
8532 13476 674
8532 11583 97
8533 5769 297
8533 5546 705
8534 6785 751
8534 6055 400
8535 5293 959
8535 3535 667
8535 190 372
8535 3788 363
8535 6291 452
8536 5589 883
8537 4686 990
8537 1642 155
8537 11666 133
8537 6330 514
8537 1605 381
8538 14479 243
8539 4653 365
8539 10635 737
8540 1393 737
8541 15638 585
8541 12766 774
8541 543 278
8541 11836 46
8541 6610 888
8541 11553 674
8541 2005 770
8541 14014 11
8541 12818 13
8542 4769 325
8542 1294 562
8542 2520 285
8542 11737 682
8542 2463 856
8542 13374 637
8543 12550 985
8543 12815 583
8543 2195 117
8544 4689 400
8544 7962 790
8544 14375 128
8544 13543 753
8544 3441 123
8544 8928 902
8544 11272 205
8545 6106 721
8545 13154 774
8545 115 46
8545 9857 134
8545 417 228
8545 13139 587
8546 5719 909
8546 12496 807
8547 11067 379
8547 13250 124
8549 6054 574
8549 7481 138
8549 12869 806
8549 3968 42
8549 13980 267
8549 5466 131
8549 1693 701
8549 3866 707
8549 10661 277
8549 15874 707
8550 1757 544
8550 8777 11
8550 1434 311
8550 4438 175
8551 4314 192
8551 14666 859
8552 6754 382
8553 9872 467
8553 11977 680
8554 5075 474
8554 13985 643
8554 8516 367
8554 9923 86
8555 5577 767
8555 6534 222
8555 9888 725
8555 10051 557
8555 822 2
8556 5691 975
8556 10510 211
8556 14341 964
8556 9066 490
8556 5143 520
8557 13702 235
8557 12239 786
8557 14115 482
8557 15751 280
8557 12301 594
8557 11541 166
8558 9499 763
8558 10288 583
8558 10502 748
8558 12416 91
8558 3750 434
8558 652 709
8558 6517 614
8559 5303 132
8559 8200 435
8560 630 680
8561 3860 358
8561 3763 574
8561 13494 998
8561 8085 596
8561 2866 532
8562 14943 506
8562 4381 608
8562 7504 888
8563 7729 424
8563 11586 187
8563 15782 565
8563 13005 670
8563 9908 901
8563 3737 386
8563 13306 737
8563 7820 957
8564 7505 642
8564 15267 320
8564 10210 744
8564 2255 116
8564 7183 664
8564 818 751
8564 6038 126
8564 5200 288
8565 12831 152
8565 2055 825
8565 15916 628
8565 7073 905
8565 13595 18
8566 15634 392
8567 8310 757
8567 96 611
8568 3502 817
8568 12395 403
8569 11299 693
8570 2996 812
8570 8519 469
8570 2897 143
8570 7886 716
8571 6911 131
8571 15396 172
8571 9950 368
8571 7511 708
8571 5920 411
8572 4028 419
8572 4844 546
8572 14335 918
8572 12101 625
8572 12012 755
8573 1793 228
8573 5299 39
8573 5370 187
8573 12332 356
8573 6600 332
8574 13837 675
8574 14730 327
8574 1304 514
8574 1938 330
8575 7544 247
8575 360 946
8575 4770 496
8575 8190 745
8575 11059 594
8576 6123 57
8576 14435 110
8576 2460 108
8576 6816 662
8576 10978 689
8576 5474 568
8577 9661 173
8577 4189 376
8577 1400 802
8577 9586 686
8577 9359 330
8578 15619 537
8578 6385 580
8579 8466 699
8580 13190 461
8580 1303 159
8580 15426 902
8581 2894 769
8581 13495 731
8581 12335 201
8581 14743 896
8582 10699 695
8582 6652 386
8582 2598 51
8582 13541 523
8582 15964 557
8583 13271 577
8583 1299 563
8583 2074 126
8583 6434 539
8583 5201 943
8584 5393 986
8584 5006 235
8584 5369 80
8585 3393 258
8585 51 159
8585 7428 739
8585 7750 430
8585 7222 699
8586 15632 442
8587 2893 113
8587 5356 805
8587 11781 179
8588 9230 426
8588 12025 958
8588 14678 450
8588 6491 241
8589 14794 53
8589 8901 699
8589 9797 469
8589 5509 588
8589 781 625
8590 9022 565
8590 6667 65
8590 7756 945
8590 4667 230
8590 3433 717
8590 7042 621
8590 9198 879
8590 12976 866
8590 5126 704
8591 2258 900
8591 4115 901
8591 15858 413
8592 2902 40
8592 7388 80
8592 4045 504
8593 12577 138
8593 4978 827
8593 11113 945
8593 1785 696
8593 5141 329
8594 6215 215
8594 14208 378
8594 6002 403
8594 12610 402
8594 5877 387
8594 7162 350
8595 961 591
8595 492 780
8595 11624 636
8596 2260 836
8596 13227 494
8596 488 566
8597 3554 410
8597 7097 884
8597 6877 822
8597 3522 130
8597 15193 371
8597 5070 992
8597 15671 240
8597 1855 902
8597 3340 79
8597 6731 612
8598 8971 340
8598 11317 268
8598 11872 302
8598 3966 595
8598 7194 71
8598 4863 759
8599 10220 486
8599 6383 465
8600 2868 303
8600 8408 6
8600 546 117
8600 5023 111
8600 9562 570
8600 3647 181
8601 12825 440
8601 4738 57
8601 9279 28
8601 2489 133
8601 5340 625
8601 5808 338
8601 11276 542
8602 15858 920
8602 7179 622
8602 3092 260
8602 5200 485
8603 7076 153
8603 5531 896
8603 5638 332
8603 10570 208
8603 13095 694
8603 8736 881
8604 3597 307
8604 11953 790
8604 6988 522
8605 238 490
8605 5028 825
8605 10462 32
8606 773 582
8606 8305 963
8606 2279 209
8607 2980 94
8607 2960 320
8608 13427 679
8608 4126 978
8608 4615 995
8608 6159 587
8609 3194 282
8609 3253 43
8610 14294 595
8611 14694 957
8611 5629 660
8611 6636 784
8612 7637 136
8612 15670 588
8612 11329 350
8612 281 193
8612 15431 568
8612 11208 407
8612 522 455
8613 13532 58
8613 1428 195
8613 2440 263
8614 15058 301
8615 9759 717
8615 6884 427
8616 11246 515
8616 13876 135
8616 276 370
8617 9571 63
8617 6371 853
8617 7581 72
8618 4506 480
8618 11959 37
8618 687 408
8618 10438 147
8618 12401 796
8619 5831 530
8619 6635 829
8620 7041 438
8620 7598 52
8620 3444 210
8621 4037 464
8621 6122 649
8621 6810 507
8621 2833 651
8621 9125 230
8622 11984 444
8622 11610 410
8622 9865 683
8622 4143 992
8622 11531 763
8622 13519 62
8622 8872 371
8622 2673 502
8623 6940 491
8623 3307 694
8623 2210 852
8623 5045 619
8623 2991 260
8623 8961 566
8623 15550 992
8623 12512 590
8624 14721 825
8624 1822 761
8624 7738 582
8624 7139 828
8624 11084 699
8624 14882 337
8625 10439 422
8625 15369 394
8625 4785 570
8625 6885 96
8626 10909 141
8626 6033 22
8627 2249 636
8628 15746 323
8628 11816 785
8628 2232 851
8628 11252 827
8629 4588 829
8629 14204 273
8629 12076 995
8629 1432 46
8629 7201 311
8630 3780 642
8630 9226 894
8630 9752 144
8630 15272 821
8631 8781 873
8631 3807 263
8631 3984 286
8631 82 315
8631 12615 890
8631 4594 111
8632 9056 617
8632 13844 493
8632 12501 97
8633 13157 92
8633 13754 424
8633 14195 3
8634 4679 464
8634 9599 631
8634 13890 762
8634 11124 37
8635 6407 665
8635 13488 616
8635 9382 171
8635 10789 187
8635 12347 16
8635 6207 249
8635 10345 177
8635 3965 58
8636 7245 397
8636 1193 470
8636 3177 40
8636 12354 302
8637 4583 635
8637 6099 264
8638 15866 745
8639 1082 808
8639 15797 138
8639 11058 776
8639 6373 656
8639 6211 511
8639 3244 13
8639 14870 522
8640 1891 767
8640 4113 532
8641 11427 670
8641 4234 777
8641 6286 367
8642 4971 252
8642 11805 342
8642 8338 61
8642 4131 855
8642 2029 881
8643 44 88
8643 4865 37
8643 3839 960
8643 9561 67
8643 9854 376
8643 9897 132
8644 9900 241
8644 6428 871
8644 14635 947
8644 11581 12
8644 7641 618
8644 2513 105
8644 6144 319
8644 13620 676
8645 14647 355
8645 576 996
8645 1372 39
8645 4698 424
8645 3065 123
8646 1500 252
8646 6497 454
8647 11945 532
8647 11443 515
8647 10201 126
8647 14025 382
8647 14900 595
8648 12005 528
8648 6250 23
8648 15176 35
8648 12795 714
8649 5271 660
8649 10131 19
8649 13872 709
8649 12167 680
8650 13632 329
8650 10419 507
8650 13787 475
8650 6496 846
8650 1111 708
8650 4470 488
8650 9868 335
8651 12472 865
8651 15006 69
8651 2747 557
8651 10536 974
8651 104 262
8651 12482 648
8652 41 297
8652 12382 88
8652 2752 475
8652 10727 979
8652 1011 742
8653 15820 75
8654 15801 965
8654 4206 396
8654 15379 503
8654 13077 508
8654 6140 16
8654 7609 81
8655 7072 335
8655 11597 351
8656 6161 893
8656 43 699
8656 5170 388
8656 10489 678
8656 11103 538
8656 5906 311
8656 10020 76
8657 11378 803
8657 9661 946
8657 10917 270
8658 8104 599
8658 11824 271
8658 4678 875
8658 1913 416
8658 13862 526
8658 6595 327
8660 10662 867
8660 2277 795
8660 402 685
8661 3676 435
8661 6129 541
8661 4127 754
8661 15792 110
8661 8757 706
8661 4712 111
8661 1279 262
8662 11939 539
8662 6806 469
8663 13153 377
8663 3937 779
8663 10114 953
8663 9343 232
8663 3207 971
8663 5450 349
8663 6805 13
8664 4521 988
8664 13670 776
8664 1784 308
8664 15984 648
8664 13877 604
8665 11824 348
8665 1249 753
8665 610 987
8665 8293 60
8666 6248 579
8666 11171 776
8666 10644 942
8666 12249 376
8666 10444 719
8666 15686 22
8667 3558 827
8667 10270 963
8667 11265 830
8668 9885 765
8668 4461 900
8668 12096 270
8668 1439 700
8668 11713 391
8668 5644 431
8668 5520 585
8669 4535 727
8669 2471 973
8669 2219 493
8669 304 11
8669 2844 784
8670 12667 738
8671 3148 822
8672 2294 408
8672 7106 751
8672 4802 739
8672 12172 688
8672 2750 750
8673 5669 2
8673 10647 10
8674 10211 950
8674 13413 567
8674 9630 691
8675 6885 398
8675 1060 762
8676 13346 996
8676 6681 578
8676 12232 388
8677 7325 951
8677 6194 28
8677 5135 992
8677 4890 789
8678 15549 829
8678 12813 360
8679 9385 186
8679 1344 285
8680 10196 938
8680 12006 171
8681 8536 254
8681 547 784
8681 15514 408
8681 4074 463
8681 10685 683
8682 552 571
8682 12718 802
8682 4385 172
8682 15018 326
8682 7760 767
8682 10920 262
8683 1433 245
8683 10978 142
8683 13151 544
8684 7622 465
8684 4722 815
8684 930 859
8684 7288 34
8684 14547 630
8685 1774 841
8685 15580 542
8686 4671 104
8687 8904 349
8687 6737 402
8688 8878 558
8688 6910 977
8688 3568 190
8688 9861 135
8688 3341 635
8688 12816 611
8688 11998 179
8688 8145 820
8688 10264 342
8689 9932 517
8689 310 568
8689 15022 374
8689 6188 214
8689 8151 919
8690 12567 840
8690 12910 244
8690 11906 893
8691 4583 268
8691 12074 329
8691 9401 561
8692 2116 229
8692 13171 806
8693 5516 5
8693 928 255
8693 8695 194
8693 12567 302
8694 2056 654
8694 6160 580
8694 15215 988
8694 12807 499
8694 15586 61
8694 2374 532
8694 12670 723
8695 4189 104
8695 264 583
8695 5424 566
8695 13534 485
8696 8990 355
8696 2936 18
8696 11966 430
8696 12641 156
8696 214 182
8697 10181 254
8697 12527 554
8697 2331 380
8697 8981 119
8697 13232 844
8697 4367 355
8697 5023 920
8697 9700 855
8698 9318 925
8698 9875 715
8698 4209 973
8698 1579 823
8698 7340 357
8699 11005 775
8699 10486 244
8699 14925 675
8699 12866 931
8699 13898 52
8699 6628 43
8699 12497 203
8700 3996 921
8700 2145 229
8700 12732 697
8700 13441 259
8700 15182 656
8700 2278 448
8701 13718 344
8701 5637 271
8702 13854 892
8702 12012 164
8702 4539 146
8702 3483 785
8703 15256 193
8703 3463 627
8704 1246 666
8704 9349 43
8704 9948 707
8704 8041 859
8705 15340 306
8706 11285 139
8706 14040 509
8706 13860 893
8706 7566 479
8706 5852 815
8706 528 155
8707 15755 130
8707 1629 768
8707 4971 627
8707 9357 683
8709 8842 4
8709 5510 978
8709 4386 90
8710 11097 316
8710 14269 963
8710 12698 118
8711 15538 215
8711 11487 515
8711 10406 949
8711 11639 525
8713 5256 756
8713 15900 149
8713 2466 388
8713 15212 410
8713 11450 324
8714 3707 305
8714 12071 937
8714 4825 783
8714 2957 44
8714 7861 493
8715 13275 653
8715 260 296
8716 13544 391
8716 5548 593
8717 1823 351
8717 7814 425
8718 5561 891
8718 13149 13
8719 1611 312
8719 13682 91
8719 1961 142
8719 15644 950
8720 13154 670
8720 12463 287
8720 5627 196
8720 14980 868
8720 5626 614
8721 7082 299
8721 10737 328
8721 9502 704
8721 13954 787
8722 15160 266
8722 6663 796
8722 466 772
8722 2535 805
8722 12163 488
8723 12601 337
8723 4666 985
8723 10692 66
8723 10249 22
8723 13487 510
8723 12232 557
8723 11970 790
8724 3132 845
8724 11702 14
8725 8200 537
8725 6483 534
8725 12862 887
8725 7196 263
8725 5071 751
8725 3038 944
8725 9763 413
8726 9611 378
8726 11811 125
8726 737 914
8726 11384 724
8726 2889 792
8727 11424 591
8727 2004 102
8727 8403 527
8727 6632 236
8727 14241 470
8728 7965 884
8728 13298 333
8729 1942 783
8729 10049 796
8729 13258 267
8729 3806 763
8730 5684 124
8730 6013 752
8730 1516 202
8730 6580 655
8730 3344 488
8730 5689 536
8731 9487 187
8731 36 192
8731 12072 894
8731 9792 395
8732 13971 253
8732 4837 994
8732 1702 628
8732 5273 201
8733 12481 921
8733 10013 951
8733 6107 368
8734 4886 706
8734 7520 710
8734 11071 815
8735 14785 164
8735 2993 185
8736 2173 813
8736 2108 256
8736 13114 161
8736 2397 56
8737 14963 89
8738 1064 424
8738 15707 142
8738 10994 824
8739 6102 26
8739 2412 713
8739 3725 14
8739 6245 383
8739 12675 9
8739 15529 712
8740 5894 406
8741 5304 685
8741 15689 789
8741 13453 363
8741 10698 263
8742 14314 928
8742 1165 984
8742 2234 181
8743 7895 868
8743 11561 567
8744 15924 837
8744 3942 263
8745 15388 386
8745 523 921
8745 10479 269
8745 15255 798
8745 8923 824
8745 9978 888
8746 6461 642
8746 13967 175
8746 4305 903
8746 4507 554
8747 6955 44
8747 10290 577
8747 8186 744
8747 719 771
8747 13828 989
8747 4101 327
8748 12094 656
8748 6556 342
8749 404 782
8749 1648 987
8750 11476 566
8750 5691 690
8750 11258 903
8750 9980 186
8751 6288 829
8751 958 682
8752 9874 159
8752 2587 229
8753 1640 140
8753 13155 79
8754 6935 844
8754 15930 607
8754 7768 364
8755 4192 439
8755 13162 534
8755 15033 988
8755 1270 510
8755 6435 360
8756 2615 237
8756 3657 423
8757 7908 883
8757 11226 688
8758 9385 340
8758 11159 225
8758 1092 707
8759 7910 664
8759 536 299
8759 6365 282
8759 14122 996
8759 12525 601
8759 13757 538
8760 10418 612
8760 2569 184
8760 10602 33
8760 10024 411
8761 1935 482
8761 6070 366
8762 2219 150
8762 11952 754
8762 13934 687
8762 14902 260
8762 4790 731
8763 4954 772
8763 3727 581
8763 2845 436
8763 2933 669
8763 1410 889
8763 11791 202
8763 4041 952
8763 13377 546
8764 10338 681
8764 7494 375
8764 8666 296
8764 15689 40
8765 7573 210
8765 8497 576
8765 8326 894
8766 6705 74
8767 2702 428
8767 1583 829
8767 8485 215
8767 11373 737
8767 1922 380
8768 8235 459
8768 15758 353
8768 5500 805
8768 10884 716
8768 3340 138
8769 5392 868
8769 4219 37
8769 3357 355
8769 910 143
8769 820 157
8770 371 638
8770 167 829
8770 3225 589
8770 14033 837
8770 3356 155
8770 9152 443
8770 4339 750
8770 4932 265
8771 10286 546
8771 14757 997
8771 15425 655
8771 9771 917
8771 5572 583
8772 4603 863
8772 5886 903
8772 11060 355
8772 14479 428
8772 9922 78
8773 13658 22
8773 1482 330
8773 3893 424
8774 4780 372
8774 8538 299
8774 14626 211
8774 6913 655
8775 6195 414
8775 1061 820
8775 3377 221
8777 1738 217
8777 15669 407
8777 7586 641
8778 10708 181
8778 12654 144
8778 3747 652
8779 7600 803
8779 4876 795
8779 3855 144
8779 5583 418
8779 12261 962
8780 4839 531
8780 15220 419
8780 3439 201
8780 3390 90
8781 14675 322
8781 2976 544
8782 11946 688
8782 9220 326
8782 4737 546
8782 12720 572
8782 9600 895
8782 10981 30
8782 8943 860
8783 13156 267
8783 2299 14
8783 6715 577
8783 6584 536
8783 1497 407
8784 3743 996
8784 9954 275
8784 3918 247
8784 5259 365
8784 6276 931
8785 12124 772
8785 4981 920
8785 5084 13
8785 10694 368
8785 11900 600
8785 10300 294
8785 13631 388
8786 9341 402
8786 2199 146
8787 2677 821
8787 12558 674
8787 1322 60
8788 5068 340
8788 12478 348
8789 1385 909
8789 4473 711
8790 3459 556
8790 2063 769
8790 11654 826
8791 3441 3
8792 12441 411
8792 10985 227
8792 7089 845
8792 3335 889
8792 10278 304
8793 14508 472
8793 6334 854
8793 10635 60
8793 11282 779
8793 3651 751
8794 1631 364
8794 8319 396
8794 341 484
8794 2235 195
8794 78 296
8795 15201 634
8795 37 773
8795 12390 457
8795 5320 718
8795 2582 380
8795 3273 588
8795 5256 751
8796 3431 276
8796 7399 168
8796 10383 430
8796 5188 425
8796 4835 4
8796 12126 791
8797 2032 32
8798 14521 290
8798 5955 23
8798 15663 703
8798 12068 76
8798 3003 824
8798 14605 374
8798 1699 444
8798 14624 90
8798 10230 687
8798 8863 701
8799 14867 278
8799 8420 893
8799 9483 585
8799 6004 309
8799 7236 347
8799 4102 308
8800 3139 788
8800 6845 610
8800 12231 733
8800 11782 893
8801 3161 223
8801 8860 121
8801 14580 729
8801 8187 922
8802 974 711
8802 8967 376
8802 201 236
8803 1419 509
8803 5113 592
8803 10554 439
8804 15414 559
8804 7414 400
8804 1612 835
8804 105 411
8804 13949 506
8805 5638 995
8805 10493 663
8805 2803 867
8805 1569 411
8805 14925 298
8806 4951 532
8806 578 797
8806 1221 822
8807 7103 985
8807 13710 51
8808 8973 246
8808 15270 340
8808 8091 818
8808 1244 877
8808 13898 441
8809 10201 982
8809 13937 991
8809 680 741
8809 7616 473
8810 7452 144
8810 13412 639
8811 9186 151
8811 14512 519
8811 14025 615
8811 13921 449
8812 9602 708
8812 4348 497
8813 13502 514
8813 4151 848
8813 1251 145
8814 7977 557
8814 14770 929
8814 2083 513
8815 8410 157
8815 778 899
8815 5234 734
8815 13280 434
8815 14639 132
8816 13900 201
8817 11328 789
8817 9386 602
8818 3783 777
8818 9586 553
8818 7259 350
8818 8817 361
8818 15213 557
8818 4616 51
8818 8648 570
8818 13400 686
8819 8630 877
8819 12687 874
8819 766 136
8819 14027 966
8819 12152 734
8819 918 461
8820 15726 92
8820 6044 808
8820 2223 370
8820 8798 807
8821 9495 41
8821 12998 947
8821 8150 440
8821 62 31
8822 7267 874
8822 3264 142
8823 4585 832
8823 9874 573
8824 12132 235
8824 15797 242
8824 10322 60
8824 15582 828
8825 12973 344
8825 4529 286
8825 959 246
8826 5937 876
8826 15542 105
8826 14349 723
8827 9568 233
8827 6569 898
8827 1806 25
8827 1491 570
8827 4829 442
8827 7267 461
8827 15074 997
8827 14253 872
8828 10095 532
8828 9422 429
8828 3309 953
8828 4569 310
8828 13171 868
8828 3260 12
8828 10524 922
8828 5725 240
8829 660 626
8829 2385 777
8829 2693 819
8829 13592 406
8830 14075 633
8830 7315 494
8830 2561 468
8830 2753 540
8831 12994 24
8831 8742 848
8831 3572 91
8831 11159 617
8832 7564 706
8832 1425 483
8832 3497 402
8832 14694 762
8833 2961 190
8833 5864 185
8833 10000 111
8834 7743 666
8834 3591 293
8834 9239 938
8834 165 530
8834 10687 175
8834 12849 321
8835 282 861
8835 10900 586
8835 2805 601
8835 15167 763
8835 2661 440
8835 9398 308
8836 9583 264
8836 3529 123
8836 10081 49
8836 4401 856
8836 3047 11
8836 8016 447
8836 6404 293
8837 10823 866
8837 14766 143
8837 12921 632
8837 3397 755
8837 5349 421
8837 14855 156
8837 11960 254
8837 12174 384
8838 14021 112
8838 12830 184
8838 7815 81
8838 7101 301
8839 13708 428
8839 15323 92
8839 3651 484
8839 3720 847
8839 12252 784
8839 4160 48
8840 10190 328
8840 12397 612
8840 15042 817
8840 6057 972
8840 12888 706
8840 14189 136
8841 14530 669
8841 8273 244
8842 3532 23
8842 15556 737
8842 6025 307
8842 11323 873
8842 896 583
8842 15451 396
8843 5255 78
8843 8747 312
8843 13184 421
8843 4902 737
8844 4140 922
8844 10523 637
8844 398 897
8844 12256 706
8844 5924 897
8844 13848 424
8844 14150 137
8845 15903 203
8845 8956 726
8846 15882 207
8846 4082 193
8846 10039 630
8846 5141 272
8846 14277 84
8846 14709 679
8846 12003 373
8846 5673 704
8847 7902 733
8847 1850 564
8847 13370 953
8847 15861 770
8847 8382 436
8847 15863 166
8848 15282 622
8848 11712 176
8848 10883 298
8849 1586 545
8849 8628 219
8849 1189 863
8849 7281 663
8849 8288 436
8849 7143 856
8849 5190 665
8850 1366 988
8850 5568 695
8851 1413 760
8851 2720 387
8851 6804 441
8851 6614 188
8851 632 288
8852 9618 191
8852 8934 440
8852 14144 823
8852 13068 281
8853 8672 100
8853 2652 840
8854 1621 169
8854 13932 904
8854 540 442
8854 1520 975
8854 10985 139
8855 9568 83
8855 3519 944
8856 14894 805
8856 8254 331
8856 9740 645
8857 7724 58
8857 2580 835
8857 8438 993
8857 1510 720
8857 15508 177
8858 6771 246
8858 72 485
8858 6463 244
8858 4296 25
8858 12115 778
8858 3805 858
8858 10482 154
8858 810 137
8859 8831 89
8859 6870 647
8859 4320 433
8859 846 472
8859 8007 114
8859 2662 719
8859 6186 923
8860 14820 374
8862 4881 542
8862 3373 926
8862 13392 19
8862 6563 354
8863 15093 867
8863 12888 536
8863 4332 612
8863 5506 39
8863 129 552
8864 10873 820
8864 13707 337
8864 5419 715
8864 8538 595
8864 2589 619
8864 13904 194
8864 15913 828
8865 1985 799
8865 5884 438
8865 13715 346
8865 8674 76
8865 15290 717
8865 4889 486
8865 5767 250
8865 9695 577
8865 9780 135
8866 14759 577
8866 15659 28
8867 9245 700
8867 6591 992
8867 5698 955
8867 2750 667
8867 10523 374
8867 8265 790
8867 3812 9
8867 13417 368
8868 3457 361
8868 10183 346
8868 13764 902
8868 2462 711
8868 11537 65
8869 8910 324
8869 7366 4
8869 8526 508
8869 10183 217
8870 13422 112
8870 7190 880
8871 2077 528
8871 9356 649
8871 15501 192
8872 2140 612
8873 12797 417
8873 11628 194
8873 5330 699
8873 11197 997
8873 6840 395
8874 11082 265
8874 11912 331
8874 1048 179
8874 4652 118
8874 8592 361
8875 1478 329
8876 7438 398
8876 7989 36
8877 8384 219
8878 2023 823
8878 5754 772
8878 12949 808
8878 3602 645
8878 15896 722
8879 1703 60
8879 7195 537
8879 8179 683
8879 9671 50
8879 4621 540
8880 6743 874
8880 1353 405
8881 12273 957
8881 2014 86
8881 307 608
8881 15561 860
8882 4951 36
8882 2470 898
8882 12272 880
8882 8311 724
8883 11422 581
8883 5696 501
8883 5588 220
8883 13591 569
8884 14671 420
8884 1115 541
8884 7389 218
8885 13306 748
8885 9499 313
8885 1569 598
8886 7948 110
8886 5351 203
8886 1475 350
8886 9523 561
8886 11435 262
8886 13553 546
8886 5175 710
8886 6477 380
8887 8229 112
8887 7670 384
8887 5124 541
8887 8160 6
8888 13953 975
8888 12866 509
8888 4002 372
8889 13752 821
8889 9185 483
8889 13589 988
8889 9965 149
8889 7656 441
8889 15500 540
8889 15740 694
8889 8160 532
8890 15488 926
8890 2697 505
8890 13728 640
8890 10299 154
8890 7635 614
8890 5448 787
8890 8401 835
8890 7700 586
8890 4314 570
8891 6671 842
8892 14356 556
8892 15271 355
8892 2305 737
8892 11 46
8892 168 934
8892 8560 268
8892 14225 89
8892 12952 165
8893 11615 969
8893 6350 292
8893 7469 905
8893 14253 936
8894 13542 532
8894 9261 356
8895 6708 457
8895 15053 537
8895 15283 944
8895 5006 240
8896 11445 900
8896 15938 707
8896 11678 955
8896 4159 670
8896 11011 94
8896 114 496
8896 1042 58
8896 15572 578
8897 12377 346
8897 1104 671
8898 14511 124
8898 6395 395
8898 13512 570
8898 4315 447
8898 4330 928
8898 11830 495
8898 508 831
8899 1094 673
8899 15442 808
8899 5158 849
8900 7455 559
8900 1219 204
8900 15795 257
8901 11630 865
8901 8018 561
8901 3899 147
8901 10558 383
8901 13412 343
8902 15978 871
8902 13645 557
8903 8437 575
8903 11139 889
8904 7643 598
8904 5127 443
8904 14791 248
8904 14508 884
8905 1962 787
8905 15909 988
8905 8328 935
8905 6689 343
8905 14882 404
8905 542 3
8905 15492 826
8905 7918 864
8906 10251 401
8906 12089 969
8906 13341 579
8906 393 8
8906 11226 274
8907 10099 769
8907 15146 110
8907 9991 597
8908 5120 589
8908 8240 682
8908 6599 163
8909 5838 209
8909 9480 107
8909 7784 104
8909 13284 566
8909 1747 57
8909 5534 998
8909 432 634
8909 9224 634
8910 14319 783
8910 1174 695
8910 11664 531
8910 14252 997
8910 7306 26
8910 11641 533
8911 13566 510
8911 5386 430
8911 7798 192
8911 7729 450
8912 9743 879
8912 13427 897
8912 3930 127
8913 4691 432
8913 5130 494
8913 13719 76
8913 8973 13
8914 7486 589
8914 14634 527
8914 1323 593
8914 10551 53
8914 456 713
8915 8598 755
8915 762 877
8915 11711 742
8915 11289 988
8915 5574 109
8916 7771 853
8916 5611 51
8916 11912 803
8916 10715 541
8916 4694 858
8916 2041 261
8917 9767 216
8917 13746 899
8918 8870 226
8918 1435 32
8918 2864 429
8918 13061 950
8918 192 889
8919 8061 321
8919 5339 780
8920 160 428
8920 219 767
8920 1770 269
8920 5865 603
8920 6591 802
8921 2563 29
8921 2776 740
8921 12808 72
8921 6465 281
8921 2466 194
8921 2369 161
8921 9305 935
8921 4562 433
8921 7770 345
8922 3359 98
8922 8634 253
8922 14099 798
8922 2131 925
8922 1367 788
8923 14992 677
8923 15645 348
8923 10225 232
8923 5686 469
8923 10890 565
8923 9735 288
8924 8665 819
8924 3002 251
8926 15260 66
8926 12006 820
8926 3559 322
8926 14790 365
8927 2751 747
8927 12426 513
8927 6440 454
8927 3018 885
8927 1263 759
8928 4450 447
8928 8937 737
8929 11695 567
8929 7370 125
8929 14225 385
8930 9892 846
8930 13737 340
8930 9629 908
8931 5998 138
8931 8833 736
8931 6448 871
8932 1042 249
8932 9693 321
8932 14805 320
8933 10295 355
8933 10726 332
8933 2199 445
8933 3249 681
8933 7684 757
8933 4228 788
8933 5805 245
8933 15211 410
8933 2803 408
8934 8253 328
8934 3299 588
8935 759 873
8935 8152 717
8935 10113 444
8936 13433 527
8936 13919 165
8936 12452 993
8937 2197 567
8938 1480 228
8938 9736 729
8938 1178 829
8938 2024 534
8939 13995 956
8939 11515 457
8939 12279 609
8940 4314 945
8940 196 946
8940 14423 529
8940 11947 211
8941 1115 199
8942 13601 519
8942 6913 330
8942 3165 374
8942 2231 1000
8943 9895 797
8943 9688 940
8943 3137 472
8943 10527 408
8943 12389 537
8943 2264 997
8943 6097 417
8944 15416 670
8944 7049 658
8944 11458 349
8945 3611 896
8945 7360 132
8945 1857 847
8945 14084 689
8945 15785 443
8945 4395 43
8945 13265 827
8946 12504 289
8946 14237 812
8947 1964 341
8947 12032 844
8947 561 342
8947 9632 279
8947 12006 85
8948 8072 418
8948 7010 844
8948 2667 635
8948 10516 743
8948 6884 798
8949 10908 335
8950 6587 745
8950 6975 948
8950 5248 486
8950 4798 982
8950 9881 630
8951 4063 93
8951 15644 691
8952 11775 744
8952 3721 654
8952 5472 744
8952 2663 759
8952 10815 249
8952 1485 805
8953 3947 364
8953 6223 661
8953 3378 872
8953 2821 249
8953 1942 759
8953 9619 69
8954 11994 367
8954 1978 478
8955 1426 56
8955 1615 782
8955 15489 365
8955 2304 431
8956 1280 253
8956 11948 140
8956 5651 563
8956 5416 876
8956 11440 283
8957 13857 938
8957 9802 812
8958 9960 431
8958 6272 602
8958 13840 970
8958 15229 318
8959 10051 737
8959 15721 771
8959 15614 918
8959 6327 71
8959 6898 340
8959 3626 793
8959 12251 574
8960 14680 455
8960 4767 309
8961 11434 119
8961 10910 220
8961 4872 417
8961 12580 446
8961 3506 778
8962 10825 429
8962 14313 898
8962 7541 834
8962 10949 482
8963 12725 858
8963 9164 688
8963 5370 617
8963 4322 537
8963 4115 277
8963 7317 401
8963 12244 447
8963 14161 569
8963 8596 827
8963 5311 951
8964 13003 439
8964 158 523
8964 6485 995
8966 5726 283
8967 3496 973
8967 12964 949
8967 2772 996
8967 10896 272
8968 3056 898
8968 11150 155
8968 2432 970
8968 8346 122
8969 215 746
8969 6049 434
8969 10562 43
8969 6130 393
8969 8440 978
8970 7956 319
8970 15938 382
8970 1791 803
8970 5353 897
8970 10608 264
8971 9126 634
8971 11701 792
8971 4086 871
8971 4182 824
8971 1798 278
8972 3046 192
8972 6778 178
8972 13636 727
8972 1689 937
8973 1739 575
8973 11492 621
8973 8299 957
8973 587 124
8973 1368 642
8973 8522 869
8974 13789 359
8974 2146 660
8974 1547 170
8974 11954 191
8974 6682 248
8974 4993 130
8974 2976 339
8974 373 60
8975 10811 552
8975 4981 975
8975 4847 440
8975 6949 572
8975 11752 100
8975 3484 690
8976 1067 981
8976 10667 182
8976 9756 204
8976 12632 608
8977 7876 354
8977 15663 211
8977 21 773
8977 4274 685
8977 12217 914
8977 10650 788
8978 4397 465
8978 6149 780
8978 7888 930
8978 15856 122
8978 2995 476
8979 6733 606
8979 10228 62
8979 692 242
8979 4316 830
8979 7388 407
8979 11181 638
8980 1488 488
8980 8964 193
8980 982 457
8980 14523 576
8981 15591 695
8981 2264 842
8981 12395 442
8981 4558 776
8982 10173 881
8982 4671 206
8982 4199 226
8983 9181 171
8983 7804 653
8983 7675 699
8985 12158 829
8985 4591 405
8985 11149 245
8985 9919 925
8986 1216 101
8986 8003 835
8986 3247 713
8987 13967 134
8987 13101 491
8987 618 367
8987 7321 725
8987 6371 48
8987 13422 311
8988 5633 861
8988 8963 587
8988 1499 478
8989 15579 519
8989 775 205
8989 14833 678
8990 7294 578
8990 9791 546
8990 12871 112
8990 4151 32
8990 3147 879
8991 2962 972
8991 14510 646
8992 219 373
8992 3844 417
8992 8444 18
8992 15815 1000
8993 11126 297
8993 12103 714
8993 8302 490
8993 3262 654
8993 5869 800
8993 10385 115
8994 1388 986
8994 10263 893
8994 13060 299
8994 14298 13
8995 14104 797
8995 6373 304
8995 14751 194
8996 11431 509
8996 15722 529
8997 14234 903
8997 1008 866
8997 3800 397
8998 11439 441
8998 14026 553
8998 8856 332
8999 15705 315
8999 1082 891
8999 11325 122
8999 5416 267
8999 3286 962
9000 6539 978
9000 14167 348
9000 6552 585
9001 8951 331
9001 521 501
9001 8587 64
9001 6406 516
9001 6629 600
9001 7773 497
9001 4289 248
9002 10170 45
9002 2500 432
9003 5445 53
9003 1850 872
9003 14571 14
9003 11060 202
9004 3371 666
9004 9968 885
9004 9689 461
9004 2997 524
9005 2065 1
9005 13516 624
9005 7274 479
9005 6117 511
9005 6397 486
9005 4629 200
9006 3598 61
9006 6803 315
9006 6511 438
9006 1241 929
9006 13246 237
9006 12152 694
9006 9289 662
9006 13462 65
9007 14593 705
9007 7012 405
9007 11624 763
9007 10536 763
9008 14057 502
9008 13959 874
9008 11086 321
9009 10586 181
9009 8439 710
9009 15345 634
9009 13037 173
9009 2633 659
9010 9804 533
9010 15809 615
9010 13166 81
9010 2461 549
9011 4907 723
9011 15748 791
9011 3910 619
9012 10732 931
9012 10268 540
9012 3903 965
9013 5336 987
9013 9248 164
9013 3294 625
9013 4916 259
9014 14937 514
9014 3096 539
9014 5052 28
9014 4663 588
9015 4992 181
9015 4101 24
9016 14861 525
9016 11618 985
9016 131 466
9016 12184 183
9016 14841 53
9017 12527 404
9017 14043 650
9017 8271 814
9018 9127 380
9018 9810 121
9018 15887 378
9018 9826 446
9018 7713 589
9019 5861 880
9019 4664 479
9019 5257 498
9019 10967 514
9019 5697 318
9019 5502 351
9019 14305 154
9020 1305 86
9020 12666 244
9020 15423 693
9020 9222 978
9020 10469 807
9020 8263 273
9020 2552 402
9021 8170 66
9021 13218 401
9021 3212 760
9021 3448 196
9021 1910 926
9022 12632 188
9023 4143 625
9023 14922 356
9024 8622 96
9024 1960 98
9024 4853 747
9024 7610 901
9026 1745 575
9026 11802 673
9026 9467 278
9027 11226 494
9027 13481 87
9028 1452 75
9028 2467 762
9028 5929 436
9028 11578 158
9029 9388 892
9029 9111 644
9029 13807 686
9030 6033 368
9030 9205 393
9030 2282 700
9030 6626 804
9030 12909 887
9031 2317 809
9031 8549 251
9031 9935 557
9031 15576 582
9031 15803 79
9031 4049 639
9031 14681 399
9032 1815 511
9032 9974 683
9032 12717 661
9032 14948 759
9033 2644 988
9033 309 21
9033 14152 485
9033 8718 889
9033 9459 93
9033 2998 41
9033 4541 12
9034 645 586
9034 9207 474
9035 2902 116
9036 908 352
9036 5699 894
9036 5237 313
9037 3867 626
9038 4795 909
9038 8405 935
9038 12239 512
9038 5931 568
9038 12905 870
9039 11899 69
9039 207 801
9039 7394 63
9039 3139 166
9039 9197 418
9039 2573 970
9040 6529 158
9040 6347 445
9040 8487 592
9040 1387 766
9041 5573 788
9041 15672 326
9041 4438 846
9041 6808 431
9041 14755 588
9042 8146 907
9042 11753 944
9042 8146 278
9042 14186 168
9042 15118 16
9042 14156 16
9043 7922 803
9043 13112 288
9043 12134 73
9043 12237 9
9044 10137 971
9044 3492 917
9044 5959 375
9044 9205 661
9044 9760 667
9044 6922 502
9045 3688 497
9045 6214 829
9045 10295 368
9045 7148 409
9046 12462 86
9046 12230 612
9046 15774 28
9046 3228 638
9046 209 118
9046 9447 320
9047 5239 877
9047 2385 507
9047 11677 319
9047 3477 673
9048 3834 158
9048 10985 653
9048 9775 853
9049 530 666
9049 6794 39
9049 12855 951
9050 5779 818
9050 15636 703
9050 5783 197
9050 10315 529
9051 5299 431
9051 2475 676
9052 13439 928
9052 5597 694
9053 5476 143
9053 12799 685
9054 9834 264
9054 8238 621
9055 579 802
9055 13202 11
9055 10775 531
9055 5812 903
9056 11306 746
9056 6308 96
9056 8130 1000
9056 11273 924
9057 81 972
9057 2211 16
9057 9920 691
9057 12232 850
9057 14443 907
9058 2229 970
9058 8539 565
9058 5652 872
9058 4127 327
9058 10948 399
9059 13765 323
9059 13991 928
9059 11871 684
9059 7490 885
9060 143 503
9060 8284 732
9060 5680 341
9060 14184 388
9061 3687 776
9061 1863 278
9062 5115 479
9062 4993 87
9062 52 271
9062 1524 456
9063 13125 930
9063 11586 931
9063 9992 481
9063 14541 891
9063 3680 521
9064 11388 815
9064 7058 551
9064 6251 473
9064 14058 100
9064 499 308
9065 3044 349
9065 7475 922
9066 15945 913
9066 359 740
9066 4219 419
9066 3684 866
9066 15793 80
9066 7442 797
9066 8351 78
9067 9368 649
9067 2970 54
9067 9619 97
9068 15668 22
9068 7692 233
9069 11883 405
9069 5435 490
9069 9100 140
9069 14624 433
9070 7510 100
9070 5996 790
9071 3897 218
9071 3761 962
9071 5550 809
9071 8927 891
9071 8806 150
9072 15718 374
9072 14741 372
9073 13241 667
9073 2162 811
9073 12901 609
9074 14513 934
9074 13110 183
9074 8085 94
9075 15410 634
9075 8350 510
9075 15181 109
9075 4804 681
9076 6866 875
9076 5130 915
9076 4996 855
9077 12144 628
9077 2737 427
9077 5722 649
9077 7119 563
9078 3699 652
9078 3303 156
9078 1130 70
9078 6124 860
9079 4800 559
9079 13800 597
9079 772 318
9080 2884 634
9080 7221 146
9081 10966 535
9081 4761 777
9081 4474 435
9081 12973 286
9081 11868 780
9081 14066 938
9082 6549 228
9083 7202 546
9083 4230 951
9083 1960 529
9083 7154 77
9083 1881 563
9083 9571 676
9083 10373 736
9084 929 625
9085 10264 605
9085 14796 317
9085 6557 435
9085 5387 796
9085 2678 592
9086 4930 472
9086 7327 742
9086 8097 641
9086 8422 691
9086 6234 331
9087 11388 938
9087 12007 631
9087 15339 704
9087 3007 599
9087 10154 901
9087 13792 560
9087 5633 420
9087 1481 503
9087 6892 101
9088 8597 929
9090 8511 22
9090 15513 79
9090 1318 413
9090 10620 411
9091 7864 599
9091 1691 468
9091 5506 81
9091 5442 238
9091 13555 624
9091 11169 490
9092 14259 364
9092 15145 443
9092 4090 886
9092 2103 220
9092 9940 341
9092 14185 81
9092 2818 128
9093 10524 240
9093 10629 609
9093 12043 48
9093 9246 45
9093 10447 461
9093 5055 778
9093 2674 677
9093 8119 100
9094 5878 78
9094 10689 559
9094 9211 295
9094 3755 9
9095 8361 111
9095 1250 429
9095 6995 727
9096 15621 224
9096 8280 376
9096 12172 541
9096 3710 728
9096 11894 752
9097 14215 130
9097 1034 357
9097 10139 959
9097 10097 57
9098 8922 425
9098 777 11
9098 10394 546
9098 8973 107
9098 8611 297
9099 5974 118
9100 3344 817
9100 15199 25
9101 13959 806
9101 8733 852
9101 4886 489
9101 5215 220
9101 15062 918
9102 6971 699
9102 7244 536
9102 12591 847
9102 5651 819
9102 7011 990
9102 4260 182
9102 8559 90
9102 14462 231
9103 2435 937
9104 11305 856
9104 11557 457
9104 2426 377
9104 15538 107
9105 14955 993
9105 2131 866
9105 14436 289
9105 4063 222
9106 3470 95
9106 1290 196
9106 4574 931
9106 4617 259
9107 1007 755
9107 7073 45
9107 6336 782
9107 6031 139
9107 11910 851
9108 5465 902
9108 8181 466
9108 5602 669
9108 1334 633
9109 15660 714
9109 2193 908
9109 15974 655
9109 4067 186
9110 4777 309
9111 11267 946
9111 12917 82
9111 6179 635
9111 11078 421
9112 11443 455
9112 3711 546
9113 8488 597
9113 11996 132
9114 2234 722
9114 7007 877
9114 7625 478
9114 1427 2
9114 14418 44
9114 706 6
9114 4709 427
9115 12332 634
9115 13836 734
9115 11210 460
9116 15047 130
9116 7450 501
9116 4520 306
9116 8049 596
9116 8312 493
9116 9355 343
9117 425 394
9117 8665 568
9117 2046 268
9117 10268 275
9118 13840 688
9118 1247 513
9119 10581 627
9119 2692 395
9119 10770 340
9119 7880 100
9120 3186 671
9120 3968 505
9120 4578 501
9120 4081 19
9120 11094 153
9120 14170 223
9121 6697 506
9121 9429 120
9121 10915 755
9121 14582 435
9121 9701 728
9121 15533 655
9122 12198 747
9122 2635 60
9123 9740 57
9123 801 765
9123 11817 177
9124 13219 737
9124 4099 774
9124 6740 899
9124 6095 297
9125 13018 903
9125 2074 787
9126 4800 574
9126 6876 481
9126 5001 350
9126 15240 665
9127 533 695
9127 15000 917
9127 3966 587
9127 340 96
9128 5229 921
9129 14157 629
9129 1518 835
9130 10087 719
9130 5684 637
9130 8622 869
9130 5427 619
9130 2161 227
9131 12582 216
9131 10266 159
9131 6617 424
9131 543 492
9131 15039 585
9131 2147 1
9132 10563 903
9132 9049 925
9132 6495 465
9132 405 483
9133 5607 596
9134 9568 48
9134 10915 316
9134 8771 401
9134 14094 487
9135 5904 470
9135 1237 537
9136 13640 239
9136 9787 13
9136 12350 733
9136 11391 139
9136 13188 685
9137 6093 701
9137 15499 195
9138 1848 505
9138 9983 869
9138 5197 531
9139 4167 866
9139 7971 534
9140 10428 528
9140 4966 187
9140 1924 517
9140 15624 714
9140 10171 172
9141 7564 649
9141 6438 562
9141 7075 458
9141 10770 854
9141 8722 527
9141 5460 86
9141 8958 341
9141 10558 23
9142 13900 590
9142 6030 396
9142 255 384
9143 9745 696
9143 15749 259
9143 13709 143
9144 8002 196
9144 6442 826
9144 8905 4
9144 823 985
9144 2101 185
9144 7018 164
9145 12682 74
9145 8758 366
9145 13929 546
9145 6848 242
9146 671 775
9146 12158 543
9147 5522 941
9148 7925 726
9148 12292 693
9148 13146 212
9148 8722 81
9149 3802 846
9149 5503 386
9149 15245 86
9149 13188 43
9149 1631 303
9149 7393 841
9149 3356 376
9149 8912 818
9150 9668 590
9150 3895 11
9150 15268 689
9150 10571 463
9150 12179 304
9151 6795 627
9152 13710 835
9152 1790 263
9153 2472 738
9153 13033 8
9153 7732 744
9153 4216 708
9153 6430 143
9153 4453 229
9153 1768 907
9154 11176 512
9154 10978 538
9154 8272 102
9154 6407 981
9155 11161 859
9155 6219 254
9155 5509 731
9155 4479 49
9155 15306 58
9156 9681 246
9156 10639 365
9156 11752 639
9156 12680 727
9156 4871 890
9156 4608 430
9156 5151 114
9157 12707 402
9157 484 547
9158 12556 776
9158 1697 154
9158 685 340
9158 7034 874
9158 10054 463
9158 8824 325
9158 15904 258
9159 12052 902
9159 5291 655
9159 602 579
9159 13968 925
9159 9730 651
9159 6038 815
9160 11943 175
9161 3489 503
9161 2915 743
9161 11487 362
9161 11455 924
9161 7536 616
9161 4812 305
9162 7814 845
9162 8463 457
9162 14745 239
9162 9829 167
9163 14615 534
9163 1916 858
9163 8650 921
9164 4609 590
9164 15968 217
9164 9534 616
9165 1456 364
9165 12247 14
9165 15982 139
9165 12874 973
9165 15852 232
9165 11751 347
9165 13926 368
9166 5843 105
9166 13784 604
9167 3312 461
9167 12746 943
9167 9739 481
9168 10353 349
9168 1492 656
9168 2516 213
9168 5281 373
9168 9396 348
9169 10539 572
9169 10602 953
9169 12683 592
9169 4527 151
9169 11481 782
9170 10987 349
9170 12391 332
9170 14556 68
9170 15 514
9171 10040 498
9171 12485 437
9171 2750 400
9171 4235 144
9172 11171 538
9172 11219 690
9172 13566 457
9172 6121 44
9173 5413 929
9173 4250 983
9173 5297 869
9175 13913 589
9175 2824 750
9175 13247 874
9175 5718 146
9175 1968 171
9175 1672 437
9176 7478 67
9176 4567 97
9176 3372 887
9176 11824 106
9176 9954 815
9176 6052 258
9176 449 83
9178 15393 350
9178 10107 420
9178 4144 352
9178 6222 840
9178 15234 2
9178 3145 319
9179 11769 848
9179 7431 37
9179 10308 42
9179 15175 773
9179 6293 45
9179 2685 512
9179 10889 58
9179 7991 653
9180 7268 946
9180 2258 625
9180 9900 594
9181 8630 242
9181 14682 48
9181 9730 597
9181 11920 349
9181 14294 937
9182 9578 775
9182 4111 812
9182 3473 763
9182 2732 319
9183 2995 66
9183 3664 90
9183 12683 132
9183 10637 45
9184 1092 58
9184 2095 999
9185 4569 681
9185 7687 873
9185 14104 733
9185 10358 170
9186 12299 682
9186 12844 289
9186 7186 162
9186 4644 167
9186 9931 877
9187 1770 248
9187 4099 76
9187 14174 456
9188 5114 678
9189 12026 914
9189 5713 368
9189 1103 864
9190 3427 548
9190 6735 880
9191 13964 655
9191 9610 775
9191 13352 946
9192 7504 451
9192 2709 146
9192 7605 509
9193 9617 214
9193 6342 436
9193 9014 770
9194 6477 233
9194 4371 941
9194 6120 17
9194 6023 32
9195 3040 720
9195 14365 379
9196 6036 815
9196 12427 797
9197 224 879
9197 4071 944
9197 5622 962
9197 14234 657
9197 12352 277
9198 1941 183
9198 15965 939
9198 8316 356
9198 11543 817
9199 15900 576
9199 14273 780
9200 7523 41
9200 9590 250
9200 13483 764
9200 13098 571
9201 14667 116
9201 3429 682
9201 12351 614
9201 11509 461
9202 11880 58
9203 12083 580
9203 927 983
9204 6503 774
9204 15176 534
9204 14144 654
9205 15904 754
9205 9620 252
9205 15768 923
9205 870 217
9205 13901 96
9206 3751 161
9207 9435 793
9207 2665 412
9207 11650 265
9207 3517 350
9207 8943 973
9207 10411 894
9208 15974 621
9208 5749 664
9209 2821 676
9209 5675 506
9209 6530 278
9209 7740 287
9209 14780 895
9209 3525 963
9209 1523 805
9209 5257 292
9210 15370 349
9210 4638 88
9210 9809 604
9210 15231 3
9210 1188 963
9211 11033 877
9211 6975 632
9211 12102 698
9211 624 640
9211 206 535
9211 5444 448
9212 14728 664
9212 11685 14
9213 9296 324
9213 13596 876
9213 13094 998
9213 5188 685
9214 598 378
9214 2007 283
9214 13660 109
9215 10747 685
9215 13958 232
9215 5011 544
9215 5888 995
9215 15074 284
9215 5154 970
9215 15358 321
9215 1086 888
9215 7963 630
9216 7725 459
9216 12333 400
9216 7599 618
9217 8347 386
9217 10702 784
9217 5838 431
9217 11890 220
9217 2553 651
9218 2461 975
9218 14261 427
9218 15524 763
9219 12627 25
9219 7049 836
9220 12500 571
9220 5337 943
9220 867 45
9220 1148 674
9220 12024 943
9221 13412 579
9221 10774 22
9221 10302 656
9221 1709 49
9221 3379 567
9222 15878 979
9222 3774 659
9222 13234 907
9222 11948 601
9223 15602 290
9223 13820 514
9224 629 889
9224 7142 210
9224 12476 469
9225 376 837
9225 13716 41
9225 1885 665
9225 12994 847
9225 9882 328
9225 1223 626
9225 5037 184
9226 7278 4
9226 1084 552
9226 4751 831
9226 9469 925
9226 15199 257
9226 7734 944
9227 2278 84
9227 6755 166
9227 11339 304
9229 8619 763
9229 1553 487
9230 15404 982
9230 6544 975
9230 5161 370
9231 10189 683
9231 9993 988
9231 11358 638
9232 12205 183
9232 4390 891
9232 3883 440
9232 11747 225
9233 15342 159
9234 14051 997
9234 8483 559
9234 6164 511
9234 7484 218
9234 3843 968
9235 14172 9
9235 15712 877
9235 13998 908
9235 10368 207
9235 8774 916
9236 11642 315
9236 1845 539
9236 15097 477
9236 6602 279
9236 7446 354
9236 9810 514
9237 7409 547
9237 9883 660
9237 8639 962
9237 7186 733
9237 13946 310
9237 13228 218
9237 13174 889
9238 6761 65
9238 9986 6
9238 7566 931
9238 2111 916
9238 12625 915
9238 11110 713
9238 1256 506
9239 12849 981
9239 350 963
9239 996 145
9239 7865 572
9239 11776 897
9239 13923 671
9239 11393 722
9240 6164 81
9240 6950 373
9240 11506 88
9240 9679 587
9240 15968 757
9241 8010 43
9241 15660 715
9241 13367 5
9242 10331 46
9242 14659 643
9242 1715 994
9243 3728 84
9243 15263 705
9243 5997 720
9243 8166 191
9243 14319 968
9243 1999 75
9244 10656 753
9244 8995 888
9244 11447 335
9244 965 655
9245 14066 373
9245 8112 817
9245 12381 963
9245 11231 236
9245 6666 512
9246 5149 372
9246 13446 715
9246 14351 745
9246 8314 241
9246 9647 366
9246 14147 766
9246 5575 598
9247 8642 933
9247 3376 299
9247 9894 714
9247 6166 608
9247 9153 570
9247 9061 718
9248 11933 8
9248 1504 634
9248 384 316
9248 6026 354
9248 4097 99
9249 14625 306
9249 14808 158
9250 5297 473
9250 8031 105
9251 6159 584
9251 6619 504
9251 7430 980
9251 3263 474
9251 878 559
9251 2632 222
9252 15511 504
9252 5558 529
9252 2793 683
9253 884 684
9254 7898 821
9254 10152 229
9254 14428 187
9255 3565 468
9255 8383 658
9256 2123 616
9256 5865 388
9256 2785 172
9256 12740 100
9257 451 818
9257 2035 314
9257 9952 905
9258 7707 21
9258 2708 214
9258 2571 370
9258 3712 992
9259 15354 360
9259 3704 833
9259 8303 84
9260 6276 557
9260 11263 571
9260 7174 164
9261 4197 984
9261 10299 192
9262 4746 876
9262 15745 137
9262 12209 16
9263 13963 474
9263 4722 932
9263 8492 141
9263 7127 646
9263 5405 519
9263 59 659
9263 6114 822
9263 15705 778
9264 11026 738
9264 11048 468
9264 8817 701
9264 371 709
9266 944 599
9266 7873 390
9266 1798 285
9266 7153 139
9266 2026 789
9267 9970 715
9267 13654 886
9267 11844 21
9267 2958 282
9268 679 846
9268 1858 914
9268 2283 134
9268 3844 180
9268 11091 158
9268 8173 860
9269 10697 965
9269 12584 839
9269 5667 602
9269 3387 872
9269 1636 279
9270 11975 412
9270 8789 938
9270 5056 301
9271 1206 683
9271 700 452
9271 135 149
9271 13920 243
9271 7327 767
9271 5703 594
9271 4300 36
9271 2777 21
9272 14013 390
9272 10756 652
9272 2755 725
9272 4847 826
9273 14531 817
9273 4083 431
9273 12171 672
9273 685 322
9274 10791 879
9274 3217 334
9274 11935 92
9274 7066 695
9274 6750 16
9274 5934 245
9275 15763 377
9275 6509 542
9275 7164 460
9275 577 817
9275 7163 195
9276 10807 303
9276 2463 990
9277 6079 788
9277 12305 821
9277 5013 667
9277 11585 940
9279 4800 974
9279 4695 273
9279 1492 853
9279 12483 339
9280 10980 885
9280 552 386
9280 5510 577
9281 1491 12
9281 3325 783
9281 14852 403
9281 14177 375
9282 9698 890
9283 4507 788
9283 6314 999
9283 9108 914
9284 5666 549
9284 15792 738
9285 8425 959
9285 1007 604
9285 10720 512
9285 5604 145
9285 10129 384
9285 14691 55
9285 1163 318
9285 14647 760
9285 7041 713
9285 3043 338
9286 9976 753
9287 4147 663
9287 1983 135
9287 15534 420
9287 9177 135
9287 7892 820
9288 12576 602
9288 8351 882
9289 11863 176
9289 2226 520
9290 15825 177
9290 7316 136
9290 10664 415
9290 2499 805
9291 15627 740
9291 7061 55
9292 11782 179
9292 4780 263
9292 10784 59
9293 13531 975
9293 5710 69
9293 5495 484
9293 14779 198
9293 6420 777
9293 7380 297
9294 14925 611
9294 14914 702
9294 12057 67
9294 3987 544
9295 2369 713
9295 4416 358
9295 4483 592
9295 15579 218
9295 7076 995
9296 2283 651
9296 9851 510
9296 14230 662
9296 10741 689
9296 12585 881
9296 10622 256
9296 6118 627
9297 8861 537
9297 15128 549
9297 4893 242
9298 13682 893
9298 13633 956
9299 15411 259
9299 13631 180
9299 12476 589
9299 4232 156
9299 1769 650
9299 3793 256
9299 15484 575
9299 14082 24
9300 8028 131
9300 2250 525
9301 4255 861
9301 13674 356
9302 2375 458
9302 13496 325
9302 12982 651
9302 6845 443
9302 11985 339
9302 7575 601
9302 14812 748
9302 3955 257
9302 3584 844
9303 7065 657
9303 13264 258
9303 587 477
9304 14485 478
9304 12858 939
9304 10910 469
9305 6195 639
9305 2132 946
9305 8365 515
9305 10756 688
9305 14489 264
9305 13063 826
9305 9194 694
9305 6574 406
9306 15354 660
9306 8874 543
9306 371 449
9307 1044 615
9307 8123 323
9307 1554 284
9307 12766 712
9308 13618 572
9308 8385 611
9308 2840 473
9308 2369 273
9308 8839 657
9308 13837 980
9309 6960 636
9309 6175 559
9309 3476 473
9310 3400 549
9310 15964 529
9310 7251 863
9310 4208 1
9310 2168 73
9310 12200 552
9311 4738 25
9312 10530 667
9312 15399 858
9312 5246 190
9312 7710 888
9312 13369 411
9312 13897 384
9312 4663 82
9313 4469 649
9314 8811 67
9314 6245 515
9314 3919 106
9314 12733 849
9314 2369 191
9314 12202 194
9315 14266 814
9315 9945 577
9315 12940 31
9315 10079 135
9315 10807 885
9315 3214 512
9316 838 454
9316 13962 277
9316 249 795
9317 13121 491
9317 11719 538
9317 8792 705
9317 8938 976
9317 11097 447
9318 2560 490
9318 2870 992
9318 276 112
9318 5063 643
9318 888 73
9318 6912 4
9318 10100 937
9319 2816 432
9319 1134 774
9319 1414 66
9319 15194 314
9320 14790 456
9320 833 323
9320 8449 426
9320 5394 771
9321 9627 29
9321 6549 138
9321 4368 482
9321 11035 466
9321 14727 159
9322 14793 503
9322 9411 576
9322 11407 951
9322 10721 88
9323 10040 913
9323 10844 621
9323 3522 543
9323 11245 853
9323 1297 289
9323 7964 99
9324 6360 172
9324 11601 18
9324 14893 533
9324 613 719
9324 12982 499
9324 10362 999
9324 8488 979
9325 1298 358
9325 2392 294
9325 890 451
9325 610 595
9326 8311 342
9326 10189 350
9326 4772 836
9326 1530 611
9326 10179 201
9327 14903 91
9327 2353 686
9327 1529 688
9327 9941 749
9327 15095 119
9328 782 834
9328 10067 36
9328 761 356
9328 9597 467
9329 15188 945
9329 10461 371
9329 9163 234
9329 9622 816
9330 10451 233
9331 2683 336
9332 3013 114
9332 12644 273
9333 7206 698
9333 10615 751
9334 5254 297
9334 14582 569
9334 6728 352
9334 4930 62
9334 7684 786
9335 2748 161
9335 14941 167
9335 14794 622
9335 13696 129
9335 10205 525
9336 6208 102
9336 15508 702
9336 10846 234
9336 11991 480
9336 4154 299
9337 5375 590
9337 8164 497
9337 15096 125
9337 2455 856
9337 12443 224
9337 15957 241
9337 12581 948
9337 1772 680
9337 3617 41
9338 5576 566
9338 6721 789
9338 14679 882
9338 10529 838
9339 3703 171
9339 11189 237
9340 11700 850
9340 3361 702
9340 7357 495
9340 6260 897
9340 14799 740
9340 15933 966
9341 8211 869
9341 11809 330
9341 8603 895
9341 11697 468
9342 7686 346
9342 38 975
9342 6236 514
9342 8670 801
9342 10860 956
9343 15840 513
9343 7828 877
9343 1088 177
9343 7198 751
9344 10320 932
9344 3832 585
9345 10148 564
9345 12342 677
9345 8672 386
9345 3300 13
9345 7785 909
9346 10130 291
9346 10336 85
9347 13582 858
9347 4522 417
9347 1591 914
9347 5825 331
9348 1848 685
9348 2929 38
9348 1167 598
9348 13221 168
9348 8163 702
9348 14721 155
9348 7750 753
9348 12159 814
9349 6497 641
9349 11276 815
9349 12300 774
9349 14192 484
9350 13043 632
9350 14373 824
9350 9361 724
9350 2368 945
9350 14012 289
9351 5032 714
9351 5086 90
9351 3206 985
9351 13870 312
9351 9427 355
9352 4987 641
9352 10187 141
9352 8260 879
9353 14686 347
9353 10798 978
9353 14341 890
9353 8846 85
9353 11667 265
9353 11540 219
9353 15790 743
9354 6319 565
9354 9389 841
9354 6954 38
9354 15342 535
9354 8501 912
9355 573 663
9355 11875 882
9356 6541 893
9356 15941 186
9356 4954 781
9357 3841 723
9357 7934 996
9357 10495 584
9359 10997 542
9359 2102 56
9359 5316 844
9359 3021 461
9359 3124 227
9359 12027 990
9360 7014 253
9360 8557 786
9360 10174 353
9360 3342 558
9360 7198 782
9361 9580 861
9361 9036 477
9361 2845 882
9361 9082 856
9362 8647 966
9362 1207 154
9362 5721 416
9362 6254 914
9362 4637 82
9362 14030 112
9362 3523 841
9363 11811 923
9363 6014 204
9363 10435 509
9363 15054 173
9363 3700 756
9363 993 419
9364 4005 957
9365 2900 268
9365 628 546
9366 9335 736
9366 3764 464
9366 10803 80
9366 4658 333
9366 4108 716
9366 4747 725
9366 8061 342
9367 13717 87
9368 8859 284
9368 8901 363
9368 1838 334
9369 10657 10
9369 10614 203
9369 13204 239
9369 9309 458
9370 12536 760
9370 561 665
9370 8209 974
9370 2630 430
9371 6308 306
9371 15750 987
9372 1773 485
9372 6510 506
9372 1059 422
9372 6578 46
9372 14204 193
9372 15672 886
9372 9752 96
9372 11498 357
9373 6765 767
9373 1065 80
9373 13889 616
9373 7875 308
9374 13727 32
9374 15450 911
9374 5655 742
9374 13251 791
9375 26 552
9375 14579 801
9375 12833 290
9375 2711 326
9375 10579 419
9375 8700 87
9376 2744 29
9376 67 804
9376 14753 797
9376 5227 396
9377 4487 132
9377 3114 654
9377 994 585
9377 13826 817
9377 5771 328
9377 5488 732
9378 2646 191
9378 4822 862
9378 9938 892
9378 2939 749
9378 14271 307
9378 5395 602
9379 13282 847
9379 7942 559
9379 7555 473
9379 10517 439
9380 3213 366
9380 3837 418
9380 13407 717
9380 10711 942
9381 918 213
9381 1777 146
9382 14833 355
9382 4246 543
9383 1515 33
9383 9874 168
9383 11500 334
9384 10194 94
9384 11680 546
9384 533 491
9385 8779 862
9385 1890 583
9385 1588 787
9385 13414 889
9386 6365 801
9386 5472 961
9386 4744 421
9386 15081 120
9387 12978 400
9387 3978 392
9388 11595 637
9388 3951 985
9388 537 749
9388 14458 34
9388 4932 503
9388 7349 724
9388 5421 686
9389 4053 128
9390 15176 276
9391 8439 228
9391 14070 388
9392 5245 572
9392 2505 77
9392 1120 769
9392 1716 731
9393 13207 996
9393 10440 386
9393 8567 324
9393 11122 959
9393 4821 110
9393 7842 72
9393 9973 974
9393 13051 723
9394 4720 488
9394 7957 663
9394 13812 772
9394 12485 507
9394 13446 667
9394 5507 508
9394 147 777
9394 13790 627
9394 11834 240
9394 12145 547
9395 11555 422
9395 13436 603
9395 6669 997
9395 7592 484
9396 15282 586
9396 5288 394
9396 9383 176
9396 9635 116
9396 11074 607
9397 5433 950
9397 9667 311
9397 1872 577
9398 12088 493
9398 9631 892
9398 7186 418
9399 3242 745
9399 14860 606
9399 9414 880
9399 5436 721
9399 134 454
9400 5315 159
9400 5634 870
9400 3009 206
9400 11905 967
9401 10802 775
9401 10500 826
9401 4114 540
9401 2096 982
9401 13036 984
9401 9274 883
9402 6473 849
9402 8442 246
9402 10694 793
9402 928 593
9403 4335 173
9403 12868 82
9403 7644 381
9404 4872 27
9404 6895 144
9405 423 994
9405 9939 134
9406 12173 92
9406 10478 279
9406 11991 469
9406 11351 515
9406 7610 251
9409 4891 307
9409 14710 733
9409 9382 87
9409 9357 453
9409 8589 322
9409 11453 378
9410 4285 840
9411 10410 996
9411 2298 985
9411 2786 172
9412 11302 7
9412 10808 297
9412 6906 454
9412 3991 530
9413 10324 667
9413 14789 10
9414 14979 57
9414 9388 23
9415 3492 569
9415 6366 758
9415 1791 493
9416 2441 428
9416 5111 808
9417 8322 315
9417 5848 164
9417 563 621
9417 14353 572
9418 6288 744
9418 14686 101
9419 5684 436
9419 8488 659
9419 172 845
9420 1260 867
9420 12244 614
9421 6467 747
9422 13323 977
9422 3732 150
9422 9941 683
9422 554 562
9423 5260 15
9423 12940 233
9424 6576 965
9424 15197 804
9424 138 450
9425 5371 212
9425 14517 431
9425 6337 983
9425 10397 303
9425 10758 200
9425 10808 557
9425 13022 901
9426 8197 985
9426 9391 971
9426 11251 615
9426 7234 431
9426 10424 189
9426 1088 457
9427 10156 9
9427 14280 908
9427 11768 662
9427 15910 653
9427 8813 711
9427 11829 780
9427 14800 865
9428 2975 371
9428 11392 158
9428 14486 605
9428 10861 919
9428 7331 121
9428 8812 452
9428 5246 265
9429 13967 695
9429 1802 120
9429 2443 335
9429 5817 111
9429 1841 102
9429 6889 900
9429 9360 659
9430 7599 702
9430 4150 533
9431 5571 969
9431 11803 420
9432 8501 704
9432 5300 907
9432 3865 813
9432 1771 199
9432 5910 521
9433 7891 689
9433 13088 294
9434 14398 520
9434 2426 183
9434 15778 384
9435 10334 61
9435 14691 585
9435 12158 594
9436 5871 30
9436 6921 486
9436 3445 98
9436 2832 521
9437 13955 757
9437 12585 493
9437 15451 103
9437 10866 895
9437 2036 87
9437 6182 595
9438 6619 950
9438 12394 101
9438 2511 28
9439 5831 128
9439 11649 277
9439 5652 126
9439 5432 544
9439 5291 970
9439 3412 78
9440 15657 199
9440 15847 111
9440 14942 322
9441 8110 98
9441 13264 157
9441 10132 785
9442 2365 942
9442 2175 689
9442 15386 356
9443 13139 470
9443 9620 200
9443 4708 565
9443 1713 565
9443 1093 226
9443 9140 722
9443 8089 769
9444 829 483
9444 7769 593
9444 9254 576
9444 15978 740
9444 12606 144
9445 8235 617
9445 9234 954
9445 11771 609
9445 8474 556
9446 10353 672
9446 2282 833
9446 1285 263
9447 731 750
9447 9896 790
9447 5114 170
9447 1478 89
9448 9157 82
9448 14680 305
9448 826 102
9448 13310 128
9448 14093 927
9448 9354 260
9448 2060 965
9448 5183 757
9448 7771 91
9448 10806 587
9449 7016 91
9449 7782 122
9449 9874 618
9449 1151 704
9450 424 539
9450 12801 314
9450 7902 659
9451 7282 906
9451 1705 113
9451 5122 270
9451 3022 157
9451 12957 273
9451 12367 560
9452 5112 614
9452 671 343
9453 8817 357
9453 1199 922
9453 254 540
9454 10319 859
9454 9781 815
9454 20 765
9454 13732 10
9454 3787 677
9455 14267 630
9455 13382 513
9455 13319 818
9455 412 844
9456 3735 343
9456 13214 369
9457 5023 52
9457 11264 434
9457 11391 192
9459 9255 14
9459 10647 235
9459 10315 153
9459 11085 980
9459 7160 504
9459 4459 741
9460 14143 902
9460 12742 87
9460 9565 129
9460 8087 339
9460 12723 870
9461 3472 80
9461 9548 692
9461 12334 941
9461 4824 220
9461 8230 5
9462 15504 592
9462 6695 749
9462 8608 979
9462 7933 255
9463 2633 37
9463 8188 27
9463 6029 843
9463 9627 490
9464 7814 473
9464 5111 342
9464 482 242
9464 7066 954
9464 14315 445
9464 15335 383
9464 10150 331
9465 15988 334
9465 10970 920
9465 7509 829
9465 12701 928
9466 10154 50
9466 5850 962
9467 5184 547
9467 13981 25
9467 14631 69
9467 13793 505
9467 6416 54
9468 3226 66
9468 9893 909
9468 1031 556
9469 13209 755
9469 11080 433
9469 6293 514
9469 1625 205
9469 11760 701
9469 2379 329
9469 5546 331
9470 13125 678
9471 14356 863
9471 12344 528
9471 4831 901
9471 6167 208
9471 6879 801
9471 2962 700
9471 14164 866
9471 9548 488
9471 7111 613
9472 11207 673
9472 14300 13
9472 5326 101
9472 12908 384
9472 10120 818
9473 14709 534
9473 8628 210
9473 12056 253
9474 5714 648
9474 2495 829
9474 14936 33
9474 340 586
9475 3034 668
9475 5705 480
9475 10372 32
9475 8952 615
9476 4018 996
9476 12406 581
9476 13039 953
9477 11016 733
9477 5042 728
9477 2314 559
9477 1727 11
9477 9250 373
9478 14626 168
9478 12444 506
9478 5016 684
9478 12603 834
9479 12910 543
9479 11062 379
9480 13919 581
9480 8077 324
9480 769 51
9480 7355 565
9480 838 846
9480 2669 514
9480 8009 947
9480 5901 694
9480 5918 454
9481 11301 571
9481 7847 991
9481 993 861
9481 6484 142
9481 12603 608
9481 231 458
9481 9606 92
9481 7171 455
9481 3457 562
9481 2207 772
9482 12395 263
9482 7409 927
9482 555 4
9482 9421 64
9482 369 975
9482 6836 840
9484 12919 64
9484 940 222
9484 2035 242
9485 3177 115
9485 9349 925
9485 14696 123
9486 4043 431
9486 6670 813
9486 8659 361
9486 6167 539
9487 1886 231
9487 5997 222
9487 5197 929
9488 10344 518
9488 7762 970
9488 11596 809
9489 12657 495
9489 10103 559
9489 6790 776
9489 9566 938
9489 8747 156
9489 15050 108
9489 8215 711
9490 11930 245
9490 11894 835
9490 3074 728
9490 12862 759
9490 13521 84
9490 9589 836
9490 13349 117
9490 14997 869
9490 1819 653
9491 4169 558
9492 9751 604
9492 10419 88
9492 15748 665
9492 984 155
9493 4261 378
9493 2176 266
9493 15375 465
9493 5308 679
9493 5462 545
9493 1651 282
9494 5568 847
9494 9088 209
9494 2080 208
9496 14866 514
9496 430 526
9496 14817 96
9496 12553 161
9496 7174 946
9497 4673 553
9497 14890 139
9497 9272 935
9497 6450 619
9498 327 355
9499 11503 912
9499 10640 816
9500 10966 566
9500 11938 717
9500 9185 281
9501 8916 377
9501 10714 410
9501 1987 679
9501 12769 88
9501 7580 428
9501 10352 622
9502 9300 560
9502 12929 161
9502 2646 275
9502 11783 496
9503 11654 35
9503 3889 710
9503 7742 595
9503 4262 837
9503 6158 533
9504 15505 609
9504 9884 675
9504 11628 915
9504 3734 479
9504 11839 921
9504 11249 765
9505 4918 593
9506 9492 492
9507 9952 465
9507 14763 257
9507 4944 781
9507 8580 685
9507 9563 316
9508 15744 308
9508 12207 588
9508 4629 551
9508 9395 970
9509 4424 88
9509 12066 673
9509 7259 154
9510 7825 383
9510 8775 350
9510 1817 904
9511 7038 678
9511 1480 854
9511 3957 807
9511 3198 329
9511 2322 191
9511 5105 385
9512 13516 200
9512 8747 410
9513 11804 829
9513 12272 574
9513 6081 339
9514 10591 426
9514 8106 694
9514 231 495
9514 11859 397
9514 10639 146
9514 9570 536
9515 5119 751
9515 9120 636
9515 5696 201
9516 10266 243
9516 680 698
9516 12035 629
9516 8119 28
9516 7847 472
9516 8439 3
9516 11116 585
9517 2950 886
9517 1635 939
9518 13357 427
9518 4390 71
9518 10628 168
9518 1996 982
9519 9177 622
9519 5236 243
9519 11602 440
9519 1934 490
9519 1238 359
9520 7544 725
9520 9618 311
9521 15625 928
9521 7954 525
9521 6496 634
9521 7968 952
9522 12397 71
9522 15299 818
9522 7306 716
9523 254 976
9523 3461 522
9523 3108 206
9523 15327 835
9523 1169 138
9524 13853 965
9524 629 950
9524 8075 541
9524 14840 499
9524 13068 110
9525 15605 676
9525 12149 607
9525 10933 967
9525 2509 772
9525 2552 386
9525 9333 124
9525 6192 503
9526 8190 249
9526 194 346
9527 139 866
9527 12954 268
9527 5258 563
9527 2713 734
9528 3772 316
9528 5375 681
9528 12937 661
9528 7013 86
9528 8781 116
9529 11755 685
9529 88 548
9529 11670 258
9529 10344 558
9529 6825 788
9529 10082 208
9530 8240 799
9530 9170 27
9530 13361 145
9531 1923 131
9531 3025 969
9531 8104 267
9531 13494 357
9532 11899 764
9532 2002 566
9532 7472 408
9532 9687 893
9533 8348 857
9533 13150 245
9534 14364 969
9534 1000 684
9534 12566 585
9534 4557 325
9534 13720 416
9535 10159 379
9536 2587 414
9536 9695 799
9536 13465 25
9537 2480 372
9537 15069 433
9537 8622 660
9538 12324 411
9538 3648 747
9538 4980 116
9538 14428 276
9538 13674 504
9539 14198 394
9539 8238 810
9539 9194 197
9539 5597 508
9539 8533 112
9539 4045 193
9540 2718 703
9540 1737 618
9541 1111 883
9541 5072 494
9541 2470 600
9541 10291 92
9541 753 244
9542 11707 71
9542 11553 203
9542 880 665
9542 14485 385
9542 173 88
9542 4343 286
9543 11153 5
9543 8530 909
9543 11165 395
9543 4196 195
9544 8398 538
9544 2689 307
9544 9073 11
9544 10111 216
9544 6083 799
9545 11843 90
9545 14278 941
9545 4098 756
9546 11061 464
9546 2615 616
9546 14722 868
9546 5445 591
9546 14538 279
9547 150 636
9547 12388 242
9547 1927 204
9547 11553 865
9547 14748 920
9547 4587 46
9547 10270 678
9547 5869 20
9548 6792 630
9548 8190 507
9548 13811 735
9549 6771 34
9549 8459 339
9549 13789 140
9549 1213 455
9550 625 841
9550 5546 647
9550 1633 598
9551 4928 410
9551 4875 398
9551 821 942
9551 4633 483
9552 7280 249
9552 7915 844
9552 13275 923
9552 8237 942
9553 8790 789
9553 835 930
9553 14074 627
9553 12370 318
9553 5921 190
9553 11537 521
9553 5801 995
9554 10234 95
9554 11925 558
9554 12297 730
9554 4831 881
9554 4107 814
9555 1092 985
9555 4627 321
9556 3245 532
9557 6042 388
9557 13078 907
9558 814 140
9558 1349 483
9558 5033 938
9558 13184 369
9558 631 582
9558 6666 934
9558 8699 672
9559 12566 45
9560 15975 213
9560 11667 150
9561 5111 72
9561 1166 468
9561 15564 126
9561 3711 446
9562 1999 391
9562 11076 280
9562 15705 667
9562 3817 34
9562 4707 532
9563 727 401
9564 1388 568
9564 8071 690
9564 10054 539
9564 3789 159
9565 1507 558
9565 9065 340
9566 12960 161
9566 10310 543
9566 2239 179
9566 5948 380
9566 13985 760
9566 12482 816
9566 8576 137
9567 4546 388
9567 9957 176
9568 13617 869
9568 5369 702
9568 2918 600
9568 1614 838
9568 14583 230
9568 13149 211
9569 1232 491
9569 15383 86
9569 364 189
9569 884 340
9569 842 240
9569 5459 459
9569 11130 892
9569 1562 815
9569 9537 299
9569 8859 292
9570 1172 549
9570 12993 521
9570 10140 51
9570 4051 194
9570 10302 509
9571 6899 253
9571 12293 683
9571 3665 468
9571 5542 538
9573 9099 90
9573 10215 571
9574 4633 278
9574 5086 551
9574 9696 907
9574 11796 261
9575 9991 134
9576 13329 728
9576 14081 257
9576 13347 618
9576 4109 600
9576 5510 204
9576 14457 209
9577 4028 218
9577 1712 326
9577 10933 363
9577 4308 202
9578 14499 329
9578 12446 22
9578 5029 847
9578 4549 581
9578 3507 826
9578 884 749
9579 5911 738
9579 15510 55
9579 12746 105
9580 14389 636
9580 1408 138
9580 4514 614
9581 5912 967
9581 1495 59
9582 4013 230
9582 7538 181
9583 3909 462
9583 8226 268
9584 5378 189
9584 12408 448
9584 7406 629
9584 6238 505
9584 2871 706
9584 7111 246
9585 7280 917
9585 2528 572
9585 13737 787
9585 131 108
9585 12536 162
9586 8504 557
9586 8131 211
9586 13541 640
9586 13248 294
9586 4397 155
9586 2675 131
9586 8675 510
9587 14090 925
9587 15016 363
9587 7197 534
9587 2221 684
9587 159 128
9588 5227 248
9588 14144 145
9588 15049 406
9588 15120 411
9589 95 232
9589 4500 60
9589 11675 51
9590 11958 199
9590 10839 83
9590 12357 436
9590 7260 317
9590 7930 274
9591 890 46
9591 9100 763
9591 5954 306
9592 12912 595
9592 2979 588
9592 13636 918
9592 11542 452
9593 4984 944
9593 11503 328
9594 5440 815
9594 12446 597
9595 14692 575
9595 3989 242
9596 7797 964
9596 12454 573
9596 1305 967
9596 8085 62
9596 3019 93
9596 7616 624
9596 11789 555
9597 5673 743
9597 970 47
9597 4298 95
9597 2527 481
9598 4901 959
9598 14135 621
9598 10298 741
9598 1443 153
9598 15106 343
9598 13798 965
9599 12157 485
9599 12052 565
9600 1060 994
9600 10073 23
9600 4650 639
9600 11269 637
9600 237 298
9600 1652 855
9601 6575 210
9601 10830 732
9601 13868 385
9601 3604 2
9602 3599 564
9603 14998 485
9603 5555 216
9603 4523 97
9604 5081 54
9604 7822 541
9604 13760 143
9604 11148 63
9605 9694 994
9605 5619 46
9605 4432 729
9605 819 755
9605 6603 533
9605 11089 122
9605 8764 463
9605 15329 857
9605 14189 45
9605 9254 301
9606 8637 938
9606 6484 115
9606 4388 135
9607 11457 821
9607 10841 887
9608 10989 307
9608 4938 694
9608 9350 584
9608 894 797
9609 5820 610
9609 14028 855
9609 9015 454
9609 2981 354
9609 10710 471
9609 4516 869
9609 298 465
9609 5643 429
9609 6393 197
9609 466 86
9610 2168 1000
9610 14201 473
9611 9413 559
9611 9765 935
9611 14613 369
9612 8417 17
9612 2700 2
9612 3547 422
9613 8773 609
9613 7843 108
9613 14018 68
9613 3821 529
9613 3303 305
9613 14266 308
9613 8457 902
9614 13739 993
9614 14547 48
9614 2647 164
9614 2440 141
9614 10781 389
9614 11227 798
9615 14599 273
9615 14083 663
9615 14285 830
9615 10206 875
9615 6012 721
9616 13474 220
9616 5288 519
9617 5152 260
9617 14080 409
9617 1131 829
9618 1036 669
9618 7801 321
9618 10231 901
9618 15811 737
9619 5591 735
9619 6932 648
9620 11923 27
9620 14301 980
9620 2830 836
9620 8720 728
9621 1874 176
9621 11678 813
9622 9277 738
9622 1529 296
9622 7315 861
9622 12734 749
9623 2493 793
9623 14005 350
9623 9553 35
9623 11570 873
9623 14582 144
9623 1797 525
9624 6164 514
9624 7056 477
9624 15710 944
9624 644 177
9624 4143 399
9625 1927 427
9625 2074 482
9625 172 340
9625 8758 57
9625 5456 112
9625 8269 929
9625 14501 611
9625 14408 861
9626 1064 23
9626 8639 270
9626 379 461
9626 3188 368
9626 8108 945
9627 11727 892
9627 9690 233
9627 14880 688
9628 10240 692
9628 5639 85
9628 13853 629
9628 6154 807
9628 10469 274
9628 1978 472
9628 6508 833
9628 2855 261
9628 4491 316
9628 8500 571
9629 13856 1
9629 5588 86
9629 3323 513
9629 12713 233
9630 14121 90
9630 1804 901
9631 3467 189
9631 10417 115
9631 617 986
9631 755 698
9631 14231 967
9632 3782 212
9633 11072 865
9633 6870 165
9634 2132 283
9634 1172 669
9634 14512 895
9634 3568 430
9635 4480 240
9635 2930 202
9635 77 446
9635 8264 680
9635 4654 994
9636 9926 289
9636 11542 570
9637 7405 459
9637 411 173
9637 13539 625
9637 14471 731
9637 6607 649
9637 12573 608
9637 1934 161
9637 3174 626
9637 13069 563
9638 2742 28
9638 9424 278
9638 10608 216
9638 8961 975
9639 11957 198
9639 12423 250
9639 15572 562
9640 11157 79
9641 15848 991
9641 12752 214
9641 3905 420
9641 12699 430
9641 3790 366
9641 7609 507
9642 14579 582
9642 740 892
9642 4806 291
9642 9763 657
9642 659 958
9643 9363 462
9643 9737 387
9643 4950 601
9643 8059 927
9644 13497 78
9644 14484 754
9644 5209 786
9644 14571 236
9644 4842 78
9644 1474 792
9644 9058 536
9644 5969 443
9644 10986 66
9644 10017 876
9645 14550 277
9645 5920 983
9645 7347 753
9645 3675 658
9645 192 107
9645 15861 400
9646 15996 858
9646 10452 596
9646 2216 741
9647 8565 207
9647 15541 632
9648 4872 134
9648 7050 699
9648 13210 624
9648 14898 506
9648 14087 582
9649 10307 909
9649 12956 477
9649 9382 537
9649 689 674
9650 2948 58
9650 7529 440
9650 6910 508
9650 13162 682
9651 11842 960
9651 15826 861
9651 2578 846
9651 5248 882
9651 1267 399
9651 6061 818
9652 2803 899
9652 7013 953
9653 2151 419
9653 11134 382
9654 8922 306
9655 3073 770
9655 12775 626
9656 7744 283
9656 14140 895
9656 4383 274
9656 10052 803
9656 8237 238
9656 14588 55
9656 3260 41
9657 7104 790
9657 14986 889
9657 11781 36
9657 9160 385
9657 8723 204
9658 3095 781
9658 15269 687
9658 3542 151
9658 11754 935
9659 8113 676
9659 11973 231
9659 9388 228
9660 8680 374
9661 7257 484
9661 7999 104
9661 423 491
9661 13492 320
9661 8438 719
9661 14558 490
9661 7139 829
9662 9300 719
9662 3688 623
9662 5395 213
9662 1200 956
9662 13654 56
9662 3269 361
9663 6396 162
9663 14216 460
9664 6626 716
9664 3893 415
9664 13440 507
9665 7901 518
9665 6476 793
9665 13916 199
9665 12286 273
9666 13321 237
9666 7740 695
9666 15484 9
9666 9173 511
9666 504 496
9666 3568 850
9667 3770 935
9667 5977 86
9667 15717 863
9667 1145 290
9667 12624 294
9668 12782 414
9668 9808 424
9668 3837 105
9669 5228 148
9669 4218 433
9669 7029 272
9670 5629 241
9670 8781 198
9670 360 518
9671 7762 292
9671 192 173
9671 4424 823
9672 3318 346
9672 15269 453
9672 15426 315
9672 15010 746
9673 5456 429
9673 911 914
9673 965 362
9673 3412 934
9673 4484 158
9673 14909 861
9674 6241 475
9675 2835 862
9675 6385 452
9675 70 990
9675 15777 378
9676 2443 923
9676 5641 101
9676 4668 575
9676 9842 707
9676 329 120
9677 5424 353
9677 8912 902
9678 5187 180
9678 7140 197
9678 10227 859
9678 9768 644
9678 2954 759
9678 12629 834
9678 10296 996
9679 8108 998
9679 13530 307
9679 4489 641
9680 8243 284
9680 8170 507
9681 10063 475
9681 302 94
9681 11691 667
9682 5005 483
9682 4762 226
9682 216 227
9682 7354 131
9682 13447 458
9682 12506 779
9683 13893 578
9683 9743 519
9683 689 849
9683 1237 518
9684 4547 382
9684 9588 520
9685 12073 464
9685 9504 599
9685 4277 623
9685 11603 189
9685 5273 905
9686 6431 241
9686 12324 986
9686 6542 177
9687 11341 911
9687 10830 617
9687 0 3
9687 1634 413
9687 2837 286
9687 12479 168
9688 3370 75
9688 6511 855
9688 3881 959
9689 8364 963
9689 15837 471
9689 9555 919
9689 1528 123
9690 792 679
9690 9029 819
9690 10105 578
9690 5972 855
9690 10063 910
9690 12942 913
9691 11694 198
9691 6551 709
9691 5556 98
9692 15683 908
9692 13943 846
9692 14242 349
9693 7094 530
9693 15501 528
9693 15609 892
9694 7052 859
9694 812 953
9694 15730 767
9694 7315 198
9695 8541 56
9695 6970 927
9695 7296 497
9695 13757 334
9696 15296 325
9696 10226 798
9696 9664 814
9696 457 520
9697 13146 611
9697 5230 602
9697 13356 43
9698 2583 848
9699 6066 64
9699 8996 352
9699 5813 133
9700 14596 719
9700 15435 806
9701 6974 74
9701 14514 851
9702 8872 573
9702 5643 926
9702 10466 958
9702 1041 659
9702 8634 864
9703 1251 926
9703 10307 531
9703 15402 310
9703 15673 235
9703 15378 213
9703 4650 413
9704 9727 387
9704 10453 873
9704 4379 411
9704 8169 743
9705 13662 475
9705 15183 382
9705 13489 875
9706 15847 741
9706 4479 20
9706 8440 53
9706 5672 744
9706 8402 654
9706 3268 351
9706 14263 424
9707 389 52
9707 9828 919
9707 1466 1
9707 8438 753
9707 6521 212
9708 15543 461
9708 3915 956
9709 8082 614
9709 1276 998
9709 12614 26
9709 438 352
9709 4033 561
9710 7320 63
9710 1358 814
9711 1554 827
9711 7783 685
9711 15987 741
9711 11286 51
9712 11174 917
9712 5103 716
9712 3219 178
9712 15222 201
9712 3126 381
9712 12205 677
9713 14700 149
9713 12281 337
9713 9324 238
9713 13418 694
9714 11929 694
9714 14285 150
9714 8281 274
9714 3676 826
9715 12362 84
9715 1870 385
9716 13837 962
9716 249 793
9716 1967 988
9716 8074 584
9716 15188 804
9717 7467 668
9717 10610 229
9717 9175 304
9717 14564 592
9717 15630 673
9718 7163 793
9718 11580 820
9718 2468 329
9718 4430 886
9718 14113 394
9718 6354 584
9719 14566 295
9719 10523 481
9720 4856 278
9720 7711 295
9721 11499 553
9722 14415 549
9722 12308 320
9722 9006 336
9722 4006 737
9722 13234 728
9723 11402 82
9723 14983 691
9724 7627 770
9724 14366 343
9724 1748 187
9724 5314 521
9725 8121 622
9725 8018 441
9725 12457 934
9725 15409 951
9725 2086 771
9726 10857 865
9726 12629 486
9726 10519 280
9726 10169 486
9726 3648 867
9726 11371 347
9726 3972 446
9726 1708 937
9727 5476 568
9727 4259 223
9727 4395 660
9727 7839 621
9727 1780 400
9727 14152 596
9728 12000 409
9729 8421 616
9729 12720 551
9729 3235 135
9730 525 691
9731 7660 150
9731 12402 164
9731 13969 646
9732 6720 947
9732 12572 515
9732 5233 678
9732 7698 95
9732 12452 883
9733 13267 239
9733 9614 193
9733 6891 652
9733 5600 839
9733 1771 672
9733 13964 634
9734 10420 335
9734 1467 298
9734 11896 983
9734 5269 230
9734 3987 713
9735 6357 917
9735 11592 221
9735 10712 908
9735 9345 555
9735 12883 897
9735 2671 404
9735 3868 472
9735 9922 895
9735 4547 741
9736 7354 576
9736 76 972
9736 7283 98
9736 5279 63
9736 5467 949
9737 1807 35
9737 4758 657
9737 9773 282
9738 661 880
9738 7758 663
9738 12292 749
9738 14182 529
9738 3956 1000
9739 8441 371
9739 11369 371
9739 8569 488
9739 8995 608
9739 6786 101
9739 15285 262
9740 1076 760
9740 9261 43
9741 15264 327
9741 1018 251
9741 2580 386
9741 7324 360
9741 11019 526
9742 3844 746
9742 12475 595
9742 1464 678
9742 5895 463
9743 12742 854
9743 2063 577
9743 3576 770
9744 12820 538
9744 9323 853
9744 7834 141
9744 4954 745
9745 11897 106
9746 12449 372
9746 3754 376
9746 13981 921
9747 14905 936
9747 2888 972
9747 9524 228
9747 2104 300
9748 11295 201
9748 8196 982
9748 6472 873
9748 15231 857
9748 5797 83
9749 14844 245
9749 15885 970
9749 10467 29
9749 9308 741
9749 11836 326
9750 13483 529
9750 12891 229
9750 7578 10
9750 8740 710
9750 15835 197
9751 3515 273
9751 9189 36
9751 3147 51
9751 13744 493
9751 4373 437
9752 7719 865
9752 15338 135
9752 8138 295
9752 6078 497
9752 5057 601
9753 5065 11
9753 255 187
9753 5909 780
9753 15573 926
9754 15964 609
9754 12686 959
9754 2856 205
9754 5024 628
9755 11236 66
9755 1899 113
9755 2661 657
9755 15180 305
9755 6255 411
9756 15064 661
9756 1413 645
9756 9276 674
9757 2516 988
9757 15319 881
9757 1362 405
9758 2167 823
9758 6912 260
9758 2823 307
9759 12318 772
9759 5166 703
9759 11218 578
9759 8228 435
9759 7178 946
9759 14405 368
9760 11262 485
9760 3853 67
9760 9711 554
9760 14879 597
9760 13728 191
9760 1286 785
9761 12687 550
9761 2489 987
9761 6379 510
9761 405 835
9761 12890 20
9761 11399 180
9762 3655 142
9762 7002 753
9763 5154 824
9763 879 573
9763 12028 153
9763 8691 332
9764 10038 190
9764 8870 821
9764 7517 213
9765 1827 52
9765 5135 518
9765 8052 218
9765 9706 630
9765 10966 967
9766 4178 85
9766 626 371
9767 1892 422
9767 14707 252
9767 12321 74
9767 12310 429
9767 13482 793
9767 6861 271
9767 6170 797
9767 8802 366
9767 4264 205
9768 13595 682
9768 12886 950
9768 8753 170
9768 1171 729
9768 2865 656
9768 7040 205
9768 13574 776
9768 3116 699
9769 14594 621
9769 5085 36
9769 8748 322
9769 7508 281
9770 8261 924
9770 8543 656
9770 895 582
9770 5918 451
9770 6109 23
9770 8495 525
9770 13076 94
9771 2205 967
9771 4273 936
9771 7502 529
9771 9162 825
9771 15464 439
9772 11074 932
9772 13775 416
9772 4379 705
9774 2782 254
9774 1342 732
9774 5688 706
9774 10401 323
9774 14934 137
9775 2351 848
9776 8905 483
9776 4679 294
9776 9594 357
9776 511 60
9776 12820 848
9777 13165 415
9777 12498 791
9777 15601 487
9777 14164 853
9777 8348 276
9777 9231 695
9778 3910 945
9778 1988 122
9779 1656 208
9779 11564 411
9779 4858 166
9780 12549 73
9780 5982 684
9780 6416 544
9780 5349 454
9780 3406 754
9780 3088 892
9781 9234 399
9781 13697 827
9781 12425 473
9781 4126 401
9781 4137 181
9781 15777 957
9782 8731 372
9782 15449 387
9782 13258 80
9782 4588 270
9782 2901 405
9783 9220 762
9783 4067 872
9784 7393 91
9784 9531 585
9784 7278 421
9784 4953 650
9784 3623 622
9784 14947 967
9785 8406 675
9785 986 744
9785 1819 874
9785 8120 238
9785 5240 6
9786 2295 310
9786 13147 417
9786 1912 100
9786 15197 44
9787 4476 845
9787 4306 64
9787 8301 109
9788 12758 565
9788 3239 582
9788 3170 1000
9788 14983 18
9789 4896 621
9789 8530 734
9789 3864 977
9789 2173 95
9789 5177 762
9789 5763 821
9790 9130 746
9790 46 114
9790 7307 486
9790 15663 591
9790 15924 916
9791 1401 553
9791 6940 862
9792 5385 338
9792 8787 821
9792 1155 557
9792 11762 493
9793 1274 262
9793 11554 779
9794 8748 808
9794 14700 870
9794 1232 924
9795 12286 515
9795 3262 146
9795 11412 21
9795 5333 4
9796 9437 731
9796 4377 737
9796 1010 812
9796 2167 743
9796 11023 686
9797 8616 229
9797 7103 633
9797 12753 632
9797 2952 207
9798 14723 714
9798 6137 356
9799 14580 504
9799 4085 632
9799 7428 15
9800 8457 473
9800 7106 863
9800 3537 788
9800 7508 852
9800 2452 466
9800 15019 930
9800 14203 5
9801 1823 713
9801 4925 256
9801 5115 273
9802 13788 330
9802 1811 711
9803 14528 225
9803 847 922
9803 14497 539
9803 3226 55
9803 8929 811
9803 2762 175
9803 7389 537
9804 3192 374
9804 10477 214
9804 8101 287
9805 7317 789
9805 10091 176
9806 693 959
9806 4467 467
9806 14996 355
9806 5670 233
9806 6083 903
9806 737 232
9806 87 60
9806 6518 451
9806 15488 691
9807 1149 223
9807 8178 853
9807 7252 868
9807 3066 197
9807 8975 486
9808 3314 752
9808 12271 411
9808 7688 89
9809 1317 311
9809 1989 583
9809 13325 630
9809 7818 351
9809 5673 742
9810 13494 74
9810 4373 790
9810 9708 29
9810 15529 993
9810 14751 417
9810 12182 259
9810 8420 47
9810 13778 498
9810 2768 577
9810 12020 332
9811 1127 701
9811 304 894
9811 2796 488
9811 4137 871
9812 11000 75
9812 12888 668
9812 6081 753
9813 11114 214
9813 3752 149
9814 13976 817
9814 3213 591
9814 7291 150
9814 1278 196
9814 8933 628
9815 4275 488
9815 15582 708
9815 6187 674
9816 9699 752
9816 10658 272
9816 1219 332
9816 3037 602
9816 12314 969
9817 316 242
9817 8252 639
9817 12274 638
9818 15199 803
9818 10619 491
9818 3193 264
9818 8500 906
9819 7619 409
9819 8791 595
9819 2692 883
9819 2056 781
9820 7953 137
9820 11749 65
9820 10250 835
9820 4720 632
9821 3270 856
9821 12653 717
9821 9205 231
9822 633 756
9822 5254 886
9822 11890 276
9822 14851 518
9822 14738 917
9822 2386 396
9822 11983 59
9823 6738 184
9823 9335 184
9823 2512 533
9824 4882 715
9824 8239 185
9824 14429 166
9825 7697 44
9825 12911 153
9825 1420 67
9825 5945 124
9826 15089 572
9826 9501 126
9826 1095 730
9826 7834 644
9826 11322 391
9827 15504 68
9827 15488 633
9827 3302 144
9827 7873 865
9827 2246 330
9827 9023 770
9828 12996 547
9828 1251 179
9828 6578 211
9828 8695 707
9828 11616 33
9828 2022 263
9829 4888 245
9829 3318 66
9829 4910 182
9830 2938 566
9830 13344 310
9831 12498 52
9831 9389 1000
9831 303 728
9831 10932 109
9832 4520 935
9832 12761 533
9832 4267 405
9832 12576 91
9832 12747 836
9832 4877 441
9833 9403 773
9833 7530 592
9833 12891 246
9833 1756 458
9834 2388 406
9835 11554 688
9835 11411 491
9835 3367 891
9835 11885 719
9835 12121 192
9835 404 248
9836 8181 336
9836 1306 924
9837 12007 327
9837 4869 707
9837 2997 420
9837 8458 984
9838 7948 382
9838 14534 417
9838 15261 974
9839 11332 355
9839 10864 399
9839 6102 341
9840 1665 994
9840 1648 987
9840 11265 140
9840 14876 309
9840 4523 886
9841 7523 856
9841 14974 249
9841 15451 650
9842 1836 206
9842 5324 237
9842 14846 780
9842 1850 679
9842 7605 742
9843 2828 161
9844 7205 381
9844 7276 306
9844 12632 652
9844 2442 922
9844 4058 323
9845 7484 953
9845 3559 536
9845 8262 475
9845 4463 87
9845 5191 624
9845 8626 895
9845 1924 10
9846 10372 165
9846 11470 955
9846 15952 172
9846 5837 860
9847 11545 828
9847 10323 248
9847 12330 199
9847 7356 363
9848 8085 669
9848 13239 402
9848 14280 72
9848 6713 333
9848 8942 140
9849 7677 575
9849 6101 910
9849 846 969
9849 8700 392
9849 5968 503
9850 14492 931
9850 9530 929
9850 11185 933
9850 1812 722
9850 9660 812
9851 12406 461
9852 10701 365
9852 10284 676
9852 13373 277
9852 2429 281
9852 12749 195
9852 1490 927
9852 7739 648
9852 15623 568
9853 6908 832
9853 1209 572
9854 14423 859
9854 14039 500
9854 9126 248
9855 2354 441
9855 3035 12
9855 15238 669
9855 13738 11
9855 10197 105
9855 9706 707
9856 8328 277
9856 14894 522
9857 1033 670
9857 14025 607
9858 3916 485
9858 3775 467
9858 4387 19
9859 7187 81
9859 2409 86
9859 5353 778
9859 10846 864
9859 12638 675
9860 7995 131
9860 3081 524
9861 11396 847
9861 44 914
9861 221 469
9861 1995 39
9862 11047 39
9862 415 82
9862 14076 943
9863 6737 31
9863 1498 221
9863 3260 257
9863 10196 810
9863 12165 292
9864 8459 682
9864 15921 397
9865 10782 494
9865 10570 386
9865 11676 614
9865 6580 45
9865 14122 94
9866 3530 946
9866 2080 76
9866 1685 356
9867 5477 829
9867 3745 721
9867 7631 325
9867 9669 465
9867 3874 316
9867 13365 270
9867 14082 148
9867 8502 978
9867 11831 897
9868 6070 538
9868 12145 759
9868 15681 669
9868 12912 186
9868 13077 719
9868 15503 872
9869 7460 143
9869 4335 218
9869 14937 656
9869 7688 716
9869 14775 580
9869 11080 197
9869 13393 237
9870 620 15
9870 6105 130
9870 10359 595
9870 2311 336
9871 3515 102
9871 12338 233
9871 15986 521
9871 10334 560
9871 14708 410
9872 14601 865
9872 2944 304
9872 999 96
9872 9085 80
9872 15262 529
9873 1604 828
9873 7906 455
9873 9086 187
9873 2317 995
9873 13595 968
9873 716 135
9873 11490 787
9873 7728 485
9874 10843 998
9874 343 748
9874 13600 157
9874 13015 387
9875 10611 57
9875 6963 552
9875 7219 492
9875 7956 677
9875 12181 685
9876 6194 345
9876 1653 19
9876 13899 335
9876 14871 60
9876 3393 950
9876 9065 328
9877 3755 979
9877 10314 370
9877 7386 541
9877 1391 95
9877 7591 667
9878 9778 186
9878 10591 800
9878 11819 539
9879 8776 664
9879 14079 300
9879 7536 136
9880 11050 471
9880 9028 514
9880 11830 927
9881 14083 388
9881 1768 7
9881 11309 527
9882 3212 354
9882 10938 917
9882 5777 209
9882 14358 699
9882 7099 561
9882 4094 918
9882 8794 740
9882 14585 619
9882 10838 361
9883 9067 678
9883 11117 248
9883 8525 409
9883 15564 90
9883 10604 94
9883 12169 595
9884 15115 962
9884 11120 134
9884 3944 640
9884 456 99
9884 13707 287
9884 997 440
9884 2281 570
9885 3470 262
9885 4437 597
9885 11899 250
9885 6846 979
9885 9699 225
9885 8795 279
9885 3237 796
9885 7923 519
9886 9878 361
9886 4630 638
9886 12537 767
9887 2418 464
9887 7050 712
9887 2999 357
9887 8479 916
9888 13009 654
9888 7786 447
9888 870 998
9888 10036 527
9888 2157 700
9888 424 314
9889 1599 100
9889 1133 983
9889 10952 129
9890 8171 90
9890 11556 949
9890 742 22
9890 12147 869
9891 1119 241
9891 7631 655
9891 7355 534
9891 11180 307
9891 340 895
9891 9408 711
9892 4575 730
9892 10402 593
9892 7881 908
9892 1152 354
9893 8324 534
9893 3324 797
9894 15731 735
9895 7296 130
9895 11780 679
9895 9035 543
9895 9292 843
9896 9590 224
9896 14333 141
9896 11051 941
9897 9085 71
9897 9584 485
9897 9805 265
9897 4679 238
9898 2513 153
9898 10842 279
9898 13305 231
9898 8694 895
9898 10157 371
9899 9286 120
9899 15718 387
9900 8985 960
9900 5368 918
9900 13329 390
9901 12790 61
9901 11307 736
9901 15487 627
9902 2011 687
9902 12288 301
9902 10186 504
9902 9732 792
9903 4407 983
9903 10932 344
9903 9235 628
9903 12835 61
9903 14975 381
9904 7228 851
9904 14226 181
9904 1790 696
9904 726 651
9904 3813 452
9904 11472 221
9904 11388 973
9905 288 883
9905 458 87
9905 8624 745
9906 14929 7
9906 3563 176
9906 12192 126
9906 9318 16
9906 9105 679
9906 1423 997
9907 13604 964
9907 8104 16
9907 3211 339
9907 8447 49
9908 6921 728
9908 12014 97
9908 15939 10
9908 10637 753
9908 7816 950
9908 1864 221
9909 6917 154
9909 5467 79
9910 8033 860
9910 2160 700
9910 11336 162
9910 6870 365
9910 9495 765
9911 4051 214
9911 12672 64
9912 13867 518
9912 7034 302
9912 305 341
9912 11973 883
9912 9988 807
9912 4927 465
9912 10528 831
9912 622 545
9913 3635 823
9913 10261 269
9913 3927 177
9913 5569 359
9914 166 928
9914 5499 799
9914 12744 7
9914 9477 708
9914 7004 29
9914 5065 410
9915 12609 256
9915 8659 783
9915 15922 706
9915 11427 473
9916 10628 903
9916 8940 81
9916 13927 2
9916 8728 82
9916 2718 297
9917 15936 80
9917 14702 44
9917 7146 698
9917 3600 922
9917 11769 357
9917 4759 241
9918 2749 328
9918 186 308
9918 2025 137
9919 6280 436
9919 8769 822
9919 15026 309
9919 14762 364
9919 3797 784
9920 8254 201
9920 2831 655
9920 8551 946
9920 8737 957
9920 2312 350
9921 4394 406
9921 6072 51
9922 14934 481
9922 15898 796
9922 11778 496
9922 7596 172
9923 540 853
9923 14586 458
9923 1348 391
9923 6066 645
9924 13821 627
9924 12975 617
9924 11520 545
9924 5113 692
9925 5076 797
9925 12291 972
9925 15670 290
9925 15829 36
9925 14403 614
9925 2730 660
9926 9372 318
9926 13381 131
9926 1176 420
9926 7009 853
9927 12303 5
9927 8748 730
9927 11212 404
9927 8868 592
9927 4394 621
9928 7028 784
9928 8285 381
9928 507 851
9928 2372 84
9928 9903 514
9928 14067 731
9928 6037 361
9928 7248 47
9929 6709 83
9929 12583 62
9929 6786 480
9929 10996 407
9929 11209 228
9929 13250 991
9929 1204 76
9930 11560 59
9930 2309 857
9930 14340 282
9930 15825 45
9930 939 892
9930 14052 434
9930 1921 859
9930 11837 869
9930 9695 824
9930 9296 139
9930 4486 157
9930 102 471
9930 13166 224
9931 13204 399
9931 15554 679
9932 11717 842
9932 2806 314
9932 10999 952
9932 11742 310
9932 5457 136
9932 6784 618
9932 15716 70
9932 8012 606
9933 3982 81
9934 6282 966
9934 13165 39
9934 4741 948
9934 9840 941
9934 3810 792
9935 9063 45
9935 6885 822
9935 8571 614
9936 1853 265
9936 14322 710
9936 13822 991
9936 3632 229
9936 999 954
9936 399 594
9937 4945 62
9937 14687 981
9937 14679 766
9937 1886 592
9937 10360 289
9937 9106 627
9938 9253 414
9938 14327 180
9938 14218 701
9938 9126 538
9938 10377 693
9938 330 16
9938 1073 237
9939 3992 202
9939 11951 821
9939 2854 666
9940 15712 237
9940 1755 188
9940 2443 516
9940 3628 334
9941 12067 321
9941 1585 748
9941 580 595
9941 11693 993
9942 1260 920
9942 5337 676
9942 3464 936
9942 11905 701
9942 4153 15
9942 9969 929
9942 11556 322
9942 1477 195
9942 4116 674
9943 13099 100
9943 5924 231
9944 14082 525
9944 12985 673
9944 3268 394
9944 8336 213
9944 12119 34
9945 3607 897
9945 10390 693
9946 1741 915
9946 4388 20
9946 6713 334
9946 13968 261
9946 3674 882
9946 12176 924
9946 7784 270
9946 3281 648
9946 1850 502
9947 6279 151
9947 6110 248
9947 11239 858
9948 5442 456
9948 9902 882
9948 542 486
9948 12284 733
9949 12331 985
9949 9200 927
9949 4856 64
9950 5816 615
9950 7962 118
9950 1918 895
9951 5121 513
9951 2601 81
9951 1247 910
9952 10665 74
9953 14627 481
9953 12986 372
9953 1887 745
9953 14501 761
9953 1288 623
9954 9697 732
9954 2657 510
9954 8297 427
9954 2856 319
9954 11724 184
9954 3523 433
9954 5849 258
9955 9124 561
9955 13733 694
9955 8024 236
9955 380 286
9956 10361 997
9956 9752 558
9956 2233 499
9957 3417 452
9957 13475 157
9957 2898 844
9957 5917 868
9958 15551 588
9958 13594 261
9958 14135 730
9958 8206 442
9958 3799 334
9958 3670 438
9959 14060 334
9959 15323 38
9959 8089 986
9959 710 95
9959 14276 667
9959 13067 722
9960 4369 919
9960 1351 886
9960 9449 811
9960 9324 649
9960 12897 834
9961 2606 9
9961 8484 573
9961 12956 413
9962 15293 925
9962 6611 164
9962 8675 595
9962 15000 173
9963 15554 195
9963 3969 440
9963 10748 669
9964 13942 963
9964 7917 515
9965 7608 562
9965 2915 635
9965 12564 292
9965 3661 919
9965 2860 245
9965 14451 572
9965 12862 181
9966 1845 427
9966 1695 285
9966 4629 731
9966 6854 99
9966 5797 54
9966 13382 55
9966 7115 375
9967 441 287
9967 489 479
9967 5531 790
9967 9875 948
9967 3302 299
9967 15639 732
9968 4036 911
9968 10216 833
9968 14393 72
9968 5565 668
9968 9796 314
9970 3619 841
9970 8149 875
9971 15182 25
9971 1850 307
9971 5898 489
9972 15457 166
9972 944 610
9972 12769 795
9972 751 149
9973 4533 517
9973 1157 321
9973 3154 335
9973 7917 314
9974 11257 997
9974 3503 868
9974 15347 307
9975 2286 946
9975 11492 704
9975 7893 910
9975 4348 403
9976 4687 91
9976 11805 989
9976 13760 754
9976 4181 176
9977 6189 178
9977 1501 281
9977 13625 773
9977 14985 802
9978 9216 675
9978 2544 48
9978 518 627
9978 13111 416
9979 4463 634
9980 12209 916
9980 3491 441
9980 519 36
9980 1189 652
9980 11459 426
9981 10757 630
9981 12787 971
9981 4212 696
9981 6164 45
9981 935 135
9982 4524 761
9982 9282 573
9982 8170 416
9983 15869 721
9983 10796 832
9983 955 458
9984 6147 128
9984 64 555
9984 2209 94
9984 2015 355
9984 7674 525
9985 8386 421
9985 11508 364
9985 3031 86
9985 6411 711
9985 2460 343
9986 11350 61
9986 9624 475
9986 10863 27
9986 10106 536
9986 1013 126
9986 8232 183
9987 15229 267
9987 9845 486
9987 11795 896
9988 1561 816
9988 6371 468
9988 8252 818
9988 14977 540
9988 12194 798
9988 12264 620
9988 11338 449
9989 15110 835
9989 2436 796
9989 9619 718
9989 15983 27
9989 2491 69
9990 13863 959
9990 5378 229
9990 1344 104
9991 8232 265
9992 1148 16
9992 14947 323
9992 11179 339
9992 1394 378
9992 166 970
9992 12620 319
9993 15902 526
9993 5645 405
9993 4365 998
9994 11550 897
9994 11729 172
9994 14651 69
9995 7524 697
9995 11948 973
9995 1041 665
9995 6317 417
9995 14050 423
9995 72 530
9996 5357 162
9996 13873 253
9997 6661 786
9997 8097 855
9997 3499 765
9997 5362 474
9997 9591 522
9998 9990 774
9998 10379 226
9999 15041 566
9999 5755 293
9999 2498 180
9999 15972 758
9999 3264 672
10000 2792 412
10000 5597 28
10000 832 389
10001 9055 692
10001 13318 531
10002 14810 704
10002 2339 184
10003 5911 831
10003 11505 630
10003 236 154
10003 2744 242
10004 15567 376
10004 246 231
10005 9741 949
10005 8068 28
10006 6984 70
10006 9321 375
10007 13726 160
10007 7920 877
10007 15853 497
10007 4071 308
10007 7305 718
10008 2901 204
10008 7715 358
10008 5901 539
10008 14882 573
10009 10191 276
10009 7227 891
10009 5665 121
10010 7222 303
10010 15016 157
10010 14356 18
10011 448 617
10011 7827 317
10011 2390 247
10011 8226 622
10012 11412 798
10012 8534 287
10012 8158 976
10012 6795 510
10012 7820 995
10014 3213 328
10014 4439 89
10014 1225 600
10014 3266 813
10014 15032 643
10015 15996 484
10015 8987 540
10015 6626 516
10016 15553 179
10016 13557 619
10016 10337 942
10017 10367 819
10017 207 842
10017 11175 607
10017 3440 780
10017 305 898
10017 5705 408
10018 13865 113
10018 4940 34
10018 8514 448
10018 13242 373
10019 933 940
10019 14426 100
10019 10643 174
10019 12202 206
10019 8854 440
10019 5479 302
10019 14326 531
10019 1566 599
10019 2818 62
10020 10362 786
10020 7303 426
10021 11380 196
10021 8564 14
10022 6787 333
10022 13344 549
10022 11332 137
10023 10552 17
10023 13670 663
10023 4073 634
10023 9311 360
10023 1995 971
10023 14775 286
10024 4284 834
10024 6798 477
10025 8630 807
10025 5891 91
10025 11090 773
10025 12400 130
10026 4669 828
10026 9639 932
10026 4684 330
10026 9430 484
10027 10782 84
10027 6169 854
10027 7764 946
10027 3418 524
10028 14754 943
10028 10645 501
10029 1604 284
10029 7552 402
10029 9377 537
10029 1120 961
10030 9590 813
10030 4255 183
10031 14634 677
10031 5410 34
10032 4645 8
10032 11543 97
10032 4225 317
10032 7824 421
10032 7582 539
10032 1278 214
10034 15651 875
10034 266 154
10034 10093 837
10034 11902 589
10034 3706 555
10035 3771 818
10035 14802 101
10035 12644 505
10036 2963 383
10036 677 926
10036 2888 71
10036 13777 955
10036 5139 723
10036 11136 616
10036 1466 396
10037 8849 627
10037 13715 403
10038 11319 288
10038 5006 82
10038 10841 349
10039 10049 190
10039 4215 744
10039 8417 371
10039 13550 540
10040 11357 241
10040 6341 944
10041 12888 247
10041 5240 739
10041 498 481
10042 12668 562
10042 928 84
10042 11393 838
10042 14934 847
10043 9602 802
10043 90 762
10043 2761 727
10043 13307 213
10043 5144 769
10043 3959 561
10044 105 390
10044 4992 887
10044 401 252
10044 1633 631
10044 2358 342
10044 14227 323
10044 2850 881
10045 14313 452
10045 4461 853
10045 2062 468
10045 1987 999
10045 8219 814
10046 11211 456
10046 12504 288
10046 1962 975
10046 1900 28
10046 11789 45
10046 9340 683
10047 9249 72
10047 6611 77
10048 5444 896
10048 7126 401
10048 1122 151
10049 11126 957
10050 14369 630
10051 2212 715
10051 11166 704
10051 11043 427
10051 4656 441
10051 15612 371
10051 2796 790
10052 2300 549
10052 440 34
10052 8761 616
10052 4411 126
10052 12844 838
10053 14179 404
10053 9224 946
10053 15712 105
10053 6910 929
10054 6071 574
10054 9533 272
10054 909 988
10054 15460 341
10054 5435 908
10055 9951 684
10055 12298 633
10055 13191 21
10055 14537 604
10055 3146 76
10056 7642 53
10056 14807 917
10056 13340 293
10056 15450 525
10056 7269 899
10057 13765 676
10057 15095 972
10057 2058 323
10058 6907 264
10058 11607 543
10058 15998 345
10058 10317 686
10059 9090 314
10059 12925 178
10059 15732 586
10059 8320 123
10060 13094 950
10060 503 28
10061 8073 874
10061 15709 220
10061 2442 948
10061 15397 352
10062 4160 682
10062 6464 325
10062 4060 932
10062 3904 513
10062 551 764
10063 3617 592
10063 7333 881
10063 15906 285
10063 5697 620
10063 11651 171
10064 657 382
10064 12023 69
10064 7201 302
10065 6930 140
10065 14085 147
10066 117 826
10066 2100 155
10066 2874 453
10067 5774 867
10067 14588 110
10067 6387 727
10068 2958 228
10068 1605 862
10068 10420 84
10068 11045 986
10069 15644 258
10069 12934 574
10069 6786 54
10069 2840 804
10069 10371 411
10069 3679 224
10070 8732 453
10070 4554 125
10070 13447 139
10071 2659 52
10071 15412 557
10071 4761 879
10071 8440 224
10071 4789 156
10072 2614 689
10072 1811 453
10072 9404 900
10072 11633 419
10073 11253 439
10073 4426 381
10073 1420 579
10074 8574 739
10075 7268 213
10075 12616 912
10075 11552 226
10075 11512 224
10075 1161 719
10075 14562 421
10076 5973 742
10076 4513 919
10076 9289 69
10076 1362 781
10076 6283 397
10076 6168 300
10077 8282 998
10077 1052 158
10077 4147 444
10077 9684 563
10078 15183 272
10078 10975 608
10078 8714 959
10078 12500 828
10078 12517 367
10078 14859 692
10078 8950 14
10079 2862 829
10079 107 316
10079 7635 898
10080 556 282
10080 3404 687
10080 3680 51
10080 1293 258
10081 10512 721
10081 14176 11
10082 13653 594
10082 3855 669
10082 10917 537
10082 10142 287
10082 12399 889
10082 7027 865
10083 8063 668
10083 3095 21
10083 11559 763
10084 12857 655
10084 10715 556
10084 5953 523
10084 7823 801
10084 10308 601
10084 8749 424
10084 14792 662
10084 12568 802
10085 7407 137
10085 4415 404
10085 12029 530
10085 11405 861
10086 4066 918
10086 5283 630
10086 8005 427
10086 13999 556
10086 8982 855
10087 5557 191
10087 13735 694
10088 15437 431
10088 6607 406
10088 12020 267
10088 15190 112
10088 9571 546
10089 1528 868
10089 13939 606
10089 6383 858
10089 8769 974
10089 14560 646
10090 9289 106
10090 3857 146
10090 15673 730
10091 6760 402
10091 11513 545
10092 170 930
10092 9602 83
10092 13649 362
10092 15444 171
10092 12127 491
10092 11771 644
10094 12107 376
10094 2802 829
10095 3708 212
10095 2452 98
10095 6104 448
10096 13292 3
10096 8245 786
10096 10626 762
10096 14601 524
10096 14193 486
10096 11303 397
10096 2830 426
10097 5566 274
10097 4312 298
10097 9904 512
10098 10772 526
10098 9445 659
10098 1417 366
10098 9916 169
10099 12319 504
10099 12263 513
10100 9926 494
10100 1304 279
10100 4526 202
10100 13563 360
10100 395 64
10100 11350 269
10100 9576 996
10100 4381 749
10101 7980 717
10101 5132 896
10101 6524 481
10101 5472 332
10101 5108 124
10101 6326 578
10102 6769 569
10102 11008 407
10102 5350 893
10102 3059 157
10102 13279 174
10102 2928 95
10102 848 599
10103 5006 390
10104 11321 607
10104 14758 369
10105 15670 617
10105 10688 158
10107 12834 157
10107 8432 279
10107 1320 813
10107 15523 515
10108 8683 14
10108 9058 315
10108 8944 597
10108 226 517
10108 11533 418
10108 8521 715
10109 881 11
10109 13313 536
10109 5712 176
10110 131 266
10110 1915 766
10110 12708 782
10111 8798 77
10111 3205 300
10111 15117 392
10112 1689 761
10112 12774 226
10112 7877 354
10112 12736 278
10112 4432 184
10112 2811 731
10112 8948 946
10113 13412 46
10113 14570 750
10113 299 642
10113 15778 772
10113 14344 746
10114 5802 229
10114 2314 947
10114 13109 256
10114 14823 670
10114 11458 906
10115 8431 120
10115 13387 727
10116 7026 294
10116 14613 457
10116 12463 760
10117 11543 225
10117 14321 225
10118 2013 756
10118 245 476
10118 12051 376
10118 4076 387
10118 14495 294
10118 2824 359
10118 15963 605
10118 13563 363
10118 7329 167
10119 4159 103
10119 15290 666
10119 4435 245
10119 5691 7
10120 10045 958
10120 13683 348
10120 8791 668
10120 14724 412
10120 1341 249
10120 5232 977
10121 12055 527
10121 4308 658
10121 1145 980
10121 4422 950
10122 6439 302
10122 10931 488
10122 6541 543
10122 2598 907
10123 8682 424
10123 12432 329
10123 11259 49
10123 7942 540
10124 10764 351
10124 8742 1000
10124 2346 438
10125 4144 513
10125 3196 933
10125 5407 321
10126 13180 574
10126 7711 864
10126 665 700
10127 13029 807
10127 8139 521
10127 1920 349
10127 7311 639
10128 15281 652
10128 11938 751
10128 7185 320
10129 4574 384
10129 103 315
10130 8913 758
10131 1217 726
10132 5780 843
10132 11628 354
10132 11372 588
10132 942 524
10132 4379 402
10133 13888 978
10133 2982 109
10134 13742 631
10134 3882 758
10134 4172 192
10134 3956 997
10135 7908 98
10135 9979 745
10135 14527 558
10135 14737 179
10135 11722 744
10136 14086 97
10136 310 999
10136 10594 487
10137 57 341
10137 8004 644
10137 9100 358
10138 6851 262
10138 3197 104
10138 13114 717
10138 3 312
10138 6059 159
10138 9290 840
10138 9704 666
10139 807 116
10139 3419 784
10139 8017 731
10139 13807 827
10139 7701 509
10140 5584 521
10141 10697 311
10141 1335 466
10141 14285 274
10142 15094 592
10142 4608 566
10142 15497 466
10142 6965 780
10142 26 17
10143 15877 13
10143 10404 788
10143 3432 283
10143 4712 654
10143 7160 855
10144 3036 825
10145 8553 852
10146 12924 317
10146 12313 858
10146 4667 611
10146 793 595
10146 1169 210
10146 585 439
10147 11036 488
10147 314 630
10147 10786 302
10148 8049 712
10148 6640 259
10148 2353 553
10148 8299 548
10148 9082 162
10149 9182 648
10149 14860 442
10149 11010 519
10149 3257 897
10150 4494 206
10150 14400 751
10150 8298 578
10150 5042 782
10150 11456 802
10150 6474 13
10150 7733 85
10151 14364 761
10151 7567 988
10151 6552 784
10151 411 15
10151 15201 609
10151 12682 921
10152 7903 794
10152 3166 1
10152 13235 890
10152 2481 872
10152 8895 880
10153 4133 919
10154 11286 239
10154 14788 515
10154 2679 30
10154 9831 631
10154 8791 858
10155 11185 891
10155 7210 569
10155 3050 108
10155 14444 13
10155 13337 525
10155 12235 231
10156 5167 185
10156 15991 199
10156 14565 754
10156 13117 947
10156 6941 379
10156 4827 949
10156 1849 285
10156 3880 300
10156 3372 599
10157 14930 399
10157 15211 479
10157 3074 469
10158 6984 230
10158 15476 506
10159 9988 265
10159 3753 592
10159 8290 543
10159 13699 558
10159 15296 429
10159 13037 62
10159 3703 673
10159 10382 745
10160 15173 522
10160 15848 893
10161 8666 331
10161 11100 846
10161 10199 401
10161 4980 488
10161 12943 893
10161 2814 432
10162 14642 153
10162 14596 512
10162 3759 128
10163 12428 87
10163 5534 894
10163 15535 940
10163 4925 931
10164 8075 869
10164 3749 902
10164 2675 646
10164 4256 948
10164 2325 341
10164 13039 823
10164 10290 487
10165 15570 505
10165 9887 295
10165 6922 672
10165 5344 182
10165 6346 103
10165 9178 793
10165 11338 973
10165 410 523
10166 11078 49
10166 15625 110
10166 2311 306
10167 2000 784
10167 2604 149
10167 13213 752
10168 3898 850
10168 4018 655
10169 2377 154
10169 4081 36
10169 3941 467
10169 8551 666
10170 12068 565
10170 4529 310
10170 6301 750
10170 2323 867
10171 14793 270
10172 10143 933
10172 13866 774
10172 3982 285
10172 10811 402
10173 2489 149
10173 4636 32
10173 6 313
10173 3670 941
10173 15035 946
10174 2013 645
10175 13592 272
10175 485 760
10175 1793 637
10175 11240 966
10177 6931 620
10177 15912 38
10177 13569 993
10178 9278 349
10178 4001 80
10178 11909 42
10179 9546 173
10179 13252 463
10179 2270 467
10180 7920 84
10180 5342 507
10180 13537 242
10180 11238 769
10181 12074 767
10181 4474 878
10181 10658 166
10181 8454 915
10181 8087 556
10181 7311 969
10182 3179 418
10182 13834 295
10182 566 779
10183 11327 693
10183 5329 605
10183 11544 37
10183 15911 832
10183 12150 16
10183 12685 73
10183 702 704
10183 12064 143
10184 4316 363
10184 14101 633
10184 11208 417
10184 5799 761
10184 1466 666
10184 2885 45
10184 14296 952
10184 8296 28
10185 11698 237
10185 6499 767
10186 5818 115
10186 6112 990
10186 7750 55
10186 15418 200
10187 9179 525
10187 8812 514
10187 15291 787
10187 12915 98
10187 7431 941
10188 7771 576
10188 3048 698
10188 9334 431
10188 7476 172
10189 14116 960
10189 14131 847
10189 6409 725
10189 9660 302
10189 12901 425
10189 6707 166
10190 13443 489
10190 4965 564
10190 13120 347
10190 5155 113
10190 2074 119
10191 2180 977
10191 2092 267
10191 4797 182
10192 14106 912
10193 4463 857
10194 9158 335
10194 3224 570
10194 8828 214
10194 13565 841
10194 15525 920
10195 15672 979
10195 3436 673
10196 10581 132
10197 14456 201
10197 4740 247
10198 10230 762
10198 13654 914
10198 10531 636
10198 6969 894
10199 5660 971
10199 609 410
10199 13187 750
10200 13142 499
10200 10900 635
10200 13019 54
10201 2269 694
10201 6420 335
10202 6923 134
10202 14702 865
10202 11141 381
10202 15541 977
10202 11209 548
10202 13454 909
10203 4286 617
10203 3873 143
10203 9249 713
10203 14558 272
10203 6611 701
10203 897 406
10203 12366 435
10204 9247 349
10204 7015 702
10205 5354 51
10205 15514 359
10205 983 288
10205 13453 839
10205 5849 389
10205 7393 98
10206 163 143
10206 13393 667
10206 42 945
10207 9422 231
10207 7100 173
10207 8868 475
10207 6610 229
10207 13183 377
10207 3512 845
10207 5504 847
10207 7298 342
10208 8373 810
10208 13759 111
10208 8475 843
10209 13751 762
10209 4848 677
10209 9351 965
10209 5677 65
10209 6454 67
10209 2287 163
10209 7560 908
10209 8209 835
10210 5361 807
10210 2293 806
10210 7921 544
10210 6284 648
10211 6909 141
10211 982 930
10211 13992 313
10212 10951 594
10212 504 756
10213 15992 108
10213 2342 799
10213 9907 690
10213 5592 195
10214 5761 46
10214 11073 163
10214 6401 333
10214 15956 956
10214 11378 837
10214 1370 45
10214 2863 88
10215 7136 829
10216 10317 255
10216 9278 261
10217 14292 301
10217 2579 61
10218 5749 109
10218 11074 131
10218 8437 625
10219 5588 657
10219 12013 583
10219 10894 377
10220 7717 152
10220 3918 563
10221 4866 554
10221 4353 221
10221 5114 453
10221 4772 435
10221 2972 950
10222 974 825
10222 4168 118
10222 4108 470
10222 1921 531
10223 7638 492
10223 4995 481
10223 6047 892
10223 2663 223
10224 13663 991
10224 13039 577
10224 1641 915
10225 6608 95
10225 11832 338
10225 4286 550
10226 7126 382
10226 10357 175
10226 2104 763
10226 11307 814
10226 865 707
10226 15646 908
10227 9885 835
10228 2375 965
10228 15587 210
10228 7820 429
10228 1715 482
10229 4322 584
10229 2935 614
10229 7973 162
10229 15906 734
10229 4004 277
10230 3836 910
10230 15867 341
10231 11475 788
10231 4588 121
10232 11824 96
10232 8120 382
10232 14962 473
10232 6176 13
10232 11054 74
10233 10167 816
10233 9504 893
10234 5285 114
10234 2141 742
10234 8441 93
10235 7829 756
10235 14146 810
10235 14845 475
10236 3730 832
10236 8750 534
10236 15068 666
10237 3050 677
10237 9650 810
10238 14220 317
10238 9713 14
10238 9086 171
10238 11585 45
10238 2403 395
10238 2338 503
10238 7717 954
10238 15700 376
10238 10121 12
10238 13061 701
10239 6389 724
10239 12768 877
10239 14157 194
10239 329 986
10239 13877 497
10239 1397 231
10240 5729 722
10240 423 152
10240 10317 337
10240 705 334
10240 15839 451
10240 15316 532
10241 1161 100
10241 13205 932
10241 1411 369
10242 13301 48
10242 13133 327
10242 13973 754
10242 901 890
10242 1773 604
10242 6614 864
10242 5985 376
10243 6187 386
10243 3517 128
10243 1578 24
10243 3933 58
10243 12471 117
10243 5609 323
10244 9048 180
10244 9114 944
10244 13754 224
10244 9261 392
10244 7812 632
10244 4773 417
10244 1997 219
10244 1252 741
10245 5069 826
10245 15093 346
10245 4856 935
10245 5256 470
10245 10123 829
10245 8645 770
10245 4439 797
10246 304 532
10246 15890 792
10246 14330 226
10246 1307 724
10246 14787 870
10246 13922 60
10247 2017 670
10247 1760 338
10247 3738 50
10247 6138 109
10247 7497 920
10248 12741 944
10248 3868 472
10248 13684 181
10249 2902 537
10249 4665 612
10250 10949 203
10250 4731 885
10250 7445 741
10251 5238 935
10251 10817 137
10251 15228 242
10251 9176 134
10251 7891 939
10252 10889 480
10252 4226 220
10252 4391 532
10253 3600 747
10253 9254 725
10253 11179 279
10253 10643 197
10254 8806 746
10254 11157 550
10254 14127 566
10254 8924 708
10255 3154 85
10255 3359 719
10255 4767 362
10255 15493 737
10256 1691 608
10256 1248 991
10256 11237 492
10256 2010 84
10256 1571 760
10256 1240 789
10256 14637 4
10257 8523 766
10257 1157 312
10257 5198 400
10257 5766 79
10257 10126 345
10257 15838 580
10257 10567 580
10257 4998 695
10257 15220 666
10257 2574 266
10258 506 765
10258 9053 490
10258 3300 858
10258 6415 87
10258 9841 125
10258 9778 47
10258 13157 539
10259 11442 147
10259 15613 443
10259 13502 54
10259 2765 259
10260 3004 233
10260 1852 52
10261 530 380
10261 901 566
10261 10842 960
10262 510 150
10262 2694 965
10262 6162 99
10262 6840 749
10262 7213 865
10264 7778 785
10264 2644 209
10264 3699 209
10265 3578 528
10265 13475 373
10265 9931 763
10265 5207 366
10266 4254 996
10266 15875 385
10266 14438 527
10266 13805 844
10266 12241 982
10266 2154 448
10267 8775 852
10267 10284 882
10267 15889 660
10268 13672 539
10268 4711 232
10269 12771 139
10269 10275 274
10269 7276 717
10269 8226 721
10270 13529 588
10270 15288 166
10270 10107 47
10270 816 638
10270 8394 186
10271 10565 630
10271 7545 321
10271 9797 885
10271 8678 491
10271 12573 835
10272 5682 742
10272 12720 62
10272 7846 210
10272 13032 107
10272 15425 566
10273 8027 680
10273 7522 211
10273 11201 232
10273 465 571
10274 2373 758
10274 15300 467
10275 13950 311
10275 1220 345
10275 12033 351
10275 9170 451
10275 285 291
10275 625 446
10276 14852 889
10276 12448 139
10276 2405 247
10277 12265 674
10277 14871 924
10277 2306 61
10277 9479 917
10277 11689 791
10277 2014 7
10278 11819 133
10278 1805 730
10278 13982 125
10278 7838 609
10278 475 474
10278 7297 151
10279 5756 783
10279 13559 814
10279 10239 546
10279 7823 52
10281 851 100
10281 1644 302
10281 11048 879
10281 11492 209
10281 14972 885
10281 14125 989
10282 9352 22
10282 9558 519
10282 6655 969
10282 982 528
10282 7869 16
10282 5026 452
10282 7700 756
10282 15201 572
10283 15043 393
10284 312 504
10284 819 463
10284 3158 418
10285 5822 244
10285 4150 567
10285 14389 878
10285 9780 494
10285 9838 67
10286 13730 96
10286 3618 930
10287 12775 479
10287 11577 451
10287 7668 420
10287 11117 864
10288 8456 236
10288 3164 845
10288 14675 376
10289 10221 304
10289 8766 968
10289 8151 284
10290 6824 714
10290 7320 919
10290 2557 205
10290 502 102
10290 13948 249
10291 2459 338
10291 7461 651
10291 13474 211
10291 11999 393
10291 1993 548
10292 11038 537
10292 4576 294
10293 1258 467
10293 14006 522
10293 4384 482
10293 12779 871
10293 5288 572
10295 3796 511
10295 5715 442
10296 7350 592
10296 9585 689
10296 7006 975
10296 11472 966
10296 10333 689
10296 12056 410
10297 7166 718
10297 11118 679
10297 14402 142
10298 5304 912
10298 2145 873
10298 11164 768
10298 13377 154
10298 7148 385
10298 6926 834
10298 10472 422
10299 10625 474
10299 9596 54
10299 4038 651
10299 2130 279
10299 10732 972
10299 12557 592
10299 4266 397
10300 3177 9
10300 2939 248
10300 6243 420
10300 621 438
10301 7148 336
10301 10023 930
10301 14584 96
10301 5625 920
10302 12692 984
10302 14348 301
10302 10910 838
10302 7008 694
10303 13362 532
10303 14726 147
10304 5382 354
10305 12561 654
10305 11281 236
10305 12145 522
10305 10340 616
10305 13621 531
10305 123 908
10306 3713 57
10306 11345 761
10307 1684 255
10307 7942 625
10307 5160 178
10307 6351 887
10307 9641 284
10307 10626 953
10307 12492 177
10307 5698 355
10307 6964 489
10308 9786 819
10309 8863 170
10309 1852 919
10309 1496 856
10310 891 446
10310 313 965
10310 7401 520
10310 6181 658
10310 3631 749
10310 448 437
10311 11350 258
10311 7833 357
10311 14593 45
10311 2059 196
10312 11075 535
10312 3375 674
10312 3673 541
10312 9313 665
10312 2492 527
10312 13941 777
10312 570 974
10312 8415 243
10313 8188 407
10313 2688 442
10313 14634 572
10313 133 345
10314 5967 979
10314 6745 181
10315 6010 66
10315 1262 560
10315 14648 121
10315 10498 809
10315 12302 384
10316 10691 706
10316 7211 793
10316 11993 790
10316 10446 283
10317 9807 687
10317 1885 833
10318 12770 153
10318 14842 768
10318 8262 725
10318 13097 967
10319 7329 296
10319 1124 220
10319 14665 366
10319 9896 914
10319 1509 781
10319 4862 572
10320 3679 500
10320 6611 328
10320 8071 313
10321 10968 864
10321 4211 310
10321 8001 517
10321 15127 46
10322 4397 869
10322 5164 923
10322 13549 446
10322 12913 991
10322 11995 460
10322 13509 346
10323 9799 586
10323 2089 318
10323 11246 40
10323 10885 181
10323 6222 755
10323 10474 403
10323 8769 770
10324 5962 743
10324 11800 621
10324 1094 271
10325 10933 889
10325 4607 211
10325 2971 51
10325 210 612
10326 10829 365
10326 3809 810
10326 14861 291
10326 11652 131
10326 4719 850
10327 12179 44
10327 12188 654
10327 2212 606
10327 14921 482
10327 9804 455
10327 4490 285
10328 4016 181
10328 15414 462
10328 1309 892
10328 2956 718
10328 15828 62
10329 6223 569
10329 2205 996
10329 8075 726
10330 4578 832
10330 6559 710
10330 5674 533
10331 5751 73
10331 8270 93
10331 527 665
10332 1880 884
10332 181 622
10332 314 94
10333 2544 269
10334 12753 261
10334 11673 349
10334 3072 17
10334 2417 342
10334 1617 440
10335 1250 661
10335 10227 178
10335 831 768
10335 3515 684
10335 4687 922
10335 5511 314
10336 4025 425
10336 10921 1
10336 2994 945
10337 13779 973
10337 14936 822
10337 5830 963
10337 2286 965
10338 13493 648
10338 7150 785
10338 14086 381
10338 15138 14
10339 4905 876
10339 15683 352
10339 4112 568
10339 14746 391
10339 8764 588
10340 7421 62
10340 5135 972
10342 5420 531
10342 2981 449
10342 4845 734
10342 9519 608
10343 10616 980
10343 114 270
10343 10723 343
10343 222 775
10343 6027 715
10343 11306 822
10344 14570 260
10344 12403 476
10344 2764 336
10345 11820 964
10345 15742 34
10345 1936 965
10345 7290 735
10345 4190 624
10345 12808 188
10346 13492 778
10347 7565 888
10347 7602 442
10347 3136 396
10347 8294 491
10348 3399 227
10348 13336 341
10348 2176 794
10348 2861 926
10349 2822 715
10350 4225 328
10350 5184 813
10350 14662 606
10350 11878 885
10351 2521 453
10351 10815 352
10351 3868 493
10351 2373 3
10351 7593 975
10352 13665 600
10352 13268 329
10352 14789 343
10352 11685 646
10352 9770 974
10353 6383 67
10353 5962 237
10353 10924 592
10353 12927 605
10353 13620 359
10354 14193 274
10354 8729 723
10354 12740 836
10354 9376 916
10354 2315 109
10354 5341 289
10354 6922 589
10355 10789 335
10355 4343 854
10355 976 332
10355 4346 248
10356 485 844
10356 6792 497
10356 6717 550
10356 9568 775
10356 8900 287
10356 12530 418
10357 12333 965
10358 2813 521
10358 13474 405
10358 13778 832
10358 181 203
10358 1879 371
10359 13410 754
10359 4300 667
10359 2816 97
10359 7286 258
10359 1253 774
10359 7189 725
10360 3665 289
10360 4967 326
10360 7323 143
10360 12628 444
10360 12595 504
10361 15323 68
10361 3770 560
10361 3293 607
10361 6369 14
10361 914 495
10362 14970 483
10362 572 326
10362 8525 663
10362 4569 867
10362 13293 350
10362 12681 490
10363 7223 715
10363 3153 970
10363 12648 922
10363 9115 903
10364 8297 281
10364 1947 803
10365 2680 304
10365 2297 284
10365 10040 127
10365 14263 556
10366 10567 995
10366 3014 711
10366 11990 398
10366 3324 60
10366 10293 314
10366 6068 337
10366 1969 459
10366 1021 416
10367 5184 697
10368 13399 534
10368 5435 274
10369 1434 509
10369 4951 48
10369 14371 387
10369 675 495
10369 9526 116
10369 3974 8
10369 5774 484
10369 3562 25
10370 14904 773
10370 5840 740
10370 13867 742
10370 917 184
10370 4771 3
10371 3217 622
10371 9767 187
10371 5098 57
10371 1950 757
10371 2352 535
10372 14382 639
10372 13647 225
10372 4656 812
10373 15846 362
10373 7798 336
10373 7450 689
10373 1975 691
10374 12396 981
10374 6946 175
10374 9715 150
10374 2694 908
10374 5043 976
10374 14047 719
10375 5439 138
10375 6271 45
10375 13124 275
10376 10606 483
10376 11171 759
10376 2419 354
10376 8156 871
10376 6200 904
10377 12237 333
10377 11562 620
10377 12071 996
10377 14748 504
10377 8694 601
10377 8200 5
10378 14686 175
10378 14146 303
10379 12901 369
10379 1087 233
10379 4936 530
10379 10747 1
10379 13198 220
10380 12088 685
10381 12250 660
10381 9704 607
10382 1954 932
10382 13516 926
10382 2785 346
10382 12333 106
10382 11080 130
10383 674 810
10383 4234 314
10383 5284 48
10384 9559 150
10384 11127 138
10384 4836 858
10384 8375 586
10385 4449 401
10385 10198 975
10386 12238 680
10386 9098 864
10387 7120 349
10387 13901 303
10388 3164 433
10388 5952 477
10388 14766 292
10388 14675 300
10388 6642 768
10389 12462 919
10389 1067 279
10390 291 639
10390 2261 526
10390 9074 916
10391 9784 523
10391 11181 793
10392 3851 157
10392 3926 222
10392 7474 571
10392 14263 100
10392 14705 69
10393 12659 555
10393 1485 501
10393 2567 810
10394 5848 807
10394 8643 981
10394 9744 488
10394 6756 409
10394 1137 499
10395 4477 25
10395 7200 532
10395 6227 239
10395 3607 436
10396 15730 736
10396 2932 881
10396 14082 652
10396 15142 562
10396 12904 652
10396 5030 916
10396 3504 297
10397 9028 16
10397 2321 22
10397 11979 584
10397 753 167
10397 9655 173
10397 8219 16
10398 10695 242
10398 2289 466
10398 8356 473
10398 7517 684
10399 12981 766
10399 12710 657
10399 12292 866
10400 5525 445
10400 3284 487
10400 2868 368
10400 10608 641
10401 7008 943
10401 6040 37
10402 3017 998
10402 13249 156
10402 6473 452
10403 10370 794
10404 14720 717
10404 11768 990
10404 15090 435
10404 1458 660
10404 14803 347
10405 8958 380
10405 13101 861
10405 13875 445
10405 3865 205
10406 1311 839
10406 13009 651
10407 818 151
10407 1024 631
10407 12241 544
10407 9100 779
10408 9834 367
10408 13977 1000
10408 12829 122
10408 5377 64
10408 4774 830
10408 6970 274
10409 1539 335
10409 12295 466
10409 5545 206
10409 4613 20
10409 9273 221
10410 10070 922
10410 1213 520
10411 490 295
10411 12398 467
10411 9441 776
10411 6250 462
10411 6030 915
10411 13854 257
10411 8633 476
10411 805 756
10412 15405 641
10412 15076 241
10412 8535 453
10412 9057 741
10412 13142 233
10412 10964 809
10413 2580 964
10413 4840 427
10414 12948 93
10414 10260 742
10414 7181 927
10415 11174 677
10415 8789 346
10415 10993 845
10416 10314 837
10416 13198 819
10417 2513 386
10417 12778 143
10417 10978 321
10417 10971 393
10417 1069 437
10417 15575 180
10418 6514 913
10418 15995 915
10419 14911 758
10419 2650 875
10419 9337 523
10419 14643 463
10419 9307 554
10420 15270 196
10420 7053 810
10420 9978 677
10420 9827 957
10420 11 552
10420 9923 50
10420 8101 605
10420 11238 530
10421 601 629
10421 9000 281
10421 4306 301
10421 2666 637
10422 6657 972
10422 14558 626
10422 6873 288
10422 14555 196
10423 14246 355
10423 7475 357
10423 6666 50
10424 15439 927
10424 6903 917
10424 9365 152
10424 8902 395
10424 8425 690
10424 9605 889
10425 5614 778
10425 2746 253
10425 9609 1
10425 7286 173
10425 12324 405
10425 9362 341
10426 9335 420
10426 15979 456
10426 13712 579
10426 9610 187
10427 13954 731
10428 13644 530
10428 5671 649
10429 12447 735
10429 12762 677
10430 12666 493
10430 9942 616
10431 14826 233
10431 9230 978
10431 9371 730
10432 9592 308
10432 11131 667
10432 12696 133
10432 6220 656
10432 11376 362
10433 8154 844
10433 9186 376
10433 5818 616
10433 653 176
10434 11267 411
10434 2554 303
10435 707 626
10435 6954 324
10435 4545 238
10435 2897 611
10435 11967 536
10436 10513 33
10436 6999 519
10436 8633 188
10436 4009 5
10436 15077 966
10436 5460 682
10436 9383 266
10437 3816 102
10437 4023 248
10437 735 354
10437 5035 827
10438 7310 142
10438 12473 271
10438 11630 753
10438 286 215
10438 3502 252
10439 6831 277
10439 1977 620
10439 5147 996
10439 14993 908
10440 8528 195
10440 10530 927
10440 954 240
10441 12114 216
10441 1485 390
10441 8586 954
10441 13837 497
10441 11403 482
10442 6599 401
10442 8879 868
10442 7148 484
10444 4814 882
10444 2218 99
10444 1480 739
10444 6037 135
10445 5734 466
10445 6962 725
10445 5355 750
10445 7697 233
10445 6279 652
10446 7534 900
10446 13641 437
10446 3905 281
10446 739 5
10446 2772 943
10446 5189 526
10446 2023 46
10447 10519 661
10447 8115 424
10447 2891 921
10447 13689 383
10447 8558 1
10447 9751 622
10447 13205 571
10448 6156 829
10448 6058 802
10448 13032 557
10448 3061 192
10448 7487 706
10448 6625 924
10448 15229 899
10448 2609 423
10449 15812 930
10449 15349 275
10450 321 419
10450 13202 84
10450 3121 478
10450 3808 24
10450 5476 331
10451 15898 102
10451 1201 757
10451 7891 295
10451 3349 916
10452 15908 12
10452 3599 84
10452 8769 950
10453 548 954
10453 2325 133
10453 8365 726
10453 9366 566
10454 14838 280
10455 13583 178
10455 11309 211
10455 1882 559
10455 976 631
10456 4114 271
10456 14158 316
10456 12152 126
10456 12733 99
10457 5042 553
10457 506 938
10457 3293 688
10458 14531 147
10458 7512 596
10458 7402 879
10459 1338 690
10459 5526 379
10459 5187 921
10459 5858 360
10461 8390 10
10461 15908 588
10461 15810 109
10461 8290 683
10461 9074 766
10461 12582 762
10463 10845 685
10463 14978 225
10463 10238 820
10463 2876 263
10463 8859 166
10463 8745 203
10463 10242 247
10463 8926 224
10464 15246 932
10464 7129 468
10464 11685 785
10464 8917 858
10464 72 262
10464 2718 4
10465 11290 513
10465 8178 906
10465 14020 161
10465 5351 23
10465 13018 861
10465 2036 584
10466 12908 193
10466 6761 225
10466 2559 981
10466 15039 381
10467 4205 173
10467 9042 353
10467 4778 531
10467 10567 973
10468 15985 676
10469 3047 92
10469 10728 892
10469 9502 899
10469 5834 651
10469 13834 838
10470 3488 675
10470 5933 832
10470 2542 851
10470 585 721
10470 7031 863
10470 6352 103
10471 12335 857
10471 1001 462
10471 15370 839
10471 730 499
10471 13793 441
10471 1221 100
10471 8072 747
10472 15839 686
10472 6538 554
10472 11198 808
10472 6752 937
10473 1293 579
10473 9978 383
10473 14861 564
10473 2889 660
10473 15790 250
10474 11899 976
10474 14855 319
10474 8288 152
10474 8666 359
10475 3488 707
10475 12766 437
10475 11983 126
10476 12695 89
10477 8356 197
10477 14449 625
10477 8807 449
10477 7318 876
10478 8304 124
10478 15775 112
10478 10759 655
10479 2745 113
10479 7799 949
10479 7230 440
10480 9535 749
10480 9423 368
10480 6259 721
10480 4822 330
10480 6875 882
10480 1278 571
10480 7941 542
10481 15134 727
10481 1904 599
10481 10669 704
10482 8331 35
10482 876 637
10482 6054 789
10482 7035 300
10482 593 332
10482 5435 906
10483 9100 18
10483 13867 651
10483 3840 779
10483 9258 645
10483 14425 692
10483 15631 363
10484 3739 452
10484 4212 830
10484 10881 66
10484 8299 891
10485 2626 547
10485 9901 241
10485 463 795
10485 2829 621
10486 14756 9
10486 88 398
10486 10477 417
10486 14248 801
10487 3091 497
10487 14917 924
10487 11317 758
10488 1696 915
10488 12417 836
10488 3626 16
10489 3684 758
10489 4450 798
10489 4216 127
10490 7175 230
10490 6008 101
10490 13996 640
10490 12761 850
10491 13528 321
10491 13254 796
10491 13822 831
10491 14764 929
10491 8634 700
10491 13834 190
10491 14322 574
10492 11270 498
10492 14906 243
10492 5231 204
10492 1749 403
10492 6781 907
10492 616 815
10493 7542 660
10493 866 525
10493 8519 880
10493 2436 524
10493 8569 107
10494 763 271
10494 14443 365
10495 4972 945
10495 1258 928
10496 2653 229
10496 10820 591
10496 5669 10
10496 1624 739
10496 6376 664
10496 13383 644
10496 2686 644
10497 12845 631
10497 2931 629
10497 1174 38
10498 2845 689
10498 6693 131
10498 12022 986
10498 3831 73
10498 2538 33
10498 4708 473
10499 6596 604
10499 8359 682
10499 13057 888
10499 11179 456
10500 15466 928
10500 10653 395
10500 4478 121
10500 620 755
10500 4534 789
10500 12083 54
10500 8919 371
10501 10020 304
10501 9655 831
10501 4067 248
10501 11193 265
10502 1938 111
10502 7490 424
10502 11950 242
10503 10280 440
10504 7382 624
10504 10963 617
10504 14060 823
10504 1032 918
10505 6592 351
10505 9985 639
10505 4052 448
10506 756 714
10506 14513 332
10506 12605 386
10506 4061 452
10506 3774 166
10506 1489 925
10506 9015 131
10507 3548 59
10507 6265 187
10508 2449 849
10508 11732 603
10508 14466 782
10508 12977 821
10508 9398 296
10508 4478 808
10508 12895 562
10509 996 935
10509 1544 702
10510 9102 981
10510 4270 166
10510 14818 541
10512 3688 712
10512 13383 158
10513 1134 374
10513 8487 155
10513 5985 600
10514 10040 87
10514 15106 289
10514 12987 455
10514 8227 294
10514 11228 276
10515 14322 215
10515 4955 492
10515 5673 910
10516 13626 197
10516 9310 14
10516 9888 583
10517 2482 318
10517 237 770
10517 6805 831
10517 1425 35
10518 8370 137
10518 8 781
10518 10553 256
10518 15206 301
10518 11662 278
10519 6621 744
10519 410 555
10519 10573 504
10519 11550 539
10520 13929 765
10520 14949 545
10521 12707 247
10521 3362 642
10521 4010 210
10521 4700 520
10522 11658 598
10523 5564 865
10523 11608 834
10523 11481 875
10523 7390 592
10523 12799 12
10524 7886 28
10524 2144 687
10524 9939 258
10524 4996 540
10524 12345 918
10525 12909 542
10525 12230 865
10525 2199 812
10525 3518 643
10525 15357 276
10526 446 836
10526 13579 767
10526 11134 325
10527 1231 820
10527 2512 605
10527 3584 484
10528 9443 198
10529 15413 406
10529 10176 589
10530 7558 77
10531 14746 608
10531 1734 663
10531 11577 606
10531 13255 863
10531 9279 535
10532 5697 653
10533 8988 737
10533 2539 491
10533 4676 950
10533 11389 767
10534 11448 698
10534 5022 166
10534 13299 553
10534 14649 313
10535 2993 60
10535 3593 109
10535 15599 713
10535 1835 513
10535 1234 185
10535 3775 343
10535 7971 114
10535 2960 533
10536 3220 838
10536 13198 32
10536 7005 382
10536 13429 623
10537 5177 518
10537 8495 412
10537 8979 916
10537 6401 713
10538 9982 211
10538 1583 701
10538 1361 976
10538 6141 378
10539 2166 592
10539 8654 997
10539 9275 665
10540 1610 930
10540 13269 649
10540 10976 964
10540 96 611
10541 11268 802
10541 8455 513
10541 6530 8
10541 14500 303
10541 12567 965
10541 6936 169
10541 11525 474
10542 15759 407
10542 340 447
10542 10668 748
10542 12986 429
10543 975 252
10543 10343 964
10544 13666 683
10544 4875 850
10544 13431 759
10544 5042 392
10544 9937 315
10545 15204 914
10545 5745 369
10545 14175 531
10545 6269 776
10546 6325 803
10546 11658 873
10546 8247 114
10547 10829 316
10547 10045 488
10547 6602 375
10548 2936 530
10548 13896 574
10548 10620 603
10550 2278 394
10550 14068 662
10551 15762 993
10551 6454 909
10551 5046 835
10551 210 436
10551 13629 122
10551 5146 409
10552 7935 808
10552 15905 39
10552 5255 405
10552 1070 821
10553 7717 379
10553 2033 898
10553 4738 320
10553 10766 481
10554 851 148
10554 7681 846
10554 9941 634
10554 113 245
10554 10771 368
10554 2973 918
10555 10669 951
10555 3260 89
10555 15997 336
10555 11732 856
10556 9746 363
10556 11353 711
10556 7520 71
10556 43 131
10556 5851 122
10557 2287 864
10558 881 285
10558 10368 47
10558 5791 592
10558 7434 81
10558 15654 612
10558 11670 911
10558 8112 407
10558 12167 127
10559 6078 105
10559 10284 464
10559 3612 391
10559 7539 492
10560 12655 280
10560 13641 977
10560 9276 767
10560 12416 135
10560 15231 924
10560 10762 98
10560 9375 277
10561 226 972
10562 3219 709
10562 9088 17
10562 5568 542
10562 5922 814
10562 4608 844
10562 2971 211
10563 8941 708
10563 10602 492
10563 13112 568
10563 960 193
10563 13787 945
10564 9973 245
10564 10708 434
10564 6437 334
10564 3898 473
10564 5408 585
10565 15223 459
10565 13143 990
10565 1355 124
10565 10545 675
10565 1449 44
10565 5605 585
10565 3420 302
10565 6020 417
10565 56 872
10566 6612 149
10566 12075 112
10566 758 70
10566 9757 425
10567 17 211
10567 15469 609
10567 9427 401
10568 9779 900
10568 5253 605
10569 2469 497
10569 11331 98
10569 3799 692
10569 13406 857
10570 6443 654
10571 15994 247
10571 3250 144
10571 5852 33
10571 15072 490
10571 11687 158
10571 5169 318
10571 1112 400
10572 11988 982
10572 2343 439
10572 11060 837
10572 12285 903
10572 3638 690
10572 12442 991
10572 6778 747
10572 124 10
10572 8386 786
10573 1512 340
10573 4029 868
10574 12265 881
10574 158 909
10574 6598 723
10574 10657 986
10574 5530 358
10574 5841 749
10574 12053 972
10574 5839 14
10575 11716 474
10575 6396 916
10575 13813 973
10575 799 384
10575 12777 45
10576 9805 218
10576 13402 280
10576 954 796
10576 2395 124
10576 8537 965
10577 8999 287
10577 13984 245
10577 13967 888
10577 6823 264
10577 692 707
10578 13444 346
10578 1755 94
10578 13910 724
10579 12820 376
10579 13907 234
10579 6411 74
10579 6084 287
10579 9003 23
10579 5815 963
10580 985 879
10581 11781 925
10581 7045 201
10582 7609 978
10582 10826 163
10583 3792 345
10583 6627 421
10584 2892 75
10584 2454 411
10584 3885 24
10585 9143 530
10585 6720 716
10585 6031 960
10585 11794 534
10586 10276 772
10586 2654 316
10586 11478 392
10586 7538 353
10586 4803 239
10586 9860 165
10586 3376 879
10587 5455 689
10587 8602 959
10588 15683 495
10588 3851 940
10588 6991 763
10588 4442 118
10589 5908 160
10589 8700 141
10590 14198 272
10590 3722 26
10590 12577 191
10590 13062 155
10590 1723 575
10591 8848 38
10591 3408 397
10591 5348 566
10591 6099 782
10591 10637 507
10591 8690 474
10591 5939 949
10592 6653 453
10592 12647 746
10592 2119 131
10593 9021 936
10593 4640 237
10593 9928 777
10593 12499 365
10593 14339 219
10593 7841 97
10594 7090 98
10594 4229 178
10594 11635 32
10595 4862 743
10595 6191 811
10595 15141 179
10595 10573 425
10595 10009 453
10596 5642 501
10596 1888 581
10597 1812 992
10597 9052 324
10597 11681 846
10597 814 798
10598 8959 361
10598 13743 910
10598 7184 963
10598 3724 10
10598 7224 823
10599 2149 444
10599 14526 371
10599 13536 5
10599 8336 999
10600 8731 655
10601 7340 315
10601 13616 695
10601 4711 63
10601 7944 537
10602 7346 904
10602 14374 64
10603 2488 410
10603 5268 352
10603 11321 894
10603 2241 756
10603 1912 696
10605 4607 515
10605 12486 540
10606 12276 106
10606 14446 196
10607 15125 346
10607 13804 535
10607 10662 58
10608 2017 23
10608 11307 977
10608 12669 427
10608 2193 874
10608 11060 85
10608 10530 155
10609 5849 748
10609 5273 934
10609 7282 879
10610 95 995
10610 6612 127
10610 12993 965
10610 10784 83
10611 2718 138
10611 6601 826
10612 11607 168
10612 1958 956
10613 14778 142
10613 15037 214
10613 7355 359
10613 15930 833
10614 13736 815
10614 943 353
10614 12347 477
10614 2073 818
10614 15302 219
10614 12017 740
10615 10013 393
10615 14533 683
10615 6811 63
10615 5390 160
10615 10362 478
10616 4736 710
10616 868 837
10616 6409 12
10617 2834 327
10617 8944 879
10618 4161 466
10618 4280 394
10618 14850 712
10618 1126 780
10618 5661 611
10618 11385 766
10619 3557 353
10619 5967 427
10619 6497 464
10619 1073 145
10619 12152 691
10619 48 793
10619 1934 732
10619 7615 677
10619 7602 792
10620 5869 731
10620 2716 22
10620 10977 549
10620 15956 258
10621 661 251
10621 13789 576
10621 10795 779
10621 12350 928
10622 8622 711
10622 3048 960
10623 636 373
10623 12101 584
10623 12104 599
10623 13296 276
10623 7587 767
10623 9032 529
10624 2793 346
10624 12668 938
10624 10399 631
10624 3434 919
10624 6169 999
10624 2916 33
10624 9040 376
10624 10938 308
10624 5203 529
10625 11646 144
10625 11392 262
10625 6012 548
10625 6284 975
10625 14261 81
10625 4578 629
10625 5080 297
10626 15579 994
10626 10694 426
10626 1368 69
10627 11253 955
10627 8686 421
10627 6293 354
10627 3078 788
10627 10414 64
10628 2171 351
10628 4984 720
10629 4745 969
10629 10467 50
10630 5260 996
10631 7405 666
10631 5799 122
10631 6264 780
10631 4462 472
10632 15137 36
10632 14317 564
10632 8300 839
10632 1911 573
10633 10758 85
10633 539 516
10633 10623 382
10633 1968 572
10633 12207 364
10634 13331 196
10634 14992 462
10634 5444 100
10634 5719 768
10634 4061 765
10635 8385 80
10635 6263 361
10635 2891 59
10635 9480 98
10635 8770 131
10635 13258 611
10635 716 23
10635 9550 96
10636 2336 90
10636 12910 709
10637 1143 195
10637 14247 271
10637 3527 426
10637 7201 475
10637 8875 820
10638 14274 450
10638 4664 75
10638 14441 793
10638 8745 499
10639 6014 142
10639 6683 202
10639 3107 153
10639 5688 994
10639 981 162
10640 7079 591
10640 11997 361
10640 2703 1
10640 6677 3
10640 11450 201
10640 7066 503
10640 14570 608
10641 3864 10
10641 10180 87
10641 7488 432
10641 12988 6
10641 15768 84
10641 12337 131
10642 7731 413
10642 14166 184
10643 14362 838
10643 8779 1
10643 2058 998
10643 7553 853
10644 9253 241
10644 5523 558
10644 9886 220
10644 15525 103
10644 7620 495
10644 7373 104
10644 2527 433
10644 3058 25
10645 12349 52
10645 14900 196
10645 3786 542
10645 5426 202
10646 7331 406
10647 2137 526
10647 13642 692
10647 8030 718
10647 11345 105
10647 10737 277
10648 4061 178
10648 10617 259
10648 15523 77
10648 11915 835
10648 11082 594
10649 5508 195
10649 2207 723
10649 14392 414
10649 11261 999
10649 2875 112
10649 15906 873
10650 944 669
10650 8895 246
10650 15224 731
10651 5270 453
10651 6273 188
10651 8250 490
10652 12592 164
10652 13238 145
10652 9090 938
10653 1405 500
10653 14248 564
10653 10745 224
10653 7021 22
10653 9263 699
10654 2937 475
10654 14459 917
10654 4577 271
10654 3709 554
10654 6003 369
10654 6496 291
10655 9265 121
10655 8364 385
10655 12967 128
10657 11642 683
10657 11900 19
10657 1859 640
10657 8822 421
10657 4638 463
10658 582 79
10658 10013 224
10658 9113 250
10658 7346 649
10659 1100 230
10659 1084 42
10660 14495 475
10660 629 202
10661 15714 58
10661 4218 388
10662 5552 84
10662 3690 830
10662 5076 990
10663 15856 998
10663 4982 495
10663 11333 54
10663 5678 298
10663 6954 445
10663 15351 886
10663 11887 654
10663 11018 301
10663 10130 259
10664 6647 171
10665 7257 675
10665 11495 998
10665 1144 444
10665 10697 945
10665 5601 936
10665 12694 902
10665 12887 2
10666 7950 236
10666 10708 144
10666 5733 287
10667 11922 863
10667 3619 453
10667 10879 463
10667 7182 774
10668 14210 503
10668 15827 225
10669 2385 556
10669 6834 482
10669 4428 845
10669 4067 653
10669 5650 49
10670 1972 555
10670 7289 701
10670 4542 448
10671 7545 431
10671 13381 417
10671 9681 679
10671 1438 89
10671 3830 675
10671 271 447
10671 875 923
10672 2001 177
10673 9653 151
10673 4495 600
10673 5653 895
10673 6219 236
10674 11685 322
10674 11480 642
10674 5355 109
10674 5844 169
10674 8619 176
10674 14900 699
10674 10146 324
10674 1988 847
10674 2948 475
10675 2209 801
10675 2980 361
10675 12566 155
10675 10711 811
10675 2706 593
10676 9658 421
10676 186 493
10676 13204 243
10676 2102 825
10676 10180 622
10677 13734 438
10677 15922 752
10677 9770 850
10677 1871 67
10677 1213 983
10677 1901 550
10677 7014 669
10678 3101 867
10678 12304 249
10679 12047 63
10679 15380 21
10679 13138 922
10679 6994 618
10679 2953 547
10679 13998 144
10679 7113 23
10680 7495 443
10680 713 474
10681 9471 233
10681 10268 724
10682 13321 625
10682 8636 437
10682 536 202
10682 6731 882
10682 5189 411
10682 1405 957
10683 810 621
10683 14796 299
10683 4129 119
10684 6050 351
10684 248 810
10684 3036 776
10684 3841 1
10684 5914 522
10684 1569 395
10685 9788 739
10685 3671 471
10685 6495 602
10685 6542 380
10685 4018 346
10686 14135 459
10686 3036 461
10686 12824 364
10686 14628 229
10686 15929 862
10687 5109 775
10687 12732 206
10687 7109 882
10688 10538 631
10689 1966 68
10689 13552 557
10689 13427 929
10689 9298 782
10689 14309 743
10689 14443 804
10689 12319 541
10689 7889 414
10689 15838 803
10690 7857 272
10691 8237 432
10691 9506 721
10691 13444 753
10691 884 907
10691 9707 122
10692 2866 233
10692 5622 37
10692 15646 372
10693 2056 895
10693 1846 742
10693 11870 290
10694 1046 960
10694 14962 360
10694 6435 418
10694 13318 501
10695 3240 616
10695 7645 802
10695 3825 453
10696 10196 652
10696 8604 213
10696 4764 36
10696 4087 401
10697 4534 548
10697 2956 822
10698 4325 326
10698 10986 989
10698 5247 824
10699 15499 595
10699 9899 953
10699 13359 456
10699 1700 556
10699 6836 588
10699 14864 476
10700 629 415
10700 150 154
10700 217 215
10700 2792 666
10700 15044 171
10700 15162 812
10701 8681 159
10702 11888 84
10702 7753 154
10703 15930 801
10703 10476 983
10703 9267 815
10704 14413 399
10704 13715 569
10704 9582 130
10704 10840 936
10704 8518 502
10705 1106 719
10705 2928 531
10705 10711 546
10705 11735 920
10706 12925 566
10706 12487 658
10706 2357 897
10707 2304 467
10707 4609 450
10707 15236 559
10707 11665 228
10707 2296 848
10707 2315 901
10708 15110 386
10708 13254 913
10708 12911 595
10708 2728 687
10709 7531 246
10709 15844 820
10709 2330 744
10710 1208 99
10710 13377 706
10711 2323 781
10711 7114 272
10711 15952 248
10712 4889 702
10712 7114 953
10713 1486 328
10713 4815 634
10713 1762 554
10713 1184 210
10713 11368 797
10713 6255 631
10714 2082 89
10714 15136 647
10714 14000 844
10715 10114 60
10715 505 744
10715 14559 706
10716 3670 953
10716 2857 845
10716 5301 246
10716 6384 674
10717 6483 450
10717 2083 826
10717 15871 662
10717 8071 116
10717 15513 620
10717 2573 740
10718 7432 879
10718 10253 3
10718 14884 906
10718 11084 868
10718 5270 317
10718 10652 933
10719 1938 722
10719 14476 274
10719 7578 864
10719 828 759
10719 9212 771
10720 7892 349
10720 12836 827
10720 11435 924
10720 1031 73
10720 11472 128
10721 3113 622
10721 8521 309
10721 2423 317
10721 14591 149
10722 14322 66
10722 7457 190
10722 826 236
10723 11050 778
10723 8478 621
10723 13491 734
10723 3331 125
10723 14748 654
10723 3118 405
10723 15031 347
10724 14683 23
10724 5108 463
10724 2789 487
10724 9414 504
10725 15054 604
10725 2687 834
10725 4270 320
10725 3263 753
10725 15293 351
10726 8687 182
10726 8369 476
10726 7229 765
10726 10616 709
10726 13139 56
10727 11632 547
10727 1041 894
10728 12467 878
10728 15919 196
10728 2106 877
10728 7525 945
10728 13346 564
10728 14632 96
10729 12939 688
10729 8246 10
10729 10861 768
10729 13351 608
10729 14448 266
10730 5394 974
10730 1834 263
10730 12593 98
10731 5710 757
10732 5448 795
10732 8948 348
10732 12158 601
10732 10142 230
10733 9704 509
10733 15635 859
10734 6427 666
10734 12683 331
10734 4956 292
10735 6201 839
10735 7684 548
10735 5756 61
10735 2820 323
10735 253 144
10735 8543 583
10736 4164 592
10736 15954 662
10736 6691 986
10736 4298 450
10737 14263 824
10737 4536 128
10737 11671 691
10738 7898 527
10738 11712 221
10738 816 700
10738 10515 993
10739 7987 425
10739 14727 735
10740 4829 304
10740 10121 789
10740 9908 153
10740 11833 65
10740 8726 435
10740 15317 568
10740 9815 269
10740 2850 479
10741 3572 968
10741 14747 694
10741 457 268
10741 13763 989
10741 1009 353
10742 8834 292
10742 6591 463
10742 10192 837
10742 7848 903
10743 11152 902
10744 3205 207
10744 8639 187
10744 6961 597
10744 12173 230
10744 2144 539
10744 978 714
10745 5964 539
10745 12379 947
10745 14338 362
10745 7650 587
10745 3260 810
10745 9124 486
10745 12222 149
10746 5824 774
10746 9548 824
10746 5907 672
10746 8808 468
10746 14800 568
10746 11432 936
10746 1447 913
10746 2381 73
10747 11231 5
10747 1404 885
10747 3724 611
10747 8669 56
10748 7281 311
10749 10259 225
10749 7383 202
10749 11944 714
10749 14325 712
10749 9713 882
10749 15591 817
10750 2783 772
10750 4460 481
10751 3213 247
10751 684 987
10752 9442 591
10752 8797 786
10752 4413 641
10752 285 954
10752 7231 303
10753 8169 986
10754 11443 491
10754 339 706
10754 4333 422
10754 4664 996
10754 11307 812
10754 10474 30
10754 6151 95
10754 6286 664
10755 7492 202
10755 5614 887
10755 11667 412
10756 10157 894
10756 3107 485
10756 6065 133
10758 8566 878
10758 2459 526
10758 2370 123
10759 6164 909
10759 11272 821
10759 4752 749
10759 3066 345
10759 3301 8
10759 11472 687
10760 10037 424
10760 10983 999
10760 11752 607
10761 5035 803
10761 15703 597
10761 11473 977
10761 10414 768
10761 10867 925
10761 2847 313
10761 5490 690
10762 3187 427
10762 5212 931
10762 2709 90
10763 14756 512
10763 9434 469
10763 9581 782
10763 1064 175
10764 15527 190
10764 13549 621
10765 14926 188
10765 13037 906
10766 783 807
10766 2943 154
10766 15162 893
10767 12687 157
10767 14591 836
10767 4629 889
10768 12253 375
10768 10339 11
10768 10029 839
10768 4679 436
10769 2194 164
10769 12477 135
10769 15753 594
10769 6014 884
10769 978 495
10769 11700 974
10769 7347 619
10770 11978 391
10770 4071 762
10771 10191 934
10771 12699 154
10772 594 951
10772 13120 431
10772 11744 886
10772 7806 963
10772 11699 688
10773 7979 802
10773 13790 555
10773 7369 642
10774 6280 340
10774 10773 65
10774 3314 883
10774 14875 266
10775 4265 712
10775 7208 702
10775 15105 559
10775 6001 986
10775 1893 554
10775 6815 876
10776 442 951
10776 11026 312
10776 1554 396
10776 10345 122
10776 2245 26
10776 10042 822
10777 14633 52
10777 4673 842
10777 2932 428
10777 15736 313
10777 5078 721
10777 10795 214
10778 5601 513
10778 5132 651
10778 10027 436
10778 13288 812
10778 5600 532
10779 14122 1
10780 12538 14
10780 6523 905
10780 14465 986
10780 3315 697
10780 13060 54
10780 11151 429
10781 7282 114
10782 9480 710
10782 1343 469
10782 11974 663
10782 11377 591
10782 10838 184
10783 13251 714
10783 3447 644
10783 11399 634
10783 11638 910
10783 1024 413
10783 6999 841
10784 10796 379
10784 14520 148
10784 2449 502
10784 6842 153
10785 3432 379
10785 13218 244
10785 3433 689
10785 5416 822
10786 14284 671
10786 12552 112
10787 13410 986
10787 13665 277
10787 8626 160
10787 674 924
10787 11233 540
10788 11840 38
10788 10068 444
10788 10686 710
10788 5088 307
10789 7021 951
10789 3490 11
10789 14655 624
10789 10170 148
10789 15835 37
10790 10465 556
10790 10954 99
10790 15303 235
10791 7135 706
10791 1992 633
10792 13123 300
10792 12315 866
10793 15329 839
10793 13316 905
10793 11077 139
10793 12384 456
10793 15443 472
10793 11274 174
10793 11160 494
10794 5802 202
10794 3588 958
10794 4131 913
10795 11946 146
10795 5535 939
10796 3248 684
10796 7696 500
10796 5127 368
10796 12267 410
10797 5745 658
10797 9926 1000
10797 12961 800
10798 15550 612
10798 6051 250
10798 977 584
10799 8209 728
10800 2051 741
10800 5433 869
10800 15860 990
10800 10265 932
10801 2476 526
10802 968 256
10802 11326 105
10803 1231 961
10803 3483 444
10803 10146 72
10803 318 588
10804 9132 728
10804 4278 625
10804 2467 912
10804 9917 829
10805 5692 154
10805 598 365
10805 8332 926
10805 10978 129
10806 4200 21
10806 12412 250
10806 2621 549
10806 9157 213
10807 12378 798
10807 10811 896
10807 7139 871
10807 13509 688
10807 14660 33
10807 12393 969
10808 5245 762
10808 10711 347
10809 7220 676
10809 993 474
10809 7213 973
10810 6814 44
10810 14379 459
10810 5518 430
10810 15537 904
10810 15752 163
10811 3144 860
10811 7469 536
10811 7844 341
10812 8753 890
10812 6629 957
10812 15503 753
10812 14791 58
10813 12568 878
10813 7106 567
10813 6559 215
10813 876 265
10814 10169 497
10814 12363 29
10814 1932 760
10815 11999 256
10815 14452 581
10816 855 779
10816 8878 405
10816 12123 537
10816 14184 192
10816 4624 92
10817 5452 42
10817 11544 185
10817 6291 129
10817 12693 210
10817 1672 553
10818 14523 710
10819 1432 498
10819 14468 284
10819 13833 42
10819 3733 255
10819 11676 242
10820 4269 612
10820 5162 524
10820 14127 73
10820 1032 175
10820 12619 648
10821 12282 681
10821 11860 181
10821 1134 779
10821 11015 894
10821 5359 885
10822 3107 243
10822 4005 14
10822 9205 966
10823 7244 984
10823 5568 772
10823 15375 120
10824 2157 394
10824 11103 191
10824 13443 599
10825 889 401
10825 12601 614
10825 11319 693
10825 9468 525
10825 13285 935
10826 15258 410
10826 4305 190
10826 803 303
10826 9892 622
10826 15336 498
10826 15622 321
10826 9251 482
10827 13731 698
10827 5933 273
10827 15527 336
10827 11786 431
10827 3731 675
10827 3382 977
10828 12172 329
10828 5352 560
10828 6670 169
10828 7477 169
10828 8139 604
10828 6186 684
10828 10011 916
10828 8895 382
10828 10175 11
10829 3214 749
10829 9455 195
10829 12207 538
10829 4479 715
10829 11267 832
10829 12909 704
10829 1652 674
10829 906 76
10829 7712 242
10830 12533 341
10830 7953 365
10830 9340 239
10830 12388 416
10830 11289 389
10831 2179 1
10831 9448 693
10831 10504 586
10831 11590 48
10831 4316 146
10831 2337 978
10832 6241 391
10832 514 49
10832 3464 229
10832 14166 802
10832 5279 824
10833 11234 994
10833 8434 13
10833 3505 39
10833 5088 429
10833 4535 141
10833 5999 116
10834 14290 970
10834 12824 657
10834 5127 682
10834 8244 325
10834 12873 574
10835 13520 429
10835 6305 1
10836 5152 854
10836 2078 2
10836 10689 755
10836 6265 970
10837 5749 706
10837 12857 368
10837 11802 46
10837 8002 263
10838 1923 122
10838 10195 411
10838 13078 399
10838 14668 778
10838 7006 3
10839 8376 549
10839 6027 749
10839 2646 106
10840 8431 525
10840 10066 931
10840 3237 906
10841 4301 319
10841 11154 950
10841 12685 397
10841 9444 502
10842 5495 912
10842 11530 688
10842 15943 743
10842 3376 678
10842 15354 224
10842 2303 510
10842 5746 13
10842 1273 170
10842 10338 765
10843 2333 685
10843 13476 353
10843 2807 816
10843 12297 2
10843 8420 70
10844 5116 32
10844 10173 128
10845 10607 182
10845 3920 905
10845 15026 695
10845 5871 422
10846 2522 699
10846 8790 169
10846 3185 435
10846 3996 969
10847 5451 572
10847 1578 850
10847 9964 74
10847 9354 50
10847 10792 769
10847 14436 710
10847 4659 711
10847 5373 231
10847 7333 430
10847 6405 165
10847 4516 462
10848 7471 722
10848 7582 121
10848 4160 327
10848 8079 464
10848 12497 83
10848 15654 587
10849 9798 716
10850 11981 475
10850 11361 920
10850 14413 138
10851 10448 975
10851 8363 808
10852 6350 775
10852 13875 23
10852 375 814
10852 7540 597
10852 10459 923
10852 2272 516
10852 13686 296
10853 7517 165
10853 3951 857
10854 8069 950
10854 5478 581
10855 2211 55
10855 14592 450
10855 12900 141
10855 12600 522
10855 4269 987
10855 9578 154
10855 1642 296
10856 256 881
10856 1655 319
10856 9325 591
10856 1412 225
10856 14363 274
10857 5743 198
10857 10023 945
10857 1793 477
10858 5619 439
10858 7102 330
10859 3985 349
10859 1693 766
10859 13877 484
10860 13184 928
10860 11906 358
10861 1451 987
10861 5775 993
10861 11696 858
10861 3952 55
10861 12427 811
10862 11643 601
10862 11904 921
10862 7569 893
10862 14779 418
10862 5861 618
10862 2298 99
10862 4439 330
10862 9802 678
10862 7993 846
10863 6804 467
10863 3659 279
10863 3604 799
10864 4536 432
10864 10179 757
10864 11588 104
10864 15216 937
10865 12371 234
10865 6616 638
10865 6679 484
10865 1551 408
10866 8243 51
10866 14998 524
10866 2474 86
10866 6161 826
10866 6282 215
10867 3808 545
10867 5580 152
10867 12239 154
10867 12230 107
10868 7749 745
10869 7267 387
10869 1903 235
10870 1845 906
10870 317 498
10870 15331 383
10870 6193 237
10870 9096 864
10870 5084 454
10870 15986 212
10871 15489 202
10871 1064 584
10871 15189 83
10871 12596 708
10871 10621 684
10871 9395 211
10871 6528 487
10871 10731 391
10871 7361 294
10871 12759 901
10871 11723 949
10872 1775 454
10872 11242 477
10872 4045 795
10872 7616 397
10872 13614 418
10873 2110 551
10873 11902 17
10873 4787 844
10873 8752 607
10873 5651 517
10874 13595 297
10874 12285 42
10874 2325 859
10875 1217 802
10875 10191 751
10875 13144 954
10875 8404 889
10875 15033 562
10875 5746 623
10875 6746 678
10876 289 644
10876 14186 627
10876 8415 378
10876 3589 367
10876 2934 939
10877 2988 349
10877 8405 176
10877 9007 280
10877 15145 5
10878 12216 165
10878 1886 24
10878 13735 400
10879 10252 282
10879 1239 655
10880 2703 902
10881 6190 306
10881 461 876
10881 4032 259
10881 7794 282
10881 11344 893
10882 1385 653
10882 2377 628
10882 22 820
10882 13878 277
10883 15377 450
10883 3731 107
10883 6674 55
10884 12854 982
10884 14168 344
10884 11120 90
10884 1009 261
10885 5072 270
10885 15451 477
10885 14062 105
10885 9210 987
10885 763 364
10886 6031 631
10886 12610 17
10886 5336 493
10886 2282 180
10887 7522 687
10887 14581 313
10887 414 33
10887 1099 72
10887 14205 949
10887 4952 191
10887 8009 29
10888 3286 821
10888 2856 198
10888 781 841
10889 9719 302
10889 636 253
10889 8473 565
10890 5062 373
10890 827 493
10891 3978 245
10891 725 948
10891 4825 473
10891 15012 371
10892 5915 911
10892 3496 88
10893 14414 131
10893 13221 189
10893 6399 791
10894 9100 344
10894 12649 779
10894 10578 998
10895 1300 177
10895 4727 218
10895 7608 194
10895 15916 883
10895 8074 591
10895 7295 17
10895 15351 571
10896 10867 475
10896 2743 576
10896 15470 839
10897 5903 306
10897 13716 527
10897 6568 905
10897 11217 776
10897 6317 52
10897 15186 470
10897 7213 85
10898 6548 283
10898 14979 521
10898 8271 20
10898 7790 878
10898 1109 254
10899 10249 895
10899 3105 231
10899 11686 690
10899 7015 79
10900 5189 761
10900 665 397
10900 8755 981
10900 15913 663
10900 4578 995
10900 12103 736
10901 8935 854
10901 336 74
10901 4918 613
10902 9734 427
10902 5815 380
10902 6495 13
10903 8478 949
10903 3685 989
10904 14341 161
10904 6700 73
10904 9977 833
10905 14737 753
10906 3428 337
10906 5030 689
10906 3785 228
10906 11604 662
10906 3094 276
10906 3775 554
10907 3307 352
10907 7155 956
10907 9350 195
10908 2939 720
10909 2321 899
10909 7797 475
10909 11356 458
10910 12686 76
10910 15252 971
10911 11912 626
10911 10989 600
10911 15765 178
10911 11968 225
10912 3723 203
10912 12480 389
10912 3832 944
10913 14118 333
10913 268 35
10914 14292 29
10914 5090 465
10914 11758 582
10914 13400 829
10915 10095 124
10915 7129 80
10916 11186 879
10916 10318 935
10916 1630 115
10917 8480 333
10917 3218 68
10917 9650 291
10918 4207 361
10918 12061 694
10918 15567 67
10918 3964 84
10919 3316 340
10919 13642 145
10919 1898 403
10919 2686 264
10920 15210 638
10920 12531 405
10920 6644 942
10920 3171 191
10920 9877 217
10920 2389 236
10920 12945 796
10920 10411 411
10920 1847 951
10921 5727 618
10921 4742 91
10921 2161 999
10922 144 555
10922 782 369
10922 14548 102
10922 12883 305
10922 1024 157
10922 8951 915
10922 5602 643
10922 4426 960
10923 2107 172
10923 13494 481
10923 14793 294
10923 1359 364
10924 2378 764
10924 12899 598
10924 7750 95
10924 3052 503
10924 14925 328
10924 2945 208
10925 3737 159
10925 6228 792
10925 14963 117
10926 2342 973
10926 1751 330
10926 7294 250
10926 9954 277
10927 1989 32
10927 9226 446
10927 6309 274
10928 12464 80
10928 11603 257
10929 15551 11
10929 2260 631
10929 7143 164
10929 9698 215
10929 8938 861
10929 9771 695
10929 10462 886
10929 9513 293
10929 9133 979
10929 11707 178
10930 7508 302
10930 12189 657
10930 3907 124
10932 11785 638
10932 1046 560
10932 13984 69
10932 10570 610
10933 7527 444
10933 7697 739
10933 11804 237
10934 11843 350
10934 13232 855
10934 6759 828
10934 8011 431
10935 8098 328
10935 3570 75
10936 9675 417
10936 9276 740
10937 374 92
10937 7950 277
10937 15169 202
10937 9715 76
10937 15405 267
10937 13 472
10938 12440 626
10938 4696 669
10938 12349 118
10939 690 246
10939 11238 353
10939 458 432
10939 11604 620
10939 12383 152
10939 5052 985
10940 4357 685
10940 3225 852
10940 12951 75
10940 2744 320
10941 15284 572
10941 15886 729
10941 7399 370
10941 14968 648
10942 6458 919
10942 11545 468
10942 13506 908
10942 554 943
10942 453 202
10942 3760 510
10943 6017 66
10943 6434 860
10943 633 702
10943 8840 162
10943 1964 15
10944 4541 547
10944 14387 140
10944 9236 187
10944 5369 404
10944 5342 728
10944 10811 513
10945 1743 238
10945 9517 371
10945 14382 1
10946 12434 857
10946 749 957
10946 2147 473
10946 12195 609
10946 4625 875
10947 4488 120
10947 1358 759
10947 10762 444
10948 15489 440
10948 3407 305
10948 6528 429
10948 9998 639
10948 5336 721
10949 11182 722
10949 15247 666
10949 13572 263
10949 12189 618
10949 3440 958
10951 2332 449
10951 7772 618
10951 14011 437
10952 8706 38
10952 12653 716
10952 6031 396
10952 7140 331
10953 5461 301
10953 632 24
10953 14365 228
10953 3719 516
10953 15268 738
10953 6514 306
10953 13292 136
10954 1065 177
10954 88 473
10954 7715 337
10954 9438 281
10954 12005 957
10954 4326 710
10955 8547 810
10956 1829 785
10956 392 407
10956 12481 939
10956 1975 726
10956 15317 797
10957 12827 408
10957 1650 797
10957 5812 417
10957 3310 156
10957 7470 348
10957 10538 954
10958 10047 321
10958 1308 77
10958 9581 650
10958 10787 780
10959 926 274
10959 11842 230
10960 1461 737
10960 10343 11
10960 1675 423
10960 8596 418
10960 1081 47
10960 10239 621
10960 6274 543
10960 8871 652
10961 5350 376
10961 5745 812
10962 11087 109
10962 677 319
10962 6469 538
10962 9129 703
10962 6613 129
10963 10203 203
10963 15485 72
10963 2176 958
10963 5598 773
10964 7605 900
10964 7835 955
10964 4993 936
10964 9688 6
10965 11581 902
10965 5119 12
10965 2596 293
10965 2842 944
10965 12325 96
10965 7302 343
10965 13528 88
10965 14961 993
10966 205 234
10966 6131 561
10966 13760 857
10966 6819 433
10967 11551 826
10967 1983 857
10967 15995 278
10968 6501 133
10968 314 85
10968 4243 943
10968 819 692
10968 945 428
10968 7527 307
10968 15655 366
10968 346 273
10969 5361 706
10969 508 321
10969 1034 599
10969 2034 313
10970 9246 213
10970 15095 911
10970 106 743
10970 10051 684
10971 1262 604
10971 1599 464
10971 10728 901
10971 1023 154
10972 12025 847
10972 13849 61
10972 13781 513
10972 1471 866
10972 9512 444
10973 891 918
10973 11525 255
10973 6733 178
10973 827 211
10973 4995 91
10973 6395 809
10974 488 668
10974 7092 643
10974 5665 307
10976 6415 810
10977 9888 605
10977 359 607
10978 12223 724
10978 8272 609
10978 7214 668
10978 2123 892
10979 13686 717
10979 2344 178
10979 929 745
10979 7349 73
10980 2470 950
10980 10598 697
10981 6772 32
10981 970 515
10981 6819 777
10982 1741 206
10982 13532 326
10982 12651 503
10982 4659 600
10982 4480 390
10982 8211 691
10983 10679 744
10983 4075 712
10984 7683 822
10984 10489 99
10984 9670 926
10984 2535 729
10985 13745 638
10985 4662 882
10985 7673 53
10985 4536 362
10986 10051 572
10987 5381 888
10987 12371 688
10987 6268 30
10988 2405 114
10988 12826 388
10988 2895 544
10988 9836 104
10988 7229 370
10989 13623 562
10989 3294 494
10989 13278 501
10989 10143 904
10989 10617 144
10990 14883 453
10991 1514 803
10991 1124 790
10992 2719 504
10992 14142 949
10992 3171 273
10992 2285 231
10992 6328 202
10993 318 832
10993 383 287
10993 4705 900
10994 14914 557
10994 3613 499
10995 2600 898
10995 4543 834
10995 3977 533
10995 1098 485
10995 7845 55
10996 580 948
10996 14266 233
10997 11599 684
10997 3270 82
10997 7749 560
10997 7012 543
10997 565 508
10997 972 327
10998 14248 942
10998 8434 330
10998 1976 184
10998 13506 368
10998 5410 737
10999 14601 709
10999 11732 946
10999 1089 393
11000 4020 578
11000 8154 203
11001 8727 636
11001 601 99
11001 11422 269
11001 3060 270
11001 9259 644
11002 9088 130
11003 2698 98
11003 2449 16
11003 3991 39
11003 4500 101
11003 261 638
11004 1833 130
11004 13769 949
11004 11979 529
11004 13166 771
11004 1586 428
11004 10404 20
11004 3850 771
11004 7620 380
11005 112 874
11005 14848 845
11005 15625 455
11005 8736 699
11005 10866 440
11005 1637 911
11005 5696 895
11005 875 994
11006 3751 678
11006 11642 76
11006 4377 732
11007 3356 965
11007 15965 884
11007 6667 952
11007 5351 182
11008 6175 345
11008 1139 509
11008 7484 360
11009 14900 98
11009 12435 216
11010 1713 388
11010 12472 471
11010 6398 422
11010 8199 395
11010 14803 589
11010 6608 197
11010 12880 853
11011 5429 246
11011 440 782
11011 9514 291
11011 11712 448
11011 4950 643
11011 4927 43
11011 10732 83
11011 788 266
11011 4109 518
11011 3257 829
11012 3205 28
11012 15952 481
11012 14767 739
11012 6832 245
11012 14254 197
11012 5781 918
11013 11056 238
11013 4404 922
11013 284 187
11014 6392 511
11014 12469 412
11015 13417 127
11015 15302 404
11015 14846 891
11015 2974 344
11015 14203 956
11016 5501 205
11016 4232 431
11016 11429 600
11016 13714 281
11017 5789 931
11017 10938 759
11017 12449 17
11018 6275 62
11018 13963 957
11018 11418 572
11018 2977 135
11018 4208 844
11019 10188 75
11019 7654 895
11019 7495 236
11019 4899 881
11020 6643 184
11020 15848 655
11020 5913 332
11020 1252 990
11020 5404 886
11021 6393 891
11021 15428 319
11021 1023 494
11021 14129 168
11021 6167 828
11022 10994 434
11022 7212 603
11022 14145 469
11022 13504 618
11022 7017 747
11022 6641 147
11022 12285 993
11023 10026 786
11023 15982 359
11023 102 207
11023 9340 752
11024 7865 570
11024 7810 408
11025 14152 640
11025 12068 155
11025 13572 497
11026 14210 929
11026 13484 385
11026 1432 422
11026 9365 405
11026 4649 138
11027 8143 584
11027 6171 489
11028 6645 257
11028 2237 418
11028 10440 8
11028 14788 556
11028 2233 613
11028 8314 338
11028 2131 991
11029 13049 956
11029 4265 512
11030 712 428
11030 9125 40
11030 7362 739
11030 14161 847
11030 7577 181
11031 6014 625
11031 7512 828
11031 12884 776
11031 13661 991
11031 221 223
11032 2451 365
11032 6850 744
11032 4722 642
11032 15669 981
11033 3911 132
11033 14419 14
11033 13385 774
11033 2225 495
11033 7835 142
11033 1621 980
11033 621 768
11033 182 382
11033 8266 353
11034 5575 709
11034 4840 899
11034 4795 658
11035 6690 573
11035 5568 633
11035 889 698
11035 987 524
11035 12893 9
11035 4731 700
11035 8594 807
11036 14028 192
11036 47 266
11036 4090 437
11036 12176 457
11036 3618 338
11036 2960 563
11037 5264 783
11037 305 762
11038 13832 722
11038 2564 310
11038 460 80
11038 2409 746
11038 7813 79
11038 6742 197
11038 11128 412
11039 12676 365
11039 10311 712
11040 12615 649
11040 8167 343
11040 15452 646
11040 14476 770
11040 5156 425
11040 11661 708
11040 7866 16
11041 6590 299
11041 13189 502
11042 13164 683
11042 436 683
11042 5879 931
11043 9434 116
11043 10498 759
11043 10048 485
11044 12027 138
11044 15623 652
11044 6082 556
11044 820 435
11045 8907 679
11045 4006 241
11045 8378 701
11045 12380 328
11045 7608 680
11046 3913 430
11046 9137 554
11046 14610 326
11046 9828 98
11046 10356 807
11046 15250 286
11046 8769 52
11046 3151 604
11047 850 657
11047 105 153
11048 912 794
11048 6561 110
11048 3634 989
11048 15486 382
11048 4899 299
11048 145 743
11049 408 53
11049 943 23
11050 14013 737
11050 10406 207
11050 5309 474
11050 7099 723
11052 5379 582
11052 6270 539
11052 5288 848
11052 13331 74
11053 14342 78
11053 9450 678
11054 3262 252
11055 6282 777
11055 10578 542
11055 4207 718
11055 7928 817
11056 14431 542
11056 2471 156
11056 10104 185
11056 9924 653
11057 1652 718
11057 1121 767
11057 10196 379
11058 14855 515
11058 10181 727
11058 14650 58
11058 15972 300
11058 6530 112
11058 10659 45
11059 13494 591
11059 13235 862
11059 13949 699
11059 8822 349
11059 12386 176
11059 3795 999
11061 5868 927
11061 12219 339
11061 5977 908
11061 1752 451
11061 6429 668
11062 9640 347
11062 13835 831
11062 2228 396
11062 10234 45
11062 5323 786
11063 12819 842
11063 3932 263
11063 10694 585
11063 10711 325
11063 3682 288
11063 4058 832
11063 3739 964
11064 13689 530
11064 14037 359
11065 13953 977
11065 15174 805
11065 606 819
11065 10040 199
11065 530 757
11066 266 167
11066 2138 925
11067 4537 84
11067 7610 203
11067 9089 189
11067 14948 922
11067 4166 271
11068 9541 426
11068 216 53
11068 337 435
11068 6355 71
11068 9 199
11069 6402 218
11069 2041 665
11069 5497 636
11070 810 152
11070 3147 546
11070 2912 540
11071 8827 765
11071 7699 735
11071 2994 615
11072 11256 659
11072 15757 619
11072 15449 47
11073 2919 71
11073 11556 838
11073 1286 169
11073 2767 243
11073 2296 586
11073 15589 98
11074 6319 205
11074 7978 902
11074 14425 462
11075 13885 208
11075 8216 439
11075 6878 716
11076 14843 417
11076 11294 908
11076 14230 963
11076 5819 710
11076 9001 872
11076 13224 826
11076 8755 588
11077 7039 152
11077 13919 564
11077 3698 849
11077 2295 659
11077 13038 87
11078 6175 141
11078 3159 673
11078 586 94
11078 12293 796
11079 4320 509
11079 9020 479
11080 4715 657
11080 2123 407
11080 2571 942
11081 5353 783
11081 11472 989
11081 10335 161
11081 10892 27
11082 1536 853
11082 6226 811
11082 3815 59
11082 13304 147
11083 3043 578
11084 13300 561
11084 12257 903
11084 4368 899
11084 2534 152
11085 5755 709
11085 3972 536
11085 6905 270
11085 10306 620
11085 13594 709
11085 2986 970
11086 664 507
11086 9074 238
11086 1572 257
11086 6763 179
11086 6351 975
11087 5304 340
11087 2407 354
11087 5453 263
11087 5498 370
11087 11324 748
11087 3961 32
11087 4439 433
11088 11569 892
11089 10542 57
11089 5451 718
11089 8445 926
11089 5687 960
11089 11824 580
11090 3544 308
11091 14989 347
11091 724 816
11092 12256 655
11092 8139 626
11092 3315 922
11093 11390 917
11093 2198 576
11094 11062 583
11094 9259 50
11094 4190 24
11094 5495 196
11095 15363 290
11095 13446 981
11096 6481 948
11096 12886 45
11096 11225 517
11096 760 374
11097 6133 985
11097 4395 50
11097 101 711
11097 11922 795
11097 10581 355
11097 12239 513
11098 11181 35
11098 8985 341
11098 13439 57
11098 11647 36
11098 8456 676
11099 6952 349
11099 7584 264
11099 4303 302
11099 14282 464
11099 4727 860
11099 5649 926
11100 9401 160
11100 5408 15
11100 1089 239
11100 11287 701
11101 3440 707
11101 13688 697
11102 14464 763
11102 12770 146
11102 15010 283
11102 8100 585
11102 4689 175
11102 2497 819
11102 1507 350
11103 10078 748
11104 7354 503
11105 12242 286
11105 13282 434
11106 10650 287
11106 5428 263
11106 2739 828
11106 7606 194
11107 386 885
11107 14576 456
11108 8094 347
11108 11476 266
11108 6904 425
11109 2723 745
11109 1943 342
11109 9692 440
11109 2028 302
11109 7779 761
11109 9826 769
11109 4771 744
11110 33 708
11110 15447 466
11110 15318 331
11110 14336 122
11110 12208 145
11111 7709 724
11112 11643 35
11112 3856 854
11112 12972 196
11112 12362 188
11112 4038 623
11113 5533 906
11113 10095 43
11113 13262 657
11113 13623 917
11113 8885 892
11113 12888 96
11113 5682 380
11114 13222 845
11114 4503 157
11114 12974 603
11115 7694 459
11115 1738 385
11115 15973 698
11116 6573 260
11116 14473 945
11116 9528 950
11116 9638 401
11117 10472 496
11117 8950 929
11117 1182 674
11118 397 977
11118 2230 687
11118 14022 167
11118 5164 729
11118 15563 555
11118 183 835
11118 8528 475
11118 14961 902
11118 10990 549
11119 2535 203
11119 13693 979
11120 1056 883
11120 13268 296
11120 10558 369
11120 14729 245
11120 15068 184
11120 10777 82
11121 8434 385
11121 4552 409
11121 9971 154
11121 13139 226
11122 7614 142
11122 5178 196
11122 4301 116
11122 565 235
11123 6274 996
11123 9822 886
11123 6873 592
11123 15199 582
11124 9274 610
11124 5817 978
11124 12257 350
11124 10589 244
11124 3347 356
11124 2727 374
11125 4524 283
11125 2873 725
11126 14182 232
11126 6680 773
11126 11739 122
11126 8476 965
11126 5110 768
11126 15983 472
11127 7443 947
11128 8377 389
11128 9843 530
11128 680 398
11129 7355 598
11129 5272 404
11130 4901 320
11130 406 136
11130 4049 882
11130 7550 534
11131 9185 725
11131 10216 863
11131 4730 527
11131 3455 369
11133 15561 390
11133 14136 542
11133 4477 558
11134 15765 401
11135 13704 114
11135 8706 337
11135 10742 411
11136 7752 57
11136 10159 824
11136 7912 883
11137 13885 604
11137 8328 360
11137 2652 701
11137 1865 528
11137 3203 970
11137 8720 239
11137 1940 46
11138 6858 946
11138 12640 690
11139 15920 311
11139 2852 753
11140 9269 974
11140 1605 308
11140 1691 842
11140 15034 426
11140 13708 277
11140 6122 629
11141 215 94
11141 2935 607
11141 1132 448
11141 9108 317
11142 14076 853
11142 9521 287
11142 8258 286
11143 251 9
11143 4321 395
11143 6302 306
11143 5315 735
11143 14632 724
11143 1049 181
11144 8001 655
11144 6811 785
11145 7973 520
11145 5828 35
11145 9226 225
11145 15763 987
11146 10828 85
11146 4406 115
11146 2748 421
11146 6072 234
11147 618 984
11147 8512 42
11147 1830 500
11148 4275 471
11148 3866 649
11148 9388 185
11149 11811 928
11149 12203 837
11149 2186 800
11149 4777 333
11150 4157 835
11150 5596 508
11150 14749 478
11151 14312 936
11151 7309 632
11151 13102 663
11151 15652 74
11152 3375 796
11152 13674 442
11152 254 101
11152 8335 564
11152 4328 266
11153 2587 548
11153 4855 433
11154 14145 556
11154 10332 312
11154 3146 944
11154 4476 373
11154 7312 782
11154 489 82
11154 9468 196
11155 3531 983
11155 5337 769
11155 7581 444
11155 6294 877
11155 2776 864
11155 10954 945
11156 9850 32
11156 5454 730
11156 1973 562
11156 3102 732
11156 9758 411
11156 9325 97
11157 11701 915
11157 1178 837
11157 10515 234
11158 15299 972
11158 13898 816
11158 12348 513
11159 11327 185
11159 257 45
11159 7023 331
11159 11894 236
11159 12430 543
11159 13449 752
11159 4701 747
11160 15703 625
11160 7065 19
11160 3288 107
11160 10100 207
11160 9487 827
11160 12969 880
11161 2945 139
11161 12578 164
11161 15350 49
11161 4824 952
11161 6449 450
11162 14612 743
11162 13290 543
11162 7082 152
11162 9938 505
11162 13359 864
11163 6301 240
11163 6867 414
11163 11209 608
11164 11603 721
11164 3217 379
11164 9922 961
11164 7201 45
11164 3066 15
11165 8818 323
11165 12426 666
11165 13577 435
11165 3690 936
11166 14843 945
11166 13249 466
11166 13856 160
11166 2351 239
11166 6453 835
11166 8088 649
11166 2633 388
11167 7101 980
11167 6212 914
11167 8195 573
11167 14024 881
11167 54 965
11168 9060 773
11168 6254 755
11168 3145 239
11168 13706 292
11169 2586 822
11169 5015 81
11170 306 790
11170 2006 191
11170 11524 189
11170 14066 250
11170 958 515
11170 15072 442
11170 7327 103
11170 15037 724
11170 9060 930
11170 6771 702
11170 10092 734
11170 307 156
11172 13031 446
11172 8156 343
11172 15875 51
11174 13113 25
11174 2919 20
11174 4723 962
11174 14668 25
11174 12429 612
11175 484 540
11175 1608 845
11175 7516 586
11176 7301 604
11176 1492 394
11176 3494 838
11176 5697 779
11176 4508 617
11176 11473 58
11177 8073 814
11177 15002 685
11177 7543 879
11177 1117 47
11177 1820 520
11177 9079 26
11177 1333 829
11178 2450 173
11178 14729 710
11178 4925 569
11180 9036 126
11180 782 409
11180 2687 312
11180 1375 331
11180 3608 544
11180 5663 393
11181 5178 973
11181 5736 920
11181 6051 80
11181 10796 390
11181 9404 382
11182 2690 96
11182 6985 726
11182 3831 337
11182 13018 2
11183 365 25
11183 3611 932
11183 9107 578
11183 14666 249
11183 7096 765
11183 13129 708
11183 3772 549
11183 12835 29
11184 9421 798
11184 1006 121
11184 8764 842
11184 15638 825
11185 6200 346
11185 14682 187
11185 13152 919
11185 2113 133
11185 1039 418
11185 4367 421
11186 11264 232
11186 1222 545
11186 779 379
11186 2481 776
11186 4516 200
11187 9525 432
11187 7926 683
11188 12240 90
11188 14366 536
11188 4102 844
11188 9262 560
11188 6408 300
11188 59 346
11189 10707 433
11189 6915 256
11190 7171 700
11190 10202 845
11190 10739 959
11190 15345 653
11190 5841 919
11191 9770 27
11191 9585 408
11191 9433 83
11192 7231 360
11192 223 538
11193 12668 67
11193 9365 109
11193 12534 861
11193 13789 865
11193 13235 356
11193 12409 638
11193 12087 66
11193 9046 249
11194 5022 785
11194 9319 137
11195 10439 347
11195 9289 562
11195 1273 892
11196 5410 551
11196 218 77
11196 765 835
11196 5524 836
11196 12685 910
11196 11417 415
11197 7845 227
11197 4497 979
11197 8297 955
11198 10365 923
11198 14380 302
11198 11193 72
11199 8491 507
11199 7729 572
11199 7168 834
11199 3183 465
11199 5259 151
11199 1108 831
11199 9034 153
11200 7491 978
11200 11126 221
11200 1323 257
11200 15618 199
11200 7116 880
11201 7159 776
11201 3602 789
11201 15018 67
11201 12920 354
11201 15660 296
11202 12170 617
11202 10066 836
11202 11116 418
11202 5822 62
11202 859 583
11203 10261 700
11204 8187 881
11204 267 919
11204 5528 81
11204 2070 23
11204 2639 717
11205 4038 375
11205 885 438
11205 14043 50
11205 4647 185
11205 8140 815
11205 4169 512
11205 11210 885
11205 9415 968
11205 6973 295
11206 1188 181
11206 5513 264
11206 1014 903
11206 2921 17
11206 9634 916
11206 7001 328
11206 9296 207
11207 11055 165
11207 11214 774
11207 3371 889
11207 7755 985
11207 1853 280
11208 9230 366
11208 12290 61
11208 1465 122
11209 14921 98
11209 8620 406
11210 10795 755
11210 11666 183
11211 8215 622
11211 9831 920
11211 7205 857
11211 13822 839
11212 11776 676
11212 15758 539
11212 15003 717
11212 9609 995
11213 1138 690
11213 10331 17
11213 6773 669
11214 2860 366
11214 15322 489
11214 15139 88
11214 11829 473
11215 14308 263
11215 14538 756
11215 12801 232
11215 13437 568
11216 4206 401
11216 2294 533
11216 9907 74
11216 11882 496
11217 9263 101
11217 15826 691
11217 15863 105
11217 2165 823
11218 3903 648
11218 1600 517
11218 3327 584
11219 11890 683
11220 1882 752
11220 8132 810
11221 15785 336
11221 1531 315
11221 2491 442
11222 6075 861
11222 821 429
11222 6902 732
11222 11475 428
11223 6051 960
11223 4396 204
11223 11487 78
11223 15377 656
11224 15769 511
11224 3483 434
11224 2712 903
11225 10268 598
11225 8637 815
11226 13604 902
11226 1106 372
11226 10538 424
11226 13447 929
11227 5617 866
11227 3123 105
11227 15145 371
11227 10164 145
11227 10104 859
11228 6845 682
11228 12562 845
11228 825 301
11228 11588 907
11228 12460 434
11228 15050 563
11228 1377 729
11229 3146 630
11229 10319 837
11229 2601 467
11229 9830 207
11230 11814 978
11230 13230 314
11230 14448 607
11230 11163 571
11231 1674 17
11231 5721 410
11231 2785 724
11232 6525 593
11232 7599 85
11232 15705 347
11232 2623 930
11232 4762 711
11233 8354 47
11233 3785 919
11233 12940 587
11233 2203 930
11233 9253 374
11234 11465 749
11234 4576 545
11234 8145 850
11234 15861 750
11234 1419 963
11234 15804 831
11235 531 145
11236 11168 958
11236 15030 200
11236 10543 688
11237 1227 235
11237 4422 669
11237 4998 502
11237 130 28
11238 12872 746
11238 7729 784
11238 15162 472
11238 11942 424
11238 12806 550
11239 1283 831
11239 14532 275
11239 10567 642
11240 6093 39
11240 8013 209
11240 2428 145
11240 11458 715
11240 4441 905
11241 5405 828
11241 5334 229
11241 6044 819
11241 1490 61
11242 14537 904
11242 7623 764
11243 15667 470
11243 9024 814
11243 11815 9
11243 2409 672
11243 3799 248
11243 13460 177
11244 8959 375
11244 14435 599
11244 8725 240
11244 11556 649
11244 3715 822
11246 5071 502
11246 15702 136
11246 1929 873
11246 5769 539
11246 15789 218
11247 3927 575
11247 14710 230
11247 7506 205
11247 10425 56
11248 1640 718
11248 12691 462
11248 1835 140
11248 13949 908
11249 9480 157
11249 14568 802
11249 3866 150
11249 8045 383
11249 1421 84
11250 741 897
11250 13785 183
11250 9865 140
11250 15195 450
11251 3811 652
11251 9134 558
11251 6154 338
11252 12193 88
11252 3383 332
11252 5932 546
11252 5379 980
11252 13259 161
11253 6099 764
11253 5059 159
11253 2233 385
11254 11085 528
11254 9724 641
11254 9613 559
11254 5779 643
11254 1746 757
11255 3000 371
11255 13185 596
11255 4607 217
11255 10768 630
11256 11267 661
11256 4388 877
11256 11093 74
11256 9856 384
11256 11160 672
11257 5607 553
11257 3929 739
11258 4997 212
11258 5360 48
11258 5496 670
11258 4203 491
11259 11072 409
11259 8219 779
11259 6186 119
11260 10514 393
11260 1294 932
11260 2595 593
11260 4173 720
11260 6448 40
11260 10369 96
11260 7317 78
11260 14443 334
11261 15603 846
11261 14080 134
11261 15909 648
11261 7440 796
11261 14189 751
11261 3866 689
11262 9203 344
11262 3062 442
11262 2707 327
11262 4674 948
11262 6336 743
11262 11398 309
11263 606 765
11263 15371 270
11263 5751 774
11263 13535 22
11263 10088 825
11263 12962 625
11264 9964 858
11264 342 443
11265 15526 927
11265 3520 653
11265 9716 497
11265 9274 638
11265 9256 468
11265 5972 149
11265 14796 612
11266 11297 352
11266 7353 640
11266 6187 713
11266 3332 202
11266 15609 150
11266 423 471
11266 14563 988
11266 4560 187
11267 6184 580
11267 1053 333
11267 5956 282
11267 12524 515
11267 9003 588
11268 10975 38
11268 15842 88
11268 13243 164
11268 8230 873
11268 6903 780
11269 7149 775
11269 12424 800
11269 3813 644
11269 8251 465
11269 1380 366
11269 15794 983
11270 15893 533
11270 5337 7
11270 6425 627
11270 4713 645
11270 11318 359
11270 10806 39
11270 5219 868
11271 13091 784
11271 6774 978
11271 4563 626
11271 2139 387
11271 8686 747
11272 15384 676
11272 863 990
11272 12288 960
11272 4096 140
11272 4008 970
11272 4275 743
11272 9061 54
11272 4001 868
11272 12413 454
11272 3063 163
11273 8243 670
11273 15934 598
11273 1316 996
11273 9832 334
11274 6255 789
11274 11350 105
11274 14592 287
11274 968 597
11274 14798 147
11275 5639 194
11275 11328 846
11275 3722 545
11275 8731 129
11275 5156 547
11276 7649 992
11276 12248 395
11276 2909 680
11277 4524 426
11277 12391 836
11277 5737 65
11277 10950 86
11278 14289 202
11278 11716 811
11278 9265 631
11279 5831 173
11280 8472 662
11280 14829 629
11280 13808 962
11281 15390 201
11281 11850 242
11281 1381 665
11281 2108 23
11281 14807 167
11281 3113 609
11282 8734 947
11282 12927 807
11282 8985 627
11282 11300 860
11282 1015 368
11282 3178 434
11283 10692 313
11283 15103 913
11283 12443 918
11284 9156 512
11284 3650 753
11284 4064 102
11285 13200 813
11285 9079 766
11285 8801 392
11285 15382 1000
11285 9988 551
11285 8201 302
11285 466 43
11286 6450 915
11286 3394 810
11286 7479 168
11286 3143 283
11286 8123 989
11286 15908 171
11287 5904 412
11287 11229 357
11288 2390 789
11288 4961 141
11288 1733 442
11289 7200 673
11289 6359 582
11289 14024 849
11289 15773 880
11290 13369 36
11290 14472 100
11291 13311 43
11291 1008 536
11291 2748 218
11291 6540 636
11291 2532 357
11291 506 705
11292 4776 743
11292 11986 871
11292 14881 383
11292 1205 366
11293 9634 213
11293 14644 434
11293 5466 894
11294 9838 371
11294 9933 867
11294 7690 144
11294 14920 236
11294 6741 771
11295 233 853
11295 14884 234
11295 1101 501
11295 15942 796
11296 609 236
11296 9092 638
11296 9276 695
11296 8933 597
11296 15931 977
11296 7357 665
11297 8170 133
11297 5059 844
11297 12393 667
11298 1436 869
11299 6387 297
11299 12578 777
11299 7540 595
11299 11980 249
11299 7244 238
11300 7491 303
11301 5693 268
11301 3935 286
11301 8796 388
11301 2425 7
11301 9617 556
11301 4259 592
11302 2527 286
11302 2203 632
11302 542 975
11302 14991 378
11302 3912 791
11303 11739 531
11303 3021 692
11303 728 462
11304 14404 148
11304 937 213
11304 3991 338
11304 6890 232
11304 15368 425
11304 11832 316
11304 9771 791
11304 6320 202
11305 3063 862
11305 13477 862
11305 4111 987
11305 1393 991
11306 2829 924
11306 13576 209
11306 6241 773
11307 12457 16
11307 2487 672
11307 9570 888
11308 10072 787
11308 8496 644
11308 2106 446
11309 3964 665
11309 10921 490
11309 15977 878
11310 15388 822
11310 2849 713
11310 7964 469
11310 3865 133
11311 8369 537
11311 14892 952
11311 9536 704
11312 3350 335
11312 14043 895
11312 13535 10
11312 4541 276
11312 7704 512
11312 3864 542
11312 892 708
11312 13223 254
11312 1530 934
11313 8330 84
11313 7618 690
11313 13733 151
11313 3734 545
11314 9580 146
11314 10913 848
11314 8196 247
11314 12967 47
11314 2649 898
11314 6679 219
11314 5731 924
11314 15736 684
11314 4624 626
11314 581 363
11314 6278 862
11314 142 429
11314 7738 995
11315 13702 68
11315 14487 435
11315 8755 457
11315 12478 566
11316 8187 502
11316 14605 654
11316 9344 101
11316 13246 304
11316 11261 598
11316 13619 128
11317 12558 889
11317 4979 511
11319 1027 811
11320 9515 817
11320 7076 693
11320 15209 144
11320 5603 91
11320 11767 529
11320 10629 265
11320 15596 186
11321 11715 890
11321 647 776
11322 9031 295
11322 6696 203
11322 12727 689
11322 14781 554
11322 9932 147
11323 1070 310
11323 6385 59
11323 3004 81
11324 5389 493
11324 11425 226
11324 3808 180
11324 7062 938
11324 10618 95
11325 11875 874
11325 14217 328
11325 8080 980
11326 12455 103
11326 9769 594
11326 12485 885
11326 9052 96
11327 6703 685
11327 15273 431
11327 8201 158
11327 2451 59
11327 10271 342
11327 15314 306
11327 11792 967
11327 12460 952
11328 549 251
11328 3856 393
11329 15352 91
11329 4831 495
11329 6799 474
11329 10092 666
11330 666 243
11330 4897 99
11330 14806 334
11331 7758 403
11331 11994 393
11332 1992 578
11332 7395 401
11332 7764 813
11333 5419 372
11333 1283 103
11333 5352 909
11333 15976 981
11333 1961 148
11334 3036 251
11334 15500 379
11335 1748 642
11335 5309 180
11335 4384 779
11335 3354 78
11335 7634 69
11335 13716 662
11335 456 354
11335 894 552
11336 9986 855
11336 12674 93
11337 5662 97
11337 6708 27
11337 12381 119
11337 9930 948
11337 3953 15
11337 11113 318
11338 11379 148
11338 15763 857
11338 4246 610
11339 11274 864
11339 1760 9
11339 557 633
11340 4798 771
11340 14280 117
11340 5626 23
11340 10597 812
11340 1685 820
11341 698 114
11342 6699 451
11342 13917 273
11342 15542 925
11343 2663 180
11343 1426 223
11343 2794 77
11343 8730 554
11343 5840 432
11344 318 33
11344 14456 877
11344 4178 636
11344 533 885
11344 9287 871
11344 12371 188
11346 10340 868
11346 4632 582
11346 493 927
11346 9770 703
11346 14305 965
11347 6277 823
11347 898 328
11347 12392 28
11347 1766 397
11347 11699 712
11348 10897 401
11348 2478 183
11348 11415 385
11348 14167 550
11348 7813 49
11349 2174 105
11349 895 313
11349 11953 515
11349 10609 454
11350 7077 388
11350 6873 971
11350 1795 477
11351 14504 329
11351 13903 377
11351 9891 53
11351 11733 39
11351 4639 948
11352 9622 355
11352 480 309
11352 10113 69
11353 1693 901
11353 1140 509
11353 14199 322
11353 4274 863
11353 6063 115
11353 13110 136
11353 1604 734
11353 5238 349
11353 13078 241
11353 854 791
11353 8039 549
11354 14420 359
11354 1632 544
11354 2519 57
11354 13518 24
11354 14072 32
11354 5033 923
11354 3586 699
11355 15617 889
11356 10241 179
11356 13074 856
11356 14235 254
11356 11506 333
11356 7000 150
11356 5447 651
11357 5308 138
11357 1744 208
11357 8484 426
11357 13399 376
11357 5289 744
11357 8409 364
11357 9307 708
11358 10337 968
11358 5478 743
11358 6507 721
11358 5812 683
11359 13490 760
11359 9033 742
11360 7518 670
11360 4979 620
11360 3541 619
11360 14344 783
11360 14364 328
11360 5143 295
11360 15437 429
11361 5647 241
11362 8120 609
11362 13704 221
11362 1852 561
11362 8581 377
11362 1432 590
11362 5429 956
11363 9982 796
11364 6281 840
11364 10075 299
11364 6428 359
11365 11576 956
11365 11562 854
11365 8261 148
11365 4901 469
11365 758 883
11366 2249 841
11366 13417 147
11366 5504 211
11366 15686 773
11366 825 353
11366 9588 373
11367 4251 939
11367 4061 368
11367 8637 679
11368 9739 312
11368 44 340
11369 10174 358
11370 4147 529
11370 224 475
11370 12192 113
11370 1605 697
11371 12790 706
11371 8852 16
11371 14948 673
11371 9249 341
11372 4227 390
11372 1015 456
11372 13318 350
11372 3666 179
11372 10210 746
11372 3989 598
11372 1361 989
11373 8590 781
11373 4019 972
11373 3159 529
11373 15425 124
11374 1775 337
11374 492 841
11374 14143 832
11375 2109 480
11375 4257 744
11375 5942 40
11375 13285 139
11375 13714 917
11375 2506 653
11376 9150 235
11376 3645 465
11376 7189 307
11376 1020 696
11376 15841 335
11376 2148 517
11376 7679 942
11376 6786 20
11376 2940 1000
11377 13409 649
11377 14799 426
11377 1729 69
11377 9164 48
11378 4969 832
11378 9087 435
11378 11299 453
11378 8269 898
11379 8917 458
11379 2353 585
11379 11614 458
11379 2312 64
11379 2643 962
11379 11831 851
11379 12091 530
11379 4138 166
11379 15349 555
11380 8892 111
11380 10361 863
11380 15014 975
11380 5716 629
11381 7732 694
11381 2470 167
11381 12310 681
11381 6133 918
11382 14334 668
11382 11946 637
11382 2200 415
11382 1361 387
11383 11249 787
11383 9200 563
11383 2201 638
11384 2616 719
11384 5625 480
11384 11161 306
11384 8680 42
11384 4636 605
11384 10135 101
11384 6506 981
11384 6409 414
11384 11552 983
11385 14250 742
11385 4820 548
11385 5150 112
11386 721 512
11386 13010 571
11386 6524 191
11386 12785 771
11386 1342 495
11386 5350 301
11386 6205 81
11387 15411 103
11387 5783 116
11387 724 603
11387 14758 833
11387 10399 941
11388 7316 704
11388 14351 649
11388 5132 938
11388 6957 548
11389 12748 846
11389 4414 394
11390 10733 673
11390 846 298
11390 11513 61
11390 4870 441
11390 6805 89
11390 1336 757
11390 36 513
11390 7356 823
11391 10489 308
11391 14111 681
11392 1350 781
11392 10648 926
11392 1591 488
11392 12359 748
11394 11669 926
11394 15034 924
11394 1167 836
11394 2593 423
11395 15652 620
11395 6578 338
11395 5950 638
11395 1582 717
11395 2111 195
11395 12782 831
11396 861 195
11396 8731 262
11397 6708 234
11397 14037 1
11397 9231 845
11398 10472 541
11398 13289 530
11398 6214 280
11399 14157 837
11400 7210 115
11400 2728 965
11400 10052 584
11400 11915 891
11400 5779 144
11401 14789 356
11401 12458 381
11402 10565 983
11402 15279 452
11402 4307 697
11402 4076 473
11402 5321 117
11403 4454 88
11403 14933 91
11403 5816 950
11403 2071 853
11403 9979 638
11403 3590 921
11404 1294 253
11404 10905 48
11404 5912 739
11404 7023 874
11404 1681 710
11404 2657 218
11404 4726 760
11405 8601 301
11405 6156 238
11405 5651 456
11405 5234 118
11405 10293 366
11405 8501 236
11405 11420 668
11405 5005 512
11406 9066 984
11406 6631 570
11406 8946 222
11406 2613 239
11407 11897 162
11407 11919 793
11407 13149 762
11407 6245 160
11408 6003 997
11408 6205 744
11408 9641 320
11408 4508 210
11408 2329 373
11408 9735 823
11409 4899 833
11409 2477 878
11409 9349 298
11409 10555 185
11409 9961 384
11410 4848 254
11410 11611 190
11411 6331 22
11411 110 213
11411 5663 628
11412 11370 57
11412 7096 60
11412 13796 569
11412 15627 459
11412 980 782
11413 13735 478
11413 13045 448
11413 8890 209
11413 9100 87
11414 556 670
11414 5689 129
11414 2467 656
11414 9202 797
11414 9230 717
11415 4113 927
11415 744 732
11416 11511 444
11416 1525 768
11416 768 599
11416 1114 358
11417 3861 635
11417 3474 587
11417 4046 743
11417 5327 769
11418 12849 443
11419 5789 5
11419 56 866
11419 9575 713
11419 8457 362
11420 8437 988
11420 503 149
11420 14668 490
11421 9498 400
11421 14152 212
11421 4417 549
11421 14144 905
11421 12795 326
11422 1515 768
11422 15499 748
11423 5874 155
11423 1673 972
11423 8076 718
11423 10589 877
11423 14574 581
11424 3509 892
11424 14567 52
11424 4316 148
11424 6836 714
11425 4742 171
11425 12600 319
11425 8198 165
11425 15531 627
11425 5795 394
11425 480 184
11425 14135 994
11426 10350 890
11426 1588 356
11426 6441 826
11426 213 345
11426 7488 830
11426 1700 861
11427 8340 870
11427 11987 984
11427 13069 534
11427 4453 506
11427 1844 49
11427 12606 494
11428 13167 558
11428 4639 512
11428 8049 326
11429 11233 871
11429 4761 579
11429 9943 336
11429 5097 143
11429 13541 185
11430 6639 736
11430 11948 485
11430 3956 163
11430 10779 75
11430 9625 610
11431 846 407
11431 13139 328
11431 1794 832
11431 5256 764
11431 13811 467
11432 14859 879
11432 12196 786
11432 12982 696
11432 2043 416
11433 9437 950
11433 1116 92
11433 9580 835
11433 2609 350
11433 4055 518
11433 5063 599
11434 15445 762
11434 11840 564
11435 1150 772
11435 12276 970
11435 7749 905
11435 10216 936
11435 2269 883
11436 13127 289
11436 13539 481
11436 6860 907
11436 15958 340
11436 5025 555
11436 11244 120
11438 12758 114
11438 479 825
11438 15288 342
11438 15327 362
11439 13659 543
11439 230 74
11440 11788 416
11440 4478 728
11441 1293 107
11441 10037 749
11441 13648 150
11441 7028 999
11441 8290 160
11441 1319 207
11441 11597 221
11442 8803 625
11442 5162 957
11442 14140 939
11442 7782 914
11442 1943 865
11444 8915 760
11444 12328 651
11446 7074 916
11446 7428 260
11446 13968 462
11446 3917 500
11446 1363 371
11446 5438 114
11447 4033 715
11447 1600 556
11447 15428 940
11447 1624 727
11447 15629 71
11447 2258 539
11447 7233 347
11447 7577 828
11447 34 509
11448 287 920
11449 3909 837
11449 4087 441
11449 8347 164
11449 4252 66
11449 8377 81
11450 10779 470
11450 3010 241
11451 15616 35
11451 4623 213
11451 14018 579
11452 8247 702
11452 12533 269
11452 3418 959
11452 15542 730
11452 946 614
11452 5122 526
11452 3523 129
11452 2160 279
11453 5991 681
11453 9557 388
11453 983 169
11453 12249 662
11453 5884 77
11453 1476 706
11453 6308 267
11453 14225 251
11454 10030 885
11454 15027 513
11454 9899 905
11454 5322 495
11455 8985 966
11455 12761 134
11455 3765 909
11455 6823 3
11455 3804 841
11455 5934 135
11456 7528 199
11456 6574 494
11456 13804 429
11456 3239 218
11456 7456 44
11456 10812 299
11456 2220 926
11456 14697 860
11457 14309 525
11457 7348 750
11457 2771 611
11457 10952 677
11457 2828 713
11458 5116 271
11458 12811 360
11459 2988 382
11459 10257 49
11459 2739 945
11459 11412 744
11459 5968 386
11460 1889 572
11460 5310 267
11461 7924 353
11461 4008 13
11461 843 982
11462 2896 561
11462 9209 399
11462 3997 113
11462 14040 757
11463 8057 150
11463 8623 196
11464 15480 338
11464 13450 994
11464 447 6
11464 13770 330
11464 2792 686
11465 13132 200
11465 13667 866
11465 13217 903
11465 13486 868
11465 14204 892
11465 7324 270
11465 13298 43
11466 7004 219
11466 12677 261
11466 12088 343
11466 9814 525
11466 9148 264
11466 522 994
11467 3308 218
11467 5089 984
11467 9521 683
11467 8307 5
11468 5594 837
11469 9866 669
11469 9120 822
11469 7009 216
11470 10943 996
11470 13183 401
11471 2083 716
11471 567 667
11471 66 995
11471 2788 248
11471 5132 587
11472 14092 636
11472 162 987
11472 1746 357
11472 4174 332
11472 14559 471
11472 6533 706
11472 10231 610
11472 10957 108
11472 10246 40
11473 4613 408
11473 3181 13
11473 7384 524
11473 4831 224
11473 12754 414
11474 9493 139
11474 12942 849
11474 8488 926
11474 5274 757
11475 13422 824
11475 14313 770
11475 7333 745
11475 15000 348
11476 14954 860
11476 1224 158
11477 10039 690
11477 11066 109
11477 13459 138
11477 14242 940
11477 8652 114
11477 1806 755
11477 10247 560
11477 1158 362
11478 9410 884
11478 12487 424
11478 394 173
11478 4266 468
11478 10916 510
11479 14361 625
11479 7769 675
11479 13261 40
11480 14434 201
11480 230 724
11480 6611 656
11481 13508 633
11481 3659 343
11481 9287 772
11481 4375 949
11482 4802 665
11482 6825 577
11483 9619 400
11483 11453 523
11483 7501 501
11483 7523 119
11483 13895 924
11483 11878 88
11483 9133 272
11484 14373 139
11484 12129 623
11484 7059 654
11484 7341 757
11484 8873 936
11485 2769 357
11485 2208 258
11485 4189 656
11485 6042 705
11485 3760 379
11485 14209 813
11486 7022 142
11486 15518 935
11486 12578 221
11486 6707 411
11486 6316 672
11486 14007 611
11486 9340 816
11487 2239 96
11487 8657 278
11487 14666 72
11487 8270 171
11488 392 829
11488 1710 141
11488 13880 118
11488 11677 957
11488 3698 386
11488 7782 61
11488 14315 619
11489 6386 765
11489 15873 389
11489 6865 235
11489 802 926
11489 6574 539
11489 14518 532
11490 4734 751
11490 2661 77
11490 8146 466
11490 7687 915
11491 840 219
11491 768 250
11491 3330 314
11491 1790 238
11491 9159 590
11491 8880 1
11492 3844 857
11492 271 790
11492 2639 933
11493 9413 918
11493 1005 970
11493 11156 506
11493 7060 130
11494 3385 73
11494 4837 91
11494 7583 320
11494 13084 440
11494 3267 109
11495 493 818
11495 13445 837
11495 15376 246
11495 3121 844
11496 4658 138
11496 6043 472
11496 3195 594
11496 9186 979
11496 6488 126
11496 2781 982
11497 6520 497
11497 6180 290
11497 1285 572
11497 5322 144
11497 2734 420
11498 13071 319
11498 13445 509
11498 14850 479
11499 5539 696
11499 13735 506
11499 4173 562
11499 11369 937
11499 4867 285
11500 11869 281
11500 2677 857
11500 14691 398
11500 5423 755
11501 13321 107
11501 4390 404
11501 5198 190
11502 13919 567
11502 6873 950
11502 3072 102
11502 12220 104
11502 10109 63
11502 9627 769
11503 5070 621
11503 2524 457
11503 11552 773
11503 12217 181
11504 11877 175
11504 15202 645
11504 12933 132
11504 5661 365
11505 5895 831
11505 10952 535
11505 2302 370
11505 13526 438
11506 10292 128
11506 10963 178
11506 11787 727
11506 3530 175
11506 12435 555
11506 10608 310
11507 10940 229
11507 3876 674
11508 5649 291
11508 9138 70
11508 14227 622
11508 351 130
11508 14804 505
11508 8905 781
11509 11643 370
11509 12337 222
11509 13060 113
11509 2186 64
11509 11364 256
11510 8743 784
11510 6609 595
11510 12043 381
11510 13194 170
11511 9168 312
11511 9023 816
11511 4315 957
11511 6426 497
11511 13115 657
11511 14001 349
11511 4827 43
11512 12805 174
11512 3090 948
11513 9164 29
11513 4870 221
11513 5864 632
11513 3833 601
11513 8089 133
11513 11045 236
11513 9440 944
11513 14990 85
11514 7109 964
11514 3183 843
11514 8779 632
11514 9579 291
11515 12657 457
11515 12534 68
11515 473 933
11515 15406 221
11515 11828 684
11516 317 808
11517 11984 30
11517 8372 190
11517 5990 112
11517 6060 843
11517 3828 410
11517 3243 987
11517 5942 219
11518 10376 35
11518 14337 916
11518 4973 229
11518 8878 423
11518 13593 300
11519 9404 221
11519 1388 689
11519 5059 395
11519 5777 945
11520 392 372
11520 15156 225
11520 794 186
11520 3767 813
11520 4531 935
11520 3815 632
11520 5586 881
11520 7155 882
11520 7991 363
11521 13774 816
11521 14292 786
11521 10523 317
11521 11416 349
11521 8977 8
11521 9391 981
11522 10498 407
11522 7859 222
11522 8473 143
11522 3714 588
11522 5187 598
11522 7728 604
11523 2811 406
11523 11811 796
11523 9697 774
11523 2325 735
11523 3004 630
11523 2900 812
11524 5505 788
11524 6999 602
11524 3679 611
11524 14296 742
11524 11273 180
11525 11519 246
11525 10650 202
11525 13562 139
11526 6292 252
11526 880 272
11527 3520 804
11527 9873 669
11527 3732 129
11527 10071 967
11528 2993 771
11528 8937 390
11529 4616 485
11529 7470 91
11529 10525 390
11529 15707 866
11530 556 275
11530 1963 389
11531 8196 4
11531 11862 621
11531 2312 194
11531 14445 562
11531 2605 353
11531 5945 312
11532 3751 141
11532 6950 839
11533 13275 657
11533 11939 780
11533 11772 479
11533 14195 319
11533 11454 895
11533 11614 483
11533 13951 477
11533 15513 466
11534 2916 768
11534 9365 645
11534 1998 182
11535 9858 217
11535 5223 51
11535 5210 722
11535 263 941
11535 12010 841
11535 9915 600
11535 5400 504
11535 8511 679
11536 7005 79
11536 15181 26
11536 12161 639
11536 3234 521
11536 5956 970
11536 0 375
11537 8799 889
11537 6505 943
11537 12130 586
11537 6787 379
11538 2506 155
11538 3605 336
11538 3307 864
11538 6066 301
11538 3940 111
11538 8733 876
11539 3870 657
11539 13979 338
11539 10130 544
11539 790 983
11539 13029 652
11539 1214 458
11540 5135 276
11540 3005 71
11540 6409 140
11541 13990 167
11541 436 558
11541 6497 271
11541 7764 747
11541 1689 41
11541 7165 628
11542 1741 851
11542 2415 909
11542 12286 14
11542 9893 882
11542 5410 230
11543 3469 27
11543 13001 317
11543 15757 851
11543 11515 846
11543 6202 797
11543 11782 791
11543 2655 686
11544 3315 920
11544 5025 209
11544 3091 668
11544 2938 447
11544 8117 488
11544 1417 218
11545 10830 641
11545 15142 4
11545 910 231
11546 1175 298
11546 9847 268
11546 4437 173
11546 5052 463
11546 1601 877
11547 11056 912
11547 14621 547
11547 1196 511
11548 9201 215
11549 9194 713
11549 9761 333
11549 15681 591
11549 4885 422
11549 14464 253
11550 15373 999
11550 11388 912
11550 8004 407
11550 2257 755
11550 13164 129
11551 1215 886
11551 11929 220
11551 5314 387
11552 9040 453
11552 15604 303
11552 12442 886
11552 1888 262
11554 7620 73
11555 11493 415
11555 8962 290
11555 9598 241
11555 2563 565
11555 11635 602
11556 15699 118
11556 13061 766
11556 2997 571
11557 3534 855
11558 191 508
11558 8423 817
11558 13517 748
11558 78 753
11558 1010 130
11559 13939 138
11560 4921 883
11560 7775 310
11560 8967 642
11561 9769 957
11561 11797 988
11561 10649 461
11562 5595 925
11562 3079 645
11562 9629 727
11562 11176 519
11562 7361 973
11562 3812 483
11563 10826 201
11563 11791 931
11563 3607 768
11563 1718 108
11563 1741 20
11564 9323 448
11564 14659 237
11564 6161 347
11565 6014 497
11565 2923 366
11565 15372 943
11566 15022 159
11567 9714 755
11567 10829 787
11567 13542 545
11567 15290 40
11567 4564 694
11568 5427 62
11568 14099 818
11569 15471 426
11569 15328 357
11569 13010 274
11569 14554 294
11569 8333 784
11570 12004 397
11570 9310 80
11570 13118 541
11570 6445 767
11570 13978 781
11570 10123 233
11570 5070 339
11570 15280 376
11570 15877 291
11571 13803 697
11571 6846 155
11571 14897 154
11571 2093 132
11571 1228 88
11571 5588 72
11571 702 657
11571 8817 950
11572 1606 793
11573 15400 156
11573 9207 53
11573 14164 749
11573 6194 310
11573 15691 727
11573 12410 868
11574 3444 694
11574 2464 160
11574 3482 452
11575 854 28
11575 2819 397
11575 8682 646
11575 10784 92
11576 1098 447
11576 4246 409
11576 5724 900
11576 2803 989
11576 11242 358
11576 12574 154
11576 528 779
11576 5542 557
11577 7799 706
11577 11327 878
11577 3383 767
11578 9777 64
11578 10279 477
11578 4146 138
11578 2988 661
11579 9014 950
11579 4080 172
11579 7526 187
11579 14486 506
11579 6556 660
11579 11967 324
11579 6922 120
11580 4230 832
11580 12988 639
11581 10212 259
11581 3474 7
11581 5294 811
11581 2193 477
11582 4021 288
11582 8223 140
11582 15188 531
11583 14328 278
11583 15008 912
11583 4519 824
11583 11946 714
11583 852 857
11584 7228 123
11585 1593 303
11585 12299 870
11585 8022 638
11585 5145 411
11585 3388 711
11585 6393 825
11585 3187 796
11586 10589 428
11586 6324 581
11586 1699 494
11586 12884 442
11586 12742 945
11587 9656 735
11587 8015 15
11587 6960 683
11587 15977 976
11587 15090 543
11587 4187 341
11587 8287 991
11587 7531 867
11588 4763 708
11588 12292 479
11588 5707 241
11588 1391 330
11588 14169 492
11589 8915 754
11589 2951 897
11589 11010 832
11589 13316 589
11590 8859 158
11590 1612 647
11590 14141 558
11591 9355 377
11591 8979 765
11591 743 639
11591 7703 600
11591 4610 899
11591 12463 548
11592 1369 170
11593 11333 142
11593 2731 9
11593 15892 582
11593 1115 326
11593 3629 703
11593 460 64
11593 15451 805
11593 7720 219
11594 13252 148
11594 10404 339
11594 12408 947
11594 12695 763
11594 6227 17
11595 11410 29
11596 11706 490
11596 3858 28
11596 12189 799
11596 8970 471
11597 11203 484
11597 8455 959
11598 1087 653
11598 15280 828
11598 5763 752
11598 15630 508
11598 6233 992
11598 12828 471
11598 6387 171
11599 9595 338
11599 6284 25
11599 6276 743
11599 5950 348
11599 8938 739
11599 10950 844
11600 10317 540
11600 11409 964
11600 9464 839
11600 3612 404
11600 14540 483
11601 1547 215
11601 3427 360
11601 11150 548
11601 1431 911
11602 12545 284
11602 1250 139
11602 15281 218
11602 2492 464
11602 10726 379
11602 15207 216
11602 526 380
11603 1140 479
11603 13728 902
11603 12126 927
11603 10640 415
11603 6711 480
11604 489 954
11604 15800 651
11604 9938 538
11604 11390 326
11605 764 523
11605 11715 859
11605 7875 610
11605 13865 899
11605 11285 874
11605 15017 24
11606 13724 235
11606 12678 128
11607 2899 884
11607 402 862
11607 1351 202
11607 8226 287
11608 12184 178
11608 10228 638
11608 1289 393
11608 3050 685
11608 1885 604
11608 1114 442
11608 6355 802
11609 13829 239
11609 14007 914
11609 5765 416
11609 4975 987
11610 4660 491
11610 10120 735
11610 1418 737
11610 1984 945
11611 15233 568
11611 13703 517
11611 13275 524
11611 12500 360
11611 8192 10
11612 12812 761
11613 10540 382
11613 4260 568
11613 9108 341
11613 3376 261
11613 12583 878
11614 14746 228
11614 5424 500
11614 12335 576
11614 3378 507
11615 13084 624
11615 8980 853
11615 5246 82
11615 15880 496
11615 2355 922
11615 8455 168
11616 12451 794
11617 14564 974
11617 6438 612
11617 10081 446
11618 10028 982
11618 15691 106
11618 12156 111
11618 10717 73
11618 14886 715
11618 1906 110
11619 9869 893
11619 4729 963
11620 5720 174
11620 5720 57
11620 1485 422
11620 11720 961
11620 7774 590
11621 6943 435
11621 1344 315
11622 5351 826
11622 13213 717
11622 5311 312
11622 15236 755
11623 7305 557
11623 695 238
11623 4870 284
11623 14432 485
11623 25 761
11624 8315 683
11624 10792 691
11624 14396 552
11624 3915 400
11624 7094 594
11624 5677 586
11624 13353 835
11624 13668 731
11625 4911 609
11625 6067 70
11625 2670 246
11625 15711 631
11626 4002 633
11626 6276 272
11626 6380 134
11626 7815 508
11626 13045 328
11626 13942 301
11627 10412 827
11627 7128 669
11627 6151 242
11627 7857 402
11628 6345 621
11628 11317 962
11628 496 18
11628 13190 636
11628 8121 919
11628 3330 564
11628 5764 233
11629 9557 128
11629 4328 170
11629 15153 590
11630 9986 797
11631 6323 892
11631 13038 377
11631 1266 539
11631 1661 258
11632 10337 693
11632 5138 883
11632 11175 86
11633 7033 230
11633 14131 596
11633 10182 918
11633 5044 472
11634 15655 501
11634 6605 202
11634 11294 335
11634 580 249
11634 13562 156
11635 3088 827
11635 13793 290
11635 15510 893
11635 10093 265
11635 13042 756
11635 12431 891
11636 8392 112
11636 15623 422
11636 15907 190
11636 3925 379
11636 5107 423
11636 4169 965
11636 4839 208
11637 9409 372
11637 4199 170
11637 11082 728
11637 732 122
11637 3202 299
11637 10969 821
11637 9657 530
11638 5817 27
11638 10119 564
11639 8332 579
11639 2451 696
11639 1585 991
11639 13300 317
11639 6857 420
11640 2527 715
11640 1155 579
11640 14866 190
11641 2156 373
11641 12490 795
11641 11035 735
11642 1874 444
11642 9923 779
11642 8135 39
11642 14389 570
11642 6956 969
11642 7984 790
11643 10719 769
11643 195 1000
11643 6613 664
11643 15978 387
11644 10818 38
11644 10574 650
11644 12146 560
11644 7372 805
11644 13043 562
11645 14281 28
11645 13252 505
11645 3375 34
11645 3583 827
11645 14013 693
11645 2053 456
11646 11224 404
11646 13328 748
11647 13048 604
11647 4055 849
11648 5059 210
11648 8600 184
11648 6765 132
11649 15650 228
11650 1945 698
11650 8727 712
11650 11675 960
11650 3851 416
11650 4840 10
11650 9018 800
11651 4550 680
11651 3613 493
11651 379 882
11651 2495 467
11652 7578 368
11653 5959 488
11653 15667 175
11653 10764 972
11653 382 9
11654 3404 374
11654 9457 481
11654 8597 64
11654 13216 774
11654 9168 379
11655 11792 157
11655 15035 664
11655 4552 442
11655 2892 382
11655 11770 521
11655 4003 823
11655 4335 886
11656 4146 302
11656 7224 199
11656 4353 655
11656 14544 65
11656 6828 436
11656 3039 634
11657 5812 124
11657 7313 973
11657 4713 235
11657 1943 515
11657 11209 951
11657 8809 618
11657 2518 388
11657 1957 882
11657 7944 580
11658 12513 130
11659 433 458
11659 3027 186
11659 5013 754
11659 9863 328
11659 8420 768
11659 5324 598
11660 15341 908
11661 15509 319
11661 146 122
11661 56 883
11661 12075 250
11662 4731 6
11662 12036 71
11662 5842 544
11662 7003 745
11663 15951 606
11664 2029 686
11664 7357 71
11664 5281 993
11664 3406 870
11664 9066 558
11665 2593 565
11665 5879 162
11665 14616 911
11665 5009 826
11666 8187 603
11666 2617 232
11666 3745 129
11666 4056 762
11666 14011 14
11666 5659 625
11667 10246 868
11667 10203 868
11667 1113 491
11667 6016 761
11668 12562 235
11668 15281 92
11668 345 364
11668 12290 10
11668 9865 552
11668 2037 836
11669 6602 28
11669 9272 125
11669 6688 785
11669 11184 883
11669 12750 249
11669 9712 357
11670 8538 184
11670 12290 33
11670 1150 151
11670 11226 447
11670 13388 362
11671 13116 425
11671 7349 958
11671 10662 234
11671 4424 248
11671 11933 864
11672 12423 650
11672 9763 681
11672 737 901
11672 11826 785
11672 7923 408
11672 15530 116
11672 334 581
11672 445 355
11673 4344 985
11673 10877 998
11673 5480 237
11673 13061 699
11673 13640 155
11673 15795 995
11674 1065 57
11674 596 25
11674 5707 218
11674 1054 59
11674 6746 823
11675 10651 862
11675 8440 236
11676 4299 154
11676 5857 399
11676 5155 673
11677 1942 681
11677 15038 35
11677 5546 427
11678 7196 629
11678 15536 698
11678 7602 258
11678 2238 45
11679 11577 63
11679 12718 940
11679 9735 12
11680 693 635
11680 11438 37
11680 3667 833
11680 3959 967
11681 1933 827
11681 10284 611
11681 1342 603
11681 15862 824
11681 3140 681
11681 10236 803
11682 2723 788
11682 14837 289
11682 3761 434
11682 1542 881
11682 3937 686
11683 1649 307
11683 12604 151
11683 6898 224
11684 12758 884
11684 5287 979
11684 12821 391
11684 15783 339
11684 5225 158
11684 818 936
11685 1208 487
11686 10163 977
11686 3098 106
11686 11080 535
11686 12699 173
11686 12588 155
11686 4239 400
11687 5263 705
11687 5059 357
11687 11555 76
11687 8775 431
11688 15947 361
11688 15577 799
11689 8960 928
11690 11359 944
11690 8711 578
11690 15910 783
11690 6043 957
11690 4749 794
11691 1123 897
11691 14191 383
11691 13734 133
11692 6195 183
11692 4327 48
11692 3300 267
11692 3794 601
11693 12562 938
11693 15094 578
11693 11229 673
11694 3040 722
11694 15848 71
11694 8806 221
11694 7848 216
11694 3865 847
11694 5089 491
11694 702 197
11694 10911 801
11694 5797 14
11694 10586 293
11695 3192 6
11696 7667 312
11696 4160 175
11696 8336 614
11696 2746 464
11697 7138 183
11697 6089 86
11698 10487 684
11698 9118 185
11699 3295 498
11700 902 357
11700 7124 244
11700 7847 587
11700 1642 399
11701 1671 599
11701 10295 411
11702 15591 113
11702 4811 69
11703 120 562
11703 6823 451
11703 1879 211
11703 5638 748
11704 14745 545
11704 3286 952
11704 2819 433
11705 15992 120
11705 2543 909
11705 14353 259
11705 5130 38
11705 11028 995
11706 4940 865
11706 2560 698
11706 7003 880
11706 668 694
11706 14874 334
11707 12690 670
11707 15345 295
11707 14194 141
11708 5624 820
11708 12565 644
11708 10703 916
11708 3203 392
11708 3564 965
11708 13882 451
11709 2065 708
11709 13648 318
11709 1692 712
11709 2235 367
11710 5658 869
11710 13335 767
11710 11006 293
11711 2783 262
11711 14581 497
11712 7605 100
11712 10964 610
11712 4002 907
11712 6526 321
11712 12682 402
11713 7430 114
11713 15008 916
11713 888 435
11713 13504 846
11713 12781 566
11714 7775 720
11714 6928 369
11714 11873 441
11714 14995 343
11714 5472 309
11714 13295 742
11714 12841 494
11715 6038 313
11715 822 334
11716 3332 464
11716 8924 960
11716 4977 543
11717 1024 230
11717 4184 195
11717 567 754
11717 10384 129
11717 12428 413
11718 2687 1000
11718 661 277
11718 14103 902
11718 7779 484
11719 15874 122
11719 7207 447
11719 7685 866
11719 6777 583
11719 2359 859
11719 5357 302
11719 12614 26
11720 7277 332
11720 7057 829
11720 7436 782
11721 128 541
11721 6738 469
11722 1240 882
11722 3442 122
11722 8828 37
11722 5594 95
11723 8502 467
11723 13196 315
11723 1810 147
11724 14084 123
11724 11744 532
11724 11514 310
11724 13051 58
11725 15602 232
11725 12434 263
11725 8411 851
11725 3416 465
11725 8742 392
11725 1099 618
11725 11674 628
11726 340 210
11726 5382 976
11727 6663 571
11727 12427 287
11727 7837 877
11728 9779 685
11728 15658 592
11728 9509 282
11728 13463 25
11729 13875 892
11729 11046 124
11729 14547 295
11729 1485 234
11730 433 978
11730 14590 219
11730 13645 241
11730 13860 813
11731 4217 924
11731 12688 476
11732 3642 347
11732 11260 741
11732 9153 479
11732 1584 143
11732 10669 247
11733 1777 849
11733 593 335
11733 8745 835
11733 15533 736
11734 13436 657
11734 6775 87
11734 10272 848
11734 15851 361
11734 13420 741
11734 15798 928
11735 3691 867
11735 11614 22
11736 7070 818
11736 3236 516
11736 12017 41
11737 10187 907
11737 7279 738
11737 10585 619
11737 6854 28
11737 9676 10
11738 3918 173
11738 1916 356
11738 13285 442
11738 8204 199
11739 1855 508
11739 6943 212
11739 4935 72
11740 13125 269
11740 649 586
11740 12280 830
11741 2407 999
11742 1274 424
11742 12616 138
11742 3562 45
11742 15864 679
11742 7511 787
11742 6428 930
11742 10986 616
11743 8202 171
11743 10004 86
11743 8005 751
11743 1090 50
11743 7981 440
11743 1520 431
11743 3919 108
11743 3637 667
11744 6003 209
11744 15412 920
11744 13530 816
11744 5954 425
11744 5678 274
11745 4157 187
11745 5383 470
11745 8851 109
11745 4223 320
11745 10423 97
11746 9685 515
11747 14145 307
11748 14687 124
11748 1096 382
11748 7300 223
11748 5556 542
11748 9982 200
11748 5054 464
11749 12478 439
11749 12882 818
11749 3221 745
11750 12967 944
11750 340 356
11750 10102 198
11751 387 793
11751 14359 654
11751 6232 9
11752 3399 637
11752 12038 366
11752 7143 482
11753 10447 76
11753 14624 413
11753 7378 961
11754 7872 805
11754 727 64
11755 12781 781
11755 13311 741
11756 7295 592
11756 2261 301
11756 8411 730
11756 12147 513
11757 930 16
11757 7295 337
11757 2536 463
11758 14802 90
11758 3976 78
11758 2567 743
11758 8575 200
11758 14232 636
11759 3389 385
11759 12769 235
11760 13394 400
11760 2082 124
11760 10004 768
11760 5738 330
11760 13629 936
11760 9609 895
11760 9968 959
11760 14478 825
11761 9458 749
11761 12020 667
11761 642 470
11761 4523 314
11761 11713 951
11761 11543 398
11761 8014 179
11762 6805 738
11762 4597 686
11762 15384 460
11762 2450 426
11762 845 489
11762 5396 177
11762 11159 421
11762 3202 593
11763 315 87
11763 13912 363
11763 9840 416
11763 11219 113
11764 11986 951
11764 6156 574
11765 3059 248
11765 13443 589
11765 10499 342
11766 2532 501
11766 11611 984
11766 3811 788
11767 8771 803
11767 1757 486
11767 8546 164
11768 7623 786
11768 10748 750
11769 2726 504
11769 10165 35
11770 1879 916
11770 15188 238
11770 15095 205
11770 15564 812
11771 12579 134
11771 11798 603
11772 11160 817
11772 8254 52
11772 5179 412
11772 7147 510
11772 14334 647
11772 9793 960
11772 14353 752
11772 5938 562
11773 8167 809
11773 12841 9
11773 2397 658
11773 14475 802
11774 5990 406
11774 8174 298
11774 980 195
11774 2175 657
11775 6344 102
11775 827 989
11775 8746 580
11775 8364 989
11775 6271 331
11775 3873 685
11775 5245 980
11776 12827 766
11777 3320 693
11777 11930 438
11778 8876 826
11778 9603 257
11778 15835 677
11778 13243 337
11779 15919 318
11779 4627 715
11779 9778 843
11779 10724 33
11779 12431 160
11779 14092 389
11779 10434 896
11780 3933 749
11780 9056 21
11780 14887 744
11780 11350 393
11780 5955 682
11781 786 746
11781 15931 792
11781 2589 325
11781 626 588
11781 15122 104
11782 3913 33
11782 147 425
11783 5796 380
11783 277 484
11783 15310 622
11783 15673 774
11783 1476 630
11783 9813 132
11783 4594 341
11784 9745 489
11784 6882 338
11784 14809 928
11784 4958 191
11784 13254 862
11784 2451 378
11785 12150 709
11785 7518 416
11785 9948 659
11785 1056 813
11785 7631 459
11786 1868 822
11786 7592 928
11786 3062 915
11786 1052 526
11786 12521 951
11786 7908 626
11787 825 519
11788 10203 637
11788 12527 52
11788 15846 330
11788 15596 63
11789 11458 21
11789 8791 16
11789 730 505
11790 7637 32
11790 5043 690
11790 13702 649
11790 9534 337
11791 642 478
11791 11983 538
11791 525 38
11791 5609 810
11791 1729 113
11791 4942 127
11791 5167 828
11792 15040 268
11792 489 250
11792 6855 842
11792 14566 515
11793 8218 438
11793 1331 894
11793 10859 829
11794 10898 426
11794 8634 909
11794 11996 191
11795 14029 949
11795 9206 874
11795 2384 221
11795 705 132
11795 9272 354
11796 243 60
11796 3068 695
11796 15754 454
11796 11797 333
11796 10114 180
11797 12634 800
11797 329 693
11797 3582 62
11797 5731 290
11797 7619 711
11797 2928 269
11797 15382 865
11797 2672 703
11798 3784 198
11798 4066 232
11799 6795 512
11799 2217 807
11799 2563 283
11799 13574 174
11799 10675 233
11799 6501 618
11799 13741 381
11800 1093 579
11801 14690 915
11801 9377 727
11802 8405 357
11802 15624 524
11802 5394 991
11803 7253 775
11803 5947 151
11803 15930 649
11803 3199 392
11803 3369 299
11803 204 170
11804 6342 478
11805 4839 645
11805 10811 857
11805 3971 13
11805 5927 880
11805 2940 272
11805 2396 357
11806 12717 343
11806 3033 410
11806 8003 121
11806 5849 848
11806 2276 124
11807 1824 843
11807 2377 705
11807 9899 149
11807 11220 369
11807 183 10
11807 10688 746
11808 14105 44
11809 5013 928
11809 6753 250
11809 14777 350
11809 5784 5
11810 5724 792
11810 1173 628
11810 4387 234
11811 2059 787
11812 14533 587
11812 3592 710
11813 11674 80
11813 2886 733
11813 12173 565
11813 5369 510
11813 3109 214
11813 14167 644
11814 1875 973
11814 2390 30
11814 12037 418
11814 14385 814
11815 9547 238
11815 1456 484
11815 1924 412
11815 2143 575
11816 8888 100
11816 7161 870
11816 8483 738
11816 13488 482
11816 7278 105
11816 8147 427
11817 6911 283
11817 13615 993
11817 9367 917
11817 7229 54
11817 4676 102
11818 14027 663
11818 14919 103
11818 452 416
11818 9841 525
11818 13877 844
11819 4046 700
11819 668 638
11819 2290 638
11819 2359 647
11819 10387 954
11820 2408 133
11820 12180 640
11820 9947 262
11820 5462 595
11820 7170 328
11820 6110 345
11820 6559 762
11820 2995 636
11821 13063 199
11821 12749 950
11822 14366 806
11822 9336 432
11822 10315 546
11822 2444 74
11823 10957 42
11823 1556 332
11823 8378 641
11823 8228 640
11823 3063 576
11824 12890 703
11824 5656 308
11824 14059 356
11824 12642 575
11824 14728 312
11824 11331 172
11825 4232 64
11825 7236 855
11825 2939 395
11825 12744 719
11826 3656 757
11826 11131 135
11826 979 184
11826 4415 359
11826 13311 385
11827 8524 656
11827 10650 276
11827 10090 552
11828 3390 990
11828 14070 596
11828 2788 333
11829 9376 746
11829 15219 787
11829 14687 90
11829 15651 442
11830 3411 420
11830 4847 118
11831 13294 502
11831 11328 546
11832 4333 792
11832 7518 603
11832 12659 622
11832 5872 343
11833 4976 171
11833 7690 103
11833 15893 857
11834 6443 164
11834 6006 122
11834 7203 836
11834 5572 741
11834 8845 763
11834 13691 656
11834 4829 584
11834 5667 761
11835 14562 756
11835 2075 565
11835 5268 549
11835 10316 255
11836 328 381
11836 11005 560
11836 14149 280
11836 7687 717
11836 6651 554
11836 9515 661
11837 2074 234
11837 14138 199
11837 1634 327
11837 10279 827
11837 6616 627
11837 14022 136
11837 15521 585
11837 6792 184
11837 11412 518
11837 2845 996
11837 1748 615
11837 14486 548
11838 14562 310
11839 15787 721
11840 6568 672
11840 1526 259
11840 15641 33
11841 14080 720
11842 437 912
11842 13852 489
11842 12897 225
11842 2091 274
11843 14421 455
11843 15651 958
11843 984 261
11843 14712 617
11844 3830 692
11844 8753 634
11845 15766 127
11845 10587 804
11845 15801 335
11846 12413 685
11846 9569 947
11846 538 345
11846 11312 500
11846 13656 272
11846 13149 624
11847 11779 832
11847 6181 584
11848 5354 304
11848 7246 475
11848 12450 260
11848 11159 420
11848 844 978
11849 12762 657
11849 14035 913
11849 9013 876
11850 9535 654
11850 2775 41
11850 6316 345
11850 8870 320
11851 5533 379
11851 9841 791
11851 7610 60
11851 13501 764
11851 10986 926
11851 13404 502
11851 3195 436
11852 6502 656
11852 7448 183
11852 13644 943
11853 7215 42
11853 14048 945
11853 10779 921
11854 3 284
11854 602 820
11854 3760 340
11855 5955 73
11855 6133 532
11855 1286 369
11855 11908 994
11856 7866 808
11856 14022 982
11856 5638 139
11856 915 261
11857 14882 644
11857 1838 271
11857 8130 690
11857 13596 212
11857 15304 139
11857 13433 81
11858 8464 168
11858 10470 237
11858 15309 663
11858 12252 307
11859 267 235
11859 9657 165
11859 5066 307
11860 12905 361
11860 10070 594
11860 15910 301
11860 6617 48
11860 9040 63
11861 10858 899
11861 656 731
11861 1184 480
11861 9104 61
11861 8124 649
11861 10450 978
11862 15432 13
11862 13738 463
11862 14414 671
11863 621 485
11863 1557 786
11863 9837 416
11863 2921 118
11864 13378 275
11864 6213 696
11865 583 179
11865 14202 394
11865 8820 682
11865 1668 625
11865 13453 34
11866 14791 652
11867 10270 43
11867 5019 493
11867 12965 846
11867 15301 326
11868 12765 963
11868 4896 791
11868 2032 41
11868 2140 289
11868 517 285
11868 2917 945
11868 12264 972
11869 8652 537
11870 10589 215
11870 15788 141
11871 10216 521
11871 5236 546
11871 15653 745
11872 12512 817
11872 12834 516
11872 5869 56
11872 15417 57
11872 11146 291
11872 13732 987
11873 6340 66
11873 14289 38
11873 7161 409
11874 13480 52
11874 7582 759
11874 13214 163
11874 15298 347
11875 13084 82
11875 11431 806
11875 13087 732
11875 11821 309
11875 13458 915
11875 5061 53
11875 2907 540
11875 11705 283
11876 4677 731
11876 9793 835
11877 1028 858
11877 7798 904
11877 4228 325
11877 1813 848
11877 2012 950
11878 277 785
11878 8166 59
11878 9766 910
11879 478 525
11879 770 883
11879 14727 435
11879 12566 482
11879 5119 215
11879 11548 849
11880 1045 402
11880 131 996
11880 8427 353
11881 12934 627
11881 8658 333
11881 6055 561
11881 12126 374
11881 3289 645
11881 863 699
11882 10607 808
11882 8812 868
11882 252 289
11882 1097 939
11882 10145 992
11882 7496 329
11883 1280 420
11883 11434 121
11883 8122 193
11883 11131 983
11883 388 107
11884 11127 837
11884 9981 95
11884 15116 259
11884 5798 379
11884 9971 463
11884 7322 90
11885 8839 675
11885 14901 812
11885 1139 770
11886 3189 438
11886 9154 125
11886 12312 89
11887 10849 530
11887 11767 222
11887 12722 553
11887 1197 609
11887 15087 299
11887 3938 581
11887 3837 222
11887 5944 713
11888 9313 619
11888 14454 390
11888 7421 586
11889 14628 801
11889 3950 146
11890 12698 341
11890 2956 827
11891 6566 29
11891 3140 148
11892 14886 978
11892 8756 509
11894 13736 991
11894 3707 703
11894 6411 317
11895 148 950
11895 6821 182
11895 4658 226
11895 11203 574
11896 13085 901
11896 7373 568
11896 7653 442
11896 4688 263
11896 2007 129
11896 2425 670
11896 11499 395
11896 13747 171
11897 8098 22
11897 13444 367
11897 7835 392
11898 9590 916
11898 12163 74
11899 4407 384
11899 5242 300
11899 13979 397
11899 5431 670
11899 6581 907
11900 4576 820
11901 10141 901
11901 9241 634
11902 15649 337
11902 11928 834
11902 1604 192
11903 1318 941
11903 12558 823
11904 360 189
11904 5254 585
11904 2697 550
11905 4972 95
11905 15553 799
11905 1391 588
11905 12273 314
11905 12981 66
11906 5711 589
11906 9186 805
11906 131 773
11906 10228 276
11906 6618 537
11906 14945 657
11906 7157 578
11907 295 104
11907 13140 262
11907 13577 720
11907 3791 593
11907 8536 527
11907 14394 117
11908 3416 592
11908 14292 916
11908 2560 794
11908 9955 78
11909 8900 377
11909 15273 683
11909 12146 26
11909 3921 392
11909 8335 55
11909 2093 112
11909 2591 63
11909 4706 425
11910 8185 940
11910 12370 797
11910 2721 448
11910 5478 314
11910 6576 608
11910 6951 314
11912 2366 969
11912 1807 627
11912 7971 30
11912 1755 156
11913 14588 431
11913 9823 70
11913 4013 602
11913 1982 267
11913 8119 40
11914 6647 263
11914 2489 602
11914 15708 461
11914 1998 557
11914 4371 175
11915 12497 948
11915 11637 327
11915 10565 462
11915 732 408
11916 12659 448
11916 8591 776
11917 7166 471
11917 2637 80
11917 4342 955
11918 5098 587
11918 14079 525
11918 13872 33
11918 1688 647
11919 2856 949
11919 1765 972
11920 10613 170
11920 8601 621
11920 13895 634
11920 11639 655
11920 2663 279
11920 8576 960
11921 1003 404
11921 12669 482
11921 3102 387
11921 3931 532
11922 13604 755
11922 5530 135
11922 12206 872
11922 12554 190
11922 4750 82
11922 11050 289
11923 8142 151
11923 6596 962
11924 2717 899
11924 7751 846
11924 8970 981
11924 6732 904
11924 9451 459
11925 803 80
11925 11287 844
11926 12249 831
11926 14480 16
11926 12683 119
11926 1954 150
11927 13845 601
11927 11804 595
11927 14469 947
11927 10945 317
11928 211 344
11929 10198 163
11929 7073 423
11929 6714 44
11929 13215 132
11929 1824 446
11929 753 184
11930 5119 393
11930 2964 532
11930 13947 583
11930 1916 844
11930 12924 846
11930 7257 107
11930 6625 818
11931 14539 906
11931 11418 91
11932 6796 204
11932 790 41
11932 15227 94
11933 14812 512
11934 11797 632
11934 13648 596
11934 7192 725
11934 3854 410
11934 4192 988
11935 393 822
11935 10047 828
11935 8960 768
11935 8697 972
11935 15707 416
11935 8620 592
11935 728 164
11936 15142 678
11936 4121 143
11937 3764 462
11937 11122 814
11937 14080 394
11937 10275 508
11937 3448 47
11938 2322 989
11938 10636 638
11939 1867 85
11939 1403 61
11940 10656 866
11941 14041 345
11941 9586 368
11941 4489 430
11942 13975 233
11942 8561 486
11942 4706 667
11942 12020 799
11942 8398 837
11942 10311 515
11943 2564 539
11943 7466 719
11943 5631 756
11944 1219 681
11944 6286 507
11944 3525 877
11944 4746 187
11945 10153 795
11945 2534 979
11945 12831 418
11945 12026 356
11945 11555 103
11945 1188 296
11945 12238 210
11945 6215 921
11945 6858 709
11945 11129 275
11946 5888 936
11946 1652 791
11946 735 96
11947 10694 676
11947 9714 731
11947 11928 988
11948 15668 552
11948 14690 83
11948 2261 448
11949 7368 483
11949 8698 574
11950 2506 985
11950 13377 880
11950 3730 782
11950 7135 339
11951 8073 419
11951 4863 394
11951 9043 344
11952 12300 531
11952 1919 614
11952 8281 743
11953 8205 226
11953 6328 207
11954 388 748
11954 6925 242
11954 5698 757
11954 5886 679
11955 13244 57
11955 4305 864
11955 7852 927
11955 1858 767
11955 968 807
11955 13148 357
11956 7985 269
11956 6363 851
11956 9236 36
11956 7688 790
11956 5883 403
11956 15071 791
11956 3533 112
11956 11876 97
11957 12768 270
11957 10744 264
11957 15311 292
11957 9310 672
11957 13350 131
11958 2174 716
11958 167 503
11958 10178 478
11958 5327 987
11958 10208 833
11958 14501 191
11958 9876 789
11958 13374 126
11959 5492 560
11959 6364 164
11959 11388 58
11959 1198 963
11960 4893 724
11960 9192 637
11960 14958 952
11961 2351 206
11961 11748 705
11961 15756 596
11961 15160 503
11961 6892 726
11961 12359 354
11962 4564 212
11962 8272 236
11963 3149 140
11963 5822 559
11963 14431 615
11963 11170 927
11964 15327 747
11964 8805 856
11964 14719 699
11965 1463 210
11965 13578 973
11965 14697 280
11965 7881 895
11966 14879 430
11966 15736 306
11967 1416 365
11967 13798 594
11967 5286 400
11967 10987 524
11967 5162 960
11967 72 752
11967 8801 594
11968 11047 105
11968 8814 670
11968 6389 173
11968 4451 262
11968 3427 29
11968 4455 453
11969 11788 142
11969 8910 228
11970 6190 241
11970 15442 661
11970 10555 933
11970 11388 245
11970 1736 548
11970 137 775
11970 12819 587
11970 12240 999
11970 452 513
11970 6974 882
11971 15827 672
11971 2097 477
11971 5310 741
11971 1604 764
11972 10455 416
11972 12742 542
11972 3575 172
11972 15301 405
11972 8327 231
11973 5326 805
11973 14438 302
11973 15310 770
11973 7862 850
11974 13418 881
11974 6324 6
11974 2262 304
11974 6010 482
11974 8484 247
11974 7170 352
11975 370 482
11975 7533 862
11975 7713 247
11976 2654 738
11976 11191 872
11976 11721 178
11976 15550 847
11976 13015 96
11977 15325 559
11978 8511 746
11978 14845 855
11979 4711 474
11979 11727 137
11979 3261 488
11980 7130 224
11980 4488 476
11980 6056 306
11980 916 152
11980 4535 53
11980 15260 892
11980 10795 229
11981 6460 351
11981 3089 80
11981 7765 15
11981 8944 877
11981 3733 742
11981 14729 265
11981 13820 42
11981 15470 873
11981 7376 453
11981 15908 302
11982 11103 592
11982 12651 794
11982 9019 360
11983 8634 42
11983 11047 599
11983 9800 692
11983 8574 627
11984 14909 392
11984 11017 921
11984 7818 518
11984 15397 675
11984 11613 73
11984 39 48
11985 3114 793
11985 4696 261
11985 4621 649
11985 13271 280
11985 11791 260
11986 11576 145
11986 6868 269
11986 3868 559
11986 6272 550
11987 15260 552
11987 2218 544
11987 5350 771
11987 15871 915
11988 1498 150
11988 10899 501
11989 4767 4
11989 10410 983
11989 4230 56
11989 387 494
11989 14995 294
11989 6839 692
11990 13178 473
11990 13232 256
11991 11195 425
11991 15110 558
11991 4759 282
11991 3431 226
11992 10721 85
11992 14270 911
11992 4338 1
11992 7504 312
11992 11259 813
11992 2438 113
11992 10630 846
11993 13044 468
11993 6008 308
11993 9566 170
11993 8918 346
11994 5721 806
11995 13309 550
11995 3344 999
11995 6293 588
11995 10406 540
11995 9553 427
11996 7171 982
11996 13679 705
11997 10391 525
11997 15152 86
11998 10291 369
11998 5598 993
11998 14074 77
11998 14791 247
11998 2909 262
11998 12722 527
11998 1693 263
11999 9269 942
11999 7505 966
11999 497 731
11999 2521 61
12000 6936 60
12000 15057 790
12001 3878 560
12001 8394 309
12002 4739 380
12002 5343 713
12002 592 583
12003 6211 912
12003 3475 572
12003 932 763
12003 5076 176
12003 544 118
12003 15976 338
12004 9764 426
12004 6793 614
12004 12878 652
12005 13982 842
12005 10411 884
12005 12608 47
12006 4242 733
12006 3390 118
12006 785 337
12007 9568 720
12007 13190 102
12007 335 108
12007 3280 83
12007 11553 72
12008 5881 545
12008 15487 694
12008 13364 982
12008 8553 225
12008 6819 278
12009 2188 380
12009 9953 88
12009 7624 699
12009 3547 667
12010 2059 72
12010 5699 317
12010 7520 689
12011 1325 848
12011 15540 864
12011 1884 246
12011 6451 975
12012 1190 215
12012 7780 920
12013 639 391
12013 9933 707
12013 11721 254
12013 6831 499
12014 13746 93
12014 14003 392
12014 11885 824
12014 7103 173
12014 5367 910
12015 5092 649
12016 5432 658
12016 12435 550
12016 14051 724
12016 5282 893
12017 7876 410
12017 3454 937
12017 1144 269
12018 7137 911
12018 13746 824
12018 145 425
12018 13330 240
12018 4715 451
12019 10273 571
12019 9803 679
12019 7898 457
12019 9486 119
12019 2898 222
12019 13647 494
12021 4923 567
12022 2554 312
12022 11821 892
12022 1413 338
12022 8443 162
12023 7678 901
12023 7342 847
12023 5829 310
12024 10643 420
12024 14977 786
12025 13811 878
12025 14385 506
12026 7067 771
12026 3155 608
12026 15482 787
12026 12032 160
12026 11134 80
12027 15116 654
12027 4369 237
12027 8924 891
12027 10776 942
12027 13311 636
12028 7457 764
12028 6973 823
12028 7520 210
12028 5978 208
12028 2622 955
12028 8413 446
12029 14855 56
12029 14460 485
12029 10927 369
12030 3927 71
12030 13034 886
12031 13902 104
12031 13159 481
12031 1820 86
12031 1637 131
12032 7882 16
12032 15233 288
12032 12927 384
12033 3206 280
12034 1735 81
12034 6759 950
12034 10977 502
12035 9016 825
12036 336 626
12036 12826 202
12036 13543 181
12036 10829 676
12036 2024 388
12037 8311 983
12037 11427 480
12037 3779 384
12038 3087 539
12038 3920 83
12038 15230 273
12039 705 195
12039 5572 673
12039 9613 179
12039 14760 792
12039 10471 30
12039 2384 610
12039 12165 34
12040 12345 930
12040 6663 305
12040 8263 33
12041 5590 925
12041 10446 815
12041 4056 892
12042 1284 204
12042 4902 488
12042 1799 429
12042 14922 788
12043 13578 234
12043 14409 336
12043 11849 765
12043 36 15
12043 11275 469
12044 14165 505
12044 5637 17
12044 14107 535
12044 14248 308
12045 12033 824
12045 15595 409
12046 14442 151
12046 366 951
12046 5808 699
12046 6828 886
12046 8051 942
12046 14007 903
12046 7878 568
12046 2442 554
12046 3418 947
12046 14798 236
12046 10325 608
12046 10978 474
12047 6670 781
12047 6059 38
12048 13850 606
12048 10889 111
12049 5182 271
12049 2185 931
12049 11046 509
12049 13944 589
12050 15093 541
12050 11032 563
12050 15211 409
12050 15025 155
12051 14481 328
12051 13732 802
12051 11616 827
12051 0 275
12051 6172 326
12051 3207 289
12052 2672 422
12052 3720 467
12052 14386 411
12053 10191 501
12053 8124 790
12053 14531 485
12053 4229 755
12053 3409 759
12053 892 386
12054 5374 473
12054 9762 18
12054 9803 606
12055 1082 376
12055 15998 364
12055 619 962
12055 6747 156
12055 8391 527
12055 531 52
12055 11202 535
12056 1848 9
12057 9735 341
12057 8011 494
12057 7460 951
12058 526 750
12058 4210 171
12059 12747 359
12059 13276 584
12059 4744 808
12059 5115 717
12059 7111 199
12060 14617 305
12060 9466 112
12060 15850 675
12060 3439 101
12061 11084 133
12061 3338 396
12061 9617 663
12061 7895 379
12061 11426 277
12062 2369 525
12062 6867 449
12062 4918 395
12062 5795 720
12062 3014 322
12062 12907 275
12062 1863 587
12062 9207 611
12062 9454 994
12062 5 920
12062 11091 648
12063 7122 595
12063 10651 486
12063 3412 674
12063 8233 839
12063 9850 525
12063 13973 134
12064 9554 752
12064 7906 362
12064 12627 924
12065 6041 958
12065 6696 885
12065 8576 811
12065 15032 869
12066 15512 106
12067 7348 149
12067 877 879
12068 8934 739
12068 1171 825
12068 8970 437
12068 6764 693
12069 6508 107
12069 199 899
12069 13254 884
12069 4619 489
12070 9983 887
12070 10943 898
12071 10681 896
12071 15571 780
12071 4453 191
12071 8005 68
12072 2685 813
12072 14972 123
12072 3323 278
12073 6360 582
12073 4059 5
12073 3167 227
12074 476 389
12074 1752 281
12074 11680 405
12074 9371 841
12074 8147 51
12075 15399 990
12075 10299 648
12075 2492 158
12075 3104 88
12075 5086 572
12075 438 989
12075 11386 247
12076 1697 777
12076 12791 393
12076 2977 857
12076 9174 628
12077 10765 492
12077 7023 381
12078 9153 283
12078 10848 605
12078 11676 189
12078 10074 963
12079 6683 898
12079 15163 665
12079 15244 637
12080 13261 142
12080 4848 142
12081 5578 995
12081 9593 53
12081 7963 91
12082 12815 701
12082 13680 751
12082 1576 95
12084 2577 421
12084 9663 498
12085 13146 971
12085 14026 668
12085 3702 839
12085 9509 417
12085 4495 319
12085 1252 989
12086 12459 850
12086 3197 936
12086 8908 424
12087 14049 872
12087 6491 134
12088 15131 794
12088 13737 830
12088 14575 90
12088 14280 224
12088 11660 70
12088 13170 708
12089 5635 198
12090 13751 403
12090 4145 691
12090 14331 702
12090 6450 518
12091 9764 244
12091 10989 218
12091 1079 497
12091 3524 80
12091 6047 598
12091 3025 395
12091 6210 718
12092 4598 237
12092 12527 333
12093 6623 918
12094 2905 590
12094 12155 328
12094 5494 342
12094 7989 416
12094 11326 897
12094 10145 322
12095 5365 890
12095 12993 981
12095 15331 600
12096 1758 232
12096 9899 744
12096 10282 668
12096 2474 766
12097 5319 236
12098 836 408
12098 8863 985
12099 3978 882
12099 10625 734
12099 5861 216
12099 2065 15
12099 2107 434
12100 5040 241
12100 7574 86
12100 5425 387
12101 11993 642
12101 6560 681
12102 10187 9
12102 10573 811
12103 7245 265
12103 15112 128
12103 581 927
12103 8734 259
12103 15967 621
12104 3462 89
12104 9325 810
12105 1183 219
12105 3249 680
12105 12299 16
12105 6810 166
12106 3131 166
12106 15383 286
12106 13148 527
12106 15701 105
12107 9199 599
12107 9027 497
12107 4964 769
12107 6326 966
12107 8077 25
12107 7441 273
12107 7804 715
12107 15893 919
12108 3370 68
12108 6232 244
12108 4462 801
12108 3279 629
12108 14691 844
12109 7103 498
12109 13315 248
12109 13782 506
12109 12071 803
12109 7949 254
12110 6399 995
12110 1877 319
12110 4750 252
12110 12401 990
12110 12337 310
12111 3738 655
12111 2878 488
12111 8384 224
12112 528 925
12112 5158 254
12112 13777 202
12113 11327 316
12113 12740 336
12113 12876 916
12114 7965 39
12114 5676 754
12114 10535 959
12114 15967 615
12114 5908 472
12114 9819 989
12114 1392 603
12115 2592 63
12115 7669 593
12115 6656 720
12115 8897 431
12116 7496 996
12117 68 492
12117 15652 575
12117 13027 382
12117 14807 535
12117 4360 566
12118 2918 573
12118 13405 434
12118 11578 786
12118 2943 553
12119 8540 569
12119 7601 179
12119 11743 845
12119 1318 306
12119 8314 284
12119 674 788
12120 1558 252
12120 9186 447
12120 2960 433
12120 5234 937
12120 7520 848
12121 15465 595
12122 4288 780
12122 2770 404
12122 9688 854
12123 10203 612
12124 15225 929
12124 9151 951
12124 2458 778
12124 8877 912
12125 11902 671
12125 14034 587
12126 13685 209
12126 4424 619
12126 13907 614
12126 14902 8
12126 13537 900
12126 13138 972
12126 1210 362
12127 11996 927
12127 2438 2
12127 4541 394
12128 36 686
12128 7384 180
12128 5417 833
12128 15123 881
12128 15781 842
12129 14941 637
12129 13851 677
12129 13340 333
12129 78 51
12130 13571 821
12130 5342 342
12130 15953 198
12131 183 230
12131 2269 255
12131 6577 10
12131 2075 512
12131 12067 598
12131 10165 869
12131 5122 181
12132 5796 62
12132 15417 185
12132 10088 824
12132 3812 419
12133 7104 920
12134 1349 400
12134 12831 725
12135 1649 599
12135 216 165
12135 7807 157
12135 10123 889
12135 9365 645
12135 3959 178
12135 15066 793
12136 13310 462
12137 9446 77
12137 10625 557
12137 541 445
12137 14181 550
12138 1293 647
12138 873 186
12138 3875 544
12138 7536 657
12138 6701 377
12138 12751 919
12139 6287 880
12139 6175 37
12139 12746 422
12140 5868 161
12140 11139 957
12140 9888 424
12141 10996 387
12141 319 972
12141 11276 264
12142 10640 443
12142 1082 516
12142 191 980
12143 6230 146
12143 2340 419
12143 7244 569
12143 2768 269
12143 4526 585
12144 7636 245
12144 10060 154
12144 9255 572
12144 15418 893
12144 9654 793
12145 731 26
12145 12701 840
12145 8581 366
12145 3246 128
12145 15307 557
12145 8791 439
12145 5263 482
12145 8165 850
12146 7703 8
12146 9205 116
12147 8724 244
12147 7573 669
12147 3650 37
12147 15968 861
12147 3691 468
12149 5104 725
12149 1923 602
12149 14356 724
12149 11868 653
12149 4603 538
12150 6650 526
12150 2247 272
12150 13710 746
12151 13115 288
12151 4395 617
12151 6060 293
12152 13619 174
12152 8614 574
12153 3438 545
12153 10091 981
12153 7126 90
12153 2358 598
12154 4675 940
12155 4260 896
12155 8491 623
12156 1699 212
12156 447 79
12156 5128 432
12156 6842 809
12156 12483 610
12156 9539 449
12157 13172 406
12157 9680 338
12157 6343 246
12157 1311 134
12157 15817 96
12157 14939 967
12158 4008 123
12158 1651 432
12158 6153 290
12158 6610 265
12158 14167 246
12158 7797 862
12159 3133 742
12160 1987 981
12160 9507 604
12161 12541 911
12161 12587 322
12161 15426 600
12161 6202 814
12161 1693 797
12161 6443 101
12161 5643 269
12161 2103 738
12162 2189 936
12162 7299 114
12162 15421 419
12163 7404 271
12163 6816 686
12163 10574 816
12164 4844 543
12165 6113 487
12165 3188 859
12165 11072 15
12165 7829 327
12165 2837 829
12165 4708 518
12166 5685 612
12166 8983 715
12166 4829 773
12166 4497 93
12166 4390 735
12166 1967 377
12166 13294 761
12167 6685 154
12167 4183 722
12168 13741 181
12168 7734 869
12169 12522 713
12170 12436 245
12171 10014 729
12171 13725 168
12171 13114 100
12172 5034 965
12172 5092 908
12172 10946 193
12172 10365 186
12173 8707 433
12173 13335 809
12173 3047 670
12174 12607 356
12174 10001 328
12174 8737 690
12175 4104 52
12175 10984 497
12175 9183 337
12176 7527 60
12176 9047 452
12176 6210 413
12177 1224 428
12177 9467 505
12177 8739 931
12177 12566 306
12177 373 46
12177 15447 126
12177 15886 528
12177 8954 228
12178 1725 785
12178 6850 498
12178 5208 765
12178 1553 657
12178 11242 587
12178 5480 341
12179 14273 161
12179 15895 445
12179 5629 417
12180 1563 763
12181 3428 630
12181 3949 780
12181 7876 522
12181 183 635
12181 11340 660
12181 8855 136
12181 1226 849
12182 9719 64
12183 3132 863
12183 10139 834
12183 4641 231
12184 15343 103
12184 14040 979
12185 264 96
12185 13341 370
12185 11910 654
12185 12330 849
12186 7561 459
12186 11109 977
12186 15990 154
12187 6145 485
12188 14604 48
12188 4055 341
12188 9170 821
12188 2947 151
12188 11192 62
12188 3254 219
12189 14520 469
12189 5448 831
12190 9167 140
12190 10197 769
12191 14746 907
12191 6136 547
12191 9460 158
12192 13162 713
12192 3079 362
12192 15490 531
12192 2990 932
12192 298 527
12192 8590 234
12193 1384 179
12193 14912 937
12193 15277 909
12193 1017 116
12194 3103 607
12195 12827 659
12195 11069 866
12195 5409 972
12195 13249 690
12196 6464 559
12196 11286 273
12196 13122 371
12196 12553 17
12197 7667 242
12197 5482 233
12197 3701 571
12197 14302 914
12197 13597 238
12197 12679 313
12197 1318 479
12197 9252 888
12198 2548 912
12198 9890 792
12198 7638 413
12200 7629 839
12200 13618 983
12200 4248 822
12200 10256 247
12200 5757 527
12200 13608 966
12201 4834 84
12201 4617 506
12201 329 538
12201 12322 972
12201 11899 918
12201 3981 1
12201 4364 223
12201 3936 258
12202 12025 436
12202 2828 963
12203 9749 323
12203 11843 260
12204 4201 850
12204 9803 870
12204 4394 778
12204 8123 375
12204 12961 469
12204 6926 962
12205 3857 644
12205 10777 418
12205 10954 619
12207 15805 249
12207 15230 647
12207 10181 453
12208 15005 90
12208 9694 722
12208 6210 935
12208 7228 578
12208 8993 273
12208 2504 128
12209 10535 329
12210 6246 485
12210 5851 219
12210 6708 687
12211 8118 771
12211 14266 476
12211 12902 658
12212 13661 950
12212 8323 309
12212 1404 367
12212 14498 41
12212 8418 153
12213 10248 200
12213 11510 854
12213 15060 775
12214 5966 303
12214 1274 79
12214 2323 694
12214 15977 890
12214 13401 828
12214 4739 691
12215 15465 388
12215 13419 567
12215 485 543
12215 5465 270
12215 1721 172
12215 13278 664
12215 2656 826
12216 1680 868
12216 768 965
12216 12080 101
12216 12157 6
12216 3933 231
12217 9589 893
12217 13335 239
12217 2589 834
12219 15744 434
12219 1920 159
12219 9776 788
12219 8445 552
12219 11323 744
12220 10463 502
12220 10256 165
12220 8918 894
12220 11479 271
12220 7301 870
12220 3581 703
12221 14159 568
12221 9573 905
12221 4130 398
12221 1506 929
12222 8702 482
12222 1544 456
12222 10060 821
12222 14722 816
12222 3092 806
12223 11541 897
12223 3930 227
12223 1692 114
12223 595 586
12223 6504 833
12223 14585 877
12224 9985 652
12224 14962 150
12224 8365 119
12225 2554 692
12225 11865 902
12225 12671 580
12225 12748 53
12226 14610 953
12226 6084 287
12226 11458 941
12227 7138 497
12227 10508 97
12227 1964 337
12227 15787 443
12227 13605 882
12227 15408 137
12227 7176 28
12228 7978 833
12228 10928 205
12228 5726 121
12228 4197 809
12229 15385 891
12229 6269 373
12229 10419 541
12229 10303 707
12229 13354 166
12229 6804 173
12229 12730 920
12230 13402 747
12231 3298 484
12231 11968 900
12231 10624 11
12232 3841 163
12232 10290 2
12232 14429 329
12232 13919 214
12232 5203 361
12233 6220 8
12233 1762 416
12233 7560 888
12233 15091 144
12233 8443 922
12235 10205 613
12235 8224 324
12236 752 779
12236 893 968
12236 13464 340
12236 11180 823
12236 5311 264
12236 11348 395
12238 12720 624
12238 12620 265
12238 3919 461
12239 13047 619
12239 10515 205
12239 4412 974
12239 13917 526
12240 15925 375
12240 8556 12
12240 8397 565
12240 5327 857
12240 8515 555
12241 15549 398
12242 9515 946
12243 881 272
12243 7450 529
12243 1941 71
12243 13193 491
12244 4290 481
12244 7640 123
12244 5358 747
12244 650 429
12244 564 114
12244 8582 26
12244 4079 712
12244 6762 712
12245 12024 417
12245 4589 339
12245 3270 304
12245 13912 710
12246 15731 891
12246 14993 512
12246 12461 231
12247 5304 587
12247 14887 25
12247 12520 412
12247 7285 175
12248 11016 990
12248 8645 574
12248 8726 754
12249 63 306
12249 7673 573
12249 9357 937
12250 2935 88
12250 2638 83
12251 2021 526
12251 14949 226
12251 278 368
12252 14490 103
12252 8829 987
12252 9249 281
12253 12617 711
12254 12912 583
12254 8993 911
12255 13080 990
12255 2248 112
12255 13766 216
12255 4989 853
12255 5844 125
12255 10399 424
12256 9038 2
12257 8035 986
12257 7323 970
12257 11287 330
12257 12600 590
12259 9249 55
12259 5801 859
12259 2142 966
12259 7250 14
12259 8802 281
12259 13559 974
12259 8474 671
12259 9418 638
12260 7667 387
12260 15904 157
12260 9945 993
12260 9138 896
12261 11195 656
12261 96 55
12261 11922 96
12261 6043 903
12262 3290 910
12262 8702 619
12262 12368 586
12262 9262 235
12262 12903 338
12263 6201 416
12263 15335 603
12263 14918 929
12263 1454 526
12263 15244 477
12263 4663 6
12264 3674 136
12264 12442 349
12264 14940 25
12264 10512 62
12264 2126 366
12265 11546 880
12265 15451 634
12265 6088 16
12266 3962 486
12266 6001 685
12266 1187 908
12267 13151 231
12267 1022 374
12267 2398 461
12267 3425 905
12267 3360 929
12268 7248 196
12268 10216 27
12268 9233 958
12268 6816 850
12268 15121 160
12269 808 862
12269 12332 284
12269 15397 150
12269 4635 180
12270 13915 184
12271 9892 649
12271 2135 671
12271 5884 1
12271 12007 114
12271 2029 643
12271 10615 73
12271 1119 417
12271 11730 32
12271 1559 655
12272 7151 952
12272 14507 317
12272 1472 706
12272 4219 29
12273 2294 165
12273 7919 405
12273 12874 59
12273 4940 525
12274 2670 292
12274 13612 762
12274 1542 369
12275 15974 529
12275 7411 801
12275 10043 454
12275 9770 890
12276 15868 646
12276 5396 129
12276 2138 618
12277 7205 468
12277 7087 55
12277 5174 5
12277 13130 384
12277 7758 628
12278 580 164
12278 7734 848
12279 15515 163
12279 15829 420
12279 12395 550
12279 779 683
12280 13357 903
12280 10346 28
12280 637 228
12281 3605 80
12281 2409 461
12282 15511 480
12282 7153 125
12282 9061 794
12282 6787 534
12282 5534 558
12282 10808 877
12283 4314 251
12283 8959 699
12283 10020 649
12284 8022 883
12284 3837 313
12284 12817 763
12284 7278 586
12284 5805 65
12284 7224 399
12285 4269 334
12285 10775 386
12285 3419 266
12286 11849 19
12286 3186 554
12287 14017 786
12288 10335 22
12288 5116 313
12288 4742 8
12289 4096 707
12290 8666 162
12290 3692 762
12290 6662 447
12290 14676 824
12291 10405 312
12291 8414 118
12291 6970 165
12292 630 780
12292 6597 828
12292 8017 714
12292 9944 137
12293 13215 357
12293 1984 610
12293 2780 179
12293 8116 972
12293 7763 162
12293 12741 55
12293 7518 346
12294 12107 854
12294 15591 201
12294 14105 389
12295 1886 962
12295 9073 918
12295 15931 320
12295 15209 846
12296 1812 886
12296 5305 791
12296 423 278
12296 2453 171
12296 9317 365
12296 14649 664
12297 11811 596
12298 4932 476
12298 10837 821
12298 1660 851
12298 8875 37
12298 7583 938
12298 2056 342
12298 15264 500
12298 423 36
12299 14913 639
12299 4515 558
12300 12918 202
12300 13160 464
12300 9827 419
12300 7848 129
12301 14308 774
12301 7629 19
12301 2614 201
12301 11957 23
12301 13366 724
12301 692 660
12302 290 527
12302 1430 727
12303 6391 118
12303 4239 398
12303 8740 25
12303 7031 862
12303 10996 280
12304 8770 983
12304 12416 847
12304 1992 322
12304 9710 558
12304 12589 815
12304 6766 365
12304 4987 36
12305 6427 804
12305 15914 442
12305 8405 158
12306 13683 898
12306 14007 606
12307 5238 157
12307 9664 866
12307 15990 71
12307 7432 99
12307 15377 881
12307 4854 567
12308 1879 550
12308 6486 579
12308 7402 549
12308 13684 936
12309 7768 111
12309 9123 571
12310 11341 194
12310 15025 442
12310 4547 911
12310 9389 926
12310 14826 80
12311 14836 587
12311 11750 395
12311 8263 930
12312 9246 72
12312 2128 830
12312 9001 3
12313 8658 662
12313 15023 462
12313 622 129
12314 15413 821
12314 3878 761
12315 13699 869
12315 3577 739
12315 10324 183
12316 5886 741
12317 12551 441
12317 4235 729
12317 2940 763
12318 10609 463
12318 14145 253
12318 10598 632
12318 574 636
12318 3169 163
12319 69 632
12319 14307 736
12319 12208 635
12319 7787 423
12320 5912 310
12321 2841 432
12321 2264 144
12321 9693 383
12321 13636 825
12321 5268 525
12322 1321 415
12322 13084 966
12322 5817 192
12322 4781 413
12322 10370 863
12322 5460 803
12323 14246 162
12323 7295 693
12323 403 728
12323 2690 835
12323 1645 988
12324 5875 406
12324 14281 582
12325 7280 755
12325 917 213
12325 12599 865
12325 7451 639
12325 15952 905
12326 5814 965
12326 8394 908
12326 14726 420
12326 11409 948
12326 6797 646
12327 4904 719
12327 10063 721
12327 6812 972
12327 1875 550
12328 9093 652
12328 8645 44
12328 14312 959
12329 14454 718
12329 405 110
12330 5725 891
12330 5462 634
12330 15847 565
12331 11737 169
12331 2676 621
12331 209 440
12332 3076 477
12332 5228 359
12332 6880 398
12332 13964 258
12332 15139 816
12332 2357 615
12332 3932 451
12332 2291 337
12333 13342 502
12334 244 628
12334 5506 875
12334 14669 269
12335 14636 8
12336 5457 83
12336 7700 10
12336 11297 787
12337 6176 827
12337 7582 533
12337 11855 836
12337 9029 561
12337 12131 712
12337 11263 927
12338 6596 682
12338 14858 443
12338 15445 130
12338 7849 588
12338 6299 546
12338 4481 838
12339 4342 939
12339 2819 281
12339 130 86
12339 716 785
12339 7835 166
12339 9353 525
12340 233 150
12340 15969 409
12340 9636 218
12340 592 340
12340 13265 618
12340 4866 525
12341 9713 345
12341 1351 545
12341 234 679
12341 5449 515
12342 9587 673
12342 13937 43
12342 2272 436
12342 3391 644
12342 13169 526
12343 10579 902
12344 11171 201
12344 14671 566
12344 5395 442
12344 14289 855
12344 6506 988
12345 9543 536
12345 10469 97
12346 5469 214
12346 6804 408
12346 1047 7
12346 849 853
12346 8222 694
12347 6842 582
12347 9348 703
12347 3254 22
12347 9359 722
12347 3068 111
12348 1041 711
12348 2882 156
12348 3931 420
12348 659 677
12349 15272 91
12349 3415 980
12349 10917 336
12350 14394 224
12350 15145 781
12350 4624 619
12350 7370 143
12350 1099 977
12351 3531 18
12351 1450 463
12352 9072 613
12352 8444 113
12352 3099 897
12353 3912 460
12353 3503 730
12354 9254 105
12354 2682 752
12354 14607 250
12354 11089 688
12354 7445 158
12355 1545 275
12355 4269 364
12356 10498 928
12356 9231 376
12356 3578 359
12356 546 604
12356 14261 583
12357 5249 810
12357 3553 384
12357 1232 667
12357 8699 115
12357 4182 569
12357 4261 112
12358 3207 727
12358 12507 945
12358 4484 552
12358 12860 488
12358 15629 120
12358 15475 662
12358 15670 245
12358 14314 517
12359 11639 491
12359 191 669
12360 5270 967
12360 809 165
12360 4381 768
12360 13597 907
12361 12579 517
12361 5466 41
12361 4847 357
12361 9200 202
12362 2675 289
12362 14809 536
12363 5595 18
12363 9045 511
12363 5813 796
12364 3345 685
12364 11427 311
12364 6070 144
12364 6028 173
12364 322 113
12364 4981 919
12364 3141 572
12364 8499 93
12364 4828 812
12365 1759 892
12365 1558 89
12365 5355 779
12365 11544 852
12366 769 190
12367 8798 756
12367 7919 166
12367 15727 89
12367 8680 371
12368 672 932
12368 11299 796
12368 3531 481
12368 12020 874
12368 11808 17
12369 15775 63
12369 5331 859
12369 12300 814
12369 8317 218
12370 15976 914
12370 9157 694
12370 3904 464
12370 1458 597
12371 9354 737
12371 4342 397
12371 1898 184
12371 9949 643
12371 7001 826
12371 4004 393
12372 13510 64
12372 6602 181
12373 3566 815
12373 11153 269
12373 8344 421
12373 15892 559
12373 5693 976
12373 13390 207
12374 9108 428
12374 11194 210
12374 15689 604
12374 1266 471
12375 5186 698
12375 3735 355
12375 2220 891
12376 10917 703
12376 9497 746
12376 5777 933
12376 8129 749
12376 4184 584
12377 8947 275
12377 725 249
12377 974 513
12377 6676 876
12377 15738 311
12378 11103 403
12378 1586 333
12379 4755 659
12379 15673 779
12379 12992 511
12379 10724 443
12379 8461 474
12379 1801 349
12379 2860 866
12380 14991 554
12380 3045 52
12380 13720 741
12380 6008 543
12380 5671 428
12380 3225 806
12381 4796 573
12382 12458 335
12382 496 611
12382 14090 634
12382 11639 591
12383 251 621
12383 9132 897
12383 5903 486
12383 11458 902
12383 1977 480
12383 10659 586
12383 642 462
12384 7016 357
12384 8766 438
12384 14199 599
12384 5766 615
12384 7768 681
12386 3056 504
12386 4441 501
12386 7600 439
12387 309 808
12387 3261 556
12388 14708 36
12388 3190 467
12389 13958 445
12389 5094 636
12389 11472 285
12390 14804 855
12390 3685 186
12390 6292 574
12390 1651 491
12390 9434 109
12391 6529 207
12391 3909 460
12391 6673 935
12391 5740 485
12391 10469 352
12391 4088 425
12392 14991 244
12392 660 623
12392 8406 866
12392 4236 866
12392 14143 781
12393 14257 391
12393 11703 25
12393 13127 474
12393 1373 810
12393 12411 339
12393 11487 990
12394 12428 618
12394 5375 877
12394 5409 363
12395 8964 481
12396 14440 138
12396 5189 568
12396 10752 620
12397 13201 972
12397 1844 857
12397 14602 158
12397 1544 966
12398 5798 864
12398 3529 961
12398 3054 126
12398 8015 57
12398 9441 378
12399 9417 59
12399 5333 197
12400 9093 914
12400 4899 669
12400 317 509
12400 13195 624
12401 1867 855
12401 1036 701
12401 2066 326
12401 13546 170
12402 12521 166
12402 11478 313
12402 6034 418
12403 4119 518
12404 4574 528
12404 15745 551
12404 12229 836
12404 1908 63
12404 12239 147
12404 15985 826
12405 133 401
12405 10819 762
12405 13034 491
12406 3401 689
12406 6808 198
12406 11521 661
12406 7267 705
12407 1458 898
12407 15481 800
12407 5966 53
12407 2375 578
12407 9179 965
12407 11673 722
12408 3115 374
12408 5350 206
12408 11576 338
12408 3960 502
12408 12423 235
12409 784 549
12409 3733 883
12409 10002 625
12409 8268 138
12409 8719 651
12409 12049 659
12409 13110 942
12409 14791 210
12410 1794 266
12410 459 706
12410 13361 385
12410 9158 767
12411 9820 656
12411 13367 436
12411 14260 958
12411 12685 375
12412 2252 439
12412 9787 716
12412 1541 152
12413 4659 794
12413 6941 662
12413 4019 672
12413 6401 719
12413 9885 543
12414 7316 833
12414 8668 341
12414 9098 940
12414 12934 808
12414 1627 636
12415 8859 2
12415 12751 989
12415 8157 148
12416 2789 701
12416 1468 762
12416 9715 609
12416 13255 553
12416 3389 860
12416 7167 764
12416 14263 990
12416 4660 811
12417 11328 466
12417 7764 589
12417 8449 222
12418 10430 927
12418 5815 46
12418 9541 484
12418 45 603
12419 15925 341
12419 9530 331
12419 5875 271
12419 6839 505
12420 13254 246
12420 4681 323
12420 6357 789
12421 7142 778
12421 7748 543
12421 4238 92
12421 15640 42
12421 8001 853
12422 10051 303
12422 13314 187
12422 13123 212
12422 799 939
12423 15026 269
12423 8659 377
12424 9593 560
12424 7326 86
12424 1288 189
12424 11158 89
12424 15847 965
12424 14418 123
12425 8787 842
12425 7910 43
12425 13312 405
12425 3334 328
12426 4505 170
12426 2587 347
12426 8636 767
12426 3004 652
12426 15093 363
12426 4953 861
12427 8183 860
12427 3825 329
12427 7277 233
12427 4568 583
12427 14703 786
12427 8932 61
12427 13632 800
12427 1347 385
12427 508 921
12428 1330 41
12428 6134 733
12428 14064 528
12428 13065 597
12428 811 665
12428 6472 193
12429 6751 659
12429 12642 895
12430 11237 274
12430 15236 911
12430 9576 700
12430 13527 401
12430 422 367
12430 285 47
12430 8581 159
12430 9839 838
12431 5672 245
12431 3398 62
12431 11913 859
12431 14750 500
12431 3232 828
12431 7562 932
12431 10642 525
12431 12123 945
12432 14380 433
12432 4389 538
12432 12206 750
12433 4928 938
12433 9542 500
12434 4241 959
12434 13599 405
12434 4674 547
12434 2564 753
12434 1666 838
12435 661 532
12435 11588 289
12436 15384 92
12436 10412 21
12436 15786 115
12436 1553 513
12436 8387 337
12436 761 951
12437 10281 241
12437 4846 374
12437 14132 262
12437 12074 270
12437 15392 412
12437 12168 529
12439 5340 408
12439 13160 791
12439 2359 330
12439 15095 346
12440 8657 784
12440 10254 188
12440 15216 428
12440 2854 661
12440 8943 661
12440 1581 490
12441 2717 684
12441 9969 67
12441 194 580
12441 4646 860
12441 4408 740
12441 8337 564
12442 10755 772
12442 5956 297
12442 14099 44
12443 3891 149
12443 1932 557
12444 8434 816
12444 13901 102
12444 520 493
12444 15380 872
12444 12135 500
12445 12683 770
12445 3128 663
12446 8119 490
12446 5264 974
12446 8862 729
12446 3987 807
12446 3533 813
12446 5824 630
12446 15017 871
12446 14943 875
12446 6046 69
12447 11210 592
12447 6816 95
12447 450 655
12447 5534 171
12447 13363 10
12448 3007 165
12448 11798 594
12448 10003 519
12448 10228 37
12449 13470 776
12449 2527 588
12449 5683 924
12449 14637 280
12449 6702 356
12450 10719 784
12450 8921 774
12450 4320 960
12450 15305 373
12450 136 270
12450 7408 609
12450 6599 103
12450 5887 769
12451 2994 5
12451 3396 184
12451 9640 302
12451 3012 676
12451 1968 403
12452 2982 571
12452 14172 41
12452 879 224
12453 5299 544
12453 13188 489
12453 15113 67
12453 8557 602
12454 984 386
12454 15645 60
12454 14621 504
12454 2401 726
12454 1340 90
12455 14400 334
12455 7221 608
12455 13967 452
12456 9967 685
12456 12748 446
12456 4557 148
12457 3844 883
12457 4131 982
12457 3467 175
12458 8423 397
12458 5762 26
12458 2489 736
12458 7804 469
12459 6188 939
12459 5854 639
12459 8665 789
12460 6220 972
12460 8952 605
12460 6605 447
12460 7187 206
12460 6604 487
12461 12354 468
12461 6185 26
12461 10771 733
12461 1796 763
12461 11497 127
12462 11164 401
12462 11172 376
12462 2167 9
12462 15493 687
12463 9158 782
12463 6796 641
12463 454 104
12464 6006 779
12464 6328 669
12464 628 412
12464 2491 967
12465 11422 288
12465 10733 691
12465 7780 700
12465 11462 456
12465 10079 680
12465 8265 83
12465 4118 505
12466 13559 413
12466 9251 524
12466 13836 743
12466 6173 407
12466 13401 94
12466 15351 169
12467 13934 46
12467 1665 913
12467 9209 687
12467 13478 79
12468 7269 923
12468 2080 675
12468 13865 245
12468 11932 7
12468 7748 851
12468 6475 67
12468 1290 501
12468 9884 940
12468 2467 870
12470 304 416
12470 1452 311
12470 9196 187
12471 6229 970
12471 15276 27
12471 4505 98
12473 218 913
12473 6595 129
12473 14682 142
12473 10368 832
12473 8472 8
12474 11270 797
12475 13741 846
12475 4979 849
12476 9562 459
12476 3523 196
12477 7324 420
12477 15196 434
12477 12603 981
12477 5430 923
12477 2144 666
12477 5348 397
12477 1286 413
12477 13945 243
12477 8039 312
12478 11767 565
12478 4891 107
12478 12123 152
12479 11752 237
12479 11224 514
12479 2707 363
12480 10039 337
12480 9227 402
12480 6820 805
12481 2030 492
12481 8587 285
12481 4388 241
12481 12040 471
12481 13614 910
12482 14636 552
12482 4042 923
12482 5957 265
12483 12762 170
12484 11382 802
12484 1916 66
12484 4790 671
12485 3458 243
12485 842 164
12485 13715 902
12485 11376 898
12485 9653 106
12486 1167 898
12486 9114 447
12486 7571 381
12486 14703 464
12486 2216 236
12487 12668 647
12487 4777 924
12487 14775 476
12487 3372 356
12488 2464 732
12488 2659 550
12488 5918 846
12488 14463 797
12488 15978 741
12488 4223 329
12488 5958 396
12489 1200 977
12489 3912 603
12489 3025 861
12490 1633 192
12490 5586 613
12491 10264 522
12491 14265 322
12491 9564 990
12491 10811 24
12491 2501 613
12492 3217 224
12492 8615 330
12492 11880 166
12492 9010 405
12493 915 338
12493 5388 98
12493 3952 197
12493 9021 217
12493 13093 373
12493 12456 488
12494 12309 409
12495 12912 532
12495 2014 704
12495 12611 133
12496 12998 634
12496 10723 966
12496 8922 600
12496 10342 491
12496 1685 681
12497 8765 348
12497 11917 372
12498 7282 968
12498 1769 603
12498 12847 725
12499 15650 616
12499 15082 640
12499 3124 950
12499 1948 381
12499 6989 877
12499 14399 151
12500 10992 111
12500 4226 81
12500 8666 803
12500 6890 728
12500 7549 95
12501 1009 928
12501 14333 922
12501 4810 299
12501 1830 234
12501 2617 275
12501 11339 79
12502 9199 614
12502 639 8
12502 254 796
12503 8184 675
12503 9166 32
12503 4042 110
12503 4906 960
12503 7524 634
12504 6090 231
12504 10496 619
12504 15134 52
12505 14551 162
12505 2489 164
12505 3804 71
12505 11896 706
12505 4577 372
12505 14577 78
12506 5944 968
12506 13602 948
12506 4057 7
12506 5558 800
12506 8008 933
12507 1943 898
12507 15206 115
12507 4643 177
12508 7790 358
12508 1002 506
12509 5258 175
12509 7327 476
12509 5822 740
12510 13641 367
12510 4577 563
12511 12901 652
12511 1713 166
12511 2190 782
12512 6652 279
12512 3463 661
12513 10334 139
12513 7215 344
12513 9040 226
12514 700 490
12514 9964 778
12514 7300 798
12515 3106 921
12515 15951 317
12515 6409 776
12515 9096 896
12515 10519 572
12516 1173 737
12516 4390 361
12516 8235 335
12516 4227 873
12517 7623 961
12517 15611 448
12517 4896 291
12517 15889 451
12517 2447 609
12517 11107 785
12517 1196 363
12518 4200 183
12518 11722 431
12518 14886 927
12518 9941 871
12518 14159 266
12519 10559 320
12519 7747 974
12519 9667 820
12520 1788 848
12520 3614 688
12520 1494 724
12520 6699 711
12520 2023 213
12521 11336 275
12521 4815 803
12521 8769 21
12522 10864 974
12522 12414 472
12522 5716 204
12522 15181 187
12522 1026 971
12523 10560 796
12523 10398 97
12523 503 340
12523 2859 652
12523 5193 613
12524 15779 250
12524 10208 567
12524 10230 210
12525 667 558
12525 10607 155
12525 3941 197
12525 6054 396
12525 14450 849
12525 10637 221
12525 9890 922
12525 9244 805
12526 5232 229
12526 10331 503
12526 4012 956
12526 7194 822
12526 3178 65
12526 12230 684
12527 1108 902
12527 15579 737
12527 946 87
12528 15578 407
12528 15645 738
12528 3506 139
12528 9957 680
12528 5656 358
12529 2497 821
12529 12452 962
12529 9229 484
12529 422 843
12529 15364 7
12529 1427 855
12529 9511 195
12529 3322 426
12530 14866 299
12530 2332 491
12531 4769 285
12531 10022 109
12531 11222 657
12531 5141 3
12532 12448 409
12533 13255 89
12533 3379 228
12533 11780 7
12534 5957 112
12535 2538 761
12535 3675 579
12535 13722 109
12535 3751 516
12536 5475 418
12536 5681 390
12536 2737 592
12537 12782 599
12537 15320 19
12537 6633 310
12537 2961 169
12537 8322 955
12537 6390 745
12538 7663 63
12538 1656 399
12538 11665 82
12538 4127 763
12538 15809 36
12539 4113 160
12539 13482 377
12540 2438 259
12540 9756 401
12541 13538 82
12541 13928 348
12541 7448 860
12541 15035 115
12541 5606 225
12541 8531 281
12541 11402 983
12541 593 358
12541 11810 297
12541 13025 313
12542 1347 125
12542 2098 75
12542 13854 381
12542 1518 598
12543 4173 90
12543 6663 110
12543 13388 895
12544 9121 712
12544 4532 228
12544 4258 736
12545 8427 814
12545 8910 722
12545 4387 608
12546 14209 148
12546 8495 805
12546 13888 801
12547 4138 561
12547 14959 623
12547 13673 302
12548 5654 344
12548 5136 386
12548 11282 779
12548 9603 275
12548 7720 991
12549 5089 978
12549 7178 804
12549 8227 132
12549 7085 508
12549 3199 382
12550 13360 289
12551 1789 135
12551 9471 533
12551 10874 874
12551 9466 80
12551 3930 37
12551 2732 327
12552 4285 659
12552 8350 184
12552 11945 872
12553 4726 541
12553 9727 297
12553 13813 157
12554 458 271
12554 760 89
12554 2844 840
12554 9633 597
12555 1919 919
12555 12237 658
12555 4179 555
12555 13357 472
12556 6098 622
12556 12645 271
12556 15466 371
12556 2152 43
12556 9707 671
12556 14894 143
12556 10119 486
12556 9314 573
12556 7119 141
12557 5135 701
12558 11998 984
12558 15477 650
12558 4862 279
12558 10703 830
12558 1050 212
12559 710 734
12559 9974 343
12559 11436 67
12559 7571 93
12559 8018 816
12559 6449 449
12560 12624 927
12560 9124 359
12560 12618 826
12560 10611 690
12560 161 744
12561 10604 354
12561 6650 602
12563 1944 775
12563 4880 434
12563 15142 674
12563 11685 363
12564 8098 890
12564 3644 205
12564 2658 750
12564 14400 420
12565 7727 375
12565 3262 717
12566 9455 52
12566 2622 970
12566 12015 664
12566 14993 157
12567 12838 928
12567 14717 715
12567 7005 913
12568 117 714
12568 5789 215
12568 5561 560
12568 13664 39
12568 1793 206
12569 1229 847
12569 5674 41
12570 6874 331
12570 4906 289
12571 9919 717
12571 15333 196
12571 12238 925
12572 7010 846
12572 5845 269
12572 3777 826
12572 4066 102
12573 3189 585
12573 8146 411
12573 13161 299
12573 5834 481
12573 980 31
12573 4429 366
12574 15240 9
12574 2166 960
12575 14861 353
12575 8255 684
12575 10845 638
12575 9981 879
12575 7308 5
12576 13598 65
12576 12549 578
12576 4077 370
12576 2841 663
12577 9334 234
12577 2527 934
12577 1358 238
12577 1370 793
12578 7881 227
12578 448 354
12578 15854 234
12578 10474 648
12578 13132 825
12579 11229 683
12579 2356 597
12579 11775 208
12580 11799 580
12580 2334 553
12580 7931 26
12580 3765 513
12580 9491 801
12580 6552 324
12580 6272 947
12581 2110 880
12581 3338 994
12582 4192 619
12583 3559 72
12583 13348 18
12583 14932 807
12583 5583 288
12583 13184 297
12583 12665 492
12584 9945 534
12584 1114 376
12584 15039 668
12584 11018 192
12584 6406 848
12585 3213 612
12585 13698 747
12585 1805 259
12585 1693 6
12585 6927 930
12586 14684 879
12586 9929 24
12586 12308 153
12587 15978 559
12587 10433 871
12587 9628 1000
12587 11611 706
12587 14701 748
12588 13546 843
12588 8481 460
12588 1530 697
12588 5074 74
12588 3728 75
12588 8017 777
12588 11740 918
12589 12203 151
12589 5264 111
12589 3517 384
12589 3704 448
12590 1269 504
12590 3368 824
12590 5962 817
12590 5508 817
12590 14457 226
12591 4199 123
12591 478 997
12591 9539 84
12592 11649 878
12592 8772 488
12592 11547 603
12592 6106 328
12592 4810 236
12593 9969 432
12593 2691 164
12593 6653 786
12593 9801 409
12593 15410 286
12593 6978 942
12593 15510 222
12593 7460 146
12594 14218 169
12594 8427 747
12594 13021 595
12594 14419 780
12595 14923 937
12595 13971 67
12595 3054 972
12595 1385 863
12595 12584 150
12595 9709 201
12596 6569 39
12596 4323 1000
12596 14495 191
12596 13080 206
12596 7896 453
12596 2668 192
12596 7681 869
12597 10135 154
12597 4819 669
12597 2637 613
12597 13090 746
12598 9414 127
12598 3615 331
12599 9408 665
12599 2329 36
12599 1947 905
12599 5312 215
12599 7510 95
12599 12855 485
12600 11908 178
12600 6395 392
12601 15676 731
12601 15456 375
12601 6279 833
12601 9884 815
12601 5277 960
12601 2681 67
12601 1159 166
12602 10792 522
12602 13267 433
12602 1626 22
12603 570 354
12603 5906 765
12603 14664 122
12603 6231 371
12603 5606 652
12603 12198 714
12603 12653 110
12603 5268 438
12603 12752 274
12604 5860 327
12605 4471 635
12605 12343 588
12605 2268 104
12605 3829 384
12605 11917 540
12605 15407 412
12606 12302 653
12606 5200 916
12606 14710 494
12606 2260 587
12607 7199 22
12607 11799 719
12607 4757 829
12608 5116 175
12608 4006 616
12608 4756 843
12609 2706 419
12609 13370 581
12609 10747 20
12609 3923 97
12610 3634 418
12610 5677 703
12610 7295 834
12610 10735 538
12610 4979 106
12610 6095 875
12611 10055 127
12611 6948 4
12612 9808 512
12612 15892 622
12612 12978 908
12613 15688 541
12613 3742 885
12613 8391 595
12613 14307 795
12613 6557 365
12614 10922 577
12614 11880 418
12614 11925 88
12614 8857 483
12614 12988 666
12615 15592 101
12615 1765 667
12615 1598 320
12615 1170 552
12616 12865 24
12616 6708 882
12616 5868 8
12617 10412 832
12617 1584 995
12617 1533 545
12617 10552 40
12618 8165 767
12618 4275 364
12618 11528 625
12618 3323 717
12619 3369 746
12619 797 904
12619 9566 639
12619 11754 306
12620 10752 666
12620 10779 64
12620 7589 247
12620 15899 858
12621 7230 797
12621 7965 400
12621 1323 171
12621 10149 693
12621 34 31
12622 4086 723
12622 1864 853
12622 1663 285
12622 13908 272
12622 2704 380
12623 5037 192
12623 3978 395
12623 4155 525
12623 9160 68
12624 4804 526
12624 5619 158
12624 11358 197
12625 3563 473
12625 15231 912
12625 12673 458
12625 12659 705
12625 10598 964
12626 8562 83
12626 5939 592
12626 7685 265
12627 7084 822
12627 6551 339
12627 6889 569
12627 10232 622
12627 14987 561
12627 11863 148
12627 509 507
12628 5447 624
12628 15767 110
12628 398 75
12628 11844 859
12628 7865 271
12628 1293 96
12629 7234 558
12629 10550 282
12629 11448 350
12629 1555 181
12629 6996 584
12629 5043 115
12629 9139 36
12629 11078 453
12630 10463 426
12631 9844 382
12631 3134 829
12632 14460 133
12633 6716 60
12633 8198 996
12633 2158 393
12633 15230 226
12633 11973 293
12634 13280 227
12634 10029 303
12635 5171 326
12635 14017 608
12635 11785 867
12635 8127 538
12636 6596 278
12636 3984 726
12637 13218 386
12637 5907 141
12637 14540 52
12637 11693 112
12637 15577 198
12637 2342 429
12637 13784 979
12638 3548 602
12638 9291 308
12638 11508 731
12638 455 767
12638 13088 681
12638 15701 92
12639 11626 175
12639 3607 786
12639 10946 195
12639 376 256
12640 9922 462
12641 12668 743
12641 5596 649
12642 4459 918
12642 2552 539
12642 7505 947
12642 8424 831
12642 8383 501
12642 6158 489
12643 2273 891
12643 404 673
12643 13895 774
12643 2632 77
12643 14236 947
12644 11804 796
12644 8981 551
12644 5089 926
12645 4636 724
12645 5935 487
12645 7102 285
12645 14753 272
12646 2078 568
12646 8043 360
12646 15100 636
12647 10922 940
12647 1365 988
12647 2866 618
12647 15048 726
12648 10977 585
12648 9625 221
12648 12902 833
12648 4929 147
12649 8014 269
12649 4443 870
12649 5097 646
12649 2408 520
12649 12737 591
12650 2928 471
12650 15401 588
12650 13740 653
12650 14906 350
12650 7258 878
12650 12931 880
12650 2218 923
12651 11576 231
12651 4056 582
12651 7949 469
12651 11787 53
12652 9372 705
12652 15257 901
12652 4986 310
12652 9201 126
12652 15281 196
12653 15606 56
12653 8491 560
12653 15763 660
12653 9208 508
12653 12755 85
12653 6604 75
12653 9759 431
12654 12211 643
12654 693 959
12654 8723 97
12654 1274 816
12654 4422 669
12655 9952 48
12655 13173 413
12656 9365 370
12656 9089 91
12656 1199 912
12656 4371 803
12656 12168 834
12656 15796 988
12657 9056 991
12657 13675 476
12657 14661 768
12657 12742 533
12657 1802 524
12658 12257 464
12658 1776 976
12658 12416 247
12658 6977 874
12658 7271 178
12658 1898 75
12658 5001 586
12659 1054 416
12659 13908 969
12659 9726 304
12659 1121 463
12659 13738 635
12659 6277 807
12660 15529 80
12661 4395 211
12661 2072 104
12661 6792 544
12661 15983 633
12661 11680 200
12662 14632 435
12662 15899 891
12662 11776 132
12662 977 676
12663 15844 4
12663 4218 158
12663 3715 66
12663 5371 478
12664 9759 950
12664 10171 362
12664 445 227
12664 3819 736
12664 6014 336
12664 843 283
12665 9364 854
12665 14979 366
12665 12354 651
12666 8935 851
12667 8506 795
12667 14719 644
12667 14068 370
12667 3789 323
12667 5296 732
12667 7223 123
12667 13823 885
12668 11231 360
12668 6545 768
12668 3424 658
12669 672 221
12669 13750 475
12669 1951 86
12670 10095 238
12670 5142 300
12670 10179 868
12671 7346 157
12671 4773 566
12671 827 211
12672 14326 370
12672 15618 862
12672 15128 696
12672 1903 163
12673 10933 756
12673 11773 725
12673 14294 3
12673 1819 674
12674 14111 707
12674 5136 60
12674 7433 955
12675 3033 760
12675 7165 876
12675 8009 746
12675 3965 69
12675 12887 979
12675 12616 815
12676 3038 587
12676 4135 551
12676 4384 648
12676 10177 932
12676 7881 917
12676 1805 97
12677 13364 517
12677 3204 188
12677 3817 343
12677 4783 610
12677 7676 402
12677 12183 159
12678 7638 144
12678 1754 789
12678 6596 936
12679 4285 371
12679 6438 798
12680 2090 840
12680 14082 199
12680 10398 972
12680 618 459
12680 9188 513
12680 5204 767
12681 2504 447
12681 15129 553
12681 2780 369
12681 15703 208
12681 8753 393
12681 5755 737
12682 8803 517
12682 1396 840
12682 11950 46
12682 7054 152
12683 2859 800
12683 6130 778
12683 14666 18
12683 3473 76
12683 1094 231
12684 5900 230
12684 4261 44
12684 2944 743
12684 2924 717
12684 14798 44
12685 8067 593
12685 5300 970
12685 15628 28
12685 9235 42
12686 9098 299
12686 5492 816
12687 1777 149
12688 7579 967
12688 2660 809
12688 2280 117
12689 3940 923
12689 8601 404
12689 68 135
12689 3783 745
12690 4404 192
12690 4927 50
12690 5319 460
12690 1806 489
12690 6967 959
12690 14718 26
12690 11042 358
12691 13399 302
12691 7140 608
12692 2613 321
12692 10949 396
12692 493 86
12692 12207 143
12692 15198 840
12692 1725 449
12693 521 319
12693 9018 964
12693 7374 181
12693 1262 536
12693 15888 509
12693 1279 722
12694 2634 643
12694 5497 276
12694 10328 89
12694 5028 373
12694 11834 420
12694 3467 101
12695 14744 857
12695 1995 126
12695 5274 992
12695 10088 102
12695 4097 943
12696 9145 145
12696 8825 684
12696 12663 966
12696 3143 835
12696 5311 955
12696 5871 439
12698 5130 865
12698 1170 919
12698 9919 556
12698 13577 561
12699 11508 493
12699 15910 893
12699 2972 119
12699 9974 240
12700 2130 38
12700 8522 37
12701 2199 715
12701 3506 224
12701 15796 323
12701 15095 532
12701 4135 502
12701 10333 602
12701 11226 268
12702 11752 24
12702 6038 873
12702 12795 675
12702 13622 153
12703 8212 556
12703 3284 496
12703 10497 524
12703 9938 757
12704 9516 874
12704 6202 106
12704 10370 596
12705 14199 100
12705 7047 872
12705 1574 300
12705 8232 500
12706 11867 404
12706 3234 585
12706 4216 250
12706 14750 273
12706 6957 749
12707 8340 361
12707 4519 940
12707 12608 15
12708 8937 409
12708 10426 152
12708 9260 891
12708 6827 719
12708 2850 452
12710 1999 20
12710 1904 423
12711 13601 751
12712 7237 591
12712 2315 280
12712 11144 616
12713 12703 549
12713 3240 615
12713 13354 436
12713 1055 472
12714 12024 811
12714 14212 327
12714 11264 624
12715 14692 552
12715 6368 482
12715 13123 682
12715 11485 260
12716 9619 478
12717 5084 39
12717 14502 589
12718 9832 859
12719 5980 834
12719 6283 456
12719 11461 833
12719 14169 19
12719 5612 619
12720 13704 683
12721 1946 783
12721 14502 834
12723 5136 430
12723 6947 208
12723 8552 153
12723 15546 581
12724 7016 587
12724 12468 957
12724 9914 692
12725 15769 63
12725 4002 566
12725 3868 33
12725 9051 103
12725 8455 283
12725 10310 931
12725 6980 171
12726 9741 814
12726 9287 202
12726 14479 907
12726 15638 780
12727 3559 903
12728 5307 864
12728 1338 516
12729 9547 103
12729 6762 774
12729 7516 322
12729 8443 919
12729 12347 198
12730 5167 534
12730 13577 423
12730 15700 581
12731 11355 869
12731 4966 798
12731 7572 351
12732 14979 984
12732 8980 575
12732 11735 371
12733 7629 95
12733 2836 488
12733 1977 583
12734 11965 42
12734 2551 373
12734 15811 643
12735 2907 319
12735 4132 377
12735 7708 250
12735 3491 922
12735 5159 250
12736 13119 816
12736 5102 374
12736 9869 339
12736 2801 932
12737 14371 619
12738 11208 848
12738 11853 202
12738 7365 221
12738 4674 146
12739 5866 827
12740 6874 268
12740 1215 45
12740 4664 887
12740 9148 693
12740 14826 366
12740 141 612
12740 9586 965
12740 14017 468
12741 8337 711
12741 9815 316
12741 9880 220
12741 7367 190
12742 7927 578
12742 13147 569
12742 12207 858
12742 4418 137
12742 2516 449
12743 3147 626
12743 10653 103
12743 6610 37
12743 9095 672
12743 663 170
12743 9819 850
12743 1010 619
12744 7000 461
12744 2748 31
12744 15626 639
12744 3353 624
12744 15209 517
12744 13576 78
12745 11499 460
12745 9489 378
12745 1842 651
12745 12822 219
12746 188 200
12746 7030 70
12746 1769 152
12746 9227 480
12746 6602 609
12746 11853 526
12746 5494 330
12746 12832 581
12747 10175 410
12747 15976 778
12748 3743 514
12748 2643 535
12748 4273 743
12748 4101 611
12749 15128 579
12749 4839 232
12749 15463 191
12750 9423 323
12750 14817 241
12751 11934 102
12751 7099 638
12751 3314 124
12752 13075 128
12752 3568 122
12752 14984 104
12752 8732 412
12753 11728 625
12753 388 715
12753 12819 855
12753 11462 552
12754 14988 551
12754 2516 877
12754 2970 662
12754 8313 507
12754 104 647
12755 6976 13
12755 10495 776
12756 2488 349
12756 3944 795
12756 2048 135
12756 1197 154
12756 15413 437
12756 3204 606
12757 12467 752
12757 4142 83
12758 11287 317
12758 13442 737
12759 14488 187
12759 11440 960
12759 12422 320
12759 2549 249
12759 15849 870
12760 7607 402
12760 5277 107
12761 15359 470
12761 6298 496
12761 5898 895
12762 9675 839
12762 2841 503
12762 988 782
12762 6018 239
12762 11184 226
12762 12070 720
12762 10080 111
12763 11816 558
12763 14767 242
12763 6413 263
12763 2335 339
12763 4376 792
12763 13569 624
12764 12808 196
12764 4070 99
12764 575 825
12764 13993 528
12765 783 20
12765 8363 83
12765 10181 318
12765 7618 245
12765 14171 242
12766 546 639
12766 5899 782
12766 5381 936
12766 5256 256
12767 303 838
12767 5654 458
12767 2562 973
12767 13625 284
12768 14018 10
12768 1267 274
12768 12662 10
12768 7213 323
12769 3266 950
12769 13703 926
12769 4556 600
12769 11882 838
12769 3332 618
12770 6565 519
12770 2073 666
12771 3875 541
12771 687 724
12771 3395 8
12771 14213 220
12772 760 496
12772 3743 916
12772 3098 487
12772 13512 483
12773 11038 274
12773 241 443
12773 7209 135
12773 1282 113
12774 9389 653
12774 8529 82
12774 12641 192
12774 4452 28
12775 10869 624
12775 7859 313
12775 15195 285
12776 2355 543
12776 6973 312
12776 10555 248
12776 9436 572
12777 15528 255
12777 3186 697
12777 14417 736
12778 8792 684
12778 15711 493
12778 2954 170
12779 4958 486
12780 12598 519
12780 7004 383
12780 15256 741
12780 8886 560
12781 8060 405
12781 6299 269
12781 5203 765
12782 6224 755
12783 11856 457
12783 3364 214
12783 6780 727
12783 4716 493
12783 15431 664
12783 9474 941
12784 4297 155
12784 11882 838
12784 12126 753
12784 7517 721
12784 2607 251
12784 15836 223
12785 6180 690
12785 12679 185
12785 11166 582
12785 3559 394
12786 2544 531
12786 6309 7
12786 10587 673
12787 1988 611
12787 785 176
12787 4957 552
12787 10641 819
12787 7760 15
12788 12025 380
12788 14514 687
12789 5104 824
12789 12400 452
12789 9650 486
12789 1076 420
12789 9363 500
12790 11936 233
12790 3336 324
12790 10338 863
12790 1154 352
12790 7509 964
12790 5559 828
12791 7450 573
12791 590 648
12791 5827 559
12791 3864 350
12792 7522 133
12792 10396 362
12792 15865 97
12792 6122 460
12792 8520 34
12793 15735 930
12793 250 836
12793 14296 854
12793 3619 588
12793 526 678
12793 3263 745
12793 14569 228
12794 4721 27
12794 7295 251
12794 12404 284
12794 10283 481
12795 2538 956
12795 14150 810
12796 5839 599
12796 2919 15
12796 963 267
12796 14831 77
12796 12124 628
12796 15297 333
12796 3359 320
12796 15835 559
12796 11813 410
12796 12711 524
12797 9012 782
12797 15597 550
12797 7110 101
12798 1580 483
12798 4600 758
12799 13393 723
12799 13287 332
12800 1253 521
12801 10722 391
12801 10499 60
12801 10031 639
12801 7114 568
12801 3614 253
12801 8525 792
12801 12485 777
12802 14494 75
12802 13945 683
12802 7284 966
12802 15959 943
12802 8855 225
12802 14265 789
12802 3988 371
12803 13757 148
12803 12317 848
12804 3246 468
12804 4894 607
12805 8111 981
12805 6344 5
12805 6213 435
12805 1836 862
12805 3964 90
12805 1245 461
12806 15881 357
12806 3769 638
12806 11453 554
12806 13059 34
12806 3834 427
12806 15786 518
12807 3543 568
12808 13066 473
12808 11753 483
12808 2821 317
12809 12691 544
12809 10925 266
12809 2233 15
12810 850 240
12810 1689 230
12811 8356 730
12812 8829 311
12812 6778 33
12812 14794 179
12812 9894 37
12812 11401 618
12812 14139 143
12813 5545 320
12813 12301 938
12813 9535 872
12813 7230 898
12814 4724 599
12814 7334 640
12814 3640 462
12814 14149 724
12815 13188 961
12815 11686 609
12815 6028 920
12815 1375 522
12815 13059 86
12816 14387 491
12816 15372 465
12817 7392 571
12817 4708 203
12817 1833 716
12818 12724 424
12818 10956 79
12819 4600 843
12819 11156 701
12819 13614 286
12819 1464 802
12820 3475 919
12821 3539 245
12821 9938 516
12821 6869 111
12822 1037 29
12822 10862 553
12822 14104 157
12822 3202 461
12823 2898 789
12823 14518 653
12823 365 879
12824 6860 495
12824 10359 766
12825 9960 56
12825 3632 660
12826 1110 70
12826 9243 899
12826 14793 892
12826 4689 224
12826 9779 592
12826 2162 197
12827 5778 324
12827 12526 123
12828 14391 178
12828 13726 653
12828 7042 585
12828 8025 947
12828 1601 791
12829 14600 924
12829 5573 226
12830 2796 853
12830 1177 882
12830 10538 268
12830 7963 908
12830 10481 311
12830 5980 548
12831 7881 58
12831 706 562
12831 15962 96
12831 15549 210
12831 1635 4
12832 1496 507
12832 9050 986
12833 15135 741
12833 8135 61
12834 11632 761
12834 13852 688
12834 4514 189
12835 12215 648
12835 11121 448
12835 9175 852
12835 13668 59
12835 9807 594
12835 8090 928
12836 8642 808
12836 2906 140
12837 12848 943
12837 14230 556
12837 10457 924
12838 7539 570
12838 15531 641
12838 10540 671
12838 9425 127
12838 10605 44
12839 2953 393
12839 1889 194
12839 11286 885
12839 4398 307
12840 4561 939
12840 233 824
12840 557 229
12840 6584 53
12841 1567 692
12841 8732 166
12841 1464 882
12842 11262 277
12842 4378 157
12842 5222 941
12842 5890 460
12843 13088 863
12843 13520 61
12843 7947 89
12844 2916 817
12844 12445 910
12844 9525 582
12844 13343 282
12845 1947 871
12845 1742 940
12845 3570 138
12845 2774 788
12846 9480 866
12846 10954 238
12846 6145 556
12846 11060 643
12846 12418 237
12846 8584 80
12847 2386 643
12847 9253 925
12847 8885 572
12847 1254 140
12848 1027 642
12848 1283 954
12848 6364 96
12849 11902 902
12850 3174 649
12850 13506 916
12850 11757 766
12850 1150 762
12850 9035 356
12851 2760 594
12851 11237 621
12851 1161 444
12851 9753 884
12851 7531 226
12851 185 616
12852 11077 53
12852 13708 947
12852 15504 437
12852 10848 441
12852 2232 853
12852 905 850
12853 15439 262
12853 15126 588
12853 8823 916
12853 8698 996
12854 14019 853
12854 11739 312
12854 11935 54
12854 13949 667
12856 11842 456
12856 15777 704
12856 5670 630
12856 12753 64
12856 15526 295
12856 11035 668
12856 13528 692
12856 2886 865
12856 2100 855
12857 11314 277
12857 15455 24
12857 2243 8
12857 1983 243
12857 12262 416
12857 3921 359
12857 6311 469
12857 7654 558
12858 15956 935
12858 1913 261
12859 11889 219
12859 185 379
12860 4375 416
12860 6150 715
12860 2115 617
12860 7401 309
12861 3101 204
12861 6579 576
12861 6759 879
12861 15789 495
12861 13677 809
12861 14935 709
12861 15387 874
12862 14838 492
12862 10738 411
12862 5183 819
12863 9143 838
12863 1338 532
12863 3245 727
12863 14580 691
12863 13374 855
12863 9402 242
12863 11142 726
12863 11958 37
12863 13761 519
12863 3957 783
12864 4911 183
12864 12256 303
12864 10884 898
12864 14814 89
12865 1812 634
12865 9475 10
12865 15940 129
12865 5747 174
12865 1468 48
12866 15983 604
12866 3657 121
12866 5665 788
12866 14253 56
12866 2686 406
12866 1939 337
12866 5665 922
12867 5864 836
12867 11065 158
12867 12639 346
12867 7706 121
12868 15927 925
12868 1453 150
12868 7748 692
12869 194 831
12869 6415 444
12869 3071 635
12869 5465 441
12869 11369 242
12869 9821 71
12869 11882 289
12870 5728 83
12870 12814 30
12870 13330 887
12870 273 68
12870 1700 452
12871 2821 135
12872 3365 561
12872 11405 793
12872 2373 571
12872 2952 96
12872 12706 252
12872 10159 640
12873 4479 100
12873 15805 645
12873 3558 933
12873 8189 557
12873 10816 838
12874 4825 514
12874 2647 859
12875 15472 338
12875 8736 105
12875 2331 462
12875 6135 474
12875 511 200
12875 5994 226
12876 10547 784
12876 9475 654
12876 5644 154
12876 4729 207
12876 14629 924
12876 8420 729
12877 15300 611
12877 10076 944
12877 4207 806
12877 5888 42
12878 15718 739
12878 3822 41
12878 14432 927
12878 15333 878
12879 8034 247
12879 86 221
12879 8772 285
12879 4353 971
12880 5939 552
12880 8864 928
12880 12759 112
12880 913 376
12881 2553 846
12881 15956 944
12881 8305 699
12881 13526 410
12882 3205 737
12882 10354 105
12882 262 947
12883 7500 476
12883 13984 758
12883 13496 670
12883 12433 705
12884 9365 433
12884 1326 382
12884 9213 619
12885 6063 603
12885 6227 284
12885 5838 935
12886 5791 830
12886 11788 17
12886 12932 474
12886 2392 517
12887 6089 617
12887 8612 591
12887 2490 603
12888 12483 256
12888 12569 524
12888 14606 338
12889 2902 645
12889 2324 604
12889 11277 730
12889 363 786
12889 1185 447
12889 7917 351
12890 1741 780
12890 4633 987
12890 7418 889
12891 9200 272
12891 4694 872
12891 8204 770
12891 418 453
12891 206 744
12891 3740 705
12892 8092 265
12892 15462 579
12892 7033 8
12893 6994 792
12893 14313 978
12893 6968 273
12893 521 576
12894 13909 633
12894 186 799
12894 3320 635
12895 8703 35
12895 3505 139
12895 2640 265
12896 8585 687
12896 10080 889
12897 11258 382
12897 11634 16
12897 11622 835
12898 5927 103
12898 15664 855
12899 11151 83
12899 10109 908
12899 15310 890
12899 15646 812
12899 13368 456
12900 827 3
12900 1151 273
12900 11189 972
12900 8494 959
12901 7393 89
12901 190 585
12901 11033 152
12902 3599 986
12902 8199 78
12902 3939 794
12902 10746 768
12902 6199 697
12902 13146 706
12902 8540 418
12903 8508 879
12903 11959 405
12904 6158 588
12904 6091 558
12904 7474 215
12905 14940 825
12905 12736 361
12905 9149 234
12906 6990 679
12906 2982 728
12907 5202 615
12907 10423 541
12907 10133 852
12908 1095 870
12908 2816 338
12908 12863 93
12908 14397 86
12908 3051 859
12909 10069 518
12909 11905 941
12909 5605 622
12909 6014 853
12909 4194 158
12910 3844 729
12910 695 396
12910 13950 752
12910 5329 325
12910 11485 391
12911 14336 321
12911 4297 749
12911 14348 1000
12912 5398 310
12912 3853 351
12913 5338 839
12913 10647 230
12913 820 519
12913 14525 439
12914 3694 798
12914 8006 85
12914 7931 970
12915 5808 637
12915 4630 459
12915 13024 449
12916 680 25
12916 13509 502
12916 13276 848
12917 13080 84
12918 11238 756
12918 12737 734
12918 7253 738
12919 1065 727
12919 13529 843
12919 7595 632
12919 10179 522
12919 439 232
12919 1122 64
12920 3561 350
12920 3822 136
12920 14729 16
12921 7812 942
12921 13939 730
12921 6907 167
12921 8925 151
12922 10628 775
12922 11331 889
12923 13070 122
12923 13928 765
12923 2400 153
12924 15614 429
12924 8719 633
12924 11046 634
12924 3438 465
12924 7307 710
12925 2928 54
12925 2325 917
12926 4378 729
12926 12111 389
12926 14946 824
12926 8304 161
12927 10704 12
12927 7828 928
12927 12092 143
12928 10625 474
12928 4525 539
12928 6496 95
12928 13320 531
12928 10707 857
12928 15960 598
12929 4762 911
12929 3289 7
12929 1432 651
12930 9883 340
12930 15635 579
12930 11728 868
12930 595 821
12930 12412 290
12931 15738 128
12931 15280 861
12931 3003 457
12931 10615 402
12931 8381 868
12932 8797 455
12932 3052 903
12933 14263 236
12933 9064 694
12933 2183 756
12933 6145 266
12934 9968 121
12934 12506 109
12934 9543 692
12934 5523 551
12935 2232 759
12935 15233 539
12935 15940 29
12935 3397 652
12935 7596 132
12936 4189 22
12936 14523 25
12936 5778 707
12936 13938 774
12936 11586 604
12937 12378 844
12937 4807 906
12937 5652 561
12938 11288 394
12938 4953 348
12938 12661 796
12938 6213 448
12938 4422 210
12939 7498 61
12939 12616 169
12939 4276 137
12939 5768 56
12939 1809 481
12939 13688 500
12939 9465 801
12939 4904 309
12940 2076 343
12940 8283 364
12940 14030 894
12941 3158 323
12941 4458 455
12941 13062 508
12941 14495 307
12941 645 775
12942 11032 511
12942 6515 660
12942 4529 447
12942 4077 573
12942 4916 127
12942 55 18
12943 1002 876
12943 307 604
12943 2043 708
12943 7144 457
12944 11088 629
12944 4392 806
12944 5625 364
12944 12320 878
12944 5584 957
12945 6531 141
12945 11353 896
12945 12 400
12945 2411 192
12946 7908 808
12946 493 150
12946 11408 174
12947 15882 261
12947 2640 17
12948 15673 799
12948 4835 323
12949 1853 606
12949 12009 214
12950 7604 513
12951 1884 712
12951 7434 803
12951 11434 688
12952 12353 114
12952 10656 105
12952 8050 264
12952 2842 756
12952 7216 153
12952 13658 530
12953 5201 829
12953 8208 430
12953 600 17
12953 5270 873
12953 4874 768
12954 4179 516
12954 724 301
12954 13544 363
12954 11863 779
12954 6396 682
12955 3999 516
12955 8288 844
12955 7727 906
12955 10802 783
12956 12982 951
12956 14685 626
12956 3336 135
12956 6967 237
12957 7626 149
12957 2165 709
12957 2000 470
12957 1687 381
12958 6732 459
12960 5235 737
12960 10942 352
12960 6671 118
12960 15082 471
12960 15205 990
12960 8120 601
12960 1426 648
12961 2947 434
12961 10392 325
12961 5504 673
12961 14165 983
12961 1420 55
12961 9169 610
12961 13421 338
12962 5284 666
12962 4899 139
12963 9799 992
12963 15912 319
12963 901 5
12963 13320 158
12963 11635 311
12963 4840 870
12963 2758 883
12963 14061 442
12963 4300 203
12963 2209 746
12964 12715 906
12964 5258 207
12964 12363 409
12965 12360 185
12965 15047 881
12965 5071 796
12965 15016 976
12966 2727 938
12966 3212 670
12966 9460 295
12966 1313 154
12966 11821 921
12966 236 553
12966 5224 195
12967 6315 233
12967 4510 562
12968 14844 823
12968 77 329
12968 4690 740
12968 6179 42
12968 2513 15
12969 10184 599
12969 11670 681
12969 13651 595
12971 9701 13
12971 15225 843
12971 8584 763
12971 7385 211
12971 9915 589
12972 4872 144
12972 12235 550
12972 7831 440
12972 6398 199
12972 10031 480
12972 15407 138
12973 10780 276
12973 3966 934
12973 10399 829
12973 6 996
12973 11155 550
12974 8101 296
12974 9998 703
12974 95 276
12974 9925 863
12974 9839 73
12974 8545 271
12975 3848 2
12975 13110 425
12975 14403 3
12975 4200 238
12976 13631 951
12976 15981 337
12976 14781 2
12977 8929 794
12977 11046 530
12977 14994 697
12977 13347 59
12977 9176 925
12977 2773 660
12977 9314 970
12977 14284 733
12978 1697 712
12978 1770 372
12978 14771 270
12978 5729 481
12979 14083 891
12979 3811 752
12979 15804 96
12979 6400 788
12979 9766 465
12980 2055 571
12980 15324 320
12980 12554 648
12980 5299 690
12980 3559 926
12980 1128 452
12980 10348 185
12981 1213 862
12981 15690 517
12981 6311 763
12982 15952 164
12982 10881 328
12982 6121 974
12982 4880 26
12982 1319 889
12983 15169 878
12984 14085 83
12984 14037 339
12984 3908 515
12985 11870 223
12985 5319 674
12986 8096 76
12986 14039 647
12986 759 295
12986 9677 209
12986 112 366
12986 1496 613
12987 2092 861
12987 5640 918
12987 1469 549
12987 13817 938
12987 7026 874
12988 378 14
12988 10404 70
12988 5431 320
12988 11191 127
12989 2087 914
12989 297 377
12989 5855 649
12989 6982 493
12989 6630 656
12991 13772 118
12991 1256 396
12991 5802 451
12991 8974 327
12992 11734 810
12992 14994 344
12993 14750 373
12993 9459 304
12993 6879 705
12993 3571 782
12994 4592 147
12994 1045 397
12994 13377 779
12994 10851 618
12994 5995 102
12994 988 864
12994 10541 607
12995 10534 788
12995 13100 706
12996 6633 203
12996 9955 800
12996 6617 498
12996 14655 627
12997 14104 517
12997 7706 270
12997 10129 478
12997 3670 337
12997 5282 488
12998 2030 531
12998 13987 451
12998 7101 786
12999 13231 718
13000 4901 569
13000 8841 809
13000 13292 786
13001 12738 360
13002 12630 632
13002 10772 86
13002 9593 93
13002 12683 18
13003 8164 285
13003 10507 882
13003 904 610
13003 11118 322
13003 1306 864
13003 12863 531
13003 10650 774
13003 14621 765
13003 14875 551
13004 1705 880
13004 4099 129
13004 13897 971
13004 14501 877
13004 10152 858
13005 10620 521
13005 10995 891
13006 12542 868
13006 6378 740
13006 8350 934
13006 10910 810
13006 10797 648
13006 7019 820
13006 6271 933
13006 15042 573
13007 3017 419
13007 2864 796
13007 3738 997
13007 8757 39
13007 8042 98
13007 6279 332
13008 2782 83
13008 4930 715
13009 11249 705
13009 8160 699
13009 12625 152
13009 10008 154
13009 7124 139
13009 1241 486
13010 13896 379
13010 8848 732
13011 7080 827
13011 12204 725
13011 650 812
13011 12410 730
13011 213 87
13012 2968 489
13012 251 707
13012 15283 856
13012 3881 152
13012 8877 636
13012 6960 975
13014 8967 379
13014 13866 834
13014 2720 798
13014 3802 552
13015 15324 919
13015 15330 2
13015 5740 637
13015 2849 126
13016 1646 968
13016 15817 911
13017 8629 947
13017 3925 362
13017 5796 309
13017 7977 635
13017 12270 198
13017 1538 821
13017 11588 253
13017 5137 530
13017 11729 110
13017 14128 133
13018 4556 207
13018 9622 855
13018 4885 268
13018 10649 644
13019 6264 928
13019 3969 986
13019 6891 167
13019 14761 324
13019 12731 166
13019 14957 989
13019 13152 716
13019 11383 335
13020 13909 179
13020 1562 996
13020 12403 53
13020 5362 150
13020 6326 90
13021 3356 793
13021 4611 425
13021 326 440
13021 9157 128
13021 7730 580
13021 9086 23
13021 2131 696
13021 7754 615
13022 1489 651
13022 4633 665
13022 7957 734
13022 9847 462
13022 2667 366
13022 11276 502
13022 1255 658
13022 3032 179
13022 903 696
13023 15686 479
13023 13807 593
13023 311 31
13023 11699 21
13023 7100 992
13023 12071 435
13023 11739 614
13023 713 488
13023 9458 322
13023 10709 677
13024 2815 221
13024 12654 645
13024 11767 732
13024 3392 666
13025 11002 604
13025 8910 893
13025 11798 344
13025 766 420
13025 993 221
13025 7441 64
13025 8355 923
13027 12916 203
13027 1694 336
13028 9873 577
13028 15871 901
13028 3021 576
13029 4477 252
13029 9969 898
13029 9 118
13030 9640 763
13030 12253 522
13031 13420 758
13031 11516 199
13031 14691 995
13032 15977 457
13032 5669 311
13032 14499 705
13033 15257 110
13033 7220 751
13034 15345 31
13034 11998 3
13034 15117 353
13034 1929 407
13034 13929 601
13034 15867 173
13034 4555 443
13035 8150 338
13035 850 730
13035 15227 490
13035 12732 974
13035 5041 128
13035 370 602
13036 15040 709
13036 4398 451
13036 6185 994
13037 8071 11
13037 14977 178
13037 15949 522
13038 4798 547
13038 3091 661
13039 5169 455
13039 13533 94
13039 2850 445
13040 7394 141
13040 15899 853
13040 14815 138
13040 3580 152
13040 11215 427
13040 5635 190
13040 12762 368
13040 14047 76
13041 11252 204
13042 12859 263
13042 854 489
13042 13071 48
13042 13455 835
13042 3324 431
13043 8267 133
13044 7347 594
13044 8851 311
13044 6180 971
13044 11350 157
13044 11637 223
13045 10869 677
13045 7864 438
13045 6883 598
13045 14563 663
13046 10580 587
13046 1514 864
13046 7481 833
13046 15950 504
13046 15309 554
13047 8147 879
13047 3580 807
13048 263 817
13048 6520 547
13048 11191 941
13049 12933 836
13049 5934 553
13050 8991 604
13050 7916 547
13050 9896 897
13051 14130 956
13051 3816 919
13051 9772 63
13051 12729 554
13052 4537 727
13052 11732 541
13052 813 890
13052 15248 184
13052 11095 418
13052 14305 36
13052 6326 92
13052 1087 344
13052 9958 431
13053 5916 212
13053 6744 960
13053 4528 272
13054 8730 866
13055 9412 586
13055 7506 215
13055 10986 680
13056 5006 135
13056 14910 888
13056 10115 934
13057 5239 217
13057 11817 590
13057 10585 320
13058 15410 665
13058 2597 934
13058 8653 622
13059 1305 798
13059 15164 114
13060 7487 981
13060 8970 801
13060 327 587
13060 15406 562
13060 2290 455
13060 10726 760
13061 12528 583
13061 13788 70
13061 3061 431
13061 7130 165
13061 5415 999
13061 8810 114
13061 3695 349
13062 15838 219
13062 15979 706
13062 11041 671
13062 2301 608
13062 3644 436
13063 12632 774
13063 933 8
13063 15596 850
13063 7816 834
13063 10746 187
13064 4688 31
13064 6623 830
13064 7211 818
13064 1092 378
13064 3441 64
13065 773 549
13065 9925 363
13065 5439 35
13065 12191 485
13066 498 680
13067 12573 834
13067 6198 628
13067 13674 290
13067 4703 587
13067 9764 439
13067 12009 494
13067 3702 234
13067 1648 812
13068 10669 640
13068 4240 865
13069 6053 365
13069 7716 960
13069 10054 70
13070 5490 754
13070 12138 829
13070 1154 920
13070 15552 100
13071 1299 613
13071 4227 400
13071 1974 297
13071 10356 605
13071 712 55
13071 15154 131
13072 1987 355
13072 10244 678
13072 9327 14
13073 7729 585
13073 11056 324
13073 4392 869
13073 366 753
13073 766 786
13073 6961 150
13073 12791 942
13073 6461 627
13073 15942 213
13073 5345 974
13073 3826 687
13073 8762 733
13074 10362 531
13074 11583 996
13075 8940 221
13075 4496 758
13075 3717 403
13076 2491 353
13076 14849 138
13076 4476 477
13076 3227 730
13077 11564 417
13077 15517 671
13077 7279 348
13077 14620 343
13077 9603 627
13078 6081 743
13078 9250 711
13078 13372 468
13078 9527 97
13078 8127 389
13078 8613 230
13079 11229 864
13079 8184 584
13079 10497 385
13080 3199 700
13080 14862 751
13080 918 484
13080 5949 708
13080 3562 645
13081 15386 364
13081 7373 794
13081 15039 977
13081 1974 355
13082 12773 743
13082 12749 770
13082 1801 196
13082 8204 826
13083 2967 8
13083 1234 74
13083 10308 782
13083 11355 689
13084 11189 812
13084 6787 444
13084 10459 275
13084 12225 602
13084 4855 122
13084 6334 495
13085 4602 774
13085 2678 260
13085 3356 717
13085 9200 388
13086 5482 185
13086 12776 732
13086 5684 416
13086 10418 187
13087 6936 163
13087 14076 228
13087 1764 401
13088 4240 4
13088 1283 474
13089 2780 1
13089 5780 139
13089 9977 788
13089 7113 162
13090 4501 447
13090 5590 717
13090 2384 579
13090 1051 83
13091 11524 466
13091 7821 54
13091 15237 425
13091 8963 251
13091 10822 748
13092 10469 734
13092 6098 260
13092 7831 870
13092 12887 496
13092 15909 548
13092 4116 407
13092 4215 497
13092 3660 24
13093 13339 818
13093 9343 496
13094 9843 626
13094 1882 110
13094 12819 452
13094 2359 674
13094 2470 253
13095 14401 179
13095 2759 241
13095 8725 590
13095 5938 316
13096 9207 104
13096 39 438
13096 1310 389
13096 14567 360
13096 14162 715
13096 9528 14
13096 9914 154
13097 10738 836
13097 14266 656
13097 9992 489
13097 15107 856
13097 9384 154
13098 827 452
13099 7199 59
13099 11846 977
13099 12550 464
13099 6112 158
13100 13747 488
13101 6941 541
13101 10827 43
13101 7503 218
13101 11212 836
13102 15933 883
13102 2213 758
13102 5780 440
13102 9043 24
13103 141 913
13103 7385 990
13103 1172 15
13103 4093 739
13103 11303 509
13104 10646 138
13104 15657 944
13104 3408 140
13104 3258 205
13104 14074 995
13105 13337 891
13105 10456 874
13105 13726 956
13105 5521 1000
13106 12118 4
13106 164 444
13106 13929 562
13107 11467 99
13107 11950 951
13107 11916 571
13107 15700 398
13107 10697 606
13107 7191 517
13108 14758 763
13108 6089 441
13109 14513 139
13109 461 971
13110 13115 105
13110 8067 368
13110 15687 205
13110 6764 237
13110 9082 342
13111 2208 214
13111 15528 771
13111 14959 648
13112 2106 241
13112 8347 251
13112 15455 493
13113 123 835
13113 536 261
13113 6095 747
13113 3343 339
13114 2588 174
13114 7450 979
13114 196 671
13115 5824 195
13115 13304 749
13115 7589 249
13115 11275 381
13116 12852 171
13117 13710 689
13117 12939 540
13117 3827 27
13118 12671 963
13118 11431 579
13118 12232 43
13118 8357 432
13118 1951 855
13118 4822 586
13118 5488 549
13118 11981 903
13119 561 744
13119 9157 526
13119 4878 822
13119 6183 607
13120 13536 852
13120 4942 659
13120 229 256
13120 781 284
13120 4840 496
13122 15035 794
13122 15343 236
13122 12892 333
13122 13061 728
13123 11062 180
13123 14617 953
13123 4520 612
13124 9082 242
13124 9676 896
13124 15926 240
13124 11938 38
13125 13073 43
13125 8006 58
13125 11270 844
13126 4000 733
13126 9492 438
13126 11833 226
13126 14493 259
13127 787 147
13127 913 920
13128 5839 412
13128 6727 881
13128 11914 748
13128 4522 679
13128 14049 905
13129 13162 259
13129 7295 198
13129 4201 325
13130 6740 903
13130 7590 721
13130 3493 654
13130 10443 753
13130 11170 183
13130 9829 472
13130 13214 360
13131 900 396
13131 12755 417
13131 13483 209
13131 7910 120
13131 603 939
13131 1917 137
13131 11973 411
13132 2175 575
13132 14821 603
13132 6022 164
13132 10512 947
13132 11706 581
13133 9202 777
13133 7707 287
13134 163 642
13134 13946 96
13134 11335 556
13134 3309 371
13134 6855 980
13135 7208 863
13136 558 43
13136 4009 271
13137 14169 736
13137 7309 358
13137 1988 246
13137 15930 923
13137 809 299
13137 13601 122
13137 1311 218
13137 6587 54
13137 10972 814
13137 13480 413
13137 2798 147
13138 14659 794
13138 9282 565
13138 4682 784
13138 7719 122
13139 2989 399
13139 3870 543
13139 4251 282
13139 13848 667
13139 4903 941
13140 678 324
13140 1860 367
13140 15231 907
13140 1848 523
13141 2174 39
13141 5397 984
13141 5254 484
13141 1657 334
13141 9584 189
13142 3219 834
13142 9915 246
13142 7504 136
13143 4454 301
13143 2804 260
13143 7033 116
13143 4473 864
13143 5524 592
13144 1989 537
13144 10207 570
13144 3516 556
13144 8279 376
13144 3361 576
13145 9868 354
13145 4632 395
13145 12624 891
13145 2264 271
13146 11332 256
13146 2138 912
13146 11960 136
13146 13152 13
13147 2732 658
13147 2100 688
13148 1285 190
13148 14827 243
13148 2437 844
13148 13490 295
13148 787 798
13149 6270 690
13150 14333 557
13150 12405 355
13151 12771 742
13151 1309 12
13151 3135 590
13151 15646 961
13151 7876 517
13151 13477 246
13152 10114 151
13153 7240 36
13153 8952 314
13153 4015 904
13154 9740 714
13154 12986 23
13154 5843 482
13154 11700 743
13154 2757 413
13154 3287 738
13154 9609 428
13155 6412 49
13155 4166 518
13155 13362 98
13156 1311 151
13156 2372 952
13157 3782 270
13157 9320 925
13157 14701 229
13157 3621 815
13158 4855 999
13158 2645 941
13158 1063 843
13159 8935 322
13159 9827 56
13159 13349 564
13159 10385 63
13160 11627 628
13160 15498 442
13160 208 280
13160 12922 737
13160 10257 403
13160 6871 51
13162 7528 741
13162 15194 872
13163 10133 755
13163 9818 26
13163 14866 143
13163 10458 759
13163 11921 497
13163 7713 48
13164 10285 82
13164 10391 212
13164 5585 985
13164 7591 402
13165 3450 828
13165 12943 884
13165 1625 636
13165 5620 274
13165 15387 628
13165 11658 776
13166 876 130
13166 5146 394
13167 7413 676
13167 302 254
13167 12239 118
13167 9983 249
13168 1254 570
13168 11153 705
13168 13004 31
13168 13649 626
13168 13423 262
13168 11248 388
13169 393 438
13170 10325 7
13170 6712 189
13170 4645 784
13170 10874 335
13171 455 833
13171 5189 259
13171 2027 697
13172 7303 802
13172 3185 159
13172 13839 257
13173 1930 930
13173 15100 501
13173 4946 512
13173 9727 93
13173 6879 887
13173 3736 978
13173 1775 50
13174 1297 715
13174 5649 989
13174 10626 637
13174 11691 306
13175 1350 521
13175 13499 686
13175 6212 752
13175 3606 748
13175 10183 486
13175 3258 789
13175 10231 465
13176 2495 337
13176 9944 333
13176 9804 891
13176 8292 20
13177 8355 656
13177 3955 874
13177 4064 213
13177 13094 371
13177 10911 481
13177 2278 773
13177 6313 978
13178 1751 19
13178 5217 430
13178 9155 589
13178 6972 453
13178 11162 595
13179 6525 425
13179 4772 787
13179 279 738
13179 8965 70
13179 10317 439
13179 5003 572
13180 12508 397
13180 2779 782
13180 10087 563
13180 1810 999
13180 9956 149
13180 15931 858
13180 12810 898
13180 14688 207
13180 3619 564
13181 714 928
13181 6438 215
13181 2372 773
13181 3612 588
13181 8872 864
13181 12744 471
13181 308 800
13182 3326 285
13182 7520 863
13183 2951 257
13183 580 348
13183 1313 896
13183 4114 248
13183 9158 649
13183 14149 2
13183 13492 25
13183 4259 776
13183 12185 928
13184 1913 870
13184 7451 831
13184 4132 911
13184 2549 303
13184 3727 39
13184 15264 479
13184 14504 773
13184 7422 960
13185 12158 813
13186 11580 437
13186 8601 485
13186 13081 564
13187 10014 797
13188 11728 968
13189 5675 216
13189 430 37
13189 7214 339
13189 917 745
13189 15079 39
13190 15970 402
13190 15555 17
13190 9724 118
13190 2897 986
13190 9488 139
13190 14674 207
13190 13120 226
13191 15165 574
13191 7341 603
13191 10886 703
13192 6705 718
13192 2300 695
13192 3750 411
13192 15496 82
13193 3584 283
13193 4457 433
13193 12267 111
13194 897 318
13194 15876 653
13194 3070 712
13194 10404 270
13194 15498 739
13195 7952 488
13195 7830 875
13195 12673 854
13195 9676 923
13196 4649 7
13196 14844 545
13196 995 498
13196 5942 820
13196 3821 681
13197 3292 630
13197 12711 784
13197 6425 728
13197 15089 765
13197 10735 873
13197 8681 610
13198 229 535
13198 6864 823
13198 8481 979
13198 12721 321
13198 7658 626
13198 12584 367
13198 14120 182
13198 8560 532
13199 3749 752
13199 579 399
13199 3386 514
13199 8053 112
13199 14498 226
13200 3965 603
13201 3117 864
13201 43 730
13201 6080 969
13201 7985 45
13202 10766 551
13202 14948 909
13202 10855 917
13202 10151 218
13202 10984 479
13202 4147 966
13203 2595 461
13203 4966 844
13203 9937 481
13203 15292 269
13203 6671 459
13204 11035 908
13204 6746 94
13204 5796 153
13204 12367 73
13205 14395 103
13205 14118 232
13205 10056 30
13205 4032 251
13205 2467 100
13206 7096 232
13206 4397 883
13206 5801 319
13206 7421 514
13207 11322 403
13207 8096 629
13207 924 80
13207 1171 746
13207 9723 919
13208 1660 452
13208 603 952
13208 7989 619
13209 202 957
13209 4833 551
13209 15938 396
13209 13342 907
13210 6334 350
13210 11815 819
13210 7540 923
13210 14129 811
13210 8049 90
13211 13333 44
13211 13425 19
13211 4447 489
13211 4854 447
13211 730 641
13211 1704 633
13211 4203 262
13211 2387 175
13212 15432 134
13212 13163 298
13213 13570 124
13213 9054 987
13213 4219 295
13214 15892 643
13215 7443 34
13215 13311 603
13215 11771 509
13215 11838 751
13215 737 580
13215 10388 228
13216 5147 634
13216 7271 126
13216 12133 353
13216 4175 278
13216 7965 622
13217 4593 644
13217 4155 597
13217 14359 252
13217 1500 308
13217 10952 978
13218 170 794
13218 2267 135
13218 13169 870
13218 9683 980
13218 12250 701
13219 5310 496
13219 3946 34
13219 4574 162
13219 257 214
13219 2562 350
13219 14061 143
13219 3042 166
13220 11607 19
13220 14720 36
13220 13234 864
13220 12398 573
13220 5555 679
13221 270 8
13221 6948 853
13221 12124 948
13222 2753 450
13222 3588 979
13222 14417 435
13222 15394 796
13222 2246 920
13222 11784 82
13223 77 752
13223 11220 710
13223 1632 294
13224 12267 399
13225 5098 646
13225 14039 703
13225 2507 582
13225 9355 507
13226 11907 219
13226 14965 624
13227 2630 183
13227 9053 223
13228 2850 132
13228 10703 580
13228 4401 69
13228 8331 468
13228 2932 19
13228 6863 778
13229 8759 171
13229 11181 174
13229 8121 491
13229 3529 122
13229 11236 559
13230 401 484
13230 3118 909
13230 6242 712
13230 3850 393
13231 6491 474
13231 9233 312
13231 12792 410
13232 10448 591
13232 8472 59
13232 10939 581
13233 2026 550
13233 465 614
13233 12506 183
13233 12585 295
13233 9216 246
13234 2747 145
13234 1406 7
13234 12551 831
13234 5299 389
13234 6475 500
13235 4782 552
13235 4453 238
13235 1534 700
13236 6586 551
13236 2156 911
13236 8432 973
13236 15817 455
13237 15232 589
13237 13898 854
13237 11901 205
13237 7705 664
13237 8352 884
13238 12004 77
13238 9216 816
13238 1390 430
13238 9770 283
13238 13036 293
13238 6462 880
13238 10050 22
13239 6765 711
13239 3450 287
13239 2423 120
13240 13160 470
13241 13210 699
13241 13786 460
13241 7872 714
13241 4086 507
13242 7114 9
13242 329 624
13242 9676 348
13242 3482 433
13243 6798 362
13243 10834 425
13243 5788 951
13243 14490 100
13243 4721 702
13243 525 618
13243 9980 246
13243 8673 406
13243 9962 818
13244 2295 28
13244 14690 739
13244 8971 18
13244 15907 606
13244 7528 987
13245 8688 236
13245 4174 779
13246 13969 265
13246 12745 439
13247 14316 131
13247 1240 151
13247 8055 72
13247 5110 622
13248 14470 562
13248 7374 562
13248 8128 322
13249 7358 778
13249 7601 564
13249 12327 549
13249 11552 1000
13249 3253 151
13250 6222 714
13250 2801 158
13250 12730 512
13250 13789 587
13250 11464 90
13250 6489 951
13250 799 497
13250 5402 802
13250 6024 951
13250 11846 75
13251 14016 146
13251 13865 845
13251 11085 142
13251 5621 96
13251 8984 221
13252 14658 670
13252 14136 760
13252 12888 84
13252 14351 271
13252 7017 890
13253 2515 394
13253 13692 1
13254 8164 427
13254 3410 260
13254 3828 542
13254 13778 417
13254 8723 522
13254 15967 299
13255 6914 160
13255 11482 983
13255 11749 443
13255 12145 992
13256 6119 317
13256 8823 225
13256 10123 664
13256 3631 898
13257 13907 519
13257 2120 429
13257 1809 394
13258 5227 722
13258 676 784
13258 15766 703
13259 3294 808
13259 3510 331
13260 6573 764
13260 10060 161
13260 7432 562
13260 10039 355
13260 1971 652
13261 8273 140
13261 9352 702
13261 585 214
13261 13448 934
13262 8700 948
13262 5521 221
13262 2581 386
13262 11775 324
13262 9035 435
13262 1856 791
13263 4277 907
13264 13794 349
13264 8609 847
13264 10319 227
13264 15568 302
13264 9573 477
13264 14857 387
13264 12687 153
13265 9032 625
13265 13453 156
13265 4856 539
13265 14504 357
13267 7893 967
13268 8391 7
13268 8674 843
13268 5594 490
13268 14250 321
13268 6490 855
13268 9619 968
13269 6120 914
13269 2671 975
13269 11368 585
13269 5054 943
13269 5745 803
13270 14436 6
13270 4918 783
13270 4881 840
13271 7041 714
13271 1319 768
13271 5581 512
13271 7574 222
13271 14176 650
13272 9924 281
13272 6273 148
13272 9989 116
13272 3338 297
13272 1544 221
13272 1557 52
13272 13861 131
13272 9384 307
13273 14369 963
13273 13234 591
13274 2307 40
13274 3111 470
13274 8831 314
13274 2851 358
13274 10980 256
13274 5957 224
13274 6096 944
13274 9444 580
13275 2077 204
13275 8042 439
13275 1387 262
13276 598 586
13276 15471 108
13276 2246 876
13276 8834 595
13277 5175 248
13277 1773 154
13277 12934 265
13277 10999 300
13277 10508 435
13277 4130 15
13278 7841 343
13278 14889 626
13278 5182 944
13278 10518 225
13279 12064 751
13279 11882 732
13279 170 277
13279 13435 244
13280 8543 786
13280 15015 567
13280 6888 881
13280 12026 726
13280 10222 592
13280 9763 432
13280 2235 641
13280 9341 912
13280 12989 902
13280 12323 141
13281 244 648
13282 7761 447
13282 6762 838
13282 733 968
13282 8662 222
13282 11458 423
13282 324 778
13283 2970 265
13283 11978 66
13283 14764 896
13283 1983 4
13283 5610 218
13283 9818 460
13284 11937 163
13284 12505 901
13284 12754 191
13284 9003 942
13285 13624 702
13285 15666 300
13285 2339 757
13285 6178 212
13286 11230 268
13286 12096 73
13286 14637 993
13286 14532 721
13286 10660 181
13287 14274 47
13287 14231 833
13287 6084 808
13288 4143 936
13288 1473 521
13288 8651 915
13288 5983 160
13288 5111 17
13288 5765 130
13289 10489 214
13289 9737 363
13289 14149 112
13290 5363 897
13291 9680 221
13291 4777 435
13291 1208 833
13291 11787 188
13291 4484 645
13292 14843 284
13292 14628 979
13292 2338 137
13292 12459 234
13293 15035 873
13293 8962 151
13293 4299 22
13293 1545 911
13293 14900 647
13294 2995 714
13294 5808 319
13294 6123 1
13294 7105 573
13294 11160 387
13294 3246 184
13294 4198 25
13295 1153 624
13295 5339 566
13296 5282 58
13296 15195 796
13296 3150 170
13296 12590 352
13296 5681 863
13297 2292 952
13297 13019 273
13297 4788 223
13297 7535 161
13297 6555 621
13298 14834 218
13298 11364 851
13299 12812 438
13299 5178 115
13300 6882 173
13300 3430 732
13300 11427 424
13300 9129 518
13300 6179 512
13301 8417 14
13301 6020 686
13301 10328 161
13301 2018 222
13301 12926 593
13301 9872 67
13302 11294 438
13302 13862 2
13303 10572 919
13303 12512 368
13303 15525 26
13303 7149 456
13304 14416 844
13304 8789 771
13304 7696 469
13304 12348 296
13305 10367 156
13305 3531 446
13306 1118 805
13306 13541 623
13306 7815 519
13306 4357 207
13306 2353 940
13306 3040 5
13306 5730 92
13307 4410 250
13307 7468 769
13308 13117 801
13309 10962 283
13309 15114 949
13309 2057 930
13310 3373 765
13310 674 125
13310 3440 657
13311 3250 942
13311 9891 774
13311 8237 476
13312 14236 263
13312 4972 994
13312 14807 410
13312 2881 518
13313 9375 215
13313 7891 914
13313 7783 165
13313 3240 904
13314 2143 587
13314 7536 373
13315 2360 891
13316 13106 156
13316 9121 650
13316 9530 631
13317 4325 184
13317 10720 746
13317 3231 130
13317 8622 560
13317 7695 422
13317 3130 199
13318 3922 887
13319 686 313
13319 10648 935
13319 12212 808
13319 10298 789
13320 13224 195
13320 15335 255
13320 7346 594
13320 722 354
13321 10617 603
13321 2149 925
13321 14588 906
13322 10684 252
13322 7999 568
13322 15449 961
13323 6523 856
13323 11546 231
13323 14585 143
13324 3373 892
13324 1747 531
13324 3410 148
13325 5274 533
13325 7341 857
13326 6464 450
13326 119 535
13326 941 251
13326 5446 492
13326 10181 413
13326 8163 547
13326 1341 887
13327 11386 177
13327 556 730
13329 472 330
13329 811 151
13329 9604 820
13329 5155 142
13329 6732 430
13329 11541 777
13329 3719 265
13329 12531 626
13329 7330 971
13330 8261 42
13330 10177 685
13330 11889 611
13330 8957 983
13330 3110 963
13331 1835 653
13331 15815 234
13331 6824 211
13331 9719 483
13332 13587 87
13332 8811 652
13332 15949 72
13333 1770 909
13333 7418 328
13334 12256 582
13334 3550 947
13334 12614 600
13335 12278 27
13335 13820 929
13335 6216 915
13335 8660 637
13335 450 796
13335 11471 999
13336 4806 180
13336 10066 60
13336 8016 65
13336 3101 29
13337 272 104
13337 6841 573
13337 11803 292
13338 9806 236
13338 9009 293
13338 4383 345
13338 8868 115
13338 6764 878
13338 5688 427
13339 15759 581
13339 2250 886
13339 13167 174
13339 8216 505
13340 13190 166
13340 1374 615
13340 15441 692
13340 3349 711
13341 1371 424
13342 2423 960
13342 2012 40
13343 1342 691
13343 7007 749
13343 5958 350
13343 10751 558
13343 3976 716
13343 14197 215
13343 1809 713
13344 15673 544
13344 1026 490
13344 2437 630
13345 9572 307
13345 847 993
13345 3212 363
13345 1668 766
13345 787 921
13345 9046 920
13345 4512 229
13345 7653 81
13345 14728 20
13346 1515 548
13346 14726 475
13346 6168 997
13347 2769 381
13347 10666 784
13347 13358 115
13347 15030 835
13347 6440 645
13348 9035 265
13348 15747 379
13348 14389 95
13348 14328 536
13348 2827 899
13348 10842 490
13349 87 67
13349 10550 737
13349 3464 847
13349 9274 141
13349 12783 757
13350 5408 395
13350 2147 935
13350 12912 185
13350 3383 294
13350 5446 501
13351 11220 955
13351 12466 740
13351 3623 908
13351 2566 323
13351 15027 129
13351 2948 605
13351 1480 963
13351 3589 843
13352 15149 110
13352 2582 802
13353 2316 314
13353 11497 924
13353 9304 924
13353 11011 381
13353 1723 119
13353 12052 126
13354 15144 429
13354 7520 191
13354 14509 153
13354 3278 879
13354 14464 933
13355 13570 726
13355 5444 698
13355 13570 363
13355 928 53
13355 7386 532
13355 264 400
13356 2759 655
13356 9661 920
13356 13446 590
13356 15868 670
13356 3391 803
13357 285 904
13357 11251 224
13357 2923 696
13357 8280 415
13357 745 752
13357 8985 969
13357 8157 448
13358 12494 739
13358 5140 395
13358 5899 70
13358 6258 119
13358 5415 968
13358 11135 110
13358 12117 807
13358 10788 960
13358 15414 277
13359 12825 508
13359 3655 632
13359 8998 756
13359 7492 955
13360 360 128
13361 6203 269
13362 704 635
13362 15282 304
13362 34 861
13363 3650 681
13363 6209 410
13363 3753 759
13363 2418 988
13363 11613 206
13364 4614 21
13364 239 930
13364 796 408
13364 14487 287
13365 1677 91
13365 12856 183
13365 1513 937
13366 339 587
13366 7070 396
13367 14070 531
13367 14534 649
13367 15717 121
13368 3208 959
13368 7952 256
13368 3002 16
13368 9701 398
13368 15414 701
13368 9604 814
13369 14253 183
13370 6190 746
13370 6979 802
13370 10808 581
13371 9219 681
13371 762 1
13372 10340 196
13372 656 995
13372 1952 225
13372 14087 632
13372 9210 894
13372 5811 411
13372 13619 992
13373 10020 82
13373 9796 399
13373 3726 705
13373 7917 232
13373 6530 929
13374 5362 390
13374 1795 995
13374 13437 87
13374 5022 798
13374 9315 133
13375 10694 926
13375 6951 101
13376 1183 328
13377 8863 924
13377 8023 470
13377 9672 391
13377 8305 906
13378 14024 748
13379 6346 251
13379 7971 259
13380 14480 999
13380 13700 893
13380 3677 403
13380 1848 879
13380 1868 95
13381 14236 194
13381 10575 643
13382 2591 633
13382 8313 908
13382 7703 309
13382 15044 877
13382 7042 131
13382 11426 493
13382 15176 901
13383 8421 753
13383 3111 503
13384 1161 4
13384 13954 288
13384 941 713
13384 5397 280
13385 11502 929
13385 14296 288
13385 10580 652
13385 11133 129
13386 3431 546
13386 1887 259
13386 5851 307
13386 14358 464
13387 15770 337
13388 3411 976
13388 12738 86
13388 5168 421
13388 12453 787
13389 4737 924
13389 7272 455
13389 8733 342
13390 1958 223
13390 4024 302
13390 8222 323
13390 2819 804
13391 5405 427
13391 14845 55
13391 752 286
13392 4469 756
13392 1626 87
13392 9572 428
13392 7550 419
13393 7877 552
13393 1970 590
13393 12676 960
13393 14664 805
13394 14604 946
13394 5148 504
13395 14452 504
13395 8792 33
13395 8023 908
13395 9924 179
13395 11009 938
13395 13764 522
13395 8925 550
13395 4010 470
13395 14466 57
13395 3151 429
13396 1621 459
13396 11534 52
13396 10870 574
13396 3437 418
13396 2551 628
13397 9123 145
13397 86 640
13397 9758 874
13397 142 886
13398 6105 896
13398 12314 443
13398 2461 622
13399 3290 805
13399 12788 207
13399 11664 252
13399 4127 311
13399 8828 238
13400 2735 422
13400 7738 702
13400 12313 305
13400 13518 361
13400 13808 811
13400 13541 969
13401 1020 905
13401 14270 57
13401 3616 328
13401 10079 876
13402 5595 627
13402 9025 171
13402 3454 476
13402 6419 406
13402 5990 226
13402 3808 602
13402 13099 34
13403 9967 88
13403 1154 340
13403 6557 100
13403 9443 565
13403 9763 682
13404 13037 206
13404 15354 755
13404 6252 949
13404 1058 317
13404 2509 907
13404 668 403
13405 9800 471
13405 15341 199
13405 13414 401
13405 723 685
13405 14322 877
13405 1040 174
13405 11844 359
13406 1601 750
13406 15449 857
13407 6803 241
13407 2597 141
13407 4296 560
13407 12523 541
13407 4848 521
13407 1123 259
13407 40 273
13408 14016 94
13408 7408 254
13408 11440 330
13409 12331 553
13410 3392 809
13410 1381 443
13410 7423 479
13411 11764 491
13411 13799 567
13411 15082 197
13411 10120 217
13411 13811 510
13412 7501 419
13412 14963 886
13412 3171 709
13412 11588 525
13412 8675 990
13413 14154 923
13413 14708 145
13413 1590 701
13413 4304 267
13413 3011 281
13413 210 470
13414 10281 978
13414 12887 233
13415 15770 362
13415 2948 718
13415 8387 396
13415 2232 442
13416 13322 3
13416 14198 381
13416 12317 853
13417 12148 935
13417 4335 9
13417 7558 327
13417 12114 52
13417 13791 201
13418 6472 435
13418 6318 130
13418 5819 820
13418 2180 26
13418 10721 439
13418 4956 173
13418 4930 997
13419 12488 292
13419 14941 486
13419 5777 306
13419 10493 880
13419 1085 153
13420 15429 121
13420 15004 887
13420 1617 893
13420 12000 729
13420 11992 24
13421 7318 849
13421 15678 866
13421 2841 34
13422 10940 867
13422 12995 47
13422 8443 754
13423 4789 534
13423 5894 548
13424 13666 211
13424 13021 299
13424 10684 543
13424 6938 720
13424 7725 614
13424 3259 384
13424 6055 410
13425 3019 326
13425 6922 55
13425 7315 756
13426 4530 251
13426 11058 904
13426 14875 587
13427 5860 823
13427 10040 574
13427 4642 888
13427 12400 49
13427 12858 402
13428 15765 637
13428 11220 287
13428 12586 931
13428 3150 284
13428 4237 257
13428 1978 960
13429 5511 269
13429 2583 328
13430 7894 102
13430 3285 589
13430 6550 770
13431 2729 517
13431 9140 701
13431 14067 810
13431 12564 77
13432 3840 899
13432 2333 415
13432 11206 784
13433 8815 657
13433 10312 275
13434 7749 943
13435 6483 772
13435 513 504
13435 9842 257
13435 147 273
13435 7094 824
13435 12753 530
13435 8359 743
13436 6856 432
13436 5212 734
13436 12201 961
13436 9220 139
13436 4114 12
13437 7848 819
13437 15776 164
13437 3745 983
13437 5096 993
13437 12115 392
13437 14963 268
13437 5182 844
13438 13420 515
13439 8244 217
13439 10297 515
13439 3954 225
13439 6426 818
13440 1326 86
13440 8220 5
13440 3361 517
13440 3674 178
13440 15625 337
13440 5367 961
13441 3544 522
13441 15329 733
13441 9144 892
13442 1231 267
13442 13262 246
13442 4875 247
13443 9263 507
13444 11577 601
13444 472 759
13444 6397 263
13444 10208 707
13445 13154 901
13445 15512 399
13445 1889 298
13445 10384 641
13445 10342 273
13446 1168 821
13446 2414 436
13447 9842 114
13447 10141 41
13447 1746 655
13447 11191 73
13447 12603 164
13448 1351 803
13448 13286 228
13448 5406 109
13449 12315 900
13449 8696 545
13450 12287 238
13450 4667 705
13450 8648 344
13450 4968 421
13451 13867 83
13452 13246 613
13454 11495 978
13454 10357 765
13454 5665 414
13455 8523 964
13456 6810 570
13456 6329 666
13456 9742 707
13457 14520 873
13457 10722 462
13457 3995 828
13457 8300 214
13458 6886 101
13458 13581 1000
13458 142 780
13458 8058 191
13459 14987 218
13459 9345 717
13459 1146 402
13460 3269 570
13460 14432 669
13460 14986 176
13460 6706 878
13460 11509 843
13461 355 548
13461 15407 17
13461 3256 566
13461 4670 79
13462 7652 848
13462 156 184
13462 8003 460
13463 8700 693
13463 9758 521
13463 10478 815
13463 981 694
13463 15181 957
13463 12188 569
13463 228 18
13463 2329 695
13463 10847 803
13464 9618 168
13464 10182 351
13464 12949 239
13464 14963 586
13465 851 500
13465 8789 988
13465 2216 699
13465 6896 26
13465 2398 458
13466 11677 423
13466 14301 841
13466 5197 790
13466 2633 70
13466 8689 485
13466 15801 912
13466 13910 914
13466 2813 634
13467 6982 617
13467 15423 181
13467 3679 107
13467 316 730
13468 8259 163
13468 8338 23
13468 1928 551
13469 2475 416
13469 3791 59
13469 902 593
13469 7384 462
13470 14296 641
13470 8429 285
13471 3050 947
13471 3290 917
13472 11745 471
13472 2195 665
13472 2252 658
13472 4774 86
13472 9670 30
13472 3759 865
13472 6296 629
13472 13214 820
13473 3633 408
13473 7395 642
13473 15654 581
13473 14304 677
13474 7104 976
13474 6305 509
13474 3251 574
13475 7626 931
13475 6202 131
13476 15652 630
13476 8407 284
13476 9190 398
13477 6500 816
13478 13244 340
13478 10602 780
13479 5600 341
13479 12511 752
13480 6708 816
13480 7507 358
13481 2299 98
13481 6022 176
13481 1447 749
13481 1294 41
13481 2299 806
13481 11713 107
13481 7843 138
13481 5910 41
13482 12381 824
13482 7567 449
13483 13889 144
13483 13007 293
13483 941 547
13483 9134 253
13483 4824 732
13484 6039 854
13484 1413 292
13484 7962 394
13484 11912 374
13485 4478 800
13485 8178 53
13485 8596 110
13485 1148 105
13485 736 658
13486 4355 229
13486 3809 192
13486 2524 584
13487 14374 431
13487 2868 663
13487 4369 138
13488 3301 401
13488 2972 371
13488 3752 28
13489 2311 946
13489 15392 946
13490 63 259
13490 1517 56
13490 12478 530
13490 11594 795
13491 12545 786
13491 2700 442
13491 9718 450
13492 8483 488
13493 6735 332
13493 14778 79
13493 2933 761
13494 12497 435
13494 2711 143
13494 10175 277
13494 12228 86
13495 1695 939
13495 10917 38
13495 15242 34
13495 3155 159
13496 10505 235
13497 3414 310
13497 12622 860
13497 7698 633
13497 6252 257
13498 7679 84
13498 8431 332
13499 12161 985
13499 13789 15
13500 10089 799
13500 14554 543
13500 11032 340
13500 13766 632
13501 14172 746
13501 12578 932
13501 11875 858
13502 1181 444
13502 9751 408
13502 6152 272
13502 5874 597
13502 10509 289
13502 8063 546
13502 10829 894
13503 9014 364
13503 7389 47
13503 393 203
13503 1940 833
13504 14318 430
13504 14641 289
13504 8286 705
13504 9344 689
13505 4517 728
13505 13635 402
13505 10490 286
13505 203 446
13505 1005 523
13505 3915 104
13505 14733 54
13505 1059 231
13505 474 928
13506 12867 436
13506 5666 709
13506 3782 943
13506 12591 918
13507 3210 462
13507 5338 592
13507 279 414
13507 874 556
13507 4868 302
13508 9937 380
13508 2026 934
13508 7852 658
13509 12371 627
13509 13563 750
13509 297 97
13509 10678 158
13509 4019 802
13509 916 614
13510 2929 746
13510 13973 419
13511 178 376
13511 15455 81
13511 4155 672
13511 5989 407
13512 4858 727
13512 10036 592
13512 1528 65
13512 13670 21
13512 13308 792
13512 9790 180
13513 8741 724
13513 14422 642
13513 6791 235
13513 864 636
13513 7514 695
13514 6498 562
13514 10546 730
13514 10833 74
13514 13849 74
13515 1310 477
13515 6556 926
13515 7483 504
13515 14919 758
13515 6930 53
13515 6981 443
13516 8807 421
13516 13613 602
13516 15749 596
13516 14627 721
13516 13132 283
13516 7905 842
13516 4450 215
13516 1055 674
13517 7198 700
13517 11554 915
13517 14697 423
13517 15383 549
13517 9478 283
13517 13421 897
13517 9949 87
13517 6333 450
13518 3826 856
13518 1805 302
13518 14125 198
13518 636 676
13518 3295 917
13519 15825 151
13519 4301 733
13519 4303 434
13519 9176 502
13520 11076 397
13520 12294 495
13520 12072 618
13520 3605 260
13520 14785 71
13520 14388 614
13520 4705 691
13521 14410 988
13521 859 202
13521 5440 862
13521 10105 146
13522 15583 963
13522 3086 291
13522 12390 803
13522 5117 868
13522 4103 611
13523 1974 572
13524 4873 658
13525 13788 274
13525 6130 839
13525 4238 554
13525 3139 870
13525 1641 779
13526 15101 953
13526 4648 643
13526 11044 347
13526 11312 265
13527 9108 455
13527 9035 410
13527 11534 872
13527 2148 360
13527 4424 668
13527 9070 58
13527 16 558
13527 12513 972
13527 8216 960
13528 13914 557
13528 3476 438
13528 3669 413
13528 3077 303
13528 3405 602
13529 2261 120
13529 6192 246
13529 11822 656
13530 4369 657
13530 454 682
13530 7787 74
13530 14214 459
13530 13579 219
13530 6150 17
13530 7277 309
13531 8152 682
13531 1440 641
13531 2749 351
13532 13682 210
13532 3107 57
13532 10117 110
13532 15433 790
13532 15229 866
13532 13274 989
13533 11334 963
13533 13457 402
13533 14383 24
13533 13798 140
13534 10396 260
13534 4786 782
13535 63 417
13535 9052 72
13535 3174 394
13535 2244 557
13535 5283 25
13537 6631 787
13537 4620 878
13537 1403 280
13537 3837 368
13537 4891 109
13538 10475 30
13538 808 38
13539 10493 425
13539 15172 156
13539 2447 512
13539 1918 182
13540 8738 459
13540 6800 479
13540 2497 982
13541 6288 967
13541 278 522
13541 1811 330
13541 5968 355
13542 6962 393
13542 14511 453
13542 2280 193
13542 12459 396
13542 4284 592
13543 8519 785
13544 15132 689
13544 9195 480
13544 9601 888
13545 10135 545
13545 1322 408
13545 15679 486
13545 13079 877
13546 9393 192
13546 5734 476
13546 15024 652
13547 530 893
13547 13761 903
13548 11474 402
13548 7177 232
13548 2739 931
13548 258 328
13548 2028 911
13548 15023 638
13549 5942 165
13550 9754 896
13550 9483 804
13550 7444 404
13551 4334 138
13552 5015 692
13553 3750 470
13553 12439 916
13553 13187 373
13553 11908 404
13554 10056 1
13554 7437 136
13554 4346 480
13554 2702 707
13555 8983 789
13555 165 179
13555 11109 863
13555 9846 914
13556 12897 865
13557 6609 919
13557 2582 796
13557 5123 834
13557 5308 754
13557 935 499
13557 5048 659
13557 11822 378
13557 1824 841
13558 10643 713
13558 6885 114
13558 6629 544
13558 8707 640
13558 14524 266
13559 8188 429
13559 2401 896
13559 3203 842
13559 1988 427
13559 11044 302
13560 91 41
13560 7268 922
13560 3661 32
13560 4280 441
13560 14294 902
13560 11915 610
13561 7772 321
13562 8679 982
13562 3577 903
13563 10573 486
13563 9812 957
13563 12030 80
13563 560 412
13564 3695 44
13564 1233 142
13564 1467 894
13564 10156 282
13564 1745 627
13564 12584 497
13565 6966 958
13565 3960 70
13565 14246 42
13565 8799 418
13565 13093 88
13565 4638 676
13565 14858 722
13565 556 707
13566 1870 760
13566 12054 751
13566 1886 34
13567 3487 559
13567 15983 450
13567 12591 734
13567 6145 740
13567 8492 799
13568 11629 411
13568 6716 141
13568 12288 852
13568 4754 569
13568 211 259
13568 13427 614
13569 10305 905
13570 1146 422
13570 5729 85
13570 1350 917
13570 14554 583
13571 6261 425
13571 13407 148
13571 2290 810
13571 14528 575
13571 9576 75
13571 7161 440
13572 5337 877
13572 13698 207
13573 28 7
13573 8972 159
13573 3660 602
13574 13107 12
13574 9613 172
13574 13154 99
13575 12494 222
13575 13619 626
13575 2967 799
13575 2593 456
13576 351 267
13576 9422 16
13576 4818 852
13576 884 164
13576 11950 710
13576 8806 113
13576 1593 338
13577 1608 510
13577 387 878
13577 11689 217
13577 5681 37
13577 10433 298
13577 3305 231
13577 12354 427
13578 8831 829
13578 15277 67
13578 14856 792
13578 10507 171
13578 15463 235
13579 2274 298
13579 353 645
13580 2076 598
13580 12279 978
13581 14654 407
13581 4864 287
13581 15389 713
13582 15536 108
13582 9305 243
13582 6916 364
13583 3965 367
13583 1360 280
13583 4562 230
13583 11946 597
13584 9760 207
13584 2721 896
13584 953 301
13584 6994 622
13584 6569 344
13584 5350 378
13584 13345 208
13584 15946 402
13585 14378 130
13585 9218 238
13585 10523 497
13585 12045 890
13585 3760 933
13586 8169 808
13586 7831 404
13586 5157 13
13586 10895 513
13587 15577 518
13587 8812 323
13587 2362 521
13588 9867 696
13588 14794 283
13588 14817 432
13589 3383 687
13589 173 1
13589 14533 774
13589 7784 473
13589 13697 166
13590 9702 746
13590 261 449
13590 7663 256
13591 10769 735
13591 9038 432
13591 3243 339
13591 12453 382
13591 5022 954
13591 1477 66
13592 7200 818
13592 2715 895
13593 11363 64
13593 2370 957
13593 10013 227
13593 9710 667
13593 8972 334
13593 2154 521
13593 3176 340
13593 13171 596
13594 11360 411
13594 12026 61
13595 4830 244
13595 7804 454
13595 6379 650
13595 5673 380
13595 10263 996
13596 5562 181
13596 8562 643
13596 2811 172
13596 930 739
13597 11571 839
13597 5427 232
13598 13919 892
13598 11625 262
13598 9380 709
13599 1181 951
13599 6943 258
13599 942 752
13599 9235 650
13600 1190 632
13600 1736 873
13600 757 567
13600 12040 437
13600 14097 66
13600 8702 962
13600 15969 934
13601 2374 679
13601 9641 846
13601 3933 582
13601 6492 213
13601 7267 569
13601 3498 793
13601 9312 610
13602 3027 290
13602 5113 924
13603 11663 456
13603 10526 251
13603 9658 792
13603 4217 812
13603 3922 277
13603 14848 921
13603 13521 301
13603 4625 936
13604 1765 4
13604 9171 74
13604 8984 303
13604 9931 697
13605 15783 217
13605 5504 165
13606 4127 155
13606 7255 815
13606 12255 676
13606 1244 733
13606 11902 565
13606 1852 288
13606 8938 652
13606 8961 73
13606 8493 773
13606 1577 265
13606 2982 914
13607 14931 353
13607 4037 198
13608 1976 420
13608 12817 440
13608 8145 659
13608 1368 754
13608 9080 724
13608 1257 475
13608 14520 188
13608 11627 286
13609 2377 558
13609 6573 256
13609 4510 460
13609 13526 745
13609 11860 867
13610 14500 485
13610 1191 673
13610 8003 97
13610 2133 54
13610 6915 337
13610 947 873
13611 8045 888
13611 699 373
13611 7734 86
13612 3277 119
13612 2638 753
13612 4942 688
13612 2867 864
13612 13960 684
13612 357 51
13613 7871 519
13613 9853 802
13613 7436 880
13613 5610 708
13613 10463 793
13613 2159 572
13613 7884 423
13614 2440 751
13614 627 65
13615 1192 569
13615 9839 63
13615 6434 974
13615 3578 685
13615 11116 370
13615 589 506
13615 8457 857
13615 2818 391
13615 11096 141
13616 14048 864
13616 14731 699
13617 14589 105
13617 664 441
13618 6974 84
13618 12141 953
13618 9340 569
13619 10759 220
13619 14483 420
13619 8597 517
13619 12887 458
13620 9193 679
13620 10278 734
13620 7248 831
13620 8481 621
13620 9908 866
13620 8877 626
13621 125 600
13621 2643 692
13621 10193 794
13621 993 298
13622 9289 6
13622 10483 299
13622 13937 28
13622 14585 249
13622 728 357
13623 12473 682
13623 938 612
13623 14667 226
13623 11494 677
13624 2139 303
13624 13884 387
13625 12772 959
13625 1652 689
13625 1586 430
13625 6055 647
13625 14439 395
13626 9237 63
13626 6096 607
13626 3698 708
13627 5253 617
13627 15567 948
13627 11216 386
13627 12122 298
13627 6880 155
13627 13373 656
13628 9906 698
13628 3558 330
13628 10582 517
13628 14037 759
13628 3847 157
13628 6081 42
13628 5793 602
13628 5701 625
13629 11856 256
13629 5795 754
13629 5869 931
13630 13559 16
13630 4536 836
13630 15316 924
13630 13715 1000
13630 6119 502
13631 9924 223
13631 1532 601
13631 1885 703
13631 4127 443
13631 2537 875
13632 15333 367
13632 9521 454
13632 5489 97
13632 5736 280
13632 737 264
13633 9132 915
13633 14144 355
13634 14994 282
13634 11583 593
13634 9448 991
13634 5727 25
13634 1568 589
13634 8038 95
13635 13337 364
13635 7331 175
13636 10444 938
13636 6550 422
13637 9896 767
13637 1019 579
13637 3040 510
13637 3620 381
13638 3437 910
13639 15507 690
13640 656 384
13640 12006 824
13640 6177 627
13640 4197 550
13641 12370 493
13641 3254 142
13641 9628 626
13641 3911 220
13641 1835 737
13641 3366 589
13642 423 970
13642 15068 262
13643 8008 825
13643 10762 23
13643 6821 427
13643 15414 90
13643 8056 309
13644 6847 481
13644 970 547
13644 8312 647
13644 6592 252
13644 2395 498
13644 15255 569
13645 6610 152
13645 2846 570
13645 13943 792
13646 9149 956
13646 12082 262
13647 13524 211
13647 8334 456
13648 8103 354
13648 8357 860
13648 3624 384
13648 5240 509
13648 15303 982
13649 2353 748
13649 8105 65
13649 13034 457
13649 4853 480
13650 13200 354
13650 6924 611
13650 10258 228
13650 8964 631
13651 4270 512
13651 13414 768
13651 6741 994
13651 4557 509
13651 14385 794
13652 2038 648
13652 13248 851
13652 14272 736
13652 12948 812
13653 4527 131
13653 13600 14
13654 7352 378
13655 11594 279
13655 1071 689
13655 8302 543
13655 1479 933
13655 12846 627
13655 14842 32
13656 9313 141
13657 14111 320
13657 8178 942
13657 3338 882
13658 6774 158
13658 7291 159
13658 12898 617
13658 7945 96
13658 12820 591
13658 14588 197
13658 13751 955
13658 4283 218
13659 4068 189
13659 10227 804
13660 4365 898
13660 13250 385
13660 7937 37
13661 12946 857
13661 920 459
13661 457 182
13661 6086 85
13661 8165 534
13661 15802 961
13661 15916 573
13661 15129 216
13661 10307 40
13661 13647 288
13661 964 505
13661 5010 457
13662 1284 477
13662 10844 63
13662 2621 11
13663 15195 949
13663 7087 95
13664 13390 720
13665 7691 555
13665 270 750
13665 1619 317
13665 4708 868
13666 8416 892
13666 2910 310
13666 4866 841
13667 1072 24
13667 1206 199
13667 2065 478
13667 9999 320
13667 12329 879
13667 11669 683
13667 13418 934
13667 1723 189
13667 4534 442
13668 1319 803
13668 15904 387
13668 364 778
13668 3018 112
13668 5672 802
13669 7572 282
13670 14493 416
13670 13217 303
13670 9441 659
13670 13983 202
13671 2849 227
13671 4409 838
13671 11842 11
13671 7769 408
13671 8943 112
13671 5659 646
13671 14486 943
13672 1672 406
13672 13177 774
13673 5932 372
13673 5265 123
13673 12369 591
13674 12031 948
13674 3240 183
13675 11117 100
13675 14638 243
13675 7405 333
13675 6558 791
13675 12624 189
13676 13628 237
13676 9608 792
13676 12255 685
13677 1708 843
13677 15400 898
13677 6115 510
13677 92 935
13677 6752 338
13678 12340 742
13678 12601 401
13678 10781 843
13678 8720 818
13679 13187 68
13679 2766 922
13680 12571 306
13680 15104 653
13680 14027 643
13681 14209 297
13681 3559 525
13681 4385 447
13682 8152 884
13683 5712 255
13683 13154 604
13684 11821 478
13685 15656 717
13685 9823 384
13685 13487 168
13685 13710 390
13685 3619 56
13685 12646 400
13685 12737 886
13685 6421 876
13685 15925 770
13686 1032 471
13686 5068 674
13686 6972 360
13686 1487 672
13687 2289 553
13687 2429 570
13687 3314 837
13687 15361 174
13687 2566 877
13687 14948 91
13688 847 327
13688 203 307
13688 400 762
13688 13636 659
13688 6447 350
13688 6759 655
13688 7390 8
13688 5629 463
13689 1586 403
13689 5193 4
13689 8475 828
13689 11479 916
13690 5023 58
13690 831 864
13690 1087 580
13691 13548 186
13691 466 563
13691 7967 40
13692 7283 241
13692 987 568
13692 4879 756
13692 13681 699
13692 15364 578
13693 6991 562
13693 4407 44
13693 5805 664
13693 9519 496
13693 3646 217
13693 8942 550
13693 3482 258
13694 3600 348
13694 1789 676
13694 405 686
13694 12007 483
13694 5546 861
13694 968 929
13694 13843 513
13695 13606 9
13695 12787 77
13695 7392 898
13696 12536 394
13696 12213 226
13696 12401 296
13696 12002 878
13697 9604 971
13697 1185 710
13698 10958 393
13698 941 409
13698 8428 352
13698 9613 794
13698 4502 450
13698 9120 745
13698 8022 62
13699 15743 559
13699 4037 337
13699 10371 89
13699 5706 966
13700 12977 645
13700 12366 313
13700 9514 525
13700 1649 425
13700 5666 453
13700 2712 323
13701 15699 459
13701 14544 992
13701 8176 449
13701 14705 264
13701 6143 163
13701 10569 302
13702 7191 885
13702 2028 39
13703 9746 754
13703 10000 937
13703 10564 986
13703 14860 779
13704 15576 310
13704 5157 414
13704 8897 349
13704 1110 257
13705 8834 876
13705 12015 265
13706 5759 218
13707 9734 725
13707 15211 793
13707 7790 368
13708 14061 830
13708 1861 237
13708 12355 171
13708 3910 119
13709 10596 775
13709 7121 256
13709 10416 319
13709 14568 932
13709 10780 57
13709 3668 946
13709 10415 360
13709 8844 97
13710 15971 44
13710 5073 796
13710 12431 835
13711 1209 715
13711 10815 806
13711 8744 429
13711 6877 835
13712 2667 607
13712 8720 36
13712 13554 109
13712 15554 738
13712 263 631
13713 15396 289
13713 4995 415
13713 752 434
13713 3675 981
13713 4791 325
13713 10313 215
13713 14324 127
13713 13391 81
13713 9254 159
13714 9703 212
13715 12124 166
13715 1110 382
13716 13993 783
13716 13349 156
13716 15525 661
13716 2842 628
13716 276 564
13716 10934 703
13716 4307 908
13717 12372 542
13717 9594 55
13717 15381 542
13717 1004 909
13717 12830 836
13717 1121 610
13718 14066 783
13718 15434 617
13718 12755 826
13718 8368 457
13719 11774 71
13719 2362 229
13719 1298 111
13719 12400 745
13719 911 84
13720 12147 693
13720 3543 81
13721 5635 365
13721 9615 864
13721 6794 462
13722 6194 887
13722 10510 976
13722 9601 489
13723 3379 103
13723 9203 572
13723 7367 629
13724 15241 830
13724 1759 122
13724 2981 479
13724 7426 509
13724 10235 237
13725 15359 370
13725 12622 654
13726 457 466
13726 11520 167
13726 7351 835
13726 13727 573
13726 6209 343
13726 13976 111
13726 387 196
13726 322 904
13726 9631 18
13727 11195 247
13727 9191 141
13727 9853 239
13728 12504 280
13728 7262 939
13728 3851 280
13728 5551 1000
13728 6624 745
13729 6301 638
13729 11213 330
13729 3980 667
13729 15726 871
13729 6117 770
13730 12525 780
13730 6180 55
13730 10016 5
13730 11424 737
13730 3014 494
13731 434 392
13731 12354 599
13731 9873 737
13731 7375 46
13731 2845 906
13731 2797 545
13732 13259 53
13732 13251 489
13732 7372 523
13732 7446 976
13732 11485 824
13732 11715 747
13733 3721 226
13733 3133 584
13733 8836 187
13734 966 178
13734 3822 690
13734 6637 66
13735 9657 315
13735 10407 800
13736 11638 545
13736 8111 477
13736 12827 925
13736 13796 897
13736 5096 607
13736 10081 23
13737 14022 758
13737 7113 267
13737 12224 781
13739 9509 994
13739 15096 310
13739 399 220
13739 1805 458
13740 10338 401
13740 11301 633
13740 10934 306
13740 7720 870
13741 10551 928
13741 10443 792
13741 14430 778
13742 9048 985
13742 6985 459
13742 6656 494
13743 5988 112
13743 7227 152
13743 1746 871
13744 7529 252
13745 12811 254
13745 15239 111
13746 133 778
13746 8216 131
13746 1974 231
13748 2942 308
13748 14012 509
13748 11004 200
13749 3651 499
13749 1378 287
13749 4367 1000
13749 14988 303
13749 6315 400
13750 12051 6
13750 13324 737
13750 13475 714
13750 13421 66
13750 7541 384
13750 13943 518
13750 5678 844
13751 5936 470
13751 15773 602
13751 6540 972
13751 568 992
13752 5426 682
13752 1024 2
13752 1694 957
13752 2732 957
13752 8171 879
13752 8305 649
13753 416 601
13753 585 6
13753 1000 125
13753 2712 334
13754 651 952
13754 833 372
13755 4819 902
13756 3251 437
13756 15447 664
13756 7424 224
13756 557 615
13757 12057 73
13757 12976 865
13757 15123 233
13757 2176 400
13758 11175 417
13759 13078 722
13759 1547 881
13759 1446 598
13759 13914 546
13759 6352 612
13760 13291 426
13760 8792 72
13760 11046 148
13760 11394 555
13760 8310 225
13760 9757 172
13760 2579 761
13760 11878 345
13760 5810 479
13760 9515 803
13761 4730 829
13761 11510 984
13761 9874 710
13762 11541 478
13762 10780 59
13762 8091 164
13762 12604 625
13762 9484 794
13762 826 828
13762 3926 782
13762 2743 270
13762 6416 895
13763 8159 526
13763 11803 507
13763 926 462
13763 4949 95
13763 946 779
13763 1744 360
13764 8419 708
13764 9550 417
13764 9497 830
13764 8177 741
13765 9829 612
13765 4960 1
13765 15951 657
13766 4060 774
13766 11595 961
13766 3382 185
13766 1162 869
13767 4314 676
13767 2140 900
13767 13573 607
13767 13004 487
13768 10097 916
13768 1094 265
13768 14383 432
13768 1595 118
13769 15512 655
13769 9257 622
13769 384 459
13770 436 378
13770 1045 371
13770 3234 746
13770 7705 27
13770 10032 359
13770 12259 485
13771 3949 803
13772 11902 432
13772 6672 42
13772 8814 331
13772 10838 784
13772 7014 249
13773 5171 771
13773 10069 924
13773 2245 968
13774 7716 825
13774 7561 303
13774 15002 962
13774 12147 331
13774 7565 47
13774 261 904
13774 7407 818
13774 5371 414
13775 2176 53
13775 3996 57
13775 10596 924
13775 6531 457
13775 15603 625
13776 8764 638
13776 12 441
13776 9551 280
13776 4248 89
13777 3630 375
13777 6077 890
13777 11982 101
13778 3737 861
13778 680 188
13778 6682 832
13778 4269 883
13778 2170 881
13779 2953 67
13779 11765 800
13780 11341 151
13780 11 336
13780 5754 230
13780 7019 922
13781 15207 632
13781 12949 111
13781 2527 670
13781 4867 349
13782 3014 869
13782 13661 498
13782 6412 172
13782 1265 498
13783 11003 397
13783 1632 888
13783 2669 166
13783 12144 745
13783 3760 164
13783 2780 419
13784 3845 60
13784 15047 414
13784 10774 403
13784 10449 643
13785 6530 382
13785 8545 649
13785 15521 378
13785 9610 416
13785 15083 429
13785 5783 177
13785 6733 491
13785 8869 938
13786 12728 85
13786 2676 681
13786 539 60
13786 4811 47
13787 5165 606
13787 13296 337
13788 1237 347
13788 369 771
13788 1716 218
13788 8797 57
13788 1095 276
13788 10802 477
13788 13902 953
13789 13655 703
13789 978 67
13789 6169 175
13789 8334 891
13789 11683 269
13789 1618 275
13789 4829 929
13789 2135 874
13790 6826 521
13790 5285 681
13790 12442 635
13790 6237 68
13790 2170 560
13790 7933 803
13791 10790 412
13791 2148 441
13792 10416 918
13792 2130 256
13792 7593 67
13792 2452 699
13792 6280 810
13793 5164 896
13793 4296 579
13793 13039 814
13793 8464 295
13794 6480 529
13794 12766 450
13794 9914 518
13795 5574 334
13795 6202 168
13795 14560 421
13795 11918 838
13795 9919 900
13795 12185 589
13795 3757 923
13797 345 651
13797 5725 278
13797 7266 787
13797 8882 868
13797 11658 271
13797 7417 694
13797 12254 262
13798 201 909
13798 5592 350
13798 9453 933
13799 15220 681
13799 14770 65
13799 8276 691
13799 4337 632
13799 972 720
13799 11164 360
13799 4139 251
13800 9605 842
13800 15202 58
13801 11129 64
13801 13331 722
13802 8564 353
13802 4486 313
13802 14931 341
13802 7910 114
13803 6897 587
13803 7716 553
13803 9439 459
13803 909 661
13803 10551 573
13804 12381 526
13805 12349 457
13805 4414 826
13806 14459 679
13806 5308 717
13806 13065 430
13806 14563 998
13806 15697 911
13806 6984 522
13807 11459 224
13807 14872 783
13807 3958 547
13808 10516 601
13808 3345 293
13808 4479 796
13809 493 873
13809 12044 929
13809 15161 358
13809 2189 272
13809 7238 456
13809 950 590
13809 13418 9
13809 4796 656
13809 1778 239
13810 2507 546
13810 2073 446
13810 14141 431
13810 9270 857
13811 2336 330
13811 8548 399
13812 2896 821
13812 4029 882
13812 3306 298
13812 7596 464
13813 7834 272
13813 10897 497
13813 6050 441
13813 2386 464
13813 2031 580
13814 7281 508
13814 6777 415
13815 8027 398
13815 10780 41
13816 446 162
13816 12090 507
13816 11370 554
13816 6103 914
13816 5604 660
13816 7311 823
13817 12066 346
13818 2804 468
13818 12535 530
13818 5104 532
13818 4180 524
13819 5816 855
13819 14195 142
13820 10093 253
13820 9136 505
13820 2905 758
13821 12011 105
13821 2050 199
13821 11652 403
13822 12186 365
13822 7801 503
13822 11454 709
13822 10668 992
13822 1393 36
13822 15411 302
13823 1932 865
13823 9826 531
13823 9275 150
13824 3417 494
13824 10516 95
13824 5270 660
13824 12872 556
13824 7125 55
13825 9098 595
13825 9589 442
13825 15552 70
13825 10937 726
13826 5283 438
13826 1351 834
13826 4887 316
13826 1228 876
13826 12033 586
13826 2554 336
13827 4391 582
13827 8443 342
13827 12944 152
13827 824 24
13828 9991 523
13828 7400 319
13828 11780 821
13829 12758 884
13830 4733 902
13831 13597 539
13832 4126 305
13833 12810 488
13834 8718 629
13834 13246 10
13834 9777 325
13834 1518 880
13834 13599 350
13834 12635 293
13834 4508 180
13835 5126 69
13835 14024 338
13835 9269 375
13836 1270 641
13836 15786 852
13836 8984 392
13836 7491 49
13836 8776 703
13836 15016 431
13836 12309 393
13837 6276 299
13838 268 569
13838 6417 328
13839 5562 841
13840 3192 292
13840 13093 811
13840 15976 182
13840 6510 68
13840 7998 218
13841 3456 556
13841 11070 206
13841 12494 87
13841 1638 516
13841 8403 34
13841 5452 131
13841 13727 607
13842 8916 358
13842 9816 815
13842 5668 884
13842 1648 430
13842 7780 984
13842 7881 626
13842 660 799
13843 3984 734
13843 5014 167
13843 633 681
13844 10173 763
13844 4161 957
13844 5874 110
13844 14094 646
13845 10063 523
13845 878 502
13845 15449 217
13845 4415 131
13845 8901 276
13845 15888 138
13845 15557 469
13845 1718 576
13845 14543 810
13845 114 417
13846 15052 750
13846 7301 585
13846 2588 260
13846 11082 539
13846 15219 353
13847 304 188
13847 3555 895
13847 5976 121
13848 13794 347
13848 8708 784
13848 2785 558
13848 12971 32
13848 10419 117
13848 15341 786
13848 14967 499
13848 11820 48
13849 7859 600
13849 12422 900
13849 11069 660
13849 11113 114
13850 13006 205
13850 9534 28
13850 2914 324
13850 5938 243
13850 2768 306
13851 12291 211
13851 10644 453
13851 297 160
13851 13262 474
13852 4923 474
13852 3057 466
13852 417 907
13852 13154 59
13852 4901 486
13852 11391 594
13853 6442 756
13853 3055 457
13853 1428 259
13853 14450 147
13853 1920 113
13853 10049 340
13854 13474 247
13854 6577 163
13854 7013 811
13854 12157 122
13854 6114 357
13854 10707 35
13854 14037 159
13854 71 316
13854 3733 590
13854 15658 418
13855 5041 942
13855 3111 7
13855 4757 927
13855 6975 944
13855 9303 966
13855 14384 687
13855 11295 786
13856 8812 802
13856 5530 966
13856 5931 905
13856 3641 423
13857 13520 692
13857 1739 52
13857 11586 740
13857 9920 146
13857 2335 378
13857 13352 187
13857 12198 80
13858 11340 741
13858 15942 941
13858 8316 213
13858 2309 145
13858 11378 276
13859 13710 245
13859 10507 765
13859 9491 45
13859 7013 421
13859 10549 961
13860 7709 60
13860 5384 43
13860 8948 376
13860 2320 907
13860 2609 38
13861 7149 574
13861 6287 713
13861 2968 693
13862 13032 589
13862 12788 648
13863 14509 328
13863 7859 18
13863 15394 951
13863 15363 775
13863 9578 943
13864 10632 585
13864 14193 789
13864 7859 686
13864 12278 258
13864 7357 81
13865 5583 63
13865 10761 542
13865 3590 116
13865 1104 848
13865 13276 513
13865 384 881
13866 9296 479
13866 3940 387
13866 9662 390
13866 2604 665
13867 2542 436
13867 5709 547
13867 14012 877
13868 2528 339
13868 4477 233
13868 11093 725
13868 9079 300
13868 3161 47
13869 10677 157
13870 3749 332
13870 3417 153
13870 12183 526
13870 8993 301
13870 1628 431
13870 1540 783
13870 15540 894
13871 5654 43
13871 13378 350
13871 1189 14
13871 11563 306
13871 3069 772
13872 1797 616
13872 13431 323
13872 7143 640
13872 7352 523
13873 9965 170
13873 6478 471
13874 3057 306
13874 7230 408
13874 5668 58
13874 10071 683
13874 4435 210
13874 4754 804
13874 1163 471
13875 11643 886
13875 12812 800
13875 1410 590
13875 5993 195
13875 7066 287
13875 1346 60
13875 11372 754
13875 6867 78
13875 9211 402
13875 2084 36
13875 8974 686
13875 4011 369
13875 10320 489
13876 4559 112
13876 3258 439
13876 15873 91
13876 128 90
13876 5786 424
13876 12976 649
13876 12597 633
13876 1118 810
13877 5258 383
13877 7908 196
13877 8942 784
13878 12540 824
13878 7310 232
13878 6720 363
13878 4630 753
13878 11266 43
13878 11204 748
13879 4413 547
13879 2674 927
13880 2007 829
13881 11969 883
13882 12563 211
13882 4021 965
13882 7063 902
13882 10180 281
13882 13486 452
13882 11706 164
13882 4561 552
13882 13377 116
13883 10364 42
13883 4533 916
13883 5901 319
13883 11007 173
13884 13680 828
13884 7083 732
13884 9471 23
13884 4806 496
13884 8693 93
13885 4381 434
13885 5567 530
13885 8535 185
13885 622 188
13885 2082 997
13886 14878 870
13886 10708 860
13886 2431 910
13886 11046 102
13886 11886 365
13886 1964 390
13887 14254 132
13887 11012 536
13887 11148 683
13887 14341 737
13887 14192 305
13888 4233 986
13888 8974 261
13888 9383 839
13889 3687 824
13889 4148 630
13889 7720 988
13889 8282 996
13889 6424 893
13890 5110 588
13890 7415 39
13890 5928 262
13890 6489 838
13891 7668 987
13892 4590 491
13892 8689 118
13892 10161 713
13893 3604 299
13893 15837 434
13893 5961 836
13894 13811 158
13894 4060 766
13894 7254 436
13894 5099 761
13894 7709 42
13894 13297 848
13895 12910 555
13895 8230 853
13895 5883 166
13895 9386 183
13895 2197 45
13896 3358 506
13896 12902 160
13896 4286 648
13896 9408 647
13897 5798 767
13897 7026 584
13897 7643 392
13897 6415 508
13897 8893 888
13897 10643 407
13897 44 574
13898 14591 86
13898 12883 407
13898 14779 909
13899 6931 37
13899 11174 934
13899 1849 563
13899 6376 746
13899 2020 162
13899 8988 247
13899 9141 224
13900 15649 177
13900 9327 472
13901 6567 898
13901 13548 929
13901 6921 612
13901 3706 946
13901 11408 671
13902 9313 427
13902 13442 339
13902 5839 669
13903 3888 792
13903 1317 639
13903 7395 333
13903 158 116
13903 5977 250
13903 12193 610
13903 15713 865
13904 1350 359
13904 15844 653
13904 9307 368
13905 5604 514
13905 3658 452
13905 8368 551
13905 10130 410
13906 6037 117
13906 11162 858
13907 10571 685
13907 13169 209
13907 4270 57
13908 5252 935
13908 448 776
13908 7760 867
13908 4406 736
13908 5435 903
13908 5741 495
13909 9223 871
13909 9591 919
13909 3728 744
13909 14861 522
13910 14855 35
13910 10680 930
13910 1272 363
13910 392 986
13910 14214 203
13910 10461 696
13910 11519 299
13910 5082 853
13911 3494 791
13911 13516 74
13911 7160 228
13911 10942 921
13911 11700 577
13911 3435 777
13911 15152 338
13911 13362 13
13912 15081 662
13912 5840 554
13912 6119 171
13912 3519 491
13912 10723 483
13912 13169 689
13913 3254 508
13913 9990 591
13914 5231 836
13914 6234 917
13914 9876 846
13914 3743 814
13914 2677 262
13914 5578 852
13915 342 173
13915 15042 738
13915 869 484
13915 15735 755
13915 15465 386
13916 10745 4
13916 3052 610
13916 10282 444
13916 9508 148
13916 2154 258
13917 3545 771
13917 9115 547
13917 10349 367
13917 11026 456
13918 3903 36
13918 14634 177
13918 4108 830
13918 6360 731
13919 1606 578
13919 249 189
13919 10897 53
13919 3721 699
13919 2160 34
13920 7152 328
13920 3611 111
13920 12780 957
13920 6569 492
13920 14147 266
13920 2106 855
13920 14396 969
13921 3404 545
13921 15986 942
13921 13476 957
13921 14010 514
13921 4004 947
13921 15350 488
13922 7175 376
13922 12535 951
13922 2806 519
13922 12413 116
13923 15796 346
13923 14455 428
13923 2004 93
13923 4949 168
13923 5393 126
13923 2747 475
13923 1597 496
13923 7710 16
13923 696 556
13923 1620 444
13924 9196 246
13924 8568 498
13924 11892 529
13924 8701 634
13924 7451 157
13925 4966 578
13925 3147 872
13926 7774 782
13926 1338 974
13926 6352 234
13926 15619 9
13926 7999 766
13927 5888 390
13927 10272 30
13928 5809 825
13928 1755 662
13928 11262 720
13928 11612 898
13929 5051 399
13929 14881 531
13929 8386 109
13930 12 740
13930 5714 761
13930 9934 700
13930 13640 902
13930 11682 500
13931 3586 952
13932 15363 317
13932 4816 916
13932 13380 414
13933 5403 102
13933 14713 852
13933 3565 393
13933 4539 212
13933 11535 160
13934 5805 226
13934 5073 576
13934 11353 776
13935 10545 736
13935 15628 953
13935 3861 947
13935 298 962
13935 12552 315
13935 4238 603
13935 6446 479
13936 3539 282
13936 8842 708
13936 2142 165
13936 11860 430
13936 1748 194
13936 2946 373
13936 15201 859
13937 15411 842
13937 24 278
13937 5874 868
13937 3361 467
13937 1686 265
13937 11743 302
13937 13938 694
13937 6885 811
13938 9510 347
13938 6786 555
13938 4095 689
13939 3650 382
13939 2000 94
13940 14423 702
13940 15146 288
13940 3631 318
13940 13431 527
13940 10522 321
13941 13887 553
13941 10279 540
13941 4579 147
13941 242 976
13942 14240 217
13942 12748 548
13942 3548 331
13942 2497 937
13942 11502 306
13942 3822 736
13943 9565 425
13943 1616 378
13943 13945 953
13943 5487 527
13943 8980 908
13943 4498 359
13944 7917 537
13944 13457 948
13944 4912 666
13944 6158 797
13944 2018 948
13945 13212 82
13945 14023 214
13945 14283 536
13946 14578 700
13946 7487 517
13946 2688 796
13947 6435 566
13947 8942 961
13948 231 605
13949 9333 866
13949 459 814
13949 3713 597
13949 5946 835
13949 5793 205
13949 11402 262
13949 1268 950
13949 11153 764
13950 15025 211
13950 7216 928
13950 5054 42
13951 11355 695
13951 12839 855
13951 5499 423
13951 3768 27
13952 11541 842
13952 1455 804
13954 14068 885
13954 1656 720
13955 6081 984
13955 15995 455
13955 7218 616
13955 8583 299
13955 13851 441
13956 5057 215
13956 13895 345
13956 13561 225
13956 5261 150
13956 7108 291
13956 3436 915
13957 3687 823
13957 2772 534
13957 8713 921
13957 14533 448
13957 9044 156
13957 11770 755
13958 3536 818
13959 13693 690
13959 6073 663
13959 4303 463
13960 6730 1000
13960 9428 896
13961 7495 357
13961 361 515
13961 6209 631
13961 352 620
13962 13184 556
13962 5728 361
13962 3174 126
13962 7061 740
13962 5240 516
13963 5097 12
13963 10710 583
13963 601 782
13963 6291 576
13963 13781 64
13964 10631 425
13964 1778 615
13964 753 99
13965 15202 796
13965 9402 139
13965 11126 774
13965 519 797
13966 6301 168
13966 10665 908
13966 15226 832
13966 6447 397
13967 15079 487
13967 8016 900
13968 10600 892
13968 12068 306
13968 8740 608
13968 9221 732
13969 11319 137
13969 4525 588
13969 11269 372
13969 2880 537
13969 13884 551
13970 8694 339
13970 10469 94
13970 14873 529
13970 6304 9
13971 13828 587
13971 7231 762
13971 15459 414
13971 1722 389
13972 7635 191
13972 13199 613
13972 15391 509
13973 12053 431
13973 4853 57
13973 15416 450
13973 14690 974
13973 14016 766
13974 4250 181
13974 2435 355
13974 3711 331
13974 15967 969
13974 7772 387
13974 3039 786
13975 12001 766
13975 4041 334
13975 1917 278
13975 1490 800
13975 3972 39
13976 11331 465
13976 11120 722
13977 11775 824
13977 5109 589
13977 4977 246
13978 3645 137
13978 6369 586
13978 12995 352
13978 10572 450
13979 9344 78
13979 10018 447
13979 7519 927
13980 12143 993
13980 6720 34
13980 10340 349
13981 12031 511
13981 14553 586
13981 4356 930
13981 12606 204
13981 9730 657
13981 13721 243
13982 15873 553
13982 5789 723
13982 14091 42
13982 3635 295
13982 7968 497
13982 8794 663
13984 5299 858
13984 12850 843
13984 2655 851
13985 6621 881
13985 13692 80
13985 7671 164
13985 5710 742
13985 3688 641
13986 2816 794
13986 13742 75
13986 5740 473
13987 12496 817
13987 7185 433
13987 13608 611
13988 13292 7
13988 1289 764
13988 7490 250
13989 8027 591
13989 281 516
13989 4542 824
13989 15426 182
13990 4368 799
13990 14419 580
13990 11317 196
13991 3923 190
13991 7518 202
13991 9555 193
13992 13811 18
13992 11411 730
13992 10956 78
13992 6853 531
13993 930 440
13993 5581 133
13993 3758 128
13993 12189 579
13993 404 949
13993 11980 196
13994 8470 180
13994 6736 60
13995 4004 614
13995 6620 71
13995 5381 313
13995 15756 611
13995 7539 992
13995 9056 699
13996 4241 574
13996 5091 396
13996 4318 185
13996 10804 221
13996 2471 903
13996 692 645
13997 11981 241
13997 6365 890
13997 12332 14
13997 14165 208
13997 10948 394
13997 532 595
13997 8342 152
13998 13173 812
13998 2351 267
13998 3071 521
13998 9286 654
13998 2107 919
13998 10012 905
13999 15106 476
13999 4862 915
13999 5509 25
13999 10415 799
13999 11983 351
13999 13105 6
14000 1265 587
14000 14891 986
14000 15876 985
14001 1940 797
14001 2012 103
14001 8762 799
14001 6043 825
14002 209 809
14002 6919 833
14002 9954 326
14002 10141 126
14002 13627 524
14003 13379 306
14003 9878 153
14003 3213 211
14004 13038 553
14004 4653 766
14004 8837 276
14004 14405 533
14004 2952 871
14005 7929 584
14005 11617 958
14005 1740 202
14005 6026 46
14006 8251 902
14006 11156 209
14006 14719 331
14006 295 802
14006 5640 822
14007 2780 195
14007 1770 243
14007 1112 602
14007 5868 816
14009 7580 2
14009 2238 548
14009 6160 454
14010 11117 191
14010 7751 203
14010 14811 197
14010 1842 774
14010 13449 369
14010 6821 522
14011 4454 535
14011 10140 155
14011 4796 593
14011 15226 434
14011 15737 147
14011 7217 537
14011 5846 611
14012 8773 113
14012 12471 757
14012 13629 841
14012 10521 427
14013 4835 278
14013 10928 831
14013 9738 569
14013 1550 711
14013 13994 88
14013 7001 721
14013 3286 392
14015 2876 803
14015 1480 382
14015 3702 264
14015 8608 215
14016 8774 112
14016 15762 94
14016 764 701
14016 3951 533
14017 11336 562
14017 5009 71
14017 12193 804
14017 10217 898
14017 4850 377
14017 11694 630
14018 12975 400
14018 14053 230
14019 12074 803
14019 11725 318
14019 15398 78
14019 2777 609
14019 5297 375
14019 5436 334
14020 15044 161
14020 1567 964
14020 1263 922
14020 15749 464
14021 5399 366
14021 11982 279
14021 2064 671
14022 12742 833
14022 9432 121
14022 5304 605
14023 6404 653
14023 4377 14
14024 1771 157
14024 6261 875
14024 9722 466
14024 15933 440
14025 5328 167
14025 8328 352
14026 11195 882
14026 9945 992
14026 5048 291
14026 8779 328
14027 3134 880
14027 13866 523
14027 13680 498
14028 11121 936
14028 4013 163
14029 4952 670
14029 13438 280
14029 7291 872
14029 10360 222
14030 9971 893
14030 3290 153
14030 3440 751
14030 9786 760
14031 9653 531
14031 13094 511
14031 752 419
14031 15699 525
14031 10521 867
14032 2121 642
14032 8124 411
14033 3618 483
14033 2365 415
14034 3683 908
14034 5152 289
14034 7389 40
14034 3435 497
14034 11816 629
14034 5825 167
14034 6072 70
14035 5496 404
14035 8351 950
14035 11923 451
14035 13827 631
14036 11830 960
14036 962 397
14036 7413 191
14037 9509 398
14037 8719 80
14037 11840 285
14038 11769 812
14038 3440 785
14038 3997 648
14038 15057 79
14038 8721 262
14039 11404 877
14039 7737 430
14039 12955 278
14039 7846 265
14041 13119 242
14041 5012 972
14041 7824 174
14041 1170 492
14041 7807 193
14042 1833 472
14042 14494 383
14042 7670 741
14042 3356 734
14042 13756 767
14042 2923 872
14043 11847 846
14043 2165 950
14043 8664 220
14043 10915 359
14043 8362 615
14044 7252 932
14044 6290 503
14044 7363 492
14044 10579 784
14045 9012 612
14045 9011 528
14045 10957 379
14045 6929 608
14045 4381 362
14045 14662 736
14046 13257 560
14046 10830 975
14046 15827 972
14046 13577 164
14046 14183 427
14046 1254 817
14047 15956 960
14047 3946 533
14047 8526 45
14047 13829 861
14047 2902 858
14048 2135 657
14048 4575 366
14048 13079 366
14048 6134 843
14048 3285 304
14048 15687 907
14048 1984 608
14048 15130 314
14048 13336 578
14049 1417 663
14049 6367 353
14049 643 114
14049 14631 63
14049 2385 21
14050 1947 758
14050 13048 114
14050 15144 830
14050 9958 765
14050 720 97
14050 6901 665
14051 3104 532
14051 6313 49
14052 5220 766
14052 14814 763
14052 1207 882
14053 15045 530
14053 6687 545
14053 12936 997
14053 4986 467
14053 279 634
14053 8610 754
14054 10674 987
14054 9015 990
14054 568 909
14054 4555 261
14054 15563 491
14055 11392 265
14055 11699 672
14055 4962 195
14055 2763 171
14056 12014 682
14056 330 649
14056 9959 285
14056 10140 7
14057 148 753
14057 251 762
14057 1991 992
14057 10384 381
14057 7973 902
14058 5562 65
14058 10641 497
14058 11871 611
14058 12156 645
14059 4699 172
14059 12082 498
14059 3624 280
14060 614 316
14060 12784 740
14060 7394 301
14060 8431 259
14060 5095 893
14060 1160 215
14061 9107 34
14061 1013 230
14062 2578 252
14062 7013 89
14062 2529 186
14062 2996 2
14063 5128 155
14063 11547 234
14064 11583 281
14064 15710 591
14064 2560 570
14064 10424 425
14064 2562 926
14065 4830 713
14065 13567 765
14065 14753 936
14065 13577 484
14065 14140 142
14065 3191 988
14066 7629 678
14066 3161 884
14066 1757 303
14066 154 769
14066 7253 88
14066 15383 767
14067 897 876
14067 13140 725
14067 12178 198
14067 3199 488
14067 8049 970
14067 507 378
14067 11194 83
14067 7620 199
14067 8640 216
14068 2637 552
14068 6321 642
14068 11740 690
14068 8092 927
14069 4888 661
14070 15752 573
14070 2319 666
14070 11117 815
14071 5669 668
14071 756 268
14071 1316 167
14072 2556 801
14072 14966 802
14072 9143 284
14072 3977 119
14073 15421 394
14073 3813 156
14074 15612 26
14074 14395 535
14074 9165 128
14074 13472 275
14075 8919 161
14075 9408 432
14075 903 558
14075 3537 669
14075 1047 380
14076 1880 431
14076 5731 623
14076 4826 297
14077 13808 998
14077 6331 51
14077 7705 71
14078 5728 508
14078 8104 821
14078 13813 734
14078 11095 898
14078 8415 972
14078 12974 842
14078 9851 112
14078 12783 209
14079 13366 57
14079 10602 655
14079 6777 534
14080 12801 815
14080 9007 634
14080 15794 599
14080 1157 367
14080 175 913
14080 8376 407
14080 11950 849
14081 12492 106
14081 6652 407
14081 12460 427
14082 4520 348
14082 703 411
14082 5713 591
14082 1426 929
14082 15915 85
14082 8157 755
14083 11906 853
14083 5986 28
14083 14664 367
14084 1431 219
14084 3862 902
14084 3564 767
14084 2467 126
14084 4419 949
14085 8595 373
14085 15392 688
14085 3516 125
14085 14373 29
14085 929 38
14085 5723 467
14086 9378 342
14086 8417 800
14086 1262 465
14087 4813 824
14087 6586 63
14087 3800 223
14088 7571 920
14088 2379 158
14088 15366 836
14088 4891 775
14089 3709 413
14089 7215 370
14089 3966 167
14090 13244 747
14090 1267 108
14090 2720 66
14090 9652 64
14090 7100 569
14090 699 382
14091 3492 835
14091 13904 46
14091 1149 729
14091 11460 527
14091 6919 340
14092 7168 578
14092 14200 332
14092 6169 455
14092 13878 998
14093 10338 423
14093 15421 292
14093 1857 78
14093 6567 459
14093 6184 230
14094 2640 305
14094 15923 330
14094 15389 816
14094 2460 649
14094 7477 243
14094 7042 617
14095 9450 989
14095 2116 963
14095 399 335
14096 4314 28
14096 4510 260
14096 3517 601
14096 6684 992
14097 11999 86
14097 13933 105
14098 10517 201
14098 14244 990
14098 5666 364
14099 12647 711
14100 10686 473
14100 1129 611
14100 9634 382
14100 3968 744
14101 13614 475
14101 3214 713
14101 15065 292
14101 6077 861
14101 7591 79
14101 14485 808
14102 12983 531
14102 123 849
14102 14348 911
14102 6665 29
14102 13801 831
14102 3373 943
14103 15600 498
14103 12916 410
14103 13847 19
14103 8168 254
14103 11305 92
14103 13631 505
14103 6705 627
14104 9139 889
14104 13108 409
14104 13226 896
14104 15379 761
14104 230 261
14105 10519 123
14105 11347 692
14105 14516 792
14105 4508 521
14105 14272 670
14106 91 858
14106 14314 729
14106 6070 722
14106 3688 276
14106 1075 540
14106 14929 386
14107 844 818
14107 4843 925
14107 2848 213
14107 12792 998
14107 5121 668
14108 11479 3
14108 5431 890
14108 3603 242
14108 12639 59
14108 2349 309
14108 4268 945
14109 11322 840
14110 4569 732
14110 13148 556
14111 5887 229
14112 7780 326
14112 5038 834
14112 13601 150
14112 9581 278
14112 14699 35
14112 11341 796
14113 1102 371
14113 12071 162
14114 13631 115
14114 3620 127
14114 2626 962
14114 10997 221
14114 12313 42
14115 118 137
14115 3332 972
14116 12860 607
14116 4970 259
14116 111 839
14116 12818 833
14117 8135 736
14117 369 711
14117 507 25
14117 10345 758
14117 797 384
14117 9164 277
14117 7131 357
14117 1150 947
14118 4707 126
14118 12515 841
14118 973 402
14119 6812 426
14119 4870 990
14119 14911 527
14119 14580 122
14119 12793 877
14119 6602 631
14120 1357 52
14120 11345 435
14120 10919 18
14120 5070 130
14120 10023 488
14120 4453 699
14120 284 572
14121 970 490
14121 2776 261
14121 10249 325
14122 2409 678
14122 8952 213
14122 11831 920
14123 15020 636
14123 7114 329
14123 1162 311
14123 9627 126
14123 1701 598
14123 4314 419
14123 13796 68
14123 10369 260
14123 15266 391
14123 3151 395
14123 1132 306
14123 389 410
14124 7240 881
14124 6511 496
14124 14059 613
14124 8281 672
14125 11144 392
14125 12931 861
14125 7185 746
14125 11117 911
14126 8591 194
14126 14291 188
14126 13314 463
14126 6393 124
14126 12137 26
14126 2463 444
14127 14135 469
14127 10764 34
14127 8157 675
14127 4398 369
14127 4343 148
14127 0 22
14128 14048 797
14128 12277 720
14129 12445 212
14129 7651 151
14129 11949 738
14130 10452 476
14130 12564 82
14130 8461 735
14130 12283 774
14130 10047 537
14131 11048 584
14131 544 734
14131 11232 101
14131 15246 144
14131 1146 524
14131 13930 189
14131 1164 797
14132 4171 900
14132 6664 358
14133 7229 78
14133 11163 11
14133 14886 727
14133 1047 104
14135 15555 660
14135 8435 277
14135 3521 554
14135 1786 326
14135 11504 463
14136 5315 886
14136 12 537
14136 11426 453
14136 12607 828
14136 4528 434
14136 10430 757
14136 14482 87
14136 1268 830
14136 5357 962
14137 14066 294
14137 10908 227
14137 5543 123
14137 15349 669
14137 7562 558
14137 7910 912
14137 3032 589
14137 8740 21
14137 5148 702
14138 4534 299
14138 6582 801
14138 328 475
14139 15861 956
14139 3918 316
14139 3422 954
14139 14200 385
14139 6208 910
14140 300 350
14140 795 16
14140 12803 301
14141 1297 158
14141 330 402
14142 3107 138
14142 10739 737
14142 15902 859
14142 951 353
14142 12137 726
14142 3643 328
14143 4938 403
14143 13975 292
14143 3979 145
14143 531 459
14143 14310 376
14144 15830 596
14144 10833 371
14145 14776 40
14146 11207 386
14146 13556 856
14146 6247 534
14146 2879 729
14146 900 50
14147 14367 755
14147 14479 399
14148 11434 411
14148 8437 90
14148 9018 679
14148 9161 364
14148 11327 190
14148 12053 954
14149 6085 176
14149 9073 978
14149 9963 552
14149 7843 890
14149 8848 718
14149 10455 729
14150 3120 660
14150 3382 768
14151 5116 707
14151 5232 666
14151 7615 937
14151 4322 740
14151 2454 461
14152 9590 53
14152 10170 532
14152 424 264
14152 13531 360
14152 14103 604
14152 10186 413
14153 4725 567
14153 6987 705
14153 14373 62
14153 1960 746
14154 13036 531
14154 4331 204
14154 15966 463
14154 4380 273
14154 9697 618
14154 4613 643
14155 11710 107
14155 9910 284
14155 7660 864
14156 4645 929
14156 3203 738
14156 13453 324
14156 454 668
14156 13159 105
14156 7062 855
14157 308 796
14157 4015 83
14157 13557 717
14157 581 130
14158 13415 587
14158 6665 543
14158 6960 805
14158 11747 884
14159 14539 951
14159 13252 384
14159 12392 366
14159 9275 544
14160 5805 789
14160 13013 904
14160 7913 29
14160 541 447
14160 837 956
14161 9534 599
14161 9844 325
14161 9817 732
14161 8234 848
14162 12814 119
14162 6629 727
14162 4760 781
14162 15440 580
14163 7330 406
14163 5408 686
14163 11180 873
14163 15518 876
14163 3056 353
14163 3149 514
14163 12177 877
14163 14085 816
14164 1564 63
14164 512 222
14164 14125 483
14164 2672 515
14164 2135 489
14164 3832 168
14165 5116 17
14165 13314 646
14166 9486 759
14166 2143 901
14166 4373 419
14167 15806 722
14167 7091 431
14167 9409 381
14167 7964 206
14167 6104 175
14168 11814 471
14168 12082 37
14168 3101 277
14169 3630 690
14170 7374 148
14170 7883 100
14170 1301 752
14170 10800 322
14171 15851 505
14171 10166 507
14171 5389 231
14171 10520 948
14171 8682 123
14172 949 987
14173 7545 741
14173 13690 897
14173 15297 136
14174 8201 67
14174 3280 228
14174 14432 87
14175 11131 911
14175 9016 648
14175 4715 216
14175 1843 874
14176 10001 5
14176 15539 125
14176 11747 633
14177 11766 901
14177 7911 169
14177 5805 120
14177 8303 702
14177 6583 872
14178 5654 310
14178 10025 703
14178 10388 608
14178 5906 138
14178 12131 798
14178 5141 255
14178 4928 115
14179 12076 204
14179 14031 502
14179 10517 731
14179 12146 359
14179 3658 669
14179 3924 127
14179 5210 110
14180 207 730
14180 8236 891
14180 11599 370
14181 15948 63
14181 5045 162
14181 4127 509
14181 8732 751
14181 5248 54
14181 3355 893
14182 12476 644
14182 10053 76
14182 15154 498
14182 7430 715
14182 10613 418
14183 9990 289
14183 331 451
14183 10900 592
14184 12061 777
14184 11500 66
14184 3798 868
14185 2881 816
14185 12857 276
14186 4994 581
14186 466 674
14186 15014 573
14187 10812 745
14187 6582 399
14187 5631 548
14188 15893 494
14188 8987 913
14188 9208 727
14188 5042 586
14189 6127 154
14189 2324 721
14190 9089 267
14190 15090 150
14190 6023 28
14190 14183 4
14190 14224 183
14191 4835 383
14191 5339 107
14192 14418 942
14192 2154 565
14192 5326 826
14192 10026 553
14193 7797 169
14193 5033 123
14193 9108 792
14193 14501 963
14193 14694 429
14193 8732 853
14194 4743 923
14194 4241 253
14194 15029 417
14195 9946 410
14195 7501 252
14195 9846 640
14195 6293 628
14195 5496 904
14196 14708 795
14196 6245 613
14196 14253 510
14196 7287 700
14196 13918 373
14197 10629 14
14197 232 759
14197 13135 714
14198 8254 221
14198 851 722
14199 1663 611
14199 13663 946
14199 6527 86
14199 12570 623
14199 425 74
14200 10079 440
14201 10402 318
14201 7214 922
14201 9631 908
14201 13422 990
14202 12033 89
14202 1246 199
14202 6148 18
14202 626 730
14202 13982 472
14202 4254 906
14203 3836 213
14203 4442 685
14203 2275 544
14203 10663 787
14204 6090 373
14204 12357 718
14205 5916 254
14205 3499 904
14205 2966 730
14205 6955 382
14206 734 562
14206 4138 350
14206 201 479
14207 12281 43
14207 5851 244
14207 14228 533
14208 15870 44
14208 5009 226
14209 13072 705
14209 11481 366
14209 14313 846
14209 7007 2
14209 11278 87
14210 12695 663
14210 9729 632
14210 8708 762
14211 15352 909
14211 10231 688
14211 7488 522
14211 4612 587
14211 11641 312
14212 14142 791
14212 6978 409
14212 7857 802
14213 2999 317
14213 8502 590
14213 11024 842
14213 7602 22
14213 8868 995
14214 11518 21
14214 15414 935
14214 1847 737
14215 8104 293
14215 7768 389
14215 2393 817
14215 7737 724
14216 4653 506
14216 5625 924
14217 12716 791
14217 14231 839
14217 4114 626
14217 9427 906
14218 13437 249
14218 6999 217
14218 5325 12
14219 1102 714
14219 1742 913
14219 2595 220
14219 14691 554
14219 6684 740
14220 7214 107
14220 15051 217
14221 14775 41
14221 15366 995
14221 8684 989
14221 9898 260
14222 9272 195
14222 690 353
14222 152 585
14222 2528 109
14222 3852 985
14222 12926 183
14223 2969 191
14223 5871 807
14223 8435 382
14223 6093 49
14223 3849 895
14224 1771 534
14224 12916 275
14224 1786 666
14225 15793 441
14225 11491 436
14225 7074 907
14225 2738 916
14225 8157 447
14225 7020 69
14226 1852 244
14226 2165 702
14227 12271 912
14227 14833 327
14227 9828 916
14227 5973 780
14227 2375 630
14228 14259 169
14228 2644 325
14228 10546 808
14229 11961 578
14229 7637 140
14229 6765 793
14230 15029 197
14230 5501 480
14230 7271 832
14230 13246 797
14230 13486 269
14230 13459 932
14230 4721 228
14231 12183 453
14231 3549 453
14231 14663 233
14231 3058 657
14231 1339 978
14231 777 995
14231 11876 874
14232 7301 776
14233 8334 251
14233 3216 305
14234 9899 616
14234 8659 740
14234 12790 657
14234 6035 579
14234 6960 248
14234 12016 604
14235 6805 72
14235 6847 436
14235 12361 618
14236 9947 441
14237 10929 29
14237 6699 712
14237 7033 393
14237 9251 147
14237 6359 703
14238 7683 672
14238 1654 834
14238 4256 981
14239 6333 478
14239 9366 373
14239 13806 133
14240 13396 917
14240 11926 332
14240 8448 78
14240 625 366
14240 11801 835
14241 7735 566
14241 7478 574
14241 5550 178
14241 5712 405
14241 1376 174
14241 9043 303
14241 1279 60
14242 13365 919
14242 9599 425
14242 9773 963
14243 937 289
14243 5432 664
14244 5711 258
14244 10741 615
14244 11226 223
14245 7330 947
14245 8939 939
14246 2640 492
14246 10393 648
14246 11990 568
14246 11465 856
14246 14316 87
14246 4397 551
14247 951 713
14247 4597 30
14247 5087 761
14247 1686 49
14248 8168 270
14248 11402 833
14249 5615 875
14249 1671 235
14250 4760 17
14250 14387 812
14250 13962 487
14250 13973 158
14250 9077 593
14250 3005 206
14250 6579 930
14251 5860 968
14251 4146 759
14251 7472 91
14252 7793 380
14252 9399 358
14252 9090 358
14252 3994 424
14252 132 727
14253 2584 362
14253 8202 660
14253 1384 139
14253 10766 624
14253 7592 785
14254 112 39
14254 7008 955
14255 4569 99
14255 14520 176
14255 14453 876
14256 12416 915
14256 2711 618
14256 15442 82
14256 6626 130
14256 9306 954
14257 1794 246
14257 10447 438
14257 395 203
14257 14146 25
14257 8210 903
14258 11194 755
14258 3948 270
14258 882 741
14258 10078 803
14259 15870 165
14259 9205 106
14259 2294 395
14259 8570 55
14260 677 363
14260 10396 9
14260 15644 404
14261 4116 637
14261 266 372
14261 13770 333
14261 15092 408
14261 15752 664
14261 11765 112
14261 13030 315
14262 11570 478
14262 5227 445
14263 12480 571
14263 13906 303
14264 2158 330
14264 15326 634
14264 8206 660
14264 13009 738
14265 7594 713
14265 1667 183
14265 2155 561
14265 791 732
14266 1832 306
14266 2154 724
14267 9672 490
14267 856 370
14267 15384 531
14267 12653 475
14267 12319 852
14267 14419 125
14267 3265 425
14268 6046 815
14268 15184 123
14268 4543 699
14268 5900 772
14269 15570 363
14269 12121 757
14270 9174 750
14270 8335 55
14271 79 549
14271 11810 122
14271 15453 205
14272 11577 537
14273 11850 566
14273 8513 707
14273 7554 641
14273 13134 9
14273 13587 348
14273 14525 345
14273 7538 996
14274 7427 562
14274 11782 505
14275 9166 418
14275 15286 490
14275 15704 35
14276 10087 527
14276 4168 270
14276 6539 311
14276 5746 629
14277 11355 834
14277 6950 648
14277 7734 482
14277 9523 757
14277 9522 439
14277 10975 965
14277 14310 467
14278 11523 637
14278 10554 960
14279 5236 260
14279 13628 205
14279 11755 571
14279 14805 871
14279 15847 212
14280 4751 412
14280 15701 383
14280 13232 454
14281 3899 162
14281 10230 123
14281 14645 192
14281 1391 306
14281 3968 412
14282 7226 705
14282 3792 37
14282 1828 277
14282 6220 887
14282 1845 459
14282 13253 278
14282 275 242
14283 8671 170
14283 7224 807
14283 1213 742
14284 11673 337
14284 11178 77
14284 4450 823
14284 15128 685
14284 7894 25
14284 2396 512
14284 10090 636
14284 15620 336
14285 3758 446
14285 13553 787
14286 1886 393
14286 15702 338
14286 12024 382
14286 3467 990
14287 12053 956
14287 683 664
14287 14645 762
14287 14187 544
14287 4265 779
14287 3933 530
14287 12598 302
14288 2659 81
14288 11090 62
14288 9765 491
14288 13028 347
14288 13689 678
14289 10986 405
14289 9769 880
14289 4044 529
14290 6579 260
14290 13553 854
14290 11201 559
14290 5273 168
14291 13583 733
14291 15014 322
14292 5323 665
14292 2343 588
14292 8424 946
14292 6042 65
14293 10272 796
14294 13433 466
14294 13407 762
14294 9152 390
14294 1486 465
14295 8297 547
14295 11171 942
14295 7531 625
14295 6539 716
14295 6141 234
14295 7694 469
14295 782 853
14296 6814 20
14296 13117 485
14296 4479 244
14296 11102 98
14296 129 976
14298 12433 81
14298 4508 413
14298 2223 510
14299 7183 782
14299 4847 613
14299 11589 816
14299 7802 820
14299 15828 108
14299 8833 223
14300 8621 121
14300 7226 359
14300 8789 294
14300 524 160
14300 5219 540
14300 9787 268
14301 10386 595
14301 15751 764
14301 3026 844
14301 5053 531
14302 13755 327
14302 8557 49
14302 14849 323
14303 7470 313
14303 13481 809
14303 5293 450
14304 8487 296
14304 5466 363
14304 9601 186
14304 4827 95
14304 12261 458
14304 7757 541
14305 9275 100
14306 6023 47
14306 4662 522
14306 8548 274
14306 628 406
14307 8435 810
14307 12599 481
14307 11025 545
14307 13465 692
14307 2294 608
14308 5207 993
14308 2808 822
14308 6795 926
14308 14809 349
14308 10427 65
14308 15421 703
14308 486 406
14309 9179 64
14309 10463 27
14310 11653 441
14310 11294 670
14311 2407 327
14311 4299 273
14311 10676 692
14311 12992 12
14311 10771 536
14312 8764 519
14312 11328 122
14312 1707 620
14312 13134 51
14312 7476 849
14313 9309 458
14313 398 103
14313 13641 319
14313 12461 191
14314 11764 679
14314 8295 283
14314 10941 892
14315 590 815
14315 90 597
14315 3695 182
14316 2562 724
14316 10987 419
14316 4761 258
14316 14464 543
14316 6550 108
14317 2464 707
14317 2420 384
14317 9318 68
14317 1477 859
14318 9757 493
14318 3610 265
14318 7817 743
14318 7916 45
14318 2308 885
14318 5699 939
14319 10113 140
14319 10644 913
14319 4656 434
14319 8560 439
14319 2696 801
14319 8053 682
14320 4979 504
14320 422 795
14320 7866 158
14320 3615 492
14320 4286 742
14321 14143 870
14321 432 928
14322 7692 698
14322 11113 760
14322 201 844
14322 1794 417
14322 11376 848
14323 956 807
14323 286 648
14323 1208 776
14323 1607 324
14323 11919 650
14323 12437 351
14324 13402 355
14324 3018 331
14324 3798 378
14324 4175 656
14324 8772 221
14324 7837 958
14324 14108 368
14325 12294 622
14326 11131 519
14326 1740 666
14326 15538 829
14326 11187 493
14326 3096 212
14328 13945 713
14328 6181 120
14328 10905 13
14329 847 584
14329 12173 100
14330 13718 95
14330 15539 842
14330 5650 159
14330 2300 388
14330 3025 510
14330 3528 24
14331 1641 341
14331 15748 465
14332 4087 79
14332 10508 105
14332 7460 263
14333 106 311
14334 6752 552
14334 9940 549
14335 3752 29
14335 13075 750
14335 13626 579
14336 6810 209
14336 15084 289
14336 15035 430
14336 7656 947
14336 13391 145
14336 566 910
14336 11413 76
14337 7620 952
14337 13923 714
14338 4918 450
14338 3919 404
14338 5119 199
14338 6879 357
14339 5103 430
14339 13671 189
14340 11684 192
14340 3252 362
14340 3352 923
14340 10905 396
14341 1644 161
14341 10090 652
14342 4880 303
14342 14332 591
14342 3414 611
14342 14963 970
14343 5482 684
14344 12269 188
14344 5558 526
14345 12214 872
14345 12951 661
14345 9287 887
14345 14716 47
14346 3797 867
14346 15827 723
14346 13161 285
14346 13910 259
14346 13525 961
14347 5844 617
14347 14524 708
14347 3318 126
14347 9472 743
14347 8911 444
14348 8792 355
14348 9935 911
14348 6092 442
14348 8597 452
14349 13338 684
14349 4590 153
14349 13630 826
14349 5473 356
14350 13918 606
14350 10837 686
14350 12897 575
14350 1450 489
14351 15209 706
14351 5897 533
14351 4012 883
14352 12785 752
14352 8201 166
14352 2745 564
14352 427 615
14352 9383 494
14352 10467 376
14353 4449 418
14353 3771 579
14353 8741 700
14353 12868 786
14353 7834 820
14353 12253 868
14354 516 869
14354 2838 818
14355 11442 622
14355 8145 61
14355 6048 246
14355 1839 751
14358 3828 477
14358 2720 468
14358 5692 984
14358 4068 494
14359 813 294
14359 15198 750
14359 13635 854
14359 6886 569
14359 6199 289
14359 5219 398
14359 11686 6
14360 2275 994
14360 11478 583
14360 2134 146
14360 12598 970
14360 6528 453
14360 13881 571
14360 820 291
14360 7915 273
14361 2237 56
14361 222 679
14361 2702 531
14361 3078 921
14362 11926 908
14362 12896 206
14362 4288 648
14363 9258 114
14363 3504 719
14364 206 962
14364 10340 265
14364 5006 53
14364 11716 911
14364 1547 256
14365 10510 397
14365 10925 845
14366 13843 714
14368 6482 649
14368 11208 280
14369 357 138
14369 14445 260
14370 11277 60
14370 951 422
14370 8362 163
14371 262 88
14371 15527 297
14372 12259 940
14372 12459 686
14372 522 232
14372 5018 713
14372 5624 954
14373 3043 399
14373 5408 693
14373 14307 321
14373 14748 428
14373 6435 447
14373 8456 572
14374 10652 219
14374 5101 180
14374 11288 204
14374 13809 717
14375 7034 308
14375 4224 898
14375 10736 411
14376 11514 479
14376 10174 710
14376 9977 249
14376 11770 578
14376 4242 849
14376 7063 407
14377 11677 509
14377 4360 439
14377 5711 944
14377 13797 871
14378 15336 842
14378 7171 443
14378 2829 139
14378 14102 598
14379 2220 266
14379 9911 170
14379 10021 309
14379 10146 62
14379 7825 931
14379 3645 880
14379 2392 292
14379 7555 847
14379 12466 763
14380 1620 609
14380 11570 819
14381 11710 332
14381 3136 270
14382 2804 802
14382 584 130
14382 6833 590
14382 4170 333
14382 11288 3
14382 14748 210
14382 9444 209
14383 3473 132
14383 7343 709
14383 1004 178
14383 9852 472
14383 2555 241
14384 5309 651
14385 15966 679
14385 11310 848
14385 8015 613
14386 14994 713
14386 13742 452
14386 4557 551
14386 1053 201
14387 12366 221
14387 6112 559
14387 10211 828
14387 2169 235
14387 11743 926
14388 4436 166
14388 14976 965
14388 3895 151
14388 7708 369
14388 12837 985
14388 2430 394
14389 11998 404
14390 9881 39
14390 2484 806
14391 9143 155
14391 3433 131
14391 3918 84
14391 5571 92
14391 7173 36
14392 13836 197
14392 11096 586
14392 4218 409
14392 14692 850
14392 3751 500
14392 3419 31
14393 15804 85
14393 15128 823
14393 2505 326
14394 8002 698
14394 5860 468
14394 11968 441
14394 8673 13
14394 12039 686
14394 15780 334
14395 2111 742
14395 3704 384
14395 6368 341
14395 1845 926
14395 6425 540
14395 13677 657
14396 1811 542
14396 13021 168
14396 3768 945
14396 2058 454
14396 5508 807
14397 13398 514
14397 11256 613
14398 2466 306
14398 8480 49
14398 13678 500
14398 14022 406
14398 6071 697
14398 5248 321
14399 12808 206
14399 2012 32
14399 14909 731
14399 6103 337
14399 9340 393
14400 826 607
14400 8332 520
14400 13197 637
14400 12137 537
14401 11290 652
14401 8904 754
14401 13414 165
14401 15628 216
14401 4615 14
14401 1735 538
14401 4529 447
14401 4723 886
14402 4292 288
14402 297 802
14402 14187 133
14402 14390 655
14402 6753 612
14403 3860 409
14403 5662 848
14403 7520 516
14403 3307 703
14404 2568 825
14404 15193 439
14404 9290 120
14404 12150 248
14404 13016 229
14404 14307 215
14404 6388 788
14404 13456 667
14405 11776 430
14406 9684 248
14406 12713 299
14406 5381 197
14406 15477 267
14406 12133 669
14407 6507 893
14407 13293 783
14408 7279 484
14409 11171 506
14409 8361 156
14409 15563 559
14409 3881 38
14409 6474 821
14409 5390 595
14410 12237 880
14410 6071 870
14410 13404 260
14410 12340 318
14410 11832 758
14411 14862 679
14411 5049 133
14411 10054 768
14411 13961 772
14411 5600 67
14412 10110 233
14412 2753 67
14412 15203 33
14412 11169 522
14412 14386 390
14412 11439 174
14412 11424 949
14413 7106 346
14413 9524 676
14413 15065 771
14413 7847 246
14413 9988 412
14413 12883 293
14413 14348 833
14413 5580 702
14414 10041 89
14414 169 441
14414 9403 934
14414 349 57
14414 2080 919
14414 2 890
14415 3720 329
14415 13254 785
14415 10412 169
14415 15482 347
14416 5102 736
14416 6455 281
14416 11849 4
14416 6607 438
14416 13972 459
14416 10346 489
14416 14274 707
14417 2930 124
14417 15849 22
14417 13188 70
14417 10461 745
14417 14618 527
14417 14260 488
14417 3332 721
14417 14581 710
14417 5631 259
14418 4448 808
14418 12403 885
14418 7223 176
14419 13015 180
14419 620 505
14419 5302 911
14419 14891 389
14420 14812 875
14420 11380 528
14420 14803 21
14420 7347 421
14421 14289 623
14421 15116 231
14421 12 437
14421 9031 340
14421 1981 488
14421 4809 809
14422 6627 65
14422 438 60
14422 4492 25
14423 6616 728
14423 10121 676
14423 857 400
14424 10459 862
14424 11023 252
14424 4773 881
14425 5571 338
14425 13716 96
14425 14786 931
14426 5727 679
14426 5358 995
14426 5985 568
14426 13514 285
14427 13651 954
14427 8809 671
14427 14280 738
14427 10540 243
14428 2184 642
14428 3162 362
14428 8740 619
14428 10189 586
14428 8687 481
14428 15564 64
14429 363 66
14429 15719 358
14429 10494 538
14429 4437 40
14429 12550 180
14429 15408 665
14429 10249 576
14430 2010 789
14430 8855 369
14430 15591 821
14430 3548 817
14431 13111 9
14431 13801 511
14431 15086 945
14431 8893 872
14432 9523 427
14432 6837 206
14432 1193 187
14432 1393 67
14432 506 88
14432 14309 663
14433 15200 498
14433 15997 61
14433 7278 943
14433 8179 681
14433 845 176
14433 10054 611
14433 13017 850
14434 11744 130
14434 797 8
14434 3112 976
14434 4924 19
14435 11719 138
14435 11823 785
14435 10028 425
14435 11635 207
14436 8866 692
14437 11330 884
14437 12949 701
14438 12677 161
14438 977 869
14438 12714 451
14438 751 554
14438 4277 480
14438 13151 955
14438 9348 106
14439 13782 834
14439 13683 627
14439 5981 118
14439 854 64
14439 744 732
14439 3240 912
14440 12693 213
14440 11044 893
14441 3522 219
14441 7746 19
14441 9126 95
14442 3303 28
14442 9998 523
14442 15963 884
14443 3551 165
14443 14602 584
14443 3966 155
14443 15621 129
14443 15621 654
14444 3398 136
14444 15225 163
14444 9375 727
14444 5456 766
14444 13541 264
14445 1116 31
14445 202 433
14445 10041 65
14445 5061 549
14445 9944 621
14446 7659 483
14447 11728 26
14447 13150 777
14447 13414 976
14447 15155 301
14447 508 698
14447 3338 14
14448 9975 76
14448 8248 497
14448 6499 667
14449 5942 10
14449 3523 509
14449 11406 342
14449 3299 594
14450 1356 734
14450 13615 110
14450 4934 452
14450 5570 155
14451 15918 785
14451 12700 413
14451 5538 596
14452 9374 237
14452 2363 166
14452 5540 402
14452 3399 307
14453 999 51
14453 5058 18
14453 3691 368
14453 7748 851
14453 11817 6
14454 1531 376
14454 8079 512
14454 12843 36
14454 8336 573
14454 1809 357
14454 12932 352
14454 1877 226
14455 4543 27
14455 1606 871
14455 3108 567
14455 10712 63
14455 2268 821
14456 76 293
14456 12598 101
14456 2494 522
14457 3698 729
14457 7917 466
14458 6551 860
14459 11379 310
14459 10430 65
14459 540 209
14460 14782 552
14460 8309 757
14460 13823 86
14460 9379 600
14460 6363 497
14460 11380 408
14461 13631 487
14461 6780 151
14461 9714 436
14461 10036 911
14462 14732 684
14462 8575 475
14462 15551 4
14463 3465 378
14464 6667 886
14464 550 827
14464 1186 914
14464 9575 187
14465 9304 207
14465 12937 12
14465 1257 152
14466 1603 849
14466 7558 684
14466 1852 23
14467 959 529
14467 8196 937
14467 12616 641
14467 13723 581
14468 4080 815
14469 14404 220
14469 3663 560
14469 3606 151
14470 7807 649
14470 2115 89
14470 9277 220
14470 1323 961
14470 7431 243
14471 1173 316
14471 8863 294
14471 15744 991
14471 14135 886
14472 7744 169
14472 10037 195
14472 12614 351
14473 11808 291
14473 7517 916
14473 5569 811
14473 9577 47
14474 9134 346
14474 9170 680
14475 2908 325
14475 14791 270
14475 4969 901
14475 12817 762
14475 12620 801
14475 803 257
14476 3436 769
14476 9954 240
14476 14798 668
14477 1222 560
14477 3517 284
14477 11148 896
14477 2263 257
14477 15919 933
14477 6225 878
14477 6959 985
14477 3959 804
14478 5315 460
14478 4409 772
14478 7770 176
14478 9444 742
14478 840 331
14479 6631 128
14479 13821 717
14479 14334 293
14479 8909 595
14480 13385 69
14480 9373 674
14480 12276 41
14480 4657 865
14481 4981 545
14481 4956 213
14481 1221 817
14482 9773 640
14482 578 540
14482 15524 759
14482 7411 34
14483 7808 996
14483 1321 114
14483 4473 954
14484 11238 123
14484 11271 416
14484 9692 767
14484 10384 381
14484 13338 956
14485 5732 373
14485 10894 326
14485 14379 861
14485 8264 270
14485 5921 53
14486 362 657
14486 11602 551
14486 3669 819
14486 15440 915
14486 430 184
14487 9750 645
14488 11505 645
14488 9774 896
14489 10976 336
14489 1156 49
14489 13544 78
14489 5011 783
14489 3258 542
14490 471 272
14490 1807 759
14490 12935 903
14490 13730 266
14491 1375 266
14491 5344 34
14492 1086 641
14492 3702 343
14492 11306 26
14492 13471 678
14493 7053 147
14493 13759 533
14493 7197 230
14493 13492 58
14493 8703 47
14493 10358 136
14494 3398 236
14494 2185 662
14494 1124 477
14494 2645 560
14494 2474 306
14494 4577 291
14495 1464 334
14495 1984 955
14495 15412 880
14496 14145 774
14496 11286 490
14496 7985 735
14496 7834 898
14497 8023 535
14497 3295 163
14497 5364 603
14497 11306 391
14497 3562 794
14498 6625 523
14498 3627 593
14499 11882 184
14499 2044 703
14499 11549 917
14499 2147 544
14499 2435 468
14499 10177 328
14500 7473 826
14500 69 956
14500 14159 903
14501 12412 331
14501 12744 384
14501 12185 721
14501 394 256
14501 7307 808
14501 11376 499
14502 3726 460
14502 1108 615
14502 15588 517
14503 12020 550
14503 5816 97
14503 5490 296
14503 6198 496
14503 765 909
14504 11834 300
14504 1280 219
14505 7151 967
14505 3677 70
14506 641 874
14506 11699 433
14507 14566 577
14507 1850 533
14507 9526 129
14508 5111 158
14508 8471 227
14509 3260 829
14509 3111 151
14509 593 839
14510 8593 697
14510 7330 759
14511 14283 581
14511 13472 567
14512 5315 528
14512 6591 768
14512 2888 152
14512 12845 197
14512 2655 465
14512 13840 405
14513 10182 703
14513 9213 808
14514 10728 683
14514 10579 400
14514 15140 368
14514 7076 342
14514 8890 43
14515 2891 880
14515 15664 915
14515 2099 666
14515 12982 470
14516 14851 877
14516 14815 864
14516 9383 695
14517 11798 734
14517 3193 639
14517 11148 741
14517 2935 433
14517 15383 593
14517 4036 766
14517 14363 188
14518 4940 709
14518 8973 196
14518 8240 337
14519 7086 137
14519 6954 118
14520 14623 706
14520 2134 375
14520 5760 276
14520 1005 425
14521 7346 303
14521 10741 140
14521 8713 798
14522 5840 861
14522 2428 120
14522 8293 596
14522 8633 72
14523 8172 884
14523 9885 38
14523 8972 648
14523 5638 328
14523 391 998
14524 12701 994
14524 4519 466
14524 5581 716
14524 8653 375
14524 574 540
14524 7587 583
14525 13496 561
14525 8666 393
14525 3636 444
14525 4310 286
14525 4581 284
14526 3363 708
14526 5473 724
14526 5522 877
14527 12020 951
14527 13454 681
14527 3279 727
14528 7114 542
14528 14262 402
14528 9930 950
14528 13894 572
14528 1553 170
14528 9469 720
14529 1130 519
14529 13534 147
14529 15099 471
14529 10714 524
14530 12723 279
14530 14870 581
14530 15564 439
14530 5478 523
14530 619 628
14530 9456 830
14530 11370 85
14531 1316 737
14531 4082 72
14531 8449 211
14531 4187 767
14532 935 95
14532 7737 573
14532 11397 49
14532 7891 496
14532 2393 241
14532 6530 627
14532 6526 122
14533 8068 282
14533 2066 729
14533 5804 407
14533 5872 787
14534 15087 932
14535 7571 196
14536 14568 722
14536 12949 12
14536 9096 509
14536 9469 60
14536 11801 171
14537 13002 201
14537 7130 128
14538 4828 441
14538 7669 233
14539 9421 830
14539 10906 368
14539 1910 626
14539 3769 203
14540 15150 9
14540 11772 757
14540 8857 213
14541 13612 9
14541 8520 942
14541 1078 544
14542 285 331
14542 4680 754
14542 11183 683
14542 13256 773
14542 2749 602
14542 588 739
14543 8383 428
14543 11073 894
14543 14398 313
14543 11476 529
14544 10269 85
14544 3279 159
14544 10288 645
14544 9894 610
14544 14593 371
14545 5552 39
14545 14228 211
14545 3283 129
14545 1369 133
14545 5325 153
14545 5120 86
14545 15066 305
14545 14900 861
14546 7077 519
14546 11434 858
14546 11634 249
14546 13165 338
14546 685 531
14548 11665 215
14548 9967 849
14548 9326 161
14549 8496 854
14549 3789 799
14549 13231 587
14550 9382 236
14550 11945 545
14550 9177 625
14550 12748 323
14551 13082 920
14552 8959 471
14552 10880 254
14552 6319 929
14552 12992 209
14553 6320 326
14553 10688 40
14553 12997 300
14554 11432 129
14554 2960 906
14554 15384 200
14556 3745 837
14556 7076 821
14556 5890 994
14556 15083 187
14557 9523 488
14558 5424 130
14558 7151 362
14558 2896 494
14558 7828 473
14558 7027 736
14559 10562 744
14559 13856 802
14559 15740 327
14559 8510 301
14560 4738 231
14560 11890 717
14560 11088 182
14560 10122 637
14560 4537 42
14560 10016 344
14561 4927 231
14561 2253 455
14561 5809 818
14562 616 213
14562 9012 773
14562 3086 724
14562 5425 813
14563 504 795
14563 6653 61
14563 15479 478
14563 11502 222
14563 7678 366
14564 4240 637
14564 5003 467
14564 10925 176
14564 1317 195
14564 3191 430
14564 8313 367
14564 14917 520
14564 7878 134
14565 15701 616
14565 4606 693
14565 12791 794
14566 12487 866
14566 1766 615
14566 11994 906
14566 13461 217
14566 6012 746
14567 13795 970
14567 14227 195
14567 7916 313
14567 12213 238
14568 8604 653
14568 12312 659
14568 11398 895
14568 11720 799
14570 7524 682
14570 10952 715
14570 13431 391
14570 1582 899
14571 8791 210
14571 2668 630
14571 5247 23
14571 12987 101
14571 15379 509
14572 5240 927
14572 13304 215
14572 9451 329
14573 10970 200
14574 14229 520
14574 12350 696
14575 14925 254
14575 4568 557
14576 6106 656
14576 3512 300
14576 10763 669
14577 10060 152
14577 2507 566
14577 3886 740
14577 15882 431
14577 10763 415
14577 13050 864
14577 8085 986
14578 656 214
14578 15699 340
14579 15086 138
14579 11485 208
14579 7131 177
14579 8804 124
14580 5589 389
14581 13549 920
14581 1867 921
14581 15528 849
14581 3138 513
14582 15852 503
14582 2022 587
14583 9077 734
14583 5861 991
14584 13493 140
14584 8748 213
14585 5271 594
14585 2875 643
14585 499 771
14585 12033 787
14585 8990 292
14586 7214 78
14586 5517 253
14587 1487 805
14587 15944 531
14587 1665 593
14587 6484 386
14587 6769 830
14587 14099 271
14588 1039 814
14588 8746 941
14588 1551 785
14588 9993 840
14588 5037 42
14588 15424 570
14588 4235 510
14588 12176 213
14589 13845 303
14589 6104 908
14589 10616 346
14589 5511 346
14590 14050 419
14590 10244 69
14590 11960 102
14590 5922 286
14591 14804 4
14591 14598 429
14592 5087 148
14592 4823 661
14592 765 294
14592 4905 442
14593 10191 428
14593 12402 220
14593 10874 591
14593 8891 307
14594 11040 157
14594 2629 491
14594 847 20
14595 5879 89
14596 13513 835
14596 241 984
14596 11302 225
14597 2568 770
14597 6203 402
14598 7264 358
14598 6458 870
14598 1903 697
14599 4431 904
14600 2447 741
14600 7962 779
14600 4009 793
14600 3831 233
14600 5846 210
14600 50 368
14601 5748 771
14601 2873 364
14601 7910 393
14601 460 122
14602 832 64
14602 15195 622
14603 13555 966
14603 9297 329
14603 6207 534
14603 8938 703
14603 6373 194
14604 8778 442
14604 997 254
14605 3380 387
14605 9280 988
14605 3649 218
14605 6692 736
14606 11768 407
14606 3709 546
14606 8331 383
14607 5101 975
14608 7868 247
14608 9432 400
14608 8887 653
14608 7099 760
14608 4013 784
14608 1281 469
14608 4168 753
14609 11701 460
14609 2373 722
14609 14481 15
14609 12230 65
14609 12931 789
14610 8967 932
14611 15128 396
14611 5931 306
14611 6567 883
14611 7232 787
14611 9153 237
14611 10663 505
14612 3364 458
14612 7620 862
14613 2420 590
14613 1651 840
14613 3831 287
14613 7163 533
14613 4455 392
14613 8318 296
14614 544 22
14614 15288 355
14615 1212 428
14616 6606 227
14616 635 482
14616 5324 693
14616 11230 709
14616 15215 628
14616 14397 91
14617 10197 824
14617 1550 344
14617 14807 637
14617 9309 943
14618 5125 373
14618 11506 526
14618 14421 458
14618 9285 20
14618 11276 492
14618 2449 119
14618 13156 29
14619 13032 207
14619 12023 410
14619 7936 630
14619 2629 767
14620 14136 442
14620 3184 48
14620 7116 57
14620 9934 878
14620 4672 85
14620 3285 840
14621 51 7
14621 12843 493
14621 4441 93
14621 15169 515
14621 7519 531
14621 15984 724
14622 509 581
14622 593 475
14622 13482 610
14622 3102 259
14622 6749 607
14623 13662 120
14623 11732 793
14623 1352 686
14624 12017 576
14624 9230 964
14624 4068 418
14624 710 774
14624 8970 849
14624 14820 801
14624 14371 288
14625 2407 988
14625 5434 720
14625 14201 598
14625 2135 364
14626 3225 366
14626 14616 978
14627 6288 852
14627 11414 35
14627 6973 596
14627 12905 331
14628 13902 94
14628 9244 527
14629 5667 102
14629 12277 545
14629 12321 48
14629 9564 689
14630 3609 314
14630 3234 748
14630 4206 265
14631 12962 811
14631 12855 241
14631 12779 89
14631 1554 332
14632 8388 518
14632 9959 440
14632 7216 65
14632 12660 556
14632 4302 451
14634 9484 797
14634 13145 33
14635 12735 403
14635 9177 894
14635 809 924
14635 3755 384
14636 13316 35
14636 8214 688
14636 13975 373
14636 5273 468
14636 11671 406
14636 14100 479
14636 14041 926
14636 6647 554
14637 12099 999
14637 7757 200
14637 7696 958
14637 2779 67
14637 2061 235
14637 5061 892
14637 10533 238
14638 2580 925
14638 1127 732
14638 10753 178
14638 495 401
14638 13595 525
14638 14421 229
14638 11093 530
14638 12927 760
14638 10025 431
14639 1781 257
14639 6632 802
14639 6000 35
14640 6733 355
14640 12979 468
14640 10016 208
14640 10102 747
14641 12909 836
14641 7254 463
14642 4261 650
14642 3418 400
14642 1901 280
14643 15441 204
14643 5965 102
14644 8655 657
14644 2420 940
14645 7532 412
14645 6366 856
14645 687 16
14647 13378 221
14647 4164 119
14647 14289 102
14647 8446 462
14648 11179 519
14648 8780 689
14648 15349 694
14649 15265 519
14649 5667 836
14649 12332 543
14650 8850 142
14650 13639 853
14650 8211 289
14650 3340 167
14650 209 467
14650 14534 103
14651 14187 39
14651 12209 1000
14652 9563 477
14652 1230 859
14652 5284 902
14653 5798 131
14653 10351 742
14653 5229 568
14653 3216 718
14654 14692 278
14654 5407 963
14654 14405 850
14655 2416 882
14655 3436 150
14655 14107 19
14655 5822 534
14655 4820 719
14656 6039 298
14656 6416 523
14656 859 670
14656 3131 650
14657 3311 68
14657 482 68
14657 9862 75
14657 6037 138
14657 15406 271
14658 4143 709
14658 3329 895
14658 10349 188
14658 11976 811
14658 15574 423
14658 9091 291
14658 5750 816
14659 9575 974
14659 10281 922
14659 13761 62
14659 2 55
14660 10255 333
14660 11621 447
14660 583 573
14661 2099 998
14661 15236 389
14661 6250 490
14662 6731 917
14662 727 470
14662 3313 826
14662 8456 835
14663 2017 112
14663 12371 16
14663 7688 280
14663 3792 803
14663 15517 819
14663 13264 517
14663 3302 250
14664 8756 175
14664 10206 582
14665 15220 615
14665 96 894
14665 15102 261
14666 13212 39
14666 2195 62
14666 5609 845
14666 4951 903
14666 14020 523
14666 6416 929
14667 2035 113
14667 7496 531
14667 11864 160
14667 9678 527
14667 6004 565
14668 1816 860
14668 11527 58
14668 6997 748
14668 12052 975
14669 11791 897
14669 10013 912
14669 12693 950
14669 1000 949
14669 9422 857
14670 15704 185
14670 392 467
14670 10226 262
14670 13587 358
14670 13745 724
14671 8268 390
14671 1635 520
14671 9144 235
14672 14355 836
14672 4718 724
14672 10148 294
14672 279 577
14672 11427 189
14673 7647 343
14673 9093 173
14673 11147 896
14673 2050 168
14673 15298 491
14673 15175 641
14673 13210 312
14674 15713 221
14674 10925 89
14674 7531 758
14674 15161 943
14674 11068 703
14675 10834 968
14675 7568 288
14675 3710 914
14675 14118 61
14675 2492 895
14676 14419 788
14676 2060 326
14676 13325 218
14676 10002 868
14676 9589 744
14676 8243 745
14676 10985 690
14676 12520 810
14676 14444 657
14676 5113 380
14677 1397 383
14677 13025 862
14677 7298 987
14677 9528 775
14677 10959 310
14677 256 187
14678 5954 493
14678 6906 558
14678 12821 769
14678 286 207
14678 11431 440
14678 15559 616
14678 9704 485
14679 1651 700
14679 1894 521
14680 8169 202
14680 15227 511
14680 12834 646
14680 11197 626
14680 3995 870
14681 9776 204
14681 13745 866
14681 11864 367
14682 8024 116
14682 1041 923
14682 11189 916
14682 12212 986
14682 13254 708
14682 104 636
14683 11363 979
14683 12073 175
14683 15378 629
14683 9177 800
14684 3804 440
14684 11131 183
14684 7284 422
14685 12352 51
14685 6540 647
14685 8972 251
14685 6371 37
14686 8443 940
14686 13449 610
14686 4761 362
14686 15449 90
14686 3589 720
14687 4602 929
14687 3695 354
14687 393 729
14687 1649 854
14687 814 150
14687 8231 454
14687 15335 460
14688 5917 965
14688 13007 906
14688 3559 791
14688 10091 406
14688 11613 936
14688 7371 693
14688 9232 370
14688 14510 956
14689 10573 717
14689 3823 949
14689 4012 798
14689 4283 239
14689 6117 92
14690 3541 781
14690 1813 394
14690 10241 378
14691 5558 623
14691 10127 195
14691 13272 232
14691 10275 386
14691 444 476
14691 2765 48
14692 7968 757
14692 11951 995
14692 13378 3
14692 8270 307
14693 15200 66
14693 9275 364
14693 14813 3
14693 8344 892
14694 13069 544
14694 4123 178
14694 5264 912
14694 13796 497
14694 12775 885
14694 13482 361
14694 5461 172
14694 15045 15
14695 7213 121
14695 14894 652
14695 10192 904
14696 12830 186
14697 12148 48
14697 6427 722
14697 2611 669
14697 13598 842
14697 10469 406
14697 661 451
14698 14023 388
14698 5454 485
14698 3613 369
14698 927 463
14698 15985 11
14698 15841 108
14699 12161 990
14699 3766 683
14699 7934 276
14699 15043 154
14699 11528 485
14700 14492 492
14700 6275 439
14701 9579 69
14701 2925 261
14701 12872 533
14701 1857 524
14701 5656 636
14701 11160 329
14701 14691 969
14701 5173 118
14701 4051 683
14702 14755 822
14702 13168 578
14702 6843 695
14702 10940 632
14702 15455 789
14703 12488 95
14703 9820 211
14703 3341 461
14703 1831 595
14703 13943 444
14704 7402 610
14704 2336 966
14704 10296 710
14704 5727 994
14704 12035 726
14705 4552 114
14705 11778 275
14705 926 544
14705 14604 852
14705 11196 981
14705 9458 135
14705 10739 257
14706 14523 909
14706 14084 219
14706 10470 741
14706 13206 199
14706 12601 147
14706 12326 35
14707 7002 274
14707 5875 65
14707 6593 231
14707 9432 799
14707 7467 561
14707 9120 429
14707 3083 474
14708 9840 527
14708 302 475
14708 12679 898
14708 15185 449
14708 2891 462
14709 296 471
14709 329 17
14709 10831 804
14710 9219 185
14710 14268 67
14710 11151 96
14711 14477 783
14711 10573 451
14711 3059 20
14711 9045 686
14711 11449 55
14712 2065 808
14712 14330 999
14712 14873 642
14712 12521 75
14712 15924 459
14712 13235 65
14713 11860 432
14713 14332 600
14713 5281 257
14713 8489 188
14714 12969 108
14714 9177 722
14714 266 951
14715 6985 648
14715 14425 601
14715 5122 704
14715 545 720
14715 4457 53
14716 2043 209
14716 162 436
14717 6789 718
14717 6213 864
14717 6036 849
14718 3748 587
14718 4828 123
14718 7898 237
14718 8948 84
14719 4109 682
14719 10928 546
14719 1640 654
14719 8667 594
14719 1159 517
14719 83 660
14720 10675 57
14720 6073 463
14720 8187 734
14721 1366 185
14721 8179 861
14721 14805 786
14721 6916 283
14722 4394 435
14722 15899 141
14722 12112 345
14722 7414 60
14723 15387 950
14723 14699 922
14723 9972 529
14724 6823 659
14724 2104 376
14725 4502 755
14725 2967 149
14725 7260 857
14725 11241 390
14725 13579 32
14725 5075 749
14726 11496 682
14726 2777 928
14726 14782 499
14726 2770 993
14727 5274 981
14727 4835 786
14727 11066 284
14727 8492 631
14727 8185 128
14728 7436 560
14728 290 190
14728 8354 561
14728 4202 882
14728 5403 712
14728 4634 918
14728 13020 25
14729 12247 344
14730 12449 646
14730 13238 560
14730 6255 400
14730 5414 96
14731 9562 24
14731 14988 833
14731 15226 802
14732 13941 259
14732 13921 317
14732 10417 8
14732 2056 694
14732 721 772
14732 8706 701
14732 5803 298
14733 15094 979
14733 3675 596
14733 7475 372
14733 15905 24
14733 632 147
14734 15539 31
14734 9154 373
14735 8719 82
14735 15766 138
14735 4861 826
14736 11249 861
14736 327 731
14736 9517 294
14737 1321 805
14737 13705 486
14737 5924 414
14738 13719 390
14738 3316 232
14739 12405 297
14739 14955 146
14740 7161 641
14740 9566 647
14741 2978 874
14741 10445 903
14741 149 782
14741 8234 431
14742 7646 971
14742 9030 235
14742 1058 6
14742 12545 851
14742 12235 424
14743 10300 106
14743 9122 819
14743 9228 586
14743 9644 643
14743 3651 417
14744 15354 457
14744 2603 273
14744 870 81
14745 1274 822
14745 8996 910
14745 243 788
14745 10359 820
14745 2043 74
14745 1610 789
14745 5235 710
14746 14715 836
14746 5195 206
14746 5696 597
14746 4785 931
14747 12535 978
14747 6896 719
14747 14714 400
14748 6593 698
14748 8496 109
14748 14406 52
14749 1898 439
14749 7833 571
14749 5559 986
14749 7197 152
14750 7518 917
14750 4348 341
14750 4180 286
14750 11361 461
14750 13420 907
14750 10175 639
14750 1294 620
14751 7803 995
14751 7465 351
14751 2419 800
14751 4003 369
14752 7965 613
14752 8744 742
14752 5204 508
14752 6501 513
14753 10992 724
14753 11277 182
14753 9523 408
14754 10400 606
14754 4164 631
14754 13853 152
14755 2169 115
14755 4453 472
14756 11038 55
14756 2741 920
14756 7417 905
14756 8563 813
14757 10753 133
14757 5527 408
14757 5794 450
14757 15740 126
14757 8375 25
14757 5648 594
14757 11093 217
14757 983 39
14757 5223 194
14757 12079 959
14758 12973 328
14758 8876 492
14758 1377 53
14758 7439 241
14758 9444 294
14759 6975 309
14759 6004 884
14759 13949 185
14759 15081 422
14759 10721 631
14760 10072 667
14760 1986 949
14760 11726 618
14761 6448 488
14761 1848 26
14761 9253 975
14761 5128 688
14761 14574 424
14761 15782 975
14762 3143 660
14762 8412 928
14762 2540 219
14762 14898 319
14762 10482 355
14763 24 564
14764 11864 719
14764 1630 863
14764 15193 518
14764 12771 893
14765 15643 402
14765 9369 349
14765 13834 318
14765 592 608
14765 2922 553
14765 1276 875
14766 7622 239
14766 7839 555
14766 1723 432
14767 3490 468
14767 9742 186
14767 10321 42
14768 11049 217
14768 11508 311
14768 6393 734
14768 14136 165
14769 7621 344
14769 11392 193
14769 935 781
14770 6793 175
14770 3554 250
14770 14348 761
14770 2633 840
14770 11666 440
14771 2281 362
14771 2438 898
14771 8130 569
14772 1612 406
14772 1815 663
14772 11567 185
14773 5842 653
14773 15599 73
14773 11440 18
14775 4699 463
14775 13440 199
14775 6817 212
14775 11288 670
14775 6344 326
14775 9587 248
14776 13184 678
14776 7456 270
14777 3362 174
14777 2736 919
14777 167 976
14777 11096 161
14777 15186 290
14778 188 638
14778 8900 250
14779 1543 534
14779 12902 413
14780 10992 161
14780 2761 834
14780 2674 983
14780 5044 771
14780 10257 823
14781 10177 350
14781 11200 878
14781 8702 23
14781 15632 17
14782 13833 774
14782 3581 359
14783 1393 681
14783 1756 725
14783 9475 678
14784 14758 558
14784 1959 33
14784 12416 934
14784 13720 275
14784 1518 117
14784 1524 999
14785 14399 721
14785 11653 962
14786 7156 576
14786 10903 362
14787 2855 878
14787 5645 326
14788 11948 344
14788 2520 896
14788 7396 465
14788 11675 284
14788 1623 991
14789 249 275
14789 1116 712
14789 14841 673
14790 10681 455
14790 2278 257
14790 6437 64
14790 8153 708
14790 12103 420
14791 7610 853
14791 3002 666
14791 8432 453
14791 1054 696
14791 6879 575
14791 11480 905
14791 4471 779
14792 10884 766
14792 2875 396
14792 592 361
14792 1535 901
14792 11559 475
14793 12433 647
14793 14418 541
14794 9356 526
14794 2234 730
14794 14355 405
14794 4805 259
14794 270 575
14794 6328 759
14795 6953 333
14795 1467 34
14796 4056 933
14796 4358 508
14796 965 828
14796 5274 618
14796 11262 343
14796 3134 341
14797 11932 60
14797 14531 533
14797 759 71
14797 2956 547
14797 9040 400
14798 4646 27
14798 15825 637
14798 5651 368
14798 3859 846
14798 14149 378
14799 3144 889
14799 4708 500
14799 11694 43
14799 5928 912
14800 11873 448
14800 12165 628
14800 6837 813
14800 9955 97
14802 5252 641
14802 4684 627
14802 14140 299
14802 2309 875
14802 12256 432
14803 14328 939
14805 15393 447
14805 10478 6
14805 15393 78
14806 7797 508
14807 5855 861
14807 15874 489
14807 231 663
14808 11520 213
14808 12113 477
14808 13128 370
14808 9243 261
14808 2772 308
14808 4349 183
14809 5253 832
14809 3678 425
14809 15296 46
14809 2025 584
14809 11047 465
14810 12070 870
14810 5810 953
14810 4031 959
14810 5693 66
14810 4278 959
14810 2712 243
14811 6212 121
14811 2663 738
14812 6946 658
14812 7829 510
14812 11119 853
14813 8662 319
14813 1846 973
14813 860 895
14813 3708 215
14813 10233 581
14813 7985 611
14814 2181 724
14814 10432 600
14814 7363 51
14815 5799 422
14815 7427 494
14815 5108 348
14816 4241 783
14816 13946 459
14816 15394 964
14816 2741 301
14816 5974 262
14817 2806 137
14817 7558 653
14818 13355 325
14818 9909 236
14818 10879 123
14819 13343 465
14819 5659 76
14819 6955 950
14819 10789 751
14819 8683 25
14819 4358 964
14819 6205 210
14820 4068 595
14820 10997 643
14820 5866 653
14821 11073 565
14821 207 802
14821 6635 529
14821 11038 196
14821 843 478
14822 2343 973
14822 1269 798
14822 5787 32
14822 5945 197
14823 8437 368
14823 4374 419
14823 9671 479
14823 7081 443
14824 10885 47
14824 3565 140
14824 6619 538
14824 10696 71
14825 4241 795
14825 9485 279
14825 11691 167
14825 11615 786
14826 12777 663
14826 5750 115
14826 12278 14
14826 3659 338
14826 5489 352
14827 8592 211
14827 523 627
14827 8812 612
14827 1372 426
14828 4062 471
14828 10947 741
14829 2067 895
14829 15527 56
14829 1526 943
14829 4717 78
14830 4377 230
14830 4978 396
14830 15812 18
14830 11811 946
14830 507 241
14831 11637 794
14831 6619 628
14831 12071 960
14832 5799 254
14833 12482 833
14833 3608 783
14833 6037 97
14833 2222 715
14833 1315 816
14833 6829 720
14833 10690 340
14833 11095 111
14834 13035 13
14834 6707 46
14834 1934 112
14834 9220 119
14834 9717 752
14835 4758 836
14836 14346 888
14836 13138 404
14837 7014 950
14837 5038 910
14837 5852 245
14837 10549 273
14838 11839 650
14838 10439 622
14838 14470 221
14838 7550 354
14838 2410 308
14838 3463 185
14838 10975 904
14838 15353 206
14839 1125 351
14839 8543 632
14839 5657 805
14839 10524 650
14839 6592 289
14839 15038 228
14839 10138 98
14840 2698 932
14840 307 962
14840 10170 81
14841 6733 763
14841 13022 906
14841 5990 282
14841 1567 639
14841 7919 593
14842 12040 116
14842 7655 222
14842 1466 232
14842 4450 82
14842 12227 725
14842 9974 187
14842 5383 483
14842 5290 978
14843 14391 475
14843 13069 556
14843 12946 575
14844 2303 940
14844 2339 385
14844 6454 179
14845 14887 231
14845 1634 37
14845 7080 806
14845 12042 254
14846 8724 565
14846 4896 45
14846 6720 283
14847 6160 660
14847 12465 321
14847 10892 580
14847 7213 168
14847 15567 949
14847 4290 131
14848 12113 989
14848 9393 454
14848 12784 867
14848 11220 954
14848 3994 408
14848 6616 887
14848 6036 415
14848 12361 753
14849 3579 411
14849 8379 115
14849 14821 578
14849 5425 33
14850 10160 522
14850 5195 602
14850 4170 707
14850 7665 495
14851 6202 583
14851 5617 920
14851 10258 36
14851 4490 200
14852 2749 601
14852 14009 183
14853 5053 610
14853 5715 848
14853 1527 677
14853 7226 776
14853 5851 853
14853 2600 152
14854 14233 411
14854 147 739
14854 10746 712
14855 8572 630
14855 3072 929
14856 15930 104
14856 6805 7
14856 9943 630
14856 11000 537
14857 9946 4
14857 11575 657
14857 5823 576
14858 3648 219
14858 6767 46
14858 4514 762
14859 8600 74
14859 14804 137
14859 11010 862
14859 653 129
14859 11299 445
14859 7628 505
14860 15 602
14860 4384 557
14860 10468 363
14860 5591 394
14860 6292 510
14861 8066 842
14861 11285 473
14861 6199 91
14861 6413 834
14862 10297 752
14862 6540 525
14862 13700 388
14862 5242 134
14862 7814 289
14863 7861 143
14863 30 664
14863 10621 209
14863 6028 617
14863 6925 412
14864 6583 92
14864 83 516
14864 382 712
14864 3286 554
14864 941 343
14864 5907 931
14865 13336 206
14865 6867 579
14865 10266 864
14866 734 333
14866 14018 483
14866 169 257
14867 1820 958
14867 2541 73
14867 1787 82
14867 13218 926
14868 6052 161
14869 10494 743
14869 10185 747
14869 5892 843
14869 12214 620
14869 13049 357
14869 12707 904
14869 15430 788
14869 10890 933
14869 10651 686
14870 5612 587
14870 6193 764
14870 11625 332
14870 15121 647
14870 11871 947
14870 5328 142
14870 3625 452
14870 12048 351
14870 4816 405
14870 10744 229
14871 14711 507
14871 5647 417
14871 5336 800
14872 15495 973
14872 14053 247
14872 474 124
14872 308 389
14873 9916 626
14873 2452 564
14873 1852 980
14873 11409 98
14873 7996 615
14873 1663 948
14874 5920 478
14874 15604 211
14874 3810 152
14874 10474 46
14875 5990 497
14875 14059 714
14875 4107 262
14875 3026 132
14876 2137 740
14876 3856 65
14876 13679 620
14876 5199 608
14876 10667 37
14877 14048 166
14877 2165 3
14878 6166 163
14878 7480 952
14878 14931 623
14878 12402 362
14878 14585 738
14878 8537 639
14879 5165 394
14879 9833 870
14879 6642 249
14880 1098 253
14880 15069 325
14880 4744 7
14880 13869 911
14880 9022 471
14881 4382 552
14881 8782 984
14881 8256 444
14881 14800 54
14881 4225 547
14881 11760 526
14881 8177 944
14881 5881 64
14882 11875 348
14883 14906 30
14883 14984 456
14883 14052 947
14884 5340 247
14884 1631 164
14884 8248 31
14884 13383 470
14884 8011 914
14885 2850 135
14885 9491 354
14885 6363 185
14885 13224 70
14885 7425 415
14885 12596 895
14885 15134 261
14886 12204 777
14886 839 499
14886 13822 474
14886 15939 860
14887 11608 711
14888 10089 394
14888 9577 427
14888 1864 34
14889 1925 500
14889 8164 43
14890 3014 502
14890 10612 774
14890 15322 525
14891 7139 2
14891 11423 973
14891 12752 418
14892 7187 287
14892 4109 403
14893 6396 486
14893 11746 163
14893 9971 978
14894 2062 714
14894 11810 692
14894 13123 442
14894 7044 944
14894 91 379
14894 15660 841
14894 2566 598
14894 13083 344
14895 15363 126
14895 15334 951
14895 4865 543
14895 10308 790
14896 1583 778
14896 2123 248
14896 5017 209
14896 7504 769
14896 13294 261
14896 10871 319
14896 10372 434
14896 1830 255
14896 15627 43
14896 5846 503
14897 14719 80
14897 11013 932
14898 73 338
14898 7796 946
14899 9219 939
14899 13957 922
14899 12789 903
14899 1478 799
14899 1922 319
14900 395 517
14900 5422 924
14900 3715 468
14901 3593 508
14901 12032 870
14901 15310 861
14902 10217 550
14902 6953 400
14902 14689 478
14902 14843 589
14902 15088 7
14902 12405 947
14903 3389 314
14903 13267 374
14903 3382 836
14903 8998 968
14904 2599 684
14904 4050 977
14904 13440 916
14904 10514 45
14905 2805 551
14905 15346 721
14905 328 642
14906 6715 683
14906 7796 878
14906 5135 177
14906 13806 683
14906 5304 665
14906 8028 663
14906 10065 197
14906 13223 301
14906 5848 680
14907 2580 659
14907 9297 150
14907 12405 836
14907 4895 676
14908 4180 121
14908 6775 293
14909 11977 634
14909 6067 235
14909 3439 425
14909 3164 86
14910 12547 264
14910 510 103
14910 14441 515
14910 11361 350
14911 11983 10
14911 15026 12
14911 5132 637
14911 14090 559
14912 2849 653
14912 10984 441
14913 3408 483
14913 12507 659
14913 15269 71
14913 1241 1
14913 15185 14
14913 11023 724
14913 8332 834
14914 951 641
14914 8204 645
14914 10672 380
14914 1794 14
14914 15652 42
14914 518 397
14914 7879 1
14914 12648 458
14915 917 207
14915 2979 322
14915 11318 861
14916 8427 56
14916 14073 497
14917 5370 799
14917 4488 47
14917 5709 81
14917 15317 563
14917 15749 988
14918 6321 838
14918 10840 227
14918 1137 890
14919 10516 12
14919 4872 914
14919 15482 843
14920 11755 896
14920 7599 564
14920 107 628
14920 7253 123
14920 12378 813
14921 2960 262
14921 15066 824
14921 1798 864
14921 8590 110
14922 7481 861
14923 182 259
14923 2016 588
14923 8310 883
14923 8811 891
14924 7867 490
14924 2053 183
14924 6056 864
14924 15141 267
14925 523 967
14925 3117 944
14925 12848 538
14925 8457 179
14926 1045 69
14926 5829 437
14926 6192 512
14927 3028 86
14927 15359 137
14927 3364 587
14927 3138 288
14928 13010 387
14928 13406 296
14928 2078 667
14929 11632 515
14929 1732 870
14929 2643 198
14930 10220 128
14930 15213 337
14930 7252 708
14930 5507 466
14931 14071 128
14931 8363 231
14931 11154 379
14931 2998 119
14932 12471 228
14932 9071 743
14932 7219 905
14933 14078 23
14933 326 69
14933 11386 59
14933 10672 308
14934 9905 630
14934 5775 39
14935 11560 364
14935 11917 726
14935 15497 372
14935 12684 260
14935 13936 543
14936 12582 931
14936 4210 600
14937 12420 484
14938 1569 60
14938 9632 906
14939 6317 712
14939 9809 649
14939 10378 182
14939 15313 603
14939 3000 83
14939 432 459
14940 9970 276
14940 15613 436
14940 2353 240
14940 9699 268
14941 11779 806
14941 5779 801
14941 9092 840
14942 10948 234
14942 14093 450
14942 667 29
14942 45 421
14942 12256 893
14943 2191 110
14943 7658 265
14943 5522 755
14943 7626 72
14943 11419 199
14943 3361 66
14944 11143 925
14944 6881 506
14944 2096 267
14945 9683 820
14945 3920 627
14945 14739 381
14945 9322 605
14945 954 308
14946 8010 213
14947 14968 688
14947 4204 277
14947 11847 648
14947 9625 995
14947 5398 90
14948 5867 358
14948 6297 231
14948 10090 287
14948 15454 157
14949 9048 199
14949 4176 113
14949 2494 54
14949 11574 600
14949 10287 432
14950 1860 883
14950 12657 192
14950 10280 439
14950 7905 210
14951 1669 285
14951 1077 834
14951 14382 628
14951 1881 152
14951 13518 706
14951 6297 787
14951 15440 421
14952 7995 786
14952 4301 178
14952 2943 854
14952 3852 390
14952 15754 656
14952 2930 723
14952 9681 514
14953 8152 399
14953 8361 711
14953 3243 202
14953 4376 732
14953 5069 565
14954 3239 600
14954 2719 519
14954 9053 755
14954 2430 481
14954 12347 544
14955 13360 275
14955 15670 835
14956 8225 814
14956 14616 772
14956 5390 175
14956 2959 131
14957 2971 956
14957 7692 750
14957 14605 521
14957 15710 245
14958 13719 542
14958 10548 231
14958 7913 863
14958 2730 240
14958 14884 161
14958 10500 978
14958 7105 392
14958 10518 407
14959 6166 828
14959 15249 919
14960 10569 180
14960 3871 711
14960 6061 141
14960 975 715
14960 6556 939
14960 6729 51
14961 15892 887
14961 14110 905
14961 1831 902
14961 13549 883
14961 6206 785
14962 2321 157
14962 12438 179
14962 5236 779
14962 3618 217
14963 822 677
14963 9389 892
14963 761 367
14963 8581 399
14963 14059 607
14963 3513 502
14963 2370 857
14964 2404 184
14964 2385 622
14964 13687 558
14964 3568 188
14964 6267 856
14964 8471 491
14964 5193 711
14964 13958 801
14964 6263 314
14965 6379 214
14965 1311 920
14965 5781 30
14965 3726 910
14966 1749 839
14966 15656 882
14966 14542 18
14966 10547 661
14966 13048 998
14966 8359 687
14967 11813 429
14967 3978 591
14967 7205 758
14968 1983 754
14968 63 996
14968 12008 155
14968 2076 517
14968 15407 774
14968 4531 488
14968 5952 169
14969 695 672
14970 3769 996
14970 1645 269
14970 4705 118
14970 12690 576
14971 12500 606
14972 6607 882
14972 1519 36
14972 9667 710
14972 1709 377
14972 4313 622
14973 5907 522
14973 2764 131
14973 12472 248
14973 3321 492
14974 2090 130
14974 1346 376
14974 13569 285
14974 13744 377
14974 1808 404
14975 4834 876
14975 1667 293
14975 7930 766
14975 7124 391
14976 13023 535
14976 13274 961
14977 11019 975
14977 7839 807
14977 14213 584
14977 5863 61
14978 6853 764
14978 8261 691
14979 3388 718
14979 3123 949
14979 5815 343
14980 5753 967
14980 4128 969
14981 970 835
14981 3198 106
14982 14227 38
14982 1107 722
14983 10249 621
14983 2105 310
14983 6340 966
14983 12172 643
14983 14519 197
14983 12633 906
14984 12320 38
14984 1374 320
14984 4630 901
14984 13 232
14985 1947 142
14986 5904 541
14986 14569 585
14986 14344 567
14987 5891 800
14987 11467 147
14987 13079 447
14988 9239 77
14988 14989 446
14988 140 928
14988 4582 848
14989 4075 502
14989 6080 558
14989 12854 856
14989 9610 687
14989 13883 578
14989 3516 675
14990 10189 715
14990 12828 104
14990 12908 344
14990 10981 657
14990 11871 217
14991 499 734
14991 9671 516
14991 7948 417
14991 5379 876
14991 8108 651
14991 2497 232
14991 5036 776
14991 13338 145
14991 9473 72
14992 10870 484
14992 8048 171
14993 380 237
14993 5876 340
14993 10692 826
14993 7320 510
14993 6920 745
14994 6855 816
14994 7036 131
14994 13008 494
14994 13495 133
14994 6622 668
14994 11209 737
14994 1006 199
14996 65 298
14996 11950 256
14996 14078 679
14996 11613 320
14997 7564 88
14997 4325 477
14997 11621 96
14997 2038 819
14998 1593 222
14998 7974 981
14998 13707 407
14998 12356 639
14998 13650 309
14998 12430 373
14999 5342 686
14999 296 591
14999 11590 315
14999 1899 684
15000 8281 550
15000 5480 532
15001 6075 770
15001 75 727
15001 3248 208
15001 12410 987
15001 958 743
15001 4467 273
15001 14758 632
15002 3296 852
15002 11828 205
15002 7393 380
15002 12493 49
15003 7240 313
15003 9652 683
15003 11308 736
15004 3927 702
15004 15499 164
15004 12279 858
15004 14735 189
15004 14735 260
15004 15575 830
15005 2173 921
15005 5638 907
15005 1828 488
15005 8060 714
15005 9495 523
15006 799 190
15006 6112 589
15006 13281 359
15006 11114 60
15006 1514 709
15007 13091 101
15007 9908 885
15007 11248 213
15007 11017 29
15007 4828 957
15009 14544 323
15009 12777 552
15009 15782 524
15009 958 325
15009 2779 750
15010 1665 356
15010 13240 809
15010 9422 934
15010 1866 869
15010 10152 77
15010 566 918
15011 4566 45
15011 6721 481
15011 3507 847
15011 13566 739
15011 5715 637
15011 10222 588
15011 5762 928
15011 1267 552
15012 15071 722
15012 5799 563
15013 5293 451
15013 8213 709
15013 14523 454
15013 9557 136
15014 10480 971
15014 10870 955
15014 800 4
15015 10140 544
15015 7325 302
15015 12286 83
15015 12708 463
15015 9464 30
15015 9883 647
15016 3820 845
15016 8878 743
15016 9816 489
15017 13173 499
15017 14782 467
15017 12399 795
15017 9560 290
15018 12368 889
15018 11525 252
15018 14077 188
15018 439 415
15019 13538 439
15019 7334 5
15019 1293 819
15019 5975 171
15020 2656 118
15020 6029 298
15021 7506 278
15021 11523 139
15021 8370 656
15021 12965 284
15021 277 462
15022 7034 307
15022 424 578
15023 6196 561
15023 186 590
15023 10943 674
15024 4888 752
15024 14517 218
15025 11708 819
15025 2324 929
15025 9675 441
15025 15299 355
15025 7597 697
15025 15413 449
15026 3980 69
15026 8300 557
15027 13053 244
15027 6532 732
15027 3863 556
15027 12550 515
15029 9218 595
15029 13855 101
15029 6288 73
15030 11418 836
15030 3716 102
15030 197 214
15031 10800 620
15032 2171 717
15032 15204 432
15033 3219 223
15033 7838 222
15034 3755 45
15034 15856 575
15034 11891 37
15034 5329 611
15034 14113 19
15035 13485 727
15035 12869 970
15035 12277 216
15035 10280 789
15035 12417 283
15036 5155 330
15036 9030 701
15037 12055 277
15037 7120 941
15037 14214 54
15038 8933 180
15038 15754 747
15038 1216 572
15038 12950 21
15038 5281 168
15039 4016 524
15039 12027 341
15039 13730 959
15040 2455 724
15040 12443 594
15040 10617 505
15040 4540 47
15040 10357 560
15041 12657 615
15041 8361 859
15041 15724 225
15041 15827 382
15042 4140 570
15042 303 747
15042 1311 818
15042 6705 100
15043 6571 357
15043 5124 306
15043 12967 430
15043 8438 17
15043 14667 652
15043 14709 853
15044 2937 49
15044 6487 715
15045 15753 135
15045 1716 190
15045 11478 577
15045 14937 683
15046 7779 735
15046 11888 855
15046 5216 452
15047 8853 276
15047 15489 464
15047 13749 958
15047 418 194
15047 15387 33
15047 10038 628
15047 467 276
15048 15493 689
15048 10496 578
15048 1125 707
15049 8077 194
15049 2123 262
15049 11972 393
15049 5589 62
15049 3427 503
15049 14888 674
15049 12017 92
15050 2287 580
15050 15218 698
15050 2706 884
15050 12651 303
15050 1008 393
15050 10056 255
15050 7003 222
15051 3950 485
15051 14416 840
15051 15636 27
15052 6379 870
15052 13608 542
15052 9211 518
15052 3612 490
15052 12436 379
15053 6184 198
15054 3008 321
15054 6169 540
15054 6578 596
15055 7859 53
15055 12332 355
15056 9576 129
15056 6465 513
15056 507 521
15056 652 391
15057 10535 210
15057 11036 703
15057 8457 952
15057 9660 391
15057 4164 845
15057 15380 249
15058 5102 843
15058 10759 739
15058 12716 885
15059 8907 806
15059 15844 220
15059 289 171
15060 1256 787
15060 12777 715
15060 11279 219
15060 10898 64
15061 13007 949
15061 9169 49
15061 4583 425
15061 12297 927
15061 7161 885
15061 13079 638
15062 3334 451
15063 8435 769
15063 10578 934
15063 3424 431
15064 12208 886
15064 1595 640
15065 7528 460
15065 4245 21
15065 4599 957
15065 2426 637
15065 13298 28
15065 15756 549
15065 14177 615
15065 7152 266
15065 2422 205
15065 10046 601
15066 2196 98
15066 9071 650
15066 6666 296
15066 10983 848
15066 4868 888
15067 6101 473
15068 11663 750
15068 4538 340
15068 1167 997
15068 2506 907
15069 10902 236
15069 12699 149
15069 10257 605
15069 495 158
15069 2487 267
15069 1182 198
15069 5573 594
15069 11957 995
15069 2746 138
15070 11165 537
15070 15056 326
15070 15975 453
15071 8550 512
15071 13172 693
15071 5077 141
15071 7981 258
15071 664 828
15072 10839 920
15072 10077 194
15072 12096 713
15073 6538 592
15073 775 591
15073 10590 134
15073 14179 598
15073 9952 694
15073 13931 458
15073 469 22
15074 7388 577
15074 9279 640
15074 8307 656
15074 12393 139
15074 12739 832
15074 2554 315
15074 9576 783
15074 9269 193
15074 1618 567
15075 10459 822
15075 12353 979
15075 6335 832
15075 14883 974
15076 3318 383
15076 1171 619
15076 11897 972
15076 12173 239
15076 6009 163
15076 11824 123
15076 7998 437
15077 3634 372
15077 13620 669
15077 1366 195
15077 8985 817
15077 14887 723
15077 12115 258
15077 5377 580
15077 3946 380
15077 3563 20
15077 13346 543
15078 5795 430
15078 4776 999
15078 6472 222
15079 5301 578
15079 1048 701
15079 12002 832
15079 6580 252
15080 10342 307
15080 7799 533
15081 13572 978
15082 14284 1000
15082 7314 346
15082 8157 498
15082 11587 415
15082 10189 855
15082 2186 150
15083 11052 839
15083 3872 473
15083 1356 866
15083 9238 962
15083 4779 547
15083 11124 594
15084 276 548
15085 485 741
15085 4677 338
15085 7410 633
15086 708 58
15086 9568 909
15086 1177 499
15086 71 389
15087 9139 645
15087 15205 791
15087 5638 769
15088 8566 881
15088 15488 749
15088 75 115
15088 2483 999
15089 14309 53
15089 9335 731
15089 4145 915
15089 15109 3
15089 15779 784
15089 9116 413
15089 12021 819
15089 9810 771
15089 11179 726
15090 15480 775
15090 6708 665
15090 6787 77
15090 9087 761
15090 14494 238
15091 4172 899
15091 5564 69
15091 1051 427
15091 1791 865
15093 7522 586
15093 1704 299
15093 11958 890
15093 2267 701
15093 6213 764
15093 14308 93
15093 9002 35
15093 14634 486
15093 11397 727
15094 2113 133
15094 1277 996
15094 2497 675
15094 790 783
15095 1256 55
15095 7769 800
15095 5838 87
15095 8833 439
15095 8373 979
15096 6711 699
15096 1262 354
15096 8751 539
15096 1569 709
15097 7185 486
15098 8560 665
15098 11442 54
15098 899 755
15098 4920 230
15098 12167 403
15099 8525 554
15099 7755 636
15099 10447 149
15100 13429 418
15100 13096 505
15100 12051 940
15100 12781 816
15100 13278 460
15100 7269 108
15101 9809 646
15101 814 378
15102 10216 286
15102 2292 528
15102 12904 868
15102 2475 436
15103 14956 466
15103 11619 31
15104 4179 282
15104 13046 712
15104 10813 673
15104 3785 571
15104 3975 853
15105 3672 850
15105 9559 636
15105 13778 299
15105 5222 276
15105 4448 233
15106 15933 167
15106 10925 87
15106 3733 443
15107 3891 769
15107 11411 711
15107 146 390
15108 2468 907
15108 1146 958
15108 9456 847
15108 1325 751
15108 11579 321
15109 11542 320
15109 2647 48
15109 3532 145
15109 1907 261
15110 223 296
15110 7389 256
15110 123 651
15111 2123 23
15112 9019 993
15112 15616 489
15112 14542 844
15112 15514 998
15112 11337 271
15112 3239 424
15113 4031 394
15113 3835 993
15113 5225 968
15113 326 929
15113 3507 587
15114 12620 76
15114 8978 418
15114 12083 111
15114 1254 538
15114 7412 605
15114 1672 154
15114 2124 824
15115 8282 260
15115 3828 720
15116 5893 832
15116 2524 575
15116 9885 471
15116 6849 607
15116 6017 627
15117 7867 833
15117 919 395
15117 1893 278
15117 7459 711
15117 10828 538
15117 13111 91
15117 5110 323
15118 6095 666
15118 7660 999
15118 8795 936
15118 11983 968
15118 9998 959
15119 5803 894
15120 4595 312
15120 8299 891
15121 13670 363
15121 512 872
15121 9366 81
15121 4237 544
15121 15171 472
15121 12063 864
15122 3405 885
15122 3775 646
15122 12378 754
15123 13097 888
15123 7550 810
15123 10369 125
15123 9248 508
15123 8991 293
15123 1347 257
15124 5771 492
15124 5446 619
15125 1055 615
15125 15911 712
15125 7589 19
15126 410 300
15126 450 724
15126 4263 232
15126 15325 154
15127 15812 811
15127 15565 29
15127 325 405
15127 3337 495
15127 1876 732
15128 15925 858
15128 3973 556
15128 11185 516
15129 10865 72
15129 6020 327
15130 6201 786
15130 14233 11
15130 10058 579
15130 14429 77
15131 2221 222
15131 8321 744
15131 853 464
15131 13324 204
15131 9505 722
15132 14782 296
15132 7286 175
15133 14539 430
15133 1383 418
15134 13891 713
15134 9777 356
15134 3306 474
15134 6652 385
15134 13479 297
15135 15006 170
15135 13392 835
15135 522 841
15136 8537 586
15136 11582 613
15136 11761 533
15136 914 366
15136 5473 870
15137 3323 56
15137 3717 470
15137 14442 287
15138 6595 963
15138 9590 985
15138 2882 744
15138 9557 315
15138 10616 105
15139 12695 964
15139 9804 75
15140 937 271
15140 10200 395
15140 14293 364
15140 4145 659
15140 8409 990
15140 12359 125
15141 279 499
15141 12988 613
15141 10084 678
15142 1954 163
15142 9132 252
15142 1348 253
15143 9003 721
15143 4855 368
15143 13256 36
15144 11936 73
15144 8590 864
15144 4402 446
15145 9926 233
15145 11889 561
15145 6011 997
15145 8264 162
15145 7283 885
15146 6923 154
15147 14108 318
15147 12819 955
15148 1833 841
15148 13469 121
15148 474 49
15148 1980 177
15148 15045 509
15149 13211 99
15149 14837 92
15149 15193 632
15149 13741 323
15150 7416 938
15150 12011 742
15151 2286 786
15151 12093 217
15151 529 615
15151 12872 512
15151 4733 377
15151 11146 695
15151 13111 510
15152 13536 135
15153 2012 948
15153 396 35
15153 2625 55
15153 334 303
15153 15970 87
15154 1007 44
15154 11433 752
15154 7129 910
15154 3117 400
15154 6477 148
15155 9379 707
15155 577 382
15155 1117 142
15155 5906 166
15155 10845 687
15156 11951 890
15156 7851 10
15157 10421 680
15158 12730 134
15158 9359 213
15158 2005 534
15158 7363 13
15158 165 624
15158 15678 661
15159 8220 65
15160 12762 757
15160 3385 880
15160 385 379
15160 6693 976
15160 15851 612
15160 6509 127
15161 10444 175
15161 9031 223
15161 6103 68
15161 10733 332
15162 9538 330
15162 15842 415
15162 5802 786
15162 12114 446
15163 13363 923
15163 6214 765
15163 4340 822
15164 10633 816
15164 2860 844
15164 10495 463
15164 2344 157
15164 2231 139
15164 6529 880
15164 14400 651
15164 583 329
15165 4198 208
15165 2382 933
15165 7960 884
15165 1810 420
15165 11081 613
15165 7524 946
15165 15053 352
15165 13040 874
15166 15254 28
15166 9804 323
15166 1266 271
15166 15379 708
15166 2195 11
15166 12482 85
15167 12828 825
15167 3458 941
15168 10834 360
15168 9505 115
15168 11708 625
15168 425 345
15169 15368 260
15169 5859 91
15170 6747 586
15170 13301 470
15171 14086 785
15171 13777 195
15172 10374 713
15172 1101 706
15172 11666 356
15172 13808 375
15173 2059 398
15173 7576 28
15173 11863 844
15173 11630 395
15173 1496 262
15174 1655 991
15174 8410 555
15174 4601 75
15175 14303 33
15175 6402 723
15176 10382 268
15177 13094 238
15177 9433 281
15177 182 604
15178 1754 3
15178 826 33
15178 2456 214
15178 9581 631
15179 11532 876
15179 1917 218
15179 5859 364
15180 1613 826
15180 4742 18
15181 15518 67
15181 5392 211
15181 14789 287
15181 12249 625
15182 3113 556
15182 5032 232
15182 5410 936
15182 7088 988
15182 9709 329
15182 7668 89
15183 5595 529
15183 5142 672
15183 1015 417
15183 3069 134
15183 3566 827
15183 7864 306
15184 4645 306
15184 10267 212
15184 8165 483
15184 9247 991
15184 5040 145
15185 2979 535
15185 11096 591
15185 10296 48
15185 4480 704
15186 11527 410
15186 3477 713
15187 2158 840
15187 13127 112
15187 14242 879
15188 7421 887
15188 5044 686
15188 15943 351
15189 11742 93
15189 3035 383
15189 1016 636
15189 7372 967
15189 15952 27
15190 14952 628
15191 15019 166
15191 14551 262
15191 3301 822
15191 5091 22
15192 5147 17
15193 15518 235
15193 11527 587
15193 14657 499
15194 15977 40
15194 799 466
15194 11076 190
15194 2468 717
15194 3843 983
15194 2308 353
15195 9623 702
15195 8094 97
15195 13215 765
15196 12119 402
15196 9175 429
15196 13672 613
15196 4600 309
15196 4580 979
15196 11753 898
15196 1748 107
15196 10334 406
15197 1889 591
15197 105 973
15197 2766 435
15197 7717 671
15197 8664 531
15198 5017 319
15198 5437 660
15198 4965 492
15199 1587 200
15199 8768 72
15199 11672 661
15199 1121 443
15199 5947 448
15200 14770 776
15200 7168 69
15200 1566 954
15200 1806 676
15200 6206 86
15200 1373 762
15200 5326 214
15200 9395 205
15201 4114 221
15201 11774 828
15201 1238 483
15202 3568 198
15202 3615 532
15202 4411 320
15203 12264 887
15203 7870 508
15204 15007 890
15204 8111 51
15205 13362 36
15205 2368 159
15205 3617 899
15205 12444 381
15205 12527 323
15205 4050 801
15205 280 729
15206 3669 998
15206 11163 494
15206 8096 583
15206 2615 979
15206 12601 820
15206 11578 940
15206 11822 126
15207 7596 911
15207 58 581
15207 8047 428
15207 15572 155
15207 8885 474
15207 8892 660
15207 9236 976
15208 11759 625
15208 9172 498
15208 14136 563
15208 3928 950
15209 2596 985
15209 7580 4
15209 13260 199
15209 10667 756
15209 15840 133
15210 7814 86
15210 14403 424
15210 9334 398
15211 6367 400
15211 1661 629
15212 15632 578
15212 3035 160
15213 10842 622
15213 14212 943
15213 4628 573
15213 14696 222
15213 14467 778
15213 13339 376
15214 9047 202
15214 13895 538
15215 11976 239
15215 12015 803
15215 2492 345
15216 5676 387
15216 2428 736
15216 7165 417
15216 13397 945
15216 5476 877
15217 9698 716
15217 7049 836
15217 12282 131
15217 9678 383
15218 2622 668
15218 10374 847
15218 9840 581
15218 10584 691
15219 10807 720
15219 958 622
15219 770 125
15219 1367 964
15220 10967 627
15220 11926 355
15220 2579 579
15221 439 940
15221 15675 452
15221 8928 474
15221 11151 813
15221 3298 992
15222 9626 173
15222 6866 376
15222 1945 634
15222 10194 983
15222 14729 933
15223 10483 727
15223 15672 746
15223 13732 7
15224 15345 40
15224 11909 959
15224 9402 690
15224 8444 297
15225 5145 988
15225 893 310
15225 7579 765
15225 6188 773
15226 15463 999
15227 15843 868
15227 13701 610
15227 3962 247
15228 13236 772
15228 12612 907
15228 14564 814
15228 5319 781
15228 7372 290
15228 884 142
15229 15119 96
15229 4721 301
15229 3685 630
15230 8682 247
15230 1152 681
15230 2730 447
15230 1671 525
15231 15712 562
15231 5616 779
15231 14777 172
15231 11080 146
15232 2634 655
15232 5778 219
15232 7210 83
15232 6625 414
15232 6900 871
15232 5751 413
15233 5136 770
15233 6607 580
15233 12787 490
15233 10177 656
15233 8369 980
15233 10785 791
15234 552 762
15234 15724 999
15234 5829 413
15234 7387 626
15234 7646 700
15234 7613 346
15234 10102 80
15235 10084 877
15235 10983 316
15235 2737 184
15235 15801 542
15235 3420 544
15236 3761 693
15236 6221 304
15236 1175 458
15236 11693 662
15237 9358 160
15237 2971 972
15237 8887 746
15237 477 928
15237 11412 111
15237 2678 233
15238 15484 911
15238 11227 872
15238 13907 847
15238 6758 941
15238 497 251
15238 8692 286
15238 12114 32
15238 9039 90
15239 1237 737
15239 3554 141
15239 7998 70
15239 15795 842
15239 2047 887
15240 3975 268
15240 12965 758
15240 4243 503
15240 14393 880
15241 6668 297
15241 15141 64
15242 5225 9
15242 9457 289
15243 15505 647
15243 14986 487
15244 8102 107
15244 9077 238
15244 4168 602
15244 4614 85
15244 12062 367
15245 12083 244
15245 103 778
15246 9217 705
15246 6165 473
15246 2564 858
15246 3267 74
15246 11868 183
15247 8271 73
15247 2708 459
15247 11394 357
15247 9541 190
15247 3627 338
15247 2943 490
15248 12969 433
15248 12688 438
15248 12965 905
15248 10566 914
15249 7743 138
15249 4648 441
15249 1073 434
15249 9148 291
15249 1516 303
15249 522 826
15250 7408 496
15250 1963 222
15250 10918 462
15250 4581 198
15250 10783 39
15250 1741 817
15250 14905 617
15251 6304 738
15251 8582 234
15251 13585 299
15251 3064 308
15251 15263 503
15251 1138 222
15252 14081 177
15252 15925 269
15253 5824 683
15253 9757 796
15254 8375 805
15254 10420 701
15254 14320 699
15255 4370 110
15256 6981 547
15256 11984 989
15256 10776 551
15256 5280 522
15256 15737 229
15257 746 804
15257 6052 60
15257 1291 290
15257 13832 438
15258 15149 70
15258 9656 706
15258 10250 254
15258 3328 695
15258 12818 817
15259 2972 374
15259 13839 663
15259 6163 492
15259 3343 88
15260 7185 656
15260 1372 33
15261 2377 810
15261 8756 145
15261 12747 889
15261 5466 507
15262 7571 639
15263 2358 557
15263 7929 308
15263 2583 193
15263 3806 544
15264 8742 963
15264 10953 628
15264 3952 390
15264 2856 130
15264 4765 307
15265 9154 655
15265 10155 426
15265 8089 170
15265 6760 280
15266 12642 762
15266 6063 493
15266 2228 264
15266 1536 2
15267 2555 867
15267 110 237
15268 11670 479
15269 2147 597
15269 14028 228
15269 4131 825
15269 14156 545
15269 7658 68
15269 6609 957
15269 13837 872
15270 15037 440
15271 2877 192
15271 5001 805
15271 14788 639
15271 4996 145
15271 7650 4
15272 12354 37
15272 14686 656
15272 5271 400
15272 15258 993
15273 11745 86
15273 733 128
15273 13149 782
15273 11041 684
15273 6123 523
15273 11358 218
15274 5880 658
15274 3203 18
15274 890 587
15275 3921 722
15275 9292 828
15275 6750 995
15275 8404 647
15275 7012 457
15275 1158 879
15276 14593 639
15276 3600 480
15276 5782 950
15276 230 259
15276 14995 971
15276 15924 82
15277 14635 32
15277 12894 620
15277 13386 995
15278 7151 337
15278 4366 174
15278 336 925
15278 4898 860
15279 8502 989
15279 12477 751
15279 11093 326
15279 12474 405
15280 11135 627
15280 9608 770
15281 10287 995
15281 6671 289
15281 13853 273
15281 9469 524
15281 11410 953
15282 11838 785
15282 4987 761
15282 14277 770
15282 14077 280
15283 8698 384
15283 3706 98
15283 12476 42
15283 1446 818
15284 1522 414
15284 5025 303
15284 14871 732
15285 9297 437
15285 8259 220
15285 6413 69
15286 488 219
15286 6513 91
15287 5159 185
15287 3986 475
15288 4032 853
15288 8008 977
15289 3549 672
15289 11940 483
15289 14312 916
15289 465 945
15289 9954 690
15289 4646 989
15289 9481 420
15289 4579 811
15289 9103 808
15289 11569 483
15289 13210 415
15289 7720 446
15290 12553 522
15290 13174 794
15290 5328 865
15291 10762 407
15291 7909 825
15291 14920 234
15292 2245 882
15292 6050 422
15292 5052 634
15292 7922 798
15292 13115 316
15292 15795 382
15292 13998 767
15293 14820 309
15293 500 820
15293 2879 819
15293 15169 461
15293 11799 424
15293 11938 589
15294 14235 96
15294 3800 105
15294 11422 749
15295 6049 980
15295 13678 495
15295 4107 131
15296 979 982
15296 12935 314
15296 7573 624
15296 10555 67
15296 7366 501
15297 9314 851
15297 14160 335
15297 7999 950
15297 496 511
15297 11464 737
15298 15694 9
15298 5357 152
15298 12714 879
15299 2547 342
15299 6081 583
15299 11626 235
15300 14216 439
15300 10694 254
15300 10997 2
15300 14586 957
15300 8170 229
15300 3332 629
15301 3500 862
15301 9903 844
15301 5884 154
15301 12362 800
15302 3006 495
15302 7718 937
15302 11915 869
15302 4617 193
15303 4318 981
15303 7378 289
15303 7514 296
15303 15605 334
15303 2034 880
15303 11881 430
15304 11372 504
15304 10124 167
15304 9094 649
15304 10601 801
15304 13384 620
15305 5215 298
15305 15966 182
15305 12458 737
15305 11045 633
15305 8539 304
15306 8959 826
15306 5464 253
15307 4861 60
15307 14504 863
15308 2199 431
15308 9499 587
15308 15923 962
15308 608 311
15308 15358 881
15308 2786 585
15308 8943 493
15309 9860 8
15309 3297 348
15309 12866 922
15309 3054 560
15309 12797 668
15310 6411 388
15310 7786 176
15311 9619 946
15311 13617 80
15311 94 500
15312 5859 632
15312 11620 639
15312 1512 982
15312 15295 358
15312 92 448
15312 2792 304
15312 9546 905
15312 1668 336
15312 13687 505
15314 10663 707
15314 5777 540
15314 2480 12
15315 659 734
15315 7506 137
15315 10415 738
15315 7772 300
15315 6258 911
15315 3528 209
15316 626 285
15316 9398 359
15316 10946 632
15317 1405 410
15317 12522 720
15317 4746 582
15317 6386 913
15317 1899 467
15317 7077 398
15317 13652 845
15318 1027 804
15318 7210 923
15318 9290 45
15318 3858 409
15318 4665 218
15318 1565 440
15319 1769 768
15319 14828 581
15319 3109 233
15319 9247 545
15319 7458 477
15319 734 50
15319 6842 395
15320 14355 160
15320 3770 466
15321 5663 491
15321 5743 375
15321 15781 175
15321 10048 467
15321 14408 584
15322 6412 924
15323 9337 324
15323 14084 60
15323 6319 703
15324 13703 758
15324 10467 770
15324 11565 978
15325 497 704
15325 13192 694
15325 2823 184
15325 1147 260
15326 5049 504
15326 15376 269
15326 15384 915
15327 2036 503
15327 294 623
15327 5946 150
15327 1210 748
15327 13384 511
15327 130 958
15328 11456 851
15328 10374 908
15329 8108 94
15329 3732 146
15329 8808 558
15329 2289 857
15329 14984 287
15329 4098 841
15329 637 399
15329 6046 834
15329 2117 959
15330 1299 105
15330 11137 60
15330 12594 651
15330 12121 285
15330 9977 963
15330 11073 784
15331 6245 461
15331 3417 6
15331 4705 969
15332 11662 377
15332 9464 699
15332 10919 362
15332 9504 468
15332 11668 972
15333 13102 96
15333 14568 843
15334 4220 253
15334 4203 598
15334 13547 435
15334 3280 246
15335 13538 375
15335 3375 630
15335 8776 617
15335 7075 97
15335 632 304
15335 8625 360
15336 10673 673
15336 2443 118
15336 1561 655
15336 14477 775
15336 10079 989
15336 10031 398
15336 7077 324
15336 11825 311
15337 2810 678
15337 7412 854
15337 4188 114
15337 76 871
15337 2771 70
15337 15645 448
15337 5546 160
15338 8541 782
15338 4068 993
15338 559 99
15338 14520 655
15338 13751 242
15338 13624 584
15338 1944 468
15339 12319 957
15339 13576 363
15339 14657 994
15339 542 218
15340 15394 443
15340 9002 828
15340 4690 381
15340 5314 667
15340 8366 127
15342 8200 14
15342 13342 625
15342 11010 382
15342 12971 2
15342 14921 162
15343 13157 697
15343 5649 322
15344 6104 977
15344 7007 6
15344 12958 162
15344 253 896
15344 2230 690
15344 7888 697
15345 7876 440
15345 15901 49
15345 3323 311
15345 4673 796
15346 3116 617
15346 7488 229
15346 163 493
15346 7846 144
15346 6489 689
15346 9434 63
15346 126 465
15346 11129 700
15347 5530 619
15347 13574 375
15347 9238 63
15347 2787 867
15347 13379 91
15347 15300 908
15349 13547 716
15349 10945 723
15350 12705 565
15350 11530 832
15350 10447 920
15350 12621 285
15350 7632 270
15351 14551 73
15351 9941 291
15351 12990 471
15351 6077 31
15352 8256 625
15352 8553 145
15353 1822 691
15353 13231 483
15354 6303 877
15355 12492 580
15355 5314 914
15356 13728 379
15357 12734 821
15357 7779 605
15357 9780 247
15357 128 583
15357 10606 399
15358 13595 33
15358 12772 255
15358 410 288
15359 8936 681
15359 7590 289
15359 7553 276
15359 845 80
15359 10023 386
15359 2060 61
15360 1978 466
15360 5642 63
15360 13259 154
15360 2559 115
15361 14322 865
15361 4366 53
15361 11918 405
15361 4998 680
15362 6717 9
15363 179 236
15364 13895 966
15364 5543 241
15364 10805 71
15365 1037 113
15365 1312 444
15365 9097 528
15365 9407 321
15365 14824 96
15366 10050 263
15366 3784 530
15367 14948 55
15367 11386 226
15367 1661 990
15367 8213 262
15367 9222 742
15367 15495 466
15368 5080 323
15368 1439 115
15369 8358 959
15369 3160 596
15369 6698 991
15369 8019 954
15370 2451 650
15370 1247 928
15370 12215 230
15370 3676 877
15371 5152 127
15371 6513 656
15372 9400 921
15372 10483 899
15373 4856 97
15373 6236 923
15373 10064 250
15373 431 573
15373 5145 557
15373 728 792
15373 1500 201
15373 15544 569
15374 9591 140
15374 13189 937
15374 15200 649
15374 13328 881
15374 15038 999
15375 15342 233
15375 6053 88
15375 13079 818
15375 5409 278
15375 7633 343
15376 1406 602
15376 14901 703
15377 5982 179
15377 5936 585
15377 212 13
15378 7415 792
15378 4611 96
15378 13314 72
15378 6663 249
15379 3884 775
15379 12409 281
15379 4441 915
15380 14521 857
15380 5082 964
15380 8041 93
15380 15475 299
15380 11065 437
15380 13326 776
15381 1279 50
15381 13422 795
15381 15540 343
15381 7973 213
15382 11166 415
15382 2447 397
15382 8549 666
15383 1898 163
15384 11804 263
15384 8673 142
15384 6844 851
15385 13680 76
15385 6700 972
15385 12079 610
15385 4561 373
15385 6000 803
15386 6059 420
15386 4905 468
15386 2435 953
15386 10405 357
15386 3551 187
15386 4299 494
15386 7363 965
15386 6662 944
15386 3324 154
15386 14438 431
15386 9661 389
15387 9487 744
15387 14639 990
15387 9398 927
15387 11405 308
15388 15901 967
15388 11108 732
15388 4634 111
15388 6101 318
15389 6425 150
15389 14311 575
15389 14256 512
15390 14173 248
15390 2062 674
15390 8325 512
15390 13609 810
15390 2578 515
15390 14175 814
15390 4968 971
15390 5529 530
15391 3034 329
15391 9320 401
15391 15466 362
15391 10257 732
15391 15765 267
15392 6872 680
15392 6213 703
15392 3150 434
15393 6985 119
15393 13011 196
15393 2372 718
15393 7674 617
15393 3755 417
15394 8741 92
15394 8823 510
15394 1113 51
15395 15092 963
15395 14367 642
15395 474 158
15396 2274 261
15396 6030 369
15396 4586 942
15396 15701 868
15396 7299 910
15396 636 639
15397 15625 927
15397 6992 881
15397 14742 392
15397 9734 202
15397 13380 182
15398 914 425
15398 14098 972
15398 8738 401
15398 13894 745
15398 15908 88
15399 8672 202
15399 9696 234
15399 1181 442
15399 1206 789
15400 1177 451
15401 10901 459
15401 12828 878
15401 56 198
15402 11806 597
15402 5841 788
15402 4392 525
15402 15879 287
15402 9532 427
15403 12094 299
15403 14129 552
15403 6515 410
15404 4899 643
15404 11154 922
15404 6152 631
15404 10193 466
15404 1498 358
15406 359 254
15406 13093 41
15406 10815 866
15406 6047 207
15406 6439 994
15406 13048 638
15407 577 701
15407 6883 846
15407 10377 600
15408 5012 849
15408 1030 32
15408 7093 147
15409 11703 747
15409 1185 198
15409 11033 832
15410 13904 745
15410 4342 164
15410 2201 752
15411 14306 362
15411 8040 471
15411 3809 530
15411 6384 895
15412 9933 989
15412 14780 222
15412 15608 216
15412 560 379
15413 7321 513
15413 648 203
15413 2363 628
15413 15544 630
15413 3133 120
15413 15176 958
15413 7437 444
15414 7144 755
15414 2376 418
15414 949 188
15414 956 764
15414 11259 836
15415 311 282
15416 14419 637
15416 496 756
15416 9795 929
15416 11799 993
15417 857 315
15417 6114 67
15417 15190 948
15418 8338 232
15418 5516 14
15418 12572 820
15418 14938 150
15418 394 490
15418 2221 709
15418 4688 778
15418 9087 683
15419 11820 334
15419 1007 345
15419 3881 181
15419 12680 28
15420 5449 866
15420 15953 730
15420 14490 463
15420 8689 937
15421 8937 435
15421 11332 94
15421 11882 386
15421 11047 14
15422 10038 4
15422 6130 927
15422 15472 287
15422 11343 745
15422 5422 914
15423 9884 603
15423 979 325
15423 1556 915
15424 5617 307
15424 12289 752
15424 1416 295
15424 5427 551
15424 13332 268
15424 4303 38
15425 4235 734
15425 14592 144
15425 7176 435
15425 1092 914
15425 1864 883
15426 4296 841
15426 10829 631
15426 6229 388
15427 5573 667
15427 1306 2
15427 13902 141
15428 1001 746
15428 5317 862
15429 4939 920
15429 8453 82
15429 10262 9
15429 10817 967
15430 14178 245
15430 7606 884
15430 2045 530
15430 5439 938
15430 3961 692
15430 10388 454
15431 3003 97
15431 5218 840
15431 6951 698
15431 9349 714
15431 3587 186
15431 11423 535
15431 15966 310
15432 4692 18
15432 2197 319
15432 12866 644
15432 2606 568
15433 7268 253
15433 1066 906
15433 14628 432
15434 14976 531
15434 7963 466
15434 906 847
15434 4074 794
15435 10399 832
15435 8251 532
15436 959 277
15436 1250 421
15436 2047 993
15436 6390 209
15436 5132 660
15436 6529 983
15437 11380 705
15438 2711 554
15438 13028 558
15439 5292 60
15439 15770 751
15439 10154 166
15439 4781 251
15440 11039 761
15440 3725 908
15441 10637 493
15441 4165 128
15441 15576 448
15441 2344 697
15442 12139 669
15442 3269 786
15443 7255 698
15443 4031 273
15443 7993 116
15444 2473 316
15444 10388 996
15444 5269 353
15445 13845 775
15445 1143 877
15445 8928 657
15445 6751 199
15446 11766 736
15446 10659 339
15446 7977 933
15446 201 989
15447 11786 264
15447 15658 339
15447 15380 384
15447 11903 680
15447 6659 620
15448 6079 542
15448 11423 294
15449 12153 279
15449 1981 91
15449 8435 883
15449 1326 964
15449 5186 354
15449 13800 352
15449 821 937
15450 2849 357
15450 1257 987
15450 7167 438
15451 2429 227
15452 15170 306
15453 8556 208
15453 11076 15
15453 8941 152
15453 3778 394
15453 8874 174
15454 2124 301
15454 14036 580
15454 12411 689
15454 6071 555
15455 15142 455
15455 15248 846
15455 862 706
15455 11471 665
15456 14242 435
15456 15023 734
15456 5889 684
15457 15191 892
15457 1390 666
15457 8042 569
15457 3257 675
15457 4878 999
15458 11229 611
15458 12688 987
15459 12672 112
15459 7117 496
15460 6756 96
15460 6394 284
15460 14546 480
15460 768 280
15460 10894 802
15460 7626 176
15461 8539 71
15461 4931 727
15461 11353 138
15461 6891 298
15461 12921 19
15461 14910 666
15461 1552 394
15462 7121 539
15462 5348 812
15462 6511 543
15463 11842 837
15463 5324 349
15463 600 827
15464 7569 956
15464 1579 331
15464 4577 5
15465 14420 580
15465 12134 875
15465 1700 932
15465 10607 963
15465 14913 165
15466 535 829
15466 14683 126
15466 7484 369
15467 15820 957
15468 5658 298
15468 9997 158
15468 8614 399
15468 5910 753
15468 2460 972
15468 3314 247
15469 4883 170
15469 8618 937
15470 14347 120
15470 13316 47
15470 13297 407
15470 5147 934
15470 11117 250
15470 312 243
15470 15369 936
15470 2795 228
15470 12620 130
15470 13805 158
15471 6557 473
15471 2053 831
15471 14758 961
15471 6297 509
15471 14039 35
15472 12645 707
15472 9022 344
15472 6471 129
15472 2965 180
15472 7111 319
15472 11277 228
15473 8682 392
15473 15577 605
15473 9326 177
15473 3923 997
15473 5378 365
15473 10492 941
15474 5865 722
15475 3456 212
15475 13631 653
15475 2176 204
15475 11224 183
15475 13713 526
15475 11284 182
15475 1566 205
15477 868 841
15477 13381 88
15477 10742 112
15477 4226 649
15478 2342 137
15478 11342 540
15478 9348 430
15478 14242 883
15478 5068 313
15479 7561 286
15480 144 400
15480 8860 577
15480 6450 836
15480 14134 516
15480 13578 945
15480 3865 630
15481 15024 653
15481 11731 427
15481 1037 282
15481 6004 50
15481 6053 903
15481 14716 831
15481 237 228
15481 1146 377
15481 1587 881
15482 14696 612
15482 7213 851
15482 446 218
15483 12491 418
15483 13519 260
15483 9606 471
15483 10461 830
15483 8182 771
15483 3040 844
15483 13005 772
15484 790 193
15484 4599 254
15484 6961 521
15484 3464 527
15484 7288 744
15484 15752 457
15485 3578 574
15485 10516 574
15485 2698 367
15485 15003 838
15486 9961 758
15487 7015 214
15487 2781 540
15488 10098 93
15488 3423 797
15488 7842 160
15488 4134 310
15488 10816 256
15489 9377 723
15489 12800 998
15489 5230 902
15489 10731 637
15490 13874 320
15490 640 608
15490 623 964
15490 7523 945
15490 15922 305
15490 6723 382
15490 2213 443
15490 10358 132
15490 4980 977
15491 4146 928
15491 10644 804
15491 2644 78
15491 11300 306
15491 1603 528
15491 15416 107
15491 1251 83
15492 4988 846
15492 12060 343
15492 142 721
15492 8633 99
15492 4698 798
15493 11780 679
15493 6227 706
15493 3508 971
15493 6417 363
15493 826 165
15493 2851 234
15494 12210 361
15495 14891 371
15495 11834 107
15495 2166 190
15495 7065 522
15495 8560 752
15495 5671 874
15495 107 727
15495 2303 741
15496 10005 153
15496 9027 62
15496 9253 884
15496 14222 838
15497 8305 86
15497 11179 372
15497 9283 342
15497 3305 28
15498 15060 493
15499 8249 268
15499 9274 263
15499 14798 137
15499 1931 244
15499 2504 593
15500 241 626
15500 659 569
15500 12629 284
15501 4331 960
15501 55 368
15501 3482 285
15501 15036 138
15501 3840 679
15501 1475 752
15501 7292 326
15502 15260 384
15502 11737 252
15502 12470 95
15502 11923 234
15503 343 660
15503 9921 201
15503 8545 561
15503 15184 684
15503 12980 985
15503 1336 250
15504 8482 556
15504 1241 751
15504 7418 102
15504 8712 569
15504 4164 395
15505 1743 54
15505 4898 81
15505 2530 161
15505 2200 77
15506 7991 435
15506 991 862
15506 3013 594
15507 15461 628
15507 7654 390
15507 10903 188
15507 14772 493
15508 13811 926
15508 11764 688
15508 4119 529
15509 2086 186
15509 9084 460
15509 4822 34
15509 9225 991
15509 6462 730
15509 1007 458
15510 9238 109
15510 14453 981
15510 7261 292
15511 7071 73
15511 8095 947
15512 13981 938
15512 13580 61
15514 2100 261
15514 930 898
15514 2481 983
15515 7656 720
15515 10842 656
15515 10606 452
15515 7155 377
15515 498 725
15515 8771 603
15516 15489 345
15516 8388 354
15516 452 759
15516 14329 937
15517 1344 469
15518 7018 395
15518 7470 379
15518 7627 568
15519 7271 957
15519 334 636
15520 3145 441
15520 7249 780
15521 8650 33
15521 7725 409
15521 15560 404
15522 12194 133
15522 6440 968
15522 15178 601
15523 8993 17
15523 11378 876
15523 15455 302
15523 4201 154
15523 7755 999
15524 9562 508
15524 8482 197
15524 5164 81
15524 7254 680
15524 11688 141
15524 15390 1000
15524 39 83
15524 5399 365
15525 5978 770
15525 13622 702
15525 15254 144
15526 12383 142
15526 2805 135
15526 2522 734
15526 4900 896
15527 15053 402
15527 4058 348
15527 9899 405
15527 5584 837
15527 11712 303
15527 4159 972
15527 8054 644
15528 12097 393
15529 3904 326
15529 489 434
15529 520 407
15529 5513 363
15529 11501 354
15529 5476 504
15530 11691 445
15530 14676 745
15530 5625 359
15530 3061 804
15530 2727 698
15530 11169 433
15530 10688 410
15530 9587 41
15530 11865 728
15531 3871 685
15531 10411 842
15531 5333 281
15531 2378 92
15531 9227 897
15532 706 394
15532 667 191
15532 7823 159
15532 6536 695
15532 3922 15
15532 5257 346
15532 6077 665
15532 463 93
15532 8126 443
15533 10321 205
15533 13079 67
15533 9453 501
15533 13997 432
15534 9202 872
15534 9454 311
15534 9159 675
15534 4374 342
15535 5473 692
15535 10556 837
15535 2220 550
15535 882 503
15536 1048 660
15536 15168 945
15536 752 396
15536 14957 732
15537 15765 275
15537 13683 182
15537 3943 803
15537 8329 994
15537 5846 654
15538 15700 348
15538 87 821
15538 8566 897
15539 11627 23
15539 2699 409
15539 7632 552
15539 5752 7
15539 12746 86
15540 15087 715
15540 7027 65
15540 3069 962
15540 11347 906
15540 3216 512
15540 12094 619
15540 1116 418
15541 15306 16
15541 9121 255
15541 3336 473
15542 2398 901
15542 15088 111
15542 7933 999
15542 3053 881
15542 2785 54
15542 2968 954
15543 11628 899
15543 13818 890
15543 6437 303
15543 2878 514
15543 6730 468
15543 4943 476
15543 15284 486
15544 15475 443
15544 11238 594
15544 12603 576
15544 10080 559
15544 3488 60
15545 10596 98
15545 7385 791
15545 5484 133
15545 10060 521
15546 4060 492
15547 13075 732
15547 10454 906
15547 13704 8
15548 4749 671
15549 8668 946
15549 15688 943
15549 182 884
15550 3849 382
15550 12869 874
15550 6914 766
15550 1603 42
15550 11033 368
15550 15287 381
15550 3710 959
15550 7389 452
15551 5036 196
15551 13930 502
15551 4997 461
15551 11065 942
15551 10345 932
15552 12002 736
15552 13778 436
15553 9788 393
15553 6801 209
15553 10868 649
15553 7512 488
15553 9909 628
15554 12323 691
15554 7268 24
15554 328 652
15554 8093 330
15554 7187 754
15554 7326 319
15555 1523 316
15556 1341 481
15556 455 205
15556 12512 531
15556 13008 657
15556 4769 676
15556 2189 267
15557 8789 237
15557 6145 335
15558 13417 36
15558 3425 444
15558 930 228
15558 4310 755
15558 9866 33
15559 5414 501
15559 3310 756
15559 14596 548
15559 14162 13
15559 12995 616
15560 8254 26
15560 11524 323
15561 1954 476
15561 10352 736
15561 377 95
15561 400 582
15561 11119 329
15561 1996 764
15561 9272 648
15561 14880 250
15561 14574 574
15562 5445 358
15562 2642 897
15562 12227 461
15562 15094 726
15562 8619 75
15563 7622 466
15563 5824 956
15563 12388 267
15563 13904 832
15563 1577 670
15563 10829 350
15563 6654 234
15564 10433 103
15564 15113 123
15564 9946 99
15565 8987 74
15565 3296 551
15565 3148 250
15565 10515 691
15566 1619 773
15566 573 21
15566 1724 63
15566 15866 662
15567 13736 214
15567 3641 861
15567 12480 816
15567 3442 655
15568 11261 697
15569 4090 89
15569 4209 714
15569 5555 500
15570 9111 971
15570 2151 73
15570 12617 214
15570 12193 11
15570 10246 608
15571 13706 87
15571 9378 666
15571 5308 83
15571 5812 23
15572 10964 472
15572 1475 550
15572 7063 968
15572 1459 306
15572 11894 213
15572 7142 183
15573 6399 32
15573 15955 140
15573 100 507
15573 14348 639
15573 14469 962
15574 8644 526
15574 5216 96
15574 9165 196
15574 14848 774
15574 3910 855
15575 15434 41
15575 6695 341
15575 10272 801
15575 5268 52
15575 6867 92
15575 11626 760
15576 12741 345
15576 2745 494
15576 5760 981
15576 7877 553
15576 12870 631
15577 8800 137
15577 4492 346
15577 15429 928
15577 14267 375
15578 14900 437
15578 13747 652
15578 9004 720
15578 270 648
15578 4694 764
15578 6498 761
15579 11926 229
15579 12358 952
15579 7959 105
15579 11065 769
15579 3875 838
15579 4235 458
15579 13537 690
15580 1816 583
15580 8529 546
15580 4117 332
15580 3250 282
15581 6407 442
15581 4749 267
15582 5387 868
15582 11549 876
15582 3194 502
15583 3628 354
15583 6693 17
15583 9492 733
15584 13773 536
15584 13316 242
15585 3227 433
15585 12882 629
15586 12790 386
15586 7934 388
15587 6119 547
15587 5840 633
15587 14006 298
15587 10274 30
15587 13698 911
15588 15706 195
15589 9305 950
15589 2134 599
15589 9908 306
15589 7903 886
15589 11768 131
15590 6376 712
15590 4946 674
15590 10593 470
15590 1454 708
15590 15931 628
15590 5904 256
15590 14711 688
15591 10615 780
15591 13550 46
15591 14734 262
15592 3240 717
15592 11659 19
15592 402 16
15592 13437 577
15592 10027 963
15592 2627 373
15592 2058 337
15592 14772 672
15593 10354 690
15593 14674 497
15593 13621 327
15593 12782 306
15593 4761 712
15593 7061 488
15593 912 635
15594 3810 204
15595 3605 124
15595 8090 102
15595 2553 474
15595 14159 608
15595 7819 41
15595 10925 408
15596 1002 341
15596 9951 872
15596 12327 167
15596 7443 612
15596 4777 588
15596 2599 673
15597 4471 670
15597 6733 241
15598 205 188
15598 9414 685
15598 8540 450
15598 5434 95
15598 14710 275
15599 10133 340
15599 7575 678
15600 4268 804
15600 4914 656
15600 13853 787
15600 15929 297
15600 14970 767
15600 10985 96
15600 6125 245
15601 11733 473
15601 6837 79
15601 12651 557
15602 1381 557
15602 4482 610
15603 14844 871
15603 10229 903
15603 14422 123
15603 10335 162
15604 6646 943
15604 11817 818
15605 10908 503
15605 14475 778
15605 7134 434
15605 6516 415
15605 390 172
15605 3688 598
15606 14605 976
15606 6653 846
15606 10701 209
15606 3787 312
15606 7597 570
15607 11995 339
15607 7232 293
15607 4156 121
15608 6733 468
15608 15860 327
15608 4546 518
15608 6093 122
15609 13564 959
15609 10840 175
15609 3809 511
15609 13498 889
15609 15358 811
15611 11105 418
15611 5268 231
15611 13222 434
15612 11229 268
15612 8332 59
15612 1364 18
15612 142 674
15612 10046 928
15613 9257 291
15613 6970 493
15613 1039 647
15614 14971 989
15614 5810 341
15614 10096 413
15614 4393 507
15614 14103 796
15616 10147 934
15616 15419 763
15616 15830 166
15616 7753 31
15617 12894 267
15617 6517 191
15617 7251 220
15617 13678 154
15618 3100 236
15618 12623 262
15618 11130 608
15619 14146 620
15619 3055 857
15620 5413 926
15620 5249 360
15620 13226 879
15620 10989 147
15621 7712 546
15621 14668 118
15622 3507 448
15622 13505 353
15622 6830 664
15622 8759 130
15622 14576 597
15623 4537 294
15623 14384 777
15623 495 813
15623 3829 289
15623 7117 41
15623 2365 583
15623 635 227
15624 15938 231
15624 10742 283
15625 4249 188
15625 5022 387
15626 3116 31
15626 4199 425
15626 6725 109
15626 14392 170
15626 2459 885
15627 5462 623
15627 13696 100
15627 1477 437
15627 10927 780
15627 7737 504
15628 1236 482
15628 1178 976
15628 6903 269
15629 13742 448
15629 5922 402
15630 2204 83
15630 5009 485
15630 696 96
15631 4134 837
15631 5644 759
15631 4381 228
15631 6088 646
15631 6917 703
15632 10725 945
15632 3989 50
15632 8316 45
15632 7144 394
15632 8589 287
15632 4158 4
15633 2073 27
15633 1263 283
15633 7010 928
15633 11151 7
15633 14648 820
15633 15413 181
15633 11348 732
15634 13294 685
15634 3070 984
15634 9485 322
15634 15559 874
15635 1736 344
15635 3586 989
15635 13602 413
15635 9311 111
15636 2665 139
15636 5143 890
15637 10194 124
15637 13584 915
15637 11018 730
15637 4982 280
15637 13742 926
15637 12200 867
15638 2138 384
15638 2798 517
15638 8509 644
15639 14289 869
15639 5159 299
15639 11459 711
15640 15168 248
15640 14008 170
15640 14804 746
15640 14134 521
15640 13029 607
15640 10417 841
15640 14530 64
15640 12306 861
15640 6945 483
15641 5768 131
15641 5515 54
15641 6875 738
15641 832 155
15641 8818 100
15642 9236 549
15642 14661 374
15642 13322 61
15642 671 136
15642 4757 62
15642 3489 243
15642 3482 777
15643 13085 861
15643 3380 757
15643 4141 681
15643 9266 724
15643 11214 854
15644 7488 709
15644 7395 591
15644 7775 643
15644 11292 745
15645 2661 922
15645 3299 338
15645 14987 812
15646 8678 307
15646 4750 120
15647 12785 308
15648 14979 487
15648 4918 92
15648 12405 498
15648 10573 369
15648 1728 534
15648 9812 215
15649 10037 212
15649 7042 250
15650 5054 494
15650 13883 661
15650 9081 165
15651 15935 739
15651 452 657
15651 5590 595
15651 4877 25
15651 3214 266
15652 7769 360
15652 10103 294
15652 5177 534
15653 10803 198
15653 8238 754
15653 13849 315
15653 2022 754
15654 12103 274
15654 2275 28
15654 9226 734
15654 12824 331
15655 3147 69
15655 14135 914
15655 1504 856
15655 6004 506
15655 10053 654
15656 9050 520
15656 5112 49
15656 15049 495
15656 15509 512
15657 2457 961
15657 4520 944
15657 2052 530
15657 14618 322
15658 4146 361
15659 2632 379
15659 6732 675
15659 2368 380
15659 8712 430
15659 11785 923
15660 5752 620
15660 5003 266
15660 9570 156
15661 1929 108
15661 6714 852
15664 13931 893
15666 265 728
15666 11236 920
15666 11661 696
15666 15136 780
15666 9314 857
15666 5691 382
15667 14609 534
15667 12140 23
15667 3109 820
15668 13000 913
15668 1929 690
15669 13522 718
15669 2438 709
15669 1073 372
15669 12992 933
15670 11722 997
15670 12137 63
15670 1015 973
15671 605 792
15671 2592 905
15671 8408 366
15671 5593 996
15672 7373 390
15672 9344 599
15672 550 987
15672 1395 817
15672 8147 640
15672 5121 171
15672 11887 993
15672 9927 891
15673 15026 468
15674 2073 148
15674 5522 928
15674 1615 581
15675 5393 292
15675 14058 229
15675 14443 352
15675 7563 150
15675 2110 355
15675 13853 960
15675 9261 175
15676 9755 627
15676 5954 456
15676 2618 867
15676 5454 306
15676 9545 106
15676 14133 139
15676 1691 87
15677 12425 637
15677 3837 986
15677 9127 955
15677 1056 548
15678 5291 454
15678 6610 85
15679 13478 363
15679 1174 986
15679 1467 202
15679 3944 943
15679 9247 19
15680 12845 286
15681 4751 677
15682 11522 231
15684 6962 304
15684 3927 541
15684 10076 321
15684 10048 322
15684 15613 817
15684 9266 334
15684 9113 210
15685 14849 719
15685 7181 177
15685 8405 946
15685 10714 456
15686 5496 182
15686 7120 254
15686 5643 440
15686 7574 938
15687 1602 794
15687 15584 865
15688 12597 316
15688 6138 214
15688 15344 759
15688 7736 751
15688 10077 969
15688 15994 148
15689 8500 579
15689 4136 788
15689 13495 598
15689 14186 236
15690 2954 871
15690 2020 136
15691 15618 526
15693 9251 518
15693 262 571
15693 346 31
15693 15840 43
15693 12268 463
15694 10292 710
15694 13550 624
15694 8249 172
15694 4904 81
15694 8626 452
15694 3061 320
15694 8401 556
15695 14362 399
15695 7624 276
15695 6961 867
15695 5490 517
15696 5186 931
15696 14176 989
15696 13496 450
15696 6879 47
15696 575 617
15697 2226 382
15697 8404 584
15697 8185 909
15697 10904 214
15697 4937 587
15697 8653 466
15697 14254 538
15697 5245 492
15698 12192 950
15698 11442 40
15699 6602 725
15699 2197 41
15699 11824 899
15699 14079 719
15699 15492 160
15699 15251 204
15699 12621 787
15700 15721 588
15701 3388 412
15701 1323 132
15701 1184 351
15701 6803 901
15702 7466 747
15703 10584 413
15704 13317 666
15704 12019 969
15704 10615 579
15704 1173 51
15705 10153 75
15705 8723 266
15706 7730 479
15706 13340 709
15706 15267 225
15706 7104 223
15706 3369 813
15707 13603 591
15707 7169 102
15707 8980 173
15707 7789 720
15708 14642 958
15708 8676 615
15709 13095 928
15709 1806 448
15709 11122 536
15709 6050 531
15709 12579 20
15709 8431 553
15709 14829 873
15709 5042 792
15709 6533 553
15710 842 57
15710 9218 6
15710 10010 147
15711 7918 688
15711 12296 505
15712 6598 563
15712 925 398
15713 8030 269
15714 15647 963
15714 12317 181
15714 7652 351
15714 714 186
15715 11663 836
15715 2711 876
15715 1046 112
15715 14590 714
15715 13687 309
15715 1924 300
15715 1494 967
15715 3256 562
15715 11934 539
15715 926 871
15715 15464 667
15716 1089 8
15716 2521 974
15716 15540 473
15716 8640 529
15716 8516 443
15716 3365 309
15717 1898 354
15717 11272 815
15717 12185 976
15717 3308 178
15717 6301 799
15717 15621 321
15717 2249 350
15717 9458 428
15718 13586 899
15718 9253 621
15718 14744 45
15718 14190 386
15718 2768 489
15719 14284 201
15719 8891 232
15719 13691 654
15719 10642 574
15720 4842 931
15720 7842 143
15720 13954 783
15720 7861 345
15720 861 649
15720 3654 750
15720 13795 770
15722 9213 591
15722 15596 903
15722 7034 863
15722 188 383
15722 12887 553
15723 14350 525
15724 11595 265
15724 12423 747
15724 12075 725
15724 3635 172
15724 424 173
15724 10833 631
15724 9944 444
15725 15212 113
15725 9570 744
15725 3391 900
15725 11743 390
15725 7363 257
15726 9410 746
15726 9751 575
15726 5027 162
15726 13417 563
15727 14767 769
15727 8930 722
15727 13592 525
15727 12836 612
15729 9991 647
15729 4801 959
15729 13115 33
15730 14690 497
15730 5038 674
15730 15384 46
15730 1077 792
15730 14945 805
15730 10302 863
15730 4091 887
15730 10698 877
15730 12605 454
15731 11700 313
15731 13288 782
15731 5794 988
15731 3023 522
15731 9035 222
15733 2424 545
15733 8117 245
15733 10840 603
15734 5893 464
15734 4715 511
15734 14676 610
15734 7245 747
15735 6333 100
15735 5026 708
15735 992 50
15735 8480 83
15736 1262 714
15737 14713 276
15737 12114 266
15738 15298 284
15738 2189 756
15738 15878 289
15738 6932 199
15738 15798 393
15738 1593 774
15739 13635 876
15739 5810 605
15739 13127 56
15739 5326 615
15740 5448 40
15740 15733 390
15740 4818 592
15741 2483 34
15741 11180 579
15741 7908 302
15741 1892 20
15741 6887 670
15742 15469 358
15742 2149 605
15742 13308 779
15742 6061 608
15742 2924 846
15742 7365 738
15743 3260 141
15743 4674 862
15743 8675 589
15743 13239 682
15743 15435 459
15744 7065 273
15744 13078 189
15744 8129 949
15744 14619 179
15745 9288 767
15745 6222 204
15745 6776 33
15745 2882 491
15745 8217 452
15745 6762 959
15746 4711 612
15746 11189 322
15746 8345 956
15746 7194 383
15747 678 471
15747 5442 618
15747 632 135
15747 12707 507
15748 15827 534
15748 4768 172
15748 6655 916
15748 12444 363
15749 1085 457
15749 14003 64
15749 3772 464
15749 14784 553
15749 8324 142
15750 5934 608
15750 4953 62
15750 2061 685
15750 267 719
15751 1 652
15751 2225 962
15751 2185 330
15751 11835 716
15752 3509 558
15752 15572 725
15752 4550 260
15753 11213 798
15753 5653 618
15753 943 638
15753 6200 703
15754 15874 281
15754 5053 242
15754 4087 471
15754 11780 778
15754 5395 736
15755 7174 650
15755 13066 713
15755 750 331
15756 6919 973
15756 807 824
15756 8993 949
15756 9972 166
15757 4474 600
15757 6115 862
15757 7015 954
15758 1403 34
15758 3060 921
15758 3961 568
15758 9116 623
15759 398 553
15759 12514 268
15759 2074 315
15759 6000 730
15759 10113 136
15760 4125 269
15760 12625 218
15760 2084 270
15760 3129 753
15760 839 486
15760 5687 735
15761 6170 910
15762 2791 466
15762 8201 271
15762 4202 374
15762 6039 594
15762 12492 551
15763 7135 323
15763 6457 740
15763 12949 297
15764 1112 484
15764 7719 935
15764 11105 535
15764 13745 753
15764 13172 691
15765 15157 27
15765 14415 618
15765 13937 489
15766 5620 725
15766 12090 344
15766 3989 510
15766 15393 978
15766 15804 201
15766 11146 76
15766 4579 771
15766 4323 921
15767 8344 227
15767 6420 648
15767 15435 748
15767 3194 933
15769 384 252
15769 745 580
15769 5026 521
15770 3090 613
15770 7420 399
15770 1323 519
15770 10935 97
15770 4189 632
15770 11279 489
15770 14767 473
15771 201 398
15771 5412 171
15771 10259 556
15771 15092 101
15771 5688 151
15772 7437 452
15773 10459 667
15773 14114 231
15773 12726 275
15774 5279 476
15774 9743 616
15775 6054 427
15775 15183 169
15775 5336 897
15775 9076 957
15775 14091 6
15775 8815 443
15775 14980 371
15775 3127 884
15775 11633 435
15775 2097 355
15777 3609 625
15777 14373 870
15777 13464 788
15778 14624 698
15778 2324 945
15778 10220 915
15779 1508 645
15779 4068 531
15779 10299 8
15779 9716 604
15779 1889 577
15780 11152 828
15780 8794 31
15780 13054 233
15780 11128 17
15780 13510 147
15781 1972 695
15782 541 958
15782 9770 615
15782 14297 649
15782 13430 396
15782 11833 871
15782 10862 72
15783 2328 819
15784 10933 364
15784 7738 667
15784 7854 166
15784 11538 166
15784 15772 511
15785 3592 200
15785 9473 991
15785 9282 933
15786 15317 391
15786 7456 547
15786 11051 415
15786 4602 814
15786 8253 310
15786 13367 611
15787 2383 278
15788 13140 344
15788 4274 347
15788 4918 130
15789 1159 558
15789 4454 206
15789 15138 146
15789 9410 219
15789 10632 791
15789 10422 152
15789 1781 505
15789 12218 314
15789 8528 391
15790 15627 887
15790 4168 841
15791 14662 383
15791 973 82
15791 2293 926
15791 8600 680
15791 1029 806
15791 15076 142
15791 9771 367
15792 9855 561
15792 9605 482
15792 2660 507
15792 5867 900
15792 6108 452
15792 12725 651
15793 15950 762
15794 4337 747
15794 5938 196
15794 12782 254
15794 4801 991
15794 12000 617
15795 1148 69
15795 12312 253
15796 7252 845
15796 7582 408
15796 719 284
15797 15253 44
15797 10463 868
15797 10368 771
15797 3999 143
15797 5732 619
15798 2310 387
15798 3156 494
15798 4316 704
15799 10276 257
15799 15076 317
15800 15076 803
15800 11027 19
15800 3605 138
15800 12496 666
15800 7486 102
15801 8807 305
15801 5830 775
15801 15019 132
15802 102 351
15802 11909 889
15802 6491 300
15802 2628 907
15802 8567 305
15802 7159 897
15803 7103 566
15803 3440 203
15803 4731 24
15803 2156 269
15803 1623 456
15803 3576 210
15804 15252 463
15804 7326 619
15804 1829 634
15805 4578 257
15805 14916 164
15805 9919 280
15805 3116 819
15805 4452 32
15806 289 638
15806 11009 747
15806 10031 97
15806 8905 586
15807 11266 794
15807 1500 634
15807 6086 401
15807 14053 996
15807 12753 127
15807 15996 631
15808 11419 273
15808 11889 187
15809 13597 869
15809 2966 732
15809 12798 117
15809 5927 586
15809 14723 634
15810 3654 701
15810 866 338
15810 3476 871
15810 363 108
15810 12780 317
15810 5564 331
15810 3002 184
15810 1384 53
15811 14420 235
15811 8259 406
15811 9342 550
15812 10572 809
15812 6151 788
15812 10862 778
15812 14416 910
15812 4749 452
15813 15118 875
15813 9800 883
15813 13970 174
15813 2559 908
15813 5269 353
15813 7635 370
15815 11874 780
15815 5423 974
15815 3867 107
15816 1776 715
15816 12465 755
15816 15697 244
15817 8405 109
15817 13520 109
15818 11906 689
15818 11221 74
15818 2020 112
15819 11294 100
15819 6868 745
15819 3397 936
15819 4878 218
15819 12070 111
15820 13417 528
15820 14474 653
15820 9579 745
15820 9312 183
15820 12178 203
15820 7163 515
15821 10155 84
15821 9863 862
15822 10543 113
15822 10014 456
15822 11579 441
15822 3520 53
15823 12756 57
15823 1672 854
15823 9855 245
15823 8213 215
15823 13244 429
15823 10172 350
15823 11077 707
15823 15812 851
15824 934 223
15824 13922 766
15825 10530 647
15825 6538 344
15825 6881 644
15825 8576 779
15825 3483 292
15825 13154 293
15825 960 873
15826 13106 391
15826 5742 837
15826 2885 691
15827 7159 644
15827 6841 710
15827 7300 333
15827 1479 522
15827 6375 467
15828 11109 745
15828 13723 283
15828 8951 72
15828 6156 83
15828 12379 523
15828 2452 262
15828 6187 526
15828 5374 628
15829 7368 553
15829 3146 526
15829 1615 986
15829 5208 933
15829 5875 172
15829 13138 143
15829 8875 811
15829 4520 762
15830 11355 877
15830 2910 996
15830 8209 263
15830 140 801
15832 3615 679
15832 9039 588
15832 6675 13
15832 1015 683
15832 2213 586
15833 10440 358
15833 11735 216
15834 15247 273
15834 14092 688
15834 12358 371
15835 3127 984
15835 12722 600
15835 11855 548
15836 6826 243
15836 2715 352
15836 8672 971
15836 12818 858
15836 3819 262
15837 11945 652
15837 5447 222
15838 15039 747
15838 6169 143
15838 10027 226
15839 15243 783
15839 11209 312
15839 13683 475
15839 7959 228
15839 6023 662
15840 15214 773
15840 9902 105
15840 1948 780
15840 15128 822
15841 9081 628
15841 927 847
15841 1643 264
15843 11045 919
15843 6539 508
15843 12019 468
15843 7869 40
15844 4916 546
15844 13484 847
15845 9989 270
15845 7876 965
15845 180 151
15845 13694 438
15845 7390 247
15846 5296 86
15846 1197 951
15846 15022 655
15846 12015 991
15847 10038 483
15847 475 109
15847 3784 214
15847 2813 311
15848 6298 831
15848 9543 554
15848 4194 946
15849 8166 579
15849 7252 848
15849 2341 897
15849 7541 770
15849 1200 849
15850 4315 623
15850 11102 840
15851 9435 366
15851 473 139
15852 11025 631
15852 2941 332
15853 9485 936
15853 663 883
15853 12527 428
15854 15606 348
15854 11149 578
15855 855 655
15855 3517 141
15855 19 399
15855 9043 194
15855 8904 200
15856 3707 970
15857 11356 194
15858 5940 539
15859 7922 472
15859 5531 981
15859 9339 936
15859 10586 690
15859 14705 77
15859 3378 749
15859 5494 795
15860 3581 724
15860 3556 785
15861 11116 2
15861 15361 124
15861 15680 651
15861 1551 478
15861 9300 153
15862 6560 22
15862 7430 160
15862 11141 83
15862 10794 46
15863 14912 619
15863 780 429
15864 3813 742
15864 10122 709
15864 8447 674
15864 6586 785
15864 9872 68
15865 1428 400
15865 9311 630
15865 3518 644
15865 6126 32
15865 7637 319
15867 6399 208
15867 15142 442
15867 8963 102
15867 1612 347
15868 6461 958
15868 2759 950
15869 5760 846
15869 7200 966
15869 4510 915
15869 890 457
15869 10579 65
15869 6006 278
15870 10165 26
15870 11484 424
15870 14793 847
15871 10876 616
15871 5538 438
15871 279 830
15871 59 896
15872 13921 742
15872 11655 272
15873 7537 223
15873 6630 180
15873 15264 780
15873 11397 27
15873 5400 796
15873 13580 979
15873 5520 562
15874 8602 930
15874 9416 648
15874 3012 342
15874 12273 945
15874 8021 750
15875 3423 180
15875 4055 167
15875 1720 269
15875 14619 961
15875 5146 815
15875 6972 931
15876 10544 131
15876 10753 347
15876 3421 202
15877 11835 749
15878 3798 589
15878 1735 296
15879 15773 313
15879 2876 448
15880 2652 535
15880 8422 549
15881 1884 364
15881 8467 592
15881 8950 144
15882 12967 220
15882 12809 996
15882 8594 493
15882 14354 827
15882 11789 953
15882 10759 206
15883 13771 539
15883 2002 760
15883 1246 306
15883 1137 340
15883 7433 638
15883 2341 166
15884 10215 205
15884 92 326
15884 8483 968
15884 4514 967
15885 3790 479
15885 495 799
15885 2069 806
15886 9039 862
15886 14939 17
15886 15767 51
15886 9970 970
15887 5632 197
15887 14418 613
15887 120 652
15888 6895 885
15888 7788 481
15888 5117 295
15889 13896 661
15889 12735 165
15889 13744 620
15889 15921 888
15890 13330 599
15890 7877 142
15890 14923 933
15890 5570 679
15890 14162 933
15890 7737 184
15890 2013 319
15891 11657 871
15891 13021 267
15891 14827 607
15892 9871 213
15892 5095 879
15892 14382 462
15892 5524 462
15893 9984 784
15893 8748 775
15893 6818 113
15894 15702 555
15894 8909 278
15894 6628 824
15894 4533 860
15895 12507 333
15895 8971 883
15895 11613 888
15896 5036 497
15896 13786 245
15896 7402 409
15896 7583 343
15897 2173 792
15897 4444 944
15897 986 947
15897 5163 59
15898 10135 512
15898 14025 108
15898 747 613
15898 3068 430
15898 11238 514
15898 2538 70
15898 81 328
15898 5007 150
15899 4823 226
15900 8832 859
15900 10835 282
15900 4181 653
15901 12652 564
15901 2400 882
15901 4673 527
15902 400 463
15902 11055 584
15902 7300 21
15902 11414 374
15902 11125 340
15902 5294 107
15903 13244 396
15903 12605 788
15903 552 745
15904 7545 857
15904 6586 512
15904 7805 123
15904 14967 36
15905 13472 527
15905 5500 32
15905 9816 418
15905 5571 309
15906 4553 33
15906 6861 742
15906 10804 357
15906 4375 599
15906 12848 676
15907 552 707
15907 10720 999
15907 5412 292
15907 13291 25
15908 15798 808
15908 5086 457
15908 1263 729
15908 13528 645
15908 13949 211
15908 7011 661
15909 13449 232
15909 10920 713
15910 5442 442
15910 14724 774
15910 14639 623
15911 13014 177
15911 15870 515
15911 6470 807
15911 3009 696
15911 631 836
15911 726 11
15911 6830 789
15911 7958 500
15911 15300 257
15912 5348 201
15912 5702 984
15912 11988 299
15912 7398 68
15913 3612 537
15913 8555 641
15913 13178 474
15913 3042 363
15914 5574 983
15915 8106 865
15915 6905 621
15916 14837 806
15916 15379 522
15917 12458 538
15917 3335 663
15918 10158 278
15918 151 951
15919 5159 727
15919 13775 837
15919 12714 314
15919 1801 114
15919 13367 79
15919 14858 334
15920 14618 313
15920 12276 325
15920 4755 659
15920 1728 737
15920 11068 777
15920 8060 188
15921 12741 342
15921 1640 951
15921 11795 575
15922 2694 165
15922 3375 241
15922 13383 576
15923 14816 867
15923 14998 343
15923 5467 605
15923 15329 360
15923 2532 952
15923 15007 167
15924 14092 59
15924 4517 640
15924 2721 997
15924 742 951
15924 13922 675
15926 5889 535
15926 3619 543
15926 15243 512
15926 14957 253
15927 2399 124
15927 9050 588
15927 4771 347
15927 11144 194
15928 3607 411
15928 3116 683
15928 15636 393
15928 2098 500
15928 5914 417
15928 14335 274
15930 11850 438
15930 15141 765
15930 10413 409
15930 4714 784
15930 2574 791
15931 8433 209
15931 6698 780
15932 3856 461
15932 10594 756
15932 9976 255
15932 7380 907
15932 6797 446
15932 4951 953
15932 11052 489
15932 4322 515
15933 6799 973
15933 726 233
15933 8876 9
15933 13739 234
15933 10545 561
15934 10846 309
15934 4885 7
15934 9754 411
15934 14418 979
15934 15299 40
15934 8766 17
15935 3910 866
15936 15532 955
15936 10010 122
15936 2923 355
15936 12209 613
15937 7366 737
15937 13651 127
15937 6558 637
15937 8804 958
15937 15609 116
15938 15455 191
15938 14724 175
15939 6509 65
15939 7703 845
15940 5611 916
15940 13133 414
15940 15476 242
15941 4898 755
15941 8985 981
15941 8462 531
15941 2813 606
15941 8735 182
15941 5069 140
15941 13135 607
15941 15861 253
15942 2074 245
15942 14675 643
15943 10226 551
15943 11520 91
15943 2144 573
15943 11063 755
15944 7966 876
15944 2912 499
15944 7415 967
15945 7468 626
15946 986 487
15946 15503 106
15946 13914 488
15946 12434 91
15947 751 267
15947 3703 881
15947 4206 451
15947 3012 346
15948 11779 169
15948 499 548
15948 6178 484
15948 11496 485
15948 15313 148
15949 11508 397
15949 3390 938
15950 6228 624
15950 4301 491
15950 7304 616
15950 11302 391
15950 9390 810
15950 103 738
15950 4930 339
15951 6360 740
15951 15070 447
15951 14364 37
15951 6366 910
15951 13296 640
15951 6272 163
15952 4536 653
15952 8511 357
15952 5732 166
15953 5833 240
15954 535 48
15954 6164 645
15954 6225 921
15954 2181 856
15954 7970 868
15955 12210 326
15955 8612 599
15956 10283 993
15956 9161 123
15956 15704 397
15957 1148 570
15957 2818 89
15957 9913 912
15958 8943 946
15958 4881 432
15958 4125 763
15958 15600 335
15959 13124 801
15959 4289 217
15959 1665 39
15959 11565 332
15959 2217 308
15960 13691 661
15960 10995 20
15960 658 816
15960 8055 209
15960 13089 286
15960 3 670
15961 1903 944
15961 4660 202
15961 9770 527
15961 278 432
15961 9397 54
15962 8604 254
15962 8146 596
15963 13255 352
15963 10162 834
15963 8859 380
15963 13691 500
15964 1504 869
15964 10421 90
15966 9417 831
15966 3793 420
15966 219 768
15966 48 79
15967 5597 201
15967 13868 541
15968 9059 619
15968 2395 56
15968 6051 478
15968 14563 966
15968 9154 293
15968 10535 521
15969 2188 207
15969 12362 861
15969 7606 499
15969 8347 506
15969 13792 445
15969 4473 932
15969 5727 168
15970 639 909
15970 2000 894
15970 7543 857
15971 15112 176
15971 8620 523
15971 2050 897
15971 3932 852
15971 8405 965
15971 6879 681
15972 2687 690
15973 1218 617
15973 8530 25
15973 4953 101
15974 5751 944
15974 3523 939
15974 1491 652
15974 13953 506
15974 11062 15
15975 12689 382
15975 4330 900
15975 544 292
15976 6784 279
15976 2180 800
15977 10649 704
15977 1745 516
15977 10726 211
15977 7731 591
15977 1578 690
15978 8402 548
15978 5435 46
15978 6225 232
15979 1151 36
15979 13778 672
15979 1694 38
15979 5633 197
15980 13363 961
15980 2687 518
15980 10557 747
15981 14942 957
15981 8929 987
15981 14785 615
15981 4711 976
15981 11941 313
15981 9687 293
15981 2842 865
15982 11818 14
15982 7044 452
15982 3503 283
15982 13209 413
15982 1681 719
15982 4531 508
15983 3005 724
15983 5045 813
15983 234 779
15984 7670 486
15984 11760 249
15984 7724 923
15985 5501 823
15985 7911 568
15985 12897 532
15985 14210 802
15985 2136 574
15985 13394 136
15985 14873 480
15986 11552 775
15986 1394 403
15986 2916 768
15986 1308 322
15986 6403 862
15986 5328 111
15987 6101 899
15987 694 442
15987 3086 952
15988 4329 419
15988 14226 310
15989 12142 976
15989 158 525
15990 10468 712
15990 9741 633
15990 11201 394
15990 6503 804
15990 13864 206
15990 3675 808
15990 7224 581
15990 4085 884
15990 15741 961
15991 8492 410
15991 3544 41
15991 8339 794
15991 404 26
15991 13229 493
15992 9103 174
15992 3531 482
15992 2748 147
15992 13610 205
15992 5071 140
15992 11933 431
15992 2851 381
15993 3668 255
15995 6104 234
15995 7234 511
15995 11593 141
15996 12740 686
15996 8100 376
15996 4382 340
15996 15341 183
15996 2314 940
15996 13810 905
15996 5946 640
15997 654 290
15997 4194 2
15997 3514 945
15997 10223 68
15998 9523 582
15998 10174 882
15999 7691 913
15999 2563 987
