4000
0 2738 257
0 319 932
0 800 892
0 2259 921
2 3664 888
3 2034 271
3 2375 662
3 1529 863
3 3410 666
3 2554 128
4 2158 766
4 349 843
4 1393 64
4 399 582
4 842 788
4 1537 632
4 798 651
5 1707 580
6 2298 595
6 482 838
7 923 739
7 858 905
7 2310 590
7 1024 934
7 105 875
8 2652 932
9 830 267
9 230 278
9 1974 843
9 2015 72
9 3335 998
10 1125 630
10 237 595
10 48 974
11 2288 350
11 3515 808
11 3542 740
12 2830 283
12 2207 282
12 3706 549
12 1099 215
13 3116 381
13 2783 47
13 3958 402
13 1547 918
13 1386 765
13 409 451
14 3006 110
14 3791 892
14 2102 502
14 1380 224
15 1578 493
15 955 981
16 898 198
16 3519 551
16 2409 424
16 2859 295
17 1887 556
17 52 521
17 1522 682
17 89 912
17 652 318
18 3179 640
18 2581 74
19 818 397
20 1272 158
21 3880 738
21 1311 152
21 528 714
21 1324 227
21 2502 891
21 3783 737
21 119 107
22 1988 994
22 2133 153
22 3207 871
23 2347 183
23 1370 113
23 1940 499
24 1704 237
24 1710 210
24 85 945
25 2326 151
25 2742 143
25 3829 483
25 1190 720
25 2280 856
26 3188 802
26 868 7
26 526 909
26 3046 415
27 1332 635
27 1810 759
27 707 700
27 3590 414
27 2869 134
27 738 768
28 3375 612
29 3885 502
29 199 253
29 2966 923
29 3876 520
29 2549 839
29 3045 437
30 3630 344
30 2011 79
30 3260 89
30 1394 627
30 2007 774
30 76 934
30 379 32
30 1499 312
31 3868 191
31 779 886
31 3654 329
31 2305 971
31 155 238
32 2701 720
32 605 946
32 3591 97
33 1753 969
33 2001 103
33 3012 653
34 1814 123
34 3652 10
34 714 159
34 1461 221
35 3833 532
35 697 816
36 3478 763
36 1789 793
36 948 979
36 2593 776
36 2718 681
37 3504 297
37 1738 646
37 123 712
38 1498 798
38 1453 370
38 1865 631
38 1585 392
38 950 358
38 3281 213
38 3707 566
38 1246 317
38 3741 188
38 3894 573
39 1428 306
39 2846 11
39 1279 969
39 3109 805
39 1833 470
39 1274 455
39 1616 802
40 2218 909
41 3677 722
41 2924 413
41 2354 163
41 1968 327
41 1171 35
41 1914 224
42 2951 880
42 969 306
42 811 283
42 1024 990
43 523 6
43 2539 871
43 3651 108
44 2873 228
44 1110 545
44 1070 771
44 1397 476
44 275 412
44 1909 655
44 1661 676
44 1590 987
45 2781 314
45 3480 633
45 2006 271
46 233 517
46 3127 700
46 1336 415
46 1922 569
46 889 368
46 3813 718
46 2842 365
47 1940 351
47 3024 683
47 2117 123
47 3158 638
48 2682 631
48 3942 289
48 3687 333
48 1012 886
48 112 521
48 2900 59
48 821 815
48 2495 781
48 1469 532
48 2903 174
48 89 462
48 1366 29
49 568 887
49 2941 343
49 648 969
50 869 29
50 647 299
50 3766 392
50 1917 359
51 1307 563
51 1917 478
51 313 151
52 1103 737
52 2886 470
52 943 324
52 148 407
52 1228 181
52 3601 985
53 294 999
53 963 781
54 3653 325
54 2635 549
54 1087 306
54 1537 798
55 3464 546
55 3453 899
55 703 468
55 1513 912
55 2854 682
56 3299 439
56 318 630
56 3371 795
56 3062 127
56 1442 119
57 3094 119
57 700 961
57 1561 21
57 3448 78
57 156 232
58 2318 661
59 255 789
59 2686 71
59 3109 269
59 3084 426
59 3299 625
59 3439 200
59 3585 30
60 2152 701
61 3370 227
61 428 617
61 979 911
61 2600 735
61 3956 892
61 337 302
62 268 290
62 854 643
62 245 478
62 2325 114
63 1801 620
63 3161 358
64 1969 77
65 1411 252
65 407 825
65 344 420
66 135 497
67 3795 438
67 1338 642
68 2215 148
68 3312 558
69 3256 647
69 3981 318
69 3410 383
69 884 934
69 2695 819
69 1457 397
70 3483 631
70 2901 73
70 2009 938
70 3861 354
71 2830 750
71 348 347
71 2183 79
72 2039 94
72 2590 438
72 1635 921
73 2906 362
73 2551 693
73 3613 842
73 1119 724
73 2662 841
74 3868 357
74 3468 540
74 2656 943
74 3214 749
74 2939 22
75 267 885
75 3068 775
75 992 643
76 3343 106
76 186 465
76 3860 298
76 2228 171
77 2008 506
77 3494 236
77 429 729
78 2523 246
78 878 124
78 1961 67
78 1623 44
78 3554 211
79 2294 688
79 3682 770
79 739 647
79 2903 198
79 562 993
79 1822 378
80 3812 544
80 3296 722
80 3697 694
80 1141 958
80 2268 520
80 3313 96
80 630 508
81 503 520
81 2339 394
81 3344 556
81 1940 200
81 1984 29
81 2289 76
81 3821 270
81 1520 364
82 1724 215
82 25 218
82 161 932
82 2166 497
82 960 63
83 1918 67
83 504 118
84 1162 109
84 693 24
84 3782 305
85 3413 28
85 2761 151
85 2012 130
85 3194 403
86 1406 750
86 3635 687
86 263 905
86 1021 871
86 2921 391
87 2606 224
87 3367 994
87 1548 334
87 888 891
87 1419 911
88 96 212
88 3004 337
88 1166 637
88 983 629
89 580 358
89 2361 866
89 2403 860
90 3593 923
90 2104 162
90 1621 973
90 3504 298
90 1640 369
91 1593 273
91 2450 432
91 3062 90
92 1611 347
92 3324 973
92 3961 283
92 2890 174
92 3083 673
92 387 236
92 644 860
92 1191 792
93 3936 61
93 2395 864
94 3374 521
94 3656 982
94 2808 484
95 397 346
95 3071 560
95 854 754
95 602 513
96 832 254
96 3283 542
96 917 347
96 3753 44
97 1829 825
97 592 165
97 3892 398
98 1297 140
98 2765 793
98 1546 104
99 1798 262
99 1595 523
100 1102 604
100 3151 726
101 1276 691
101 982 336
101 3567 333
101 646 927
101 205 681
101 2036 779
102 2247 900
102 490 247
102 868 282
102 1551 402
102 3836 832
103 2568 482
103 3695 215
103 3756 103
103 2503 64
103 975 218
103 3900 581
103 1535 910
104 279 177
104 946 387
105 22 826
105 342 225
105 1905 591
105 1472 444
105 139 502
105 2363 60
105 3654 730
105 2032 114
105 2382 651
106 1096 8
106 3884 127
106 3779 500
106 1424 358
107 88 150
107 2072 690
107 2273 1000
107 2713 680
107 2532 51
108 682 711
108 2563 594
108 1197 1
108 1526 927
108 2312 197
109 2024 200
109 2737 103
109 269 693
110 1848 811
110 2762 614
110 978 877
110 1316 938
111 850 166
111 808 526
111 2924 526
112 961 95
112 2024 472
112 1791 956
113 1002 691
113 3410 78
113 531 786
114 3213 67
114 2466 165
114 476 41
114 1344 915
114 1154 882
114 927 266
115 924 982
115 3642 331
115 2643 715
115 1015 437
115 3807 513
115 3279 911
115 3344 638
116 715 522
116 319 931
116 2329 184
116 1851 520
116 171 893
117 1742 754
117 3977 802
117 3572 990
117 2810 778
118 3559 691
118 2447 236
119 2819 483
119 2132 766
120 194 970
120 734 291
120 3061 11
121 3814 872
121 2289 890
122 647 95
122 3663 92
122 3497 447
122 140 921
123 3218 935
124 1005 973
124 516 891
124 2964 337
124 183 579
124 1682 631
124 3531 367
125 389 762
125 3685 414
126 2024 853
126 2587 608
126 3428 411
126 1390 540
126 2822 607
126 1127 698
126 1553 463
126 2322 118
127 2746 634
127 2171 543
127 1907 498
127 2867 927
128 843 752
128 2178 330
128 1644 712
128 1520 965
128 2124 651
129 23 586
129 2399 671
129 3013 752
131 2676 722
131 3264 562
131 92 414
132 323 568
132 274 923
132 2981 419
132 1382 792
133 1320 916
133 2213 364
133 89 690
133 1030 116
134 1552 552
134 1692 66
134 2058 338
134 1030 62
135 1706 313
135 170 376
135 2228 397
135 1663 875
136 2090 763
136 2527 322
136 2252 727
137 13 907
137 2429 799
137 439 371
137 734 462
137 3677 144
137 1597 489
137 173 724
138 2501 960
138 1049 842
138 618 268
139 2307 625
139 113 829
139 1263 839
140 3515 396
140 1724 446
140 3909 298
140 2955 385
140 353 865
140 3056 2
140 877 119
141 3532 78
141 2298 827
142 1943 951
142 3547 681
142 3619 280
142 2863 925
142 410 879
143 3801 483
143 2748 661
143 3339 713
143 1484 283
143 632 671
144 2145 609
144 947 980
144 1344 86
144 996 399
144 752 992
144 870 234
144 2552 922
145 92 225
145 1877 497
146 3532 437
146 2534 760
146 3079 898
146 1243 699
146 274 65
147 1586 883
147 3084 840
147 3606 231
147 707 293
147 448 113
148 891 894
148 2053 540
148 278 899
148 2817 95
149 43 644
149 1179 807
149 2629 216
149 439 586
150 3222 769
150 2754 471
151 169 151
151 3334 808
152 810 859
152 2237 480
153 2417 873
153 1944 28
153 1755 292
153 1500 974
153 1745 214
153 1944 890
153 3070 64
153 3519 433
153 796 890
154 2009 496
154 652 358
154 2197 878
155 1376 988
155 347 60
155 1153 146
155 238 605
156 2340 465
157 3980 567
157 19 947
157 1807 658
157 99 686
158 675 114
158 972 273
158 1863 280
158 1000 204
159 2677 862
159 1536 890
159 3032 228
159 1029 895
159 1985 570
160 3687 554
160 2247 355
161 2413 260
161 2385 564
161 1735 588
161 738 368
161 3920 22
162 1422 44
162 842 758
162 1212 462
163 1853 763
164 2047 684
164 1731 253
164 1974 237
165 177 980
165 2490 266
165 3821 102
165 3295 682
165 2894 339
165 3596 681
165 1713 478
166 2798 415
166 1037 156
166 2183 295
167 951 235
167 3371 763
167 2733 473
168 3414 70
168 558 73
168 1466 469
168 318 467
168 1901 456
168 3762 644
169 2290 978
169 497 296
170 3887 410
170 1988 429
170 2990 610
170 317 712
170 1862 380
170 1533 329
170 1509 807
170 97 23
171 1867 191
171 3554 743
171 2071 99
171 3637 549
171 1190 412
171 1946 740
172 2760 801
172 2258 374
173 3188 429
173 1273 615
173 2465 621
173 2869 321
173 2483 443
174 2745 35
174 1889 310
174 127 500
174 3411 14
174 2586 208
175 3528 369
175 923 235
175 3662 735
175 3185 764
175 3625 958
175 1201 821
176 2356 158
176 3791 665
176 2150 150
176 1142 715
177 770 321
177 3131 460
177 1666 896
178 3719 411
178 3458 391
179 732 716
179 3024 557
179 780 107
179 3289 301
179 227 617
179 1844 211
179 479 740
180 1306 408
180 823 901
180 2239 642
181 3910 150
181 3901 839
181 2592 587
181 1130 468
181 1914 410
181 879 215
181 1327 776
182 3420 782
182 2345 39
182 660 633
182 1760 710
182 2365 344
182 1820 188
183 1443 892
183 2701 811
184 2289 287
184 843 470
185 3547 721
185 1806 171
186 1828 230
186 1696 306
186 2588 128
186 585 286
186 2383 296
187 3259 539
187 3164 281
187 3595 504
187 1 660
187 1607 381
187 1933 706
188 3421 136
188 954 352
189 1238 241
189 1100 242
189 2388 729
189 811 46
189 1202 988
190 738 550
190 1584 613
191 2468 800
191 2995 616
191 1700 400
192 3710 406
192 3768 873
192 2876 831
193 2667 284
193 3967 560
193 965 187
193 3340 586
193 268 584
194 2156 627
194 2002 979
194 3422 991
194 159 818
195 1613 320
195 2430 967
195 3274 590
195 3851 28
195 1797 87
195 115 584
195 920 126
195 2903 411
195 3227 194
196 133 617
197 3306 380
197 873 100
197 3658 52
198 2189 267
198 1031 655
198 3434 837
198 1090 850
199 1270 243
199 3024 989
199 1762 825
200 763 882
200 1920 755
201 1758 481
201 2758 291
201 3353 154
201 1949 383
201 3093 925
202 2596 884
202 234 554
202 2249 815
202 3453 389
203 1073 913
203 104 478
203 3098 860
203 2711 610
203 1494 374
203 1132 996
203 2209 890
203 1001 490
204 3044 481
204 858 118
204 866 834
204 1999 5
204 1528 900
204 2214 852
205 2120 609
205 338 171
205 1287 344
205 2146 550
206 3530 951
206 315 950
207 2108 758
207 337 273
207 1018 669
207 1653 485
207 955 272
209 366 580
209 3746 322
209 1846 993
209 3469 625
209 3692 672
209 782 925
209 2900 779
210 1737 921
211 2485 374
211 1058 783
211 1882 749
211 184 497
212 2022 192
212 2778 901
212 3679 446
212 292 760
213 3766 980
213 2959 197
213 3204 992
215 1984 780
215 1587 521
215 3830 440
215 2355 279
215 1707 890
215 2691 761
216 30 512
217 1687 551
217 2449 897
217 417 595
217 1010 895
218 1123 567
218 3019 403
218 2144 763
218 2117 565
218 3798 107
219 1759 574
219 2198 401
219 3871 796
220 3811 234
221 1073 349
221 444 298
222 3984 851
222 2151 919
222 1925 717
222 2256 116
222 639 539
222 2861 514
222 331 272
222 1044 666
223 1547 234
223 1283 702
223 518 762
223 2181 424
224 1461 912
224 3685 949
224 958 812
224 1776 118
225 258 423
225 2705 814
225 2424 811
226 1936 678
226 392 610
226 2018 593
226 3963 561
226 79 917
226 1558 536
227 3268 732
227 1054 551
227 3822 403
228 1537 590
228 2512 698
228 419 56
228 2484 378
229 1578 719
229 871 23
230 1624 170
230 1477 931
230 2077 415
230 2138 609
230 1031 448
230 355 305
230 1296 68
231 3604 7
231 2646 948
231 3537 71
231 461 425
232 3607 564
232 2821 486
232 3611 60
232 1492 883
233 2532 168
233 3899 275
233 487 120
234 2160 128
235 3556 210
235 1722 781
236 2063 984
237 151 402
237 768 831
237 1220 544
238 3821 473
238 618 111
238 251 393
238 2521 927
238 1813 433
238 1800 961
238 2075 299
238 1437 304
238 3369 757
239 3391 488
239 2594 857
239 1297 992
240 3811 954
240 606 785
240 1313 923
241 3595 598
241 3281 160
241 1253 420
242 564 918
242 3788 204
242 3082 761
243 2686 546
243 2211 605
243 332 424
243 1118 310
243 2872 75
244 947 437
244 153 858
244 1092 530
244 1287 628
244 3845 539
244 392 101
244 3454 140
245 1599 155
245 2820 702
245 2683 433
245 2134 502
245 639 382
246 3992 40
246 1598 385
246 965 854
246 3469 462
247 1233 470
247 3930 881
247 2466 815
247 3439 399
247 1446 455
247 696 614
247 3973 306
247 1043 444
248 1802 403
248 2086 630
248 1280 317
248 3058 613
248 2060 712
249 3006 872
249 1848 777
249 2597 631
249 1598 952
249 449 375
250 2114 965
250 2940 663
250 2231 957
250 703 439
250 1649 191
251 2896 874
251 37 147
251 2491 585
251 128 595
251 2085 623
251 2667 40
251 1419 367
252 3531 943
252 2748 628
252 135 409
252 1723 917
253 3613 980
253 161 299
253 2608 773
253 2301 54
254 1276 325
254 3835 604
255 478 694
255 952 379
255 3761 159
256 36 608
256 2173 106
256 196 598
256 1443 71
256 429 895
257 479 202
257 1668 417
257 1853 988
257 1607 322
257 308 29
258 162 486
258 381 183
258 2261 92
258 753 622
258 3211 954
259 339 80
259 3373 637
259 2331 558
259 600 667
259 2168 439
260 1185 493
260 2573 321
261 2445 82
261 1232 444
261 3758 603
261 1692 703
261 1399 127
261 584 739
262 709 756
262 2498 499
262 224 296
262 1893 969
263 3630 649
263 920 575
263 3605 474
264 206 949
264 3274 154
264 1554 557
264 800 589
265 1198 15
265 3528 189
265 3448 230
265 3222 315
265 1169 381
265 2064 286
265 2999 275
265 3690 774
265 1971 247
266 330 23
267 2221 15
267 177 891
267 3626 759
267 324 67
267 311 313
267 1610 162
268 2834 142
268 2205 55
268 541 574
268 3312 210
269 1165 969
269 1430 414
269 2054 64
269 3450 651
269 1009 44
269 1277 477
270 2693 128
270 1541 338
270 3368 45
270 194 154
270 185 584
271 768 7
272 2298 683
272 3450 79
272 2221 210
272 2863 906
273 3461 856
273 329 458
273 1885 588
273 2412 225
274 1108 641
274 3195 898
274 1677 417
274 2131 146
274 2425 921
274 1931 878
275 701 101
275 2872 734
275 1133 697
276 2305 702
276 2953 95
276 1099 718
277 3914 746
277 3567 19
278 18 585
278 3163 244
279 87 486
279 1422 539
280 1638 615
280 2772 665
280 2543 535
280 2526 477
280 170 825
280 2410 954
280 886 575
281 3446 949
281 3441 484
281 2206 902
281 2852 505
282 2463 285
282 3333 65
282 964 954
282 2574 370
282 3131 314
283 2151 320
283 436 330
283 961 611
283 3865 430
283 923 641
284 3528 493
284 2900 576
284 1293 829
284 1263 452
284 3675 385
284 476 684
285 2502 983
285 2971 428
285 741 493
286 3191 293
286 1862 851
286 1251 307
286 3005 33
286 1964 833
287 195 423
287 823 338
287 1030 441
287 2948 137
287 865 567
287 810 170
287 3139 946
288 1631 704
288 3877 828
288 1292 777
288 2421 107
288 158 235
289 1720 483
289 2670 108
289 2297 637
289 3143 392
290 3638 502
290 3254 944
290 13 78
291 3560 349
291 817 588
291 1231 920
291 878 180
291 616 802
291 1929 715
292 2461 741
292 1666 739
292 1008 484
292 3854 181
293 3022 813
293 3886 661
294 3606 192
294 2912 545
294 715 958
294 1516 700
295 1605 958
295 364 481
295 3430 804
295 3706 803
295 3576 287
296 786 363
296 3391 749
296 659 704
296 1937 597
296 3497 841
297 3982 696
297 587 763
297 2727 744
298 3438 833
298 137 58
298 3601 177
298 1414 244
298 3988 707
298 1573 89
298 488 416
299 3039 138
299 2255 558
300 2274 599
300 2637 429
300 1241 751
300 1311 740
300 2993 115
300 2594 421
300 3659 832
300 2290 750
301 1541 50
301 19 537
301 2977 71
302 1420 599
302 3604 154
302 1253 167
302 2753 558
303 844 537
303 2040 119
304 3070 636
304 717 550
304 1541 828
304 1226 564
304 1956 557
305 2325 307
305 430 594
305 466 160
306 2373 934
306 1927 597
306 2465 586
306 1138 582
306 1631 939
306 1732 71
307 2545 964
307 2980 586
307 2397 497
307 477 463
307 1266 753
307 3780 398
307 349 95
308 1319 797
308 716 912
308 1258 364
308 2818 384
308 1322 700
308 2302 624
308 1184 333
308 3507 815
309 3933 714
309 135 607
310 3261 402
310 1984 619
310 3052 997
310 3585 850
311 3371 121
311 2899 26
311 3316 181
312 3794 358
312 157 576
312 278 70
312 524 847
312 2936 198
313 2277 21
313 2927 311
313 2543 121
313 3082 208
313 1499 936
313 2204 922
314 1323 826
314 2426 943
314 1373 734
314 1838 366
314 3213 552
314 2079 836
315 1690 897
315 1941 727
315 3988 786
315 150 725
315 2267 35
315 3078 165
316 698 589
316 3745 583
316 3716 800
317 740 951
317 1091 627
317 2836 349
317 2866 374
318 156 142
318 3691 623
318 1521 115
318 987 789
318 2582 425
319 2186 603
319 3887 841
319 1776 208
319 2301 307
319 2265 66
319 3878 832
320 3477 765
320 1163 770
321 3560 191
321 2072 606
321 3916 650
321 584 956
322 3956 767
322 11 753
322 3536 923
322 1730 908
322 3561 775
323 1689 189
323 583 730
323 715 197
323 3304 625
324 211 638
324 1190 701
324 1010 595
325 2260 115
325 3582 360
326 644 233
326 133 965
326 1406 709
326 3236 995
327 236 669
327 1912 128
327 2174 380
327 1233 671
327 3757 491
327 3105 18
327 2650 483
328 2146 527
328 2362 642
328 3220 124
328 798 811
328 349 315
329 979 893
329 1263 376
329 3442 903
329 1562 454
330 3905 72
331 2904 936
331 3811 702
331 3034 674
331 3290 32
331 2076 338
331 2463 4
332 3489 522
333 2590 271
333 526 842
334 858 846
335 2762 699
336 881 6
336 1671 470
336 938 157
336 1736 366
337 2119 204
337 1543 691
337 2571 819
337 53 745
338 2615 841
338 869 854
338 2168 409
338 3347 10
339 2426 465
339 3569 264
339 667 528
339 3404 108
339 1638 542
339 2222 813
340 550 47
340 2618 535
340 2861 583
340 3553 289
340 519 378
341 324 736
341 3020 358
342 1094 843
342 2075 723
342 1704 269
342 879 180
343 3796 328
343 3457 142
343 2871 598
343 3316 762
343 306 939
344 3270 849
344 3693 192
344 910 362
344 3012 977
344 1942 796
344 444 205
344 1495 925
345 1331 736
345 2208 739
345 873 359
345 405 939
345 647 518
345 840 604
345 3189 261
345 1228 801
346 1310 773
346 1446 144
346 2919 802
346 1070 644
346 2076 201
346 3683 369
347 3076 650
347 3820 557
347 2965 536
347 2221 596
347 2864 365
348 3477 987
349 3779 417
349 3326 116
349 414 845
349 3587 492
349 2189 412
349 3856 580
350 227 476
350 1280 339
350 1856 460
351 1804 858
351 2841 862
351 1077 727
351 1247 353
351 2692 803
351 563 494
352 256 59
352 1344 264
352 3562 803
352 1734 278
352 829 506
353 2573 408
354 2507 314
355 459 471
355 2147 641
355 558 234
356 1020 229
356 834 114
356 2650 58
356 3742 889
356 2667 745
357 3288 823
358 234 216
358 3387 493
358 1896 881
358 3502 233
358 1430 301
358 2702 93
358 1641 912
358 3469 460
358 2691 711
359 1560 464
359 301 944
360 1955 889
360 2516 285
360 3431 368
361 2028 870
361 3751 81
361 2690 972
361 349 695
361 2845 175
362 3991 931
362 3832 355
362 171 298
362 1400 157
362 3468 711
363 1489 264
363 2663 696
364 2236 578
364 491 688
365 3230 963
365 2839 914
365 1892 602
366 1525 625
366 3307 168
366 1488 958
366 3034 668
366 188 423
366 3490 176
367 3694 331
367 903 619
367 3824 336
368 3420 869
368 3661 966
368 576 95
369 1352 509
369 3964 360
369 2578 96
370 1870 910
370 676 500
370 493 620
370 2226 561
371 3581 909
371 1427 285
371 1922 961
372 2035 883
372 2150 575
373 2429 340
373 1530 42
373 1246 167
373 1206 312
373 1567 974
373 3986 474
373 1713 786
374 3536 276
374 1733 535
374 2884 264
374 3479 115
374 2051 277
375 3651 949
375 3372 657
375 425 693
376 212 488
376 2291 565
376 417 857
377 1499 727
377 236 741
377 3793 529
377 1263 621
377 399 585
377 486 717
377 3806 541
378 3739 473
378 1878 678
378 29 550
378 842 106
379 1366 336
379 1856 563
379 1995 636
379 3749 99
379 1686 5
380 3382 70
380 3025 243
380 3024 24
380 3811 865
380 3982 852
380 3569 444
381 51 257
381 3875 949
382 958 304
382 815 398
383 1140 92
383 3441 994
383 1822 798
383 296 374
383 2032 354
384 2624 869
385 1540 169
386 469 895
386 1531 700
386 1220 876
387 3705 291
388 2619 976
388 2905 596
388 79 745
388 3589 946
389 3277 897
389 875 1
389 1893 324
389 2225 822
389 1223 276
390 1365 469
390 2519 826
390 772 230
390 3390 719
390 1310 326
391 1211 54
391 1641 998
391 1756 799
392 3865 976
392 3203 936
392 3751 385
392 2828 2
393 3317 116
393 822 972
393 1532 105
393 1753 2
393 3715 592
393 1169 179
394 1338 561
394 287 280
394 2182 179
394 3234 76
394 1043 966
395 3449 145
395 3898 879
395 1357 335
396 1682 862
396 156 196
396 2898 756
396 2790 765
397 2621 235
397 218 957
397 589 842
398 1803 206
398 2040 817
398 852 433
398 1792 148
398 156 284
399 1991 104
400 752 541
400 2230 778
401 1023 762
401 301 945
401 105 298
401 1968 332
401 744 625
401 1036 440
401 938 388
401 56 263
401 2681 985
402 1355 111
402 236 813
402 407 882
402 2110 441
403 3918 822
403 2255 846
403 1420 865
403 2119 174
404 2639 479
404 3584 964
404 1418 847
405 3289 217
405 3268 34
405 979 174
406 3158 3
406 554 221
406 1788 616
406 2642 203
407 3116 767
407 547 36
407 414 326
408 2892 900
408 1726 730
408 3141 103
408 2461 952
409 369 710
409 2209 82
409 3616 625
409 2733 525
410 915 823
410 72 521
410 921 417
410 2721 1000
410 2424 941
410 2281 869
410 1632 777
411 2607 447
411 3300 544
411 31 621
411 304 65
412 2104 189
412 47 960
412 477 923
412 3630 969
413 211 270
413 2786 464
413 3126 280
413 2302 575
414 3485 903
414 47 520
414 2484 816
414 1427 565
414 1160 176
415 3355 864
415 3584 28
416 1074 40
416 376 323
416 797 136
416 204 277
417 2948 897
417 1865 267
417 967 706
417 87 858
417 256 75
417 3454 66
417 3104 358
417 2212 934
418 1055 717
418 1 194
418 1000 730
418 3362 888
418 583 566
419 2444 991
419 2992 452
419 390 532
419 627 379
420 2434 323
420 3917 684
420 1608 891
420 2523 143
421 2478 271
421 2933 409
421 695 865
421 1683 287
422 1486 441
422 3940 560
422 3166 199
423 3251 436
423 2820 896
423 517 977
423 1147 485
423 2409 834
423 3842 240
423 2185 973
424 564 954
424 3920 834
424 1877 330
425 2834 840
425 2697 488
425 2781 935
425 3327 310
425 247 965
426 3477 918
426 3858 815
426 3709 135
426 616 828
426 495 277
426 2850 179
426 289 16
427 1934 564
427 3648 57
427 1683 585
428 1584 358
428 1471 779
428 481 744
428 749 435
429 368 49
429 2500 274
429 3873 702
429 1350 870
430 2378 562
430 1968 785
430 2892 481
431 1752 100
431 33 207
431 1892 696
431 1101 559
431 2415 542
431 870 970
432 1317 657
432 1116 127
432 1497 538
432 1786 40
432 2112 839
433 1287 641
433 2237 139
433 1308 625
434 3081 51
434 38 154
434 2613 519
434 416 995
434 1771 834
435 3670 24
435 3185 543
435 1072 369
436 2035 52
436 2209 208
436 507 663
436 3094 501
437 2834 884
437 2929 192
437 421 299
437 2782 711
438 3326 956
438 2606 516
438 3779 319
438 3231 75
438 1939 820
438 1299 107
439 2636 648
439 3327 762
439 886 746
440 2107 270
440 2942 670
440 941 569
440 661 991
440 985 718
441 1898 463
441 465 102
441 1755 435
441 2868 943
441 3065 353
442 2916 867
442 914 840
442 1393 386
442 3186 552
443 3350 608
443 3266 240
443 17 519
443 2275 896
443 2037 700
443 2847 183
443 2179 545
443 1990 81
443 2851 818
444 116 290
444 870 41
444 2993 552
444 3637 777
445 331 275
445 3285 47
445 3831 986
446 2692 417
446 193 433
446 866 736
446 1864 404
446 3418 718
446 730 121
446 459 190
446 2408 89
446 226 947
447 1025 791
447 3097 806
447 2319 624
447 467 954
448 85 800
448 1283 232
448 3334 833
448 891 96
448 3227 939
449 1209 725
449 2617 927
449 17 640
449 1659 951
449 3544 223
450 1432 469
450 1517 540
450 3866 721
450 2719 653
451 4 157
451 2192 651
451 3104 932
452 3068 109
452 2347 597
452 1308 881
452 958 582
452 285 465
453 1187 154
453 759 874
454 2566 830
454 486 767
454 801 582
455 1535 316
455 1403 650
455 3818 115
456 3995 376
456 3655 719
456 2011 855
457 3305 602
458 380 457
458 54 843
458 1396 746
459 2663 839
459 1850 199
459 3436 59
460 3461 250
460 2426 88
461 3798 128
461 665 462
461 464 477
461 3514 584
461 312 876
462 1331 50
463 1459 471
463 3970 543
463 1197 905
464 1590 430
464 3766 847
464 266 194
464 682 811
464 350 188
465 1755 949
465 55 357
466 2524 710
466 3865 890
466 845 920
466 3555 22
466 1233 10
467 1934 382
467 2087 371
467 41 924
467 2367 297
468 1264 745
468 2429 270
469 1868 387
469 2868 131
469 1486 59
470 3456 184
470 3417 624
470 3058 303
471 1898 62
471 1978 652
471 2340 143
471 2902 52
471 781 775
471 771 570
472 1184 240
472 1922 476
472 492 598
472 1177 891
472 1542 852
472 3637 93
472 447 245
472 948 312
473 251 810
474 2149 701
474 2779 281
475 1358 415
475 2785 113
475 1301 764
475 3210 311
475 2622 344
475 3738 516
476 1661 194
476 3292 409
476 1542 33
477 3475 654
477 1303 28
477 3403 522
478 147 273
478 3023 400
479 1579 779
479 188 472
479 836 924
479 3597 161
480 35 547
480 2562 248
480 3957 930
480 3183 617
480 1143 18
480 1301 538
480 2619 635
481 3301 125
481 3429 910
481 1402 994
481 1406 819
481 2600 563
482 941 991
482 2091 584
484 2761 556
484 1400 680
484 1429 441
485 3695 116
485 3933 403
486 733 484
486 2208 702
486 829 786
487 2983 695
487 3279 356
488 2798 928
488 1122 214
488 1667 43
488 1131 455
488 2160 666
488 3379 734
489 3087 426
489 213 442
489 3429 379
489 2039 426
489 3871 143
490 153 474
491 1445 510
491 3605 827
493 2347 468
493 2770 438
493 2581 252
493 2274 710
493 3567 398
494 511 648
494 37 431
494 2472 254
494 2918 417
494 2967 974
496 3703 944
496 1357 124
496 537 352
496 1820 135
497 1988 508
497 3808 45
497 1635 853
497 2780 661
497 746 184
497 48 651
497 3609 424
498 388 481
498 1310 940
499 1406 786
500 127 747
500 3784 237
500 3729 242
500 1264 906
501 284 807
501 1047 953
501 485 860
502 2680 640
502 3614 140
502 1965 97
502 3607 972
502 1999 232
503 1094 48
503 2883 683
503 674 41
503 1565 24
504 3709 843
504 692 489
504 2044 588
504 294 779
504 757 722
505 1500 345
505 1825 297
505 1286 486
505 1113 701
506 3095 114
506 3234 611
506 2796 667
506 560 3
506 1968 170
506 278 961
506 3113 44
507 2347 907
507 705 260
507 2013 871
507 1936 864
508 2378 538
508 2222 773
508 642 312
509 2750 116
509 1626 117
509 1009 120
510 2286 436
510 1046 873
510 3560 473
511 262 570
511 2498 387
511 1440 24
511 1184 20
512 1985 662
512 646 62
513 2638 8
513 3493 102
513 1859 623
514 1582 387
514 2759 268
514 102 212
514 2052 975
515 3277 753
515 860 155
515 3634 161
516 408 234
516 1311 107
516 3914 109
516 1134 401
516 722 846
516 1523 130
517 2739 578
517 709 438
517 2301 145
517 2012 184
517 1721 491
517 3905 220
518 3562 112
518 752 896
518 1344 872
518 1798 723
518 2959 572
518 2605 811
519 3870 131
519 2649 983
519 1108 933
519 2170 956
519 2900 52
519 222 617
520 3354 827
520 1985 856
520 135 76
520 1475 572
520 813 680
520 3984 930
521 2957 63
521 1459 321
521 3928 899
521 2042 595
521 1964 582
521 1618 54
522 3861 32
522 3491 689
522 2872 391
522 2196 106
523 2428 843
523 1895 991
523 2657 820
524 2334 871
524 2833 709
524 2580 501
524 2787 316
525 2980 668
525 3774 654
525 3170 132
525 2430 490
525 2062 734
526 1502 351
526 718 438
526 1209 44
527 482 512
527 1181 392
527 2697 909
527 2799 914
527 2237 500
528 2173 73
528 3232 308
528 2487 238
528 3046 860
529 260 534
529 3027 903
529 2636 135
529 3438 105
530 1599 158
530 2598 995
530 157 391
530 47 555
530 3842 207
531 2858 140
531 3829 128
531 81 951
531 1300 336
531 3467 937
531 2816 198
532 1347 941
532 2451 6
532 972 792
532 1514 176
532 472 643
532 2068 858
532 1931 131
532 1188 871
532 2447 38
533 2222 892
533 3270 326
533 441 580
533 3277 447
533 3322 164
534 415 772
534 1680 232
534 881 636
534 611 40
534 1903 403
535 3397 761
535 3534 185
535 3720 323
535 1674 836
535 2076 615
535 1732 477
535 2246 410
535 450 510
536 2844 294
536 1303 541
536 3154 125
536 2469 662
537 1717 518
537 1155 392
537 1617 727
537 3195 112
538 2649 798
538 118 77
538 2447 775
538 1837 889
539 3850 815
539 2894 597
539 3660 551
539 114 521
539 3315 504
539 2911 222
540 1805 664
540 1819 300
540 2240 548
540 2433 334
541 295 143
541 187 830
541 3103 753
541 2543 464
541 3756 800
542 81 385
542 3925 436
542 290 879
542 1994 39
542 2974 251
543 3083 67
543 3350 240
544 2390 291
544 560 486
544 1301 458
544 3344 53
544 1525 774
545 2671 333
545 3695 294
545 2998 860
546 3915 526
546 3207 678
546 2662 450
546 2194 512
546 1477 312
547 2597 145
547 2529 23
547 2814 669
547 17 157
547 3178 177
548 1056 512
549 2640 18
549 3040 320
549 727 631
549 1353 675
550 2502 38
550 3166 500
551 2145 42
551 801 223
551 1290 743
551 2790 508
552 2201 373
552 1213 491
552 1147 466
553 995 359
553 2345 909
553 915 615
553 624 654
553 1422 344
553 2569 3
554 929 192
554 712 618
554 1656 338
554 629 359
554 1309 997
555 3258 882
555 972 452
555 1240 185
555 3467 690
555 349 560
555 3335 460
555 1167 849
556 3030 564
556 1141 550
556 286 514
556 1123 969
559 2314 399
560 1852 717
560 2807 219
560 3272 316
560 1139 47
560 1332 182
560 693 653
561 3861 430
561 2955 160
561 3610 624
561 3159 138
562 533 336
563 2470 430
563 2611 962
563 1633 315
563 1165 647
563 1615 614
564 1260 770
564 302 379
564 3113 875
564 1137 940
564 1403 700
565 2774 67
565 503 592
565 1551 118
565 3573 822
566 1096 468
566 3947 508
566 3455 453
566 2003 297
567 3260 692
567 1583 707
567 1725 694
567 2630 468
567 574 48
567 0 371
568 351 752
568 3928 885
568 206 863
568 1815 25
568 781 835
569 2904 2
569 166 892
569 364 128
569 1697 399
569 734 495
570 2414 394
570 2864 290
570 3859 585
570 3571 393
571 1724 668
571 3322 659
571 3676 558
573 2997 405
573 2535 323
573 690 553
574 1189 118
574 2925 273
574 1508 519
574 2008 596
575 893 144
575 2724 914
575 3901 214
575 3172 258
575 873 699
575 2197 942
575 3162 933
576 3094 935
576 2849 973
577 519 166
577 1107 804
577 569 169
578 3778 398
578 479 278
578 3588 796
578 3685 74
578 2563 792
579 894 555
579 1972 261
579 1224 804
579 2705 105
580 800 32
580 497 934
580 1813 496
580 177 479
580 1671 938
580 263 100
581 2770 916
581 1119 690
581 1766 975
581 2779 196
581 1726 60
581 1179 301
581 190 710
582 3787 5
582 2217 360
582 690 41
582 2895 320
583 284 543
583 2640 886
583 1373 158
584 1565 830
584 2544 149
585 2934 941
585 3887 339
585 1475 196
585 3327 477
586 115 792
586 1244 386
587 1727 358
588 2165 107
588 2336 758
588 3673 668
588 2016 87
589 22 548
589 2559 188
589 2030 818
589 230 7
589 2763 922
589 1190 471
590 2039 756
590 2359 623
590 1409 874
591 392 851
591 3644 130
591 1254 693
591 997 47
592 654 188
592 1380 188
592 1644 701
593 1429 294
594 2964 5
594 582 384
594 1067 546
594 3582 167
594 1740 329
595 2961 533
595 482 956
595 928 911
595 296 435
595 945 505
596 2766 347
596 996 77
596 3931 378
596 2846 372
596 1291 337
597 930 402
597 499 667
597 2946 176
597 2266 428
597 2324 146
598 1382 510
598 3092 978
598 1313 249
599 3467 330
599 3882 946
599 3114 952
599 1036 13
600 1512 390
600 205 907
600 556 779
601 1781 388
601 2936 799
601 896 196
601 1118 805
602 3198 106
602 2142 942
602 3732 462
602 2681 45
602 2825 796
602 1588 939
603 2388 82
603 334 341
604 3525 915
604 1347 941
604 2728 133
605 3423 385
606 998 246
606 3043 571
606 3022 980
606 392 459
607 1038 464
607 1093 295
607 1117 25
607 68 184
608 1235 365
608 3912 250
608 2813 665
608 1167 775
609 2914 45
609 66 253
609 3471 870
609 2379 412
609 3350 654
609 1690 180
609 992 561
610 2585 769
610 3191 464
610 736 420
610 3989 97
610 3275 27
610 18 570
611 1197 667
611 567 852
611 3761 522
612 976 396
612 3512 477
612 3415 793
612 457 176
612 3343 252
613 1647 927
613 3526 34
614 2017 95
614 104 616
614 1410 37
614 1617 183
614 1896 939
615 733 977
615 2036 321
616 2833 840
616 2684 853
616 1822 536
617 2638 191
617 3686 6
617 871 117
617 3293 78
618 758 574
618 886 363
618 493 516
619 3844 542
619 101 76
619 1971 773
619 2704 539
620 2642 16
620 1086 400
620 2994 625
621 689 415
621 3491 630
621 1720 549
621 3280 684
622 2904 207
622 2725 624
622 3717 194
622 1023 580
623 2899 463
623 1896 211
623 1236 297
623 892 173
623 340 836
625 3422 91
625 2400 329
625 1307 49
626 3652 709
626 3622 642
626 2929 288
626 1463 523
627 1348 44
627 1119 137
627 1784 854
627 999 950
627 3132 120
628 112 560
628 2464 271
628 3287 415
628 165 893
629 2060 116
630 2188 482
630 266 627
631 2698 714
631 3826 35
631 3222 618
631 2218 976
631 96 312
631 2234 444
632 1811 570
632 1601 738
633 2299 191
633 2208 124
634 3058 841
634 3343 580
634 3155 964
634 187 174
635 3000 342
635 1930 966
635 552 310
635 980 318
636 2582 798
636 2398 10
636 2626 320
636 3551 868
637 2040 177
637 1088 635
637 528 958
637 1556 577
638 785 480
639 3179 162
639 2981 262
639 693 569
639 1046 791
640 3347 908
640 3353 542
640 3430 894
640 222 861
640 1774 827
641 1127 428
641 3459 801
641 314 698
641 366 582
641 975 549
642 1966 474
642 1611 191
642 682 887
642 1664 450
642 671 867
642 3475 876
642 345 485
643 581 276
643 32 459
644 1729 598
644 2551 104
644 3192 534
644 2246 415
644 242 212
644 106 498
645 3636 705
645 2545 850
646 2427 14
646 1522 760
647 962 536
647 2496 329
647 1892 745
647 3314 63
647 2819 109
648 3941 548
648 1193 340
648 2961 471
649 309 957
649 3574 405
649 675 519
649 168 990
649 3488 458
650 3585 70
650 3964 756
650 24 689
650 2192 668
650 3261 752
650 2872 91
650 1077 626
650 3129 666
650 2779 101
651 798 535
651 2634 891
651 2265 205
652 925 483
652 3976 23
652 943 764
652 3308 767
652 3067 559
652 272 726
653 3536 789
653 1946 252
653 1386 404
653 3424 346
653 1241 515
653 1638 734
654 3900 777
654 1683 60
655 263 847
655 916 345
655 1631 890
655 230 584
655 1486 54
655 3323 674
656 1629 393
656 3786 65
657 460 21
657 2310 800
657 1468 1
657 939 426
657 1468 738
657 2599 762
657 2154 503
657 1096 398
657 3648 310
658 3711 354
658 1748 751
658 3915 778
659 2638 210
659 636 430
659 3096 103
659 363 624
659 3078 519
659 2231 998
660 3686 957
660 814 415
661 404 628
661 3466 993
661 138 147
661 2061 185
662 2610 435
662 719 705
662 3381 333
662 3819 26
662 1642 252
663 2744 92
663 3397 938
664 2542 168
664 6 455
664 2580 901
664 2158 970
664 2447 649
665 783 319
665 3524 148
665 3522 669
666 3989 439
666 3816 20
666 236 585
666 348 471
667 1304 20
667 2476 174
667 812 701
667 1179 489
667 1467 797
668 718 917
668 368 683
668 1554 671
669 2548 858
670 2301 822
670 878 195
670 2194 417
670 3867 494
670 2359 89
670 1063 347
670 3414 367
671 934 640
671 2872 921
671 725 125
671 2101 428
671 3277 772
671 3744 685
672 3930 912
672 888 818
672 1839 559
673 1289 628
673 1991 154
674 2697 88
674 2853 449
674 1293 31
674 3919 180
675 1805 858
675 263 580
675 41 907
676 401 45
676 3144 694
676 1212 75
676 47 131
676 3127 478
677 729 1
677 1086 497
677 3124 294
677 3380 291
677 2648 242
677 1766 216
678 2162 335
678 148 225
679 3152 931
679 880 650
680 1087 74
680 3372 515
681 16 853
682 2463 590
682 922 660
682 3462 23
683 2322 561
683 2244 563
683 1917 188
683 1573 26
684 1366 57
684 3247 744
684 1978 888
685 303 73
686 3080 347
686 657 765
686 3235 112
686 3821 986
687 340 105
687 1015 11
687 837 865
687 108 458
687 3880 869
687 831 156
688 1947 742
688 470 109
688 749 264
688 1572 473
689 3672 478
689 1617 266
689 1483 726
689 796 784
690 212 242
690 25 139
690 1096 752
690 3816 122
691 1595 824
691 496 641
691 1058 207
691 832 335
691 44 781
692 3031 509
692 2284 382
692 1264 62
693 1157 302
693 596 273
694 1016 64
694 1531 480
694 2159 454
694 229 47
694 3919 505
695 3991 680
695 1118 75
695 170 728
696 3608 175
696 3016 893
696 2834 20
696 674 662
696 3832 764
697 1779 840
697 1926 766
698 2709 662
698 775 177
698 1971 779
699 1896 159
699 303 883
699 3038 971
700 3785 425
700 1319 848
700 2299 341
700 1939 780
700 486 102
701 1093 697
701 85 259
701 1034 228
701 2859 429
701 1623 324
702 3812 933
703 3757 472
703 687 919
703 2765 114
703 1695 114
703 3198 221
704 3374 973
704 3183 818
704 3966 737
705 3077 822
705 1617 544
705 2300 266
705 1616 253
705 3271 555
705 2310 467
706 527 139
707 2009 770
707 3808 638
707 856 628
707 2743 261
707 730 311
708 3266 651
708 1289 146
708 167 759
708 778 965
708 769 674
708 3602 800
708 3495 110
708 606 669
709 195 294
709 44 221
709 2018 178
709 2409 631
710 2499 996
710 587 877
710 381 212
712 3373 588
712 3915 362
712 3378 819
712 3688 378
712 2724 265
713 1978 908
713 3987 227
713 1920 586
713 493 461
713 3724 450
713 198 700
713 2565 442
713 2542 457
713 819 598
714 1694 107
714 2738 405
714 1573 472
714 1348 839
714 470 856
714 3142 417
714 3806 120
715 1978 664
715 1749 552
715 127 17
715 1651 412
716 3494 493
716 1344 730
717 1042 212
717 3297 936
717 651 320
718 1657 905
718 1606 536
718 1717 496
719 883 836
720 2041 343
720 66 200
720 80 628
720 2913 811
721 376 197
721 1924 556
722 1206 258
722 256 280
722 1425 609
722 1358 204
723 3519 668
724 2542 572
724 1691 284
725 3297 477
725 2863 488
725 495 175
725 171 970
726 1771 611
727 1566 602
727 49 736
727 40 730
728 1691 850
728 2066 265
728 1787 934
729 806 730
729 1234 22
729 1259 415
730 2904 841
730 152 912
730 3611 305
730 104 560
732 3193 124
733 3887 848
733 3204 773
733 86 93
734 1298 902
734 1780 924
734 2822 684
735 766 675
735 3800 563
735 2972 521
735 251 520
735 1918 718
735 1604 516
736 1677 282
736 2457 37
736 3803 444
736 1545 611
737 3667 64
737 2711 465
737 166 484
738 3352 347
738 2159 22
738 2776 759
739 1199 306
739 851 842
739 317 231
739 2371 913
739 615 696
740 2164 860
740 341 978
741 914 211
741 3906 388
741 1597 766
742 3184 417
742 157 785
742 3774 668
742 2508 396
742 2632 111
743 1917 329
743 3937 190
743 1114 488
743 3307 605
743 646 151
743 292 319
743 3755 58
743 1086 42
743 1502 550
744 1305 316
744 2791 32
744 2926 384
744 1820 146
744 1467 754
744 3912 403
744 3966 707
745 1072 720
745 2729 3
745 3460 810
747 3249 859
747 1251 358
748 3849 437
748 245 681
748 989 214
749 3135 400
749 3422 694
750 82 778
750 2569 98
750 2228 801
750 1932 980
751 2962 529
751 3322 486
752 1370 219
752 425 907
752 699 112
752 1013 900
753 2624 67
753 930 249
753 1537 483
753 1021 569
753 2378 818
753 968 538
754 1722 223
754 2548 41
755 185 750
755 3973 277
756 2936 947
756 1064 167
756 1435 60
756 2287 557
757 3723 585
757 681 692
757 2775 571
757 1970 318
757 2585 278
757 2586 810
758 5 276
758 1078 67
759 3386 220
759 2826 334
759 662 294
759 693 146
760 2795 773
760 1802 678
760 3991 998
760 1853 747
761 2396 27
761 648 872
761 968 447
761 3681 272
761 582 538
762 2982 818
762 464 989
762 3751 510
762 298 354
762 643 259
763 3933 452
763 911 405
763 3130 753
764 1634 651
765 1258 412
765 416 257
765 2623 364
765 360 590
765 1286 871
766 3371 944
766 3327 334
766 150 389
766 683 559
766 3670 861
766 1818 934
767 3332 716
767 814 378
767 142 964
767 3143 585
767 143 426
767 878 146
768 1234 563
768 1400 563
768 1476 216
768 2185 859
769 3660 425
769 3947 88
769 3831 838
770 3443 771
770 3981 31
771 3798 677
771 2404 178
771 2629 910
771 2636 593
772 3476 220
772 1089 563
772 2191 769
772 3715 971
772 2818 418
772 3763 358
773 1004 418
773 2109 753
773 3574 136
774 3314 120
774 2301 544
774 245 848
775 3843 237
776 3034 847
776 2501 92
776 1988 374
776 469 699
776 3524 103
776 3363 842
777 1147 843
777 2026 914
777 1138 919
777 748 695
778 1825 715
778 3478 983
778 2704 626
778 2450 124
778 1482 67
778 38 549
778 321 421
778 799 412
779 1751 710
779 2438 513
779 704 732
779 1226 935
779 3195 533
779 369 883
779 2682 293
780 2124 35
780 2501 650
780 2593 434
780 474 820
780 1243 705
781 2656 163
781 1023 934
781 2887 347
781 579 482
781 3942 661
782 213 611
782 2509 368
782 1897 963
783 1363 396
783 3793 776
783 1143 409
783 2337 750
783 2318 537
783 1942 640
783 2111 351
784 1684 461
784 2919 509
784 1170 3
784 95 481
785 2407 953
786 369 182
786 8 211
786 506 1
786 2793 855
786 120 615
787 1588 182
787 1701 867
788 593 130
788 3025 669
788 2012 501
788 676 490
788 3303 17
789 1705 559
789 1213 49
789 2674 737
789 406 649
789 3860 889
790 3595 36
790 1846 42
790 936 440
790 477 872
791 1323 419
791 1478 951
791 2828 570
792 1903 99
792 2540 111
792 368 293
793 213 740
793 1241 909
793 3057 862
794 382 141
794 3065 111
794 2550 505
794 334 922
794 259 939
794 2195 131
795 2867 929
795 3679 757
795 1071 857
795 2427 720
795 393 575
796 2473 473
797 1353 545
797 3437 601
797 3800 525
797 903 346
798 500 598
798 3758 978
798 2195 782
800 951 53
800 1543 628
800 695 358
800 1797 227
800 24 89
801 1243 325
802 2320 712
802 3163 344
802 633 870
802 3986 406
802 3026 896
803 1200 593
804 2412 532
804 2575 186
804 2304 683
804 3922 292
806 1611 298
806 2850 355
806 941 1
807 1112 753
807 1230 936
807 2301 816
807 1857 821
808 2141 149
809 1263 596
809 2800 77
809 3810 276
809 447 546
809 1633 156
810 3175 668
810 46 809
810 3787 170
810 1437 782
810 1543 150
811 2359 293
811 1325 429
811 2490 863
811 3136 202
811 1675 584
812 1536 111
812 3861 737
813 2067 526
813 607 287
813 3104 688
813 907 393
813 196 91
814 3931 647
814 1633 834
814 2942 453
814 2072 381
815 3295 494
815 3031 88
816 3911 720
816 1070 201
816 1697 120
816 2887 100
816 488 440
817 178 152
817 1696 350
817 3536 653
818 2098 777
818 2033 619
819 3044 975
819 2651 704
819 1416 943
819 2721 562
820 778 462
820 2733 118
820 1043 823
821 2120 932
821 3492 986
821 28 36
821 2389 825
821 496 203
822 931 281
822 3865 201
822 2214 392
822 1835 610
822 2581 610
822 1041 985
824 1018 252
824 882 898
825 181 772
825 2815 412
825 1994 403
825 2865 648
825 2002 437
826 3426 90
826 655 716
827 3499 972
828 3088 849
828 1467 992
829 875 349
829 1453 412
830 1863 540
830 1584 963
830 1614 608
830 2545 510
831 452 671
831 761 811
832 3018 546
832 3402 644
832 3226 545
832 3856 884
832 113 613
833 3953 287
833 546 794
833 3199 277
833 90 413
833 3153 388
833 3672 720
834 3499 554
834 2447 389
834 3012 782
835 1908 573
835 3241 753
836 610 312
836 2640 273
836 3883 925
836 3854 141
837 1912 739
838 769 541
838 3810 792
838 2455 957
839 2994 417
839 997 927
839 3399 409
839 538 65
840 2948 461
840 2882 630
840 924 666
841 2572 276
841 723 76
841 60 802
841 2376 530
841 576 723
842 1611 819
842 492 145
842 40 4
842 1049 138
842 1709 515
842 3531 563
842 1886 619
843 3851 764
843 3346 773
843 2541 883
843 2174 57
843 1204 736
844 3777 953
844 2693 467
844 2318 850
845 3610 606
845 2831 40
845 3322 13
846 1787 173
846 1127 953
846 2421 837
846 2342 488
847 1797 509
847 1122 28
847 810 318
847 2823 165
848 610 976
848 2092 622
848 2597 294
848 3728 295
848 757 911
848 1069 379
848 1456 885
849 2841 693
849 1188 131
849 1660 294
850 1295 235
850 2477 464
850 1478 894
851 2653 106
851 2062 779
851 2707 673
851 1636 376
851 1966 415
852 3262 38
852 60 868
852 681 91
852 1238 188
852 3583 661
852 370 90
852 1277 710
852 785 476
852 2706 425
853 2496 475
853 2468 756
853 3188 537
853 3494 838
853 819 253
853 1311 297
853 2442 82
854 2693 17
854 3377 909
854 1799 732
854 3654 659
854 1355 231
855 2460 935
855 1658 929
855 1509 790
855 1985 118
855 754 533
856 2271 86
856 2055 669
857 1913 46
857 44 634
858 3758 430
858 3261 732
858 2596 340
858 2893 492
858 3128 117
858 2986 149
858 3846 342
858 2042 972
858 331 574
859 3988 591
859 3458 285
859 1227 174
859 3986 269
859 190 271
859 1382 853
860 719 667
860 143 941
860 2485 503
861 1788 538
861 379 513
861 1235 337
861 2369 645
861 275 11
862 463 400
862 3066 754
862 3750 448
862 3839 475
863 3201 145
863 3055 328
863 1021 593
864 3065 563
864 1347 848
864 2454 64
864 518 737
865 1229 484
865 1795 634
865 315 543
866 914 117
866 2945 75
866 3851 862
866 2477 485
867 2724 7
867 1829 123
867 1249 376
867 3013 769
868 3341 354
868 2256 423
869 1462 744
869 3640 303
869 3197 108
869 1165 713
869 1110 183
870 2900 726
870 3663 256
870 2861 637
870 1014 480
871 491 558
871 3859 524
871 384 588
871 3677 611
871 3396 254
871 2977 845
872 397 962
872 1753 872
872 361 834
872 2573 103
872 1841 733
872 1123 102
873 994 801
873 241 59
873 3583 781
874 3145 670
874 2932 445
874 1320 894
874 3377 114
874 2039 515
874 567 655
874 2996 95
874 3392 82
874 785 223
875 933 108
875 2524 289
875 3904 923
875 3651 409
876 2355 734
876 440 927
876 2025 81
876 3650 902
876 535 435
876 2185 679
877 3904 342
878 3539 350
878 2082 916
878 3138 729
878 3652 362
878 1192 436
879 1723 508
879 919 822
879 3840 12
879 2284 585
879 3774 146
879 3936 397
879 2086 666
880 489 305
880 3774 666
880 2992 301
880 2561 616
880 1596 878
881 751 224
881 3779 753
881 3404 765
881 194 680
881 2022 264
881 1442 30
882 70 649
882 1548 236
882 580 533
882 3510 726
882 15 709
882 3339 495
883 2593 792
883 2404 351
883 3748 409
883 64 605
883 1146 788
884 579 456
884 156 152
884 2210 386
884 3083 621
885 3296 699
885 2234 52
885 3863 847
885 2756 333
886 2033 664
886 2915 416
886 3482 144
886 2935 947
886 1913 119
886 2279 516
887 53 426
887 3814 382
888 3549 504
888 2009 549
888 2861 894
888 226 880
888 3631 996
889 956 200
889 3814 117
889 545 159
889 1861 369
889 943 678
891 575 709
891 3234 970
891 3844 60
891 2931 215
891 2229 532
892 3193 164
892 1402 211
892 262 67
892 1167 388
892 3088 409
892 1033 386
893 1539 943
893 506 687
893 1550 617
893 2906 901
893 2971 639
893 88 37
894 3087 276
894 2046 453
894 2347 773
894 3580 32
894 2633 240
894 2000 248
894 1292 122
895 2600 737
895 1499 220
895 2680 699
896 1303 668
896 2065 682
896 3220 712
896 3637 576
897 770 796
897 1063 32
897 2037 370
897 1001 79
897 391 685
897 846 337
897 3832 94
898 590 788
898 3258 592
898 745 598
898 3487 130
899 2078 20
899 942 355
900 1630 22
901 2922 241
901 2812 662
901 2803 218
901 2741 688
901 2112 153
901 2339 676
902 25 970
903 752 367
903 1305 101
903 2088 790
904 2535 851
904 1757 286
904 2530 298
906 92 710
906 205 431
906 1039 889
906 321 3
906 2839 829
906 161 72
906 2772 965
907 3046 220
907 471 627
908 2617 561
909 3211 260
909 3172 872
909 58 286
909 3882 968
910 3938 896
910 681 407
910 1679 891
910 295 245
910 1089 833
911 3120 849
912 742 71
912 3944 539
913 3645 849
914 2678 431
914 3610 18
914 3430 626
914 2392 562
915 1279 263
915 2761 274
915 3497 914
916 2286 636
917 737 722
917 194 957
917 308 649
918 859 513
918 3244 142
918 2827 891
918 3095 829
918 2541 77
919 3376 291
919 2763 105
919 466 327
919 3543 790
920 1918 420
920 1618 767
920 1112 905
920 919 659
920 1927 135
920 595 362
920 3737 137
920 2755 759
920 3819 303
920 109 804
920 1504 374
921 469 509
921 2312 494
921 2158 480
921 3600 726
922 1844 892
922 2185 98
922 1191 49
922 3604 175
922 2710 63
922 3164 624
923 715 921
923 3470 707
923 1502 257
923 3314 363
924 317 987
924 2362 513
924 1809 74
925 3618 368
925 475 636
925 2225 796
925 2775 384
925 1179 666
926 3199 15
926 1792 551
926 3253 513
927 2175 985
927 2026 112
927 137 815
927 2650 50
927 1445 480
927 1555 427
927 1485 64
928 871 400
928 3731 918
928 2192 293
928 2027 346
928 2751 143
928 2111 311
928 627 115
929 641 49
929 31 59
929 1864 335
929 2711 318
929 1931 865
929 3654 387
929 3706 741
930 1506 395
930 3188 656
930 3532 468
930 1750 986
930 3911 103
930 3697 442
930 3983 202
931 3719 265
931 1469 819
931 1669 993
931 1004 270
931 2450 304
931 644 946
931 1857 440
931 1828 724
932 3831 208
932 2921 811
932 3310 676
932 3314 647
933 1928 4
933 906 752
934 485 809
934 1960 946
934 3655 485
935 1506 287
935 1896 227
935 1882 462
935 2675 424
935 3268 348
936 1994 548
936 3283 975
936 499 98
936 2130 410
936 3707 578
936 3540 228
936 2362 717
936 2047 525
937 298 104
937 3474 146
937 2234 146
937 3202 371
937 1363 443
937 2450 26
938 2830 436
938 2764 542
938 3906 444
938 902 963
939 32 445
939 118 380
939 3948 784
940 2683 879
940 135 559
940 2580 334
940 1911 681
940 933 678
941 3956 152
941 1207 740
942 1562 240
942 2508 246
942 1810 264
942 2409 425
942 2630 792
942 656 922
942 3715 512
943 2425 895
943 1819 693
943 578 402
944 3657 266
944 2330 58
944 545 92
944 2974 169
944 1276 68
944 2046 157
945 1195 366
945 1309 106
945 2643 687
945 1037 653
946 1748 576
946 1200 87
947 2592 323
947 1671 701
947 2833 919
948 3614 875
948 1013 271
948 2083 138
948 3659 800
948 1971 324
948 2625 118
948 1001 891
949 636 498
949 3971 47
949 2754 31
950 2844 69
950 3479 61
951 3205 384
951 298 938
951 2349 673
951 2381 980
951 2272 92
952 1309 838
952 2559 235
952 1373 194
952 2774 545
952 1221 116
953 3053 548
953 2236 917
954 3883 463
954 1449 836
954 2767 760
954 2187 832
954 986 947
954 3435 778
954 3245 628
955 2061 888
955 479 738
955 3115 883
955 803 707
955 3909 954
955 3254 556
955 312 172
955 195 58
956 588 885
956 253 311
957 3470 379
957 2391 541
957 249 797
958 3258 475
958 1763 78
958 859 946
958 3761 801
959 3072 373
959 9 863
959 839 971
959 3900 588
959 1546 595
959 2710 466
959 2000 413
960 1583 833
960 2802 557
960 1353 798
960 401 301
960 3654 39
961 1886 605
961 1859 828
961 2045 795
961 1359 317
962 499 569
962 924 902
962 530 912
962 790 764
962 2229 216
963 3710 925
964 218 65
964 3172 797
964 2614 887
964 1780 566
964 1366 862
964 1444 742
964 1540 280
965 2555 707
965 1881 706
965 2262 763
965 139 713
966 3790 328
966 317 515
966 383 41
967 2294 79
967 3188 985
967 1369 552
967 968 394
969 2619 638
969 3392 673
969 63 731
969 479 264
970 2449 535
970 304 330
970 422 517
971 2753 504
971 2851 461
971 2423 167
971 1905 281
971 1594 446
971 3167 676
972 484 957
972 3387 54
972 1642 590
972 3326 262
972 1838 932
973 2403 460
973 2719 325
973 496 90
973 3940 31
973 1772 210
973 3162 256
974 280 91
974 2510 784
974 1809 339
974 1346 453
974 3712 580
975 2811 531
975 3200 604
975 1413 4
976 179 815
976 618 694
977 171 740
977 1388 495
977 3992 614
977 2040 632
978 2595 248
978 1146 596
978 236 910
978 3074 21
978 2224 400
979 3408 731
979 2918 338
979 686 134
979 1368 655
979 2836 676
979 400 833
979 657 149
980 3772 256
980 3190 561
980 2160 81
980 1307 953
980 715 293
980 2944 544
980 701 972
981 485 164
981 3895 871
981 1327 524
981 3195 367
981 35 573
982 2897 1
982 1818 425
982 1521 801
982 1691 669
982 3563 970
983 3091 187
983 2115 156
983 2285 64
983 781 765
984 2407 508
984 1595 226
984 2419 229
984 2592 282
984 3050 145
984 1188 419
985 2466 306
985 1982 782
986 1242 449
986 690 788
986 672 611
987 2713 980
987 2021 802
987 44 210
987 2113 169
987 2400 848
988 3602 716
988 3253 876
988 2058 640
988 662 202
988 3676 965
988 3917 984
989 3784 525
989 1154 983
989 3448 872
989 2050 838
989 3618 780
989 1472 618
989 2007 918
990 3386 812
990 1993 904
990 1628 99
991 1842 96
991 3453 301
991 3460 935
991 2433 772
992 3124 39
992 2823 275
992 1386 239
993 3875 192
993 3717 607
993 1778 398
994 86 822
994 3012 169
994 1958 317
994 3852 522
996 3944 573
996 2964 314
996 1176 803
996 1959 528
997 2164 677
997 2556 333
997 3457 486
997 3715 982
997 3980 225
998 2703 428
998 2134 720
998 3317 68
998 3722 741
999 1723 466
999 248 85
999 3674 437
999 1144 695
1000 2880 283
1000 1074 411
1000 2054 210
1001 3923 759
1001 3064 570
1002 776 354
1002 3438 814
1002 2064 68
1002 1602 966
1002 2211 411
1002 1967 446
1003 254 683
1003 817 294
1004 1510 164
1004 3608 990
1004 2400 683
1004 229 505
1005 238 92
1005 1203 122
1005 3405 967
1005 182 195
1005 3078 322
1005 1328 890
1005 3807 785
1006 254 803
1006 1651 821
1006 3905 718
1006 1157 661
1006 3444 943
1007 3909 179
1007 3605 23
1007 870 903
1007 2732 215
1007 499 186
1008 3478 454
1008 1103 111
1008 3597 435
1009 2232 912
1009 1633 59
1009 624 113
1009 1161 460
1009 3280 400
1009 209 2
1009 3869 830
1010 1495 999
1010 1061 842
1010 3859 11
1010 1019 489
1010 2537 355
1011 88 540
1011 3988 516
1011 990 783
1011 3025 721
1011 594 513
1011 2301 910
1011 3811 985
1012 2370 810
1012 2703 919
1012 44 279
1012 3106 224
1012 3411 73
1012 1077 922
1012 1504 905
1013 3488 819
1013 470 226
1013 1015 281
1013 740 36
1013 3739 183
1013 1251 189
1013 855 162
1014 2937 101
1014 2859 244
1014 2516 383
1014 2691 585
1014 3191 359
1014 315 805
1015 1193 230
1015 1612 157
1016 2990 699
1016 2482 941
1016 3747 421
1016 132 907
1016 1926 911
1017 1593 892
1017 2695 22
1017 2685 30
1018 3536 782
1018 1236 168
1019 1992 915
1019 3015 428
1019 2721 474
1019 1394 202
1020 1064 601
1020 2393 240
1020 550 178
1020 1120 358
1020 706 858
1021 1317 105
1021 3439 176
1021 658 691
1021 552 383
1021 2729 456
1022 3096 465
1022 1595 764
1022 1111 534
1022 2931 169
1022 1699 449
1023 2260 150
1023 768 177
1023 782 705
1023 1271 633
1023 1925 528
1023 3465 694
1024 2041 836
1024 3772 590
1024 517 795
1024 2359 833
1024 1814 714
1024 334 553
1025 1481 57
1025 2370 612
1025 2817 529
1025 370 223
1026 180 21
1026 3231 220
1026 2462 838
1026 1343 257
1026 2732 26
1027 2948 308
1027 1749 608
1027 490 505
1027 2615 427
1027 3210 307
1027 1141 857
1027 3069 929
1028 1402 943
1029 896 926
1029 350 569
1029 2708 817
1029 12 19
1029 2317 521
1029 1859 784
1030 42 388
1030 3268 937
1030 3460 233
1030 670 228
1030 1499 379
1030 3124 182
1030 2655 952
1030 1002 506
1031 2014 555
1031 32 587
1031 2972 311
1031 671 958
1031 3987 491
1031 963 394
1032 3222 968
1032 1508 721
1033 1133 781
1033 1754 931
1033 845 838
1034 160 728
1034 157 892
1034 2330 839
1034 1576 851
1035 2076 902
1035 1671 921
1035 181 661
1036 3884 768
1036 2494 819
1036 3535 689
1036 3085 177
1037 1451 86
1037 627 850
1037 3623 462
1037 480 379
1037 2417 374
1037 122 483
1038 2666 611
1038 775 162
1038 2114 468
1038 3092 935
1038 265 74
1039 62 191
1039 1160 849
1039 3759 859
1039 3784 488
1040 235 935
1040 1481 196
1040 3516 629
1041 2105 287
1041 966 490
1041 3969 568
1042 2843 957
1042 2360 371
1042 3311 468
1042 923 574
1042 1918 974
1042 323 60
1042 1488 325
1043 3034 23
1043 2288 396
1043 1067 63
1043 3419 628
1043 2742 765
1043 1667 810
1043 3704 758
1043 3458 894
1043 1430 146
1044 3567 138
1044 3070 517
1044 2013 899
1045 3448 414
1045 931 935
1045 174 79
1045 3629 344
1045 3360 324
1045 3467 762
1045 2810 108
1045 2996 635
1045 2854 584
1045 1937 833
1045 491 292
1046 2837 68
1046 1108 245
1046 3976 295
1047 2512 608
1047 644 126
1047 2694 638
1047 3015 28
1047 3211 998
1047 748 812
1047 3056 617
1047 745 450
1047 1873 883
1048 3079 743
1049 224 459
1049 1413 581
1049 1289 244
1049 753 764
1050 352 880
1050 542 725
1051 1873 341
1052 459 674
1052 2701 542
1052 1827 732
1053 2824 375
1053 2438 614
1053 1192 259
1053 3308 695
1053 1255 586
1053 1205 908
1054 394 522
1054 739 558
1054 3321 956
1054 1274 295
1055 3577 367
1055 1399 830
1055 367 256
1055 2597 722
1055 2568 493
1056 3885 303
1056 2162 167
1057 3740 728
1057 1554 572
1057 3241 52
1057 34 83
1058 324 929
1058 2264 894
1058 843 946
1058 1882 46
1059 2802 409
1059 1495 316
1059 1218 662
1059 1894 836
1059 1631 132
1059 770 466
1059 2494 614
1060 3266 892
1060 978 385
1060 604 926
1060 1467 69
1060 3889 500
1060 1949 849
1061 2360 958
1061 3529 683
1061 281 315
1062 1547 837
1062 1082 11
1062 199 843
1062 2186 819
1062 3055 204
1063 3301 834
1063 1242 657
1063 1335 182
1064 736 297
1064 1427 385
1064 947 274
1064 1189 631
1064 2043 768
1064 2310 426
1064 184 884
1065 3009 409
1065 770 974
1065 240 622
1065 3972 886
1065 3963 799
1066 3378 384
1066 2152 171
1067 1250 199
1067 2289 230
1067 418 171
1067 926 872
1067 3018 561
1068 258 864
1068 453 621
1068 1920 575
1068 3528 869
1069 3536 950
1069 809 340
1070 2341 545
1071 342 60
1071 1539 344
1071 715 296
1072 993 29
1072 78 154
1072 3757 596
1072 996 873
1073 1092 133
1073 2231 935
1073 2882 487
1074 1768 155
1074 92 495
1074 583 206
1075 1846 326
1076 2386 926
1076 1918 502
1077 3360 417
1077 1044 453
1077 2655 369
1078 5 651
1078 2103 100
1078 453 61
1078 3657 985
1078 2681 435
1079 990 716
1079 908 492
1079 3021 763
1079 2097 854
1079 2677 106
1079 2325 664
1079 3181 477
1080 1701 765
1080 1887 938
1080 1896 951
1080 1850 483
1080 2081 661
1081 728 173
1081 1239 216
1082 497 629
1082 2397 602
1082 3593 668
1082 3712 92
1083 1431 244
1083 1715 161
1083 3485 349
1083 866 917
1084 3766 630
1084 1168 472
1085 870 6
1085 3924 455
1085 1030 409
1086 646 869
1086 852 426
1086 1125 383
1086 2635 620
1087 2712 939
1087 3880 706
1087 3086 147
1087 3210 44
1088 3160 7
1088 1572 420
1088 446 101
1088 275 270
1089 3902 227
1089 1295 993
1089 2534 441
1089 2964 526
1089 1679 436
1090 746 221
1091 3828 979
1091 614 211
1091 1295 257
1091 1755 529
1091 3868 920
1092 2505 739
1092 2215 41
1093 572 797
1093 3549 362
1093 1649 101
1094 187 467
1094 3792 187
1094 415 845
1094 1238 943
1095 848 176
1095 1441 974
1095 393 666
1095 2355 27
1095 1724 299
1096 1315 239
1096 118 639
1096 960 261
1096 3613 967
1096 3638 677
1097 3359 132
1097 1718 154
1097 1698 98
1097 1704 942
1097 3131 176
1098 664 223
1098 3955 982
1098 3101 181
1098 2253 200
1098 1962 894
1099 1826 790
1099 3700 229
1099 2416 920
1099 2592 706
1099 2317 766
1099 3324 966
1100 3189 809
1100 1538 20
1100 3296 821
1100 1292 328
1100 3022 634
1100 360 727
1100 2178 659
1101 808 18
1101 3797 731
1101 2093 680
1101 3363 576
1101 2433 279
1102 3438 677
1102 1040 875
1102 1159 989
1103 2983 181
1103 530 981
1103 2626 509
1103 1460 194
1103 200 859
1103 1511 743
1103 595 500
1104 1753 710
1104 3369 428
1104 2517 898
1104 1678 740
1105 2048 646
1105 2890 51
1105 2366 305
1105 2713 237
1106 1278 945
1106 2229 129
1106 2792 574
1106 3480 206
1106 1882 308
1106 2087 43
1107 778 222
1107 816 472
1107 107 191
1107 875 382
1107 2112 291
1108 1486 225
1108 2353 680
1108 3963 370
1108 2047 80
1109 3324 684
1109 2677 1
1109 1263 711
1109 1886 532
1109 1295 832
1109 1099 167
1110 514 368
1110 2654 701
1110 619 604
1110 2126 230
1111 2808 503
1111 3935 780
1111 3213 260
1111 1406 658
1111 222 718
1111 338 501
1112 1657 636
1112 3716 170
1113 1995 700
1113 3300 784
1114 2365 467
1114 1152 204
1114 1368 273
1114 1481 839
1115 3673 120
1115 2329 974
1116 1117 145
1116 865 763
1116 2347 295
1116 2788 758
1117 909 469
1117 2668 675
1117 1030 7
1117 240 470
1117 2678 959
1117 3605 177
1118 622 972
1118 902 322
1118 211 54
1118 2525 834
1119 1218 640
1119 1443 677
1119 3494 178
1119 581 33
1119 1342 659
1119 3976 982
1120 1788 798
1120 283 842
1120 3734 611
1120 278 294
1120 327 133
1120 2078 706
1121 2496 735
1121 3112 40
1121 2402 295
1121 2257 14
1121 1506 77
1122 1645 324
1122 2245 367
1123 3461 523
1123 654 971
1123 962 123
1123 1826 463
1123 2208 210
1123 2558 658
1123 2821 12
1124 2846 927
1124 2466 11
1124 3736 15
1124 2984 476
1125 449 874
1125 3744 96
1125 535 775
1126 2924 316
1126 2698 644
1126 3378 575
1126 806 341
1126 1733 412
1126 1174 422
1127 1341 640
1127 2347 753
1127 3894 591
1127 1556 181
1128 3418 89
1128 2308 633
1128 3319 850
1128 3706 325
1128 538 119
1128 678 929
1129 3018 183
1129 3097 671
1129 2269 108
1129 1305 276
1130 2077 184
1130 862 93
1130 2713 450
1130 2843 929
1131 216 307
1131 3258 246
1131 3448 433
1132 2387 110
1132 1159 999
1132 1817 88
1133 366 967
1133 1717 734
1133 2745 822
1133 2538 28
1133 622 666
1133 2819 755
1133 3469 255
1134 2224 916
1134 3401 872
1134 781 717
1134 829 55
1135 512 782
1135 2351 647
1136 3645 905
1136 2996 784
1136 1773 921
1136 2707 332
1136 3347 186
1136 114 846
1136 1659 86
1136 820 287
1137 461 729
1138 2205 662
1138 1255 380
1139 3379 917
1139 3643 345
1140 1758 882
1140 2485 624
1140 3771 964
1140 3843 623
1140 3166 557
1140 2347 236
1141 202 209
1141 33 878
1142 2112 337
1142 2593 871
1142 1622 890
1142 2356 369
1142 3775 179
1143 2082 123
1144 1283 895
1144 13 682
1144 196 258
1144 1021 887
1145 1665 882
1145 254 89
1145 3636 279
1145 1811 554
1145 3357 355
1145 1817 241
1145 445 914
1145 1347 474
1145 1443 385
1146 2575 477
1146 3359 815
1146 1042 602
1146 2204 688
1146 2740 564
1147 1535 104
1147 2104 765
1147 244 143
1147 2416 921
1147 625 220
1148 2522 848
1148 2506 155
1148 2355 846
1148 3331 638
1148 2371 29
1149 1193 364
1149 1219 705
1149 1096 615
1149 1711 234
1149 1141 699
1149 1181 372
1149 2630 344
1149 2431 14
1150 3362 312
1150 471 729
1150 2400 276
1151 654 241
1151 3145 623
1151 2444 56
1151 684 406
1151 1181 547
1151 97 33
1152 2410 627
1152 3760 49
1152 3118 105
1152 3867 707
1153 2150 335
1153 3184 1000
1153 2455 14
1154 3034 810
1154 3382 271
1154 2380 243
1155 1676 797
1155 3343 976
1155 3087 884
1155 2569 865
1155 722 75
1155 105 328
1155 764 320
1155 2587 912
1156 1658 994
1156 340 152
1156 3845 946
1156 801 700
1157 3753 891
1157 2025 63
1157 3506 962
1157 1937 887
1157 2357 390
1158 2781 433
1158 1152 558
1158 1121 187
1158 1753 849
1159 1017 307
1159 577 96
1159 1157 985
1160 685 771
1160 2621 870
1160 2184 644
1160 107 404
1160 108 957
1160 484 389
1161 1293 456
1161 3264 383
1163 312 602
1163 556 98
1163 2569 4
1164 3857 778
1164 872 144
1164 3242 814
1164 118 246
1164 223 952
1164 3445 946
1165 3045 926
1165 2352 669
1165 1930 874
1165 1987 148
1165 118 779
1165 352 763
1166 1041 322
1166 543 156
1166 1750 517
1166 2051 637
1166 3016 403
1167 2103 508
1167 2054 921
1167 1432 158
1167 1516 550
1167 3554 395
1168 2102 531
1168 368 219
1168 2017 400
1169 1764 396
1169 3952 169
1170 1358 589
1170 1635 985
1170 840 689
1170 1283 133
1171 3558 621
1171 1744 495
1171 2884 218
1172 3408 582
1173 3952 655
1173 1764 796
1173 498 243
1173 1187 812
1173 1040 295
1173 3058 867
1174 1285 979
1175 3779 277
1175 1307 610
1175 2469 678
1176 1042 477
1176 2897 159
1176 3412 770
1177 481 574
1177 557 529
1177 2638 887
1177 2869 442
1177 45 936
1177 857 565
1177 196 296
1178 3172 209
1178 2462 183
1178 72 37
1179 2441 906
1179 2588 934
1179 1426 860
1179 3612 603
1180 400 362
1180 3201 645
1180 1161 406
1180 394 823
1180 151 427
1180 218 932
1180 2893 71
1180 1664 993
1181 2994 453
1181 3680 896
1181 1267 863
1181 2784 848
1182 3166 775
1182 2551 761
1182 3844 10
1182 247 234
1182 1521 812
1183 883 165
1183 1166 351
1183 2328 355
1183 2825 16
1183 2280 314
1183 3617 624
1183 3150 348
1183 1642 724
1183 2981 795
1183 2508 974
1183 651 920
1184 382 490
1184 3711 77
1184 1951 563
1184 3249 691
1185 156 138
1185 2818 624
1185 4 682
1185 2563 695
1185 224 996
1185 1053 508
1185 540 421
1186 1527 834
1186 286 105
1186 3163 344
1187 720 70
1187 3072 144
1188 1724 483
1188 3796 716
1188 1677 151
1188 13 757
1189 3576 906
1189 3215 934
1189 2623 600
1189 1025 90
1190 961 726
1190 2490 284
1190 3261 544
1190 349 387
1190 574 202
1190 550 427
1191 3657 634
1192 179 556
1192 433 419
1192 1025 134
1192 1301 60
1193 841 942
1194 3518 884
1194 936 178
1195 1659 8
1195 3250 486
1195 169 95
1196 243 135
1196 2683 676
1196 395 596
1196 2285 401
1197 766 212
1197 3973 635
1197 603 839
1198 719 137
1198 3539 127
1199 3267 821
1199 2629 116
1200 3322 119
1200 1926 627
1200 270 686
1200 3222 948
1200 2014 530
1200 3167 992
1201 2567 237
1201 619 968
1201 3416 754
1202 3114 798
1202 1485 668
1202 2659 494
1202 2129 170
1202 3125 261
1203 2004 70
1203 409 598
1203 1153 349
1203 3928 617
1204 3998 569
1204 512 246
1204 676 496
1204 1592 148
1204 3349 330
1204 806 463
1205 1298 511
1205 1673 816
1206 1700 81
1206 197 868
1206 2222 781
1206 3276 931
1207 2963 468
1207 1851 997
1207 1359 282
1207 1570 26
1207 1240 885
1207 3807 507
1207 988 540
1208 461 321
1208 940 80
1208 714 78
1208 2221 264
1208 1414 622
1209 3418 492
1210 1506 491
1210 3082 716
1210 2287 754
1210 541 746
1210 3156 497
1211 1258 780
1211 1273 98
1211 2627 224
1211 3821 826
1212 148 109
1212 3471 516
1212 1519 222
1213 1101 315
1213 2172 61
1214 1802 391
1214 2609 674
1214 2045 384
1215 3761 324
1215 3291 856
1215 3281 321
1215 1312 162
1215 1150 243
1215 2111 588
1215 3330 757
1216 1198 940
1216 3061 720
1217 3595 331
1217 3690 15
1217 2404 96
1218 1903 97
1218 2740 780
1218 3156 455
1218 3324 998
1218 1583 475
1219 2067 618
1219 1570 449
1219 3030 555
1220 819 332
1220 1996 512
1220 1431 403
1220 3583 476
1220 3989 221
1221 2665 679
1221 2468 610
1221 3697 388
1221 1973 424
1221 2668 340
1221 2821 675
1222 2468 606
1222 1774 138
1222 2751 935
1222 243 157
1223 1704 595
1223 597 249
1223 3409 609
1223 3655 200
1223 371 816
1224 721 996
1224 2801 989
1225 2432 694
1225 1506 996
1225 2326 675
1226 3271 248
1227 2608 874
1227 3391 432
1227 523 240
1227 1136 528
1227 3823 481
1228 3364 372
1228 325 471
1228 2528 517
1228 468 240
1229 849 899
1229 2859 724
1229 2517 888
1230 3226 490
1230 221 329
1230 3978 968
1230 1699 9
1231 1828 901
1231 2308 286
1231 3552 5
1231 916 626
1231 3553 461
1231 1370 576
1232 1461 508
1232 932 544
1232 3556 918
1233 663 619
1233 205 363
1233 2804 574
1233 3032 487
1233 202 364
1233 746 854
1234 675 846
1234 315 489
1235 2166 766
1235 2297 391
1235 1891 704
1235 3565 430
1235 699 663
1235 2164 908
1236 774 532
1236 2723 845
1236 760 208
1236 913 504
1236 250 745
1236 2801 547
1236 1212 891
1236 2458 871
1237 457 727
1237 475 758
1237 2383 823
1237 3860 515
1237 39 72
1238 3295 819
1238 1634 208
1238 1261 589
1238 1095 611
1238 1308 15
1239 3637 162
1239 549 313
1239 166 377
1239 1268 770
1239 740 719
1240 2203 748
1240 1077 435
1240 3421 27
1240 3572 447
1240 949 482
1240 3201 831
1240 3264 813
1240 3176 440
1241 3324 50
1241 1951 64
1241 662 330
1241 1183 472
1241 275 222
1241 622 188
1241 3052 151
1242 615 260
1243 3603 244
1243 3656 191
1243 692 625
1243 2706 576
1243 3890 78
1244 2086 369
1244 2286 2
1244 2108 217
1244 2746 881
1244 3208 354
1244 1315 22
1245 2729 327
1245 342 589
1245 2788 576
1245 1566 705
1245 976 877
1246 2979 788
1246 1309 908
1246 3475 987
1246 3697 816
1247 1929 856
1247 1529 160
1247 1251 588
1247 684 351
1247 2204 888
1247 3485 933
1247 3031 1
1248 326 746
1248 1750 266
1248 3827 338
1248 1345 718
1248 1942 794
1248 587 274
1248 2462 773
1248 1488 779
1248 353 921
1248 1681 457
1249 3471 208
1249 1397 964
1249 3719 736
1249 2584 285
1250 2678 241
1250 3481 51
1250 934 969
1251 2634 682
1252 1926 213
1252 2181 275
1252 83 164
1252 742 104
1253 2515 91
1253 912 677
1253 170 117
1254 1042 196
1254 2367 455
1254 2038 529
1254 1975 765
1255 2715 658
1255 2594 953
1255 3117 638
1255 45 670
1255 1563 560
1255 2616 984
1256 23 148
1256 3870 119
1256 2289 651
1256 3009 355
1256 1622 727
1257 268 865
1257 1935 328
1258 3380 788
1258 1329 734
1258 917 629
1258 3706 300
1259 2624 321
1259 3881 359
1259 2177 569
1259 1709 525
1259 2139 568
1259 3099 336
1259 2219 309
1260 3791 429
1260 700 721
1260 683 96
1260 3284 662
1260 983 110
1260 272 347
1261 3558 485
1261 673 606
1262 2525 965
1262 48 356
1262 1150 492
1262 2122 612
1262 2512 5
1262 2172 297
1263 3622 185
1263 2923 31
1263 1413 773
1263 609 18
1263 336 224
1264 2780 806
1264 2984 493
1265 2425 218
1265 1868 802
1265 1637 940
1265 1170 376
1265 2575 750
1265 3073 985
1265 3872 997
1266 977 306
1266 503 776
1266 409 334
1266 376 585
1266 809 111
1267 692 797
1267 3349 592
1267 2044 715
1267 2992 419
1267 54 509
1268 8 649
1268 699 974
1268 3578 348
1269 1855 744
1269 76 382
1270 1909 584
1270 1467 579
1270 1706 39
1270 3909 837
1271 3092 116
1271 91 829
1271 1576 424
1271 133 397
1272 3034 524
1272 1883 246
1272 2238 746
1272 3474 45
1273 2301 602
1273 322 825
1273 47 463
1274 2771 114
1274 3955 320
1274 1122 79
1274 63 930
1274 1565 494
1275 13 530
1275 3890 667
1275 2767 436
1275 3142 536
1276 870 225
1276 241 677
1276 860 818
1276 1953 13
1277 1321 750
1277 1670 42
1278 3029 258
1278 1688 504
1279 808 342
1279 716 244
1279 1524 184
1279 58 143
1279 3652 451
1279 889 160
1279 3196 922
1280 1663 320
1280 1494 898
1280 1314 624
1280 2572 284
1281 3845 459
1281 2989 560
1281 1078 398
1281 1101 176
1281 3820 616
1281 722 886
1281 245 381
1282 2171 824
1282 3328 177
1283 2862 699
1283 602 122
1283 3916 294
1284 1496 247
1284 2122 982
1284 3337 621
1284 290 242
1284 1715 705
1285 3695 629
1285 2935 440
1285 1663 548
1285 379 152
1286 3509 805
1286 936 524
1287 3792 336
1287 779 299
1287 200 379
1287 2695 297
1288 1376 326
1288 476 63
1288 117 933
1289 2610 311
1289 600 399
1289 1420 342
1289 2061 707
1290 152 494
1290 565 909
1290 2351 964
1290 1434 667
1291 845 914
1291 1587 485
1291 1077 471
1292 3899 901
1293 2967 440
1293 1070 205
1293 194 240
1293 1617 154
1293 598 33
1294 1323 253
1294 3460 582
1294 2158 133
1294 1601 717
1294 1842 881
1294 1075 592
1295 496 327
1295 2424 311
1295 1696 999
1296 1196 751
1297 3553 531
1297 2580 348
1298 572 458
1298 1572 144
1298 1646 419
1298 1341 985
1298 3783 492
1298 3574 823
1299 751 933
1299 528 617
1300 2288 733
1301 3107 441
1301 2942 361
1301 907 679
1302 1401 244
1302 2573 708
1302 867 636
1303 3834 542
1303 1561 411
1303 444 816
1303 2164 93
1303 491 491
1303 251 988
1303 1192 454
1304 3837 444
1304 0 902
1304 2032 339
1304 1313 88
1304 3096 977
1304 3204 324
1304 2783 582
1305 3455 673
1305 412 51
1305 853 540
1305 497 665
1305 122 412
1306 1741 372
1306 2188 650
1306 2092 71
1306 1660 252
1306 3678 189
1307 1276 630
1307 2696 597
1307 1416 567
1307 3901 397
1307 1283 127
1307 1077 87
1307 3241 508
1308 3031 340
1308 1378 649
1308 3424 306
1309 1121 727
1309 2961 180
1310 1999 336
1310 2306 640
1310 2697 888
1311 3409 702
1311 989 221
1311 2621 276
1312 1835 645
1312 2016 769
1313 1953 964
1314 2047 122
1314 1138 96
1314 2574 219
1314 3220 251
1314 367 986
1314 3157 951
1314 1877 648
1314 2738 170
1314 2838 610
1315 3707 663
1316 2807 481
1316 696 425
1316 3874 772
1316 1499 435
1316 1210 920
1316 1953 816
1316 588 371
1317 32 579
1317 834 688
1317 1657 749
1317 3031 437
1317 727 805
1317 3758 347
1317 921 558
1317 1974 539
1318 1416 533
1318 3346 73
1318 1695 947
1318 3640 750
1318 2513 659
1318 361 844
1318 3732 620
1319 3586 63
1319 40 730
1319 191 119
1319 1728 236
1319 1699 445
1320 3454 415
1321 3849 181
1321 129 787
1321 3583 243
1322 3144 166
1322 1980 532
1323 17 31
1323 2713 761
1323 1207 499
1323 1255 869
1324 2307 356
1324 373 609
1324 1595 496
1325 2421 644
1326 3307 703
1327 1431 898
1327 1219 367
1327 3066 927
1327 2926 517
1327 1152 821
1328 3827 244
1328 1516 95
1328 2334 695
1328 358 182
1329 2574 281
1329 1449 147
1329 1757 980
1329 3091 538
1329 1821 225
1329 2050 102
1330 1612 234
1330 1804 805
1330 2245 162
1331 336 473
1331 112 882
1331 1440 662
1331 2314 934
1332 554 946
1332 2101 586
1332 3983 701
1332 3683 965
1332 1386 430
1332 3347 330
1332 44 474
1332 3814 839
1333 3014 739
1333 3413 441
1333 3884 157
1333 1642 573
1333 1973 22
1333 2671 377
1333 300 704
1334 3890 95
1334 1302 660
1334 1042 173
1334 1254 453
1334 2095 848
1335 398 29
1335 212 558
1335 3854 28
1335 1598 768
1335 1073 310
1335 1196 143
1335 3548 161
1336 1325 547
1336 231 351
1336 3027 665
1336 1792 264
1336 1222 213
1336 3685 639
1336 188 770
1337 1129 325
1337 490 687
1337 2989 630
1337 651 516
1338 1088 968
1338 172 297
1338 2931 983
1338 47 291
1338 2794 77
1339 295 847
1339 3302 78
1339 2831 651
1339 3046 267
1339 2389 248
1339 3920 191
1340 704 272
1340 1850 698
1341 1876 716
1341 1244 811
1341 3692 592
1342 3291 211
1342 2718 351
1342 2307 456
1342 3748 387
1342 1069 944
1342 2810 679
1343 2616 844
1343 3141 911
1343 735 283
1343 1990 820
1344 758 586
1344 3092 47
1345 512 482
1345 825 290
1345 3341 804
1345 2012 873
1345 3068 29
1346 14 492
1347 2197 258
1347 2312 382
1347 3242 69
1347 3250 656
1347 2959 971
1348 3687 760
1348 172 606
1348 485 802
1348 630 146
1349 883 786
1349 2205 532
1349 1144 496
1349 2419 528
1349 3593 407
1349 2314 389
1349 598 290
1349 81 978
1350 3706 461
1350 2826 193
1350 2682 685
1350 3726 817
1350 3412 352
1350 3464 836
1350 3968 351
1350 158 489
1350 40 89
1351 24 577
1351 1273 393
1351 2332 446
1352 2548 44
1352 3781 454
1352 3237 727
1353 1067 937
1354 2379 795
1354 1591 794
1354 3389 197
1354 698 752
1355 2504 355
1355 1173 714
1356 2366 514
1357 3018 591
1357 3570 250
1357 3400 516
1358 2066 943
1358 1551 121
1358 209 188
1358 1337 332
1359 3150 805
1359 2507 107
1359 618 332
1359 3677 707
1359 539 339
1359 2438 520
1360 1213 65
1360 888 198
1360 2369 413
1361 2123 113
1361 3381 742
1361 2855 104
1361 796 518
1361 677 465
1361 3858 669
1362 3032 814
1362 654 48
1362 2264 496
1363 1783 320
1364 3935 748
1364 3069 608
1364 2157 417
1364 34 148
1365 3859 683
1365 2302 858
1365 158 696
1366 806 1000
1366 1037 219
1366 2717 281
1367 1168 958
1367 817 648
1367 1056 8
1367 881 768
1368 1427 931
1368 3534 478
1368 396 321
1368 698 629
1368 872 677
1368 1073 312
1368 165 71
1369 1229 126
1369 3007 345
1369 3889 952
1369 2811 986
1370 1844 511
1370 764 662
1370 1998 522
1370 37 132
1370 256 437
1370 634 757
1370 2965 676
1370 1283 441
1371 2970 71
1371 3481 343
1371 927 645
1371 142 942
1372 3563 530
1372 3665 635
1372 3065 148
1372 1291 165
1373 3150 370
1373 458 180
1373 3921 706
1373 3715 843
1373 2668 945
1374 2444 115
1374 2460 399
1374 3707 827
1375 1990 637
1375 1838 495
1375 1735 383
1375 207 361
1376 2484 281
1376 3392 403
1377 2708 326
1377 1882 292
1377 3414 7
1378 99 749
1378 3747 525
1378 2614 803
1378 298 587
1378 3042 175
1379 6 204
1379 3958 784
1379 1202 45
1380 3054 375
1380 2773 637
1380 373 855
1380 2561 186
1380 1053 808
1380 3760 47
1381 2036 427
1381 3605 435
1381 1165 848
1382 2434 807
1382 186 372
1382 3867 223
1382 632 895
1383 329 619
1383 2030 543
1383 897 706
1383 1632 853
1384 3265 219
1384 2209 559
1384 2398 506
1384 2079 869
1384 824 382
1385 2823 879
1385 3971 365
1386 2897 331
1386 3467 995
1386 1700 305
1386 3044 647
1387 3957 628
1387 64 408
1388 954 842
1388 1839 169
1388 872 436
1389 356 84
1389 2089 476
1390 683 413
1390 347 531
1390 2753 639
1390 3370 526
1391 3775 294
1391 1246 979
1391 1360 469
1391 735 871
1391 359 467
1391 869 813
1391 2688 348
1391 70 32
1391 604 352
1392 1621 622
1392 202 226
1392 966 236
1392 3147 761
1392 3279 19
1392 1684 597
1392 725 218
1392 3974 992
1393 1232 963
1393 821 205
1393 3593 131
1395 2441 566
1395 236 18
1395 1252 132
1395 1259 950
1395 1272 700
1396 1844 110
1397 431 175
1397 710 750
1397 1154 495
1397 2123 152
1398 1098 966
1398 1105 820
1398 1995 644
1399 2274 474
1399 1219 308
1399 2078 512
1399 400 813
1399 608 147
1400 3357 624
1400 2401 204
1401 1604 372
1401 2879 380
1402 1447 912
1402 2258 683
1402 826 21
1402 315 828
1402 3979 694
1402 877 15
1402 3327 954
1403 3272 769
1403 563 636
1403 1991 688
1404 2222 868
1404 3122 18
1404 1744 856
1404 381 886
1405 2463 119
1405 1347 114
1405 952 355
1405 1209 751
1406 710 42
1406 2583 332
1406 646 991
1406 2322 760
1406 3411 166
1407 3846 136
1407 3430 215
1408 1878 448
1408 443 366
1408 2356 763
1408 2484 323
1408 1792 600
1409 3458 499
1409 3602 126
1409 3101 304
1409 3845 303
1410 2120 729
1410 2527 785
1410 982 539
1410 696 931
1410 2452 648
1410 2298 732
1411 3953 548
1411 2849 367
1412 405 989
1412 1343 858
1412 109 309
1412 3260 627
1412 1838 441
1412 3692 657
1413 1178 424
1413 2544 72
1413 1193 684
1413 2179 195
1413 2856 42
1413 177 143
1414 1259 995
1414 3141 64
1414 3797 614
1414 2561 595
1414 2659 490
1415 3114 574
1415 1347 565
1415 1729 160
1415 3188 648
1415 3939 554
1415 3841 934
1415 3995 322
1415 892 591
1416 3171 330
1416 3474 108
1416 3328 17
1417 3464 56
1417 3627 310
1418 2113 919
1418 953 989
1419 2638 927
1419 1176 596
1420 1898 977
1420 3629 339
1420 210 893
1421 896 419
1421 1618 387
1421 1940 523
1421 3979 541
1421 3172 147
1422 2485 435
1422 3050 75
1422 3523 9
1422 3006 772
1422 88 348
1423 998 101
1423 1199 793
1423 3762 344
1424 1965 492
1424 3036 291
1424 2176 505
1424 1935 563
1424 3770 459
1424 1373 428
1424 2547 231
1425 1631 980
1425 1543 428
1425 2416 917
1425 505 88
1426 2598 768
1426 1593 941
1426 1457 690
1426 254 663
1426 197 911
1427 14 889
1427 659 737
1427 476 701
1427 2664 783
1427 2346 53
1427 3257 431
1427 1813 422
1427 1217 697
1427 1910 213
1428 3917 959
1428 3162 68
1428 2001 622
1428 497 36
1428 1052 974
1428 2091 632
1429 695 776
1429 707 337
1429 3711 49
1429 2551 556
1430 2161 465
1431 302 495
1431 1667 743
1431 1529 661
1432 3756 424
1432 403 80
1432 3614 957
1433 632 329
1433 3195 906
1433 1588 234
1433 52 654
1433 1713 806
1434 2691 897
1434 2091 168
1434 3948 132
1434 3275 934
1435 1445 806
1435 642 552
1435 2089 269
1435 1612 999
1436 3478 340
1436 1995 857
1436 2925 123
1436 1841 849
1436 1381 191
1436 667 471
1437 1000 180
1437 1122 701
1437 2620 169
1438 2496 791
1438 439 167
1439 2430 512
1439 625 774
1439 1624 254
1440 2141 478
1440 2434 782
1440 1588 757
1440 3115 944
1440 3998 352
1440 837 718
1440 3550 642
1441 2833 646
1441 806 431
1441 3177 672
1442 2049 288
1442 987 499
1443 1380 845
1443 426 109
1443 1082 574
1443 2328 798
1444 459 546
1444 1580 883
1444 3305 668
1444 1158 493
1444 1350 250
1444 3775 239
1445 2825 660
1445 485 475
1446 3987 581
1447 2855 187
1447 3792 464
1447 547 315
1447 3338 233
1448 1900 47
1448 1544 422
1448 3084 991
1449 1287 307
1449 1 914
1449 3085 386
1449 3735 664
1449 1174 672
1449 3679 925
1450 225 503
1450 1012 654
1451 563 841
1451 3021 192
1451 2558 714
1452 3210 170
1453 3244 957
1453 613 175
1454 3726 792
1454 945 28
1455 2905 101
1455 1773 874
1455 302 374
1455 2864 33
1455 3236 246
1455 3398 76
1456 2726 169
1456 666 703
1456 1428 501
1456 1725 497
1457 3095 148
1457 2950 160
1457 1394 643
1457 393 447
1457 103 786
1457 2307 315
1458 2556 179
1459 3928 109
1459 2175 956
1459 1652 526
1459 1373 28
1459 3969 392
1459 1910 347
1460 3144 215
1460 2697 244
1460 2243 195
1460 2912 890
1461 1519 243
1461 1908 48
1461 3737 73
1461 2289 382
1461 568 553
1461 1048 735
1463 1979 715
1464 90 2
1464 1201 621
1464 1393 933
1464 89 964
1464 2055 828
1464 3480 274
1465 2926 430
1465 2388 870
1466 1461 762
1466 465 200
1466 467 197
1466 2220 173
1466 2765 63
1466 1081 981
1466 1885 413
1467 3087 421
1467 3538 446
1468 1067 125
1468 109 783
1468 3408 947
1468 772 881
1468 3619 623
1468 2456 40
1468 3205 61
1468 463 605
1468 802 451
1469 2738 258
1469 182 150
1469 2524 451
1469 984 861
1469 893 163
1469 3398 426
1469 2138 94
1469 695 978
1470 3174 864
1470 1655 524
1471 589 535
1471 3829 736
1471 3748 507
1471 3307 839
1472 2029 224
1472 3062 411
1472 1480 866
1472 3920 785
1472 1101 917
1472 1170 413
1473 1951 725
1473 160 963
1473 2102 324
1473 972 205
1473 1624 860
1474 605 714
1474 2622 51
1475 3067 166
1475 209 673
1475 1102 174
1475 1410 806
1476 1864 670
1476 3560 499
1477 2473 926
1477 1753 548
1477 338 229
1477 597 58
1478 1118 365
1478 3583 129
1478 3013 312
1479 616 167
1479 632 799
1480 3073 676
1480 409 200
1480 3388 5
1480 1213 676
1481 3414 369
1481 3732 320
1481 2269 707
1482 3315 265
1482 1005 408
1482 1400 153
1483 1828 497
1483 741 505
1483 3861 908
1484 2410 105
1484 2308 723
1484 2554 392
1484 66 586
1485 1330 607
1485 1636 860
1485 1314 318
1486 554 33
1486 1421 832
1486 2435 931
1486 2058 982
1486 2533 487
1486 3560 791
1486 3247 411
1486 2468 989
1487 197 893
1487 1779 966
1487 1382 946
1488 1126 308
1488 2553 869
1488 1158 950
1488 1070 87
1489 2525 332
1489 573 601
1489 2235 387
1489 3052 569
1489 1523 419
1489 3734 629
1489 1448 566
1490 3269 734
1490 1951 932
1490 2263 704
1490 45 549
1490 440 407
1490 747 14
1491 545 243
1491 1462 292
1491 2782 715
1491 3645 151
1491 1285 892
1491 3214 186
1492 440 988
1492 3458 349
1492 3769 104
1493 3103 934
1493 2507 177
1493 1009 625
1494 3649 441
1494 1513 52
1494 2728 313
1494 2683 463
1494 885 733
1494 2952 133
1494 1811 384
1494 3786 810
1494 2559 506
1494 3579 90
1495 708 138
1495 3225 608
1495 1809 475
1496 2080 543
1496 1352 167
1496 3979 147
1496 2000 764
1496 3737 339
1497 3066 209
1497 3561 135
1497 2759 566
1497 3532 371
1497 3337 157
1497 63 737
1497 2380 476
1497 2221 262
1498 1312 283
1498 1818 765
1498 2297 336
1498 2612 140
1498 2357 251
1499 3188 223
1499 3436 624
1499 3190 253
1500 2778 750
1500 2400 726
1500 192 402
1501 1236 354
1501 77 140
1501 3883 568
1502 3450 692
1503 1923 816
1503 1618 133
1503 1593 731
1503 2041 19
1503 220 884
1503 3757 773
1504 3193 128
1504 512 305
1504 1910 433
1504 3991 354
1504 1971 473
1504 2232 184
1506 628 528
1506 2953 617
1506 312 330
1506 2753 846
1506 1078 293
1507 1344 107
1507 3897 210
1508 2172 220
1508 3463 87
1508 760 708
1508 2873 238
1508 3608 204
1509 2927 661
1509 3364 73
1509 227 447
1509 1341 16
1509 2342 270
1510 2394 353
1510 240 541
1510 1656 347
1510 3881 420
1510 3341 295
1511 311 995
1511 601 316
1512 3788 988
1513 41 763
1513 1541 747
1513 1020 838
1513 2161 200
1513 2147 567
1513 652 497
1514 1118 693
1514 1657 86
1514 3635 30
1514 3363 694
1514 3557 931
1514 2562 909
1514 3203 973
1515 1704 200
1515 468 581
1515 1846 400
1515 1698 42
1515 2453 289
1516 3796 915
1516 2245 61
1516 1793 974
1516 2062 531
1517 2898 781
1517 511 349
1518 1171 157
1518 1664 740
1518 873 10
1519 2554 134
1519 1086 959
1519 48 599
1519 2327 593
1519 2359 247
1519 2001 199
1520 2187 360
1521 93 692
1521 48 869
1521 2445 683
1521 703 291
1522 3926 64
1522 3808 792
1522 2882 515
1523 2674 355
1523 2943 701
1523 3554 401
1523 868 764
1523 1827 323
1523 3297 24
1523 1616 492
1524 616 259
1524 1449 819
1524 3746 167
1524 2566 928
1525 1391 331
1525 687 734
1525 3304 930
1525 1585 696
1526 2322 973
1526 2800 176
1527 3959 239
1527 721 700
1528 2792 899
1528 3421 170
1528 1658 537
1528 835 137
1528 2345 309
1528 362 340
1528 3669 499
1529 862 394
1529 731 247
1530 445 942
1530 827 11
1531 40 809
1531 1851 762
1532 1140 152
1532 3444 102
1532 285 441
1532 1438 321
1532 2166 339
1533 3532 554
1533 3074 134
1533 1511 955
1533 2458 421
1533 3049 408
1534 2555 69
1534 2496 147
1535 94 473
1535 3326 596
1535 2392 179
1536 1561 586
1536 3420 103
1536 2225 722
1537 3446 853
1537 1236 94
1537 1263 509
1537 2027 362
1537 2039 630
1537 2749 13
1538 1154 108
1538 1258 106
1538 1837 335
1538 2677 879
1539 3109 211
1539 3587 367
1540 714 113
1540 515 975
1540 354 243
1540 2555 382
1540 1638 928
1541 3726 358
1541 1996 150
1541 3294 346
1541 3307 587
1541 3195 858
1542 3078 344
1542 1771 296
1542 1321 159
1542 2410 6
1543 3170 984
1544 1423 742
1545 3845 536
1545 3234 469
1545 3106 527
1545 499 1000
1545 1240 290
1545 2833 388
1546 1642 528
1546 207 466
1546 464 293
1547 1860 753
1547 2865 45
1547 2197 625
1548 2318 57
1548 3731 941
1548 2994 644
1549 1640 626
1549 3650 948
1549 721 529
1549 273 591
1549 3916 594
1549 139 664
1549 3174 740
1549 2387 718
1550 994 834
1550 3809 150
1551 511 846
1551 3229 914
1552 1865 458
1552 1146 607
1552 3451 515
1552 901 287
1553 254 588
1553 1650 159
1553 844 501
1553 96 984
1554 2059 631
1554 1065 159
1554 657 787
1555 3811 690
1555 1010 307
1555 1772 302
1555 2272 640
1555 191 174
1555 260 585
1555 3636 729
1555 2923 878
1555 3971 564
1556 2937 953
1556 1709 530
1556 2892 756
1557 444 805
1557 1087 593
1557 1507 647
1557 1376 670
1557 3481 633
1557 1955 717
1557 2833 241
1557 1266 765
1557 1304 167
1558 340 16
1558 2356 519
1558 1054 390
1558 2393 199
1558 1965 517
1558 2240 309
1558 1489 778
1559 1639 553
1560 2537 820
1560 2734 696
1560 1128 262
1560 174 544
1560 2707 86
1560 3757 844
1561 1251 338
1561 2796 47
1561 1908 853
1562 1925 77
1562 2855 821
1563 1619 245
1563 1492 755
1563 2163 64
1564 1804 279
1564 2228 783
1564 875 31
1565 21 178
1565 1417 760
1566 3125 711
1566 1325 958
1566 362 192
1567 2727 44
1567 2515 787
1567 2272 12
1567 748 217
1568 543 70
1568 1208 435
1568 1146 724
1568 3834 823
1568 1542 331
1569 3420 741
1569 2572 25
1569 2269 544
1570 1175 795
1571 3748 956
1571 2764 991
1571 1180 500
1571 782 702
1571 2260 773
1572 2542 365
1572 1355 850
1572 3466 299
1573 131 846
1573 3090 118
1573 885 651
1573 2619 159
1573 1975 359
1573 497 137
1574 121 308
1574 2570 386
1574 1522 550
1574 1873 400
1575 1261 774
1575 2193 373
1575 2748 678
1575 144 211
1576 823 947
1576 227 163
1576 3025 840
1576 2616 410
1577 2019 699
1577 978 836
1577 2744 136
1577 257 713
1578 1133 460
1578 2038 315
1578 1037 481
1578 1608 731
1579 2047 519
1579 1045 790
1580 2029 902
1580 1602 10
1580 3555 106
1580 3560 702
1580 388 877
1581 3368 885
1582 3723 588
1582 3941 812
1582 703 416
1582 334 487
1584 2705 583
1585 1273 922
1585 3524 264
1585 92 825
1585 2868 591
1585 1244 41
1586 1890 939
1587 2810 991
1587 2438 435
1587 164 860
1587 3457 908
1588 1983 104
1588 955 646
1588 638 241
1588 2530 277
1589 2313 964
1589 3587 562
1589 3459 373
1589 1956 283
1589 2343 51
1590 64 948
1590 2094 701
1590 2649 442
1590 1453 294
1590 109 745
1591 2629 366
1592 1038 507
1592 2381 738
1592 218 812
1593 3063 822
1593 108 27
1593 3228 841
1593 2642 992
1593 3712 383
1594 2471 580
1594 294 27
1594 2460 479
1594 337 636
1594 1230 13
1594 864 656
1594 202 482
1594 474 832
1595 1666 284
1596 1126 401
1596 638 626
1596 1695 654
1596 1875 187
1596 1921 523
1596 737 825
1596 3431 785
1597 463 667
1597 3555 746
1597 3821 3
1598 3969 993
1598 3789 783
1599 688 210
1599 2883 415
1599 1910 785
1599 3984 713
1599 919 230
1600 3987 807
1601 2812 401
1601 1817 912
1602 199 707
1602 1799 69
1602 2108 940
1602 251 288
1603 758 833
1603 2343 332
1603 906 18
1603 950 718
1604 3506 940
1604 3500 258
1605 2671 824
1606 2559 625
1606 1258 637
1607 3540 644
1607 775 98
1607 3149 630
1607 3570 731
1607 3437 617
1608 3635 821
1608 2461 807
1608 2868 829
1608 1084 258
1608 3204 241
1608 1477 903
1608 2486 90
1608 1148 864
1609 2982 26
1609 1711 288
1609 1013 307
1609 1263 24
1611 3170 646
1611 701 496
1611 634 683
1611 3227 112
1612 2214 997
1612 1011 42
1613 834 243
1613 3385 471
1613 983 618
1614 3321 658
1614 2704 157
1615 2559 807
1615 2895 684
1615 1422 200
1616 3463 908
1617 2499 231
1617 3925 495
1617 2319 490
1618 1324 934
1618 3219 66
1618 170 493
1619 2192 982
1619 2373 592
1619 2648 26
1619 2275 513
1619 911 465
1619 2934 594
1619 1983 772
1620 3600 710
1620 3844 636
1620 3181 97
1621 3264 969
1621 2370 674
1622 3483 228
1622 3400 335
1622 3904 436
1622 679 120
1622 1741 87
1622 1725 331
1622 3888 81
1622 2575 834
1623 824 40
1623 833 246
1623 3055 213
1623 3487 837
1623 3051 904
1623 2109 952
1623 2373 225
1623 57 231
1623 1163 832
1623 624 565
1624 1214 897
1624 3301 330
1624 1187 233
1624 3053 22
1624 3716 197
1625 2112 390
1625 1159 464
1625 2034 591
1626 726 518
1626 1127 63
1626 3854 782
1626 3422 192
1626 997 615
1626 2564 148
1627 1436 361
1627 263 687
1627 441 141
1627 1543 238
1627 1622 495
1628 570 320
1628 1286 59
1628 3913 508
1629 1658 912
1629 3318 549
1629 1219 366
1629 3072 313
1630 3695 772
1630 1047 315
1631 1646 434
1631 895 867
1632 3891 409
1632 1397 178
1632 910 38
1632 2697 781
1632 2391 981
1632 2591 763
1632 3055 383
1632 2165 807
1632 862 849
1633 2098 583
1633 3582 183
1633 3475 775
1634 2157 827
1634 729 260
1635 3965 477
1635 1573 46
1635 929 187
1636 3651 155
1636 3448 284
1636 2504 888
1636 3623 109
1637 2337 466
1637 442 232
1637 3296 618
1637 3547 684
1637 3773 87
1637 112 688
1638 3580 26
1638 836 904
1638 1322 182
1638 900 888
1640 1662 532
1641 950 505
1641 1224 65
1641 3478 921
1641 1110 479
1641 1801 531
1642 1 943
1642 2632 119
1642 3807 504
1642 3932 895
1642 2398 515
1643 3255 514
1643 126 906
1643 3385 711
1643 3709 948
1643 3959 350
1643 3668 165
1644 3193 235
1644 2665 352
1644 2970 859
1645 17 922
1645 163 684
1645 263 918
1645 1383 407
1646 967 891
1646 1399 477
1646 2823 536
1646 3887 912
1646 1819 219
1646 1023 906
1647 3349 790
1647 1616 736
1647 2278 233
1647 3728 352
1647 1871 29
1648 1784 20
1648 2981 941
1648 2908 614
1648 1908 692
1649 2505 942
1649 991 169
1649 3905 65
1649 2667 889
1649 3914 710
1649 1230 446
1650 3509 596
1650 999 354
1651 1143 697
1651 1147 344
1652 2012 197
1652 1594 584
1652 978 327
1652 1958 856
1653 3223 857
1653 3644 771
1653 3367 701
1653 2321 559
1653 2990 492
1653 162 637
1653 217 728
1653 3667 377
1654 1594 374
1654 2059 634
1654 3752 203
1654 2814 648
1655 2145 980
1656 1067 681
1656 583 229
1656 279 920
1656 931 240
1657 2646 33
1657 2859 434
1657 2789 148
1657 3371 853
1657 431 282
1657 3282 563
1657 51 331
1658 1453 501
1658 667 10
1658 3632 970
1659 82 686
1659 360 455
1659 3967 916
1659 2617 558
1660 501 217
1661 1067 881
1662 2889 437
1662 1332 875
1662 3722 822
1662 2759 914
1662 1008 164
1663 1808 889
1663 2076 162
1663 2671 288
1663 1422 803
1664 2003 504
1664 681 889
1665 1638 798
1665 2106 866
1665 380 525
1665 3090 537
1666 1416 303
1666 67 682
1666 202 290
1667 3738 765
1667 895 839
1667 780 829
1667 2638 361
1667 2193 728
1667 1468 915
1667 3834 502
1668 1320 224
1668 2579 814
1668 3112 995
1668 1418 665
1668 3304 261
1668 3431 594
1668 796 576
1669 1337 797
1669 1304 915
1669 2972 413
1669 446 677
1670 1975 213
1670 3764 533
1670 33 491
1670 3987 187
1671 772 160
1671 387 280
1671 636 127
1671 2613 956
1671 1645 182
1671 2409 176
1671 3745 640
1672 547 850
1673 2910 311
1673 3476 306
1673 2969 552
1673 2748 383
1673 3905 163
1674 1831 584
1674 2403 864
1674 90 446
1674 1297 987
1674 2755 26
1674 253 92
1674 528 528
1674 3510 390
1674 675 14
1675 3228 670
1675 233 420
1675 2514 441
1675 584 365
1675 2152 795
1676 2558 952
1676 1444 133
1676 1569 329
1678 1486 142
1678 3655 817
1679 2644 153
1679 2839 206
1679 1570 323
1679 3254 223
1679 2141 624
1680 37 919
1680 813 197
1680 2811 452
1680 3444 92
1681 1114 668
1681 3750 387
1681 2512 178
1681 1394 283
1681 3326 932
1682 1949 590
1682 3695 733
1682 580 486
1682 1483 158
1682 478 680
1682 58 672
1683 1620 652
1683 1884 538
1684 3089 535
1684 3635 801
1684 1646 289
1684 2222 36
1685 3986 229
1685 553 564
1686 2540 807
1686 668 110
1686 2445 445
1686 1360 560
1686 1012 562
1687 752 701
1687 1810 926
1687 1986 651
1687 3811 935
1688 984 267
1688 1308 342
1689 2114 487
1689 2546 809
1689 3384 642
1690 1055 625
1690 1181 987
1690 609 354
1691 2513 760
1691 1389 991
1692 1605 253
1692 2109 105
1692 1854 323
1692 1070 491
1693 1435 707
1693 489 310
1693 113 126
1693 2386 622
1694 1310 680
1694 595 295
1694 2522 41
1694 886 533
1694 848 970
1694 1668 353
1695 81 656
1695 2647 781
1695 1051 667
1695 3383 961
1695 3661 903
1696 3285 679
1696 2295 463
1696 1860 428
1697 3547 711
1697 2670 315
1697 736 989
1698 341 424
1698 946 343
1698 1940 73
1698 2936 584
1698 979 713
1698 3331 692
1698 3686 15
1699 1627 361
1699 3849 993
1699 3742 270
1699 559 755
1699 928 830
1700 1996 241
1700 3062 209
1701 1895 599
1701 2819 414
1701 157 614
1701 2367 192
1701 3123 68
1702 2229 414
1702 2724 201
1703 3792 790
1703 1271 932
1703 2496 879
1704 2859 342
1704 97 828
1704 0 179
1704 555 789
1704 423 723
1705 1501 1000
1705 44 259
1705 1809 236
1706 1381 414
1706 3501 447
1706 564 882
1706 3833 911
1706 1292 351
1706 2572 991
1707 3432 357
1707 2223 856
1709 712 981
1709 1136 841
1709 2365 727
1710 2383 126
1710 3513 567
1710 3542 142
1710 297 276
1711 170 889
1711 617 691
1711 2272 156
1711 3785 636
1711 293 434
1711 2971 274
1712 3422 469
1712 378 864
1712 1314 965
1712 2314 482
1713 1674 75
1714 2152 559
1714 1767 435
1714 3109 312
1715 2583 960
1715 1492 69
1715 2751 152
1715 1221 340
1715 2660 300
1716 1947 645
1717 2703 679
1717 598 857
1718 799 742
1718 1348 987
1719 3321 466
1719 3609 611
1719 197 799
1719 782 875
1720 3046 872
1720 3519 480
1720 3856 542
1720 743 7
1720 546 276
1720 998 410
1721 584 701
1721 1115 208
1721 3432 786
1721 678 101
1722 1568 391
1722 3490 844
1722 408 873
1722 2780 320
1722 261 977
1722 1821 785
1723 3031 139
1723 1261 332
1723 3528 929
1723 207 985
1723 2889 504
1723 957 332
1723 3426 994
1723 82 677
1724 1697 785
1724 3036 17
1724 2924 965
1724 741 926
1725 309 710
1725 1183 516
1726 1702 744
1726 692 573
1726 2248 177
1726 1930 487
1726 3433 226
1726 2472 69
1727 2765 926
1727 501 663
1728 1633 389
1728 1582 321
1728 3120 701
1728 1567 565
1728 881 476
1729 2772 728
1729 403 402
1729 3237 116
1729 763 926
1730 3204 43
1730 2077 961
1730 2794 610
1731 53 33
1732 1624 445
1732 149 656
1732 3614 133
1732 3763 750
1732 1636 906
1732 596 90
1733 1557 595
1733 1681 794
1733 2714 981
1733 1837 531
1733 2638 177
1734 3817 325
1734 12 431
1734 61 423
1735 3907 226
1735 2383 195
1735 3851 772
1735 1750 343
1735 2387 654
1735 1969 531
1736 1316 553
1737 2844 211
1737 2416 282
1737 2982 81
1738 1390 699
1738 3104 210
1738 440 221
1739 3236 653
1739 468 533
1739 3286 520
1739 2947 422
1739 2399 440
1739 2456 603
1741 2860 896
1741 2367 294
1742 2167 517
1742 990 178
1742 2508 749
1743 1467 149
1743 440 537
1743 2804 501
1743 1165 948
1743 3907 118
1743 3823 468
1743 886 547
1744 1070 257
1744 283 949
1745 1248 655
1745 633 670
1745 3180 351
1746 1314 602
1746 743 518
1746 3770 583
1746 1990 499
1747 2157 304
1747 1724 847
1747 830 794
1748 2232 958
1748 163 413
1748 52 27
1749 2557 691
1749 325 673
1750 3171 236
1750 1478 619
1750 958 951
1751 1380 857
1751 595 391
1751 198 672
1751 3956 631
1751 2716 252
1751 1915 294
1752 339 471
1752 1969 961
1752 1522 132
1752 900 187
1752 760 537
1753 1424 40
1753 549 588
1753 77 860
1753 537 633
1753 3082 611
1753 3066 47
1753 101 477
1754 1354 432
1754 1074 287
1754 1880 199
1754 840 543
1755 3115 468
1755 2273 27
1755 1430 429
1755 3596 54
1756 873 887
1756 2042 732
1756 1985 147
1756 1767 293
1756 706 272
1756 1761 225
1756 3155 952
1757 2330 785
1757 258 296
1758 3855 984
1758 555 700
1758 162 524
1758 3976 756
1758 121 498
1759 449 511
1759 1322 447
1759 1221 474
1759 1216 964
1759 2898 792
1760 163 393
1760 686 283
1760 3557 671
1760 1770 813
1760 1828 343
1760 1928 85
1760 3674 981
1761 1343 648
1761 917 949
1761 2880 879
1761 1270 960
1762 2776 661
1762 164 517
1762 3122 943
1762 1330 942
1763 2964 104
1763 160 724
1763 845 360
1763 217 626
1763 1446 149
1763 1455 14
1763 2682 423
1765 2075 837
1765 553 493
1766 1564 806
1767 3211 86
1767 1874 739
1768 1267 193
1768 2825 757
1768 703 878
1768 3108 951
1768 2776 130
1768 545 725
1768 1896 265
1769 329 477
1769 1163 869
1769 2998 253
1769 2971 702
1769 1412 262
1770 1477 384
1770 1926 985
1770 2375 359
1772 1771 808
1772 1372 948
1772 1567 229
1773 186 173
1773 2600 222
1773 3698 492
1773 3656 9
1773 470 432
1774 2240 417
1774 997 633
1774 2721 819
1774 843 809
1774 2170 281
1775 1826 899
1775 39 827
1775 1130 549
1775 1020 494
1775 393 179
1775 2462 549
1776 1144 790
1776 388 92
1776 668 811
1777 3394 981
1777 365 921
1777 3144 129
1777 2097 900
1777 741 170
1777 3654 309
1778 2859 336
1778 234 634
1778 3644 736
1778 498 532
1778 1557 405
1778 3587 895
1778 3985 971
1779 3458 727
1779 2810 508
1779 1031 620
1780 2006 74
1780 2137 786
1780 3134 989
1780 1141 534
1780 3968 522
1780 2252 767
1780 3843 925
1781 3570 517
1781 2116 669
1781 1574 675
1781 239 677
1781 2214 633
1781 2358 482
1781 2169 263
1781 1503 273
1782 2603 819
1782 1789 696
1782 247 212
1782 1513 689
1782 3065 455
1782 1164 137
1782 566 790
1783 2730 341
1783 3050 535
1783 2008 428
1783 1544 127
1783 495 608
1784 623 689
1784 1487 937
1784 2144 6
1784 3474 337
1785 3387 679
1785 2286 562
1785 3445 849
1785 3831 241
1785 3577 612
1786 592 666
1786 1700 324
1786 866 913
1786 2215 217
1786 2694 45
1786 1596 797
1786 2406 919
1787 3277 911
1787 3503 736
1787 437 621
1787 1540 419
1787 540 2
1787 382 866
1788 3008 531
1788 985 684
1788 1955 639
1788 1849 120
1789 3577 572
1790 3650 680
1790 1187 482
1790 998 683
1790 1051 987
1791 2589 292
1791 3973 951
1791 1557 311
1792 3436 325
1792 325 867
1792 3897 636
1792 674 827
1792 245 261
1792 1686 337
1793 3377 323
1793 2862 188
1793 2434 18
1794 159 864
1794 1649 110
1794 647 212
1794 2072 529
1794 383 898
1794 2335 997
1795 3826 62
1795 2052 122
1795 2591 556
1796 51 335
1796 3976 198
1796 1264 344
1796 2928 243
1797 3445 896
1797 112 150
1797 1449 724
1797 378 425
1797 2901 791
1798 3589 567
1798 55 692
1799 1685 922
1799 1574 716
1799 1275 533
1799 3192 830
1799 1334 327
1799 1580 574
1800 3481 354
1801 1051 169
1801 2293 676
1801 2143 322
1801 63 424
1801 334 236
1802 531 372
1802 3950 600
1802 2478 698
1802 2875 383
1802 388 981
1802 2486 378
1802 3386 843
1803 3810 694
1803 2448 852
1803 1083 435
1803 3009 265
1803 1651 827
1804 3335 401
1804 2669 677
1804 1554 180
1805 329 848
1805 3351 257
1805 76 899
1806 410 677
1806 1383 740
1806 2454 252
1806 2061 127
1807 2069 858
1807 1032 967
1807 2711 351
1807 3753 514
1808 3409 226
1809 618 511
1809 3150 158
1809 1768 851
1809 1779 129
1809 3589 748
1809 1184 774
1809 1675 63
1809 2039 879
1810 2411 901
1810 2090 37
1810 2827 320
1810 3773 459
1811 3371 778
1811 1881 464
1811 2993 227
1812 2484 573
1812 2227 567
1812 3003 253
1812 1209 903
1812 1880 711
1812 1095 232
1812 1627 606
1813 3358 890
1813 1540 653
1814 2719 883
1814 1645 633
1814 135 456
1814 147 328
1814 2310 797
1814 0 598
1815 3713 886
1816 3029 372
1817 1585 808
1817 757 186
1817 932 788
1817 2341 887
1818 2532 787
1818 2766 198
1818 3004 429
1818 1189 823
1819 1500 747
1819 3052 922
1819 1838 107
1819 1847 103
1820 1034 775
1821 2642 852
1821 2381 554
1821 493 151
1821 2469 631
1821 1485 699
1821 2791 539
1821 2136 891
1821 394 865
1822 3137 428
1822 1231 585
1822 220 836
1822 1043 412
1823 3753 853
1823 413 558
1823 2913 738
1823 2120 300
1823 584 809
1824 1379 411
1824 2556 463
1824 2352 819
1824 1701 747
1824 1302 809
1824 121 675
1824 3275 503
1825 2916 185
1825 2930 209
1825 1832 737
1825 2599 462
1825 366 584
1825 2582 779
1825 2396 467
1826 2598 621
1826 853 843
1826 832 557
1827 893 985
1827 619 752
1827 35 390
1827 1684 37
1828 3138 9
1828 2429 43
1828 929 67
1829 3573 164
1830 333 115
1830 867 52
1830 2933 988
1830 3511 938
1830 2313 633
1830 195 936
1831 1526 819
1832 3898 441
1832 206 40
1832 2677 77
1833 3947 933
1833 1325 769
1833 2437 900
1834 1333 629
1834 3704 589
1834 3374 714
1834 740 993
1834 3153 531
1835 1812 656
1835 2319 197
1835 734 16
1836 3753 996
1837 700 681
1837 2403 965
1837 2161 964
1837 2206 595
1838 1390 288
1838 2873 332
1838 2887 154
1838 2390 329
1838 918 635
1839 2873 980
1839 3986 328
1839 400 724
1840 2090 624
1840 2447 83
1840 3110 266
1840 3357 435
1840 2006 420
1840 976 883
1841 3860 660
1841 1353 179
1842 2377 956
1842 175 654
1842 556 161
1842 1844 127
1842 1507 591
1842 154 182
1842 697 744
1843 2325 47
1843 3397 900
1843 3945 267
1843 2999 117
1845 3440 239
1845 3117 960
1845 3426 824
1845 2654 418
1845 3134 952
1845 1904 532
1845 1071 564
1845 2258 30
1846 3412 272
1847 680 567
1847 1893 181
1847 2980 885
1847 3579 340
1848 3108 954
1848 3113 641
1848 131 766
1848 1558 899
1849 3931 952
1849 3616 19
1849 2084 859
1849 2813 955
1850 3162 187
1850 1224 529
1850 299 89
1851 1023 503
1851 1164 145
1852 1437 882
1852 3317 965
1852 1040 922
1852 749 782
1852 2156 523
1853 2662 438
1853 3486 498
1853 261 74
1854 153 302
1854 2757 505
1855 2888 247
1855 1825 209
1855 1705 387
1855 3477 450
1856 345 329
1856 2272 792
1856 2080 642
1856 3242 951
1856 648 184
1857 2682 165
1857 3316 77
1857 740 180
1857 3747 952
1857 156 31
1857 1303 625
1858 2389 966
1858 2897 66
1858 3250 848
1858 1491 278
1859 930 648
1859 3825 84
1859 675 671
1859 2200 108
1859 1057 367
1860 3438 702
1860 1513 367
1860 2841 661
1860 2575 296
1860 3063 737
1860 2345 643
1861 1210 919
1861 2949 135
1861 2901 786
1862 3029 122
1862 1807 865
1862 1825 595
1862 970 506
1862 3473 907
1862 2615 249
1863 298 606
1863 218 135
1863 2921 961
1863 3645 679
1863 223 316
1864 2759 534
1864 908 92
1865 1801 531
1865 2513 648
1865 2393 389
1865 757 299
1865 465 923
1866 630 995
1866 1225 337
1866 29 865
1866 1970 796
1866 8 576
1867 3538 143
1867 3606 591
1867 1087 405
1867 3663 728
1867 1176 402
1868 2745 407
1868 3223 886
1869 1551 673
1869 975 191
1869 3595 59
1869 838 668
1869 1727 162
1869 905 594
1869 790 18
1869 1122 476
1870 929 56
1870 108 684
1871 1995 682
1871 697 498
1871 3728 805
1871 3408 120
1872 437 214
1872 3458 803
1872 2184 855
1873 2902 411
1873 3330 433
1873 3737 730
1873 2405 278
1874 2303 469
1874 1517 724
1874 3386 196
1875 2166 654
1875 356 724
1876 2013 755
1876 1072 830
1876 3165 901
1876 3785 56
1877 132 754
1877 2982 995
1877 1545 897
1878 466 912
1878 508 270
1879 3614 167
1879 1662 738
1879 1183 777
1880 3557 964
1880 551 362
1880 2273 676
1881 2952 430
1881 281 981
1881 1576 131
1881 2299 325
1882 3285 973
1882 1011 923
1883 2368 188
1883 798 206
1883 3897 752
1884 1938 964
1884 1438 174
1884 3459 892
1884 2317 149
1884 3496 830
1884 1830 537
1885 779 69
1885 3763 144
1887 3271 499
1887 3384 278
1887 2357 371
1887 1721 915
1887 1683 641
1888 162 26
1888 3283 95
1888 2128 754
1888 2201 842
1888 479 751
1888 957 106
1889 2477 970
1889 3251 310
1889 844 908
1889 967 174
1889 1143 388
1889 3958 670
1889 3442 383
1889 501 250
1889 1758 315
1890 122 647
1890 2639 561
1890 3624 871
1890 202 899
1891 638 193
1891 2163 763
1891 3243 769
1891 766 338
1892 2971 562
1892 2567 858
1892 872 298
1892 1139 737
1893 1457 731
1893 1580 19
1893 1776 22
1893 2995 905
1894 828 306
1894 3742 518
1894 2927 202
1894 2825 3
1895 815 718
1896 1810 645
1896 1829 342
1896 2661 422
1896 1397 860
1896 2438 834
1896 3208 379
1897 1269 292
1897 1 289
1897 990 16
1898 1915 385
1898 3013 289
1899 1790 404
1899 3070 209
1899 457 849
1899 2640 642
1899 1816 394
1900 868 87
1900 1945 797
1900 74 260
1900 508 311
1900 2917 458
1901 258 738
1901 2180 409
1901 1279 420
1902 1384 286
1902 357 678
1902 1446 215
1902 475 317
1903 2366 848
1903 2938 621
1903 3347 300
1903 3671 849
1904 2126 318
1904 2015 467
1904 2002 447
1904 2763 928
1905 3994 14
1906 2265 964
1906 1656 48
1906 2955 118
1907 212 784
1907 2853 11
1907 3186 302
1907 3878 652
1907 3989 32
1908 3131 794
1908 3063 547
1908 2402 999
1910 3889 405
1910 754 775
1910 3246 993
1910 1374 997
1910 2368 233
1910 221 182
1911 3157 815
1911 2105 82
1912 2669 544
1912 2958 911
1912 2283 434
1912 2810 146
1912 3042 408
1912 2554 904
1912 3031 317
1913 3030 443
1913 24 44
1913 3627 566
1913 1960 722
1913 2986 231
1913 1956 859
1914 1810 513
1914 850 183
1914 628 741
1914 2061 361
1915 2691 393
1915 3346 43
1915 1337 738
1916 585 947
1917 1225 430
1917 2379 61
1917 1328 990
1917 1066 94
1917 3100 62
1918 51 289
1918 1525 572
1919 3658 324
1919 1965 82
1919 2388 868
1919 396 428
1919 422 866
1920 1306 881
1922 446 14
1922 2651 259
1922 2813 643
1922 1124 905
1922 3598 807
1922 88 998
1922 306 365
1923 874 721
1923 3069 341
1923 731 945
1923 1419 917
1923 23 169
1924 2423 919
1924 2455 271
1925 1475 991
1925 1638 256
1925 3219 834
1925 2376 885
1925 1856 573
1925 1712 411
1926 3954 502
1926 279 752
1926 2999 454
1926 2865 829
1926 1496 209
1926 2460 387
1926 3036 52
1927 839 299
1927 24 517
1927 19 498
1927 3717 619
1928 2060 739
1929 2834 190
1929 374 315
1929 3955 902
1929 2062 599
1929 2204 426
1929 2373 822
1930 3871 553
1930 2427 158
1930 3037 694
1930 2788 22
1931 1619 516
1931 3115 627
1931 376 485
1931 239 572
1931 426 116
1931 1041 435
1931 3966 34
1932 708 945
1932 3914 909
1932 1876 926
1932 575 947
1933 3469 360
1933 1581 368
1933 1162 236
1934 1087 147
1934 1926 882
1934 783 507
1934 338 667
1935 376 792
1935 3319 106
1935 594 540
1936 3284 638
1936 1311 482
1937 1946 486
1937 445 133
1937 3725 11
1938 99 424
1938 1831 901
1938 691 838
1939 2590 350
1939 1854 662
1940 1217 922
1940 2516 530
1941 49 736
1942 27 978
1942 3315 188
1942 2904 132
1942 663 969
1942 3374 594
1942 3942 800
1942 185 24
1943 2193 640
1943 132 459
1943 0 208
1943 2228 243
1944 516 2
1944 1211 119
1944 2358 567
1945 2720 734
1945 3386 277
1945 3599 447
1945 228 420
1946 255 699
1946 3116 322
1946 3818 409
1946 2779 405
1946 1916 759
1946 3720 766
1946 3615 499
1947 3014 159
1947 3978 22
1948 3192 5
1948 718 791
1948 1240 922
1948 2613 1
1948 1650 717
1948 1192 8
1949 995 175
1949 2671 836
1949 2398 696
1949 1327 190
1950 3605 147
1950 1676 239
1950 3255 400
1950 1103 64
1950 796 505
1950 1488 600
1951 2450 116
1951 3271 225
1951 3510 237
1951 1418 350
1951 2662 929
1951 1541 689
1952 1534 382
1952 304 228
1952 1966 164
1952 2126 479
1952 3827 217
1952 2258 99
1952 1048 760
1952 2934 363
1952 593 326
1953 627 929
1953 698 661
1953 3108 458
1954 2848 551
1954 1723 619
1955 1476 732
1955 3504 791
1955 867 443
1955 832 331
1955 1344 703
1956 2861 377
1957 2404 885
1957 3287 960
1957 2156 55
1958 2981 815
1958 906 90
1958 623 756
1958 1968 563
1958 3078 460
1958 890 953
1958 208 449
1958 2729 531
1958 2064 873
1958 190 616
1959 1640 544
1959 3974 562
1959 2676 270
1959 1334 265
1959 2680 143
1960 118 247
1960 354 752
1960 1706 654
1960 434 224
1961 3675 622
1961 437 188
1961 3393 534
1961 1536 734
1962 667 682
1962 1448 117
1962 785 460
1962 3364 950
1963 2986 706
1964 773 679
1964 1930 1000
1964 2471 422
1964 3541 97
1965 2263 355
1965 3940 197
1965 3661 110
1965 903 6
1966 862 324
1966 546 718
1966 931 215
1966 1796 642
1966 61 171
1966 3743 478
1967 1687 487
1967 510 201
1968 2167 74
1968 613 848
1969 2948 553
1969 3618 17
1970 1818 842
1970 3577 563
1970 3054 952
1970 2936 617
1970 2607 848
1971 2627 689
1971 3473 238
1971 493 420
1971 32 431
1971 1353 440
1971 1301 107
1972 2893 450
1972 1074 783
1972 2053 865
1972 2378 966
1972 2048 13
1972 2355 42
1972 13 72
1972 3209 182
1973 3799 63
1973 3994 17
1973 169 165
1973 1199 674
1973 644 328
1973 3555 942
1974 1642 437
1974 3571 884
1974 3061 720
1974 2824 520
1975 2608 647
1975 1587 584
1975 1483 866
1975 3944 364
1976 553 29
1977 3866 788
1978 3816 175
1978 3587 324
1978 781 725
1979 346 995
1980 2986 616
1980 1511 813
1981 1436 913
1981 2531 931
1981 1105 329
1981 3457 581
1981 1515 256
1981 1594 743
1982 1215 670
1982 2543 453
1983 1875 632
1983 2459 355
1984 509 247
1984 1440 866
1984 1174 769
1985 3850 301
1985 3812 482
1986 1522 292
1986 1629 150
1986 3142 758
1987 2255 46
1987 1993 767
1987 237 594
1987 3373 28
1987 1325 71
1987 2434 803
1988 3436 235
1988 3118 997
1988 1716 458
1988 3428 216
1989 1442 666
1989 1304 796
1989 934 858
1990 2537 581
1990 1084 333
1990 1881 910
1990 1898 161
1991 2712 355
1991 3408 797
1991 3315 837
1991 2303 463
1992 2530 455
1992 2323 186
1992 2937 616
1992 2078 332
1993 2811 188
1993 685 713
1993 2127 965
1993 153 435
1993 2847 603
1993 7 640
1993 903 823
1993 2848 479
1993 1697 607
1994 3022 371
1994 2280 222
1994 2259 581
1994 1741 982
1995 2783 410
1995 2847 506
1995 2010 96
1995 2334 776
1995 2989 211
1995 3669 67
1995 1754 415
1996 2532 780
1996 3552 620
1997 2928 312
1997 2775 129
1997 2925 702
1997 2835 861
1998 3664 660
1998 2635 307
1998 2804 447
1998 913 375
1998 563 625
1999 2597 571
1999 2708 254
1999 1363 929
2000 2226 46
2000 3627 962
2000 2345 520
2000 1398 831
2000 326 824
2000 2412 317
2000 3225 569
2001 3025 697
2001 2446 893
2001 1037 395
2001 21 82
2001 3803 711
2002 3011 384
2002 1768 398
2002 2484 636
2002 1548 714
2002 525 292
2003 2778 999
2003 2670 517
2003 1462 913
2003 2139 920
2003 1466 168
2004 671 647
2004 341 529
2004 1274 606
2004 325 783
2004 584 766
2005 274 883
2005 3920 270
2005 1508 187
2005 887 374
2005 1956 782
2006 691 925
2007 2144 746
2007 2658 315
2007 1654 932
2007 2925 135
2007 372 205
2007 396 668
2008 725 523
2008 3122 729
2009 1885 335
2009 3487 284
2009 451 528
2009 1393 536
2009 1800 897
2010 3620 52
2010 823 923
2010 367 476
2011 1477 500
2011 1085 187
2011 2744 510
2012 1115 385
2012 658 291
2012 1376 919
2012 1054 103
2012 1101 12
2012 2220 198
2012 1340 956
2012 851 180
2013 181 61
2013 2402 758
2013 1235 573
2013 414 848
2013 1884 948
2013 1510 907
2014 11 848
2014 3669 272
2014 1150 815
2014 3922 333
2014 2505 489
2014 1106 212
2014 1118 182
2014 1053 222
2015 401 156
2015 651 647
2015 1424 378
2015 552 385
2015 407 253
2015 3439 994
2015 2038 923
2016 3553 728
2016 2064 952
2016 3361 513
2016 2149 402
2017 2493 515
2017 100 34
2017 289 448
2017 3741 776
2017 436 952
2017 848 258
2017 2473 323
2018 3115 518
2018 3985 921
2019 1921 893
2019 351 294
2019 3274 817
2020 2430 138
2020 1588 236
2020 3714 593
2020 2162 400
2020 1931 744
2020 3107 151
2020 1334 602
2020 3603 87
2021 897 458
2021 771 649
2022 1209 527
2022 1726 898
2022 2634 655
2023 1253 751
2023 482 967
2023 1410 163
2023 3558 903
2023 1900 396
2023 2285 125
2023 1045 621
2023 2315 699
2023 1208 778
2024 3993 251
2024 1052 828
2024 360 957
2024 738 494
2024 2254 379
2025 355 491
2025 1743 925
2025 660 767
2025 2234 147
2026 555 392
2026 3833 307
2027 2869 826
2027 672 694
2027 2822 443
2027 1625 382
2027 1003 52
2028 3125 57
2028 516 381
2028 2184 844
2028 2119 207
2028 3483 494
2028 353 263
2029 2650 69
2029 501 738
2029 3921 882
2029 2514 914
2029 2471 220
2029 2935 472
2029 854 305
2030 2947 105
2030 2175 780
2030 2578 824
2030 996 683
2031 2665 626
2031 2418 840
2031 1878 907
2031 381 935
2031 801 268
2031 197 45
2032 2959 101
2032 1754 12
2032 831 134
2032 2418 114
2032 627 727
2032 788 43
2032 1640 268
2033 1049 647
2033 452 204
2033 2021 158
2033 2668 460
2033 748 489
2034 2054 59
2034 271 731
2034 1569 227
2034 2223 508
2035 3096 922
2035 2858 298
2035 2577 123
2035 3913 267
2035 701 443
2036 2533 829
2036 3585 275
2036 3749 519
2036 2480 292
2037 3607 300
2037 2685 476
2039 540 980
2039 488 943
2039 3534 72
2039 1892 960
2039 3713 940
2039 3539 234
2040 3438 751
2040 1590 240
2041 2294 382
2041 2337 445
2041 632 283
2041 2142 632
2041 3021 933
2041 2045 882
2042 3638 681
2042 2819 187
2043 624 498
2043 1163 388
2043 233 898
2043 1092 232
2043 2151 726
2043 176 944
2043 2036 945
2044 2624 240
2044 3165 980
2044 1788 878
2045 3266 619
2045 782 214
2045 459 129
2045 1609 366
2046 2737 873
2047 1333 3
2047 3686 417
2047 1090 259
2047 2414 848
2047 2790 140
2047 402 79
2047 3391 722
2048 3565 158
2048 2211 604
2048 3238 744
2048 581 99
2048 1991 360
2048 3834 8
2049 2516 773
2049 2160 888
2049 2180 574
2049 3952 794
2050 255 726
2050 1721 109
2050 2972 658
2050 3167 830
2051 561 307
2051 2730 145
2052 3741 751
2052 202 500
2052 908 573
2052 1558 259
2052 989 73
2052 2085 910
2052 3375 822
2053 3806 34
2053 3427 70
2053 2753 645
2053 741 532
2053 1819 988
2053 3217 401
2053 3544 89
2054 2168 589
2054 426 145
2054 3322 504
2054 2415 58
2054 782 417
2055 3707 582
2055 2604 970
2055 434 592
2055 297 141
2055 883 19
2055 3658 564
2056 2946 696
2056 1042 219
2056 2156 308
2056 3918 228
2057 3799 90
2057 3812 767
2057 1847 25
2057 85 214
2057 50 964
2057 1426 409
2058 1916 740
2058 723 113
2058 3967 435
2058 3417 119
2058 3532 301
2058 3163 831
2058 169 684
2059 990 157
2059 237 681
2060 1946 749
2060 1986 892
2061 754 273
2061 2968 536
2061 3726 467
2061 1732 24
2061 1708 729
2061 2565 852
2061 2305 353
2062 3411 465
2062 3691 131
2062 3633 394
2063 2940 507
2063 2869 966
2063 3352 464
2063 2696 618
2064 518 264
2064 3715 425
2064 3756 545
2064 2720 870
2065 1441 20
2065 1080 668
2065 1331 296
2065 2423 329
2065 668 451
2065 591 225
2065 3310 378
2066 2454 445
2066 917 292
2066 3373 886
2066 1231 919
2067 2618 624
2067 2324 347
2067 2831 572
2068 2950 249
2068 2355 525
2068 3979 546
2069 1522 897
2069 2498 690
2069 3391 603
2069 2167 251
2070 66 937
2070 2673 796
2070 1033 396
2070 3822 319
2070 442 395
2071 3308 658
2071 1484 879
2071 3151 606
2071 1888 805
2071 3115 580
2071 3990 69
2072 2362 158
2072 374 113
2073 1467 912
2073 1120 207
2073 387 397
2073 296 12
2073 1448 169
2073 2277 515
2073 3310 177
2073 2225 402
2073 1486 919
2074 1561 537
2074 2722 447
2074 330 656
2074 1570 647
2075 18 673
2075 255 841
2075 1224 356
2075 252 5
2075 2467 910
2076 3139 50
2076 1374 296
2076 2612 40
2076 2523 266
2076 3334 326
2076 885 191
2077 3560 313
2077 2404 980
2077 991 450
2077 39 298
2077 705 367
2078 1724 951
2078 2118 937
2078 2190 228
2079 1998 396
2079 81 972
2079 1999 975
2079 1016 205
2079 2552 391
2080 1608 987
2080 2269 377
2080 3167 997
2080 1000 35
2081 2184 529
2081 1446 410
2082 1087 962
2082 2982 662
2082 910 612
2082 1575 448
2082 2895 135
2083 2596 371
2083 2219 678
2083 3466 530
2084 3672 991
2084 1799 972
2084 2404 708
2084 3159 923
2084 471 738
2084 3859 357
2084 1082 716
2084 36 781
2084 480 555
2085 133 370
2085 1101 106
2086 260 911
2086 2318 718
2086 2153 500
2087 1761 953
2087 382 153
2087 106 511
2087 731 336
2087 3608 563
2088 2754 54
2088 2440 654
2088 3789 914
2088 2060 726
2088 3457 914
2089 3680 928
2089 3494 885
2090 1102 601
2090 3790 674
2090 3515 545
2090 480 518
2091 2999 482
2091 20 227
2091 3872 423
2091 953 229
2091 3970 72
2092 2328 510
2092 3231 183
2092 2170 31
2092 3103 676
2092 811 816
2092 3256 814
2092 1923 9
2093 3210 380
2093 1001 36
2093 96 116
2093 3003 123
2093 758 246
2093 1926 797
2094 1182 129
2094 2077 443
2094 1690 984
2095 2717 399
2095 2747 209
2095 3811 687
2095 1948 592
2095 674 264
2096 2851 562
2096 3882 790
2096 474 79
2096 1677 696
2096 3285 611
2097 3096 576
2097 1466 741
2098 1561 598
2098 1079 696
2099 1605 36
2099 241 597
2099 802 209
2099 105 787
2099 1164 295
2099 792 208
2100 1144 242
2100 2627 674
2100 1135 65
2101 2341 855
2101 3033 4
2101 859 749
2101 3556 926
2102 1531 139
2102 1089 555
2102 1202 37
2102 1343 182
2102 1629 130
2103 3521 682
2103 1743 471
2103 2549 565
2103 1027 551
2104 175 356
2104 3230 331
2105 1553 669
2105 1561 505
2105 631 133
2105 3539 116
2106 959 697
2106 1644 294
2106 786 722
2106 398 945
2106 1290 287
2107 3984 543
2107 3579 846
2107 439 397
2107 2126 937
2108 3241 850
2108 1273 108
2109 2955 76
2109 1251 553
2109 3624 478
2109 1506 629
2110 2604 942
2110 567 324
2111 3266 114
2111 3333 832
2111 2097 266
2111 2776 788
2112 2433 30
2112 2355 621
2112 1137 551
2112 2278 6
2112 3248 128
2113 118 123
2113 582 41
2113 2933 629
2113 3989 516
2113 3588 972
2114 1565 531
2114 3772 845
2114 1045 328
2116 853 354
2117 1949 45
2118 1002 388
2118 2787 5
2118 3371 991
2118 426 968
2118 734 338
2119 3720 537
2119 1284 253
2119 28 751
2119 2270 98
2120 2154 131
2120 3763 283
2120 2384 521
2120 3928 215
2120 2260 136
2120 715 708
2122 2279 923
2122 2957 69
2122 1684 657
2123 1121 566
2123 2601 298
2124 1083 137
2124 2557 679
2124 2994 403
2124 3653 172
2125 1246 744
2125 2341 917
2126 682 353
2126 3623 516
2126 3587 918
2126 852 249
2127 2714 235
2127 2945 574
2127 1129 376
2127 1088 747
2127 3354 282
2127 3628 759
2127 1141 249
2127 3120 976
2127 827 69
2127 2205 749
2128 3746 289
2128 384 67
2128 1131 800
2128 1839 631
2128 3650 337
2128 2091 777
2128 2263 115
2129 1475 224
2129 1088 38
2129 1241 774
2130 877 192
2130 2282 392
2130 892 23
2130 1416 21
2130 2290 599
2130 70 404
2131 1693 574
2133 1423 986
2133 1901 487
2134 3078 106
2134 2210 289
2134 296 209
2134 3128 392
2134 577 245
2135 2199 19
2135 123 305
2135 1498 851
2135 224 631
2136 1330 125
2136 1990 261
2136 1848 783
2136 2456 539
2137 1747 954
2137 1844 135
2137 3092 203
2138 2205 506
2138 1026 675
2139 2127 944
2139 1950 395
2139 3568 416
2139 1968 388
2139 468 301
2139 3406 402
2140 1651 714
2141 2831 278
2141 38 954
2141 1422 996
2141 421 448
2142 3333 32
2142 3361 155
2142 1340 580
2142 3616 571
2143 180 336
2144 1737 512
2144 2236 198
2145 2075 604
2145 2635 808
2145 773 115
2145 3621 849
2145 1120 661
2146 895 697
2146 2699 43
2146 1219 813
2146 490 956
2147 141 173
2147 3374 760
2147 17 894
2147 1910 676
2147 17 680
2147 869 580
2147 1475 854
2148 103 630
2148 1031 165
2149 1244 19
2150 3989 269
2150 1904 655
2150 2617 485
2150 2395 794
2151 2683 246
2151 2779 592
2152 1098 34
2152 491 217
2152 3454 630
2152 1520 607
2152 3441 970
2152 999 498
2152 2876 716
2154 2675 930
2154 3175 368
2154 3842 155
2154 919 987
2154 963 639
2154 460 169
2154 3711 127
2154 2984 373
2155 2088 462
2155 1332 229
2156 74 32
2156 2179 773
2156 705 725
2157 3865 236
2157 1079 456
2157 3150 191
2158 632 89
2159 2885 711
2159 481 729
2159 3965 109
2160 1295 278
2160 2375 106
2161 1294 255
2161 2691 424
2161 3000 945
2161 3719 460
2161 1951 928
2161 2513 785
2161 2674 445
2162 1106 768
2162 1594 231
2162 2047 878
2162 3854 531
2163 2553 477
2163 2465 851
2164 1695 518
2164 3855 114
2164 1075 886
2165 2676 907
2165 2368 794
2165 2116 484
2165 3280 123
2165 519 124
2165 2234 540
2166 2005 808
2166 1654 974
2166 2049 269
2166 359 308
2167 2387 504
2167 3113 608
2167 1697 708
2167 2544 422
2168 3557 353
2169 1499 663
2169 3318 243
2169 1672 316
2169 619 605
2170 518 169
2170 3661 791
2170 2010 983
2170 3274 142
2170 2722 417
2170 2399 980
2170 1479 684
2171 1405 260
2171 3761 473
2171 228 809
2171 1445 981
2171 275 526
2172 1220 59
2173 1865 829
2173 585 339
2173 3477 1000
2173 1741 142
2173 2368 450
2173 3922 284
2174 1285 387
2174 954 958
2174 1149 379
2174 732 79
2174 976 91
2174 3962 103
2174 3092 121
2175 298 801
2176 3003 613
2176 555 275
2176 3636 417
2176 2907 182
2177 2318 179
2177 707 874
2177 1897 580
2177 2080 75
2178 3726 437
2178 1436 327
2178 3470 386
2178 2252 387
2179 2883 332
2179 2823 843
2179 2143 305
2179 3088 105
2179 514 191
2180 2919 987
2180 1722 595
2181 2915 220
2182 2996 869
2182 78 227
2182 51 88
2182 526 773
2182 551 453
2183 2000 462
2183 3080 287
2183 2067 477
2183 2618 342
2183 3433 994
2183 1689 68
2183 840 110
2184 2653 701
2184 1900 577
2184 728 585
2185 925 562
2185 1793 80
2185 3755 167
2185 2480 656
2185 360 151
2186 1295 631
2186 1293 939
2186 2123 919
2187 2669 715
2187 3312 774
2188 3768 679
2188 347 647
2189 2024 216
2189 1821 523
2189 1876 421
2189 591 31
2189 3786 670
2189 1267 589
2190 1612 335
2190 363 184
2190 1411 992
2190 3931 774
2190 1701 732
2190 3028 995
2190 1650 932
2190 3412 480
2191 3993 774
2191 2225 944
2192 3715 97
2192 710 857
2192 3413 273
2192 2714 882
2193 2535 91
2193 3993 265
2193 384 556
2193 3784 652
2193 3748 367
2194 940 788
2194 3625 595
2194 704 382
2195 3601 466
2195 1981 574
2195 2698 361
2195 1517 257
2196 1455 745
2196 3321 947
2196 287 456
2196 2097 279
2196 1438 598
2197 691 606
2197 3735 535
2197 3760 780
2198 3464 71
2198 1436 178
2199 3931 127
2200 3411 340
2200 1869 230
2200 1708 126
2200 3875 985
2201 217 610
2201 3822 296
2201 3799 201
2202 115 707
2202 3436 178
2202 968 899
2202 1620 653
2203 825 345
2203 2532 696
2204 332 650
2204 1009 863
2205 3323 313
2205 1959 182
2205 226 556
2205 1800 445
2205 2405 556
2205 2815 503
2206 2690 749
2206 729 60
2206 2774 439
2206 3759 517
2207 1616 47
2207 2871 389
2207 1470 507
2207 3883 172
2207 3476 105
2207 3593 586
2207 1277 922
2207 23 252
2207 1886 525
2208 3897 847
2208 1381 586
2208 1169 212
2208 3925 158
2208 3351 230
2209 2117 375
2210 2383 874
2210 2647 330
2210 3454 239
2210 1742 717
2210 2126 686
2210 81 573
2210 3552 914
2211 818 777
2211 860 504
2211 3461 275
2212 964 448
2213 2744 825
2213 96 228
2213 1860 681
2213 384 696
2213 364 386
2214 2709 78
2214 1826 258
2214 2084 189
2214 1682 978
2216 599 610
2216 1438 750
2217 3669 955
2217 3426 314
2218 1037 238
2218 157 939
2218 1666 683
2218 3381 128
2218 3601 29
2218 2882 652
2219 291 432
2219 3605 802
2219 2620 570
2219 1751 908
2220 3115 933
2221 2204 30
2221 3941 934
2221 782 604
2222 265 868
2222 1396 526
2222 2370 121
2223 758 227
2224 3085 355
2224 1899 632
2224 856 280
2224 1532 359
2225 3101 277
2225 1723 842
2225 1456 627
2225 43 881
2225 1267 136
2226 1380 135
2226 638 841
2226 2032 700
2227 3770 996
2227 996 936
2227 2260 47
2227 2540 710
2227 3456 734
2228 117 937
2228 864 86
2228 3485 594
2228 1341 555
2228 3679 884
2228 1439 753
2228 65 384
2228 3912 254
2229 1000 890
2229 986 679
2229 2860 527
2229 2312 389
2229 1529 606
2230 74 332
2231 1585 809
2231 3973 827
2231 2085 223
2231 897 364
2231 3711 930
2232 2991 410
2232 1030 771
2232 2691 533
2232 3279 98
2233 3125 910
2234 6 3
2234 3281 543
2234 1428 148
2235 3281 176
2235 3004 301
2235 3143 251
2235 3293 215
2235 243 606
2236 41 126
2236 3383 978
2237 2781 529
2237 451 97
2237 1859 661
2237 204 837
2237 1465 368
2237 3726 357
2237 3483 596
2238 1828 135
2238 3631 546
2238 134 103
2238 1635 954
2239 1633 994
2239 2171 293
2240 818 139
2240 257 384
2241 136 182
2241 1209 993
2241 3377 853
2241 2938 739
2241 449 624
2241 845 325
2241 368 229
2242 2529 769
2242 2086 585
2242 785 744
2242 3954 399
2242 1110 307
2242 3303 359
2243 1439 456
2243 474 898
2243 2590 920
2243 2103 560
2244 3896 680
2244 1215 261
2244 1308 783
2245 2633 126
2245 1623 483
2245 1965 367
2245 975 950
2245 1861 889
2245 2012 240
2246 2848 57
2246 1565 401
2246 2912 13
2246 1113 498
2247 991 410
2247 1337 417
2247 628 663
2248 3350 925
2248 891 762
2248 3042 594
2248 3909 403
2248 2821 602
2249 2320 150
2249 555 7
2249 3993 279
2249 2256 845
2249 1556 704
2250 66 701
2250 974 601
2250 1596 696
2250 1876 843
2250 3406 463
2251 1546 864
2251 509 672
2252 1144 712
2252 1097 670
2252 1098 503
2252 197 707
2252 3232 250
2253 1131 70
2253 2379 971
2253 3795 924
2253 7 295
2254 1434 647
2254 129 727
2254 2522 356
2254 2151 148
2254 1515 890
2254 3426 849
2255 3878 205
2255 2265 49
2255 2125 458
2255 3975 240
2255 3617 307
2256 637 17
2256 648 374
2256 1730 391
2256 3809 657
2256 63 374
2257 2827 945
2257 1065 71
2257 1457 874
2258 613 33
2258 1429 855
2258 1945 635
2258 2288 889
2258 3986 879
2259 1542 126
2259 3018 711
2261 657 440
2261 3741 51
2261 2551 643
2261 508 211
2261 1184 31
2261 2115 645
2262 3460 47
2262 2973 219
2263 1581 2
2263 612 570
2263 1258 110
2264 3019 848
2264 1803 327
2264 2583 177
2265 1833 800
2265 3465 902
2265 1413 131
2265 3807 384
2265 1078 98
2267 2415 258
2267 2591 830
2267 2175 886
2268 3370 504
2269 2896 232
2269 3164 794
2269 3217 953
2270 3094 570
2270 2053 354
2270 1187 782
2270 289 406
2271 1530 90
2271 503 687
2271 1993 781
2271 3142 948
2271 1566 387
2272 2143 522
2272 2635 281
2272 2476 516
2272 2326 75
2273 689 54
2273 2113 340
2273 3158 103
2274 3602 728
2274 415 26
2274 77 704
2274 1687 991
2275 3080 258
2275 1678 559
2275 1686 453
2275 3953 622
2275 305 602
2275 1396 646
2275 2485 435
2275 1440 476
2275 2533 878
2276 1745 630
2276 2524 829
2276 2666 837
2276 551 123
2276 3034 339
2277 1116 38
2277 2418 780
2278 475 708
2278 1396 984
2278 2300 647
2278 2872 319
2278 1749 881
2278 579 639
2278 2388 261
2279 3165 716
2279 668 361
2280 2630 470
2280 3478 388
2280 1498 85
2281 3274 591
2281 2705 694
2282 2631 160
2282 2418 391
2282 710 416
2283 318 844
2283 3866 593
2283 442 139
2283 1647 411
2283 1065 666
2284 2438 480
2284 3292 478
2284 838 121
2285 2826 86
2285 2974 279
2286 3709 525
2286 2187 560
2286 3618 79
2287 1545 950
2287 2825 243
2287 215 690
2287 1699 458
2287 879 448
2288 1264 298
2288 3244 576
2288 3557 815
2288 1496 441
2289 3979 426
2289 893 709
2289 184 1000
2289 783 112
2289 1981 423
2290 367 282
2290 3840 435
2290 2963 954
2290 3399 820
2290 1852 881
2290 2333 969
2291 1602 471
2291 2899 547
2292 683 613
2292 3944 490
2292 1139 832
2293 910 689
2293 300 746
2293 1091 182
2293 3401 966
2293 635 313
2294 3281 394
2294 867 536
2295 1014 244
2295 1022 578
2295 3240 367
2295 946 441
2296 83 694
2296 1137 980
2296 3306 121
2296 1806 959
2296 2531 975
2297 1008 898
2297 1377 90
2297 2405 222
2297 2796 619
2297 2404 156
2297 2584 921
2298 610 124
2298 2253 288
2299 1765 681
2300 691 746
2300 2492 130
2301 942 600
2301 3965 979
2301 2608 825
2301 2665 70
2301 1389 736
2301 1638 334
2301 1701 275
2302 3865 638
2302 2558 314
2302 938 742
2303 3478 551
2303 2278 624
2303 2298 373
2303 1846 974
2304 3969 180
2305 1727 485
2305 3004 352
2305 2658 326
2305 3080 897
2306 3662 173
2306 88 290
2306 2856 758
2306 3049 549
2308 3264 519
2308 2153 63
2308 3831 163
2308 494 227
2308 762 986
2309 3612 820
2309 3808 483
2309 770 713
2310 1021 298
2310 1011 252
2310 296 919
2311 3045 114
2311 1370 731
2311 2098 848
2311 1347 245
2311 3556 990
2311 400 270
2311 3649 411
2312 3723 989
2312 699 962
2312 1835 806
2312 1972 843
2312 2878 840
2312 2531 369
2312 300 586
2312 881 729
2313 2228 427
2313 2304 951
2313 718 247
2313 2894 231
2313 1733 38
2314 2840 636
2314 880 389
2314 2190 935
2314 698 88
2314 293 434
2315 1870 324
2315 3540 802
2315 1280 438
2316 2067 910
2316 3852 805
2316 2865 506
2317 1613 59
2317 3791 862
2317 3369 103
2317 2141 621
2317 770 696
2317 1739 375
2318 3881 365
2318 1130 220
2318 3361 790
2318 3492 957
2318 2606 84
2319 2685 384
2319 2774 850
2319 1896 705
2319 492 872
2320 2233 320
2320 1960 721
2320 3523 826
2320 482 749
2321 1715 933
2321 1265 726
2322 507 692
2322 1516 459
2322 1178 800
2323 2261 862
2323 1369 495
2323 2027 390
2324 641 501
2324 3004 287
2324 2641 516
2324 2693 653
2324 2599 233
2324 2138 723
2324 3674 439
2324 1496 375
2325 1673 205
2325 3955 273
2325 1773 825
2326 2735 857
2326 314 902
2326 191 227
2326 2936 376
2326 229 104
2327 1065 938
2327 3305 834
2327 1175 850
2327 2791 72
2327 473 249
2328 2809 947
2328 2751 881
2328 924 800
2328 3838 894
2329 1115 172
2329 1552 779
2329 431 231
2330 3882 842
2330 2688 103
2330 3836 913
2330 2001 843
2330 3481 348
2330 3175 869
2331 884 410
2331 2584 861
2332 3860 462
2332 1139 577
2332 1858 741
2333 1143 678
2333 875 375
2334 740 184
2334 2808 82
2334 2582 570
2334 2401 653
2334 3842 631
2335 2489 384
2335 114 217
2335 1400 294
2336 409 704
2336 2657 634
2336 2434 143
2337 3848 98
2337 642 70
2337 3173 54
2337 2608 193
2337 1679 907
2338 1130 382
2338 1362 912
2338 1174 277
2338 3825 746
2339 2764 485
2339 378 780
2339 2839 206
2340 1945 409
2341 3367 772
2341 2407 843
2341 323 998
2341 2890 700
2341 80 490
2341 3744 691
2342 3933 586
2342 1265 302
2342 1184 689
2343 3192 595
2343 2766 139
2343 684 787
2344 3781 774
2344 1825 143
2344 512 642
2344 2580 164
2344 3125 988
2345 567 874
2345 2981 849
2346 311 217
2346 1737 197
2346 2103 124
2346 3075 45
2347 3592 460
2347 1056 310
2347 2922 839
2347 3551 741
2348 2228 530
2348 2981 947
2348 1888 14
2348 1737 835
2349 2605 34
2349 1924 997
2350 2900 202
2350 3860 636
2350 3872 890
2350 3565 460
2351 2864 118
2351 1726 331
2351 3440 820
2351 27 962
2351 2182 701
2351 1047 866
2351 3395 754
2351 2663 946
2352 3630 426
2352 2184 507
2352 1976 639
2353 329 205
2353 3536 102
2353 1263 180
2353 2043 904
2353 44 713
2353 3829 985
2354 3341 258
2354 2251 5
2354 2326 865
2354 337 886
2355 1446 193
2355 2806 275
2355 732 730
2355 1384 510
2356 2245 13
2356 715 136
2356 1896 234
2356 1638 306
2356 3376 343
2356 1399 319
2356 644 471
2356 3520 366
2357 1368 887
2357 2039 328
2358 360 788
2358 275 348
2358 1942 391
2358 1288 688
2359 2317 777
2359 1396 704
2359 3151 154
2359 1718 633
2359 2712 479
2359 1060 747
2360 3933 742
2360 698 283
2360 776 630
2360 421 532
2361 1410 652
2361 1318 295
2361 3269 56
2361 795 711
2361 292 919
2361 276 820
2362 2114 539
2362 2562 810
2362 3779 35
2362 2342 732
2363 3917 894
2363 3182 535
2363 333 440
2363 1866 52
2364 2945 903
2364 3447 482
2364 3833 117
2364 3540 349
2365 467 587
2365 1111 799
2365 1848 62
2365 105 42
2365 3418 457
2366 3293 700
2366 805 218
2366 1700 385
2366 2997 744
2367 2624 358
2367 3832 579
2367 1595 726
2367 612 143
2367 230 473
2367 1982 760
2368 2727 27
2368 2591 124
2369 2192 240
2369 2609 744
2369 2282 868
2370 1769 359
2370 274 139
2370 2782 886
2370 2152 396
2372 33 539
2372 1237 741
2372 1398 390
2372 2965 609
2372 2075 659
2373 1441 918
2373 436 779
2373 1830 672
2373 3433 928
2374 1283 116
2374 3669 919
2375 1966 589
2375 3676 557
2375 1664 33
2376 476 864
2376 3017 993
2376 112 843
2376 2641 660
2377 3431 358
2378 3131 659
2378 1406 851
2378 1080 579
2379 2957 756
2379 3632 132
2379 3992 408
2379 3479 21
2380 901 589
2380 2356 662
2380 193 9
2380 850 328
2381 1634 906
2381 3658 353
2381 3524 907
2381 170 492
2381 1986 109
2382 1539 794
2382 112 786
2382 1312 610
2382 3160 723
2382 1383 888
2382 3865 847
2383 3587 930
2383 2341 555
2383 189 580
2384 604 65
2384 1849 250
2384 673 153
2385 1302 918
2385 2709 939
2385 315 654
2385 1158 607
2385 2911 447
2387 3511 592
2387 3556 278
2387 1365 57
2387 1336 441
2387 3351 706
2387 3512 756
2388 952 248
2388 3785 948
2388 2794 694
2388 3664 998
2388 1773 477
2388 2792 548
2389 3804 8
2389 2910 644
2389 2387 335
2390 573 33
2390 3092 878
2390 953 148
2390 291 790
2391 735 332
2391 3306 713
2391 3450 930
2392 2932 755
2392 2125 193
2392 2083 327
2392 61 126
2392 3316 375
2392 1350 849
2392 1163 514
2393 1776 138
2393 348 880
2393 2905 928
2393 982 105
2393 1430 943
2393 229 77
2394 1737 375
2394 1006 528
2394 1096 525
2394 3072 142
2395 3309 502
2395 2700 378
2395 3126 508
2395 170 264
2396 451 514
2396 2 472
2396 2739 446
2397 3520 850
2397 3066 554
2398 2028 966
2398 874 701
2399 2654 797
2399 2773 935
2399 1851 162
2399 15 567
2400 2212 611
2400 434 652
2400 1093 682
2401 2388 190
2402 3383 8
2402 3213 143
2402 672 860
2402 417 860
2402 1423 557
2402 177 470
2403 2723 494
2403 3317 201
2403 1348 719
2403 465 347
2404 2539 925
2404 795 222
2404 1978 974
2405 662 409
2406 2183 6
2406 102 84
2406 501 365
2406 57 168
2406 1018 693
2406 255 519
2407 756 649
2408 1420 53
2409 2476 449
2409 87 386
2409 543 938
2409 46 663
2410 2183 526
2410 3686 500
2411 2791 648
2411 2368 28
2411 476 907
2411 2526 206
2411 2030 901
2411 2307 543
2412 1159 451
2412 2810 454
2412 3896 816
2412 2333 573
2412 774 825
2412 1456 224
2413 882 90
2413 3937 695
2413 3647 855
2414 2034 687
2414 1604 242
2414 2776 220
2414 3082 814
2414 2650 14
2414 1759 541
2415 989 530
2415 820 694
2415 3096 407
2415 236 955
2415 535 994
2415 2528 757
2415 775 97
2416 3699 260
2416 2073 434
2416 2968 67
2417 3475 169
2417 1464 966
2417 2675 478
2417 769 866
2417 2006 429
2418 1107 404
2418 1930 689
2418 1708 158
2418 3672 467
2418 1589 579
2419 1609 1000
2419 1630 10
2419 2918 41
2419 336 12
2420 3234 922
2420 545 712
2420 3282 854
2421 529 245
2421 818 267
2422 2160 328
2422 625 243
2422 1690 837
2422 3838 971
2422 1043 746
2422 3838 941
2423 2931 495
2423 2391 129
2423 3353 547
2423 2506 280
2423 3128 831
2424 159 712
2424 713 342
2424 3003 503
2425 2443 846
2425 3755 742
2425 3031 332
2425 3977 629
2425 3507 549
2425 417 374
2426 1568 186
2426 2997 410
2426 471 473
2426 1423 505
2426 1307 917
2426 3819 87
2427 2529 809
2427 1254 746
2427 2574 147
2428 109 473
2428 3475 868
2428 2445 609
2428 951 253
2429 3145 952
2429 850 161
2429 2677 616
2429 3399 190
2429 220 747
2430 2668 31
2430 3886 899
2430 1055 885
2430 3901 101
2431 2884 502
2431 2742 375
2431 859 489
2431 2102 367
2431 2987 816
2431 1461 846
2431 1798 817
2432 854 319
2433 3919 366
2433 3677 753
2433 1378 899
2433 2902 523
2433 1748 870
2433 156 962
2433 1861 547
2433 3076 23
2434 3251 647
2434 1353 265
2434 2521 37
2434 3830 913
2435 2440 416
2436 3798 608
2437 2417 516
2437 203 368
2437 3545 727
2437 1927 187
2437 1564 39
2437 1861 714
2438 3286 595
2438 2484 718
2438 209 595
2438 3735 580
2438 173 223
2439 881 580
2439 2890 47
2440 2073 185
2440 1060 424
2441 2503 187
2441 2664 27
2441 1534 232
2441 3072 930
2441 1472 93
2441 1033 296
2442 1859 893
2442 2920 145
2443 1869 811
2443 3965 612
2443 3727 393
2443 3662 102
2443 700 976
2444 2290 998
2444 540 517
2444 3765 218
2445 3834 107
2445 1554 105
2445 1519 310
2446 2509 133
2446 1349 474
2446 2162 224
2446 3675 405
2446 3330 373
2447 3756 668
2447 3204 364
2448 871 877
2448 3879 605
2448 3566 953
2448 3344 811
2448 677 892
2449 3689 150
2449 940 5
2449 1366 160
2449 2187 306
2449 2578 57
2449 3043 343
2449 1115 299
2450 2626 1000
2450 2467 58
2451 3487 304
2451 695 726
2451 1820 162
2452 887 305
2453 2190 356
2453 2551 659
2454 912 53
2454 790 53
2454 2781 249
2454 3540 946
2454 890 312
2454 1133 399
2454 1503 308
2454 2332 660
2455 2390 622
2455 2244 931
2455 1485 337
2455 2608 849
2457 38 189
2457 977 781
2457 645 148
2457 3630 604
2458 2833 633
2459 272 84
2459 3411 398
2459 2670 106
2460 3905 122
2460 1507 503
2460 302 448
2460 3126 715
2460 2499 132
2460 3520 746
2460 3094 668
2461 2863 934
2461 362 594
2461 2804 983
2462 3303 693
2462 2281 421
2462 3620 831
2463 2829 335
2463 3368 998
2463 3907 218
2463 2749 449
2464 2389 885
2464 1779 929
2464 374 815
2464 3686 854
2464 901 418
2464 1063 179
2464 1384 100
2465 1617 116
2465 3539 564
2465 872 564
2466 408 242
2466 3096 898
2467 333 290
2467 3631 678
2467 1173 280
2467 399 45
2468 3859 136
2468 2443 504
2469 3974 973
2469 1714 1
2469 943 483
2469 2400 67
2469 715 177
2470 2428 519
2470 3727 337
2470 3917 98
2470 2189 777
2471 983 53
2471 157 683
2471 2264 235
2472 1839 706
2472 2043 835
2473 3768 386
2473 3488 86
2473 3727 501
2474 427 69
2474 2164 935
2474 1019 311
2474 107 807
2475 362 309
2475 142 18
2475 561 36
2475 1530 19
2475 2201 529
2475 2417 294
2476 3100 506
2476 476 240
2476 2887 673
2477 1374 275
2477 1531 950
2477 2622 980
2477 3445 832
2477 2934 505
2477 3143 945
2478 3872 381
2479 2359 538
2479 3694 658
2479 2625 351
2480 1954 960
2480 448 781
2480 2066 616
2480 3991 320
2480 1837 367
2481 3356 27
2481 1708 705
2481 3698 665
2481 485 857
2481 2164 405
2482 3360 506
2482 501 916
2483 1865 620
2483 3325 540
2483 3871 340
2483 1235 880
2484 3823 442
2485 2115 758
2485 2327 653
2486 1351 957
2486 2122 387
2486 951 101
2486 3403 873
2487 1918 357
2487 1039 421
2488 1479 32
2488 354 212
2489 1100 421
2489 2691 581
2489 2724 169
2489 3357 61
2489 3771 869
2489 645 416
2490 1836 991
2490 2430 93
2490 1247 485
2490 2761 404
2490 3134 879
2490 981 446
2490 2320 781
2491 1289 112
2491 1443 638
2491 2455 280
2491 85 888
2492 3521 188
2492 829 402
2492 334 399
2492 3786 802
2492 484 558
2493 553 898
2493 1723 469
2493 1879 587
2493 769 505
2494 300 727
2494 3604 956
2494 2632 147
2495 3680 696
2495 2105 294
2496 178 440
2496 2913 617
2496 1 800
2496 1039 763
2496 1674 518
2496 2354 518
2497 2941 361
2497 1048 387
2497 3812 732
2498 1662 563
2498 1757 72
2498 2332 304
2499 1069 320
2499 3027 705
2499 3007 692
2499 73 82
2500 3457 623
2500 1741 962
2500 1065 718
2500 1395 846
2500 2565 982
2501 3895 838
2501 3992 309
2501 2349 465
2501 3367 244
2501 1901 917
2502 671 399
2502 902 361
2502 643 257
2503 256 794
2503 2036 625
2503 1399 338
2503 577 82
2503 3200 185
2503 3511 499
2504 1811 159
2504 1375 518
2504 264 796
2504 1430 823
2504 3896 522
2505 3203 719
2505 264 962
2505 386 820
2505 212 729
2506 215 773
2506 3348 992
2506 2836 409
2507 547 594
2507 3348 19
2507 2447 810
2507 2779 995
2507 1416 334
2508 3210 686
2508 2690 206
2508 587 889
2509 2990 482
2509 2835 14
2510 858 770
2510 1219 917
2510 1342 512
2510 511 510
2511 3652 798
2511 3650 811
2511 747 29
2512 258 879
2512 924 123
2512 3627 127
2512 2760 179
2512 361 619
2512 680 417
2514 3943 731
2514 3248 952
2514 3984 91
2515 3507 643
2515 3032 689
2515 3784 292
2515 2228 745
2516 2360 477
2516 3668 143
2516 2041 62
2516 1871 7
2516 1332 100
2516 592 674
2517 3963 505
2517 1064 693
2517 2237 875
2518 1583 214
2518 3299 446
2518 3586 315
2519 2982 552
2519 1412 333
2519 2488 847
2520 2182 437
2520 285 836
2520 3264 8
2520 968 104
2521 540 717
2521 2550 15
2521 3059 807
2521 896 696
2521 2429 633
2521 829 500
2522 409 159
2522 2123 59
2522 3930 507
2522 324 676
2522 2999 893
2522 569 672
2522 3657 518
2523 837 5
2523 426 419
2523 1243 935
2523 42 836
2523 3214 591
2523 705 450
2523 403 990
2524 384 337
2524 1323 794
2524 3022 408
2524 523 785
2525 2026 780
2525 1207 131
2525 2126 914
2526 169 577
2526 3635 399
2526 731 225
2527 1272 18
2527 3584 972
2527 188 520
2527 523 45
2528 3245 219
2528 3611 917
2529 2461 255
2529 2368 76
2529 895 428
2529 2892 923
2529 2770 311
2530 1993 2
2530 3520 335
2530 1217 537
2530 2676 506
2530 2244 20
2530 3924 99
2531 2335 817
2531 102 670
2531 3888 171
2531 2377 862
2531 2120 665
2532 3661 601
2532 2879 426
2532 853 70
2532 337 573
2533 3823 114
2533 13 167
2534 467 188
2534 3318 675
2534 594 776
2534 318 26
2534 1508 379
2535 600 453
2535 3344 635
2536 941 380
2536 499 72
2536 3313 805
2537 3207 157
2537 1334 148
2537 966 275
2538 1733 763
2539 2042 145
2539 3906 2
2540 3286 191
2540 1537 44
2540 1388 696
2540 3076 771
2541 3908 715
2541 1559 653
2541 3291 63
2542 3933 964
2542 3687 548
2542 3328 394
2542 3266 442
2543 1233 496
2543 3455 851
2543 3877 118
2543 3285 827
2543 1073 156
2544 3247 188
2544 541 947
2544 400 999
2544 3470 537
2544 3454 491
2544 1384 71
2545 3870 352
2545 2539 576
2545 2072 231
2545 869 749
2545 1292 721
2545 3711 842
2545 1056 880
2546 3425 142
2546 2942 764
2546 1348 102
2547 910 679
2547 72 309
2547 2460 242
2547 2570 331
2548 544 440
2548 384 282
2549 2409 952
2549 1 536
2549 3802 962
2549 3384 449
2550 957 805
2550 1245 530
2550 3550 704
2551 1632 687
2551 3257 729
2552 3649 379
2552 3781 283
2553 3688 213
2553 2818 454
2554 3126 625
2555 2101 859
2556 1851 212
2556 2234 102
2556 287 432
2556 2086 580
2557 3553 292
2557 1776 950
2557 3376 515
2558 2285 416
2558 311 244
2558 667 446
2558 145 672
2558 3046 777
2558 3456 415
2559 3052 1
2559 2871 645
2559 2752 830
2559 1934 334
2559 3332 586
2559 2536 117
2559 2915 228
2560 267 968
2560 128 41
2560 3197 113
2560 485 746
2560 3338 202
2561 1230 743
2561 1508 75
2561 2292 9
2561 3621 895
2562 1409 314
2562 419 674
2562 121 558
2563 3711 3
2563 1582 845
2563 1355 328
2564 127 132
2564 1246 691
2565 494 673
2565 2898 279
2565 2705 145
2565 721 581
2565 1611 553
2566 734 328
2566 2242 155
2566 2495 540
2566 953 950
2566 2890 307
2567 1428 369
2567 2957 399
2567 1331 750
2568 1777 507
2568 621 501
2568 2923 29
2569 3806 682
2569 746 595
2569 3269 312
2569 1689 608
2569 1473 143
2570 1549 326
2570 2730 334
2570 1798 250
2570 3756 959
2570 3046 566
2570 589 317
2570 435 881
2570 1824 98
2570 2336 878
2571 513 397
2571 888 593
2571 572 257
2571 3531 521
2572 2078 603
2572 2391 268
2572 2772 878
2572 3202 415
2572 3025 440
2572 3788 826
2573 1471 542
2573 2126 433
2573 1501 662
2574 308 813
2574 424 87
2574 3542 128
2574 58 510
2575 2962 117
2575 309 282
2575 3964 92
2575 1147 814
2575 2245 506
2576 1479 179
2576 2729 844
2576 1032 722
2576 3719 603
2576 1111 508
2577 3442 308
2578 1394 802
2578 3144 910
2578 3864 131
2578 3098 665
2578 3683 798
2578 2431 737
2578 2406 152
2579 527 985
2579 1205 871
2579 3042 211
2579 1772 674
2579 1661 468
2580 3529 864
2580 2307 597
2580 293 696
2580 407 990
2580 261 197
2581 1426 366
2581 2630 147
2581 1764 120
2582 2040 403
2582 3992 997
2582 1172 972
2582 310 88
2582 1776 890
2582 2536 771
2583 578 948
2583 574 245
2583 2598 136
2584 1311 473
2584 2804 117
2584 575 45
2584 2739 617
2584 2699 289
2585 624 924
2585 815 179
2585 1729 762
2585 2856 205
2585 3954 130
2586 2303 917
2586 226 823
2586 3756 950
2587 2375 172
2587 1349 16
2587 3682 112
2587 3790 786
2587 2445 877
2587 540 690
2588 1546 848
2588 2980 265
2588 2930 972
2588 570 86
2588 2441 351
2589 2279 276
2589 3553 561
2589 1249 760
2589 2042 266
2589 1246 48
2589 3779 92
2590 289 899
2590 1648 924
2590 2009 383
2590 2436 992
2590 808 822
2590 1044 959
2591 3620 359
2591 1751 74
2591 691 519
2591 219 947
2592 1686 118
2592 2866 911
2592 1604 79
2592 2290 59
2592 2380 968
2592 2579 348
2592 99 914
2593 2465 344
2593 1338 934
2593 3101 277
2593 1843 508
2594 3783 671
2594 236 565
2595 1282 316
2595 639 199
2595 2728 426
2595 664 802
2595 1942 760
2595 1029 603
2595 2881 19
2596 747 612
2596 667 983
2597 2217 758
2597 2655 226
2597 3253 478
2598 2129 570
2599 500 685
2599 2299 847
2599 740 881
2599 2515 941
2599 2218 517
2599 3916 877
2599 1812 458
2600 3995 759
2600 1999 755
2600 167 161
2601 2659 718
2601 691 162
2601 1362 307
2603 3002 814
2603 1269 700
2603 3795 988
2603 3025 514
2604 2936 766
2604 519 733
2604 1197 717
2604 1509 57
2605 1377 95
2605 76 971
2605 733 793
2605 2332 434
2605 423 198
2606 2187 989
2606 376 169
2607 2643 606
2607 2385 496
2607 1773 815
2607 1178 349
2607 1057 984
2607 386 599
2608 33 151
2608 3202 547
2608 3370 45
2608 1921 656
2608 2443 776
2608 688 203
2609 2791 893
2609 1604 316
2609 1540 434
2609 561 938
2609 3823 120
2609 1579 383
2610 2916 416
2610 3917 306
2610 1158 342
2610 3356 990
2610 2843 53
2610 2002 873
2610 452 148
2610 554 407
2610 2753 921
2610 3182 345
2611 1532 434
2611 1806 129
2611 2637 971
2611 2608 386
2611 128 119
2611 3782 368
2611 3464 501
2612 1874 334
2612 152 203
2612 536 709
2612 0 981
2612 3398 211
2612 2209 358
2613 545 971
2613 1774 472
2613 368 163
2613 1826 138
2613 151 794
2613 1822 105
2613 1038 566
2613 762 992
2614 664 34
2614 1438 211
2614 2695 760
2614 3386 957
2614 649 384
2614 1769 953
2614 1841 598
2615 169 427
2615 989 326
2615 1361 933
2615 2997 466
2616 2285 164
2616 687 700
2616 2193 732
2616 2085 948
2617 3988 626
2617 3347 658
2617 1031 760
2617 2898 111
2617 1945 954
2618 2677 85
2619 2254 159
2619 440 544
2619 1654 212
2619 3049 270
2619 1782 492
2620 53 195
2620 3642 271
2620 2016 107
2620 273 731
2621 2624 896
2621 843 927
2621 3364 349
2621 3726 969
2621 1694 152
2622 2549 142
2622 1496 186
2622 2011 101
2623 1192 434
2624 2908 559
2624 2835 640
2625 1708 391
2625 1279 786
2625 3800 510
2625 988 265
2625 702 13
2625 1886 68
2625 309 20
2625 3285 607
2626 2209 473
2626 3757 826
2626 2838 116
2627 2894 245
2627 3399 79
2627 1909 782
2627 1445 634
2628 1884 995
2628 1731 419
2628 135 835
2628 3903 557
2628 2620 441
2628 2421 221
2629 2552 117
2629 1374 291
2630 1452 767
2630 2781 444
2630 2595 183
2630 1295 302
2630 2928 597
2630 2125 952
2630 1857 484
2631 714 94
2631 2295 373
2631 1623 898
2631 3472 300
2631 3981 803
2631 634 366
2632 3395 706
2632 1394 550
2632 1571 335
2632 45 634
2632 2261 857
2632 1684 946
2633 2053 379
2633 3084 386
2633 2612 393
2634 1463 227
2634 1290 546
2634 1815 110
2635 3277 355
2635 3147 6
2635 945 499
2636 2137 566
2636 596 978
2636 3404 857
2636 1693 876
2636 3032 779
2637 474 733
2637 454 894
2637 627 366
2637 3303 978
2638 2362 18
2638 1801 479
2638 2578 45
2639 2080 260
2639 3110 8
2639 3209 552
2639 1282 524
2639 1997 375
2640 3441 223
2640 2132 547
2640 2777 576
2640 1452 669
2640 3691 198
2640 3176 862
2640 3954 436
2641 1044 937
2641 3050 735
2641 3600 998
2641 1771 476
2641 1497 573
2642 788 243
2642 2462 235
2643 2976 320
2643 3995 957
2644 2588 305
2644 2325 31
2644 1281 635
2644 3440 497
2644 1225 969
2644 2846 313
2645 1636 653
2645 3181 848
2645 3797 574
2645 3247 601
2646 179 954
2646 3520 905
2646 2402 301
2646 1257 493
2646 633 2
2647 2384 447
2647 2610 659
2648 807 548
2648 1869 422
2648 3895 155
2648 1375 235
2648 2213 70
2649 2072 649
2649 3639 502
2649 3794 742
2649 1233 342
2649 3280 619
2649 2471 448
2649 3660 957
2649 2478 611
2649 3588 635
2650 3890 149
2650 2293 765
2651 3551 383
2651 2187 506
2651 3063 547
2651 186 616
2652 2474 798
2652 2303 721
2652 574 565
2652 3663 428
2652 3270 242
2653 3679 981
2653 3855 963
2653 2517 306
2653 3958 477
2653 3567 413
2653 3676 449
2654 973 776
2654 773 119
2654 1317 388
2654 1088 131
2654 10 627
2655 1547 71
2655 86 241
2655 1276 942
2655 2966 350
2656 3533 57
2656 684 862
2656 3682 922
2656 1700 769
2657 421 229
2657 354 64
2658 3641 246
2658 2816 641
2658 1641 785
2658 3771 453
2659 1482 306
2659 3593 461
2659 3382 711
2659 3305 426
2659 2109 455
2660 3747 734
2660 840 176
2661 900 372
2661 2284 298
2661 2368 235
2661 2593 532
2661 3872 935
2661 3544 240
2661 2308 922
2661 334 427
2661 145 807
2661 1062 779
2662 3141 510
2662 1368 647
2662 383 55
2662 3653 956
2662 955 627
2663 448 181
2663 2069 736
2663 861 782
2663 2568 200
2663 1057 486
2663 831 424
2663 3627 901
2663 1602 417
2663 1631 448
2664 3707 588
2664 617 350
2664 243 359
2664 278 821
2664 1978 798
2665 1190 670
2665 1134 385
2665 3342 242
2665 2392 821
2665 231 432
2666 875 173
2666 2464 489
2666 1725 157
2667 2476 540
2667 2538 155
2667 2231 123
2667 2542 114
2667 1294 867
2667 3893 559
2667 1904 204
2667 3581 24
2669 1111 938
2669 368 188
2669 1975 73
2669 16 186
2669 1889 550
2669 1906 837
2670 1957 206
2670 1935 803
2670 1643 975
2670 2402 113
2670 3919 895
2670 1679 227
2671 1431 472
2671 2268 967
2671 2756 865
2671 1974 549
2671 731 891
2671 1278 163
2671 2969 509
2672 2432 955
2672 2137 528
2672 318 6
2672 378 553
2672 3793 508
2672 1538 223
2673 215 800
2674 3582 729
2674 2847 555
2674 1817 427
2674 827 309
2674 1091 248
2674 3943 760
2674 1507 590
2675 3631 594
2675 3549 685
2675 3521 616
2676 956 493
2676 2107 823
2676 1334 30
2677 1661 913
2677 2389 916
2677 3356 142
2677 3757 933
2677 3924 881
2677 3881 820
2678 538 698
2678 3079 990
2678 350 121
2679 2580 432
2679 3116 408
2679 3351 255
2679 3740 260
2679 1297 651
2679 2232 644
2679 3720 838
2680 1641 915
2680 1467 490
2680 3632 636
2680 1307 660
2680 1814 799
2681 1807 621
2681 177 241
2681 1822 31
2681 1374 978
2681 2793 621
2682 3882 450
2682 2491 647
2682 1642 498
2682 523 375
2682 1373 989
2683 1217 311
2683 2812 341
2683 1887 315
2684 2318 195
2684 851 724
2684 1491 385
2684 21 968
2684 686 800
2685 3313 464
2685 1643 238
2685 3484 446
2685 2121 593
2685 3149 311
2686 3877 99
2686 2956 605
2686 986 468
2686 3343 2
2687 1414 460
2687 877 674
2687 1651 127
2688 159 317
2688 810 842
2689 3834 836
2689 1749 363
2689 3612 26
2691 1776 498
2691 3788 803
2691 2707 615
2691 2129 133
2691 164 837
2692 2761 370
2692 3847 429
2692 1655 439
2692 748 43
2692 522 606
2693 1507 74
2693 1001 265
2693 1499 348
2693 2294 486
2693 3781 812
2694 968 916
2694 2939 69
2694 1762 845
2694 2683 917
2694 2581 171
2695 339 850
2695 2616 665
2695 1414 392
2695 2645 256
2695 2473 563
2695 3413 633
2695 2768 895
2696 3829 371
2696 3170 758
2696 3228 461
2696 2039 115
2697 3726 4
2697 96 258
2697 1419 66
2697 2660 722
2697 1947 647
2697 3215 817
2698 2569 71
2698 2243 36
2698 2066 828
2698 1192 949
2698 1708 481
2699 802 639
2699 2423 774
2699 675 361
2699 283 483
2700 1057 561
2700 1700 307
2700 3694 327
2700 3974 11
2700 2189 96
2700 922 267
2700 3088 660
2700 3353 351
2701 2843 625
2701 838 282
2701 663 367
2701 2171 635
2701 1634 927
2702 2638 223
2702 1166 215
2702 3139 972
2702 3030 79
2702 3301 807
2703 947 852
2703 3013 412
2703 1606 97
2704 2728 641
2704 2536 696
2705 27 507
2705 613 367
2706 1046 92
2706 1244 818
2706 3096 17
2706 1171 325
2707 1187 662
2707 3914 496
2708 2870 492
2709 1997 370
2709 371 522
2709 1704 998
2710 701 103
2710 2407 566
2710 2031 889
2710 1929 201
2711 2944 213
2711 3519 169
2711 3075 729
2711 3556 620
2712 1241 655
2713 524 885
2713 1196 266
2713 3476 214
2713 2757 548
2713 1984 624
2713 1268 85
2714 873 549
2714 1281 509
2714 3036 615
2715 1651 68
2715 1113 280
2715 618 746
2715 1180 102
2715 527 611
2716 2748 475
2716 3088 83
2717 1978 229
2717 1068 672
2717 1808 263
2717 1779 482
2718 3129 491
2718 2154 84
2718 3341 46
2718 1197 896
2718 1680 291
2718 1415 894
2719 1270 296
2719 2196 703
2719 925 363
2719 1186 234
2719 698 927
2719 750 69
2719 631 65
2719 587 112
2720 3373 244
2720 3446 771
2720 3723 192
2720 3545 210
2721 2515 854
2721 1129 8
2722 2671 993
2722 245 682
2722 1003 913
2722 2277 696
2722 1133 542
2722 1260 129
2722 2933 679
2723 3988 409
2723 245 743
2723 1207 95
2723 243 787
2723 3088 646
2724 1709 224
2724 1287 877
2724 2379 497
2725 1967 925
2725 3255 606
2725 991 938
2725 1896 986
2725 793 196
2726 977 935
2726 688 700
2726 2098 780
2727 3827 185
2727 2009 145
2728 3831 791
2728 1015 373
2728 635 194
2728 3230 56
2728 3436 279
2728 532 106
2728 3836 730
2729 2523 846
2729 2107 319
2729 3818 406
2729 3373 100
2729 3751 860
2729 2797 126
2729 766 178
2729 956 77
2730 837 985
2730 1568 898
2731 2648 407
2731 620 326
2731 1485 808
2731 2802 858
2732 2229 656
2732 2562 681
2732 2970 128
2733 693 524
2733 3100 666
2733 158 243
2733 1421 79
2733 1056 842
2734 3422 798
2734 2255 980
2734 2116 801
2734 3192 453
2734 165 122
2734 1233 698
2735 1279 958
2735 13 295
2735 557 77
2735 437 294
2735 2691 825
2735 2733 455
2735 2871 912
2736 3248 105
2736 3942 832
2736 1744 626
2736 2286 605
2737 1771 138
2737 1794 202
2737 1159 736
2737 1735 433
2737 49 66
2737 2047 539
2738 1777 845
2738 1392 603
2738 3447 266
2738 2785 373
2738 2810 709
2738 3580 474
2739 745 11
2739 796 861
2739 1462 703
2739 3445 263
2739 2655 336
2740 2640 705
2740 2298 915
2740 2835 328
2740 3902 90
2741 879 414
2741 3799 135
2741 2071 856
2742 1085 976
2742 1298 906
2742 2974 927
2742 3242 263
2743 3523 382
2743 1978 78
2744 1111 330
2744 634 23
2744 720 690
2744 701 641
2745 2422 742
2745 2 568
2745 992 353
2745 3281 47
2745 1053 78
2746 779 995
2746 988 221
2746 3549 817
2746 1319 169
2746 477 986
2746 3911 301
2746 1071 963
2746 1285 430
2747 956 515
2747 2717 774
2747 2922 491
2747 1713 135
2747 365 912
2748 2266 371
2748 3269 521
2749 1493 422
2749 2682 225
2749 803 57
2749 1475 993
2750 3307 570
2750 1179 761
2751 1904 768
2751 3875 795
2751 2493 259
2751 1114 526
2752 3654 631
2752 366 703
2752 21 635
2753 3117 755
2753 3287 757
2753 341 322
2754 1342 279
2754 1165 952
2754 3174 851
2754 3903 253
2754 659 516
2755 3179 134
2755 3471 993
2756 2210 187
2756 2722 478
2756 2541 690
2757 648 599
2757 2290 952
2757 171 903
2757 2350 747
2757 124 206
2757 2278 548
2757 2228 982
2757 2332 324
2757 1695 969
2757 1055 440
2758 1000 425
2758 1328 720
2758 1181 792
2758 1242 786
2758 3290 342
2758 2924 875
2759 329 568
2759 2777 544
2759 3157 594
2759 2686 81
2759 2963 630
2759 754 232
2760 588 783
2760 3852 691
2760 2507 659
2761 1344 402
2761 512 741
2761 1057 655
2761 320 472
2761 1007 909
2762 1122 757
2762 3744 645
2763 2697 887
2763 1182 800
2764 3072 330
2764 899 982
2764 1358 839
2765 776 81
2765 3199 667
2765 277 859
2765 343 3
2765 3321 23
2765 3270 771
2766 3098 197
2766 2456 944
2767 2376 712
2767 3083 135
2767 1606 383
2768 1446 202
2768 3598 379
2768 423 819
2768 3916 819
2768 3943 331
2768 2 239
2768 3661 361
2769 1024 780
2769 2349 460
2769 1973 35
2769 364 855
2769 1768 895
2769 3743 852
2770 2768 218
2770 2635 143
2770 3540 677
2770 2414 821
2771 3271 769
2771 822 967
2772 1712 262
2772 2384 505
2772 1146 62
2772 3420 426
2772 3446 118
2773 1873 205
2773 2604 273
2773 3095 721
2773 610 35
2773 2344 826
2773 1571 761
2773 1391 917
2774 2691 557
2774 535 495
2774 3256 994
2774 758 586
2774 3952 946
2775 3049 801
2775 3418 185
2775 612 192
2776 239 866
2776 3350 516
2776 3678 890
2777 2319 269
2777 466 405
2778 420 232
2778 3938 58
2779 1290 161
2779 2802 810
2779 3423 935
2779 3214 785
2779 264 410
2780 2910 358
2780 246 492
2780 2823 247
2780 3219 364
2780 43 964
2780 1344 396
2780 3812 542
2780 1863 803
2781 862 184
2781 2293 898
2781 926 393
2781 2949 400
2782 2087 621
2782 3090 708
2782 1984 361
2782 1047 533
2782 2359 438
2783 106 442
2783 2046 546
2783 1628 846
2784 2030 353
2784 296 641
2785 9 113
2785 1367 941
2785 1439 414
2785 3640 483
2786 352 842
2786 3105 413
2786 968 61
2787 3752 563
2787 2630 821
2788 2574 752
2788 3984 854
2788 3095 39
2788 3465 804
2788 3678 154
2789 378 258
2789 2105 322
2789 2993 567
2790 934 464
2790 3288 122
2791 2631 531
2791 2570 131
2791 18 887
2791 316 956
2792 3347 124
2792 611 10
2792 550 851
2793 3753 417
2793 3137 631
2793 7 861
2794 11 383
2794 124 453
2794 3245 461
2794 2652 191
2794 1788 100
2794 2951 820
2795 1890 605
2795 454 291
2795 210 104
2795 605 309
2796 945 261
2796 2137 755
2796 3303 311
2796 3154 843
2796 3021 590
2797 1623 326
2797 2210 622
2797 57 539
2797 3215 923
2798 224 968
2798 3774 866
2798 1943 183
2799 2594 277
2799 588 185
2799 3287 855
2799 2973 912
2800 2744 771
2800 2186 30
2800 378 957
2801 3857 127
2801 3323 29
2801 747 196
2802 790 844
2802 3463 594
2802 3557 862
2802 3978 665
2802 3851 837
2802 992 448
2802 1974 491
2802 2754 89
2803 427 644
2805 2431 118
2805 1183 859
2805 121 924
2805 1383 538
2805 20 211
2805 1801 290
2805 1582 888
2806 2598 767
2806 3782 525
2806 2728 841
2806 2159 544
2806 1672 785
2806 2527 692
2807 582 369
2807 218 504
2807 3613 330
2807 2437 905
2808 2489 415
2808 2953 773
2808 1041 267
2808 267 695
2809 1872 812
2809 2415 136
2809 1339 855
2809 802 739
2809 2553 772
2809 2991 188
2809 2428 964
2809 939 511
2810 1810 900
2810 590 637
2811 1293 852
2811 1174 907
2811 2792 19
2812 2522 929
2813 3722 413
2813 3483 570
2813 740 881
2814 2573 476
2815 2021 413
2815 2673 683
2815 3210 730
2815 3148 861
2815 3647 81
2816 761 637
2816 1569 483
2816 1453 827
2817 2320 405
2817 1992 455
2817 2858 294
2817 931 367
2819 664 26
2819 1959 679
2819 3746 838
2820 282 449
2820 2377 431
2821 2564 486
2821 1572 67
2821 3004 528
2821 2800 590
2821 2884 315
2822 126 574
2822 3522 664
2822 572 48
2822 84 395
2822 2736 411
2822 1851 585
2822 2076 513
2823 3834 700
2823 351 149
2823 1130 319
2823 455 374
2823 673 876
2823 2604 896
2823 3497 383
2823 850 199
2824 3624 570
2824 693 262
2825 2949 707
2825 2669 646
2826 3477 373
2826 3445 819
2826 1030 942
2826 1618 823
2826 3547 208
2826 3580 881
2827 1580 938
2827 1527 323
2827 2901 170
2827 446 83
2827 3079 685
2827 2174 372
2828 1352 43
2828 825 755
2829 3342 832
2829 2947 883
2830 2045 535
2830 1058 201
2830 2567 765
2830 67 463
2830 724 721
2831 2418 218
2831 976 329
2831 733 672
2832 3202 70
2832 580 641
2832 2008 279
2832 3966 389
2832 3715 430
2833 1339 818
2833 1761 904
2833 3626 546
2833 1923 466
2834 3540 890
2834 1090 417
2834 3894 460
2834 2546 856
2834 1541 232
2834 600 585
2834 3299 998
2834 930 761
2835 1185 219
2835 3622 957
2835 1897 930
2836 3189 249
2837 3134 422
2837 3050 952
2838 1831 993
2838 413 272
2838 741 589
2839 3834 718
2839 1978 595
2839 1044 257
2839 412 329
2839 2291 618
2840 3573 652
2840 35 34
2840 650 246
2840 3772 239
2841 3877 315
2841 2696 525
2841 1892 751
2841 781 676
2842 1465 486
2842 2145 644
2842 399 211
2842 1531 156
2842 3922 772
2842 638 324
2842 1891 882
2843 3507 905
2843 2681 565
2843 255 614
2844 3071 775
2844 79 320
2844 2918 604
2844 2810 713
2846 2348 938
2846 3555 62
2846 993 139
2847 2056 411
2847 2363 642
2847 3955 654
2847 1243 676
2847 2620 851
2848 2318 217
2848 403 410
2848 1446 629
2848 597 927
2849 3806 522
2849 2567 732
2849 3602 629
2849 322 31
2849 1978 81
2849 1447 829
2850 780 512
2850 1202 912
2850 1544 646
2850 3260 101
2850 2327 973
2850 3219 417
2850 3601 379
2850 1649 360
2851 466 553
2851 1865 447
2851 3325 654
2851 1256 10
2851 856 893
2851 728 578
2852 201 525
2852 1729 608
2852 3148 993
2852 0 62
2853 1374 771
2853 129 362
2853 3753 148
2853 599 508
2853 634 43
2854 784 25
2854 1908 284
2854 1109 828
2854 3511 42
2855 207 14
2855 3311 930
2855 2468 652
2855 868 57
2856 1295 295
2856 3785 104
2856 2136 871
2856 893 620
2856 494 415
2856 1845 384
2856 801 637
2856 2540 954
2857 3995 535
2857 1503 147
2858 1406 81
2858 2227 540
2858 1770 93
2859 2387 133
2859 2393 266
2860 2691 736
2860 2375 192
2861 2049 97
2861 1869 530
2861 3715 791
2861 724 180
2861 1740 535
2861 3384 117
2862 3176 722
2862 3634 663
2863 3004 738
2863 1335 154
2863 2056 310
2863 1967 223
2863 2741 646
2863 354 727
2863 2937 553
2864 412 654
2864 2415 284
2864 3865 222
2864 2082 535
2865 676 886
2865 3584 350
2865 388 305
2866 3731 877
2866 707 351
2866 1484 460
2866 1364 973
2866 3245 917
2866 3641 547
2866 2802 708
2867 2433 99
2868 1159 978
2868 3397 362
2868 2190 965
2869 1743 396
2869 517 634
2870 1295 144
2870 3904 253
2870 2660 895
2870 3893 600
2870 2247 610
2871 1841 144
2871 797 63
2871 1256 432
2872 245 720
2872 3725 802
2872 2044 533
2873 3525 100
2873 11 577
2873 867 492
2873 594 796
2874 300 580
2874 3428 501
2874 1079 207
2875 3201 314
2875 2761 915
2875 606 375
2875 3504 412
2875 253 910
2875 3358 688
2876 3182 292
2876 2302 716
2877 3802 953
2877 477 549
2877 840 459
2877 1444 21
2879 1445 193
2879 2334 652
2879 2595 281
2880 1549 692
2880 238 247
2880 3811 407
2881 2442 215
2881 839 821
2881 333 704
2881 1730 651
2883 3050 905
2884 3411 656
2884 2175 802
2884 1077 446
2884 2113 806
2884 3728 422
2885 777 551
2885 2520 379
2885 1758 89
2885 0 336
2885 3222 337
2885 3846 329
2885 1366 591
2886 3614 619
2887 3038 173
2887 3407 954
2887 2230 281
2887 3471 113
2887 1218 682
2887 2256 299
2887 1277 645
2888 3418 81
2888 3015 855
2889 2136 753
2889 58 411
2890 226 87
2890 1351 107
2890 2229 620
2890 3461 430
2891 330 970
2891 3492 532
2891 210 534
2891 1284 970
2892 3030 561
2892 3792 553
2892 1071 170
2892 221 300
2892 2296 547
2892 1442 833
2894 2343 496
2894 3520 333
2894 1384 671
2894 3149 250
2894 3868 226
2894 3164 778
2894 2912 34
2894 1430 905
2894 2107 185
2895 440 819
2895 3325 423
2895 1321 906
2896 2176 632
2896 1355 827
2896 2111 496
2896 2782 117
2897 3436 42
2897 2791 695
2897 2686 70
2898 67 569
2898 1879 492
2898 1342 129
2898 3712 357
2899 123 161
2899 3114 402
2899 1944 994
2899 2590 537
2900 2371 229
2900 3824 755
2900 1345 683
2900 471 846
2900 621 487
2900 3001 301
2900 1085 193
2901 604 84
2901 3279 203
2901 2696 17
2902 757 693
2902 2000 334
2902 3234 580
2902 1523 580
2902 2020 283
2902 1214 912
2902 3404 479
2902 1493 218
2903 1345 337
2903 2134 382
2903 1290 952
2903 789 684
2903 2883 44
2903 3323 810
2904 896 489
2904 2718 380
2904 3463 660
2904 762 958
2905 156 898
2905 1875 751
2905 3127 297
2906 2822 948
2906 3661 514
2906 2186 704
2906 2351 849
2906 1000 885
2906 3384 465
2907 3542 12
2907 492 357
2907 128 777
2907 121 378
2908 2719 792
2908 1216 774
2908 499 944
2909 552 778
2909 1166 426
2909 740 326
2910 2189 625
2910 3084 144
2910 2541 552
2910 666 394
2910 1023 483
2910 153 425
2910 3536 278
2911 3673 684
2911 2785 415
2911 1244 900
2911 127 817
2911 1846 16
2912 2997 302
2912 38 271
2912 2340 269
2912 604 120
2913 566 143
2913 1792 965
2914 146 189
2914 628 411
2914 3097 71
2914 2578 910
2915 2984 428
2915 1398 329
2915 738 230
2915 1067 580
2915 3986 599
2915 1797 388
2915 2852 462
2915 3252 52
2916 2316 378
2916 897 379
2917 2952 233
2917 1177 237
2917 3029 832
2917 3626 286
2917 1885 253
2918 3359 821
2918 1686 57
2918 2253 66
2918 426 53
2918 2661 760
2919 2395 711
2919 489 14
2919 3674 308
2919 2554 969
2919 348 148
2919 2041 589
2919 2405 786
2919 1281 530
2919 31 134
2920 3100 720
2920 676 721
2920 975 746
2921 3507 699
2921 2656 397
2921 1831 463
2921 802 102
2921 611 658
2922 556 979
2922 2349 809
2923 1187 178
2923 613 222
2923 3147 834
2923 3348 370
2923 3799 25
2923 2625 653
2924 3215 661
2925 229 676
2925 2423 744
2925 2400 878
2925 1961 739
2925 314 164
2926 2426 864
2926 3420 288
2926 3536 216
2926 2136 616
2927 3107 178
2927 2421 331
2928 3805 896
2928 1925 893
2928 2540 567
2928 2891 301
2928 2398 292
2929 2514 777
2929 1700 115
2929 820 461
2929 943 379
2929 2686 962
2929 3195 606
2930 1712 591
2930 267 992
2931 212 21
2931 3490 727
2931 3616 990
2931 1585 442
2931 1694 305
2931 1054 729
2931 3597 42
2932 3228 535
2932 864 520
2932 2375 42
2932 1787 421
2932 2735 467
2932 3062 459
2933 3680 64
2933 1997 784
2933 178 293
2934 1782 898
2934 2400 934
2934 2132 452
2934 2479 310
2934 980 857
2934 899 790
2934 2451 389
2934 3952 881
2935 1487 498
2935 3326 743
2935 2314 590
2936 1276 132
2936 2622 785
2936 956 840
2936 55 261
2936 3625 28
2937 2901 924
2937 3846 351
2939 1220 195
2939 1507 65
2939 141 879
2939 493 702
2939 1648 71
2940 1680 95
2940 1546 512
2940 3401 184
2940 1198 920
2941 3719 904
2941 2140 727
2942 3012 814
2942 2061 277
2943 3661 326
2943 2076 315
2943 2365 290
2943 3831 536
2943 3656 561
2944 3174 548
2944 3609 837
2945 2171 968
2945 1717 565
2945 1682 570
2945 3783 703
2945 3048 46
2945 3848 638
2946 1977 139
2946 1198 382
2946 955 223
2946 3495 917
2946 2389 838
2947 3680 897
2947 3039 350
2947 3650 727
2947 3688 974
2947 1508 850
2947 3384 348
2948 636 326
2949 3169 902
2949 2046 892
2949 2125 396
2949 1325 830
2949 2476 327
2949 3609 279
2949 1865 783
2949 1753 882
2949 3603 612
2950 427 158
2950 2548 101
2950 3967 123
2951 1300 926
2951 215 742
2951 216 737
2951 2835 440
2952 3185 791
2952 870 792
2952 772 627
2953 967 32
2953 1547 949
2953 3190 905
2953 2212 891
2953 2663 111
2954 2312 28
2954 919 735
2954 1648 462
2955 705 377
2955 3450 750
2955 2646 488
2955 2460 725
2955 2575 155
2955 748 975
2955 2810 716
2956 1641 82
2956 2841 463
2956 1614 713
2956 3149 724
2957 3729 365
2957 2463 820
2957 2376 57
2958 1092 901
2958 3846 673
2958 3989 995
2959 2155 672
2959 600 273
2959 809 33
2959 1603 355
2959 1314 740
2960 3775 284
2960 855 85
2961 3063 789
2961 896 258
2961 1779 498
2961 596 912
2962 2468 56
2963 867 779
2963 744 791
2964 3638 179
2964 52 379
2964 2003 229
2964 3041 911
2965 1427 923
2965 982 160
2965 1216 887
2966 2263 364
2966 2171 148
2966 1900 986
2966 3127 280
2967 3919 997
2967 1131 973
2967 304 683
2967 1318 62
2967 2866 883
2967 1863 615
2967 3523 798
2967 2638 565
2968 1156 55
2968 90 573
2968 1251 15
2968 2581 302
2969 1160 235
2969 3684 505
2969 915 903
2969 554 2
2970 186 574
2970 578 331
2970 2152 1000
2970 163 169
2971 1530 137
2971 366 67
2971 3632 696
2973 2982 360
2973 494 887
2973 1715 44
2973 1297 259
2973 1217 412
2973 3626 31
2973 384 382
2974 1511 876
2975 3980 310
2975 1237 110
2975 67 833
2975 2844 562
2975 716 917
2975 2349 404
2976 1621 860
2976 3297 594
2976 3427 189
2976 770 932
2978 1137 420
2978 3755 521
2978 3214 20
2978 3355 274
2978 2896 705
2979 3791 728
2979 2747 949
2979 646 661
2979 333 127
2979 1524 125
2980 1411 478
2980 1002 981
2982 2996 295
2982 748 329
2982 2912 780
2983 1201 187
2983 1221 173
2983 1916 85
2983 74 134
2983 3330 101
2983 601 486
2983 2502 283
2984 563 592
2984 2149 224
2984 2789 264
2984 351 202
2984 3694 170
2984 804 183
2984 3100 341
2985 2778 760
2985 831 677
2986 3693 721
2986 110 257
2986 3016 559
2986 1245 568
2987 2797 734
2988 1944 507
2988 3844 297
2988 828 502
2988 303 203
2989 1684 26
2989 191 383
2989 2624 170
2989 3195 917
2989 640 133
2989 1228 644
2990 1079 576
2990 197 546
2990 1986 149
2990 98 211
2990 2136 815
2990 933 523
2990 2758 651
2991 3230 377
2992 241 189
2992 847 603
2992 3660 493
2992 2511 840
2992 2352 295
2992 2570 109
2993 3788 233
2994 597 48
2995 167 875
2995 1215 334
2995 3328 443
2995 959 927
2995 2890 439
2995 2021 13
2996 1665 246
2996 2001 113
2996 1688 811
2997 840 73
2997 2161 641
2997 118 644
2998 3176 538
2998 3325 914
2998 422 431
2998 1890 724
2998 3195 250
2998 190 228
2998 102 907
2998 751 518
2998 3406 639
2998 2028 822
2999 830 671
2999 3398 296
2999 3088 285
2999 2375 652
2999 1720 571
2999 17 429
2999 987 383
2999 1995 255
2999 114 652
2999 2395 170
3000 2458 535
3000 2195 442
3000 685 303
3000 1711 907
3000 3978 428
3000 944 567
3000 3782 266
3000 1018 292
3002 875 245
3002 2789 443
3002 1083 808
3002 180 86
3003 677 37
3003 2805 711
3003 1264 956
3003 611 669
3004 3251 60
3004 2285 772
3004 1936 976
3004 1822 600
3005 3096 84
3005 836 680
3006 3120 785
3006 892 761
3006 286 327
3007 810 5
3007 376 478
3007 1782 9
3008 1006 156
3008 1522 361
3008 352 399
3008 937 830
3009 2926 742
3009 3045 902
3009 1232 34
3009 885 738
3009 2819 192
3010 3416 193
3010 3555 289
3010 2690 447
3010 3962 823
3011 1040 634
3011 28 236
3011 605 275
3011 2618 972
3011 2247 796
3012 453 5
3012 1435 719
3012 2465 922
3012 2767 366
3012 465 789
3012 597 540
3012 1232 600
3013 1354 984
3013 287 106
3013 2328 103
3013 637 801
3013 1905 677
3013 1275 292
3014 1528 848
3014 2733 370
3014 1249 910
3014 2738 438
3014 3942 241
3015 2546 46
3015 3764 513
3015 1769 714
3015 1730 565
3016 353 893
3017 3182 233
3017 2915 435
3018 3996 331
3018 1658 670
3018 3175 481
3019 2127 146
3019 3733 835
3020 1385 19
3020 1465 622
3020 2156 973
3020 1188 17
3021 1064 512
3022 453 243
3022 2383 280
3022 3426 470
3022 3331 628
3022 250 274
3022 2067 369
3022 2723 373
3023 2335 860
3023 1807 322
3024 1647 315
3025 2265 642
3026 1841 691
3026 1527 541
3026 1105 870
3026 354 912
3027 3940 798
3027 703 296
3027 3290 400
3027 42 781
3027 3983 785
3028 921 228
3028 3143 231
3028 2425 795
3028 2898 382
3028 1273 933
3029 1775 8
3029 1376 501
3030 1601 653
3030 2328 679
3030 913 479
3031 2357 487
3031 1203 406
3032 1873 824
3032 158 686
3032 3184 845
3032 1967 278
3033 3536 88
3033 1852 197
3034 1122 63
3034 1465 58
3034 198 426
3034 3832 421
3034 2870 754
3034 1846 133
3035 288 430
3035 1756 821
3035 601 323
3035 3312 537
3035 3284 771
3036 2069 930
3036 1618 599
3036 376 210
3036 1212 616
3036 1622 720
3036 3303 33
3036 3752 105
3036 3346 362
3037 1539 142
3037 1024 6
3038 1569 584
3038 1998 345
3038 3533 440
3038 587 438
3039 580 387
3039 3813 120
3039 515 525
3039 2837 143
3039 2372 979
3039 452 355
3039 2436 436
3039 3289 468
3040 1023 715
3041 2135 585
3041 2742 656
3041 2439 577
3041 3293 313
3041 3813 227
3042 1787 952
3042 3515 525
3042 413 184
3043 3188 458
3043 897 707
3043 1243 258
3043 2266 650
3044 1102 477
3044 1796 364
3044 3321 794
3044 2061 763
3045 990 81
3045 3547 337
3045 1086 919
3045 623 333
3045 3899 527
3045 1350 744
3046 1943 575
3046 1394 359
3046 3568 164
3047 897 957
3047 399 831
3047 956 486
3048 1371 302
3048 1061 180
3048 20 449
3048 869 483
3048 858 689
3049 3540 158
3049 3404 224
3049 3577 62
3049 2482 609
3049 1931 463
3050 1383 301
3050 132 898
3050 3082 332
3050 3019 220
3050 1281 189
3051 3788 440
3051 3261 249
3051 2452 119
3052 2887 846
3052 3155 203
3052 1637 741
3052 229 889
3052 3618 535
3052 2512 158
3053 1686 869
3053 1349 714
3053 1410 303
3053 491 883
3053 3739 264
3053 2215 68
3054 2617 957
3054 2536 576
3056 1369 400
3056 3098 181
3057 1290 912
3057 1702 360
3057 688 69
3058 325 638
3058 2392 258
3058 3039 770
3058 122 936
3058 2965 313
3058 3912 582
3058 240 555
3059 1494 507
3059 2804 500
3059 1502 79
3059 1873 34
3060 646 731
3060 1664 791
3060 3271 571
3060 3125 846
3060 3196 986
3060 636 869
3060 815 628
3061 3351 82
3061 792 381
3062 3360 819
3062 1420 271
3063 2877 306
3063 2007 816
3063 1424 739
3064 1990 576
3064 3957 316
3064 378 311
3064 609 80
3064 3813 920
3064 1751 182
3064 1317 197
3065 3197 883
3065 3282 394
3066 1122 59
3066 188 752
3066 2056 899
3066 939 907
3067 668 206
3067 3064 35
3067 3343 746
3067 3972 149
3067 3921 815
3068 1591 341
3068 1246 681
3068 554 612
3068 576 259
3068 2557 912
3068 705 584
3070 765 495
3070 1854 666
3070 2742 968
3070 1429 727
3070 1683 654
3070 1584 962
3071 2644 315
3071 2351 537
3071 2121 351
3071 1233 153
3071 1383 365
3071 2121 237
3072 3912 209
3072 2906 704
3072 3943 390
3072 1816 19
3073 2422 400
3073 537 981
3073 242 475
3073 1809 851
3074 1625 631
3074 2764 331
3074 2793 610
3074 2684 677
3075 3040 91
3075 2371 383
3075 3175 80
3075 1330 843
3075 2271 158
3075 2028 413
3075 3046 753
3076 2492 486
3076 1656 277
3076 1512 763
3076 2859 997
3076 3970 356
3077 1776 159
3078 1854 136
3078 3089 981
3078 2810 663
3078 1698 519
3079 1570 172
3079 371 529
3079 647 753
3079 600 116
3079 3411 65
3080 2224 20
3080 1192 121
3080 1150 344
3080 95 352
3081 2386 570
3081 3712 744
3081 2016 792
3081 928 134
3082 1151 721
3083 2110 230
3083 3174 642
3083 2408 93
3083 192 640
3084 3426 107
3084 512 112
3084 2790 220
3084 1352 653
3085 3043 900
3085 1179 371
3085 134 862
3085 2510 406
3085 2958 867
3086 2314 844
3086 1100 347
3086 3847 295
3086 1207 648
3086 3715 44
3086 2365 380
3087 3104 300
3088 3844 638
3088 2457 751
3088 2033 491
3089 1748 171
3090 2207 960
3090 2838 482
3090 891 701
3090 283 661
3090 3517 709
3091 1975 856
3091 2728 717
3091 2045 878
3091 816 241
3091 1604 613
3091 557 149
3091 3976 493
3091 1445 570
3091 2120 61
3091 1138 409
3092 60 463
3092 3196 910
3092 1519 331
3092 3932 723
3093 3683 82
3093 3989 227
3093 3297 209
3093 3202 224
3094 3253 310
3094 2108 504
3094 2363 232
3095 203 975
3095 806 9
3096 150 196
3097 3048 22
3097 2492 670
3097 2526 496
3098 3141 860
3098 1149 503
3099 3863 449
3099 785 941
3099 558 124
3099 3531 313
3099 515 219
3100 39 756
3100 2627 214
3100 1520 233
3100 2886 541
3100 2671 268
3101 1828 525
3101 462 168
3101 1584 149
3102 3778 191
3102 2143 61
3102 2832 125
3102 3346 513
3103 2240 631
3103 3611 314
3103 2688 751
3104 3369 806
3105 2270 26
3105 2800 625
3105 1974 301
3106 2876 299
3106 3469 816
3106 1575 260
3106 3633 42
3106 1551 212
3107 3889 190
3107 930 75
3108 2900 756
3108 873 180
3108 814 600
3108 1864 309
3108 3817 846
3108 506 259
3108 1151 726
3108 2788 171
3108 2205 900
3109 45 464
3109 3982 711
3109 1940 491
3109 3887 120
3110 1914 272
3110 195 91
3110 2656 419
3110 1475 716
3111 2938 813
3111 2473 975
3111 2281 963
3111 1725 195
3111 3153 216
3112 2732 294
3112 523 351
3113 507 980
3113 2613 258
3113 663 439
3114 3353 500
3114 2131 677
3114 89 717
3115 3451 81
3115 3791 809
3115 2612 891
3115 3270 158
3115 1571 481
3116 1474 501
3116 2292 770
3116 3312 606
3116 3939 393
3117 3463 805
3117 1252 643
3117 666 378
3117 73 762
3118 234 940
3118 3273 247
3118 1884 391
3118 3212 307
3119 1688 671
3119 3611 964
3119 3927 749
3119 3837 920
3119 1323 903
3119 3003 188
3119 2744 831
3119 2280 477
3119 821 809
3119 232 542
3120 3099 787
3120 3933 204
3120 855 424
3122 3044 700
3122 308 448
3122 598 667
3122 2831 529
3122 2232 91
3123 3093 219
3123 2949 283
3123 667 929
3123 3087 262
3123 79 848
3123 1457 162
3123 1169 37
3123 3956 146
3124 2535 398
3125 588 458
3125 3157 518
3125 3888 823
3125 3800 500
3125 895 654
3125 722 372
3126 3010 700
3126 3958 133
3126 3540 34
3126 131 440
3127 3417 105
3127 2223 802
3128 876 686
3128 3897 207
3128 2413 502
3128 1677 381
3128 793 227
3128 2592 129
3129 3687 495
3129 3710 910
3129 145 398
3130 133 161
3130 2417 58
3130 2969 232
3131 1574 367
3131 2198 759
3131 661 326
3131 295 710
3131 2988 953
3132 349 133
3132 3955 317
3132 3201 934
3132 3252 497
3132 1475 503
3133 3843 132
3133 2824 29
3133 902 267
3133 568 861
3133 779 487
3133 1278 173
3134 624 698
3134 1505 418
3134 2271 733
3135 3311 77
3135 2566 484
3135 3169 313
3135 697 455
3136 3761 35
3136 292 957
3136 171 735
3137 3159 750
3137 2616 275
3137 775 706
3137 3315 723
3137 334 495
3137 1731 254
3138 1398 229
3138 3592 240
3138 3946 116
3139 823 434
3139 68 12
3139 1096 59
3139 2426 853
3140 3915 130
3140 3564 648
3140 2589 404
3141 1780 951
3141 1902 990
3141 2642 31
3142 3141 552
3142 345 977
3142 1675 724
3142 1979 813
3143 2924 642
3143 839 28
3143 389 774
3144 2881 460
3144 2443 858
3144 1241 148
3144 2748 324
3144 2109 203
3145 3499 913
3145 3229 201
3145 2873 712
3145 3627 856
3145 1861 143
3146 3712 246
3147 567 274
3147 635 556
3147 113 308
3147 734 836
3148 1734 624
3148 3560 748
3148 2376 102
3149 462 878
3149 2900 74
3149 2810 448
3149 2795 201
3149 2805 485
3149 532 925
3150 741 626
3150 295 848
3150 2888 154
3150 2267 268
3150 2893 235
3151 3006 105
3151 1244 518
3151 311 495
3151 831 906
3151 200 849
3151 310 952
3151 2535 843
3151 2274 627
3151 1854 389
3151 2958 854
3152 1727 732
3152 3997 373
3152 2335 313
3152 424 844
3152 96 696
3153 3784 474
3154 130 824
3154 3648 576
3154 3218 434
3154 1815 29
3154 873 944
3154 2935 601
3155 2602 830
3155 410 547
3155 864 811
3155 467 914
3156 1182 777
3156 2762 948
3156 4 771
3156 3831 455
3156 2077 850
3157 2155 450
3158 884 90
3158 1254 194
3158 807 365
3158 486 41
3158 3540 260
3158 3478 801
3158 1344 881
3158 3887 529
3159 968 815
3159 130 332
3159 1692 107
3159 1530 25
3159 1460 231
3159 2242 739
3160 3605 225
3160 397 857
3160 3397 580
3160 50 274
3160 1129 21
3161 228 215
3161 2962 705
3161 1036 444
3161 993 735
3162 2928 235
3162 891 202
3162 525 408
3162 1357 889
3163 2406 160
3163 3243 146
3163 2150 413
3163 2697 582
3164 3003 82
3164 3631 173
3164 2170 720
3164 3488 301
3164 278 966
3164 342 771
3164 2367 143
3164 25 495
3165 3756 306
3165 2937 969
3165 2332 526
3166 2371 543
3166 1207 817
3166 2097 323
3166 164 554
3167 3726 288
3167 1560 468
3167 586 842
3168 1627 85
3168 2682 529
3168 3679 60
3168 467 449
3168 2529 902
3169 2530 333
3169 2475 642
3169 3969 782
3169 1009 949
3169 2921 534
3169 1682 161
3169 625 223
3169 2527 268
3169 1311 385
3170 1715 361
3170 2463 209
3170 530 475
3171 93 94
3171 718 938
3171 1509 409
3171 1235 946
3171 2087 494
3172 588 704
3172 1149 117
3172 3971 378
3172 353 999
3173 1860 704
3173 846 696
3173 2586 743
3173 1313 270
3173 1052 691
3174 2242 426
3174 270 497
3175 2600 645
3176 3598 896
3176 2036 618
3177 3526 359
3177 647 296
3177 2295 70
3177 798 809
3177 3321 802
3178 435 650
3178 1336 578
3179 3001 164
3179 348 630
3179 3401 255
3179 1904 732
3179 147 25
3179 3089 742
3180 3885 408
3180 3370 358
3181 1105 522
3181 110 648
3181 2332 13
3181 2007 224
3181 800 752
3182 2859 37
3182 3476 998
3182 2594 480
3182 1063 558
3182 2393 340
3182 1942 701
3182 69 483
3182 2240 445
3183 180 436
3183 2741 183
3183 0 565
3183 277 169
3183 1918 719
3184 319 65
3184 1732 457
3184 3303 994
3185 1360 905
3185 884 561
3185 97 457
3185 619 640
3185 1788 330
3186 1579 56
3186 3721 587
3186 3172 273
3186 1435 450
3186 1594 580
3187 3374 192
3187 728 175
3187 3975 606
3187 2480 787
3187 180 175
3188 1012 421
3188 100 924
3189 1994 732
3189 233 833
3189 1424 62
3189 3368 495
3189 3243 807
3189 3107 697
3189 1560 344
3189 3664 322
3190 948 339
3190 2019 209
3190 1356 216
3190 3589 435
3190 27 290
3190 3966 172
3191 2566 584
3191 1605 496
3191 2464 377
3192 1609 69
3192 2827 781
3192 3580 726
3192 1023 321
3192 680 445
3193 1557 934
3193 185 102
3193 1577 876
3193 325 179
3193 1550 932
3193 1870 694
3194 1928 504
3194 1703 335
3195 3985 596
3195 315 544
3195 2779 759
3195 3272 556
3195 1462 678
3196 342 469
3196 926 158
3196 3036 977
3196 1833 279
3196 3210 703
3197 2857 600
3197 2338 905
3197 2011 425
3198 871 214
3199 295 170
3199 2948 852
3199 2328 999
3200 2853 269
3200 3752 869
3200 2048 768
3200 2311 352
3200 1059 175
3200 194 804
3201 3385 889
3201 3304 528
3201 2085 641
3202 3603 489
3202 1138 292
3202 2916 299
3202 793 872
3203 1370 797
3203 1582 347
3203 3208 23
3203 1938 267
3203 2009 896
3203 415 975
3203 701 872
3204 630 915
3204 1415 251
3204 3643 184
3204 739 764
3205 7 349
3205 3550 540
3205 2374 732
3205 1958 333
3205 3110 453
3206 3045 234
3206 2578 197
3206 97 237
3206 2896 50
3206 2784 656
3207 1782 212
3207 3992 852
3207 2523 55
3208 518 785
3208 3781 101
3208 2940 576
3208 3984 848
3208 3125 998
3208 3974 54
3209 2471 282
3209 2825 398
3210 2803 297
3210 1796 928
3210 1640 611
3210 2518 631
3210 3984 513
3210 3330 910
3211 1563 387
3211 2945 760
3211 650 369
3211 267 823
3211 41 279
3211 3245 496
3211 3514 544
3211 2459 810
3212 2976 658
3212 1845 274
3212 483 923
3213 141 395
3213 1458 440
3213 946 123
3213 774 842
3215 3729 433
3215 350 964
3215 3538 704
3215 2932 760
3215 3684 945
3215 585 101
3216 3416 99
3217 1413 890
3217 2239 730
3217 2163 250
3217 1209 306
3217 3556 90
3217 3284 140
3217 3479 499
3218 3935 445
3218 5 468
3218 2451 707
3218 1245 252
3218 2353 267
3219 3362 893
3219 3977 731
3219 2964 810
3219 523 533
3220 1994 846
3220 1393 878
3220 3600 823
3221 388 684
3221 2466 723
3221 3856 262
3222 428 72
3222 2407 947
3222 3230 558
3223 2955 32
3223 2986 457
3223 802 958
3223 3608 420
3223 2943 447
3224 1464 146
3224 2158 466
3224 3999 834
3225 3772 461
3225 780 534
3225 98 355
3226 2313 11
3226 2322 586
3226 2577 87
3226 3134 303
3227 1695 364
3227 2081 276
3227 2310 136
3227 2742 474
3228 158 33
3228 3214 786
3228 1748 210
3228 2583 418
3228 1260 237
3229 2939 84
3230 3037 192
3230 1310 806
3230 3660 775
3230 2615 51
3230 2042 939
3231 2493 674
3231 2279 653
3231 857 580
3231 2178 691
3231 3629 104
3232 1116 553
3232 1654 408
3232 732 567
3233 3955 596
3233 1054 983
3233 200 794
3233 1888 621
3234 2311 567
3235 3914 491
3235 2081 974
3236 3588 121
3237 2050 187
3237 2367 354
3237 6 521
3237 1001 714
3238 1921 824
3238 1606 761
3238 1037 906
3238 748 736
3239 3733 611
3239 1169 594
3239 1198 220
3239 221 61
3240 1374 768
3240 268 762
3240 2898 808
3240 1304 140
3240 2470 374
3240 3385 283
3240 656 882
3240 163 360
3240 3230 415
3240 2567 628
3240 2601 473
3241 3681 569
3241 2435 280
3241 2250 753
3242 1541 129
3242 1866 37
3242 3973 751
3242 1909 715
3243 818 825
3243 389 76
3243 648 263
3244 77 139
3244 639 685
3244 3394 667
3244 2217 655
3244 805 938
3245 2140 672
3245 2337 832
3245 2465 223
3246 2029 534
3246 3967 259
3246 1054 432
3246 67 845
3246 1656 309
3247 160 784
3247 3155 212
3247 3988 842
3247 3740 8
3248 2710 579
3248 80 929
3248 2254 610
3249 2340 838
3249 1149 494
3250 3384 233
3250 736 654
3251 297 799
3251 126 628
3251 968 222
3252 3390 346
3252 771 385
3252 1759 139
3252 152 593
3252 3720 162
3252 1689 401
3253 879 351
3253 3297 488
3253 1932 94
3253 2157 374
3253 2750 658
3253 2000 193
3253 1243 978
3254 2153 126
3254 3953 72
3254 3174 981
3255 2594 860
3255 1141 427
3255 985 241
3255 1095 748
3255 274 962
3255 3233 918
3256 197 389
3256 3843 746
3256 1614 408
3256 1637 345
3256 933 581
3257 3556 820
3257 1605 518
3257 2318 965
3258 3251 564
3258 1504 894
3259 1070 76
3259 1121 176
3259 2027 87
3259 1370 334
3259 1671 758
3260 763 576
3260 3431 550
3260 160 898
3261 2257 753
3261 2413 615
3261 467 87
3261 2962 1000
3261 3125 36
3262 2638 746
3262 3255 860
3262 1171 197
3262 2803 649
3263 2053 247
3263 3151 37
3263 3875 395
3263 636 982
3263 1416 988
3263 3202 61
3263 3553 501
3264 229 223
3264 128 510
3264 741 680
3264 2074 456
3264 238 893
3265 3581 21
3265 3589 47
3265 2903 942
3265 1661 157
3265 2860 289
3265 406 302
3265 3053 186
3265 3822 163
3265 2757 219
3266 1565 734
3266 1305 604
3266 1592 573
3267 2467 556
3267 3804 505
3267 2368 413
3267 281 863
3268 2200 238
3268 725 698
3268 929 87
3268 1302 90
3268 1918 216
3268 2319 888
3268 2968 651
3268 1655 512
3269 3591 652
3269 2494 98
3269 3209 388
3269 779 696
3269 2935 217
3269 3199 44
3270 3093 70
3270 1957 110
3271 1761 55
3271 1540 246
3271 2602 739
3272 1105 795
3272 405 183
3272 2725 935
3272 2590 387
3272 2097 582
3273 3787 548
3273 1627 549
3273 3374 689
3274 2312 36
3274 5 624
3275 2287 364
3275 31 599
3275 131 286
3275 943 648
3275 2480 636
3276 3983 573
3276 1684 804
3276 2526 692
3276 2964 172
3276 1674 542
3277 177 553
3277 2228 412
3277 3487 74
3277 204 306
3278 2484 661
3278 2910 383
3279 1379 127
3279 3594 518
3279 1079 695
3279 1542 449
3280 817 833
3281 3623 137
3281 679 417
3281 3832 804
3281 388 998
3281 2921 412
3281 2715 464
3281 2582 42
3282 854 781
3282 2456 945
3282 2064 544
3282 3126 725
3282 3437 577
3282 375 467
3282 2680 245
3282 1799 300
3282 3259 959
3282 1258 562
3283 3897 578
3283 1126 163
3283 2542 413
3283 921 825
3283 507 900
3283 2444 627
3283 891 193
3284 1110 814
3284 136 52
3284 3926 506
3285 1907 672
3285 3097 466
3285 3937 553
3285 2271 938
3286 1065 566
3286 2682 509
3286 1337 213
3286 2388 630
3286 3048 591
3286 1116 228
3287 1396 421
3287 3713 135
3287 1842 473
3288 1632 81
3288 2895 792
3288 3221 379
3288 712 356
3288 3378 141
3289 1400 124
3289 3523 760
3289 307 181
3289 3797 583
3289 3282 215
3289 3060 279
3290 2645 594
3290 2747 822
3291 2346 851
3291 2455 216
3292 579 375
3292 1246 743
3292 3754 825
3292 3608 866
3293 2146 746
3293 3342 629
3293 2640 856
3294 1138 344
3294 2270 841
3294 2942 105
3294 1103 67
3294 496 341
3294 2551 471
3294 3675 299
3295 2142 181
3295 1499 803
3296 557 225
3296 1901 167
3296 1621 110
3296 2689 222
3297 470 87
3297 301 973
3297 3031 703
3297 1225 987
3298 3262 79
3298 3288 780
3298 3132 820
3298 3398 591
3299 87 590
3299 3138 256
3299 2450 76
3299 2575 690
3299 105 508
3300 161 736
3300 2556 80
3300 2387 95
3300 3601 841
3300 1977 508
3300 2096 367
3300 2431 422
3301 1679 451
3301 846 255
3302 3929 313
3302 2841 72
3302 3015 458
3302 3804 502
3303 3312 123
3304 23 999
3304 3065 616
3305 3147 347
3305 590 49
3306 3416 272
3306 1939 341
3306 3513 580
3307 586 997
3307 2897 864
3307 758 204
3307 1974 438
3307 1644 342
3307 3271 144
3308 3433 769
3308 2652 188
3308 1030 149
3308 3152 726
3309 1327 906
3309 2837 677
3309 3905 489
3310 1954 223
3310 1066 375
3310 1035 387
3310 3868 424
3312 10 889
3313 384 792
3313 1048 671
3313 2068 301
3313 1054 431
3314 890 132
3314 3313 633
3314 3505 315
3314 2432 63
3315 1579 924
3315 2717 379
3316 1997 952
3316 3487 267
3316 3145 875
3316 3691 938
3316 773 561
3316 2218 440
3317 1400 78
3317 1123 899
3317 1788 728
3317 1087 705
3317 3503 467
3317 1138 21
3318 1437 158
3318 2792 766
3318 1105 53
3318 995 667
3318 1386 495
3319 827 452
3319 1540 995
3319 437 685
3319 2762 377
3319 495 943
3319 179 919
3320 274 69
3320 662 546
3320 1486 972
3320 43 232
3320 2679 275
3320 3261 570
3320 3042 36
3320 309 114
3320 3107 252
3322 2063 198
3323 219 428
3323 2269 935
3323 1636 407
3323 1438 863
3323 3205 277
3323 1889 675
3324 683 709
3324 3314 675
3324 2232 55
3324 437 904
3324 1323 238
3324 529 194
3325 1085 647
3325 1035 504
3325 241 748
3326 374 853
3326 499 683
3326 2950 834
3326 3194 258
3327 97 276
3328 3606 5
3328 1977 263
3328 3101 754
3329 2707 176
3329 1482 329
3329 1784 21
3329 3819 242
3329 1921 107
3329 3228 473
3330 2821 279
3331 2046 851
3331 208 513
3331 1386 922
3332 3113 367
3332 3703 701
3332 2613 517
3333 2345 638
3334 1151 196
3334 3227 585
3334 1219 382
3334 2216 56
3334 297 427
3334 1561 505
3335 695 148
3335 2958 112
3335 3744 709
3336 1218 497
3336 36 172
3336 3411 465
3336 2882 552
3336 3128 605
3336 3908 56
3336 3374 796
3337 3353 523
3337 1574 383
3337 118 955
3337 2331 806
3338 3614 660
3338 1773 277
3338 3348 772
3338 1005 229
3338 827 890
3339 1586 420
3339 1470 539
3339 1342 848
3339 3189 222
3339 3817 269
3339 1209 398
3340 308 183
3340 3193 391
3340 2520 943
3340 19 514
3340 319 494
3341 3299 92
3341 86 414
3341 3565 470
3341 2119 917
3341 1775 40
3342 2465 684
3342 3774 805
3342 1521 53
3343 3049 658
3343 2484 442
3344 2998 361
3344 3789 181
3344 3118 468
3344 3995 668
3344 260 255
3345 2266 873
3345 1694 325
3345 1327 84
3345 1831 257
3345 3286 106
3345 1566 863
3346 3709 296
3346 3347 657
3347 2428 859
3347 3101 584
3347 2056 552
3348 3658 737
3348 933 319
3348 194 976
3348 2634 850
3349 442 797
3349 3383 496
3350 1290 987
3350 1454 494
3350 3830 231
3350 3407 943
3350 1881 285
3350 3537 556
3350 2480 57
3351 3907 114
3351 470 906
3351 3292 901
3351 120 27
3351 1351 316
3352 2092 833
3352 2941 1000
3352 3000 204
3352 969 614
3353 1657 986
3353 2265 558
3353 2730 260
3353 3410 386
3353 3 85
3353 1354 324
3353 3946 893
3353 1788 883
3353 3788 484
3353 1446 495
3354 1832 182
3354 2536 760
3354 1844 265
3354 3296 725
3354 2874 564
3354 1044 282
3354 3441 105
3355 3958 523
3355 757 373
3355 2749 575
3355 2075 188
3356 3315 720
3356 2867 640
3356 1668 933
3357 2772 763
3357 2933 778
3357 851 778
3357 2060 340
3358 3699 780
3358 193 253
3358 3597 495
3358 2890 319
3359 235 648
3359 205 237
3359 2191 171
3359 1114 312
3360 711 45
3360 1092 813
3360 2166 937
3361 3651 380
3361 3077 372
3361 313 307
3361 485 863
3362 3049 512
3363 3516 105
3364 2978 421
3364 632 199
3364 1837 278
3365 1403 278
3366 947 961
3366 3552 234
3367 481 540
3367 2042 954
3367 2661 854
3368 3292 293
3368 2228 518
3368 954 378
3368 397 974
3369 3042 10
3369 1634 255
3369 2712 873
3369 2451 900
3370 2409 955
3370 2418 265
3371 308 153
3371 3091 803
3372 2425 286
3372 1514 176
3372 1687 378
3372 1327 89
3372 3117 262
3373 2402 437
3373 2805 527
3373 3714 350
3373 2137 963
3373 334 745
3373 80 194
3373 1975 706
3374 2341 61
3374 700 554
3374 2236 38
3374 409 38
3374 2459 86
3374 2455 806
3375 641 819
3375 463 929
3375 2640 45
3375 357 110
3376 764 928
3376 3129 543
3376 522 669
3376 1751 899
3377 596 646
3377 1366 705
3378 603 957
3378 2342 287
3378 3861 69
3379 1253 814
3379 616 261
3379 2363 732
3379 3029 288
3380 2607 83
3380 403 386
3380 2182 15
3381 1546 610
3381 1528 441
3381 1701 300
3382 1433 980
3382 1228 635
3382 167 378
3383 1061 608
3383 1343 207
3383 1752 666
3383 3335 535
3384 3169 236
3384 1156 455
3384 3591 819
3384 2893 543
3384 3127 32
3384 2031 323
3385 764 906
3385 315 675
3385 3682 103
3385 2995 217
3386 2430 989
3386 209 90
3387 135 909
3387 3874 282
3387 2437 622
3387 1389 506
3387 3342 662
3387 442 344
3388 2970 901
3388 2221 247
3388 3332 803
3388 362 593
3388 3012 853
3389 1565 109
3389 1290 913
3389 2392 302
3389 3751 28
3389 2289 744
3390 1264 633
3390 2876 427
3390 2871 327
3390 1018 235
3390 663 215
3391 1327 461
3391 3883 81
3391 3645 826
3391 3030 839
3391 1865 705
3392 3978 952
3392 253 381
3392 3174 312
3392 1403 397
3392 3553 718
3393 3123 537
3393 1267 970
3393 691 961
3393 2575 955
3394 2801 296
3394 2945 419
3394 1393 803
3395 1249 484
3395 1607 108
3396 3904 588
3396 211 384
3396 818 79
3397 3432 301
3397 1466 213
3397 3258 735
3397 1825 992
3397 2163 954
3397 3969 586
3397 3487 421
3397 1910 282
3397 2828 416
3398 3847 761
3398 2628 611
3398 633 841
3398 3600 991
3398 2287 288
3399 3603 798
3399 1588 233
3399 910 708
3399 3667 911
3399 1645 829
3400 1043 248
3400 2703 331
3400 2722 189
3400 3808 460
3400 2023 549
3401 2081 242
3401 2889 822
3401 1175 134
3401 2786 634
3402 383 76
3403 517 715
3403 485 948
3403 3969 99
3404 3241 679
3404 2864 193
3404 2663 272
3404 2726 68
3405 2716 395
3405 3668 455
3405 657 236
3405 3602 18
3405 247 804
3406 1964 744
3406 2921 773
3406 3855 212
3406 2537 445
3407 2839 382
3407 271 793
3407 3160 479
3408 533 455
3408 3131 121
3408 1968 597
3408 3952 756
3408 713 942
3408 1618 287
3409 2035 206
3409 2812 421
3409 874 472
3409 2126 660
3409 3182 195
3409 3665 445
3410 3411 283
3410 750 329
3410 770 735
3410 201 994
3410 3218 730
3412 3816 838
3412 1093 377
3412 2881 847
3413 797 77
3413 1419 892
3414 3380 986
3415 908 599
3415 2656 225
3415 3759 739
3416 1118 947
3417 121 752
3417 3109 465
3417 723 972
3418 221 564
3418 1082 82
3418 1399 733
3418 593 619
3418 3689 579
3418 1337 233
3419 227 564
3419 975 743
3419 1079 23
3419 680 522
3419 1310 954
3420 1778 652
3420 3357 738
3420 1559 4
3420 2294 125
3421 2275 45
3421 1129 746
3421 10 357
3421 3539 783
3422 1602 824
3423 1057 110
3423 3175 409
3423 793 837
3423 3313 653
3423 2356 253
3423 2216 199
3424 2795 508
3424 3228 940
3425 1715 376
3425 1978 194
3425 601 196
3425 2984 558
3425 1141 905
3426 3496 461
3426 1423 293
3426 1923 113
3427 1958 593
3427 1671 610
3427 1456 816
3428 2981 210
3428 75 680
3428 282 578
3428 340 564
3429 869 523
3429 2412 305
3429 2321 756
3430 252 898
3430 778 319
3430 352 25
3431 909 153
3431 245 545
3431 1113 471
3432 1317 262
3432 3721 251
3432 1250 162
3432 3013 871
3432 1628 303
3432 703 903
3432 2213 277
3432 2639 497
3433 2875 50
3433 3872 296
3433 3068 19
3434 3040 157
3434 2196 140
3434 905 744
3434 3402 226
3435 3662 302
3435 1114 403
3436 2454 334
3436 3419 383
3436 3501 291
3437 1225 388
3437 3617 432
3437 51 939
3437 3616 122
3437 3984 102
3438 3037 910
3438 833 734
3438 741 940
3438 1593 58
3438 284 667
3439 2570 156
3439 3222 381
3439 3014 167
3439 774 350
3439 2130 523
3439 3249 994
3440 2870 413
3440 1124 842
3440 1034 48
3440 1652 485
3441 2316 199
3441 1163 750
3441 3188 817
3441 238 213
3441 2959 867
3441 19 98
3442 3156 936
3442 1571 946
3442 1825 851
3442 3305 419
3442 2400 7
3442 3424 17
3442 314 959
3443 542 54
3443 477 649
3443 3322 422
3443 3773 620
3443 691 844
3443 786 566
3444 1259 489
3444 278 171
3446 2463 29
3446 842 431
3447 8 331
3447 2233 115
3447 2632 373
3447 2241 653
3448 2077 686
3448 2256 663
3448 2370 654
3448 3689 977
3449 2320 358
3449 3959 407
3449 216 348
3449 3364 817
3449 322 391
3449 2120 233
3449 2131 177
3450 1236 590
3450 1903 87
3451 1836 519
3451 2695 50
3451 2798 652
3452 403 32
3452 746 181
3453 184 704
3454 2392 452
3454 239 196
3454 3222 261
3454 2936 59
3454 390 81
3455 2008 259
3456 1076 329
3456 1920 349
3456 1417 93
3457 771 23
3457 758 521
3457 3118 780
3457 2987 93
3458 294 750
3458 3989 26
3458 312 319
3458 3637 140
3458 3209 552
3459 2760 858
3459 2056 960
3459 760 53
3459 146 447
3460 2768 290
3460 1864 876
3461 36 292
3461 3869 510
3461 2019 630
3462 1649 284
3462 3703 498
3462 1089 820
3462 79 888
3462 149 874
3462 2714 355
3463 8 321
3463 380 312
3463 3972 393
3464 3456 587
3464 123 304
3464 3252 584
3464 400 349
3465 3060 910
3465 840 411
3465 768 726
3465 3639 552
3465 1815 747
3465 2712 779
3466 1194 340
3466 1299 242
3466 645 334
3467 1368 263
3467 1388 511
3468 3404 162
3468 3897 311
3468 860 845
3468 1703 838
3469 1506 341
3469 2826 636
3469 176 970
3469 3422 949
3470 1548 392
3470 550 777
3470 3389 344
3471 27 524
3472 2885 573
3473 3352 30
3474 1001 774
3474 826 101
3474 2202 66
3474 2430 511
3475 2865 869
3476 1432 163
3477 675 110
3477 2170 26
3477 3774 121
3477 2531 969
3478 2014 626
3478 3358 755
3479 3661 9
3479 655 560
3479 1226 868
3479 1101 748
3480 723 785
3480 3632 466
3480 3875 157
3480 1653 675
3480 1291 594
3481 971 420
3481 2828 291
3481 3677 781
3481 429 638
3482 3499 460
3482 2902 642
3482 2497 458
3482 2616 351
3482 3081 937
3482 1079 457
3483 249 327
3483 1944 187
3483 2196 879
3483 2425 396
3483 161 209
3483 2884 211
3483 2232 976
3484 2521 30
3484 264 427
3484 3355 749
3484 3131 364
3485 3930 404
3485 57 536
3485 223 897
3485 2443 655
3485 3580 390
3485 3117 886
3485 2374 953
3486 3 473
3486 3153 511
3486 2281 303
3486 3734 506
3487 2330 973
3487 2683 761
3488 772 719
3488 934 802
3488 2630 605
3488 3869 404
3489 897 931
3489 1405 855
3490 1574 689
3490 3987 57
3490 329 309
3490 788 693
3490 1798 960
3491 81 526
3491 2185 123
3491 2447 994
3491 1012 87
3491 2937 399
3491 1575 466
3491 438 108
3491 2677 288
3491 1813 912
3492 1260 966
3492 1668 357
3492 2589 554
3492 667 484
3493 361 200
3493 3386 177
3494 1327 950
3494 2928 411
3494 3189 445
3495 1538 156
3495 964 987
3495 534 956
3496 1021 978
3496 112 98
3496 2881 619
3496 2201 958
3496 581 739
3496 2755 51
3496 3595 348
3496 1098 393
3496 2851 698
3497 77 726
3497 2717 556
3497 961 114
3498 2579 51
3498 92 886
3498 3829 665
3498 1218 309
3498 177 559
3499 177 303
3499 3103 661
3499 934 33
3499 3681 737
3499 2539 212
3499 2607 576
3499 2023 302
3500 3786 404
3500 1736 585
3501 2211 405
3501 1541 995
3501 2853 105
3502 3952 855
3502 2444 395
3503 1674 940
3503 1228 641
3503 2300 799
3504 1242 526
3504 372 831
3504 2313 1
3504 2793 845
3504 2509 90
3504 1741 617
3504 1555 717
3504 310 69
3505 548 125
3505 3007 541
3505 1229 438
3505 3240 510
3505 423 866
3506 3227 841
3506 1316 819
3506 145 792
3506 2403 341
3506 2572 241
3506 58 379
3507 891 548
3507 3679 865
3508 3677 108
3508 1933 372
3508 633 47
3508 2548 166
3508 1836 777
3509 3650 297
3509 3778 525
3509 1527 121
3509 2812 913
3509 3818 958
3510 265 643
3510 2888 599
3510 545 174
3510 201 708
3511 2576 902
3511 97 14
3511 2114 906
3511 2755 666
3512 1897 23
3512 2774 789
3513 644 119
3513 3633 469
3514 3509 625
3514 1736 663
3514 2195 204
3515 206 96
3515 2549 398
3515 1294 283
3515 146 278
3515 3368 527
3515 3923 296
3516 3037 448
3516 761 310
3516 2148 179
3516 259 594
3517 1263 701
3517 1180 348
3517 2804 741
3517 2937 761
3517 3942 661
3517 1349 991
3518 1274 907
3518 3901 166
3518 3712 234
3519 1289 927
3519 2775 772
3519 2751 332
3520 2929 891
3520 2318 888
3521 3433 955
3521 3251 454
3522 2150 729
3522 2630 921
3522 1949 296
3523 3007 768
3523 2983 337
3524 1026 645
3524 1144 182
3524 1713 748
3525 918 928
3525 2067 256
3525 1266 132
3525 490 651
3525 797 919
3525 1244 23
3526 1718 916
3526 3403 344
3526 1877 71
3526 1770 658
3526 1402 330
3526 1186 661
3526 2784 60
3526 2903 434
3526 3682 731
3527 2455 289
3527 1847 140
3528 1819 616
3528 2571 568
3528 2044 533
3528 3907 300
3529 3069 829
3529 2968 361
3529 1249 675
3529 2408 981
3530 707 990
3530 1352 872
3530 2500 76
3531 1541 405
3531 2104 102
3531 2773 278
3531 3180 297
3531 3026 825
3532 1929 110
3532 1258 110
3532 255 149
3532 531 40
3533 3108 92
3533 3144 588
3533 3244 139
3534 190 417
3534 453 754
3535 1240 544
3535 3725 189
3535 2352 427
3535 3933 56
3536 2684 74
3536 1660 488
3536 1478 404
3537 1220 60
3537 2989 869
3538 685 828
3538 393 43
3538 3628 293
3540 240 560
3540 886 405
3541 3138 619
3541 1544 80
3541 486 267
3541 2220 877
3541 1634 737
3541 1141 441
3542 1718 756
3542 1228 702
3542 3538 580
3542 2069 76
3542 1330 311
3542 2711 625
3542 3907 559
3543 3021 175
3543 3005 789
3543 976 993
3543 131 655
3543 1696 700
3544 3031 856
3545 3495 928
3546 1693 81
3546 2309 112
3546 1732 38
3546 1391 85
3546 20 738
3546 3936 166
3547 3586 241
3547 2501 201
3547 3749 997
3547 1776 590
3547 1815 142
3548 773 324
3548 624 246
3548 1273 625
3548 1548 636
3549 1574 406
3549 1639 126
3549 2373 529
3549 2138 60
3549 1136 580
3550 2392 231
3550 1348 671
3550 3869 647
3550 2652 528
3550 2788 289
3550 472 509
3551 1341 633
3551 590 197
3551 2828 865
3551 1790 586
3552 3889 368
3552 803 824
3552 3441 283
3552 2472 912
3553 1201 574
3553 757 947
3553 1199 936
3554 3190 991
3554 1048 795
3554 520 415
3555 237 773
3555 2028 525
3555 2538 164
3555 2426 368
3555 2124 485
3555 351 324
3555 854 496
3556 260 990
3556 3965 305
3556 3814 455
3556 3430 312
3556 2599 818
3556 872 597
3556 2093 720
3556 1390 679
3556 53 702
3557 2079 914
3557 2562 289
3557 834 56
3557 870 580
3557 2317 620
3557 2472 595
3558 192 703
3558 2642 176
3558 2725 617
3558 3245 611
3559 2135 468
3559 3699 19
3559 890 920
3559 905 588
3559 3983 110
3560 815 912
3560 1850 521
3560 1097 356
3560 3648 848
3560 2749 723
3561 2962 383
3561 3680 323
3562 3536 375
3562 64 990
3562 3504 411
3562 35 991
3563 587 832
3563 2064 305
3563 933 82
3563 137 646
3563 787 995
3563 507 772
3563 3353 668
3563 1554 350
3564 1695 322
3564 1164 61
3564 175 361
3564 722 8
3565 1914 347
3565 185 886
3565 956 743
3566 2424 846
3566 2131 586
3566 2970 577
3567 2619 941
3567 1951 12
3567 1751 48
3568 1690 174
3568 376 166
3568 2086 832
3569 79 617
3569 3696 410
3569 2290 994
3569 314 351
3569 1101 902
3570 414 531
3570 243 277
3570 2026 111
3571 2627 754
3572 3972 218
3572 3741 6
3572 790 560
3572 3244 950
3572 467 718
3572 1660 401
3572 203 216
3573 768 494
3573 1800 612
3573 2978 187
3574 2407 434
3574 326 789
3574 773 651
3575 575 257
3575 3295 855
3576 2041 681
3576 2339 56
3576 111 10
3577 3945 293
3577 3043 149
3577 3473 207
3578 1979 101
3579 3133 186
3579 2312 980
3579 2355 880
3579 3911 153
3579 2178 598
3579 3807 833
3579 1222 756
3580 1087 385
3580 363 790
3580 3070 333
3580 369 558
3580 2400 757
3580 1195 63
3581 2216 578
3581 3179 77
3581 1517 733
3581 2603 23
3581 1511 360
3581 792 975
3581 1220 951
3582 3462 325
3582 880 681
3582 3600 425
3582 1387 820
3582 3251 211
3582 536 384
3582 3864 627
3583 652 596
3583 669 863
3583 298 439
3583 3351 368
3584 1554 140
3585 3716 163
3585 1716 393
3585 3204 180
3586 1799 33
3586 185 913
3586 3288 422
3586 809 68
3586 3146 876
3587 656 562
3587 2073 794
3588 1749 293
3588 338 621
3588 3693 555
3588 3268 317
3588 940 858
3589 3463 460
3591 1464 866
3591 2570 199
3591 861 700
3591 1396 466
3592 1518 811
3592 3800 653
3592 2055 491
3592 1039 834
3592 3567 68
3592 1649 999
3593 2020 448
3593 1981 318
3593 995 304
3593 1790 204
3593 1758 218
3593 1053 161
3594 320 710
3594 1166 798
3594 3311 171
3594 2454 933
3595 2913 444
3595 2817 267
3596 821 261
3596 1639 160
3597 3470 592
3597 2043 279
3598 1568 782
3598 2430 149
3598 3178 331
3598 1333 770
3598 160 244
3599 26 88
3599 914 702
3599 865 152
3599 632 931
3599 1447 704
3599 1102 782
3600 58 827
3600 2630 497
3600 3558 89
3601 1316 506
3601 448 409
3601 1287 95
3601 3562 387
3601 1038 108
3601 11 636
3601 3233 356
3602 3929 32
3602 1708 552
3602 2824 351
3602 2223 619
3602 3174 1000
3603 254 129
3603 1901 249
3603 267 125
3603 3070 130
3603 41 970
3603 886 342
3604 3913 831
3604 1077 821
3604 2794 825
3604 582 702
3605 3403 48
3605 3311 519
3605 2658 107
3605 2941 635
3605 1084 516
3606 1134 198
3606 1880 907
3607 1338 579
3607 1101 185
3608 2208 857
3608 3038 989
3609 2630 229
3609 3751 201
3610 2321 620
3610 297 110
3610 3970 241
3611 3152 892
3611 718 484
3611 2450 209
3611 2619 910
3611 3706 128
3611 1301 164
3611 3442 138
3611 254 777
3611 109 970
3612 131 513
3612 1539 51
3613 1614 999
3613 3229 411
3614 1276 572
3614 522 618
3614 1355 30
3614 538 755
3614 3408 945
3614 1275 196
3614 1620 519
3615 3561 87
3615 1341 771
3615 3587 283
3615 2057 452
3616 3705 134
3616 1018 622
3616 22 21
3616 1011 596
3617 1576 910
3617 3601 792
3617 3108 309
3618 3864 789
3618 365 147
3618 1208 576
3618 240 152
3618 2540 93
3618 3560 982
3618 986 765
3619 439 819
3619 69 841
3619 1378 516
3619 3164 518
3619 1391 707
3619 1647 973
3620 3120 726
3620 2260 396
3620 2286 670
3620 1675 474
3620 1159 552
3620 3399 515
3620 665 361
3621 612 577
3621 299 521
3621 757 17
3621 3728 67
3621 1724 2
3621 2621 544
3622 574 974
3622 3704 54
3622 1330 376
3622 1057 903
3622 1835 578
3623 3128 54
3623 1865 644
3624 3969 545
3625 2401 757
3625 1678 856
3625 2478 73
3626 3221 822
3626 2970 182
3626 2702 963
3626 3956 522
3627 3961 75
3627 2102 410
3628 2985 376
3629 3244 136
3629 643 637
3629 1040 87
3629 696 118
3630 3713 35
3630 289 904
3630 2079 335
3630 2368 547
3631 1730 306
3631 795 689
3631 325 787
3632 662 385
3632 258 735
3633 3001 365
3633 1486 7
3633 3982 466
3634 2644 731
3635 2012 30
3635 1093 740
3635 1317 750
3635 225 412
3635 372 925
3635 462 451
3635 2950 633
3635 2649 288
3636 269 912
3636 3602 237
3636 1053 642
3637 1710 255
3637 856 7
3637 1903 115
3638 2863 455
3638 2688 295
3638 2683 427
3638 1226 460
3639 634 448
3639 1969 977
3640 2605 44
3640 2493 612
3640 3554 903
3640 2919 605
3641 401 136
3642 3830 653
3642 127 948
3643 731 93
3643 2161 306
3643 3076 276
3643 3619 849
3643 2865 355
3643 2951 652
3644 590 573
3644 1291 169
3644 1825 508
3644 2769 970
3644 1198 771
3644 2813 924
3645 167 843
3645 238 73
3646 1551 350
3646 15 450
3646 1366 93
3646 413 784
3646 365 312
3646 2226 27
3647 3447 623
3647 3431 602
3647 134 403
3647 1979 456
3647 1829 360
3648 3118 744
3648 2404 364
3648 763 388
3648 3160 267
3649 2744 674
3649 701 19
3649 94 888
3650 1259 570
3650 154 55
3650 2510 588
3650 648 999
3650 894 737
3651 3105 669
3651 863 598
3651 2832 58
3651 1290 698
3651 1234 541
3652 375 409
3652 610 23
3652 961 560
3652 2563 306
3652 3355 709
3652 1828 168
3652 3191 264
3652 1528 16
3653 3253 429
3654 1673 155
3654 328 791
3654 1409 231
3654 2886 77
3655 509 368
3656 2158 325
3656 2338 19
3657 1405 268
3657 164 879
3657 3234 278
3657 2966 277
3657 1295 44
3658 619 419
3659 3456 765
3659 1318 365
3659 551 832
3659 1917 138
3659 1169 489
3659 3129 56
3659 775 97
3660 3433 725
3660 3394 304
3660 2511 508
3660 1163 583
3660 1163 50
3660 3979 259
3661 3981 588
3662 2390 392
3663 760 586
3663 939 407
3663 2235 392
3663 3606 939
3663 2287 190
3663 3141 113
3663 2236 349
3663 685 769
3663 3275 237
3663 2427 669
3663 2802 398
3663 3509 892
3663 2058 536
3663 2223 269
3664 2852 500
3664 241 631
3664 3926 790
3664 1769 453
3664 2534 509
3664 2714 915
3665 3109 388
3665 2341 108
3665 1023 605
3665 154 203
3666 1857 659
3666 2624 43
3666 3894 821
3666 3863 361
3667 3332 762
3668 2700 756
3668 2969 130
3669 1979 409
3669 2317 948
3670 2487 80
3670 210 397
3670 3446 947
3670 2097 865
3670 1877 14
3670 3707 362
3670 3337 668
3671 3408 884
3671 410 473
3671 1623 226
3671 1851 69
3672 3897 915
3672 976 559
3672 57 786
3672 2664 546
3673 3361 135
3674 452 577
3675 2145 388
3675 1739 601
3675 174 476
3676 75 578
3676 424 801
3676 611 950
3676 1456 128
3677 1521 947
3678 2541 530
3678 3888 708
3678 571 760
3678 2474 771
3678 2533 357
3678 2928 409
3678 2594 178
3678 1693 342
3679 3799 427
3679 1153 490
3679 1443 577
3679 3496 112
3680 1250 47
3680 1207 41
3680 141 713
3680 2616 399
3680 3791 14
3681 2013 537
3681 885 992
3681 3418 929
3682 839 335
3682 2573 162
3682 740 756
3682 2504 360
3682 845 236
3682 3937 141
3682 3722 236
3683 61 326
3683 3129 81
3684 1900 663
3685 2605 249
3685 249 261
3685 12 590
3685 663 991
3686 2744 566
3686 1215 300
3686 3969 917
3686 1277 457
3686 167 28
3686 3010 13
3686 3832 446
3686 3191 556
3687 376 191
3687 495 725
3687 3186 565
3688 59 197
3688 1217 436
3688 2571 55
3688 292 627
3689 1989 628
3689 3174 693
3689 2214 710
3689 3005 497
3689 1086 567
3690 3119 548
3690 1740 551
3690 2717 892
3691 2847 523
3691 940 948
3691 2367 873
3691 1380 188
3692 1936 97
3692 1765 147
3692 2181 884
3692 1023 49
3692 822 861
3692 3153 734
3692 1165 318
3693 2757 675
3693 1525 290
3693 3039 511
3694 2537 51
3694 1861 872
3694 3188 977
3695 3018 849
3695 2195 864
3695 2700 632
3695 81 83
3696 1316 41
3696 612 684
3696 1905 625
3696 1328 273
3696 1168 170
3696 2835 441
3696 1875 534
3697 2063 617
3697 3130 939
3697 3858 919
3697 1528 25
3698 1731 179
3698 1293 755
3699 963 563
3699 1646 510
3700 61 54
3700 3214 54
3701 897 26
3701 1191 728
3701 2046 125
3701 402 41
3702 695 970
3702 899 233
3702 2524 771
3702 481 202
3702 2618 661
3702 1877 515
3702 2 801
3703 3308 774
3703 3927 315
3704 1728 106
3704 1775 799
3704 1367 504
3704 3796 329
3704 3909 931
3705 3884 337
3705 3296 979
3705 3053 384
3705 1696 56
3706 2207 537
3706 486 430
3706 2249 413
3706 2198 823
3706 3629 256
3706 932 561
3707 2997 334
3707 832 182
3707 3413 924
3708 645 591
3708 3972 711
3708 2025 79
3708 3737 117
3709 2082 543
3709 3983 433
3709 3730 725
3710 857 79
3710 1667 388
3710 3698 923
3710 1339 2
3711 1630 951
3711 3889 257
3711 2166 770
3711 2872 398
3711 3179 934
3711 1660 334
3711 555 492
3712 3210 522
3712 80 902
3713 2413 264
3713 1105 872
3713 565 85
3713 2968 825
3714 3172 684
3714 2921 331
3715 2176 142
3715 477 32
3715 1453 304
3715 2074 209
3715 3276 995
3716 19 200
3716 530 147
3716 2911 606
3717 3649 470
3717 1286 68
3717 2063 658
3717 608 618
3718 3992 741
3718 79 243
3718 2796 521
3719 3462 329
3719 3074 664
3719 3573 744
3719 1642 319
3719 3284 665
3719 1690 463
3719 495 628
3720 2253 10
3720 879 885
3720 3602 443
3720 2240 880
3720 2481 730
3720 2103 419
3720 1399 272
3720 3384 460
3721 160 283
3721 488 307
3721 1615 151
3721 2354 307
3721 3188 133
3722 1162 518
3722 2077 126
3722 2689 691
3722 3187 589
3723 2020 120
3723 830 528
3723 2951 90
3723 3740 309
3723 3939 811
3724 3845 587
3724 2736 632
3724 2506 52
3724 1678 737
3725 3303 822
3725 1732 66
3725 3998 671
3725 3815 501
3725 3337 659
3726 1812 835
3726 174 496
3726 2594 229
3726 2459 579
3726 1919 421
3726 3056 198
3727 3044 459
3727 367 975
3727 2227 387
3728 1328 230
3728 2029 422
3728 144 170
3729 3480 598
3730 528 575
3730 754 626
3730 2593 505
3730 3820 304
3730 504 58
3730 2067 624
3730 562 617
3730 3941 780
3730 1061 138
3731 916 596
3731 1889 806
3731 2842 239
3731 3066 530
3731 422 599
3731 3677 536
3731 1137 213
3731 3297 927
3732 2777 992
3733 3336 597
3733 2320 881
3733 936 639
3733 714 225
3734 3088 311
3734 514 347
3735 439 368
3735 3507 228
3735 1894 528
3735 1446 913
3735 448 110
3735 2815 481
3735 3721 349
3735 1436 845
3736 2664 138
3737 775 346
3738 3647 150
3738 416 290
3738 1048 330
3738 3859 455
3738 900 956
3739 1177 730
3739 521 686
3740 2315 626
3741 2263 449
3741 1027 677
3741 972 916
3741 2778 40
3741 1957 548
3742 539 662
3742 1760 942
3742 2505 632
3743 1702 638
3743 2955 999
3743 3807 92
3744 3620 843
3744 983 302
3744 2482 194
3745 1210 928
3746 3042 238
3746 414 786
3746 592 221
3746 2512 344
3747 2082 9
3747 1513 460
3747 753 68
3747 462 578
3748 3747 848
3749 739 960
3749 3743 277
3749 3229 518
3749 1635 787
3749 1173 577
3749 1650 705
3749 2826 593
3749 666 194
3749 2055 471
3749 1222 480
3749 3757 205
3750 3378 915
3750 3557 76
3751 1017 428
3751 131 802
3751 685 816
3751 2616 15
3752 3361 696
3752 1534 311
3752 2126 964
3752 311 894
3753 2549 977
3753 2010 405
3754 1063 275
3754 3560 29
3754 239 329
3756 1573 317
3756 1298 99
3757 2576 810
3759 1799 164
3759 3531 396
3759 822 909
3759 2320 485
3760 13 720
3760 3757 810
3760 3227 643
3761 1071 94
3761 492 646
3761 2900 299
3761 3488 113
3762 2687 31
3762 1137 573
3762 197 572
3762 67 959
3763 2554 950
3764 898 181
3764 723 393
3765 2214 308
3765 2354 813
3765 1255 649
3765 403 403
3766 3013 321
3766 3091 954
3766 1365 424
3766 2819 948
3767 2029 42
3767 2436 1000
3767 2890 629
3767 1728 17
3768 2673 952
3768 3713 677
3768 3789 509
3769 2736 610
3769 2650 998
3769 2967 552
3769 3963 593
3770 3330 727
3770 3782 695
3770 1384 203
3771 2835 694
3771 2973 916
3771 3487 354
3772 431 267
3772 836 255
3772 2066 133
3772 2173 436
3772 701 823
3773 3922 484
3773 3930 882
3773 1022 938
3773 487 811
3774 3245 655
3774 1690 910
3774 3909 368
3774 3147 930
3775 3328 378
3775 2552 103
3775 3057 744
3775 3652 672
3775 703 487
3775 1618 227
3775 2817 61
3776 3705 59
3776 167 84
3776 2676 896
3776 2873 824
3776 2975 43
3776 3140 455
3776 910 411
3776 2674 972
3777 51 3
3777 2169 344
3777 939 657
3777 2182 560
3777 2201 692
3777 1548 256
3777 774 24
3777 2036 386
3778 263 170
3778 2516 914
3778 738 91
3778 325 635
3778 431 480
3778 24 548
3779 2219 451
3779 1663 828
3779 2800 990
3779 2591 774
3779 68 99
3780 966 83
3781 2812 730
3781 1424 749
3782 2873 374
3782 670 673
3782 3007 946
3782 2449 233
3782 2987 502
3783 2728 538
3783 1286 523
3783 312 286
3783 2946 169
3783 923 151
3783 598 937
3784 766 564
3784 2738 318
3785 635 104
3785 878 193
3785 2762 878
3785 1260 835
3786 269 72
3786 2794 818
3786 2545 693
3786 1429 144
3786 3053 322
3787 1483 300
3787 3011 500
3787 1124 140
3787 1635 203
3787 2133 272
3787 3263 38
3788 654 75
3788 360 761
3788 2011 602
3788 1748 773
3788 1598 891
3789 2953 846
3789 3682 98
3789 481 171
3789 405 522
3789 580 678
3789 3179 417
3789 23 548
3790 1181 543
3790 3517 565
3790 1632 248
3790 1236 362
3790 3030 425
3791 1202 360
3791 2385 722
3791 1063 4
3791 980 231
3793 2832 774
3793 3078 969
3793 1449 962
3793 3936 762
3794 3665 194
3794 2988 180
3794 3437 247
3794 3288 202
3794 3359 620
3794 3647 857
3794 2111 157
3794 666 356
3795 2735 575
3796 1875 330
3796 544 360
3796 1378 944
3796 376 377
3796 1350 102
3796 3101 723
3796 702 945
3796 1805 623
3797 1922 965
3797 2008 554
3797 1283 991
3797 2219 112
3797 2394 262
3798 2457 994
3799 3168 49
3799 3833 384
3799 3285 609
3799 226 858
3799 1498 285
3799 2947 265
3800 3659 270
3800 3420 95
3800 1244 332
3801 2873 36
3801 2611 211
3802 79 367
3802 2132 372
3802 1480 372
3803 1953 105
3803 2074 843
3803 3139 762
3803 291 259
3804 2221 506
3804 1560 900
3804 2268 890
3805 439 844
3805 2175 684
3806 343 646
3806 587 231
3806 3159 502
3806 3264 364
3806 2687 411
3807 1270 8
3807 1351 396
3807 2519 415
3807 751 583
3807 1019 979
3807 1469 446
3807 2520 316
3808 247 936
3809 1179 613
3809 1684 529
3809 1502 748
3810 2286 917
3810 579 793
3810 2457 508
3810 3383 897
3811 3541 263
3811 1762 136
3811 2045 881
3812 2106 986
3812 3630 964
3812 3612 61
3812 3656 360
3812 947 521
3812 3569 239
3812 1340 138
3812 3170 492
3813 1305 613
3813 386 312
3813 961 981
3813 2613 343
3813 1137 603
3813 189 245
3813 795 536
3813 3918 818
3813 665 878
3813 3654 61
3814 1341 883
3814 1482 328
3814 1673 328
3814 1668 163
3815 2377 451
3815 3063 796
3815 3644 594
3815 1696 536
3816 3616 941
3816 815 779
3816 2312 476
3816 2044 603
3816 312 228
3816 2023 520
3817 3988 775
3817 3185 73
3817 2241 620
3817 3103 231
3817 3723 139
3817 2726 300
3817 1693 187
3817 2398 679
3818 3613 790
3818 3013 295
3818 1381 228
3819 3799 21
3819 1395 818
3820 3581 842
3820 1450 139
3820 2406 892
3820 3127 874
3821 2290 560
3822 2801 427
3822 1008 530
3822 659 491
3822 3720 5
3822 1206 301
3823 2478 410
3823 1638 14
3824 268 723
3824 781 765
3824 2817 589
3824 3774 961
3824 2377 774
3825 2691 267
3825 1099 661
3825 2813 868
3825 3133 466
3825 435 811
3825 3466 149
3825 2854 423
3826 79 24
3826 3013 840
3826 2582 482
3826 397 175
3826 2031 16
3827 2016 289
3827 2431 574
3827 3763 902
3827 3930 616
3827 3750 107
3827 2286 796
3827 2595 605
3828 1256 798
3828 2146 857
3828 1838 271
3829 220 653
3829 1046 245
3829 3044 48
3829 2554 404
3829 1449 575
3829 1298 623
3830 56 148
3830 2179 597
3830 650 406
3830 1514 88
3831 1573 617
3831 2886 107
3832 221 986
3832 733 291
3832 3498 478
3833 774 981
3833 1989 285
3833 961 934
3833 1729 302
3834 1622 445
3834 115 262
3834 1872 813
3834 3412 29
3836 1766 178
3836 2874 609
3836 1352 475
3836 441 169
3836 3173 275
3837 3577 798
3837 3986 555
3837 2387 319
3837 176 582
3837 3023 273
3837 3253 362
3837 1085 148
3838 647 733
3838 2541 252
3838 2085 606
3839 3408 418
3839 1164 919
3840 3622 457
3840 3464 687
3841 540 344
3841 1900 432
3841 378 748
3842 1641 166
3842 2596 886
3842 3919 316
3842 3616 171
3842 1389 92
3842 1365 136
3842 3862 972
3843 2933 893
3843 2953 844
3843 2841 697
3843 2955 563
3843 99 607
3844 1154 153
3844 846 333
3845 2318 371
3845 2918 969
3845 2928 948
3845 2982 418
3846 1448 213
3846 2898 433
3847 956 422
3847 773 765
3847 1135 275
3847 3806 690
3848 1639 188
3849 876 320
3849 3838 902
3850 462 652
3850 1487 46
3850 3880 455
3851 642 936
3851 3564 86
3851 1415 140
3851 3813 308
3851 1583 539
3851 421 258
3852 657 349
3852 3541 584
3852 799 605
3854 320 56
3854 1737 254
3854 3750 10
3854 297 82
3855 1583 625
3855 3689 588
3855 2343 360
3855 1886 172
3855 880 837
3855 1736 643
3855 1000 744
3856 720 22
3856 3020 17
3857 2488 535
3857 301 894
3857 3658 517
3858 1169 783
3858 1389 831
3858 1243 837
3858 3562 868
3858 606 95
3858 3079 1
3859 54 267
3859 3104 264
3859 2801 472
3859 2710 800
3860 3306 844
3860 1875 6
3861 646 600
3861 1354 204
3861 730 298
3861 2577 702
3861 726 834
3862 931 971
3862 1222 339
3862 18 203
3862 2388 463
3862 1845 5
3863 3581 230
3863 2891 75
3864 2311 227
3864 3308 89
3864 3266 476
3865 3442 349
3865 598 731
3865 2056 623
3865 2412 342
3865 566 997
3865 2217 112
3866 2276 378
3866 2113 849
3866 3156 282
3866 3950 713
3866 239 127
3866 3534 283
3866 1507 447
3867 2855 534
3868 334 950
3868 285 461
3868 3507 693
3868 2106 15
3868 2763 265
3868 106 749
3868 2890 541
3869 2885 89
3869 99 878
3869 3195 487
3869 107 779
3869 2973 914
3870 568 98
3870 734 983
3870 2388 429
3871 1887 706
3871 2409 930
3872 1008 855
3872 315 800
3872 339 919
3872 628 67
3873 3356 56
3873 3315 214
3873 1713 784
3874 1114 505
3874 1362 255
3874 992 658
3874 3467 509
3874 2832 50
3875 147 651
3875 2703 343
3875 448 656
3875 350 303
3876 2903 224
3876 1173 52
3876 2187 33
3876 1094 793
3876 844 885
3876 481 914
3877 915 919
3877 3186 956
3877 3072 983
3878 434 286
3878 3825 746
3878 1605 478
3878 306 130
3878 369 821
3878 2896 882
3878 1290 421
3878 2613 428
3879 507 988
3879 3175 861
3879 2160 641
3880 1940 961
3880 381 542
3880 2885 523
3880 165 161
3880 3143 612
3881 609 566
3881 645 877
3881 564 808
3881 3101 84
3881 428 171
3881 3716 699
3882 2630 696
3882 3688 584
3882 718 494
3883 3767 717
3883 2191 818
3884 3924 574
3884 3270 510
3884 1761 996
3884 3714 841
3884 232 171
3884 682 691
3884 828 106
3885 3772 319
3885 2785 94
3885 1193 228
3886 1416 426
3886 3908 148
3886 1344 920
3886 2107 14
3886 2163 937
3886 468 990
3887 2680 169
3887 855 827
3887 1868 44
3887 1566 981
3887 1862 963
3887 2175 847
3888 3107 97
3888 2440 44
3888 1710 797
3888 550 411
3888 1745 271
3889 2937 191
3889 3863 947
3889 2982 148
3889 3206 657
3890 2249 858
3890 1367 744
3890 2414 642
3890 382 151
3891 3415 85
3891 1550 276
3892 3965 287
3892 6 182
3892 375 936
3892 2700 29
3892 2137 705
3893 2264 365
3893 2532 863
3893 3846 943
3894 2298 470
3894 1705 81
3894 1984 400
3894 3877 80
3894 415 441
3894 237 759
3895 177 349
3895 3674 571
3895 2454 580
3895 2546 971
3896 2001 936
3896 2000 458
3896 279 63
3897 1716 127
3898 1834 649
3898 1576 846
3898 3878 345
3899 2398 117
3899 224 764
3900 2702 897
3900 1987 612
3900 3519 590
3900 1123 214
3900 691 313
3900 1657 34
3900 2299 914
3901 1927 871
3901 1114 707
3901 2696 548
3901 866 347
3902 1574 953
3902 1580 608
3902 1568 350
3902 2571 130
3902 2743 207
3902 1289 426
3902 494 4
3903 1530 828
3903 3770 703
3903 2014 675
3904 1213 895
3904 863 608
3904 1401 457
3905 586 625
3905 2007 319
3905 673 215
3905 3346 966
3906 1360 820
3906 2730 246
3907 3650 986
3907 1133 58
3907 2017 831
3907 2615 26
3908 2098 330
3909 1350 784
3910 1603 786
3911 1570 427
3911 3962 447
3911 1736 979
3911 1373 15
3911 2014 627
3912 97 867
3912 1902 998
3912 3887 206
3912 1011 648
3912 3677 323
3912 1257 968
3912 996 146
3912 1430 380
3913 2165 718
3914 1214 524
3914 2267 117
3914 212 244
3914 701 381
3915 2483 858
3916 1192 74
3916 2820 175
3916 2767 463
3916 695 758
3917 1496 432
3917 384 678
3917 766 241
3917 203 482
3917 3942 662
3917 3049 252
3917 2676 322
3918 3533 663
3919 1835 369
3919 3085 217
3919 2210 955
3920 2922 247
3920 2615 732
3920 903 140
3920 1635 52
3920 1864 493
3921 3627 432
3921 1338 840
3921 3974 115
3921 2389 281
3921 1845 667
3922 2180 977
3922 1424 696
3922 385 544
3923 3305 807
3923 3668 989
3923 2930 535
3924 3663 282
3924 2024 782
3925 1273 862
3925 732 927
3925 795 23
3925 3670 184
3925 2883 232
3926 807 947
3926 756 493
3926 2242 815
3926 3859 360
3926 3476 737
3926 3549 568
3926 3165 292
3926 1260 16
3926 3719 140
3927 869 798
3927 2286 900
3927 1471 925
3928 1527 477
3928 1203 863
3928 644 99
3928 150 890
3928 3223 793
3928 2559 484
3929 1363 947
3929 459 362
3930 2225 312
3930 918 454
3931 774 835
3931 1739 941
3931 2951 533
3931 3542 118
3932 2563 960
3932 2781 388
3932 2829 101
3933 1856 297
3933 2912 293
3933 2390 372
3933 3072 232
3933 1759 396
3934 1769 191
3934 577 670
3934 1290 594
3934 3123 124
3934 2779 317
3935 2131 434
3935 3097 599
3935 3370 183
3935 1565 848
3935 2832 567
3935 1299 477
3935 95 601
3936 1090 948
3936 2215 403
3936 334 848
3936 983 316
3937 1221 457
3937 3699 292
3937 3482 164
3938 2023 289
3938 1221 989
3938 2362 679
3939 2465 609
3939 3244 963
3939 2172 435
3939 1140 825
3940 22 236
3940 1236 518
3940 2757 828
3941 796 57
3941 2926 542
3941 1994 937
3941 3656 726
3941 2513 262
3942 708 981
3942 2400 708
3942 1280 369
3942 1060 815
3942 100 842
3942 2846 320
3942 3707 190
3942 319 398
3942 2260 56
3942 2990 31
3943 2812 715
3943 3836 235
3943 1604 745
3943 3453 339
3943 3746 68
3944 253 590
3944 3903 1000
3944 2609 237
3945 2708 16
3945 3361 906
3945 2025 199
3945 3682 610
3946 1534 615
3946 159 22
3946 1068 250
3946 3854 476
3946 3594 335
3946 1900 252
3946 645 809
3946 69 968
3947 349 464
3947 2084 378
3947 855 354
3948 3557 296
3948 3930 627
3948 781 284
3948 377 747
3948 1651 211
3948 1532 24
3949 2838 3
3949 2325 682
3949 723 374
3949 2052 951
3949 261 629
3950 18 581
3950 3870 613
3950 3779 86
3951 931 511
3951 3641 794
3951 3359 482
3951 3094 224
3952 1373 606
3952 786 927
3952 760 699
3952 1622 742
3953 3269 588
3953 273 951
3953 2536 885
3953 1537 104
3954 667 711
3954 2442 67
3954 3484 50
3955 832 923
3955 2317 154
3956 3725 831
3956 3728 726
3956 2644 261
3956 837 901
3956 2221 14
3956 3754 117
3956 1546 196
3956 1910 666
3956 768 135
3956 3795 848
3957 1947 611
3957 751 205
3957 1666 453
3957 3242 497
3957 91 349
3958 668 967
3958 987 61
3959 370 936
3959 2228 419
3959 1344 749
3959 626 279
3960 1082 422
3960 233 862
3960 108 505
3960 3506 986
3961 1546 739
3961 1366 702
3961 2693 59
3962 2897 54
3962 3778 607
3963 2051 384
3963 2863 811
3963 2310 308
3963 2729 958
3963 1504 719
3963 1792 782
3964 861 464
3964 3772 356
3964 156 390
3965 900 527
3965 542 594
3966 3577 405
3966 1356 91
3967 1457 754
3967 2326 624
3967 3597 681
3967 1961 42
3968 2483 100
3968 1350 133
3968 2737 647
3968 763 416
3968 2370 644
3969 3052 481
3969 2000 104
3969 2832 30
3969 2809 637
3970 452 810
3970 3458 23
3970 865 454
3970 3563 349
3970 3965 303
3970 2753 638
3971 2110 367
3971 1092 761
3971 3181 681
3972 3268 771
3972 2063 184
3972 1266 737
3972 361 460
3973 466 882
3973 1305 710
3973 1407 580
3973 3591 503
3974 3378 917
3974 3334 645
3974 731 738
3974 2439 387
3974 1872 166
3974 1142 422
3974 2923 574
3974 1515 337
3975 857 491
3975 1940 663
3975 3528 682
3975 3111 763
3975 1529 413
3976 2226 112
3976 3664 425
3976 2637 568
3976 3408 181
3976 1760 285
3978 3527 660
3978 3647 774
3978 3455 90
3979 1570 306
3979 1441 19
3980 2801 198
3980 2750 771
3981 1446 946
3981 2463 362
3981 484 773
3982 3785 655
3982 2624 686
3982 205 422
3983 529 529
3983 3730 157
3983 1324 21
3983 3519 734
3984 2648 858
3984 3878 303
3984 2490 384
3984 1929 208
3984 1221 560
3984 1803 556
3984 7 683
3985 536 16
3985 984 105
3985 712 53
3986 3034 869
3986 3797 158
3986 733 958
3986 2950 350
3987 3767 780
3988 1123 260
3988 2919 745
3988 842 123
3988 667 275
3988 444 879
3989 2293 698
3990 591 667
3990 3219 979
3990 543 977
3990 762 589
3990 3338 460
3990 1299 768
3990 377 141
3991 3682 586
3991 2290 431
3991 1523 432
3991 2837 759
3992 3027 594
3992 3707 636
3992 2067 596
3992 663 696
3993 2534 1
3993 1806 876
3993 1063 550
3993 525 74
3994 2500 762
3994 3048 807
3994 3055 512
3994 1184 649
3994 1061 435
3995 3157 251
3995 737 159
3995 2197 384
3995 3322 671
3995 2642 466
3995 3685 900
3996 695 850
3996 2945 891
3996 1934 786
3996 1612 953
3996 3040 392
3996 796 95
3996 652 436
3997 1021 590
3997 2837 100
3997 3824 852
3997 2586 673
3997 1405 283
3997 3310 378
3998 3839 298
3998 2773 581
3998 1516 515
3998 795 406
3998 3851 406
3999 2948 645
3999 3586 513
3999 1755 803
3999 2299 596
3999 596 551
3999 3419 346
