2000
0 983 363
0 1027 883
0 1736 764
2 1925 450
2 1457 601
2 657 901
2 1506 447
2 224 854
2 124 324
2 1632 308
2 764 380
3 1509 284
3 137 224
3 617 872
3 867 351
4 1383 639
4 660 381
4 264 873
5 304 10
5 372 433
5 896 894
5 1624 629
6 980 248
6 180 960
6 1640 202
6 1176 331
7 757 228
7 1816 47
7 206 533
7 1071 261
7 1953 28
7 1320 616
8 1833 925
8 1928 274
8 1617 886
8 1564 402
8 781 189
8 1702 321
9 1863 937
9 405 314
9 1163 510
10 1477 918
10 559 36
11 904 79
11 1211 377
11 1187 593
11 95 430
11 1335 301
11 867 652
11 1332 30
11 1939 48
12 581 110
12 236 465
12 1261 494
13 589 153
13 1120 241
14 821 989
14 797 817
15 1594 694
15 1010 540
16 517 762
16 824 169
16 71 899
16 1023 780
16 1528 10
16 1041 493
16 1813 971
16 1174 642
16 523 217
17 1916 191
17 1794 717
17 1376 2
17 1283 189
18 643 202
18 1149 628
18 850 33
18 1523 201
18 1180 4
18 436 434
19 1473 403
19 1197 141
19 57 238
19 1745 248
19 57 472
19 1145 967
20 1123 883
20 1911 23
21 1440 92
21 408 623
21 41 991
21 1227 170
21 529 862
22 1866 417
22 1824 549
22 747 697
22 601 313
22 731 243
22 1462 60
22 829 927
22 326 764
23 838 131
23 1908 557
23 356 301
23 449 300
23 17 966
23 695 62
24 1936 880
24 586 519
24 1472 35
24 1231 594
24 1168 541
24 157 489
24 813 333
25 1447 696
25 1571 728
25 1188 951
25 503 771
26 247 418
27 1038 78
27 96 412
28 89 602
28 267 154
28 1372 733
28 1473 325
29 1288 162
29 1390 842
29 1908 353
29 1414 810
29 1557 130
29 625 749
29 99 56
29 592 880
29 7 625
30 906 313
30 1611 167
30 1307 436
31 202 617
31 1109 934
31 831 418
31 1511 824
31 504 319
31 1125 290
31 1614 854
32 801 373
32 536 432
32 1388 108
32 354 563
32 358 844
33 572 815
33 612 187
33 438 523
33 160 752
34 1516 193
34 1128 575
34 868 408
34 1784 994
34 908 699
34 512 526
35 1111 620
35 504 34
35 1179 252
35 27 721
36 1180 654
36 1463 271
36 1326 483
36 463 935
36 780 558
36 1243 312
36 1363 756
36 840 129
36 1871 251
37 927 805
37 1250 101
37 1527 700
37 1377 725
37 490 392
37 1085 712
38 1246 973
38 1893 35
38 743 111
38 1087 113
38 1904 966
39 167 831
39 896 736
40 1581 753
40 294 891
40 1668 605
40 1209 522
40 1948 17
40 619 570
40 1240 671
40 263 725
40 1694 563
40 1387 159
40 1903 769
41 881 605
41 1453 629
41 504 977
42 1113 349
42 279 228
42 56 337
42 1713 466
42 373 739
42 810 945
43 970 632
43 908 521
43 287 937
43 1004 785
43 404 361
44 920 502
44 324 610
44 762 857
44 341 172
44 790 168
44 484 809
44 1865 991
45 1395 445
45 987 244
45 826 932
46 436 970
47 1993 80
47 1924 397
47 1342 765
47 77 52
47 652 495
48 1358 936
48 1640 363
48 65 925
49 1470 836
49 366 811
49 414 676
49 60 755
49 1700 904
50 1514 643
50 423 571
50 309 764
51 1426 286
51 1499 342
51 686 925
51 1864 991
51 269 407
52 549 689
52 358 336
52 254 262
52 1241 59
52 195 886
52 1414 990
53 1289 562
54 823 264
54 365 65
55 1291 247
56 1328 245
56 956 630
56 1834 696
56 1623 138
56 943 450
57 1327 631
57 288 690
58 503 770
58 1720 606
58 1617 292
60 1598 91
60 729 132
60 63 771
60 1882 21
61 576 880
61 86 749
61 365 284
61 219 151
61 481 538
62 1285 727
62 9 968
62 1546 107
62 491 272
63 1498 941
63 856 675
63 282 663
64 1366 134
64 1161 587
64 111 647
65 640 500
65 1208 421
65 1749 946
65 933 374
66 164 105
66 1972 82
67 1289 561
67 251 675
68 120 171
68 1828 320
68 546 822
68 1192 819
68 681 326
68 39 654
68 1417 828
69 1089 128
69 142 103
69 798 411
69 1821 289
69 197 542
69 1783 469
69 1169 770
69 1914 701
69 930 691
69 1461 91
70 1379 324
70 1579 38
70 448 590
71 169 659
71 1531 137
71 1215 805
71 123 832
71 429 767
71 886 366
72 1345 102
72 747 552
72 1390 985
73 947 597
73 159 378
73 1635 816
74 822 536
74 1936 820
75 1957 718
75 242 584
75 706 286
75 811 978
76 1678 616
76 529 489
76 1709 402
76 1322 276
77 1344 195
77 1322 187
77 1096 725
77 1502 751
78 1213 655
78 896 639
78 576 588
78 576 327
78 601 432
78 399 516
79 1312 404
79 112 840
79 717 480
79 1178 965
80 941 805
80 510 201
80 96 893
81 143 914
81 1775 706
81 1826 391
81 1288 657
81 490 673
81 98 489
81 1797 808
82 1050 251
82 1455 919
83 1485 24
83 1908 472
83 1220 177
83 1993 396
84 1331 907
84 508 12
84 7 599
84 223 463
84 790 971
85 121 245
85 150 970
85 1130 744
86 1420 349
86 1291 904
86 1144 975
87 1308 237
87 1669 837
87 710 306
88 89 993
88 110 309
88 920 323
88 646 750
89 254 290
89 122 921
89 669 169
89 233 543
89 1445 205
89 1230 823
89 179 957
89 1454 162
90 501 846
90 1419 187
90 1311 654
90 427 558
90 736 362
91 1965 424
91 1958 204
91 548 932
91 685 946
91 821 951
92 1867 624
92 569 544
92 876 356
92 1483 14
92 1891 987
93 144 567
93 1206 433
94 1753 880
94 683 908
95 1460 883
95 1869 408
95 1325 960
95 686 247
95 71 642
96 1995 568
96 1193 372
96 1048 505
96 819 335
97 772 448
97 1427 878
97 977 745
98 634 570
98 1359 3
98 305 6
98 1668 853
98 1213 849
98 163 335
98 178 890
99 331 264
99 1647 181
99 173 544
99 1765 556
99 717 492
100 569 70
100 29 156
100 155 609
100 1896 174
100 600 654
101 1962 864
101 1964 44
101 313 222
101 943 611
102 1695 746
103 1430 31
103 371 555
103 1386 997
103 338 768
104 925 853
104 404 114
104 109 13
104 342 908
104 1084 96
104 690 241
104 709 904
105 1507 60
105 1801 256
105 704 293
106 1859 938
106 1679 848
107 159 13
107 1518 763
107 778 710
107 1254 70
107 105 925
108 1493 458
108 1900 169
108 1453 657
108 19 266
109 471 536
109 1108 408
109 192 422
109 1428 674
109 1126 777
110 1663 555
110 483 188
110 1289 285
110 1014 3
110 1871 617
111 1299 143
111 888 124
111 1883 507
111 283 978
111 950 149
112 1337 481
112 1036 81
112 189 869
112 1808 592
112 134 433
112 297 632
113 1230 104
113 595 30
113 1455 68
114 1878 640
115 1256 545
115 800 187
115 813 584
116 401 928
116 502 999
116 703 930
116 946 697
116 1758 157
116 963 874
117 935 306
119 1801 582
119 1876 374
120 1660 916
121 1396 429
121 515 687
121 851 96
122 1543 591
122 1992 156
122 910 942
122 992 490
122 1696 905
122 675 656
122 1232 375
123 431 270
123 412 52
124 1230 722
124 1592 767
124 940 180
124 1773 82
125 1010 188
125 818 835
126 1661 132
126 1135 601
127 576 552
127 621 397
127 1050 32
127 731 331
127 1363 876
127 1197 538
128 532 863
128 7 403
128 1496 180
128 998 796
128 103 195
129 1696 466
129 1408 578
129 1084 763
129 915 739
129 339 531
129 751 622
129 1102 343
130 421 826
130 1326 975
130 365 781
131 1251 691
131 1665 706
131 1070 250
131 286 469
131 1285 945
132 1822 552
133 1705 830
133 1098 117
133 1894 943
133 1449 868
133 1656 652
134 269 465
135 429 724
135 1604 109
135 953 674
135 1099 908
135 1300 369
136 256 956
136 55 827
136 830 418
136 1744 13
137 361 511
137 1174 508
137 78 169
137 1213 363
138 229 258
139 1053 509
140 1133 632
140 557 758
141 1890 682
142 1385 346
142 1018 855
142 1935 33
142 1075 923
142 901 888
142 1881 852
143 540 748
143 968 707
143 1749 47
143 373 44
144 1245 787
144 1792 745
144 1141 896
145 664 933
145 1007 851
145 1722 822
145 1423 866
145 1511 226
145 1964 7
146 1736 274
146 884 765
146 1138 813
146 1019 379
146 1120 284
146 728 590
146 244 600
146 1837 401
147 339 630
147 357 499
148 442 504
148 888 193
148 1884 978
148 223 817
148 1615 289
149 1795 511
149 726 461
149 626 915
149 61 618
149 1279 403
150 643 536
150 642 896
150 990 32
150 1931 959
150 376 69
150 360 756
151 1777 828
151 986 247
151 1367 662
151 609 699
152 80 733
152 1243 274
152 1094 604
152 1227 653
152 829 779
153 718 427
153 1438 811
153 137 664
153 636 962
154 61 594
155 1949 707
155 559 374
155 1431 146
155 1684 262
156 766 689
156 1927 934
156 781 885
156 1042 893
156 1174 122
156 1754 720
157 325 604
157 1493 172
157 505 763
157 1330 427
157 1476 287
157 64 487
157 1154 277
158 1749 448
158 159 192
158 1838 488
158 903 657
158 862 495
158 1119 118
159 1747 778
159 1983 70
159 513 856
159 730 595
159 818 1
160 730 360
160 1411 791
160 328 887
160 1727 404
160 621 752
160 1331 756
161 1099 657
161 297 658
162 884 194
162 992 717
162 1218 644
162 759 12
162 122 796
162 86 915
164 1156 329
165 1465 621
165 482 103
165 569 769
166 1404 725
166 818 192
166 116 838
166 581 286
166 742 772
167 1924 644
167 238 902
167 536 340
168 542 682
168 862 182
168 1519 212
169 735 623
169 864 47
169 1819 945
169 1057 107
169 1133 470
170 1830 382
170 408 245
171 232 715
172 1113 464
172 943 56
173 1003 670
173 618 223
173 1056 57
174 1691 37
174 21 631
174 1074 927
174 1860 656
174 638 21
175 984 806
175 1120 382
176 125 894
176 764 202
176 754 846
177 50 609
177 992 59
177 127 292
177 239 909
177 1863 387
178 1367 431
178 34 272
178 423 388
179 271 257
179 1099 962
179 852 591
179 1103 132
179 851 626
179 1852 287
180 1534 948
181 1529 263
181 1070 668
181 67 515
182 1528 514
182 1881 232
182 113 474
182 795 583
182 1931 336
183 1393 113
183 1870 620
184 1387 675
184 1160 240
185 1140 517
185 773 713
185 1222 64
185 1541 17
186 378 521
186 264 508
186 714 211
186 410 264
187 1023 428
187 1099 513
187 1159 781
188 1489 126
188 734 952
188 344 989
188 1916 755
188 1890 268
189 1527 759
189 1643 729
189 1586 334
189 1741 733
189 1276 319
190 1024 28
190 685 55
190 810 201
190 1711 675
190 1687 785
190 1800 137
191 440 23
191 1938 915
191 367 495
192 464 298
193 885 549
193 1029 952
193 1289 352
193 95 227
193 1218 978
193 853 336
194 681 304
194 1907 433
195 498 898
195 881 41
196 52 266
196 231 704
196 544 328
196 971 128
197 592 118
197 179 70
197 931 994
197 225 683
199 1006 364
199 1319 562
199 1111 307
199 226 397
199 978 419
200 313 634
200 1178 674
200 765 353
200 1369 156
200 704 947
201 1285 200
201 1611 708
201 1202 588
201 595 397
201 393 141
202 482 676
202 320 802
203 1620 74
203 696 348
203 1151 705
204 1276 411
204 864 536
204 901 745
204 1992 845
204 1833 233
204 1293 602
204 280 903
205 1231 853
205 1871 53
205 714 431
205 651 313
205 1657 440
205 558 8
206 1596 53
206 436 72
206 125 232
206 1505 348
206 1238 905
206 568 534
207 478 963
207 1131 108
207 961 124
207 19 836
207 259 711
207 1214 385
208 819 790
208 730 76
208 951 455
208 1493 2
209 1606 268
209 280 882
209 1420 859
209 722 959
210 1290 673
210 261 185
210 1556 357
211 1801 695
211 1726 629
211 1377 113
211 589 665
212 610 779
212 1238 671
212 128 493
212 120 496
213 1981 720
213 1034 661
213 1530 822
213 1113 346
213 15 632
214 654 509
214 787 146
214 1561 140
215 1074 488
215 1247 441
216 1345 507
217 1573 473
217 517 753
217 947 525
217 1412 933
217 1635 33
218 1717 398
218 1748 795
218 877 660
218 1766 949
218 39 179
219 1496 568
219 303 364
219 114 319
219 652 40
219 783 267
220 7 384
220 1338 722
220 1855 420
220 1054 863
220 610 468
220 1929 240
220 1841 384
220 532 560
220 1221 610
220 1118 790
221 754 407
221 296 306
222 1916 244
222 1983 216
222 25 32
223 1107 148
223 81 840
223 1735 188
223 1076 705
224 1121 348
224 1188 85
225 969 534
225 1401 913
225 944 909
225 1955 487
225 298 683
226 1814 773
226 699 721
226 1019 352
226 125 157
226 1660 547
226 1464 54
227 1342 807
227 362 677
227 491 139
227 1852 869
227 155 705
228 607 306
228 965 141
228 881 241
228 850 292
229 1532 837
229 1283 782
230 302 589
230 7 802
230 1919 928
230 1272 228
230 742 347
230 1754 571
231 800 389
231 1145 72
231 1233 579
231 1925 103
231 279 335
231 1023 292
232 1318 556
232 1290 24
232 1105 880
233 1400 454
233 1120 657
233 1922 274
233 1395 986
233 1745 405
234 1073 690
234 1574 716
235 1388 845
235 578 232
235 809 405
235 967 331
236 117 757
236 1230 251
236 492 781
236 808 726
237 1436 850
237 523 29
238 1635 623
238 1654 650
238 273 81
238 1855 245
239 1775 803
239 885 321
239 1326 738
239 1946 726
239 628 880
239 1423 923
240 1411 535
240 814 532
240 1579 6
240 442 751
240 925 120
241 1767 169
241 766 326
242 1506 865
242 310 7
242 1108 930
242 1684 176
242 1930 282
243 1096 866
243 1007 595
244 983 535
244 633 849
244 1831 113
244 1501 378
245 1309 566
245 546 964
245 357 297
245 355 38
246 1819 383
246 1433 505
246 563 60
248 1352 963
248 1989 215
248 1917 346
249 796 107
249 1432 189
250 552 130
250 1752 614
250 1928 161
251 398 312
251 826 814
251 742 453
252 1548 946
252 804 678
252 1464 186
252 1312 933
252 1198 876
252 1389 485
252 1936 761
253 524 934
253 315 477
253 1479 566
253 540 370
254 1823 640
254 1936 73
254 221 783
254 1163 503
254 259 297
255 1608 860
255 1911 313
256 535 123
256 1959 513
256 1875 69
257 203 720
257 316 446
257 1633 698
257 194 856
257 66 88
257 1764 92
257 372 35
258 548 524
258 1884 858
258 1511 947
258 1542 457
259 829 716
259 320 751
260 1714 13
260 60 200
261 1343 174
261 86 572
261 1401 216
261 260 660
261 425 326
262 900 601
262 449 767
262 1667 456
262 433 820
262 1343 344
263 929 681
263 617 665
263 39 50
263 489 123
264 571 266
264 1174 677
264 704 127
264 167 814
265 924 519
265 1994 396
266 741 133
266 1078 655
266 1347 980
266 1076 288
266 889 386
266 208 850
267 1910 48
267 1509 820
268 1507 645
269 1458 297
269 1636 497
269 646 151
269 179 848
270 842 571
270 789 696
270 701 292
270 1835 273
270 1062 823
271 1860 237
271 1655 416
272 474 590
272 1143 83
273 294 229
273 1309 687
273 1092 348
273 1465 489
273 1033 688
273 618 845
273 1265 286
274 619 590
274 138 161
274 1294 573
275 772 370
275 1421 613
276 1098 666
276 710 427
276 1450 440
277 1531 253
277 956 394
278 985 237
278 932 508
278 1335 571
278 524 419
278 1458 973
278 1843 5
279 963 777
280 25 545
280 902 671
280 1413 162
281 1255 717
281 1896 514
281 611 679
281 261 220
281 1133 72
281 730 946
282 796 609
282 1324 885
282 1435 978
282 759 438
283 1555 214
283 1055 835
283 361 711
284 119 641
285 1951 310
285 1889 839
285 357 102
285 148 188
285 261 56
285 152 813
286 1623 858
286 1642 374
287 118 523
287 273 623
287 1709 46
288 486 891
288 1283 542
289 582 612
290 443 525
290 986 838
290 449 493
290 1436 30
290 700 757
291 185 698
291 880 407
291 1654 727
291 1149 955
291 1003 230
292 875 189
292 1843 140
292 1931 892
292 1610 633
292 1281 837
293 1984 553
293 1451 971
293 86 693
293 1944 971
293 1795 699
293 1014 786
294 1563 612
294 46 30
294 938 160
294 490 695
295 1287 797
295 1698 97
295 373 474
296 905 654
296 676 703
296 1619 23
297 1138 776
297 504 414
297 1430 457
297 822 559
297 47 794
297 689 263
297 128 700
298 491 958
298 792 581
298 680 830
299 641 66
299 1518 90
299 1572 450
299 867 784
299 86 783
300 488 39
300 1946 660
300 1020 505
301 1144 470
301 1526 884
301 279 836
302 1561 799
302 442 19
302 1788 786
302 1380 290
302 87 401
302 1891 811
303 66 327
303 511 567
303 1929 39
304 1404 913
304 1077 139
304 6 142
305 1486 807
305 1778 83
305 605 67
305 1103 627
305 1135 887
305 1040 109
305 997 845
305 1941 173
306 1040 367
306 29 10
306 1381 734
306 750 915
306 1673 986
307 1075 863
307 1729 794
307 460 181
307 1167 377
307 463 617
307 942 910
308 986 856
308 309 401
308 533 266
308 1504 647
308 1301 357
309 1758 452
310 245 667
310 1816 738
311 282 244
311 1912 392
311 726 228
311 1748 631
311 1021 769
311 838 782
312 1986 684
312 56 958
312 606 344
312 865 389
313 780 367
313 1322 427
313 1853 640
313 1115 187
313 1057 541
314 737 32
314 1459 691
314 1403 671
314 802 616
314 361 857
314 581 279
315 1442 595
315 1485 253
315 381 393
315 504 905
315 1726 737
315 709 536
315 1236 628
315 762 399
316 1034 788
316 1552 503
317 257 54
317 1536 313
318 1288 355
318 577 969
318 668 45
318 642 484
318 1492 652
320 123 545
320 947 648
320 976 340
320 1172 8
320 1908 214
321 1989 182
321 1316 734
321 1671 410
321 182 931
322 696 372
322 51 427
322 776 14
323 1116 241
323 689 370
324 1527 487
324 893 310
324 11 893
324 1519 986
324 826 123
324 1627 65
325 1404 408
325 880 389
325 1268 883
325 1226 549
325 961 203
325 775 231
326 1121 813
326 506 256
326 1067 334
327 1429 277
327 290 382
327 1108 125
327 297 872
327 1485 41
328 1694 124
328 1475 846
328 1813 347
328 629 285
329 794 352
329 1754 43
329 430 174
330 1581 978
330 1823 936
330 79 650
331 744 732
331 744 301
331 576 154
331 1668 405
331 1903 396
332 293 787
332 351 282
332 388 895
332 858 664
333 375 798
333 1438 122
333 1922 47
333 1958 268
334 811 993
334 25 408
334 2 12
335 924 263
335 1280 662
335 1364 10
335 153 46
336 828 190
336 1047 425
336 586 728
336 1043 165
337 341 461
337 1159 31
337 146 467
337 1142 632
337 982 395
337 1869 19
338 1762 637
338 1624 323
338 623 621
338 1979 775
338 358 832
338 785 883
338 1996 109
338 1049 730
338 1492 462
339 1876 966
339 942 1
339 1725 107
339 1461 863
339 1345 853
340 44 317
340 441 495
340 1586 317
341 1143 198
341 1744 268
341 1174 663
341 455 44
341 1534 312
341 1439 433
341 1760 37
342 126 79
342 771 105
342 1981 985
342 577 839
342 790 830
343 571 808
343 1198 262
343 1337 103
343 1938 279
343 1237 421
343 1642 359
343 165 212
344 1890 753
344 1059 580
344 697 271
344 1807 21
344 275 602
344 1046 821
344 1487 32
345 995 358
345 1503 683
345 1989 573
345 178 853
346 100 725
347 1060 691
347 1664 958
347 299 913
347 156 374
348 1961 761
348 1952 591
348 534 622
348 1255 379
348 69 101
348 1543 353
348 1699 590
348 1446 552
348 98 489
349 573 199
349 1536 287
349 960 597
349 61 326
349 354 835
350 183 691
350 823 775
350 932 807
350 50 168
351 1673 178
351 1411 961
351 1886 632
352 1619 813
352 1891 717
352 1228 159
353 1573 581
353 272 286
353 1958 103
353 701 593
353 151 611
353 1103 635
354 603 696
354 1193 863
354 679 874
354 1854 465
354 1568 683
354 1276 293
355 88 52
355 267 547
355 1230 160
356 75 80
356 675 905
356 106 514
356 903 700
357 1038 494
357 1986 338
357 1062 585
357 130 296
358 1939 814
359 1547 100
359 53 468
359 1175 690
359 1164 503
359 1708 736
359 1802 971
359 95 286
359 1728 348
359 963 203
359 1034 433
360 1217 16
360 1974 627
361 1962 131
361 1718 591
361 1871 801
361 1265 647
361 588 70
361 901 595
361 1441 541
362 172 811
362 607 245
362 1119 121
362 167 925
362 896 632
363 445 14
363 649 446
363 1262 965
363 1236 99
364 1147 614
365 1305 951
365 1965 144
365 147 617
365 1612 809
365 1219 594
365 1584 695
366 386 432
366 952 759
366 833 894
366 977 607
366 1000 778
367 806 577
367 981 253
367 1219 681
367 945 285
367 1568 360
368 1746 214
368 44 444
368 1703 107
368 709 841
368 164 883
369 175 114
369 544 396
369 492 274
369 430 761
370 994 635
370 1401 627
371 1673 225
371 1768 652
371 849 910
371 221 303
372 261 126
372 1734 293
372 1534 121
373 1352 67
373 1142 426
373 62 511
373 1140 199
373 1740 356
373 780 407
373 1050 620
374 1257 801
374 298 348
375 196 149
375 1550 822
376 435 860
376 1635 806
376 817 501
376 138 718
377 1085 508
377 900 269
377 708 702
377 466 257
377 98 64
377 117 562
378 195 574
378 485 470
378 456 212
378 131 809
379 1371 893
379 1263 927
379 200 338
379 43 229
380 1618 367
380 183 877
381 1949 463
381 845 553
381 1149 695
381 1444 8
381 715 553
381 802 916
382 971 769
382 815 168
383 1725 51
383 708 225
383 1269 912
383 456 489
384 1271 87
384 1729 794
384 1558 668
384 410 69
384 1917 288
385 1871 607
385 1644 746
385 474 457
386 1862 893
386 1323 538
386 200 802
386 1489 474
387 1485 215
387 20 237
387 815 304
387 1300 503
388 1650 131
388 1414 974
388 1495 162
388 1053 416
389 1082 827
389 224 492
389 1336 185
389 517 448
389 1846 842
390 1072 893
390 787 166
390 254 43
390 789 600
390 543 144
391 247 944
391 701 827
391 1553 28
391 1290 973
391 200 486
391 636 765
391 1738 582
392 681 672
392 1796 549
393 818 56
393 206 896
393 502 778
393 1712 16
393 1247 643
393 295 905
393 1645 621
393 984 587
394 1035 214
394 1411 876
394 1666 318
394 1280 576
394 1113 952
394 1579 93
395 1301 820
395 893 7
395 784 972
396 1190 145
396 1729 439
396 1716 26
396 356 733
397 151 602
397 1601 937
398 1068 308
398 908 787
398 1295 61
398 1330 941
398 997 876
398 1214 823
398 532 497
398 981 908
399 1180 372
399 1717 38
399 243 60
399 106 948
399 1870 812
400 1942 96
400 1122 559
401 1512 881
401 136 791
401 528 990
401 968 264
402 1162 923
402 1378 285
402 378 268
402 942 524
403 591 79
403 1580 75
404 548 953
404 281 792
404 74 310
405 1266 443
405 1106 919
406 1 147
406 1210 402
406 1767 920
407 789 156
407 1870 903
407 1012 188
407 1843 644
407 1108 32
407 737 325
408 1542 85
408 1273 933
408 1547 767
408 1770 239
408 987 688
409 1973 567
409 524 686
409 35 683
410 305 738
410 1033 713
410 1445 789
410 1507 646
410 145 265
410 592 756
410 1303 716
411 153 710
411 198 545
411 223 477
412 71 877
412 995 250
412 537 403
412 962 146
412 1864 655
412 1448 136
412 1267 551
413 909 736
413 212 359
413 106 655
413 631 919
413 1561 200
413 125 622
413 1597 970
413 530 111
413 450 401
414 1394 927
415 136 814
415 1657 21
415 1131 801
415 824 545
416 704 206
416 497 251
416 1787 312
416 1427 462
416 1897 662
416 977 525
416 1348 324
416 1157 126
416 1457 163
416 1804 152
417 1776 948
418 1910 73
418 1701 4
418 1721 31
418 1779 620
418 1447 163
419 1232 885
419 478 329
419 1366 418
420 1701 566
420 1635 24
420 767 395
420 171 498
420 1209 319
420 691 291
420 140 697
420 1229 367
421 795 502
421 1721 228
421 526 625
421 1081 837
422 1444 633
422 318 382
422 1793 266
422 200 555
422 1997 188
423 199 341
423 1197 60
423 797 288
424 1614 521
424 1836 106
424 734 30
424 1697 858
425 156 604
425 1762 81
425 569 391
426 1098 617
426 1837 689
426 1423 427
426 346 104
427 1652 11
427 711 658
427 1812 38
427 1291 418
427 1857 268
427 363 572
428 1634 586
428 1012 476
428 854 717
428 1437 552
428 262 596
429 249 41
429 213 835
429 109 978
429 1575 38
429 1459 187
429 1253 486
430 1296 292
430 1012 716
430 1467 272
430 52 66
430 308 999
430 588 325
431 1166 400
431 1979 729
431 24 420
431 890 710
432 1335 591
432 1608 70
432 1752 141
432 1245 117
433 1753 49
433 340 845
433 1080 586
434 810 760
435 777 967
435 830 678
435 592 257
435 401 694
435 1809 177
436 1901 543
438 730 465
438 1093 258
439 1647 450
439 344 310
439 338 948
439 1960 596
440 150 926
440 1661 863
440 785 311
441 1190 501
442 1088 730
442 1563 270
442 271 513
442 1139 328
442 1474 29
442 75 87
442 980 196
442 211 155
442 610 2
442 1901 609
444 402 953
444 389 473
444 1867 213
445 1457 129
445 555 488
446 374 81
446 91 526
446 1770 34
446 1635 606
446 1654 310
447 1161 933
447 1411 942
447 1461 854
448 1343 99
448 1711 69
448 473 622
449 297 501
449 1477 727
449 1398 520
449 1605 878
449 386 812
449 1695 875
449 1330 469
449 886 614
450 417 65
450 418 167
450 579 975
451 1254 212
451 1952 26
451 1175 905
451 154 615
451 972 919
452 1818 873
452 293 481
452 142 847
452 171 469
453 863 932
453 0 311
453 504 796
453 1013 706
454 1796 4
454 1517 889
454 1336 255
455 1553 525
455 1736 200
455 859 102
455 1663 102
456 1101 741
456 955 923
456 1664 867
456 1826 275
456 1752 823
456 239 25
456 1546 318
456 1967 382
456 1212 362
457 1504 527
458 133 202
458 1595 393
458 995 159
459 725 516
459 1768 240
459 329 1
459 1115 38
460 1490 407
460 1171 562
460 770 328
460 1076 744
460 492 580
461 937 292
461 755 351
461 557 773
461 1004 875
461 636 99
461 1419 849
461 1378 400
461 1943 556
462 189 510
462 1433 252
462 999 335
463 1180 798
463 868 902
463 319 109
463 1832 542
463 1786 950
464 735 1
465 1803 116
465 1064 608
465 1984 906
465 1535 881
466 1057 574
466 107 735
466 1939 930
466 750 781
466 761 758
467 193 640
467 1064 201
467 1040 779
467 95 995
467 1762 490
467 406 54
468 163 124
468 1622 60
468 1408 270
468 1285 481
468 183 579
468 1955 589
468 1433 522
468 1638 732
468 1926 831
469 1231 263
469 600 443
469 636 193
470 188 727
471 8 909
471 132 462
471 434 375
471 1974 833
471 126 169
471 1648 285
472 1812 377
472 507 909
473 396 503
473 543 694
473 1993 540
474 558 448
474 144 289
474 1537 775
474 385 573
475 1891 504
475 1897 429
476 1930 876
477 1546 950
477 709 263
478 1496 787
478 446 416
478 210 543
479 522 860
480 596 660
480 954 281
480 528 407
481 697 240
481 409 937
481 1351 878
481 1359 760
482 1605 16
482 1873 155
482 474 498
483 1809 484
483 1571 279
483 1746 2
483 1074 491
483 1571 692
484 1653 172
484 119 415
484 1871 244
484 1439 774
484 7 433
484 280 722
485 947 909
485 522 609
486 995 458
486 1362 878
486 1628 796
486 718 53
486 557 949
486 414 989
486 933 884
488 1117 431
488 1517 96
488 143 617
489 1322 228
489 1633 766
489 485 843
489 1189 218
490 139 705
490 820 715
491 1113 577
491 1772 498
491 255 689
491 246 674
492 808 904
492 51 10
492 1641 578
492 1913 934
492 1037 602
493 383 451
493 1954 564
493 456 310
494 1130 749
494 825 997
494 286 732
494 1587 402
494 408 244
495 1709 507
495 899 834
495 1665 385
495 160 409
496 1917 685
496 934 759
496 1224 373
497 1459 373
497 597 325
497 328 591
497 822 679
497 291 837
497 1569 379
498 1366 891
498 1282 817
498 594 317
499 1110 610
499 489 536
499 1715 489
499 865 536
499 1215 933
500 1735 670
500 1580 837
500 751 892
500 36 543
500 909 725
500 768 115
501 1177 684
501 1578 335
501 1589 859
502 1594 167
502 307 500
502 1052 285
503 166 778
503 1260 344
504 1763 491
504 1020 455
504 1284 204
504 1676 577
504 718 382
504 1266 327
504 1884 912
505 1883 830
505 202 437
505 1098 746
505 712 976
505 1555 198
506 62 804
506 1405 910
506 180 75
506 243 808
506 1888 357
506 651 892
507 653 884
507 698 140
507 245 870
507 1786 494
508 1032 826
508 644 491
508 868 863
508 1700 1
508 963 807
509 1210 915
509 1359 305
509 195 814
509 19 699
510 1944 859
510 899 676
511 1243 365
511 1727 33
511 1799 661
511 710 298
511 846 151
512 1473 121
512 1346 381
512 766 11
512 280 931
512 1666 255
512 1963 892
512 62 974
513 1164 801
513 1665 714
513 1688 21
513 1883 447
513 1605 241
513 1130 672
513 1374 445
514 957 382
514 1807 619
514 1141 408
514 26 581
515 1530 407
515 830 885
515 1124 492
515 458 367
515 1312 923
515 1991 95
515 1935 334
516 258 819
516 677 481
516 363 73
517 1426 725
517 1870 310
517 244 489
518 1171 637
518 544 85
518 323 19
518 1844 696
519 571 255
519 979 552
520 1208 178
520 1735 19
520 720 476
521 835 297
521 1266 854
521 276 163
521 1261 646
521 1543 547
521 1868 868
522 1868 947
522 1130 985
522 1083 512
522 852 723
522 345 98
522 1476 279
523 759 513
524 1509 760
524 1372 646
524 531 233
524 1090 280
524 41 492
525 1530 53
525 425 165
525 890 122
525 259 255
525 718 40
525 608 45
525 1162 746
526 157 164
526 538 38
526 980 557
526 1159 210
526 1115 72
526 1542 427
526 491 200
527 1006 428
527 914 357
527 245 948
527 1269 209
527 1344 281
527 735 325
527 1930 761
529 1993 449
529 554 712
529 384 520
529 1225 222
530 1382 687
530 859 169
530 1138 836
530 1665 130
530 208 209
530 1318 17
530 937 63
530 442 668
531 1029 152
531 1377 446
531 246 227
532 1437 604
533 1019 967
534 360 477
534 1272 441
534 1702 218
535 1510 53
536 973 812
537 1901 493
537 390 655
537 561 862
537 529 348
537 336 533
537 807 530
537 452 122
537 1802 567
538 1976 888
538 495 243
538 1135 591
538 645 449
538 1158 990
538 1060 654
538 1397 830
539 1829 703
539 1827 512
539 503 145
539 78 412
539 698 98
540 1168 823
540 1065 804
540 10 505
540 315 297
540 1140 353
541 752 371
541 876 856
541 917 1000
541 1705 44
541 1091 428
542 538 856
542 62 472
542 351 186
542 864 292
543 1722 721
543 1579 743
543 900 146
544 1818 118
544 741 833
545 980 464
545 1589 872
545 381 3
545 1567 579
545 32 916
545 382 170
545 942 855
546 1645 925
546 1268 245
546 721 578
546 1284 641
546 1625 298
547 800 986
547 633 270
548 471 321
548 140 66
548 464 114
549 787 80
549 930 717
549 1269 139
549 769 33
549 1141 678
549 1090 407
550 1779 968
550 1716 808
550 1093 266
550 1390 474
551 1519 732
551 962 382
551 835 797
551 421 694
552 1010 931
552 1041 444
552 1641 569
553 1707 535
553 1474 398
554 453 501
554 935 476
554 1762 874
554 65 551
554 21 211
555 1086 870
555 49 523
555 257 188
555 1281 330
555 1693 891
555 823 571
556 516 185
556 957 325
556 1477 62
556 549 399
556 86 181
557 691 951
557 299 531
557 1199 863
557 1150 523
558 1785 580
558 1344 932
559 1666 565
559 1213 192
559 346 571
559 1317 610
560 1196 160
560 1189 976
560 975 838
560 1653 715
561 1780 821
561 1368 565
561 1921 508
562 1537 263
562 639 205
562 286 288
563 253 268
563 111 444
563 829 219
563 1420 245
563 88 605
563 518 211
563 1947 909
564 102 296
564 699 482
564 477 723
565 1823 461
565 1575 379
565 1751 510
566 1192 900
566 1053 807
567 1606 284
567 265 120
567 1945 655
568 849 177
568 823 715
568 1119 592
568 765 125
568 1093 654
568 1342 268
569 1333 376
569 1650 48
569 355 318
570 1945 793
570 1195 476
570 1802 283
571 825 299
571 1544 865
571 1435 367
571 858 918
571 1500 349
571 1229 186
572 677 723
572 1329 248
572 697 424
572 432 461
573 382 250
573 1717 403
573 73 782
574 313 737
574 1022 162
574 777 501
574 1647 184
574 1113 105
574 1222 593
575 1161 738
575 1198 161
575 938 916
575 732 736
575 309 984
575 781 153
575 35 907
577 1940 173
577 1468 388
577 595 800
577 748 815
577 1007 208
577 1673 144
578 1434 665
578 439 310
578 182 254
578 229 663
579 396 15
579 1978 629
579 334 846
579 601 532
580 1526 883
580 1424 614
580 261 340
580 1236 829
580 1703 207
581 1215 984
581 148 688
581 1060 267
581 1699 234
582 532 823
582 1249 118
582 551 521
582 288 809
582 230 851
582 1110 165
582 1524 808
583 147 267
583 1539 563
583 1979 458
583 288 490
584 383 875
584 1795 656
584 1996 153
585 872 168
585 1000 393
585 1317 684
585 1901 358
585 1848 680
585 1535 425
585 195 193
585 1602 51
586 1914 878
586 1103 820
587 700 673
587 497 57
587 725 754
587 1416 608
587 1712 575
588 1418 87
588 1683 560
588 1646 711
588 1273 558
589 1928 16
590 1875 194
590 1872 616
591 1024 496
591 1219 242
592 1133 281
592 610 562
592 1474 871
592 1734 628
593 239 792
593 1607 932
593 346 282
594 703 682
594 526 297
594 1827 306
594 1678 578
595 1296 33
595 960 790
595 775 456
595 776 643
596 894 673
596 843 127
596 198 423
596 1777 747
596 1707 846
596 1178 42
597 363 193
597 762 867
597 950 159
597 1993 325
598 1000 317
598 323 360
598 996 453
599 916 996
600 1430 816
601 1018 225
601 1113 657
601 1067 662
602 1648 201
602 879 160
602 583 110
603 833 651
603 847 613
604 1935 896
604 1193 796
604 507 861
604 1578 987
604 1173 278
604 941 714
605 105 460
605 285 745
605 812 460
605 1842 663
605 1091 613
605 538 132
605 1329 201
606 1430 393
606 1754 430
606 1291 698
607 674 983
607 333 510
607 1258 411
608 1360 515
608 736 683
608 55 501
608 1551 9
608 542 655
608 468 31
608 831 302
609 970 688
609 1336 177
610 1572 974
610 1702 322
610 1609 952
611 202 518
611 1960 221
612 1539 656
612 1437 838
612 1737 667
612 436 218
612 818 197
613 916 835
613 1397 476
613 1533 102
614 74 399
614 1249 534
614 41 692
614 1585 187
615 689 290
617 1040 612
617 1006 293
617 911 455
617 1076 547
618 1217 281
618 505 503
619 75 86
619 110 664
619 260 293
619 877 483
619 1694 146
619 1274 933
619 184 923
619 193 241
620 720 452
620 1658 528
620 1804 507
621 798 100
621 1390 461
621 1969 995
621 49 779
621 762 600
621 632 581
621 1404 1000
622 1347 210
622 540 851
622 244 312
622 469 583
622 1966 917
622 1778 591
623 1305 991
623 584 444
623 508 818
625 133 487
625 1808 915
625 315 179
626 36 621
626 591 179
626 1365 754
626 1511 463
626 88 599
626 487 506
627 1565 839
628 1154 460
628 575 181
628 800 389
629 359 307
629 1542 486
629 522 129
629 444 53
629 199 482
630 1994 576
630 332 542
630 1205 513
631 1977 216
632 555 343
632 1880 315
632 859 977
632 1112 484
633 1376 468
633 1515 678
633 1154 678
633 574 750
633 915 705
633 1081 655
633 1991 967
633 1515 611
634 1863 850
634 64 940
634 1864 540
634 1113 214
634 595 156
634 1302 537
634 1204 854
635 401 532
635 1413 361
635 950 554
635 382 140
635 1830 527
636 230 382
636 1899 55
636 957 633
636 1085 528
637 1585 449
637 1608 52
637 1312 862
638 377 906
638 141 853
638 1041 587
638 1066 888
638 724 94
638 1978 425
639 617 164
639 1431 745
640 1058 422
640 1671 839
640 514 997
640 1681 671
640 1810 914
640 1823 340
640 1179 38
640 1185 199
640 1634 196
640 1276 461
641 817 179
641 101 745
641 1148 420
642 748 990
642 838 424
643 1315 347
643 859 42
643 1673 571
644 1765 975
644 1240 558
644 492 653
645 1568 238
645 1586 482
645 424 68
645 1772 425
645 485 824
645 1669 66
646 298 820
646 1944 464
646 84 261
646 1054 788
647 622 966
647 1897 679
647 217 482
647 1394 50
648 1180 112
648 593 594
649 467 982
649 958 294
649 20 26
649 1601 565
649 1815 420
649 535 217
649 661 411
650 565 95
650 726 151
650 1032 57
650 1963 233
651 1685 473
651 380 818
651 999 144
651 1980 238
651 784 782
651 1746 36
651 1971 984
652 1980 134
653 131 11
653 1611 745
653 733 438
653 100 499
653 542 290
654 1839 330
654 1759 702
655 1103 861
655 1060 376
656 574 113
656 661 76
656 152 821
657 1784 611
657 1120 108
658 47 315
658 1822 424
658 636 537
658 1356 88
658 1642 886
658 101 572
659 887 441
659 1485 963
659 883 382
659 1254 809
659 104 462
660 1345 549
660 1185 321
660 543 536
660 986 126
660 154 539
660 394 475
661 383 955
661 392 543
661 1279 511
662 1666 283
662 1361 119
662 802 978
662 1074 397
662 1531 958
663 637 724
664 422 471
664 518 456
665 351 72
665 359 177
665 64 504
665 1666 277
665 1778 133
665 1578 109
666 582 596
666 1010 400
666 21 339
666 1507 584
667 1129 317
667 44 728
667 737 219
667 1387 38
668 634 522
668 582 818
669 1040 331
669 1472 380
669 1013 566
670 240 208
670 925 608
670 1027 816
670 89 864
670 286 986
670 1347 392
670 1092 369
671 1822 326
671 828 338
671 187 135
671 167 530
671 1986 543
671 1198 148
672 524 587
672 537 520
672 680 329
672 76 309
672 1953 291
672 636 727
672 1569 380
673 1373 586
673 133 568
673 481 296
674 631 403
674 655 19
674 1426 718
674 1650 382
675 68 389
675 570 550
675 1491 470
675 422 704
675 1643 491
675 1285 500
675 1853 72
676 0 108
676 876 251
676 147 658
676 811 108
676 1411 338
676 1186 968
676 907 303
677 1561 21
677 992 127
677 1386 562
677 1773 225
678 1947 112
678 1750 323
679 1898 429
681 943 806
681 1029 324
681 1706 785
681 1064 302
681 764 955
681 452 390
682 1890 662
682 1607 967
682 683 257
682 1565 196
683 699 169
683 1684 465
683 684 434
683 1952 277
683 1249 901
683 1505 29
683 1944 153
684 1630 108
684 473 84
684 1803 77
684 800 568
685 198 969
685 1211 226
685 74 563
686 499 401
686 796 614
686 1838 688
686 865 510
687 1348 694
687 7 594
687 153 909
688 1645 694
688 400 282
688 1066 991
688 1216 665
689 310 161
689 182 88
689 1388 650
689 80 483
689 1496 670
690 191 992
690 946 753
690 97 762
690 1971 523
691 1292 808
692 1240 655
692 1004 173
692 1786 20
692 647 747
692 668 340
692 285 775
692 1469 567
693 28 863
693 422 202
693 1895 37
693 84 888
694 1026 682
694 665 420
694 1717 629
694 1788 445
695 733 521
695 1573 470
695 459 763
695 153 191
695 1118 35
695 898 6
696 563 893
696 1188 390
696 722 347
696 1720 823
696 569 102
697 599 454
697 273 327
697 27 830
697 1296 833
697 1862 435
697 1548 805
697 807 180
697 585 885
697 1529 584
698 1463 706
699 1656 628
699 1425 709
699 647 846
700 1341 929
701 1863 773
702 1875 168
702 1714 314
702 91 573
702 589 343
703 142 64
703 111 95
704 1985 235
704 409 429
705 1812 646
705 506 77
706 1221 643
706 146 629
707 1542 133
707 1158 604
707 1050 525
707 382 224
707 690 639
707 1579 725
707 132 555
707 1252 356
708 1906 382
708 968 821
708 349 997
708 678 743
709 1718 73
709 848 28
709 744 252
710 1389 50
710 1016 408
710 1285 257
710 82 154
711 1220 809
711 1450 250
711 1229 230
711 1889 900
711 699 323
711 908 429
712 1637 698
712 461 275
712 1788 748
712 193 101
712 908 833
712 874 324
712 1279 948
712 1475 602
712 354 964
713 1264 165
713 619 593
713 1187 289
713 1960 109
713 184 513
713 748 233
713 1664 775
714 1898 730
714 1823 966
715 1342 278
715 595 9
715 916 845
716 672 184
716 1300 895
717 1459 119
717 1796 456
717 402 567
717 351 141
718 1042 293
718 235 480
719 1282 541
719 1234 939
719 74 640
719 1149 325
719 1236 140
720 1827 46
721 931 827
721 752 482
722 1709 214
722 126 627
722 1467 753
722 145 863
723 1962 109
723 1414 407
723 466 11
723 1031 183
724 1700 661
724 1653 319
724 50 218
724 1833 753
725 1051 602
725 10 67
725 701 507
725 232 816
726 39 53
726 1923 256
726 1582 611
726 1428 630
726 1141 258
726 988 292
727 1126 642
727 1120 834
727 555 374
727 730 73
727 1526 995
727 870 704
728 1932 640
728 549 354
728 1322 13
728 1695 960
728 50 853
728 1985 450
728 1735 651
729 39 874
729 1092 274
729 1688 648
730 26 433
730 960 612
730 316 913
730 1941 905
730 1778 532
730 1373 471
730 1595 543
731 504 242
731 753 830
731 888 727
731 1278 77
731 678 46
732 1107 53
732 676 602
732 1832 646
733 1013 107
733 916 84
734 1679 208
734 314 587
734 410 779
735 1995 78
736 1802 374
736 1993 126
736 1927 46
736 742 647
736 866 478
737 1178 833
737 881 416
737 36 716
738 1672 160
738 1442 506
739 1862 487
739 1672 741
739 1895 649
739 1782 279
739 630 152
739 1147 353
739 101 214
739 529 626
740 656 19
740 1249 72
740 1163 21
740 1135 285
740 852 809
741 91 731
741 1854 709
741 760 173
742 881 449
742 1173 706
742 1915 830
742 72 148
742 634 23
743 623 18
743 822 26
743 593 209
743 1504 245
743 821 196
744 1435 109
744 1200 281
744 1431 673
744 64 319
744 984 458
746 1339 875
747 1775 670
747 215 563
747 469 784
748 23 232
748 114 273
748 193 849
749 871 81
749 417 470
750 511 600
750 1368 462
750 1200 111
750 850 107
750 1235 883
751 1229 535
751 1189 758
751 1607 142
751 663 980
751 1874 983
751 1226 533
751 808 928
751 1581 283
751 1866 504
751 1958 578
752 643 924
752 27 368
752 324 673
752 1675 297
752 853 201
752 255 841
752 1266 82
753 1638 708
753 895 696
754 966 904
754 1531 907
754 1509 9
754 1156 697
755 337 816
756 1615 750
756 491 794
756 1158 684
756 788 859
757 1944 844
757 850 419
757 894 695
757 1222 715
758 211 48
758 1344 911
758 371 772
759 345 756
759 289 502
759 1944 476
759 1903 806
759 871 361
760 1029 810
761 1394 333
761 1432 904
762 1287 186
762 133 778
762 143 138
762 1642 933
762 1136 590
763 793 741
763 720 586
764 589 305
764 1298 282
765 661 590
765 164 158
766 840 795
766 942 870
766 1438 872
766 850 314
766 260 156
767 415 445
767 1673 425
767 439 16
767 1593 771
768 1232 855
768 238 836
768 1356 220
768 1950 735
768 1925 910
768 316 610
770 658 535
770 1913 159
770 258 837
771 1676 904
771 1333 780
771 902 531
771 844 771
771 0 340
771 1163 701
772 1076 268
772 682 421
772 1816 690
772 245 161
773 1572 350
774 753 347
774 448 648
774 745 623
774 1907 673
775 494 639
776 1492 796
776 587 171
776 253 821
776 1087 256
777 89 416
777 772 48
777 1885 866
777 667 387
777 1136 532
778 1928 952
778 1292 488
779 1638 607
779 1598 692
779 1146 1
780 1699 195
780 1871 285
780 919 810
780 755 655
781 1787 666
781 778 947
782 1683 263
782 1926 845
782 654 560
782 1980 65
783 1662 369
783 1037 916
783 858 590
783 680 804
783 1370 403
783 786 646
784 1944 401
784 1663 990
785 448 852
785 612 357
785 1395 895
786 887 388
786 638 847
786 1723 827
786 1013 65
786 422 132
786 1762 280
786 1744 634
787 841 228
787 1591 299
787 1622 484
787 756 730
787 62 273
787 592 598
788 763 202
788 898 540
789 1104 255
789 1596 684
789 141 255
789 1801 792
789 487 518
790 1275 769
790 306 818
790 1127 654
791 1373 181
791 862 625
791 1216 955
791 978 854
792 1712 407
793 1215 744
793 1415 263
793 73 417
793 1137 822
793 127 585
794 945 246
794 500 218
795 935 429
795 62 954
795 1684 424
795 1120 230
795 789 910
796 924 285
796 849 580
796 501 84
797 1076 171
797 1818 20
797 1451 340
797 1093 759
797 1604 786
798 1708 980
798 376 461
798 134 836
799 1937 954
799 683 853
799 861 986
799 680 730
799 283 189
800 1142 151
800 510 871
800 599 690
800 1410 577
800 881 12
800 965 131
801 245 987
801 425 431
801 1919 193
801 461 139
801 8 666
801 1260 76
802 143 856
802 548 193
802 52 38
802 290 386
802 1906 430
803 117 830
803 670 647
803 83 459
803 1755 939
803 1414 71
804 62 152
804 632 375
804 1156 162
804 1347 188
805 1788 921
805 1310 2
805 1844 936
805 1401 920
806 1256 947
807 1175 334
807 499 679
807 1331 215
807 46 137
807 1846 208
807 1833 399
807 1621 405
807 220 572
808 1334 456
808 152 162
808 1195 654
808 262 394
808 1852 702
809 1008 364
809 1921 226
809 1661 394
809 727 63
809 1067 199
809 1129 292
809 462 554
809 1628 430
809 1449 372
810 579 932
810 1823 40
811 460 42
811 20 971
812 336 167
812 712 874
812 1398 370
812 1895 678
812 1493 315
812 1500 607
813 1574 577
813 910 356
813 1630 848
813 316 317
813 1200 432
813 581 784
813 1478 442
814 899 678
814 1861 937
814 1219 988
814 1611 574
815 1154 325
815 1909 107
815 1172 486
816 1376 192
816 662 281
816 504 349
816 71 112
816 53 263
816 595 693
816 972 982
817 1365 467
817 1271 53
817 1639 847
818 1956 290
818 1845 877
818 498 896
818 1279 255
818 207 170
818 1877 29
819 269 781
819 1994 375
819 757 991
819 397 492
819 412 100
820 164 482
820 428 348
820 1249 989
821 815 232
821 216 648
821 1310 721
821 1674 526
821 1691 372
822 1136 237
822 484 764
822 607 269
822 1368 166
823 1624 935
823 906 333
823 438 579
823 493 159
823 773 184
823 804 97
823 1352 108
825 1921 228
825 833 964
826 1699 547
826 198 462
826 874 73
827 1454 751
827 1024 300
827 1354 293
827 847 551
827 1564 374
828 1960 698
828 941 113
828 746 474
828 1092 299
829 489 83
829 1858 843
829 1516 18
829 362 37
829 571 434
829 632 125
830 1213 170
830 307 90
830 684 765
830 201 800
830 793 187
830 430 215
831 1447 721
831 479 833
831 175 306
831 1597 787
831 1087 785
831 498 541
832 139 978
832 66 451
832 1564 833
832 1178 266
833 631 649
833 1686 623
833 198 73
833 698 134
834 444 731
834 1561 351
834 1297 963
834 804 702
834 197 797
835 1042 252
835 1978 749
835 268 526
835 1861 761
836 994 715
836 744 779
836 809 345
836 1285 560
836 1142 39
836 162 699
837 978 776
837 564 432
837 1424 851
837 1094 382
838 1418 194
838 949 584
839 1115 982
839 616 462
839 1085 614
840 128 608
840 633 969
841 1443 481
841 563 766
841 241 707
841 598 99
842 1362 794
842 1802 855
842 782 203
842 1642 835
843 1870 395
843 1922 20
844 1945 921
844 373 107
845 1003 201
845 272 188
845 344 670
845 224 965
846 1123 10
846 1771 558
846 473 564
847 483 67
847 358 361
847 593 703
847 461 308
847 843 187
848 368 861
848 901 243
849 1771 386
849 1415 934
849 513 418
849 75 392
850 1026 996
850 194 891
851 1279 986
851 82 349
851 1336 188
851 987 872
851 1147 191
852 1860 333
852 1135 731
852 1823 645
852 1712 890
853 176 649
853 1111 140
853 1936 186
853 721 903
854 661 135
854 319 962
854 858 932
854 802 102
854 495 114
854 466 366
854 125 240
855 902 161
855 989 198
855 148 957
855 670 198
855 328 99
855 671 331
855 445 820
855 1299 123
855 820 702
855 1360 125
856 48 659
856 1763 465
856 1912 579
857 478 586
857 1606 127
857 924 183
857 1226 359
858 1579 305
858 201 967
858 1473 755
858 944 849
859 846 488
859 1797 64
860 143 876
860 585 275
860 691 985
860 1373 468
860 1313 587
860 909 692
861 728 502
861 548 115
862 603 687
862 1675 306
862 586 870
862 785 379
863 1132 786
863 1438 453
863 222 829
863 1725 333
863 358 57
864 119 829
864 1558 980
864 253 413
864 171 817
864 104 668
864 81 123
864 214 419
865 920 485
865 911 145
865 232 198
866 1897 397
866 1938 193
866 1523 277
866 1864 647
866 395 127
866 1585 459
866 476 963
867 148 748
867 893 356
867 1947 413
867 4 203
867 1812 594
867 951 499
869 1374 331
869 1771 728
869 1773 427
869 54 112
870 254 947
870 1820 295
870 1087 402
871 106 560
871 1677 132
872 205 157
872 1424 972
872 1973 195
872 1660 963
872 1819 790
872 958 582
873 1557 634
873 1121 393
873 199 741
873 1100 93
873 1467 856
873 1044 653
874 917 268
874 1553 257
874 452 124
875 820 340
875 1606 22
875 289 843
875 1183 308
875 1889 857
876 824 818
876 378 862
876 1550 553
876 25 17
877 813 761
877 263 541
877 776 235
878 254 113
878 1266 787
878 1056 354
878 684 951
879 1459 68
879 786 303
879 875 698
880 1225 708
880 1528 253
880 749 391
882 1060 717
882 571 66
882 1982 339
882 15 810
882 1691 315
883 1616 347
883 1836 945
883 371 743
884 557 72
884 712 656
885 698 319
885 298 691
885 997 552
886 154 618
886 1561 633
886 1685 187
886 1811 447
886 722 769
887 261 892
887 1469 571
887 600 796
887 1841 851
887 508 285
887 1752 23
887 1691 597
888 1571 257
888 334 662
888 1112 177
888 1151 106
889 605 339
890 1294 1000
890 996 874
890 1276 347
890 1325 356
890 783 61
891 721 309
891 1686 52
892 1066 551
892 1358 411
892 1461 565
892 1445 223
892 773 313
893 186 8
893 974 458
893 1306 735
893 793 986
894 614 211
894 1938 437
894 1935 790
894 470 791
894 695 660
894 1190 570
895 1081 956
895 159 121
896 1637 347
896 959 602
896 55 98
896 192 974
896 1172 611
897 1015 600
897 1583 980
898 612 441
898 208 972
898 1952 653
898 1198 423
898 51 433
898 1475 690
898 1411 95
898 566 356
898 131 688
899 1826 806
899 1583 281
900 1948 333
900 381 745
900 836 584
900 8 324
901 1730 353
901 753 523
902 1821 247
902 299 939
902 1030 16
902 1757 959
903 1053 797
903 1599 969
903 822 193
904 254 44
904 1425 858
904 943 17
904 1762 818
904 901 520
904 837 301
904 431 518
904 32 91
904 397 157
905 1090 507
906 1252 518
906 1770 316
906 1468 874
906 737 248
907 1309 541
907 1544 507
907 1411 213
907 1578 408
908 1011 239
908 111 735
908 234 889
908 519 591
909 1239 471
909 176 796
910 493 556
910 584 909
910 1405 463
911 414 606
911 1106 612
911 1851 749
911 1048 178
911 506 954
911 793 76
911 613 998
911 981 714
911 260 458
912 1813 610
912 1680 493
912 1445 895
912 1327 31
912 903 206
912 26 39
913 536 943
913 1219 329
913 210 411
913 833 826
913 1052 134
914 1703 518
914 1804 551
914 1310 401
914 591 149
915 276 269
915 923 519
915 458 128
916 1839 946
916 1521 278
916 541 523
916 1123 753
916 532 865
916 1975 38
916 1302 164
917 1559 239
917 1985 984
917 644 769
917 1112 594
917 227 217
917 422 939
917 1158 209
918 533 566
918 1745 623
918 156 788
919 1429 607
919 8 224
919 1494 187
920 1886 16
920 246 40
920 679 117
920 67 567
921 1858 744
921 134 481
921 374 252
921 1626 709
921 1230 41
922 83 326
922 1058 463
922 535 470
923 1461 315
923 828 845
923 1511 30
923 1819 36
925 1084 807
925 596 602
925 419 314
925 515 990
925 646 605
926 128 606
926 950 324
926 1845 91
927 1591 614
927 1996 104
927 580 610
928 1649 254
928 234 928
929 1061 631
929 429 616
929 1781 979
929 262 998
929 117 952
929 285 749
929 1638 14
929 625 425
929 1749 153
930 274 59
930 573 64
930 1708 944
930 1450 690
931 1864 266
931 530 680
932 1749 861
932 1872 637
932 1050 326
932 719 750
932 325 437
932 1420 965
933 164 258
933 1876 928
934 1076 574
934 1971 176
935 196 647
935 1151 128
935 1615 276
935 30 568
935 387 420
935 148 93
935 1918 312
936 1638 888
936 991 985
936 142 987
936 1140 234
936 1307 218
936 293 889
936 1267 907
936 1401 645
937 1882 939
937 380 22
937 1227 809
938 1108 368
938 1238 117
938 186 832
938 536 874
938 1020 512
939 1258 456
939 1417 858
939 1810 561
939 710 77
939 1767 380
940 180 957
940 275 874
940 1653 955
940 880 570
940 970 390
940 871 318
940 1809 770
940 1285 20
940 1837 296
940 578 435
941 1438 50
941 779 918
941 1077 388
941 1090 949
941 373 94
942 1185 176
942 970 819
942 1598 869
942 1007 27
943 1585 960
943 1979 908
943 798 269
943 1224 780
943 1055 853
943 1228 244
944 1523 383
944 131 727
944 1450 30
944 1226 394
945 227 644
945 1193 751
945 171 496
946 285 614
946 65 969
946 342 972
947 906 649
947 1824 955
947 1546 253
948 1682 10
948 1925 352
948 663 468
949 1027 362
949 1012 601
949 1494 646
949 673 932
950 396 995
950 897 193
950 1771 389
950 1972 422
951 197 123
951 96 994
952 1923 992
952 874 690
952 1024 933
952 657 326
952 1594 50
952 1176 853
952 986 621
953 312 643
953 1249 297
953 1866 866
953 808 921
953 1509 313
953 95 800
954 1017 131
954 682 448
954 643 162
954 927 784
954 462 867
955 1109 224
955 1489 728
955 333 376
956 385 181
956 167 538
956 98 674
956 124 749
957 1074 897
957 997 18
958 1691 368
958 1876 585
958 1510 724
958 1950 198
958 340 454
959 1074 16
959 588 812
959 874 888
959 1174 605
959 802 659
960 1463 374
960 253 492
960 1777 178
960 824 599
961 40 3
962 863 460
962 476 334
962 1500 415
962 924 451
962 459 319
963 1104 504
963 459 681
963 1224 532
963 1882 698
963 1581 896
963 1830 530
964 719 623
964 1600 521
964 805 703
964 1015 485
964 1498 806
964 1320 50
964 1931 460
965 1497 391
965 288 515
965 445 342
965 1445 941
967 1171 295
967 639 686
967 43 833
968 1714 550
968 1108 832
968 1831 91
968 161 538
968 1577 574
969 891 355
969 130 225
969 1806 469
970 1558 541
970 585 543
970 950 257
970 931 336
971 1251 86
971 928 343
972 1055 335
972 28 626
972 1245 408
972 1175 739
973 1694 979
973 1588 864
973 1003 461
974 807 626
974 895 879
974 1917 356
975 816 631
975 1202 703
975 1062 579
975 1545 775
976 1280 155
976 1053 23
976 454 928
976 603 942
976 1184 27
976 1185 137
976 671 58
977 900 408
977 1962 408
977 1162 890
977 1629 78
978 849 513
978 1350 383
978 848 794
978 43 96
978 1363 154
979 1096 763
979 794 518
979 797 112
979 212 697
980 677 847
980 1307 359
980 772 773
980 644 29
980 897 40
980 1721 87
980 274 405
980 1462 843
981 1026 435
981 1466 191
982 1101 873
982 9 683
982 827 195
982 1871 304
982 1842 772
982 648 92
982 1306 718
982 1914 656
983 1473 20
983 1559 769
983 885 128
983 1557 296
983 397 19
983 930 823
983 1296 734
984 71 187
984 1991 339
985 1181 181
985 1772 368
986 1434 266
986 1610 786
986 491 296
987 1317 454
987 1463 881
987 1959 792
987 1918 313
987 696 514
987 1776 144
987 1477 153
988 66 119
988 1645 732
988 269 56
988 1324 410
988 413 857
989 1958 87
989 139 134
989 106 490
989 431 132
989 219 311
989 1709 946
989 1596 187
990 376 101
990 966 942
990 1567 149
991 234 733
991 1719 18
991 1396 772
991 1437 988
992 324 545
992 665 473
992 853 348
992 1002 299
993 1777 124
993 764 601
993 417 408
993 1213 462
993 813 91
994 1707 668
994 1922 420
994 305 149
994 1236 957
995 821 264
995 484 155
995 1862 555
995 1091 215
995 128 344
995 1782 429
996 464 439
996 236 580
996 670 825
996 216 368
996 1192 977
996 1343 65
997 1232 990
997 658 351
997 1169 609
998 232 111
999 1776 62
999 1167 113
999 1109 141
999 1677 388
999 313 874
1000 1013 484
1000 197 104
1000 1597 15
1000 1185 855
1001 1323 856
1001 986 375
1001 1599 982
1001 297 332
1002 348 384
1002 1401 687
1002 805 521
1002 1335 322
1002 123 240
1002 470 369
1003 349 778
1003 501 24
1003 1607 867
1003 209 362
1004 2 21
1004 963 917
1004 962 196
1005 481 145
1005 644 52
1005 1131 464
1005 670 622
1005 178 270
1006 1157 494
1006 338 639
1006 1072 769
1007 1915 204
1008 1811 745
1009 1213 888
1009 1014 698
1009 295 136
1010 1605 532
1010 1951 852
1010 921 526
1010 655 959
1011 1141 414
1011 1690 399
1011 804 651
1011 1480 607
1011 826 510
1012 1665 972
1012 1236 381
1012 1093 595
1012 1874 528
1013 19 891
1014 1852 735
1015 1773 496
1015 1457 316
1015 917 553
1015 1849 689
1016 1709 233
1016 1443 24
1016 306 346
1017 843 244
1017 1062 320
1017 1073 722
1017 1036 319
1017 1232 477
1017 1099 125
1017 1578 644
1018 86 946
1018 1034 695
1019 1455 301
1019 719 546
1019 1318 461
1019 67 423
1019 3 380
1019 77 864
1019 902 903
1019 760 524
1020 891 128
1020 120 668
1021 1801 478
1021 1628 557
1021 1908 417
1021 748 547
1021 857 80
1022 1740 807
1022 340 734
1022 130 94
1022 1254 194
1023 1771 528
1023 646 919
1023 1143 266
1023 882 630
1023 326 934
1024 1938 549
1024 1856 673
1024 1049 137
1024 888 713
1024 454 621
1024 1929 823
1025 1155 935
1025 1175 459
1025 828 147
1026 1075 671
1026 951 243
1027 1417 241
1027 1157 709
1027 882 610
1028 1424 574
1028 681 880
1028 16 799
1028 899 474
1028 1359 836
1028 1153 209
1028 1167 684
1028 331 853
1028 815 407
1029 239 201
1029 799 583
1029 368 322
1029 1577 827
1030 151 775
1032 414 700
1032 720 793
1032 182 95
1032 1814 346
1032 1046 874
1033 61 505
1033 190 737
1033 983 226
1033 434 485
1033 1053 992
1033 1990 906
1033 1787 386
1033 538 918
1034 1388 530
1034 16 925
1034 1169 15
1034 1165 197
1034 761 573
1035 1846 227
1035 534 859
1035 822 168
1035 1286 655
1035 1373 832
1036 1525 73
1036 20 38
1036 165 113
1036 1169 648
1037 1099 604
1037 1752 539
1038 1283 467
1038 250 632
1038 1452 506
1039 1544 788
1039 1349 682
1040 567 678
1040 37 680
1040 53 205
1041 1093 670
1041 1237 721
1041 1272 591
1042 93 998
1042 747 922
1042 1706 779
1043 1300 263
1043 1748 540
1043 1063 521
1043 1418 818
1043 685 136
1044 1354 402
1044 781 9
1044 1651 320
1044 649 380
1044 878 554
1045 1487 115
1045 583 551
1046 949 117
1046 896 345
1046 506 899
1046 1300 900
1046 1064 884
1047 1488 486
1047 30 135
1047 880 983
1047 319 115
1047 1839 608
1047 754 515
1048 1237 284
1048 872 573
1048 1938 229
1048 1021 409
1048 564 33
1049 812 652
1049 83 23
1050 1692 369
1050 876 725
1050 1134 332
1051 78 719
1051 940 497
1051 1981 293
1051 827 233
1051 157 253
1052 805 679
1052 139 129
1052 1618 851
1053 197 58
1053 1829 317
1053 1362 96
1053 870 554
1053 1307 538
1053 233 927
1053 1745 538
1053 1822 375
1054 725 403
1054 201 735
1054 359 142
1054 1886 326
1054 1451 161
1054 1249 901
1054 310 466
1054 610 220
1054 1577 205
1054 445 170
1055 522 656
1055 1972 518
1055 317 1000
1055 246 274
1055 1091 276
1055 1388 481
1055 259 30
1056 1499 127
1056 1762 970
1056 316 662
1056 945 962
1056 1106 889
1056 698 379
1057 1494 591
1057 1871 754
1058 788 585
1058 434 396
1058 200 10
1058 1467 450
1058 975 685
1058 477 365
1058 1643 961
1058 786 383
1058 303 515
1059 1415 269
1059 1827 670
1059 1562 392
1059 1848 69
1059 524 30
1059 155 667
1060 1456 663
1060 1901 416
1060 774 354
1060 1389 832
1060 248 265
1061 940 52
1061 1974 590
1061 1949 215
1061 124 508
1062 1230 99
1062 1253 872
1062 26 409
1062 1269 683
1062 558 683
1062 856 274
1063 801 810
1064 1104 268
1064 1320 435
1064 379 899
1064 1398 853
1064 620 357
1065 932 472
1065 1056 638
1065 1889 115
1066 929 515
1066 1835 138
1066 73 858
1066 1479 101
1066 231 660
1067 1671 1
1067 797 144
1067 519 114
1067 643 142
1067 1160 62
1067 598 824
1067 1996 453
1067 1654 956
1067 5 816
1068 1344 824
1068 1322 380
1068 1198 679
1068 728 219
1068 1024 302
1069 108 199
1069 1580 131
1069 1660 460
1070 866 789
1070 702 629
1071 1742 544
1071 702 886
1071 420 707
1071 309 313
1072 374 275
1072 1765 836
1072 174 743
1073 1799 937
1073 796 772
1073 516 728
1073 1781 752
1073 629 958
1073 761 718
1073 1934 833
1074 311 738
1074 993 212
1074 791 908
1074 494 786
1074 24 279
1075 1346 5
1075 513 996
1075 191 719
1075 139 356
1076 713 71
1076 1161 469
1076 978 743
1076 340 146
1076 1012 879
1077 808 288
1078 1998 969
1078 1453 511
1078 418 861
1078 546 428
1078 937 797
1079 389 78
1079 921 130
1079 167 53
1079 1478 305
1079 1364 183
1080 552 415
1080 997 706
1081 823 716
1081 1077 275
1081 1997 190
1081 1169 700
1082 304 324
1082 1886 89
1082 82 957
1082 622 19
1082 121 933
1083 1768 844
1083 1618 647
1084 1244 149
1084 1876 283
1084 1130 223
1084 1477 993
1085 832 261
1085 556 957
1085 1762 315
1085 1852 373
1085 13 667
1086 415 73
1086 1727 305
1086 1917 987
1086 1695 578
1086 739 384
1086 1459 151
1087 882 712
1087 868 392
1087 810 101
1087 710 841
1087 584 239
1087 3 276
1088 1811 560
1088 1569 544
1088 718 155
1088 1722 740
1088 288 33
1089 1855 284
1089 1897 141
1089 529 488
1090 1766 148
1090 598 224
1090 1785 424
1090 203 245
1090 401 834
1091 320 858
1091 1949 628
1091 1721 392
1092 1630 90
1092 1620 357
1092 272 238
1092 1032 835
1093 1182 506
1093 368 89
1093 519 481
1094 1427 650
1094 1930 54
1094 493 232
1094 654 956
1094 855 544
1094 596 447
1094 864 63
1095 674 145
1095 547 744
1095 635 84
1095 1883 943
1096 917 286
1096 1644 382
1096 64 93
1097 527 220
1097 1013 797
1097 1540 482
1097 474 199
1097 1243 12
1097 853 635
1098 1671 591
1098 141 950
1098 272 722
1098 1877 71
1099 74 620
1099 1510 897
1100 1700 272
1101 1402 411
1101 907 251
1102 1163 360
1102 1513 606
1102 596 207
1103 164 357
1103 1333 65
1103 1261 602
1103 317 701
1104 1800 231
1105 757 115
1105 591 216
1105 1589 489
1105 1521 697
1105 1840 286
1105 1974 564
1105 529 643
1106 1072 497
1106 614 32
1106 553 363
1106 594 962
1106 1834 390
1106 1885 89
1107 1620 617
1107 1355 530
1107 1084 648
1108 1342 528
1108 13 763
1108 1387 329
1108 1923 632
1109 1883 797
1109 408 576
1109 1006 183
1109 1079 296
1109 1452 800
1110 735 905
1110 1204 100
1110 1938 107
1110 1301 721
1110 153 142
1111 1486 700
1111 774 406
1111 1927 690
1111 1354 485
1111 1433 792
1111 858 219
1112 71 285
1112 334 327
1113 1817 109
1113 162 320
1113 742 172
1113 722 724
1113 250 248
1114 213 979
1114 767 869
1114 47 894
1114 1662 853
1114 417 207
1115 1036 305
1115 1463 380
1115 1604 957
1115 831 185
1116 1246 765
1116 1243 57
1116 294 446
1116 957 787
1117 162 850
1117 257 374
1117 1275 545
1118 392 15
1118 1985 672
1119 1830 280
1119 1144 360
1119 226 487
1119 483 9
1119 1866 666
1119 299 359
1120 225 154
1120 210 451
1120 1289 398
1120 1226 85
1120 1709 584
1120 1743 254
1121 671 333
1121 300 982
1121 1074 225
1121 1123 380
1121 1042 937
1121 1549 659
1122 996 850
1122 817 384
1122 1399 597
1123 1154 315
1123 964 741
1123 254 265
1123 1726 637
1123 1625 538
1123 272 78
1125 1377 314
1125 660 803
1125 1570 951
1125 1184 480
1125 128 279
1125 1841 84
1126 1251 594
1126 101 699
1127 1890 205
1127 387 211
1127 364 77
1127 1616 853
1128 1101 411
1128 1615 115
1128 1390 654
1128 713 793
1128 1948 228
1129 445 861
1130 889 949
1130 1475 716
1130 1737 249
1130 626 404
1130 1997 330
1130 1648 437
1130 313 629
1130 615 913
1130 327 612
1130 1266 97
1130 1372 6
1131 746 16
1131 886 504
1131 904 650
1131 1125 366
1131 1283 129
1131 504 705
1131 1853 298
1132 881 613
1133 1779 399
1133 347 655
1134 1217 562
1134 376 951
1134 1611 900
1134 1450 544
1134 700 430
1135 206 982
1135 1267 494
1135 292 836
1136 810 399
1136 1899 799
1137 283 868
1137 1394 791
1138 1894 344
1138 543 862
1138 505 693
1138 667 803
1139 144 739
1139 344 877
1139 685 222
1139 34 169
1139 791 502
1140 1278 862
1140 100 54
1140 1769 704
1141 481 436
1141 331 761
1141 1664 443
1141 182 915
1142 1717 608
1142 49 746
1142 864 954
1142 1905 32
1143 946 254
1143 839 895
1143 1359 306
1143 1122 957
1143 775 96
1143 1893 938
1143 169 965
1143 964 872
1144 1830 1000
1144 37 570
1144 429 70
1145 1835 239
1145 214 402
1145 1136 718
1145 706 336
1146 918 928
1146 597 854
1146 1430 781
1146 1533 978
1146 1353 152
1147 1842 638
1147 1517 854
1147 1522 944
1147 1888 577
1147 1181 757
1148 209 623
1148 1391 834
1148 183 501
1148 1581 814
1148 1935 293
1149 845 823
1149 786 49
1150 443 986
1150 1657 116
1150 636 124
1150 1720 451
1150 1514 395
1151 321 424
1151 941 386
1151 200 464
1151 880 215
1151 596 640
1152 430 554
1152 1451 697
1152 911 832
1152 434 934
1153 977 41
1153 185 658
1153 1084 166
1153 434 686
1153 1015 827
1153 633 127
1154 121 643
1154 783 937
1154 1134 66
1154 1692 703
1154 460 873
1155 910 516
1155 483 66
1155 1323 18
1155 1128 369
1155 1092 962
1156 304 958
1156 113 260
1156 95 258
1157 1884 76
1157 1340 207
1158 1029 190
1158 1110 618
1158 649 903
1158 26 232
1158 280 43
1158 147 467
1159 1345 541
1159 221 628
1159 1374 619
1159 707 90
1159 36 878
1159 888 633
1160 1997 720
1160 1001 74
1160 98 889
1160 1028 694
1161 167 774
1161 545 484
1162 1012 79
1162 1787 352
1162 1274 786
1162 416 530
1162 949 758
1162 1559 815
1163 144 56
1163 1572 670
1163 564 710
1163 1849 241
1164 579 689
1164 1381 249
1164 1623 867
1164 278 199
1164 1682 987
1165 796 699
1165 750 402
1165 890 72
1165 789 70
1165 760 52
1165 1126 488
1165 262 553
1165 1986 89
1166 1952 735
1166 1692 539
1166 686 62
1166 483 909
1166 650 948
1166 1299 750
1167 990 210
1167 765 672
1168 1596 921
1168 1247 49
1168 1672 329
1168 10 388
1168 619 391
1168 1435 596
1169 1253 267
1169 495 817
1169 1202 690
1169 1550 421
1170 433 514
1170 548 548
1170 1996 360
1171 1829 592
1171 1633 675
1172 402 765
1172 1518 358
1172 1825 700
1173 908 446
1173 506 625
1173 1040 606
1173 1121 761
1173 724 373
1174 511 86
1174 172 175
1174 940 450
1174 300 721
1175 1789 502
1175 235 354
1175 1724 843
1175 114 615
1176 342 344
1176 1385 562
1176 1203 363
1177 1771 521
1177 845 140
1177 1076 790
1177 1204 874
1177 399 224
1178 1073 560
1178 821 455
1178 846 526
1178 785 533
1178 922 550
1178 223 143
1179 715 450
1180 1718 744
1180 1259 192
1181 789 506
1181 1093 973
1181 1800 152
1182 1544 887
1182 13 504
1182 594 230
1182 1744 716
1182 466 122
1182 445 294
1182 563 29
1183 1558 73
1183 1063 737
1183 987 633
1183 1656 13
1183 455 735
1184 1848 351
1184 187 673
1185 1389 756
1185 474 897
1186 1015 211
1186 138 187
1186 1516 544
1187 647 608
1187 1419 149
1187 1630 646
1187 1972 16
1187 477 519
1187 1578 208
1188 1993 70
1188 409 316
1188 1290 569
1189 1059 794
1189 1789 851
1189 1564 841
1190 854 873
1190 1972 658
1190 1132 171
1191 1923 32
1191 645 315
1191 1999 251
1192 536 710
1192 1888 367
1192 1150 90
1192 720 916
1192 574 416
1192 880 637
1192 340 972
1192 1318 367
1193 1314 605
1193 1016 87
1193 1673 925
1193 352 570
1193 1701 648
1194 179 425
1194 1999 473
1194 1658 458
1194 979 718
1194 1860 161
1195 1419 810
1195 1855 490
1195 344 212
1195 428 928
1195 1147 143
1196 257 31
1196 1540 265
1196 1517 620
1196 677 390
1197 631 275
1197 1035 690
1198 889 172
1198 861 96
1198 1206 188
1199 1063 696
1199 1678 777
1199 219 178
1199 1349 351
1200 610 119
1200 421 514
1200 1474 157
1201 571 161
1202 1814 656
1202 399 547
1202 1546 610
1202 1381 144
1202 1062 814
1203 989 698
1203 328 65
1203 162 786
1203 653 609
1203 256 754
1204 630 979
1204 228 635
1204 1757 662
1204 1759 194
1205 804 986
1205 67 72
1205 188 559
1205 500 1000
1205 1641 641
1206 859 807
1206 1054 326
1206 1386 58
1206 835 390
1206 888 32
1206 1051 904
1207 1682 50
1207 131 299
1207 803 494
1207 1407 106
1207 1513 146
1207 1197 896
1208 596 121
1208 1924 199
1208 716 828
1208 1504 880
1208 1781 55
1210 495 58
1210 1543 620
1211 1026 485
1211 612 680
1211 63 984
1212 1533 90
1212 376 524
1212 642 558
1212 822 950
1212 1085 90
1213 1687 850
1213 1122 931
1213 662 124
1214 387 416
1214 1862 1
1215 160 984
1215 105 383
1216 1116 220
1216 664 41
1216 1438 334
1217 629 560
1217 459 703
1217 317 400
1217 599 412
1217 1260 255
1217 1313 66
1217 147 394
1217 738 831
1218 976 821
1218 489 769
1218 530 876
1218 217 125
1219 1495 197
1219 1315 111
1219 1831 275
1220 1932 940
1220 760 709
1220 696 170
1221 1406 2
1221 1762 265
1221 1827 41
1221 1597 365
1222 103 625
1222 1554 45
1222 1226 179
1222 1593 523
1223 458 240
1224 757 433
1224 33 717
1224 132 738
1224 890 788
1224 1867 286
1224 1253 120
1225 207 986
1225 710 720
1225 157 807
1226 1215 158
1226 382 262
1226 233 30
1227 161 88
1227 655 794
1227 1354 946
1227 1388 624
1227 1102 214
1228 15 805
1228 1273 532
1228 753 861
1228 1022 914
1228 188 723
1228 1626 424
1229 1111 483
1229 1146 903
1229 1377 850
1229 1975 838
1229 1281 823
1229 1807 550
1230 422 754
1230 213 366
1230 684 48
1230 1506 456
1230 1457 697
1230 1619 240
1230 530 868
1231 1927 691
1231 1829 131
1231 34 790
1232 392 444
1232 1268 125
1232 1790 937
1232 471 190
1232 583 908
1232 1022 171
1232 1388 257
1233 529 510
1233 418 10
1233 1891 626
1233 1880 780
1233 950 173
1234 299 761
1235 1124 666
1235 1343 945
1235 626 666
1235 1740 821
1236 833 64
1236 936 879
1237 515 444
1238 1632 651
1238 1323 585
1238 1870 848
1239 1354 83
1239 153 536
1239 1779 38
1240 1585 71
1241 878 891
1241 1751 883
1241 1252 763
1241 1779 80
1242 1683 778
1242 619 179
1242 1983 522
1242 148 917
1242 1620 92
1244 968 431
1244 234 541
1244 1998 586
1244 485 662
1244 1777 56
1244 1237 463
1245 1054 208
1245 256 189
1245 1590 36
1246 1921 357
1246 376 971
1246 257 57
1246 1706 841
1246 1814 667
1247 951 563
1247 1688 559
1247 164 6
1247 866 233
1248 66 826
1248 1581 680
1249 1761 337
1249 1983 729
1249 28 417
1249 1093 303
1250 188 253
1250 835 424
1250 796 513
1250 942 491
1250 728 640
1251 558 55
1251 1107 52
1251 937 911
1251 775 818
1252 443 796
1252 983 287
1252 652 539
1252 1821 828
1252 625 699
1253 879 728
1253 1084 822
1253 1583 82
1254 419 260
1254 1985 302
1254 784 337
1254 1302 849
1255 1470 276
1255 272 1
1255 505 733
1256 352 122
1256 1369 173
1256 439 841
1256 1244 451
1257 1016 558
1257 1286 763
1257 1987 763
1258 1937 671
1259 1221 741
1260 1410 735
1260 456 908
1260 43 302
1260 1125 443
1261 1690 748
1261 1606 750
1261 1091 473
1261 644 935
1261 196 958
1262 46 597
1262 71 139
1263 245 258
1263 545 318
1263 1619 383
1263 347 243
1264 1803 348
1265 822 420
1265 439 233
1265 1964 721
1265 70 53
1265 339 122
1266 357 811
1266 761 184
1267 1386 141
1267 1046 254
1267 740 72
1267 1433 249
1267 756 287
1267 1591 570
1267 1759 223
1267 1408 542
1267 1947 383
1267 485 428
1268 1341 775
1268 1064 25
1268 69 19
1268 507 127
1268 1324 257
1268 912 828
1268 1880 765
1268 632 809
1268 889 874
1269 186 533
1269 958 520
1270 1779 156
1271 271 875
1271 885 149
1272 99 165
1272 1389 731
1272 764 950
1273 797 222
1273 55 690
1273 19 522
1273 952 230
1274 1698 802
1274 1693 740
1275 1611 507
1275 1866 770
1275 1002 297
1276 26 287
1276 1819 289
1276 1374 629
1276 901 655
1276 302 589
1276 332 855
1277 1991 954
1277 781 388
1277 1874 191
1277 1361 477
1277 904 879
1277 221 162
1278 138 338
1278 863 448
1279 1630 343
1280 666 495
1280 1488 608
1280 837 991
1281 1338 414
1281 338 311
1281 297 945
1281 1480 814
1282 1739 877
1282 1951 954
1282 1933 924
1282 1743 272
1283 846 819
1283 653 970
1284 1440 277
1284 72 932
1284 1360 462
1285 321 588
1285 395 382
1285 213 276
1285 1124 34
1286 1861 407
1287 745 333
1287 1875 551
1287 1221 610
1287 737 763
1287 1437 16
1287 1506 271
1288 1396 29
1288 1092 169
1288 1386 372
1289 1082 278
1289 334 729
1289 307 617
1289 1843 138
1290 1440 688
1290 496 827
1290 654 415
1290 618 418
1290 985 558
1290 1734 335
1291 84 14
1291 1363 435
1291 1303 986
1291 76 304
1291 975 232
1291 1205 132
1292 35 151
1292 1030 357
1293 660 495
1293 379 931
1294 1143 465
1294 212 342
1294 422 34
1294 1895 918
1295 168 30
1295 1592 969
1295 1802 210
1295 515 422
1295 846 503
1295 1475 967
1295 97 62
1296 1073 173
1296 131 414
1296 525 749
1296 201 365
1296 238 570
1296 1792 405
1296 426 678
1296 207 909
1297 1547 638
1297 1272 722
1297 1716 391
1297 987 620
1298 1484 164
1298 1044 82
1299 319 425
1300 1563 654
1300 442 313
1300 296 905
1300 676 674
1300 1723 128
1301 838 867
1301 1270 825
1301 1667 117
1301 745 890
1301 1543 476
1301 1557 213
1302 393 768
1302 6 260
1302 182 222
1303 652 833
1303 477 743
1303 1196 487
1303 1887 913
1304 1867 728
1304 151 135
1304 439 912
1304 326 560
1305 1540 457
1305 1656 503
1305 753 770
1305 1010 660
1306 974 350
1306 831 149
1306 666 54
1306 530 385
1306 752 234
1307 504 26
1307 404 673
1307 606 839
1307 1385 840
1307 1420 996
1307 1785 146
1307 1196 279
1307 1147 839
1309 57 284
1309 389 50
1309 1917 685
1309 1330 104
1309 238 190
1310 1012 508
1310 1070 446
1311 1437 498
1311 347 734
1311 1561 593
1311 1611 926
1311 900 156
1312 265 472
1312 1011 165
1312 1701 984
1312 626 416
1313 544 786
1313 812 147
1313 987 280
1313 403 463
1313 1231 745
1313 1797 804
1314 1760 896
1314 1894 733
1314 327 16
1314 595 758
1315 1120 960
1315 14 884
1315 1670 214
1316 1411 125
1317 871 567
1317 1906 624
1317 1525 976
1317 1036 151
1318 1189 399
1318 689 294
1318 104 915
1318 480 402
1318 1375 350
1318 1918 345
1318 700 407
1319 602 432
1319 726 734
1319 859 229
1319 205 576
1319 1047 857
1319 333 960
1320 1777 523
1320 48 731
1320 120 289
1322 272 882
1322 1656 33
1322 630 395
1322 296 333
1322 1805 662
1322 359 325
1323 1507 435
1323 1476 237
1323 581 1000
1323 1095 442
1323 1589 163
1324 54 404
1324 1353 552
1326 1980 342
1326 264 741
1326 1005 674
1326 337 216
1327 532 784
1327 449 382
1327 488 415
1327 283 152
1327 300 684
1327 876 524
1328 42 238
1328 131 453
1328 1230 339
1328 1126 709
1328 1542 256
1328 341 420
1328 909 131
1328 367 682
1328 539 483
1329 924 340
1329 1805 942
1330 624 439
1330 1309 267
1331 718 648
1331 1492 372
1332 23 236
1333 1591 808
1333 1617 285
1333 1802 448
1333 1103 931
1333 140 671
1334 1765 44
1334 402 245
1334 1986 896
1334 426 515
1334 577 80
1334 1139 972
1335 412 610
1335 1309 706
1336 683 896
1336 1804 630
1336 1845 741
1337 1901 316
1337 1978 973
1337 809 543
1337 997 833
1337 386 846
1338 1426 943
1338 1687 27
1339 817 1
1339 991 971
1339 524 962
1339 1620 269
1339 727 324
1339 1144 470
1339 1288 138
1339 583 733
1339 1220 942
1341 1456 270
1341 1951 704
1341 582 161
1341 558 20
1341 1053 983
1341 1116 702
1341 1728 895
1341 1565 363
1341 1888 644
1342 822 843
1342 1666 646
1343 742 395
1343 1404 460
1343 1600 912
1343 985 100
1344 143 253
1344 1276 154
1344 38 680
1344 146 987
1345 896 844
1345 251 705
1345 1804 785
1346 1606 597
1346 909 305
1346 664 422
1347 1792 116
1347 1505 538
1347 1142 928
1347 994 610
1347 1477 589
1347 776 242
1347 175 424
1347 1900 255
1347 874 895
1348 1038 634
1348 327 134
1348 480 222
1348 749 435
1348 872 337
1348 1387 824
1349 89 396
1350 66 324
1350 639 634
1350 1262 549
1350 1312 767
1351 1413 778
1351 610 560
1351 1352 994
1351 1709 807
1351 1908 787
1352 309 190
1352 1131 93
1352 71 231
1352 497 764
1352 1506 176
1353 1208 498
1354 170 523
1354 1043 759
1354 1877 199
1354 1532 948
1355 657 173
1355 203 550
1355 1875 354
1355 388 408
1356 1192 608
1356 1721 731
1356 453 819
1356 46 685
1357 1162 392
1357 1134 66
1357 565 726
1357 1537 807
1357 1182 890
1358 235 985
1358 537 253
1358 784 937
1358 641 874
1358 1239 764
1358 738 141
1358 1417 452
1359 64 203
1359 1126 68
1359 680 559
1359 622 652
1359 1199 755
1359 1839 548
1359 1847 105
1360 1243 636
1360 403 293
1360 241 898
1360 1307 939
1360 875 408
1360 1883 109
1360 1174 622
1361 467 187
1361 893 122
1361 230 790
1361 860 248
1362 1741 646
1362 883 316
1363 521 542
1363 1092 350
1363 560 340
1363 1671 269
1363 1164 506
1364 56 352
1364 1741 86
1365 1921 941
1365 19 842
1365 139 898
1365 1433 308
1365 1218 904
1366 895 661
1366 1851 581
1366 1110 607
1366 492 270
1366 848 963
1367 382 3
1367 1763 793
1367 535 313
1367 465 964
1368 1097 883
1368 1338 360
1368 1663 266
1368 93 20
1368 15 370
1368 1530 534
1369 999 126
1369 241 951
1370 1236 708
1370 694 982
1370 1401 535
1371 1802 759
1371 1144 429
1371 1524 686
1371 863 307
1372 1025 452
1373 1505 842
1373 778 367
1373 377 521
1373 1670 777
1373 747 743
1374 159 250
1374 760 353
1375 421 472
1375 733 357
1376 1630 129
1376 894 220
1376 96 320
1376 729 986
1376 211 831
1376 1348 513
1376 1998 227
1376 547 337
1377 1773 924
1377 869 896
1377 1257 74
1377 1846 659
1378 587 969
1378 1753 981
1379 499 302
1379 1795 344
1379 14 725
1379 828 335
1379 854 470
1379 1486 566
1379 1429 870
1379 936 907
1380 376 391
1380 253 935
1380 1083 393
1380 664 146
1381 733 547
1381 314 221
1381 634 46
1382 1685 903
1382 1693 326
1383 517 884
1383 700 638
1383 1712 48
1383 1048 78
1383 1506 30
1384 1781 631
1385 801 244
1385 1402 572
1385 1671 871
1385 1586 201
1385 67 868
1385 653 94
1386 673 171
1386 1569 71
1386 1710 918
1386 103 251
1387 166 160
1387 887 933
1387 1702 395
1387 1545 337
1388 1927 918
1388 1909 832
1388 1584 215
1388 1700 953
1389 504 770
1389 68 9
1389 476 382
1390 1844 143
1390 1037 253
1390 291 742
1390 1146 182
1391 1737 165
1391 863 938
1391 431 576
1391 1002 775
1391 1235 488
1391 927 587
1392 1118 672
1392 682 207
1392 737 943
1392 853 239
1392 282 961
1393 1529 597
1393 826 272
1393 616 998
1394 1798 476
1394 599 598
1395 238 73
1396 1443 639
1396 1371 388
1396 884 781
1396 1532 585
1397 1026 704
1397 1035 258
1397 250 457
1397 385 693
1397 383 163
1397 272 897
1397 1720 618
1397 1705 510
1398 1866 113
1398 877 712
1398 644 253
1398 490 639
1399 433 7
1399 281 206
1400 1245 503
1400 669 548
1400 1444 202
1400 1177 827
1400 214 674
1401 440 727
1402 73 790
1402 1259 717
1403 752 836
1403 982 497
1403 593 228
1403 1949 970
1403 904 719
1403 1262 388
1404 110 852
1404 210 967
1405 750 956
1405 1757 137
1405 445 183
1405 1278 615
1405 451 246
1405 339 769
1405 1305 746
1405 365 775
1406 1849 203
1406 1075 300
1406 425 137
1407 805 645
1407 1527 651
1407 490 832
1407 1953 754
1408 531 30
1408 48 493
1408 1525 261
1408 186 891
1408 1850 683
1409 1659 906
1409 236 309
1409 195 322
1409 85 156
1409 1333 679
1409 1234 860
1410 875 244
1410 208 736
1410 1576 514
1410 182 292
1410 1049 851
1410 1792 418
1410 1346 798
1410 487 755
1410 1282 292
1410 294 323
1410 1090 742
1411 821 239
1411 1897 578
1411 1169 152
1411 702 119
1412 1375 291
1412 785 783
1412 1818 987
1412 842 994
1413 1492 299
1413 362 500
1413 1344 791
1413 30 490
1413 104 894
1413 24 761
1413 1270 193
1414 343 178
1414 1640 896
1414 81 330
1415 1684 558
1415 981 484
1415 34 136
1415 59 183
1416 1893 436
1417 436 824
1417 1527 135
1417 35 508
1417 548 624
1417 321 63
1417 179 33
1418 1008 22
1418 1609 201
1418 1569 85
1418 1977 62
1419 1878 951
1419 680 11
1419 869 513
1419 537 528
1419 1290 613
1420 656 678
1420 70 762
1420 1297 92
1421 1764 974
1421 1023 831
1421 228 982
1422 440 296
1423 1218 378
1424 1739 385
1424 1448 842
1424 788 236
1425 1175 47
1425 1140 368
1425 123 882
1425 1131 635
1425 311 423
1425 1080 918
1425 763 936
1426 1733 660
1426 134 274
1426 622 41
1427 1526 874
1427 42 253
1428 976 917
1428 475 70
1428 1558 736
1428 1784 868
1428 1050 56
1428 1858 293
1429 202 938
1429 1459 704
1430 1956 488
1430 1798 373
1430 1672 806
1430 1296 904
1430 443 750
1431 351 789
1431 1851 722
1431 637 391
1432 510 395
1432 501 110
1432 1762 493
1433 575 582
1433 1378 583
1434 400 85
1434 1971 763
1434 1670 106
1434 1471 658
1434 1615 835
1435 639 993
1435 1146 680
1435 1613 312
1435 1795 911
1435 1810 218
1436 1568 524
1436 1586 771
1436 879 393
1436 421 944
1436 1217 337
1436 936 349
1437 815 214
1437 325 604
1437 1496 730
1437 475 884
1437 149 157
1437 413 85
1438 677 504
1438 177 497
1438 1050 563
1439 1323 359
1439 1252 754
1439 783 108
1439 34 615
1439 1758 23
1439 1977 834
1439 892 112
1439 1115 78
1439 1618 426
1440 2 676
1440 606 688
1440 1851 830
1441 1983 729
1441 1468 555
1441 605 242
1441 376 632
1441 1660 700
1442 1469 942
1442 1698 256
1442 1470 643
1442 1697 62
1443 1299 81
1443 389 141
1443 1685 811
1443 872 325
1443 65 774
1444 1338 86
1444 859 667
1444 1462 904
1445 1313 33
1445 1864 268
1445 403 420
1445 1841 374
1446 1672 30
1447 398 906
1447 353 551
1447 662 670
1447 995 26
1447 255 910
1447 271 187
1448 785 186
1448 174 367
1448 1862 896
1448 317 701
1448 1701 165
1449 574 115
1449 1700 895
1449 1379 437
1449 1302 285
1449 275 884
1450 611 114
1450 1523 24
1450 1941 550
1450 223 853
1451 902 215
1451 179 597
1452 1567 315
1452 1220 96
1452 155 512
1453 1330 580
1453 1372 511
1453 1187 895
1453 1359 712
1453 473 353
1453 77 913
1453 527 725
1454 418 981
1454 342 108
1454 262 832
1454 1794 426
1455 1184 630
1455 1113 452
1455 409 74
1455 1324 94
1455 1393 622
1456 10 644
1456 171 799
1456 1424 667
1457 1344 529
1457 1862 355
1457 1044 567
1457 1528 996
1457 1405 762
1458 800 875
1458 196 329
1458 515 691
1458 402 252
1458 991 243
1458 1089 370
1459 1570 21
1459 140 411
1459 1700 53
1459 679 165
1459 849 872
1460 1895 388
1460 1170 533
1460 1241 299
1461 268 41
1461 792 994
1461 1672 277
1461 413 47
1462 65 872
1462 1137 677
1463 465 43
1463 1242 752
1463 110 579
1464 1074 433
1464 1132 684
1464 471 362
1464 1235 694
1464 1465 322
1465 138 686
1465 365 954
1465 1564 199
1465 434 249
1466 1857 872
1467 276 626
1467 1185 995
1467 901 922
1467 733 540
1468 1756 662
1468 80 471
1468 1646 687
1468 1177 951
1468 165 621
1468 1923 502
1468 774 286
1469 503 748
1469 411 554
1469 1512 495
1470 1131 216
1470 1653 291
1471 1611 302
1471 1268 212
1471 1147 839
1471 959 937
1471 686 547
1471 1626 771
1471 1164 16
1472 1018 513
1473 1008 179
1473 1017 298
1473 503 691
1474 349 565
1474 1758 105
1475 149 456
1476 17 336
1476 1822 807
1476 1767 775
1476 467 796
1477 211 893
1477 512 626
1477 1392 402
1477 43 30
1478 1063 319
1478 1217 77
1479 187 500
1479 419 418
1479 735 434
1479 654 784
1479 1279 511
1479 1846 606
1479 897 662
1480 1751 119
1480 1462 313
1480 17 543
1480 85 771
1481 1000 757
1481 1631 602
1481 899 833
1482 1162 828
1482 1460 329
1483 774 387
1483 1446 757
1483 1760 600
1483 860 500
1483 680 931
1484 1253 771
1484 810 220
1484 533 499
1485 371 357
1485 1007 491
1486 1491 724
1486 367 457
1487 884 751
1487 1416 340
1487 1050 712
1487 1877 857
1487 295 886
1487 1179 474
1488 789 152
1488 354 620
1488 105 766
1489 112 48
1489 1182 25
1490 170 515
1490 334 246
1491 855 36
1491 299 379
1491 654 206
1491 286 627
1492 1379 521
1492 857 605
1492 1913 205
1492 1135 405
1492 471 220
1492 1852 928
1492 1921 122
1492 455 993
1493 1906 560
1493 828 326
1493 1653 110
1493 1516 805
1494 1225 916
1494 468 445
1494 877 958
1494 1182 617
1495 1124 550
1495 880 398
1495 414 913
1495 1150 282
1495 248 557
1495 1415 871
1496 881 114
1496 1684 470
1497 758 828
1497 1543 438
1497 542 283
1497 661 903
1497 1438 315
1497 458 523
1498 1045 965
1498 57 937
1498 52 566
1498 709 197
1498 14 178
1499 607 136
1499 33 947
1500 643 176
1500 1820 74
1500 195 632
1501 997 340
1501 1737 64
1502 1725 679
1502 1849 371
1502 94 378
1502 964 761
1503 1029 423
1503 492 95
1503 1410 450
1503 902 752
1503 1064 18
1503 814 621
1503 1304 387
1503 877 182
1504 1485 504
1504 1783 68
1505 90 812
1505 1722 824
1505 1798 107
1505 1798 461
1506 1732 133
1506 379 717
1506 1442 295
1506 173 971
1508 1212 472
1509 882 330
1509 503 89
1509 91 722
1510 727 607
1510 1687 209
1510 1434 751
1510 1853 753
1510 761 606
1510 640 324
1511 983 484
1511 1378 641
1511 1557 383
1512 453 795
1512 524 276
1512 673 111
1512 387 435
1512 57 522
1512 756 414
1513 1642 258
1513 1453 750
1513 1683 823
1513 1539 776
1514 620 306
1514 1009 758
1514 1855 224
1514 484 357
1514 215 228
1514 1916 544
1514 1253 420
1515 712 118
1515 343 362
1515 1594 526
1515 102 842
1516 836 794
1516 1389 597
1517 1706 106
1517 1606 479
1517 1184 562
1517 1415 191
1517 936 602
1517 654 547
1518 195 512
1519 1579 651
1520 1357 985
1521 512 169
1521 573 928
1521 1510 987
1521 986 60
1521 482 486
1521 1683 453
1522 1510 988
1522 138 263
1522 1213 525
1522 928 789
1523 1594 506
1523 1129 774
1523 1849 263
1523 1008 107
1523 745 833
1524 124 714
1524 921 901
1524 1984 40
1524 1951 583
1524 1138 681
1525 373 368
1526 1757 587
1526 90 723
1526 1126 665
1526 839 23
1526 1078 775
1527 1466 688
1527 316 992
1527 1694 961
1528 226 790
1528 1527 493
1528 467 724
1529 531 168
1529 987 916
1529 1699 244
1529 1457 406
1529 291 836
1530 89 787
1530 1195 765
1530 1023 841
1530 1488 896
1530 1559 406
1530 138 745
1531 140 70
1531 1882 884
1531 991 454
1531 462 380
1532 1452 658
1532 765 498
1532 1645 339
1532 1548 375
1533 1568 269
1533 1380 351
1533 64 417
1533 706 363
1534 1636 973
1534 19 206
1534 1582 660
1534 853 207
1534 46 750
1535 1043 41
1535 1765 896
1535 1047 563
1536 544 748
1536 1317 90
1536 963 836
1536 622 165
1536 1187 289
1536 80 13
1536 536 758
1537 1293 689
1537 175 355
1538 648 597
1538 721 429
1538 17 707
1538 1777 668
1539 349 562
1539 1513 321
1539 135 605
1540 207 617
1540 772 223
1540 1008 866
1541 606 265
1541 1614 328
1541 1302 111
1542 1672 842
1543 677 352
1543 1152 523
1543 281 517
1543 436 623
1544 600 474
1544 904 762
1544 513 829
1544 1205 861
1544 1106 972
1545 190 169
1545 274 325
1545 440 250
1546 1513 571
1546 485 53
1546 123 244
1546 1666 839
1546 207 100
1546 1965 906
1547 1655 814
1547 1580 146
1547 653 881
1548 1630 31
1548 115 403
1549 1830 736
1549 1143 265
1549 1483 393
1549 350 210
1549 863 338
1549 963 938
1549 1885 740
1549 1042 514
1549 1420 540
1549 1885 418
1550 150 451
1550 1323 804
1550 1936 575
1550 1561 325
1551 1525 798
1551 39 720
1552 1566 487
1552 1078 596
1552 465 719
1552 749 536
1552 1114 954
1553 1173 553
1553 99 789
1553 1288 322
1553 892 372
1554 1997 286
1554 1735 384
1555 327 383
1556 1877 942
1556 1687 94
1556 144 57
1557 1327 329
1557 1741 771
1557 746 564
1558 1758 355
1558 1442 236
1558 261 563
1559 1788 784
1559 1462 603
1559 1460 478
1560 1925 202
1560 354 291
1560 584 339
1560 620 922
1560 1335 795
1560 983 820
1560 622 493
1561 709 391
1561 585 841
1562 1204 20
1562 591 433
1562 801 140
1563 616 196
1563 620 167
1564 646 784
1564 1708 813
1564 1138 310
1564 1100 533
1564 469 176
1565 1999 938
1565 1406 443
1565 1748 846
1565 783 839
1565 1449 297
1565 1338 747
1566 1513 169
1566 1144 963
1566 618 269
1566 98 353
1566 252 351
1566 1867 975
1567 99 922
1567 112 325
1567 1231 825
1567 261 686
1567 1360 781
1568 1758 584
1568 1051 679
1569 1787 827
1569 1552 201
1569 7 597
1569 188 815
1569 1085 982
1569 1031 113
1570 1151 822
1570 1956 698
1570 1497 513
1571 1857 322
1572 1173 882
1572 1534 122
1572 1702 753
1572 507 712
1572 733 335
1572 704 270
1573 674 18
1573 0 117
1573 1141 770
1573 399 974
1573 866 339
1573 1900 335
1573 1783 365
1574 1983 409
1574 198 985
1574 1811 315
1574 641 836
1575 46 697
1576 720 298
1576 958 260
1576 412 716
1577 102 682
1577 1822 457
1578 1225 724
1578 1977 131
1578 569 180
1578 1011 534
1579 1863 664
1579 679 105
1579 962 922
1581 712 454
1581 1362 134
1581 527 12
1581 1166 201
1581 1772 567
1582 990 259
1582 1230 582
1582 99 602
1582 1067 554
1582 1372 627
1582 393 355
1583 967 194
1583 1201 956
1583 1430 809
1583 977 883
1584 1113 226
1584 1319 839
1584 316 325
1584 1340 307
1584 1312 495
1584 546 759
1584 1035 417
1584 906 25
1584 1964 962
1584 543 93
1584 1244 994
1584 1109 191
1585 260 280
1585 203 630
1585 351 131
1585 646 805
1585 1723 575
1586 906 547
1586 1674 671
1586 877 989
1586 1709 596
1586 1075 430
1587 898 281
1587 519 325
1588 200 969
1588 885 203
1588 557 824
1588 391 653
1589 661 748
1589 999 752
1589 150 967
1590 410 136
1590 431 782
1590 684 622
1591 62 341
1591 1321 476
1591 1077 418
1591 1990 764
1591 19 431
1591 705 2
1592 407 584
1592 1622 395
1592 1374 333
1592 1365 397
1592 1428 174
1593 470 601
1593 1257 862
1593 1310 642
1594 513 94
1594 1005 382
1595 1581 922
1595 734 155
1595 494 569
1595 951 190
1596 868 434
1596 1944 616
1596 777 128
1596 1815 203
1597 1580 804
1597 617 244
1597 488 211
1597 1556 47
1598 270 899
1598 37 134
1598 724 272
1599 1636 740
1599 554 346
1599 1418 936
1599 376 648
1599 762 835
1599 89 462
1600 1894 458
1600 860 585
1600 1028 668
1600 123 524
1601 246 454
1601 506 254
1601 726 494
1601 856 260
1601 1224 461
1601 1605 611
1602 1547 398
1602 1022 398
1602 1321 71
1602 923 772
1602 88 265
1602 1299 539
1602 986 649
1603 1602 852
1603 258 631
1603 150 442
1603 1333 792
1603 1115 650
1603 216 697
1604 253 386
1604 451 42
1604 849 789
1604 821 671
1605 397 487
1605 1080 239
1605 1783 566
1606 1235 273
1606 1957 717
1606 1605 374
1606 1772 427
1606 687 613
1607 1125 509
1607 360 185
1607 1985 980
1607 1508 216
1608 385 164
1608 140 792
1608 1889 550
1609 1117 968
1610 1723 851
1610 370 637
1610 1432 639
1611 835 826
1611 365 59
1611 422 603
1611 1371 109
1611 1365 133
1611 1406 378
1611 1816 10
1612 1956 693
1612 1497 165
1613 404 294
1613 385 625
1614 1976 763
1614 1688 658
1614 462 384
1614 251 136
1615 573 772
1615 1890 710
1615 112 967
1616 1974 177
1616 1212 125
1616 221 264
1617 1697 362
1617 1667 571
1617 1758 909
1618 1611 246
1618 782 552
1619 681 696
1619 211 554
1619 1813 129
1619 1358 985
1619 521 953
1620 683 88
1620 1175 797
1620 1617 556
1620 606 267
1620 665 840
1620 1359 15
1621 1643 736
1621 127 948
1621 15 331
1621 1223 854
1621 1424 649
1622 865 223
1622 1992 859
1622 991 109
1622 241 829
1622 1456 217
1623 1185 868
1623 1504 808
1623 692 534
1623 473 814
1624 465 301
1624 927 680
1624 1300 156
1624 1526 744
1624 21 562
1625 324 129
1625 1686 133
1625 1197 39
1626 517 955
1626 768 612
1626 97 34
1626 1979 306
1626 1434 298
1627 597 381
1627 1391 723
1627 1067 5
1627 789 27
1628 579 460
1628 76 165
1628 1787 769
1628 619 754
1628 1606 33
1629 383 937
1629 1840 646
1630 258 324
1630 362 854
1630 459 268
1631 1392 63
1631 176 935
1631 159 451
1631 1856 404
1631 154 687
1632 1031 222
1632 90 301
1632 1953 933
1632 475 750
1632 517 709
1633 619 960
1633 639 14
1633 1582 301
1634 1671 862
1634 540 561
1634 317 825
1634 599 916
1634 754 369
1634 1027 235
1635 1773 347
1635 872 990
1635 243 692
1635 1190 869
1636 396 684
1637 455 630
1638 615 548
1638 1149 276
1639 41 554
1639 209 826
1639 1931 618
1640 898 210
1640 934 405
1640 1268 45
1640 1359 880
1641 1445 429
1641 1243 237
1641 1466 38
1641 1684 615
1641 558 128
1641 1020 60
1641 752 343
1642 348 886
1643 1612 60
1644 1642 505
1644 1238 779
1645 1247 219
1645 197 676
1645 866 541
1645 1435 587
1645 14 115
1646 1189 155
1646 1428 924
1647 8 359
1647 1098 639
1648 340 6
1649 1008 857
1649 1043 609
1649 622 403
1649 1001 505
1649 141 745
1650 1861 988
1650 1742 305
1650 520 34
1651 1840 61
1651 665 304
1651 1007 276
1651 1107 698
1651 488 495
1652 346 335
1652 270 577
1653 1528 865
1653 1219 762
1653 895 858
1654 1580 608
1655 1930 383
1655 1938 632
1655 694 452
1656 1477 538
1656 948 412
1656 1501 639
1657 1334 109
1657 1330 426
1657 706 746
1658 1054 303
1658 346 802
1658 972 603
1658 154 40
1658 1437 730
1658 590 60
1658 1381 541
1659 1387 350
1660 1235 957
1660 785 951
1660 1207 361
1660 775 854
1660 695 705
1660 698 842
1661 1623 356
1662 33 275
1662 917 349
1662 77 850
1663 349 981
1663 1807 470
1663 1735 175
1663 1508 464
1663 163 96
1664 110 275
1664 1448 624
1664 1343 285
1664 1689 847
1664 149 112
1664 1680 881
1664 1213 668
1665 853 743
1665 835 201
1665 84 402
1665 1677 73
1665 941 715
1665 904 122
1665 1769 254
1665 1696 785
1666 530 930
1666 1228 699
1666 774 726
1666 147 803
1667 523 141
1668 1685 361
1668 306 352
1669 23 762
1669 1255 559
1669 1731 640
1669 1531 34
1670 1171 163
1670 720 317
1670 1048 438
1671 549 968
1671 1287 400
1671 1724 759
1671 774 19
1671 1623 609
1672 986 155
1672 1981 216
1672 189 47
1672 778 500
1673 1668 651
1673 1819 175
1674 832 310
1674 412 94
1674 1322 79
1674 1519 878
1674 505 939
1674 569 551
1674 480 200
1675 1920 708
1675 1860 961
1675 1019 884
1675 1395 220
1675 1176 170
1676 699 314
1676 1403 516
1676 1390 186
1676 1627 777
1677 906 298
1677 1734 33
1677 1693 104
1677 1742 723
1678 39 932
1679 1523 361
1679 1366 293
1680 205 649
1680 452 582
1681 183 34
1681 1908 51
1681 116 787
1682 971 678
1683 1716 555
1683 298 483
1683 672 802
1683 1885 11
1683 316 432
1683 1580 220
1684 682 723
1684 298 466
1684 6 112
1685 1806 501
1685 1793 521
1685 207 259
1685 1514 181
1685 1139 747
1685 1853 806
1686 1913 204
1686 1619 481
1686 992 490
1686 1390 689
1686 80 953
1686 1168 942
1686 1586 362
1686 211 854
1688 1789 570
1689 451 419
1689 1471 925
1689 462 259
1690 919 297
1690 727 697
1691 1280 428
1691 776 116
1692 325 453
1692 1681 733
1692 11 671
1692 1279 618
1693 1579 128
1693 681 506
1693 31 601
1693 833 336
1694 255 442
1694 323 480
1695 375 772
1695 578 759
1695 1817 864
1695 1336 377
1696 1593 493
1696 750 921
1696 109 528
1697 1793 707
1697 987 299
1697 654 170
1698 732 522
1698 1481 617
1698 793 952
1698 237 616
1698 134 236
1698 1314 353
1699 76 727
1699 594 438
1699 104 844
1700 670 68
1701 339 511
1701 1995 703
1701 1250 295
1702 1635 799
1702 197 778
1702 428 610
1702 821 776
1702 668 932
1702 1764 434
1703 1039 157
1703 623 626
1703 410 361
1703 15 624
1704 1260 560
1704 1191 554
1704 398 965
1704 80 994
1704 243 708
1705 178 388
1705 687 973
1705 1021 779
1705 1397 580
1706 1 857
1706 954 738
1706 880 915
1708 479 572
1708 1288 103
1709 697 684
1709 1893 803
1709 1713 930
1709 806 686
1709 451 253
1709 1866 1000
1710 1416 659
1710 170 676
1710 1538 436
1710 867 921
1710 1481 907
1711 569 435
1711 477 832
1711 859 480
1711 586 468
1711 410 895
1712 239 491
1712 967 883
1712 1685 524
1713 379 397
1713 419 483
1713 1206 722
1713 89 609
1713 1980 178
1714 1251 105
1714 915 233
1714 101 271
1714 1208 61
1714 1645 206
1715 1614 475
1715 118 495
1715 1773 267
1715 294 898
1715 1690 392
1715 1756 59
1715 717 375
1716 1076 999
1716 1423 343
1717 861 89
1717 1585 701
1717 619 118
1717 1851 404
1717 1919 896
1718 1092 111
1718 1883 229
1718 1399 468
1718 660 678
1718 1074 869
1718 458 917
1719 1744 214
1719 264 459
1719 206 252
1719 1130 941
1719 1955 778
1720 744 533
1720 221 984
1721 1295 474
1721 802 448
1721 77 147
1721 1331 16
1722 1467 487
1722 244 832
1722 52 254
1722 83 330
1722 1894 216
1722 1602 934
1723 641 655
1723 376 943
1723 1796 934
1723 1515 165
1723 1561 151
1723 1291 505
1724 519 284
1724 501 890
1724 373 346
1724 1765 182
1724 864 168
1724 443 399
1724 1030 391
1724 1391 158
1724 887 615
1725 1070 163
1725 745 444
1725 1236 449
1725 688 510
1725 1493 198
1725 340 286
1726 1672 917
1726 1899 482
1726 673 660
1726 818 160
1726 1133 294
1727 1006 675
1727 628 930
1727 430 782
1727 649 652
1727 1773 124
1727 817 314
1728 35 310
1728 1429 694
1728 1824 286
1728 1413 704
1729 1258 500
1729 933 68
1729 749 391
1729 1676 537
1730 1573 603
1730 989 297
1730 857 418
1730 77 879
1731 72 242
1731 1604 133
1731 472 151
1732 96 173
1732 576 743
1732 451 883
1733 835 594
1733 394 627
1733 199 520
1733 600 437
1733 1129 395
1734 425 953
1734 371 288
1734 64 849
1734 767 475
1735 1992 302
1736 1396 882
1736 1138 894
1737 1851 935
1737 150 279
1737 1755 415
1738 848 555
1738 157 484
1738 285 238
1738 421 73
1738 1238 644
1739 173 765
1740 1421 139
1740 507 679
1740 1671 360
1740 1478 579
1740 698 171
1740 1260 776
1740 1760 697
1740 480 893
1741 40 513
1741 1177 635
1741 1794 6
1741 735 19
1742 105 238
1742 187 999
1742 48 749
1742 256 828
1742 1500 770
1743 16 447
1743 204 156
1743 1424 34
1743 1951 731
1744 1610 216
1744 902 289
1744 1518 226
1744 850 634
1744 1214 877
1744 1996 418
1744 508 394
1745 763 508
1745 1517 797
1746 1920 60
1746 492 42
1746 1442 705
1746 366 337
1747 1445 330
1747 1026 120
1747 1972 308
1747 790 888
1747 1635 518
1748 367 353
1748 1110 44
1748 1113 572
1748 564 60
1749 1267 564
1749 315 811
1749 1647 750
1749 26 171
1749 962 582
1749 1589 877
1750 240 416
1750 1410 615
1750 1447 190
1750 730 348
1751 466 753
1751 35 802
1751 418 109
1751 494 460
1751 702 177
1751 1249 516
1752 165 20
1752 1087 463
1752 1337 436
1752 1249 884
1753 608 217
1753 1582 782
1753 253 528
1753 1307 161
1754 1088 291
1754 739 419
1754 1485 181
1754 124 81
1754 942 104
1755 1231 550
1755 841 814
1755 844 101
1755 1484 437
1755 1287 715
1756 887 196
1756 1715 956
1756 719 810
1756 1684 630
1757 600 357
1757 1288 834
1757 228 836
1758 695 40
1758 526 938
1758 1736 896
1759 1663 1000
1759 226 511
1759 769 581
1760 540 214
1760 599 965
1760 537 981
1760 548 850
1761 1338 413
1761 1805 328
1761 1908 758
1761 1175 642
1762 283 257
1762 1669 422
1762 587 587
1763 1324 942
1763 1205 892
1763 1212 395
1763 1025 640
1763 528 533
1764 1185 583
1764 951 575
1764 1055 403
1764 41 89
1764 229 55
1765 240 473
1765 1757 810
1765 933 709
1766 1897 949
1766 220 411
1767 1614 934
1767 281 687
1767 1593 911
1768 647 677
1768 288 749
1768 378 86
1768 372 113
1768 76 18
1769 710 215
1769 920 700
1769 1398 320
1769 168 269
1770 211 222
1770 1917 362
1770 1931 233
1770 1182 955
1771 266 424
1772 1967 838
1772 1407 730
1772 393 272
1772 1266 510
1773 1083 264
1773 539 25
1773 228 716
1773 848 563
1773 1357 718
1774 1391 260
1774 1932 976
1775 677 368
1775 1331 703
1775 1128 105
1775 1550 319
1775 1911 471
1775 1252 284
1775 115 958
1775 854 405
1775 420 253
1776 1803 841
1776 1038 855
1776 1508 809
1776 381 245
1776 613 810
1776 376 869
1776 985 756
1777 509 62
1777 1048 484
1777 476 442
1777 950 49
1777 171 227
1777 427 271
1777 1444 642
1777 1876 55
1777 887 465
1777 1414 323
1777 692 469
1778 850 520
1778 1693 846
1778 1350 938
1778 805 676
1778 939 210
1778 1323 220
1778 1341 994
1778 1175 347
1778 699 766
1778 613 717
1779 212 601
1779 1801 786
1779 858 609
1779 791 302
1779 1076 524
1779 171 438
1779 1468 469
1779 564 396
1780 896 384
1780 1578 245
1780 507 860
1780 303 271
1780 651 553
1780 493 980
1780 1485 472
1780 1490 752
1781 1128 589
1781 960 717
1781 1060 42
1782 438 506
1782 940 848
1782 757 166
1782 1577 636
1782 674 594
1783 347 288
1783 1259 914
1783 910 972
1783 1636 563
1783 848 485
1784 919 733
1784 160 680
1784 1375 118
1784 1747 701
1785 936 503
1785 1769 228
1786 835 514
1786 622 824
1786 1139 343
1787 611 757
1787 863 967
1787 1279 725
1787 70 866
1788 684 920
1788 944 10
1788 777 525
1788 1649 497
1789 180 268
1789 1951 25
1789 69 543
1789 710 716
1789 1090 249
1789 699 929
1790 36 687
1790 1405 51
1790 1124 36
1790 986 139
1791 641 127
1791 799 275
1791 1121 692
1791 1242 653
1791 328 745
1792 223 807
1792 959 147
1793 141 642
1793 1605 53
1793 1478 921
1794 874 519
1794 1930 657
1794 1140 891
1794 707 927
1794 1159 902
1794 910 22
1794 409 289
1795 1945 243
1795 1263 150
1795 1641 38
1796 1059 334
1796 649 191
1796 985 313
1796 1704 468
1797 1448 897
1797 45 471
1797 1146 774
1798 902 928
1798 169 103
1798 1090 339
1799 1276 941
1799 807 911
1799 629 449
1799 1788 819
1799 641 337
1799 1485 50
1799 1449 286
1800 130 219
1801 991 824
1802 225 751
1802 946 541
1803 43 35
1803 1712 128
1803 16 916
1804 895 509
1804 1126 791
1805 1577 697
1805 157 74
1805 466 395
1805 1311 830
1806 678 99
1806 1856 140
1806 35 673
1806 1117 865
1806 61 815
1806 139 363
1806 943 84
1806 651 98
1806 699 484
1807 1256 321
1807 929 111
1807 931 410
1807 693 100
1808 281 969
1808 18 999
1808 303 128
1808 898 806
1808 1739 526
1809 1930 5
1809 1854 898
1810 641 410
1810 1376 698
1811 44 120
1811 1383 839
1811 71 517
1811 785 42
1811 543 901
1811 445 982
1811 339 160
1811 1844 586
1811 738 545
1811 1514 373
1812 480 542
1812 249 836
1812 1952 785
1812 1917 113
1813 1201 192
1813 432 72
1814 63 699
1814 1152 922
1815 1997 730
1815 509 847
1815 867 305
1816 1587 605
1816 622 805
1816 255 97
1817 512 216
1817 1086 519
1817 470 822
1817 1955 809
1817 1122 387
1817 414 442
1818 661 194
1818 564 513
1818 1183 9
1818 1604 970
1818 587 790
1818 150 219
1819 1906 871
1819 1461 226
1819 1672 791
1820 0 631
1820 1479 305
1821 172 815
1822 7 555
1822 1040 162
1822 269 934
1822 129 278
1823 1411 346
1823 1386 653
1823 283 739
1823 767 998
1823 1473 255
1823 994 608
1824 1354 210
1824 1625 266
1825 1479 874
1825 27 119
1825 1906 193
1825 704 203
1826 572 276
1827 942 416
1828 1214 752
1828 1337 507
1829 1032 209
1829 307 353
1829 747 170
1829 895 490
1829 1198 576
1829 1013 675
1829 1285 141
1829 1610 974
1829 1728 321
1829 1691 37
1830 1867 294
1830 1254 899
1831 141 329
1831 1106 498
1832 1312 909
1832 41 389
1832 647 956
1832 874 458
1834 1483 584
1834 1432 134
1834 1283 931
1834 500 999
1834 142 460
1834 159 742
1835 1326 674
1835 1399 140
1835 45 79
1835 637 256
1836 37 604
1836 1878 249
1836 1345 778
1836 1342 382
1837 1713 441
1837 566 686
1837 295 670
1838 85 354
1838 846 395
1839 431 95
1839 1069 992
1839 774 531
1839 857 431
1840 963 441
1841 1684 94
1841 893 969
1841 1803 582
1841 1624 77
1841 71 107
1842 1562 321
1842 380 424
1842 795 54
1842 367 172
1842 1922 885
1842 1471 184
1843 821 758
1843 1125 374
1843 1986 141
1843 437 933
1843 1032 37
1843 1654 418
1844 653 105
1844 82 481
1844 1935 752
1844 26 714
1844 1322 178
1845 203 569
1845 766 377
1846 602 16
1846 104 207
1846 1512 690
1846 840 806
1846 276 73
1846 166 749
1847 668 230
1847 1351 742
1847 1093 996
1848 365 522
1848 1000 25
1848 1043 671
1848 244 713
1848 335 78
1848 1228 763
1848 670 826
1848 1876 116
1849 1507 518
1849 1735 398
1849 878 105
1850 636 559
1850 1868 447
1850 88 875
1851 1137 504
1852 652 10
1852 1942 962
1852 80 794
1852 1646 89
1852 1955 354
1852 1428 85
1853 517 484
1853 31 899
1853 1944 666
1853 1583 376
1853 1524 798
1853 1854 456
1854 182 589
1854 266 91
1855 1059 67
1855 254 429
1855 1846 408
1855 1864 629
1856 1770 262
1856 581 239
1856 850 797
1857 1792 580
1857 620 591
1857 563 911
1858 1090 378
1858 424 875
1858 1008 337
1858 1483 757
1859 1049 948
1859 534 546
1859 935 484
1859 1834 344
1859 171 8
1860 1669 384
1860 581 908
1860 1103 627
1861 354 6
1861 289 800
1861 1069 933
1862 1519 624
1862 1709 362
1862 1638 877
1862 1476 686
1863 202 708
1863 94 914
1863 693 108
1863 40 513
1863 449 523
1863 1698 146
1863 724 948
1864 1950 771
1864 633 721
1864 120 751
1864 464 251
1865 1871 860
1865 911 633
1865 1682 346
1865 336 306
1865 132 895
1866 388 724
1866 1284 871
1866 1024 658
1866 885 939
1866 409 706
1866 570 221
1867 155 111
1867 1638 790
1867 1251 145
1867 68 512
1868 1071 292
1868 973 535
1868 1639 241
1869 983 727
1869 705 835
1869 1126 9
1869 361 433
1869 1880 156
1869 406 257
1870 1808 364
1871 253 679
1871 1790 235
1871 1015 868
1871 300 666
1871 1732 778
1871 1321 587
1871 233 990
1872 1980 808
1872 169 393
1872 527 290
1873 1711 165
1873 1039 379
1873 825 2
1873 1893 197
1874 1629 628
1874 505 168
1874 1458 88
1874 1858 341
1874 45 187
1875 752 92
1875 1767 737
1875 156 233
1876 285 172
1876 1645 790
1876 1008 988
1877 330 723
1877 811 993
1877 1772 663
1877 125 428
1878 1850 2
1878 298 272
1878 956 580
1878 1154 810
1878 1391 726
1878 1201 79
1878 1904 698
1879 1700 396
1879 1554 652
1880 1064 428
1880 272 763
1880 1126 383
1880 1186 555
1881 1496 48
1881 1113 330
1881 1306 906
1881 339 487
1881 1718 900
1882 106 589
1882 839 494
1882 1210 872
1882 1062 626
1883 232 217
1883 618 877
1883 296 573
1884 736 462
1884 1647 998
1885 1376 818
1885 1650 722
1885 1087 291
1885 1993 513
1886 211 796
1886 1408 528
1886 1513 180
1886 307 885
1886 69 100
1887 355 4
1887 912 903
1887 1679 48
1887 1333 42
1887 842 805
1888 1018 397
1888 368 336
1888 1705 812
1888 623 590
1888 1088 101
1888 318 611
1888 151 174
1888 944 410
1889 587 490
1889 633 482
1889 1804 196
1889 621 14
1890 1057 215
1890 1413 314
1890 840 207
1891 1145 409
1891 791 930
1891 1753 443
1892 1946 245
1892 1362 415
1892 675 734
1892 486 998
1892 1902 282
1893 347 33
1893 1618 292
1893 407 921
1893 1451 337
1894 1468 370
1895 1935 54
1895 891 476
1895 1409 127
1895 1625 464
1895 1333 717
1895 1623 369
1895 958 135
1896 964 225
1896 1794 291
1896 590 362
1897 1735 246
1897 1669 61
1898 1360 826
1898 876 12
1898 1854 990
1899 1896 555
1899 1357 330
1899 878 115
1899 555 152
1899 88 110
1899 515 500
1900 717 536
1900 1962 959
1900 927 180
1900 390 579
1901 1417 23
1901 1113 981
1901 543 626
1901 1749 939
1901 936 208
1902 627 362
1902 349 763
1902 1376 78
1902 243 638
1902 825 486
1903 230 947
1903 1192 725
1903 1111 710
1904 568 835
1904 1140 25
1904 424 793
1904 1499 824
1904 211 843
1905 548 406
1905 607 387
1905 1483 795
1905 1011 572
1905 716 366
1906 1760 486
1906 796 55
1906 867 424
1906 1132 181
1906 945 282
1906 287 243
1907 1968 815
1907 281 784
1907 453 231
1907 791 416
1908 252 875
1908 289 224
1908 1602 911
1908 498 479
1908 1890 143
1908 1409 512
1908 222 774
1908 765 206
1908 746 211
1908 308 739
1909 857 604
1909 736 484
1909 1972 959
1910 1762 241
1910 1767 907
1911 1971 71
1911 679 773
1911 966 924
1911 1238 668
1911 844 29
1911 1118 857
1911 1129 581
1912 287 887
1912 1876 434
1913 733 500
1913 356 343
1913 501 202
1913 500 790
1913 1287 746
1914 292 319
1914 1512 996
1914 1917 47
1914 379 794
1914 953 953
1915 852 825
1915 1629 78
1915 677 31
1915 1322 337
1915 475 748
1916 1569 84
1917 1064 142
1917 595 442
1917 854 345
1917 1256 371
1918 642 639
1918 1758 799
1918 867 516
1919 1 386
1919 182 358
1919 306 679
1919 887 634
1919 1945 521
1919 1404 879
1919 776 336
1919 1381 380
1920 993 821
1920 790 254
1920 0 226
1920 420 68
1920 1055 641
1921 1067 143
1921 785 894
1921 904 671
1921 918 183
1921 469 689
1922 1915 600
1922 1117 14
1923 1305 776
1923 1996 313
1923 155 548
1923 225 770
1923 1438 416
1923 1864 82
1923 1570 579
1924 901 463
1924 1875 235
1924 809 780
1925 126 590
1925 1634 635
1925 227 72
1925 698 627
1926 198 918
1926 149 708
1926 1250 349
1927 246 642
1927 517 931
1927 1306 931
1928 780 115
1928 1872 218
1929 115 510
1929 77 735
1929 24 479
1930 600 941
1930 622 853
1930 378 810
1931 657 378
1931 1495 216
1931 5 942
1931 1785 9
1932 673 822
1932 87 575
1932 514 974
1932 57 363
1932 939 364
1933 170 453
1933 883 527
1934 1095 812
1934 1912 612
1934 492 71
1935 315 848
1935 551 724
1936 1638 780
1936 575 923
1936 898 145
1937 1819 95
1937 284 456
1937 1912 626
1937 1462 570
1938 1468 319
1938 630 503
1938 1770 141
1938 605 985
1938 1900 157
1939 1918 747
1939 392 39
1939 628 925
1939 460 342
1940 779 22
1940 1552 668
1940 604 345
1940 589 61
1941 950 374
1941 1125 717
1941 1189 679
1941 1435 984
1941 905 425
1941 1351 255
1941 1796 367
1942 261 467
1942 669 118
1942 240 980
1942 1248 884
1942 758 728
1943 590 359
1943 1918 465
1944 1213 618
1944 1619 388
1944 1048 979
1945 1055 56
1945 281 466
1945 1798 152
1946 365 194
1946 105 980
1946 1069 303
1947 820 194
1947 1870 288
1947 668 328
1947 1885 398
1947 1599 506
1947 113 452
1947 1170 606
1947 538 409
1948 593 440
1948 1995 345
1949 1658 604
1949 723 234
1950 1040 233
1950 251 762
1950 869 874
1950 1429 705
1950 1117 996
1952 268 533
1952 1663 957
1952 595 282
1953 1410 740
1953 547 643
1953 348 163
1953 915 962
1954 674 38
1954 771 282
1954 351 112
1954 1356 273
1954 988 797
1955 666 995
1955 1401 435
1956 1791 159
1956 1817 589
1956 1565 875
1956 1477 830
1956 1364 264
1957 1868 502
1957 590 727
1957 792 881
1957 768 131
1958 107 712
1958 261 465
1958 225 798
1958 1633 271
1958 1530 532
1958 1760 596
1959 693 648
1959 878 494
1960 558 379
1960 619 617
1960 119 919
1961 1994 351
1961 1268 553
1961 813 357
1961 2 325
1961 1662 932
1961 1036 646
1961 1903 805
1962 1106 21
1963 936 898
1963 237 784
1963 1424 200
1963 604 731
1964 472 199
1964 961 392
1964 130 97
1964 191 346
1964 1306 654
1965 1249 528
1965 980 400
1965 168 638
1965 1700 861
1965 1233 866
1966 1440 925
1966 1357 809
1966 1723 636
1966 1163 329
1966 1614 245
1967 933 291
1968 1233 384
1968 1338 737
1968 1898 31
1968 885 842
1968 1029 855
1968 167 719
1969 336 76
1969 290 139
1969 1951 878
1969 1681 771
1969 1795 912
1970 1785 810
1970 823 97
1970 1632 341
1970 1359 890
1970 878 589
1970 1302 369
1971 541 640
1971 583 214
1972 1341 316
1972 1696 637
1972 856 733
1972 1156 716
1972 1676 442
1973 1737 307
1973 908 399
1973 1354 45
1973 1686 826
1973 1127 250
1973 424 303
1974 1682 562
1974 1029 560
1975 1416 474
1975 869 361
1975 836 440
1976 1190 347
1976 268 439
1977 865 783
1977 1145 501
1977 1840 675
1978 76 266
1978 1176 55
1978 1985 273
1978 229 875
1978 547 889
1978 736 48
1979 926 378
1979 732 483
1979 1415 364
1979 1255 677
1979 106 582
1979 1468 244
1980 1620 210
1980 561 745
1980 1963 633
1980 1286 778
1980 849 375
1980 438 808
1980 15 253
1981 885 278
1981 298 524
1981 1623 802
1981 204 156
1981 1976 757
1982 216 714
1982 1830 423
1982 1186 245
1982 12 817
1982 856 135
1983 1485 267
1983 1033 928
1983 1450 39
1983 1465 183
1983 1226 303
1983 536 1
1984 1819 630
1984 878 653
1984 1747 90
1984 598 656
1985 1999 408
1985 1212 660
1985 60 652
1986 1143 107
1987 1892 175
1987 401 233
1987 475 493
1988 1088 169
1988 1801 538
1988 1600 168
1988 35 564
1989 1764 680
1989 181 482
1989 1155 115
1989 1610 303
1990 987 23
1990 1937 401
1991 272 666
1991 680 289
1991 1832 119
1991 472 77
1991 202 179
1991 431 14
1992 804 117
1992 1180 388
1993 189 431
1993 199 751
1993 1775 268
1993 682 860
1994 1469 282
1994 1582 873
1994 1301 567
1994 1743 981
1995 235 887
1995 1510 165
1995 51 901
1996 1918 997
1996 85 695
1996 1837 50
1996 933 826
1997 911 372
1997 249 954
1998 1674 803
1998 14 176
1998 139 269
1998 1283 671
1998 1839 840
1999 700 172
1999 978 534
1999 1938 364
1999 856 436
